monotonic_ns,queue_pending_windows,process_cpu_percent_one_core,process_rss_bytes,process_lifetime_peak_rss_bytes
105236742961581,0,0.0,147914752,147193856
105236843254020,0,0.0,147931136,147193856
105236943450978,0,0.0,147947520,147193856
105237043616195,0,0.0,147963904,147193856
105237143808319,0,0.0,147963904,147193856
105237243986054,0,0.0,147963904,147193856
105237344180845,0,0.0,147963904,147193856
105237444389266,0,0.0,147963904,147193856
105237544598038,0,0.0,147963904,147193856
105237644777940,0,0.0,147963904,147193856
105237744944657,0,0.0,147963904,147193856
105237845111485,0,0.0,147963904,147193856
105237945324128,0,0.0,147963904,147193856
105238045547900,0,0.0,147963904,147193856
105238145761950,0,9.978653564193618,147963904,147193856
105238245977926,0,0.0,147963904,147193856
105238346174773,0,0.0,147963904,147193856
105238446400453,0,0.0,147963904,147193856
105238546659484,0,0.0,147963904,147193856
105238646905034,0,0.0,147963904,147193856
105238747087548,0,0.0,147963904,147193856
105238847316746,0,0.0,147963904,147193856
105238947483241,0,0.0,147963904,147193856
105239047653365,0,0.0,147963904,147193856
105239147842193,0,0.0,147963904,147193856
105239248012169,0,0.0,147963904,147193856
105239348246960,0,0.0,147963904,147193856
105239448509084,0,0.0,147963904,147193856
105239548762227,0,9.974815982451124,147963904,147193856
105239649001518,0,0.0,147963904,147193856
105239749234901,0,0.0,147963904,147193856
105239849430451,0,0.0,147963904,147193856
105239949613909,0,0.0,147963904,147193856
105240049886811,0,0.0,147963904,147193856
105240150098046,0,0.0,147963904,147193856
105240250293874,0,0.0,147963904,147193856
105240350518924,0,0.0,147963904,147193856
105240450761567,0,0.0,147963904,147193856
105240550988654,0,0.0,147963904,147193856
105240651228945,0,0.0,147963904,147193856
105240751451718,0,9.977835038561407,147963904,147193856
105240851654972,0,0.0,147963904,147193856
105240951866837,0,0.0,147963904,147193856
105241052086442,0,0.0,147963904,147193856
105241152262807,0,0.0,147963904,147193856
105241252476709,0,0.0,147963904,147193856
105241352717889,0,0.0,147963904,147193856
105241453004402,0,0.0,147963904,147193856
105241553249786,0,0.0,147963904,147193856
105241653460706,0,0.0,147963904,147193856
105241753670034,0,0.0,147963904,147193856
105241853875362,0,0.0,147963904,147193856
105241954079024,0,0.0,147963904,147193856
105242054291055,0,0.0,147963904,147193856
105242154562698,0,0.0,147963904,147193856
105242254823618,0,0.0,147963904,147193856
105242355041817,0,9.978282966583537,147963904,147193856
105242455253219,0,0.0,147963904,147193856
105242555455214,0,0.0,147963904,147193856
105242655661486,0,0.0,147963904,147193856
105242755879684,0,0.0,147963904,147193856
105242856097105,0,0.0,147963904,147193856
105242956376266,0,9.972295965206012,147963904,147193856
105243056643094,0,0.0,147963904,147193856
105243156864144,0,0.0,147963904,147193856
105243257105083,0,0.0,147963904,147193856
105243357337245,0,0.0,147963904,147193856
105243457556054,0,0.0,147963904,147193856
105243557780567,0,0.0,147963904,147193856
105243657994802,0,0.0,147963904,147193856
105243758251649,0,0.0,147963904,147193856
105243858473662,0,0.0,147963904,147193856
105243958691749,0,9.978234975631647,147963904,147193856
105244058910411,0,0.0,147963904,147193856
105244159119905,0,0.0,147963904,147193856
105244259367678,0,0.0,147963904,147193856
105244359632839,0,0.0,147963904,147193856
105244459863093,0,0.0,147963904,147193856
105244560082087,0,0.0,147963904,147193856
105244660293027,0,0.0,147963904,147193856
105244760497040,0,0.0,147963904,147193856
105244860697460,0,0.0,147963904,147193856
105244960925251,0,0.0,147963904,147193856
105245061135301,0,0.0,147963904,147193856
105245161363722,0,0.0,147963904,147193856
105245261585254,0,0.0,147963904,147193856
105245361813970,0,0.0,147963904,147193856
105245462053798,0,0.0,147963904,147193856
105245562316089,0,0.0,147963904,147193856
105245662589362,0,0.0,147963904,147193856
105245762817356,0,9.977272670702046,147963904,147193856
105245863043258,0,0.0,147963904,147193856
105245963260086,0,0.0,147963904,147193856
105246063478859,0,0.0,147963904,147193856
105246163733668,0,0.0,147963904,147193856
105246263988607,0,0.0,147963904,147193856
105246364224602,0,0.0,147963904,147193856
105246464443337,0,0.0,147963904,147193856
105246564647628,0,0.0,147963904,147193856
105246664864660,0,0.0,147963904,147193856
105246765073192,0,0.0,147963904,147193856
105246865290927,0,0.0,147963904,147193856
105246965508848,0,9.978231389694743,147963904,147193856
105247065726064,0,0.0,147963904,147193856
105247165948948,0,0.0,147963904,147193856
105247266177554,0,0.0,147963904,147193856
105247366403196,0,0.0,147963904,147193856
105247466629154,0,0.0,147963904,147193856
105247566847223,0,0.0,147963904,147193856
105247667050421,0,0.0,147963904,147193856
105247767263305,0,0.0,147963904,147193856
105247867477503,0,0.0,147963904,147193856
105247967698627,0,0.0,147963904,147193856
105248067906066,0,0.0,147963904,147193856
105248168154857,0,0.0,147963904,147193856
105248268492185,0,9.966584831709179,147963904,147193856
105248368721532,0,0.0,147963904,147193856
105248468931563,0,0.0,147963904,147193856
105248569132762,0,0.0,147963904,147193856
105248669325182,0,0.0,147963904,147193856
105248769515196,0,0.0,147963904,147193856
105248869710783,0,0.0,147963904,147193856
105248969908518,0,0.0,147963904,147193856
105249070101994,0,0.0,147963904,147193856
105249170298156,0,0.0,147963904,147193856
105249270506539,0,0.0,147963904,147193856
105249370705404,0,9.980097688681942,147963904,147193856
105249470990899,0,0.0,147963904,147193856
105249571204357,0,0.0,147963904,147193856
105249671411777,0,0.0,147963904,147193856
105249771616809,0,0.0,147963904,147193856
105249871833266,0,9.978426840784321,147963904,147193856
105249972016187,0,0.0,147963904,147193856
105250072220089,0,0.0,147963904,147193856
105250172416417,0,0.0,147963904,147193856
105250272623727,0,0.0,147963904,147193856
105250372816481,0,0.0,147963904,147193856
105250473015290,0,0.0,147963904,147193856
105250573209137,0,0.0,147963904,147193856
105250673415891,0,0.0,147963904,147193856
105250773617700,0,0.0,147963904,147193856
105250873808417,0,0.0,147963904,147193856
105250974122856,0,0.0,147963904,147193856
105251074413906,0,9.970946357216016,147963904,147193856
105251174703197,0,0.0,147963904,147193856
105251275089155,0,0.0,147963904,147193856
105251375425538,0,0.0,147963904,147193856
105251475683736,0,0.0,147963904,147193856
105251575900231,0,0.0,147963904,147193856
105251676124263,0,0.0,147963904,147193856
105251776346906,0,0.0,147963904,147193856
105251876559234,0,0.0,147963904,147193856
105251976775210,0,0.0,147963904,147193856
105252076991890,0,0.0,147963904,147193856
105252177247495,0,9.974436417179685,147963904,147193856
105252277483657,0,0.0,147963904,147193856
105252377702003,0,0.0,147963904,147193856
105252477921201,0,0.0,147963904,147193856
105252578139326,0,0.0,147963904,147193856
105252678347283,0,0.0,147963904,147193856
105252778563667,0,0.0,147963904,147193856
105252878790513,0,0.0,147963904,147193856
105252979012786,0,0.0,147963904,147193856
105253079230244,0,0.0,147963904,147193856
105253179446072,0,0.0,147963904,147193856
105253279684363,0,0.0,147963904,147193856
105253379906579,0,9.977851564455152,147963904,147193856
105253480140296,0,0.0,147963904,147193856
105253580358958,0,0.0,147963904,147193856
105253680576730,0,0.0,147963904,147193856
105253780829169,0,0.0,147963904,147193856
105253881055258,0,0.0,147963904,147193856
105253981299031,0,0.0,147963904,147193856
105254081521453,0,0.0,147963904,147193856
105254181765226,0,0.0,147963904,147193856
105254282030332,0,0.0,147963904,147193856
105254382328976,0,0.0,147963904,147193856
105254482574359,0,0.0,147963904,147193856
105254582811603,0,0.0,147963904,147193856
105254683042644,0,0.0,147963904,147193856
105254783282129,0,0.0,147963904,147193856
105254883503151,0,0.0,147963904,147193856
105254983723710,0,9.978018425879608,147963904,147193856
105255083944640,0,0.0,147963904,147193856
105255184211903,0,0.0,147963904,147193856
105255284454425,0,0.0,147963904,147193856
105255384678910,0,0.0,147963904,147193856
105255484906469,0,0.0,147963904,147193856
105255585126936,0,0.0,147963904,147193856
105255685355884,0,0.0,147963904,147193856
105255785575980,0,0.0,147963904,147193856
105255885790187,0,0.0,147963904,147193856
105255986005060,0,0.0,147963904,147193856
105256086222397,0,0.0,147963904,147193856
105256186443715,0,0.0,147963904,147193856
105256286683996,0,0.0,147963904,147193856
105256386917907,0,0.0,147963904,147193856
105256487141521,0,0.0,147963904,147193856
105256587351173,0,0.0,147963904,147193856
105256687572435,0,9.97795769250825,147963904,147193856
105256787793160,0,0.0,147963904,147193856
105256888016386,0,9.977703225982419,147963904,147193856
105256988227555,0,0.0,147963904,147193856
105257088452873,0,0.0,147963904,147193856
105257188741543,0,0.0,147963904,147193856
105257288988398,0,0.0,147963904,147193856
105257389222790,0,0.0,147963904,147193856
105257489449108,0,0.0,147963904,147193856
105257589670333,0,0.0,147963904,147193856
105257689882891,0,0.0,147963904,147193856
105257790100357,0,0.0,147963904,147193856
105257890318341,0,0.0,147963904,147193856
105257990525010,0,0.0,147963904,147193856
105258090772254,0,0.0,147963904,147193856
105258191003720,0,0.0,147963904,147193856
105258291241259,0,9.976329960139676,147963904,147193856
105258391466818,0,0.0,147963904,147193856
105258491690450,0,0.0,147963904,147193856
105258591906415,0,0.0,147963904,147193856
105258692125196,0,0.0,147963904,147193856
105258792333031,0,0.0,147963904,147193856
105258892549182,0,0.0,147963904,147193856
105258992759962,0,0.0,147963904,147193856
105259092969724,0,0.0,147963904,147193856
105259193180856,0,0.0,147963904,147193856
105259293416321,0,0.0,147963904,147193856
105259393667083,0,0.0,147963904,147193856
105259493881789,0,9.978604972700717,147963904,147193856
105259594093569,0,0.0,147963904,147193856
105259694311127,0,0.0,147963904,147193856
105259794527759,0,0.0,147963904,147193856
105259894741872,0,0.0,147963904,147193856
105259994959096,0,0.0,147963904,147193856
105260095169376,0,0.0,147963904,147193856
105260195379082,0,0.0,147963904,147193856
105260295615344,0,0.0,147963904,147193856
105260395834864,0,0.0,147963904,147193856
105260496063163,0,0.0,147963904,147193856
105260596277813,0,0.0,147963904,147193856
105260696507259,0,0.0,147963904,147193856
105260796731779,0,0.0,147963904,147193856
105260896955392,0,0.0,147963904,147193856
105260997177542,0,0.0,147963904,147193856
105261097398655,0,0.0,147963904,147193856
105261197630027,0,9.976890428518969,147963904,147193856
105261297873863,0,0.0,147963904,147193856
105261398153457,0,0.0,147963904,147193856
105261498396329,0,0.0,147963904,147193856
105261598601590,0,0.0,147963904,147193856
105261698818666,0,0.0,147963904,147193856
105261799065945,0,0.0,147963904,147193856
105261899282484,0,0.0,147963904,147193856
105261999498430,0,0.0,147963904,147193856
105262099723265,0,0.0,147963904,147193856
105262199985377,0,0.0,147963904,147193856
105262300236675,0,9.97504005569381,147963904,147193856
105262400498084,0,0.0,147963904,147193856
105262500727493,0,0.0,147963904,147193856
105262600972939,0,0.0,147963904,147193856
105262701201292,0,0.0,147963904,147193856
105262801423571,0,0.0,147963904,147193856
105262901656202,0,0.0,147963904,147193856
105263001867018,0,0.0,147963904,147193856
105263102080593,0,0.0,147963904,147193856
105263202343132,0,0.0,147963904,147193856
105263302609670,0,0.0,147963904,147193856
105263402843690,0,0.0,147963904,147193856
105263503063246,0,9.978112710398014,147963904,147193856
105263603287933,0,0.0,147963904,147193856
105263703507730,0,0.0,147963904,147193856
105263803733509,0,0.0,147963904,147193856
105263903955139,0,0.0,147963904,147193856
105264004189603,0,0.0,147963904,147193856
105264104403308,0,9.978691701638347,147963904,147193856
105264204624698,0,0.0,147963904,147193856
105264304863180,0,0.0,147963904,147193856
105264405091255,0,0.0,147963904,147193856
105264505319793,0,0.0,147963904,147193856
105264605541701,0,0.0,147963904,147193856
105264705763609,0,0.0,147963904,147193856
105264805997314,0,0.0,147963904,147193856
105264906222833,0,0.0,147963904,147193856
105265006447945,0,0.0,147963904,147193856
105265106664945,0,9.978350571684263,147963904,147193856
105265206880742,0,0.0,147963904,147193856
105265307120021,0,0.0,147963904,147193856
105265407355151,0,0.0,147963904,147193856
105265507582966,0,0.0,147963904,147193856
105265607801170,0,0.0,147963904,147193856
105265708015689,0,0.0,147963904,147193856
105265808229838,0,0.0,147963904,147193856
105265908451542,0,0.0,147963904,147193856
105266008677264,0,0.0,147963904,147193856
105266108905061,0,0.0,147963904,147193856
105266209125765,0,0.0,147963904,147193856
105266309363080,0,9.97631721936595,147963904,147193856
105266409588081,0,0.0,147963904,147193856
105266509820840,0,0.0,147963904,147193856
105266610031896,0,0.0,147963904,147193856
105266710245007,0,0.0,147963904,147193856
105266810452100,0,0.0,147963904,147193856
105266910705452,0,0.0,147963904,147193856
105267010920859,0,0.0,147963904,147193856
105267111137267,0,0.0,147963904,147193856
105267211356100,0,0.0,147963904,147193856
105267311585156,0,0.0,147963904,147193856
105267411808026,0,0.0,147963904,147193856
105267512021489,0,0.0,147963904,147193856
105267612235989,0,9.978684532008327,147963904,147193856
105267712447248,0,0.0,147963904,147193856
105267812662544,0,0.0,147963904,147193856
105267912882340,0,0.0,147963904,147193856
105268013110488,0,0.0,147963904,147193856
105268113411766,0,0.0,147963904,147193856
105268213662654,0,0.0,147963904,147193856
105268313904191,0,0.0,147963904,147193856
105268414130580,0,0.0,147963904,147193856
105268514351968,0,0.0,147963904,147193856
105268614602542,0,0.0,147963904,147193856
105268714813764,0,0.0,147963904,147193856
105268815024985,0,9.978900213707872,147963904,147193856
105268915243300,0,0.0,147963904,147193856
105269015468651,0,0.0,147963904,147193856
105269115724132,0,0.0,147963904,147193856
105269215965002,0,0.0,147963904,147193856
105269316209224,0,0.0,147963904,147193856
105269416438890,0,0.0,147963904,147193856
105269516656352,0,0.0,147963904,147193856
105269616881351,0,0.0,147963904,147193856
105269717097832,0,0.0,147963904,147193856
105269817307183,0,0.0,147963904,147193856
105269917519460,0,0.0,147963904,147193856
105270017735293,0,9.978457707215513,147963904,147193856
105270117956681,0,0.0,147963904,147193856
105270218174698,0,0.0,147963904,147193856
105270318406346,0,0.0,147963904,147193856
105270418653919,0,0.0,147963904,147193856
105270518884696,0,0.0,147963904,147193856
105270619106732,0,0.0,147963904,147193856
105270719334860,0,0.0,147963904,147193856
105270819570026,0,0.0,147963904,147193856
105270919794488,0,0.0,147963904,147193856
105271020024727,0,0.0,147963904,147193856
105271120270763,0,0.0,147963904,147193856
105271220506577,0,9.976481542649847,147963904,147193856
105271320779391,0,0.0,147963904,147193856
105271421003223,0,0.0,147963904,147193856
105271521223000,0,0.0,147963904,147193856
105271621452832,0,0.0,147963904,147193856
105271721673701,0,0.0,147963904,147193856
105271821892051,0,0.0,147963904,147193856
105271922111994,0,0.0,147963904,147193856
105272022321900,0,0.0,147963904,147193856
105272122538917,0,0.0,147963904,147193856
105272222749675,0,0.0,147963904,147193856
105272322968989,0,0.0,147963904,147193856
105272423184728,0,9.978468858183037,147963904,147193856
105272523397597,0,0.0,147963904,147193856
105272623599558,0,0.0,147963904,147193856
105272723784334,0,0.0,147963904,147193856
105272823981129,0,0.0,147963904,147193856
105272924255738,0,0.0,147963904,147193856
105273024474236,0,0.0,147963904,147193856
105273124693420,0,0.0,147963904,147193856
105273224917770,0,0.0,147963904,147193856
105273325161713,0,0.0,147963904,147193856
105273425386489,0,0.0,147963904,147193856
105273525609839,0,0.0,147963904,147193856
105273625831022,0,0.0,147963904,147193856
105273726058446,0,0.0,147963904,147193856
105273826274685,0,0.0,147963904,147193856
105273926487368,0,0.0,147963904,147193856
105274026706533,0,0.0,147963904,147193856
105274126913105,0,9.979300534704079,147963904,147193856
105274227163121,0,0.0,147963904,147193856
105274327478231,0,0.0,147963904,147193856
105274427739895,0,0.0,147963904,147193856
105274527986745,0,0.0,147963904,147193856
105274628227984,0,0.0,147963904,147193856
105274728453370,0,0.0,147963904,147193856
105274828676238,0,0.0,147963904,147193856
105274928896218,0,0.0,147963904,147193856
105275029120215,0,0.0,147963904,147193856
105275129376861,0,0.0,147963904,147193856
105275229577044,0,9.979879665255647,147963904,147193856
105275329823060,0,0.0,147963904,147193856
105275430053651,0,0.0,147963904,147193856
105275530267648,0,0.0,147963904,147193856
105275630486942,0,0.0,147963904,147193856
105275730712143,0,0.0,147963904,147193856
105275830972122,0,0.0,147963904,147193856
105275931218046,0,0.0,147963904,147193856
105276031440913,0,0.0,147963904,147193856
105276131666170,0,0.0,147963904,147193856
105276231901982,0,0.0,147963904,147193856
105276332152795,0,0.0,147963904,147193856
105276432386163,0,9.976737838512456,147963904,147193856
105276532607271,0,0.0,147963904,147193856
105276632803305,0,0.0,147963904,147193856
105276733048913,0,0.0,147963904,147193856
105276833273577,0,0.0,147963904,147193856
105276933498537,0,0.0,147963904,147193856
105277033719497,0,0.0,147963904,147193856
105277133945050,0,0.0,147963904,147193856
105277234171955,0,0.0,147963904,147193856
105277334414433,0,9.975834737746416,147963904,147193856
105277434644949,0,0.0,147963904,147193856
105277534872816,0,0.0,147963904,147193856
105277635099258,0,0.0,147963904,147193856
105277735322255,0,0.0,147963904,147193856
105277835544937,0,0.0,147963904,147193856
105277935762341,0,0.0,147963904,147193856
105278035977560,0,0.0,147963904,147193856
105278136219205,0,0.0,147963904,147193856
105278236445313,0,0.0,147963904,147193856
105278336690088,0,0.0,147963904,147193856
105278436921807,0,0.0,147963904,147193856
105278537144915,0,9.977738967223557,147963904,147193856
105278637371633,0,0.0,147963904,147193856
105278737594278,0,0.0,147963904,147193856
105278837820090,0,0.0,147963904,147193856
105278938039438,0,0.0,147963904,147193856
105279038254157,0,0.0,147963904,147193856
105279138445857,0,0.0,147963904,147193856
105279238673780,0,0.0,147963904,147193856
105279338941998,0,0.0,147963904,147193856
105279439134513,0,0.0,147963904,147193856
105279539356565,0,0.0,147963904,147193856
105279639606599,0,0.0,147963904,147193856
105279739831688,0,0.0,147963904,147193856
105279840020073,0,0.0,147963904,147193856
105279940240014,0,0.0,147963904,147193856
105280040455195,0,0.0,147963904,147193856
105280140671080,0,0.0,147963904,147193856
105280240891132,0,9.97800249633723,147963904,147193856
105280341130925,0,0.0,147963904,147193856
105280441360773,0,0.0,147963904,147193856
105280541579602,0,0.0,147963904,147193856
105280641801135,0,0.0,147963904,147193856
105280742020798,0,0.0,147963904,147193856
105280842239646,0,0.0,147963904,147193856
105280942453753,0,0.0,147963904,147193856
105281042671286,0,0.0,147963904,147193856
105281142910023,0,0.0,147963904,147193856
105281243143667,0,0.0,147963904,147193856
105281343383533,0,0.0,147963904,147193856
105281443609659,0,9.977466092353431,147963904,147193856
105281543831525,0,0.0,147963904,147193856
105281644038984,0,0.0,147963904,147193856
105281744268683,0,0.0,147963904,147193856
105281844485105,0,0.0,147963904,147193856
105281944685323,0,0.0,147963904,147193856
105282044918689,0,0.0,147963904,147193856
105282145226185,0,0.0,147963904,147193856
105282245465551,0,0.0,147963904,147193856
105282345700732,0,0.0,147963904,147193856
105282445920431,0,0.0,147963904,147193856
105282546146075,0,0.0,147963904,147193856
105282646365181,0,9.978157514170313,147963904,147193856
105282746583029,0,0.0,147963904,147193856
105282846798061,0,0.0,147963904,147193856
105282947012649,0,0.0,147963904,147193856
105283047262959,0,0.0,147963904,147193856
105283147536455,0,0.0,147963904,147193856
105283247786469,0,0.0,147963904,147193856
105283348031427,0,9.975621176785864,147963904,147193856
105283448265830,0,0.0,147963904,147193856
105283548488399,0,0.0,147963904,147193856
105283648712394,0,0.0,147963904,147193856
105283748988593,0,0.0,147963904,147193856
105283849230051,0,9.975940027839687,147963904,147193856
105283949457750,0,0.0,147963904,147193856
105284049680616,0,0.0,147963904,147193856
105284149912926,0,0.0,147963904,147193856
105284250211273,0,0.0,147963904,147193856
105284350494009,0,0.0,147963904,147193856
105284450718208,0,0.0,147963904,147193856
105284550945758,0,0.0,147963904,147193856
105284651197605,0,0.0,147963904,147193856
105284751441007,0,0.0,147963904,147193856
105284851695113,0,0.0,147963904,147193856
105284951913886,0,0.0,147963904,147193856
105285052138603,0,0.0,147963904,147193856
105285152347950,0,0.0,147963904,147193856
105285252562296,0,0.0,147963904,147193856
105285354387441,0,0.0,147963904,147193856
105285454773917,0,0.0,147963904,147193856
105285555103801,0,0.0,147963904,147193856
105285655373610,0,0.0,147963904,147193856
105285755628142,0,0.0,147963904,147193856
105285855912100,0,9.97178224837486,147963904,147193856
105285956182298,0,0.0,147963904,147193856
105286056411644,0,0.0,147963904,147193856
105286156645398,0,0.0,147963904,147193856
105286256875615,0,0.0,147963904,147193856
105286357118517,0,0.0,147963904,147193856
105286457347326,0,0.0,147963904,147193856
105286557568524,0,0.0,147963904,147193856
105286657771500,0,0.0,147963904,147193856
105286757989457,0,0.0,147963904,147193856
105286858212729,0,0.0,147963904,147193856
105286958433631,0,0.0,147963904,147193856
105287058654014,0,9.9779474394784,147963904,147193856
105287158901361,0,0.0,147963904,147193856
105287259136614,0,0.0,147963904,147193856
105287359380534,0,0.0,147963904,147193856
105287459601714,0,9.977988059101513,147963904,147193856
105287559868004,0,0.0,147963904,147193856
105287660095665,0,0.0,147963904,147193856
105287760314381,0,0.0,147963904,147193856
105287860533190,0,0.0,147963904,147193856
105287960743239,0,0.0,147963904,147193856
105288060944659,0,0.0,147963904,147193856
105288161163209,0,0.0,147963904,147193856
105288261453962,0,0.0,147963904,147193856
105288361723493,0,0.0,147963904,147193856
105288461959654,0,0.0,147963904,147193856
105288562199463,0,0.0,147963904,147193856
105288662426734,0,0.0,147963904,147193856
105288762643209,0,0.0,147963904,147193856
105288862866425,0,0.0,147963904,147193856
105288963088623,0,0.0,147963904,147193856
105289063305302,0,0.0,147963904,147193856
105289163506277,0,9.979898489340188,147963904,147193856
105289263724900,0,0.0,147963904,147193856
105289363968487,0,0.0,147963904,147193856
105289464204869,0,0.0,147963904,147193856
105289564426011,0,0.0,147963904,147193856
105289664640245,0,0.0,147963904,147193856
105289764859275,0,0.0,147963904,147193856
105289865079306,0,0.0,147963904,147193856
105289965293022,0,9.978670392739865,147963904,147193856
105290065514700,0,0.0,147963904,147193856
105290165741786,0,0.0,147963904,147193856
105290265974891,0,0.0,147963904,147193856
105290366212625,0,0.0,147963904,147193856
105290466444137,0,0.0,147963904,147193856
105290566671778,0,0.0,147963904,147193856
105290666896049,0,0.0,147963904,147193856
105290767114580,0,0.0,147963904,147193856
105290867335554,0,0.0,147963904,147193856
105290967556714,0,0.0,147963904,147193856
105291067774078,0,0.0,147963904,147193856
105291167992608,0,0.0,147963904,147193856
105291268233768,0,0.0,147963904,147193856
105291368479390,0,9.975606549498707,147963904,147193856
105291468709735,0,0.0,147963904,147193856
105291568932469,0,0.0,147963904,147193856
105291669137777,0,0.0,147963904,147193856
105291769356436,0,0.0,147963904,147193856
105291869576300,0,0.0,147963904,147193856
105291969808755,0,0.0,147963904,147193856
105292070035785,0,0.0,147963904,147193856
105292170262167,0,0.0,147963904,147193856
105292270490716,0,0.0,147963904,147193856
105292370736227,0,0.0,147963904,147193856
105292470967850,0,9.976874701018241,147963904,147193856
105292571204027,0,0.0,147963904,147193856
105292671426372,0,0.0,147963904,147193856
105292771636809,0,0.0,147963904,147193856
105292871858413,0,0.0,147963904,147193856
105292972087646,0,0.0,147963904,147193856
105293072319213,0,0.0,147963904,147193856
105293172569261,0,0.0,147963904,147193856
105293272806902,0,0.0,147963904,147193856
105293373053246,0,0.0,147963904,147193856
105293473298831,0,0.0,147963904,147193856
105293573618546,0,0.0,147963904,147193856
105293673925372,0,0.0,147963904,147193856
105293774246438,0,0.0,147963904,147193856
105293874517930,0,0.0,147963904,147193856
105293974789775,0,9.972889298863489,147963904,147193856
105294075063878,0,0.0,147963904,147193856
105294175340574,0,0.0,147963904,147193856
105294275630104,0,0.0,147963904,147193856
105294375956429,0,0.0,147963904,147193856
105294476227459,0,0.0,147963904,147193856
105294576516636,0,0.0,147963904,147193856
105294676807758,0,0.0,147963904,147193856
105294777096361,0,0.0,147963904,147193856
105294877364964,0,0.0,147963904,147193856
105294977633067,0,0.0,147963904,147193856
105295077900578,0,0.0,147963904,147193856
105295178170440,0,0.0,147963904,147193856
105295278364377,0,0.0,147963904,147193856
105295378599387,0,9.97657430629224,147963904,147193856
105295478838917,0,0.0,147963904,147193856
105295579067760,0,9.976907946388526,147963904,147193856
105295679368604,0,0.0,147963904,147193856
105295779637059,0,0.0,147963904,147193856
105295879875495,0,0.0,147963904,147193856
105295980155487,0,0.0,147963904,147193856
105296080403830,0,0.0,147963904,147193856
105296180641026,0,0.0,147963904,147193856
105296281162092,0,0.0,147963904,147193856
105296381635843,0,0.0,147963904,147193856
105296481899594,0,9.973891344663633,147963904,147193856
105296582123826,0,0.0,147963904,147193856
105296682354281,0,0.0,147963904,147193856
105296782569272,0,0.0,147963904,147193856
105296882744042,0,0.0,147963904,147193856
105296982927292,0,0.0,147963904,147193856
105297083091339,0,0.0,147963904,147193856
105297183247460,0,0.0,147963904,147193856
105297283417674,0,0.0,147963904,147193856
105297383573239,0,0.0,147963904,147193856
105297483742416,0,0.0,147963904,147193856
105297583910759,0,0.0,147963904,147193856
105297684083158,0,0.0,147963904,147193856
105297784241260,0,0.0,147963904,147193856
105297884402177,0,0.0,147963904,147193856
105297984563779,0,0.0,147963904,147193856
105298084726548,0,0.0,147963904,147193856
105298184893706,0,9.983223593224693,147963904,147193856
105298285073697,0,0.0,147963904,147193856
105298385246077,0,0.0,147963904,147193856
105298485479902,0,0.0,147963904,147193856
105298585694078,0,0.0,147963904,147193856
105298685889050,0,0.0,147963904,147193856
105298786071856,0,0.0,147963904,147193856
105298886244736,0,0.0,147963904,147193856
105298986414375,0,0.0,147963904,147193856
105299086586903,0,0.0,147963904,147193856
105299186783542,0,0.0,147963904,147193856
105299286972329,0,0.0,147963904,147193856
105299387152505,0,0.0,147963904,147193856
105299487325144,0,0.0,147963904,147193856
105299587503505,0,0.0,147963904,147193856
105299687679033,0,0.0,147963904,147193856
105299787898857,0,0.0,147963904,147193856
105299888100847,0,9.979957849152806,147963904,147193856
105299988282745,0,0.0,147963904,147193856
105300088460773,0,0.0,147963904,147193856
105300188636171,0,0.0,147963904,147193856
105300288814402,0,0.0,147963904,147193856
105300388995689,0,0.0,147963904,147193856
105300489181087,0,0.0,147963904,147193856
105300589353522,0,0.0,147963904,147193856
105300689529753,0,0.0,147963904,147193856
105300789699373,0,0.0,147963904,147193856
105300889865567,0,0.0,147963904,147193856
105300990034058,0,0.0,147963904,147193856
105301090200752,0,0.0,147963904,147193856
105301190369890,0,0.0,147963904,147193856
105301290552788,0,0.0,147963904,147193856
105301390772075,0,0.0,147963904,147193856
105301490991898,0,0.0,147963904,147193856
105301591216740,0,9.977557082304427,147963904,147193856
105301691483156,0,0.0,147963904,147193856
105301791716572,0,0.0,147963904,147193856
105301891956785,0,0.0,147963904,147193856
105301992200812,0,0.0,147963904,147193856
105302092469654,0,0.0,147963904,147193856
105302192752329,0,0.0,147963904,147193856
105302293012597,0,0.0,147963904,147193856
105302393255680,0,0.0,147963904,147193856
105302493490003,0,0.0,147963904,147193856
105302593719826,0,0.0,147963904,147193856
105302693943668,0,9.97764737564478,147963904,147193856
105302794173676,0,0.0,147963904,147193856
105302894430944,0,0.0,147963904,147193856
105302994654045,0,0.0,147963904,147193856
105303094887498,0,0.0,147963904,147193856
105303195117858,0,0.0,147963904,147193856
105303295370811,0,0.0,147963904,147193856
105303395612041,0,0.0,147963904,147193856
105303495846457,0,0.0,147963904,147193856
105303596077447,0,0.0,147963904,147193856
105303696298343,0,0.0,147963904,147193856
105303796520018,0,0.0,147963904,147193856
105303896739230,0,9.978097278950013,147963904,147193856
105303996958775,0,0.0,147963904,147193856
105304097190987,0,0.0,147963904,147193856
105304197412606,0,0.0,147963904,147193856
105304297643373,0,0.0,147963904,147193856
105304397930530,0,0.0,147963904,147193856
105304498195038,0,0.0,147963904,147193856
105304598447323,0,0.0,147963904,147193856
105304698674553,0,0.0,147963904,147193856
105304798900469,0,0.0,147963904,147193856
105304899122217,0,0.0,147963904,147193856
105304999346799,0,0.0,147963904,147193856
105305099600696,0,9.974543766921407,147963904,147193856
105305199851185,0,0.0,147963904,147193856
105305300104008,0,0.0,147963904,147193856
105305400337071,0,0.0,147963904,147193856
105305500573579,0,0.0,147963904,147193856
105305600801975,0,0.0,147963904,147193856
105305701031094,0,0.0,147963904,147193856
105305801247879,0,0.0,147963904,147193856
105305901465201,0,0.0,147963904,147193856
105306001685135,0,0.0,147963904,147193856
105306101905439,0,0.0,147963904,147193856
105306202127576,0,0.0,147963904,147193856
105306302358083,0,9.976998627767436,147963904,147193856
105306402585943,0,0.0,147963904,147193856
105306502822709,0,0.0,147963904,147193856
105306603052439,0,0.0,147963904,147193856
105306703276983,0,0.0,147963904,147193856
105306803505768,0,0.0,147963904,147193856
105306903730609,0,0.0,147963904,147193856
105307003961561,0,0.0,147963904,147193856
105307104195327,0,0.0,147963904,147193856
105307204418871,0,0.0,147963904,147193856
105307304654156,0,0.0,147963904,147193856
105307404882830,0,0.0,147963904,147193856
105307505109800,0,0.0,147963904,147193856
105307605335011,0,0.0,147963904,147193856
105307705557666,0,0.0,147963904,147193856
105307805785118,0,9.977348923325149,147963904,147193856
105307906011199,0,0.0,147963904,147193856
105308006234039,0,0.0,147963904,147193856
105308106453879,0,0.0,147963904,147193856
105308206672609,0,0.0,147963904,147193856
105308306896134,0,0.0,147963904,147193856
105308407119123,0,0.0,147963904,147193856
105308507340463,0,0.0,147963904,147193856
105308607559414,0,0.0,147963904,147193856
105308707775217,0,0.0,147963904,147193856
105308807994501,0,0.0,147963904,147193856
105308908223656,0,0.0,147963904,147193856
105309008439533,0,9.97844217327593,147963904,147193856
105309108662818,0,0.0,147963904,147193856
105309208881176,0,0.0,147963904,147193856
105309309103461,0,0.0,147963904,147193856
105309409316875,0,0.0,147963904,147193856
105309509535956,0,0.0,147963904,147193856
105309609749925,0,0.0,147963904,147193856
105309709965246,0,0.0,147963904,147193856
105309810177086,0,0.0,147963904,147193856
105309910394926,0,0.0,147963904,147193856
105310010614303,0,0.0,147963904,147193856
105310110833698,0,0.0,147963904,147193856
105310211053890,0,0.0,147963904,147193856
105310311277952,0,0.0,147963904,147193856
105310411501958,0,0.0,147963904,147193856
105310511757964,0,0.0,147963904,147193856
105310611994285,0,9.976464124765435,147963904,147193856
105310712235921,0,0.0,147963904,147193856
105310812456853,0,0.0,147963904,147193856
105310912688563,0,0.0,147963904,147193856
105311012907495,0,0.0,147963904,147193856
105311113138409,0,0.0,147963904,147193856
105311213364767,0,0.0,147963904,147193856
105311313599403,0,0.0,147963904,147193856
105311413825668,0,9.977454046920483,147963904,147193856
105311514051119,0,0.0,147963904,147193856
105311614272902,0,0.0,147963904,147193856
105311714503871,0,0.0,147963904,147193856
105311814725599,0,0.0,147963904,147193856
105311914943438,0,0.0,147963904,147193856
105312015170000,0,0.0,147963904,147193856
105312115391413,0,0.0,147963904,147193856
105312215618956,0,9.977205278660037,147963904,147193856
105312315869370,0,0.0,147963904,147193856
105312416121690,0,0.0,147963904,147193856
105312516359289,0,0.0,147963904,147193856
105312616589739,0,0.0,147963904,147193856
105312716812133,0,0.0,147963904,147193856
105312817041565,0,0.0,147963904,147193856
105312917267682,0,0.0,147963904,147193856
105313017491965,0,0.0,147963904,147193856
105313117723434,0,0.0,147963904,147193856
105313217951773,0,0.0,147963904,147193856
105313318171704,0,0.0,147963904,147193856
105313418402025,0,9.977002411263777,147963904,147193856
105313518632086,0,0.0,147963904,147193856
105313618862535,0,0.0,147963904,147193856
105313719134763,0,0.0,147963904,147193856
105313819392231,0,0.0,147963904,147193856
105313919637477,0,0.0,147963904,147193856
105314019873798,0,0.0,147963904,147193856
105314120136229,0,0.0,147963904,147193856
105314220377438,0,0.0,147963904,147193856
105314320618814,0,0.0,147963904,147193856
105314420851023,0,0.0,147963904,147193856
105314521074584,0,0.0,147963904,147193856
105314621308015,0,9.976672545199312,147963904,147193856
105314721561705,0,0.0,147963904,147193856
105314821794117,0,0.0,147963904,147193856
105314922025400,0,0.0,147963904,147193856
105315022263072,0,0.0,147963904,147193856
105315122491225,0,0.0,147963904,147193856
105315222721434,0,0.0,147963904,147193856
105315322956087,0,0.0,147963904,147193856
105315423184685,0,0.0,147963904,147193856
105315523418709,0,0.0,147963904,147193856
105315623650824,0,0.0,147963904,147193856
105315723881255,0,0.0,147963904,147193856
105315824115019,0,0.0,147963904,147193856
105315924381061,0,0.0,147963904,147193856
105316024603881,0,0.0,147963904,147193856
105316124827812,0,9.977669875351307,147963904,147193856
105316225052316,0,0.0,147963904,147193856
105316325283395,0,0.0,147963904,147193856
105316425542030,0,0.0,147963904,147193856
105316525768516,0,0.0,147963904,147193856
105316626004169,0,0.0,147963904,147193856
105316726310599,0,0.0,147963904,147193856
105316826630030,0,0.0,147963904,147193856
105316926956460,0,0.0,147963904,147193856
105317027240446,0,0.0,147963904,147193856
105317127550766,0,0.0,147963904,147193856
105317229321420,0,0.0,147963904,147193856
105317329621647,0,0.0,147963904,147193856
105317429935874,0,0.0,147963904,147193856
105317530241267,0,0.0,147963904,147193856
105317630562401,0,9.968053882661955,147963904,147193856
105317730849072,0,0.0,147963904,147193856
105317831141095,0,0.0,147963904,147193856
105317931478506,0,0.0,147963904,147193856
105318031792529,0,0.0,147963904,147193856
105318132069423,0,9.972311676826878,147963904,147193856
105318232390927,0,0.0,147963904,147193856
105318332705431,0,0.0,147963904,147193856
105318432984769,0,0.0,147963904,147193856
105318533296940,0,0.0,147963904,147193856
105318633568259,0,0.0,147963904,147193856
105318733818170,0,0.0,147963904,147193856
105318834072674,0,0.0,147963904,147193856
105318934397845,0,0.0,147963904,147193856
105319034717182,0,9.968051994305382,147963904,147193856
105319135089946,0,0.0,147963904,147193856
105319235372839,0,0.0,147963904,147193856
105319335686658,0,0.0,147963904,147193856
105319435917810,0,0.0,147963904,147193856
105319536158351,0,0.0,147963904,147193856
105319636379077,0,0.0,147963904,147193856
105319736604636,0,0.0,147963904,147193856
105319836822806,0,0.0,147963904,147193856
105319937045755,0,0.0,147963904,147193856
105320037268573,0,0.0,147963904,147193856
105320137490336,0,0.0,147963904,147193856
105320237720821,0,0.0,147963904,147193856
105320337953585,0,9.976768594553047,147963904,147193856
105320438186940,0,0.0,147963904,147193856
105320538413277,0,0.0,147963904,147193856
105320638634855,0,0.0,147963904,147193856
105320738858728,0,0.0,147963904,147193856
105320839079454,0,0.0,147963904,147193856
105320939295272,0,0.0,147963904,147193856
105321039512720,0,0.0,147963904,147193856
105321139733039,0,0.0,147963904,147193856
105321239951876,0,0.0,147963904,147193856
105321340196175,0,0.0,147963904,147193856
105321440422420,0,0.0,147963904,147193856
105321540640108,0,0.0,147963904,147193856
105321640850222,0,0.0,147963904,147193856
105321741070744,0,0.0,147963904,147193856
105321841283358,0,0.0,147963904,147193856
105321941503362,0,0.0,147963904,147193856
105322041731976,0,9.976936316371482,147963904,147193856
105322142042739,0,0.0,147963904,147193856
105322242289020,0,0.0,147963904,147193856
105322342541486,0,0.0,147963904,147193856
105322442768748,0,0.0,147963904,147193856
105322542992881,0,9.97766818327016,147963904,147193856
105322643216458,0,0.0,147963904,147193856
105322743436850,0,0.0,147963904,147193856
105322843657945,0,0.0,147963904,147193856
105322943870096,0,0.0,147963904,147193856
105323044086433,0,0.0,147963904,147193856
105323144376843,0,0.0,147963904,147193856
105323244631698,0,0.0,147963904,147193856
105323344884979,0,0.0,147963904,147193856
105323445113185,0,0.0,147963904,147193856
105323545335707,0,0.0,147963904,147193856
105323645556580,0,0.0,147963904,147193856
105323745776823,0,0.0,147963904,147193856
105323845993455,0,0.0,147963904,147193856
105323946214958,0,0.0,147963904,147193856
105324046426665,0,0.0,147963904,147193856
105324146636778,0,0.0,147963904,147193856
105324246905726,0,0.0,147963904,147193856
105324347239321,0,0.0,147963904,147193856
105324447508287,0,0.0,147963904,147193856
105324547748974,0,9.97605905372217,147963904,147193856
105324647976421,0,0.0,147963904,147193856
105324748206201,0,9.977093094360134,147963904,147193856
105324848422815,0,0.0,147963904,147193856
105324948639540,0,0.0,147963904,147193856
105325048857061,0,0.0,147963904,147193856
105325149072211,0,0.0,147963904,147193856
105325249279102,0,0.0,147963904,147193856
105325349507642,0,0.0,147963904,147193856
105325449733848,0,0.0,147963904,147193856
105325549959110,0,0.0,147963904,147193856
105325650179408,0,0.0,147963904,147193856
105325750409484,0,0.0,147963904,147193856
105325850631857,0,0.0,147963904,147193856
105325950851989,0,0.0,147963904,147193856
105326051062157,0,0.0,147963904,147193856
105326151304030,0,0.0,147963904,147193856
105326251529125,0,0.0,147963904,147193856
105326351741979,0,0.0,147963904,147193856
105326451962481,0,0.0,147963904,147193856
105326552188557,0,0.0,147963904,147193856
105326652407688,0,9.978112610428852,147963904,147193856
105326752630487,0,0.0,147963904,147193856
105326852846989,0,0.0,147963904,147193856
105326953070694,0,0.0,147963904,147193856
105327053324918,0,0.0,147963904,147193856
105327153559254,0,9.976671050439927,147963904,147193856
105327253788737,0,0.0,147963904,147193856
105327354034776,0,0.0,147980288,147193856
105327454314519,0,0.0,147980288,147193856
105327554554965,0,0.0,147980288,147193856
105327654777652,0,0.0,147980288,147193856
105327754984950,0,0.0,147980288,147193856
105327855198933,0,0.0,147980288,147193856
105327955415823,0,0.0,147980288,147193856
105328055633806,0,0.0,147980288,147193856
105328155850326,0,0.0,147980288,147193856
105328256074550,0,0.0,147980288,147193856
105328356312959,0,9.976267457230918,147980288,147193856
105328456531628,0,0.0,147980288,147193856
105328556743999,0,0.0,147980288,147193856
105328656948871,0,0.0,147980288,147193856
105328757144002,0,0.0,147980288,147193856
105328857328874,0,0.0,147980288,147193856
105328957527968,0,0.0,147980288,147193856
105329057747562,0,0.0,147980288,147193856
105329157982730,0,0.0,147980288,147193856
105329258195602,0,0.0,147980288,147193856
105329358468455,0,0.0,147980288,147193856
105329458685475,0,0.0,147980288,147193856
105329558901069,0,9.978472244337995,147980288,147193856
105329659109773,0,0.0,147980288,147193856
105329759314941,0,0.0,147980288,147193856
105329859516072,0,0.0,147980288,147193856
105329959719721,0,0.0,147980288,147193856
105330059925519,0,0.0,147980288,147193856
105330160140001,0,0.0,147980288,147193856
105330260340965,0,0.0,147980288,147193856
105330360554281,0,0.0,147980288,147193856
105330460773208,0,0.0,147980288,147193856
105330560981005,0,0.0,147980288,147193856
105330661181043,0,0.0,147980288,147193856
105330761381266,0,0.0,147980288,147193856
105330861586045,0,0.0,147980288,147193856
105330961785231,0,0.0,147980288,147193856
105331061981991,0,9.980395808298635,147980288,147193856
105331162177548,0,0.0,147980288,147193856
105331262371215,0,0.0,147980288,147193856
105331362583327,0,0.0,147980288,147193856
105331462778624,0,0.0,147980288,147193856
105331562978273,0,0.0,147980288,147193856
105331663183792,0,0.0,147980288,147193856
105331763378922,0,0.0,147980288,147193856
105331863576312,0,0.0,147980288,147193856
105331963769553,0,0.0,147980288,147193856
105332063963146,0,0.0,147980288,147193856
105332164173536,0,9.978907483632916,147980288,147193856
105332264419999,0,0.0,147980288,147193856
105332364652092,0,0.0,147980288,147193856
105332464856926,0,0.0,147980288,147193856
105332565086630,0,0.0,147980288,147193856
105332665304168,0,0.0,147980288,147193856
105332765507131,0,0.0,147980288,147193856
105332865717742,0,0.0,147980288,147193856
105332965908113,0,0.0,147980288,147193856
105333066090095,0,0.0,147980288,147193856
105333166291114,0,0.0,147980288,147193856
105333266492559,0,0.0,147980288,147193856
105333366775800,0,0.0,147980288,147193856
105333466999430,0,0.0,147980288,147193856
105333567177837,0,0.0,147980288,147193856
105333667401300,0,9.977720149835992,147980288,147193856
105333767619763,0,0.0,147980288,147193856
105333867839967,0,0.0,147980288,147193856
105333968053097,0,0.0,147980288,147193856
105334068277597,0,0.0,147980288,147193856
105334168504023,0,0.0,147980288,147193856
105334268722041,0,0.0,147980288,147193856
105334368960005,0,0.0,147980288,147193856
105334469190356,0,0.0,147980288,147193856
105334569411893,0,0.0,147980288,147193856
105334669628449,0,0.0,147980288,147193856
105334769849504,0,0.0,147980288,147193856
105334870063189,0,9.97874716374043,147980288,147193856
105334970282374,0,0.0,147980288,147193856
105335070501318,0,0.0,147980288,147193856
105335170719670,0,0.0,147980288,147193856
105335270939003,0,0.0,147980288,147193856
105335371171725,0,0.0,147980288,147193856
105335471411632,0,0.0,147980288,147193856
105335571667706,0,0.0,147980288,147193856
105335671910521,0,0.0,147980288,147193856
105335772224687,0,0.0,147980288,147193856
105335872486594,0,0.0,147980288,147193856
105335972723649,0,0.0,147980288,147193856
105336072939223,0,9.978442971633191,147980288,147193856
105336173159722,0,0.0,147980288,147193856
105336273378148,0,0.0,147980288,147193856
105336373605610,0,0.0,147980288,147193856
105336473823591,0,0.0,147980288,147193856
105336574042591,0,0.0,147980288,147193856
105336674261997,0,0.0,147980288,147193856
105336774476608,0,0.0,147980288,147193856
105336874688385,0,0.0,147980288,147193856
105336974907680,0,0.0,147980288,147193856
105337075121383,0,0.0,147980288,147193856
105337175328494,0,0.0,147980288,147193856
105337275543975,0,0.0,147980288,147193856
105337375779307,0,9.976595804668648,147980288,147193856
105337476018769,0,0.0,147980288,147193856
105337576245343,0,0.0,147980288,147193856
105337676463249,0,0.0,147980288,147193856
105337776682007,0,9.978162690883554,147980288,147193856
105337876892655,0,0.0,147980288,147193856
105337977099691,0,0.0,147980288,147193856
105338077318208,0,0.0,147980288,147193856
105338177546263,0,0.0,147980288,147193856
105338277777299,0,0.0,147980288,147193856
105338378015261,0,0.0,147980288,147193856
105338478235223,0,0.0,147980288,147193856
105338578462888,0,0.0,147980288,147193856
105338678680832,0,0.0,147980288,147193856
105338778901108,0,0.0,147980288,147193856
105338879121218,0,0.0,147980288,147193856
105338979332328,0,0.0,147980288,147193856
105339079540827,0,0.0,147980288,147193856
105339179759548,0,0.0,147980288,147193856
105339280014936,0,0.0,147980288,147193856
105339380248397,0,0.0,147980288,147193856
105339480441248,0,0.0,147980288,147193856
105339580630746,0,9.981089628116,147980288,147193856
105339680826782,0,0.0,147980288,147193856
105339781012410,0,0.0,147980288,147193856
105339881196835,0,0.0,147980288,147193856
105339981380481,0,0.0,147980288,147193856
105340081561517,0,0.0,147980288,147193856
105340181738626,0,0.0,147980288,147193856
105340281909680,0,0.0,147980288,147193856
105340382092364,0,0.0,147980288,147193856
105340482274918,0,0.0,147980288,147193856
105340582457639,0,0.0,147980288,147193856
105340682635785,0,0.0,147980288,147193856
105340782846357,0,0.0,147980288,147193856
105340883028282,0,0.0,147980288,147193856
105340983200502,0,9.982805716066823,147980288,147193856
105341083381167,0,0.0,147980288,147193856
105341183597628,0,0.0,147980288,147193856
105341283811904,0,0.0,147980288,147193856
105341384008273,0,0.0,147980288,147193856
105341484197012,0,0.0,147980288,147193856
105341584383862,0,0.0,147980288,147193856
105341684563638,0,0.0,147980288,147193856
105341784743173,0,0.0,147980288,147193856
105341884925467,0,0.0,147980288,147193856
105341985101298,0,0.0,147980288,147193856
105342085273574,0,0.0,147980288,147193856
105342185507683,0,9.976767202604403,147980288,147193856
105342285708218,0,0.0,147980288,147193856
105342385905216,0,0.0,147980288,147193856
105342486091159,0,0.0,147980288,147193856
105342586275453,0,0.0,147980288,147193856
105342686485080,0,0.0,147980288,147193856
105342786683559,0,0.0,147980288,147193856
105342886885076,0,0.0,147980288,147193856
105342987086944,0,0.0,147980288,147193856
105343087287849,0,0.0,147980288,147193856
105343187487847,0,0.0,147980288,147193856
105343287733530,0,0.0,147980288,147193856
105343387960601,0,0.0,147980288,147193856
105343488185988,0,0.0,147980288,147193856
105343588393893,0,0.0,147980288,147193856
105343688605890,0,0.0,147980288,147193856
105343788808055,0,9.979704474813799,147980288,147193856
105343889057126,0,0.0,147980288,147193856
105343989295235,0,0.0,147980288,147193856
105344089527973,0,9.976616109661014,147980288,147193856
105344189815767,0,0.0,147980288,147193856
105344290071154,0,0.0,147980288,147193856
105344390314281,0,0.0,147980288,147193856
105344490564778,0,0.0,147980288,147193856
105344590788701,0,0.0,147980288,147193856
105344691004069,0,0.0,147980288,147193856
105344791223066,0,0.0,147980288,147193856
105344891452878,0,0.0,147980288,147193856
105344991668209,0,0.0,147980288,147193856
105345091872762,0,0.0,147980288,147193856
105345192087926,0,0.0,147980288,147193856
105345292297145,0,9.979051675807812,147980288,147193856
105345392511420,0,0.0,147980288,147193856
105345492718491,0,0.0,147980288,147193856
105345592920451,0,0.0,147980288,147193856
105345693122134,0,0.0,147980288,147193856
105345793327279,0,0.0,147980288,147193856
105345893532257,0,0.0,147980288,147193856
105345993737865,0,0.0,147980288,147193856
105346093938566,0,0.0,147980288,147193856
105346194139359,0,0.0,147980288,147193856
105346294336912,0,0.0,147980288,147193856
105346394542242,0,0.0,147980288,147193856
105346494741758,0,0.0,147980288,147193856
105346594940254,0,9.98021542088681,147980288,147193856
105346695136103,0,0.0,147980288,147193856
105346795328878,0,0.0,147980288,147193856
105346895521800,0,0.0,147980288,147193856
105346995713408,0,0.0,147980288,147193856
105347095906386,0,0.0,147980288,147193856
105347196129939,0,0.0,147980288,147193856
105347296333898,0,0.0,147980288,147193856
105347396544117,0,0.0,147980288,147193856
105347496748577,0,0.0,147980288,147193856
105347596947777,0,0.0,147980288,147193856
105347697144181,0,0.0,147980288,147193856
105347797346770,0,0.0,147980288,147193856
105347897545767,0,0.0,147980288,147193856
105347997752541,0,0.0,147980288,147193856
105348097979926,0,0.0,147980288,147193856
105348198174719,0,0.0,147980288,147193856
105348298375975,0,9.97990924495656,147980288,147193856
105348398575953,0,0.0,147980288,147193856
105348498780931,0,0.0,147980288,147193856
105348598976446,0,0.0,147980288,147193856
105348699170108,0,0.0,147980288,147193856
105348799360716,0,0.0,147980288,147193856
105348899560249,0,0.0,147980288,147193856
105348999753801,0,0.0,147980288,147193856
105349099944834,0,0.0,147980288,147193856
105349200146608,0,0.0,147980288,147193856
105349300328327,0,0.0,147980288,147193856
105349400512508,0,0.0,147980288,147193856
105349500683375,0,0.0,147980288,147193856
105349600862222,0,9.982174831218442,147980288,147193856
105349701037700,0,0.0,147980288,147193856
105349801212974,0,0.0,147980288,147193856
105349901392562,0,0.0,147980288,147193856
105350001570632,0,0.0,147980288,147193856
105350101743776,0,0.0,147980288,147193856
105350201923032,0,0.0,147980288,147193856
105350302095676,0,0.0,147980288,147193856
105350402280579,0,0.0,147980288,147193856
105350502463445,0,0.0,147980288,147193856
105350602646737,0,0.0,147980288,147193856
105350702816955,0,0.0,147980288,147193856
105350803012859,0,0.0,147980288,147193856
105350903193465,0,9.98200693322683,147980288,147193856
105351003368998,0,0.0,147980288,147193856
105351103545161,0,0.0,147980288,147193856
105351203752286,0,0.0,147980288,147193856
105351303937393,0,0.0,147980288,147193856
105351404128185,0,0.0,147980288,147193856
105351504309569,0,0.0,147980288,147193856
105351604481528,0,0.0,147980288,147193856
105351704654745,0,0.0,147980288,147193856
105351804823426,0,0.0,147980288,147193856
105351904999662,0,0.0,147980288,147193856
105352005175343,0,0.0,147980288,147193856
105352105344764,0,9.983106884998007,147980288,147193856
105352205515982,0,0.0,147980288,147193856
105352305688644,0,0.0,147980288,147193856
105352405871603,0,0.0,147980288,147193856
105352506041043,0,0.0,147980288,147193856
105352606234723,0,0.0,147980288,147193856
105352706418737,0,0.0,147980288,147193856
105352806598621,0,0.0,147980288,147193856
105352906803764,0,0.0,147980288,147193856
105353007009167,0,0.0,147980288,147193856
105353107214977,0,0.0,147980288,147193856
105353207423750,0,0.0,147980288,147193856
105353307621486,0,0.0,147980288,147193856
105353407827463,0,9.979442847012605,147980288,147193856
105353508010958,0,0.0,147980288,147193856
105353608209286,0,0.0,147980288,147193856
105353708404429,0,0.0,147980288,147193856
105353808602109,0,0.0,147980288,147193856
105353908797734,0,0.0,147980288,147193856
105354008993488,0,0.0,147980288,147193856
105354109190650,0,0.0,147980288,147193856
105354209392997,0,0.0,147980288,147193856
105354309603270,0,0.0,147980288,147193856
105354409806339,0,0.0,147980288,147193856
105354510007685,0,9.979939024844336,147980288,147193856
105354610206199,0,0.0,147980288,147193856
105354710399156,0,0.0,147980288,147193856
105354810589466,0,0.0,147980288,147193856
105354910787553,0,0.0,147980288,147193856
105355011007178,0,0.0,147980288,147193856
105355111220969,0,0.0,147980288,147193856
105355211423334,0,0.0,147980288,147193856
105355311636940,0,0.0,147980288,147193856
105355411842953,0,0.0,147980288,147193856
105355512048929,0,0.0,147980288,147193856
105355612255164,0,0.0,147980288,147193856
105355712463881,0,9.979142294721642,147980288,147193856
105355812668913,0,0.0,147980288,147193856
105355912866907,0,0.0,147980288,147193856
105356013067105,0,0.0,147980288,147193856
105356113273285,0,0.0,147980288,147193856
105356213476502,0,0.0,147980288,147193856
105356313682256,0,0.0,147980288,147193856
105356413886880,0,0.0,147980288,147193856
105356514096244,0,0.0,147980288,147193856
105356614295868,0,0.0,147980288,147193856
105356714487214,0,0.0,147980288,147193856
105356814685375,0,0.0,147980288,147193856
105356914878277,0,0.0,147980288,147193856
105357015075327,0,9.980367021479587,147980288,147193856
105357115276654,0,0.0,147980288,147193856
105357215468926,0,0.0,147980288,147193856
105357315671124,0,9.979874485311365,147980288,147193856
105357415939489,0,0.0,147980288,147193856
105357516152483,0,0.0,147980288,147193856
105357616343644,0,0.0,147980288,147193856
105357716538879,0,0.0,147980288,147193856
105357816733965,0,0.0,147980288,147193856
105357916925385,0,0.0,147980288,147193856
105358017132027,0,0.0,147980288,147193856
105358117347781,0,0.0,147980288,147193856
105358217557497,0,0.0,147980288,147193856
105358317785972,0,0.0,147980288,147193856
105358418021152,0,0.0,147980288,147193856
105358518229034,0,9.979286195153687,147980288,147193856
105358618438139,0,0.0,147980288,147193856
105358718648763,0,0.0,147980288,147193856
105358818852886,0,0.0,147980288,147193856
105358919054732,0,0.0,147980288,147193856
105359019282781,0,0.0,147980288,147193856
105359119505349,0,0.0,147980288,147193856
105359219730083,0,0.0,147980288,147193856
105359319955929,0,0.0,147980288,147193856
105359420169515,0,0.0,147980288,147193856
105359520377176,0,0.0,147980288,147193856
105359620568613,0,0.0,147980288,147193856
105359720765440,0,0.0,147980288,147193856
105359820959786,0,0.0,147980288,147193856
105359921153409,0,0.0,147980288,147193856
105360021358736,0,0.0,147980288,147193856
105360121577322,0,9.978225914444776,147980288,147193856
105360221774723,0,0.0,147980288,147193856
105360321982272,0,0.0,147980288,147193856
105360422172710,0,0.0,147980288,147193856
105360522372536,0,0.0,147980288,147193856
105360622565863,0,0.0,147980288,147193856
105360722760319,0,0.0,147980288,147193856
105360822959109,0,0.0,147980288,147193856
105360923150010,0,0.0,147980288,147193856
105361023342410,0,0.0,147980288,147193856
105361123539311,0,0.0,147980288,147193856
105361223758434,0,0.0,147980288,147193856
105361323971760,0,0.0,147980288,147193856
105361424183865,0,0.0,147980288,147193856
105361524387469,0,0.0,147980288,147193856
105361624584814,0,0.0,147980288,147193856
105361724784714,0,19.960037010837727,147980288,147193856
105361824981244,0,0.0,147980288,147193856
105361925174849,0,0.0,147980288,147193856
105362025366823,0,0.0,147980288,147193856
105362125650390,0,0.0,147980288,147193856
105362225893828,0,0.0,147980288,147193856
105362326134469,0,0.0,147980288,147193856
105362426358017,0,0.0,147980288,147193856
105362526569566,0,0.0,147980288,147193856
105362626769633,0,0.0,147980288,147193856
105362726968125,0,0.0,147980288,147193856
105362827166433,0,0.0,147980288,147193856
105362927362852,0,0.0,147980288,147193856
105363027556511,0,9.980592138542969,147980288,147193856
105363127764985,0,0.0,147980288,147193856
105363227966071,0,0.0,147980288,147193856
105363328219675,0,0.0,147980288,147193856
105363428430797,0,0.0,147980288,147193856
105363528701642,0,0.0,147980288,147193856
105363628890856,0,0.0,147980288,147193856
105363729056053,0,0.0,147980288,147193856
105363829233249,0,0.0,147980288,147193856
105363929475408,0,0.0,147980288,147193856
105364029652586,0,0.0,147980288,147193856
105364129835838,0,0.0,147980288,147193856
105364230049145,0,0.0,147980288,147193856
105364330249008,0,0.0,147980288,147193856
105364430441630,0,0.0,147980288,147193856
105364530627067,0,0.0,147980288,147193856
105364630813689,0,0.0,147980288,147193856
105364730994922,0,0.0,147980288,147193856
105364831163470,0,9.983186417488938,147980288,147193856
105364931342684,0,0.0,147980288,147193856
105365031520806,0,0.0,147980288,147193856
105365131730206,0,0.0,147980288,147193856
105365231928402,0,0.0,147980288,147193856
105365332142172,0,0.0,147980288,147193856
105365432322683,0,0.0,147980288,147193856
105365532501786,0,0.0,147980288,147193856
105365632678778,0,0.0,147980288,147193856
105365732867566,0,0.0,147980288,147193856
105365833093984,0,0.0,147980288,147193856
105365933287624,0,0.0,147980288,147193856
105366033478672,0,9.980935315022084,147980288,147193856
105366133694664,0,0.0,147980288,147193856
105366233890823,0,0.0,147980288,147193856
105366334082444,0,0.0,147980288,147193856
105366434269770,0,0.0,147980288,147193856
105366534454169,0,0.0,147980288,147193856
105366634636753,0,0.0,147980288,147193856
105366734820171,0,0.0,147980288,147193856
105366835034941,0,0.0,147980288,147193856
105366935216729,0,0.0,147980288,147193856
105367035400165,0,0.0,147980288,147193856
105367135580787,0,0.0,147980288,147193856
105367235760149,0,9.98204609243835,147980288,147193856
105367335953326,0,0.0,147980288,147193856
105367436142614,0,0.0,147980288,147193856
105367536321772,0,0.0,147980288,147193856
105367636496578,0,0.0,147980288,147193856
105367736671533,0,0.0,147980288,147193856
105367836839321,0,0.0,147980288,147193856
105367937012164,0,0.0,147980288,147193856
105368037186137,0,0.0,147980288,147193856
105368137364666,0,0.0,147980288,147193856
105368237559694,0,0.0,147980288,147193856
105368337782241,0,0.0,147980288,147193856
105368438039900,0,9.973786396011068,147980288,147193856
105368538438280,0,0.0,147980288,147193856
105368638799197,0,0.0,147980288,147193856
105368739103207,0,0.0,147980288,147193856
105368839395402,0,0.0,147980288,147193856
105368939641042,0,0.0,147980288,147193856
105369039832996,0,0.0,147980288,147193856
105369139978802,0,0.0,147980288,147193856
105369240121868,0,0.0,147980288,147193856
105369340250952,0,9.987124898749778,147980288,147193856
105369440375776,0,0.0,147980288,147193856
105369540497452,0,0.0,147980288,147193856
105369640614906,0,0.0,147980288,147193856
105369740734305,0,0.0,147980288,147193856
105369840852389,0,0.0,147980288,147193856
105369940970602,0,0.0,147980288,147193856
105370041089500,0,0.0,147980288,147193856
105370141210862,0,0.0,147980288,147193856
105370241329408,0,0.0,147980288,147193856
105370341448992,0,0.0,147980288,147193856
105370441566594,0,0.0,147980288,147193856
105370541689529,0,0.0,147980288,147193856
105370641810613,0,0.0,147980288,147193856
105370741928048,0,9.988227774641224,147980288,147193856
105370842058131,0,0.0,147980288,147193856
105370942179548,0,0.0,147980288,147193856
105371042297928,0,0.0,147980288,147193856
105371142430492,0,0.0,147980288,147193856
105371242550817,0,0.0,147980288,147193856
105371342672493,0,0.0,147980288,147193856
105371442793076,0,0.0,147980288,147193856
105371542909233,0,0.0,147980288,147193856
105371643025131,0,0.0,147980288,147193856
105371743144307,0,0.0,147980288,147193856
105371843262723,0,0.0,147980288,147193856
105371943380418,0,0.0,147980288,147193856
105372043498334,0,0.0,147980288,147193856
105372143616695,0,0.0,147980288,147193856
105372243734278,0,0.0,147980288,147193856
105372343851658,0,0.0,147980288,147193856
105372443969481,0,0.0,147980288,147193856
105372544092250,0,0.0,147980288,147193856
105372644207203,0,0.0,147980288,147193856
105372744320378,0,0.0,147980288,147193856
105372844438591,0,0.0,147980288,147193856
105372944555544,0,9.988334923481027,147980288,147193856
105373044673146,0,0.0,147980288,147193856
105373144790562,0,0.0,147980288,147193856
105373244925071,0,0.0,147980288,147193856
105373345050931,0,0.0,147980288,147193856
105373445172236,0,0.0,147980288,147193856
105373545300764,0,0.0,147980288,147193856
105373645424568,0,0.0,147980288,147193856
105373745583096,0,0.0,147980288,147193856
105373845787901,0,0.0,147980288,147193856
105373945967983,0,0.0,147980288,147193856
105374046132844,0,0.0,147980288,147193856
105374146299871,0,0.0,147980288,147193856
105374246459491,0,0.0,147980288,147193856
105374346636629,0,0.0,147980288,147193856
105374446855249,0,9.978314826061567,147980288,147193856
105374547031072,0,0.0,147980288,147193856
105374647193636,0,0.0,147980288,147193856
105374747371644,0,0.0,147980288,147193856
105374847537653,0,0.0,147980288,147193856
105374947701550,0,0.0,147980288,147193856
105375047863003,0,0.0,147980288,147193856
105375148016807,0,0.0,147980288,147193856
105375248168779,0,0.0,147980288,147193856
105375348319602,0,0.0,147980288,147193856
105375448482962,0,0.0,147980288,147193856
105375548678526,0,0.0,147980288,147193856
105375648838441,0,0.0,147980288,147193856
105375748994968,0,0.0,147980288,147193856
105375849172847,0,0.0,147980288,147193856
105375949335521,0,9.983760715099718,147980288,147193856
105376049502326,0,0.0,147980288,147193856
105376149659204,0,0.0,147980288,147193856
105376249811675,0,0.0,147980288,147193856
105376349962924,0,0.0,147980288,147193856
105376450120006,0,0.0,147980288,147193856
105376550272311,0,0.0,147980288,147193856
105376650423948,0,0.0,147980288,147193856
105376750573975,0,0.0,147980288,147193856
105376850722908,0,0.0,147980288,147193856
105376950876713,0,0.0,147980288,147193856
105377051040424,0,0.0,147980288,147193856
105377151235432,0,0.0,147980288,147193856
105377251401829,0,0.0,147980288,147193856
105377351557133,0,9.984506542557638,147980288,147193856
105377451717289,0,0.0,147980288,147193856
105377551872797,0,0.0,147980288,147193856
105377652025416,0,0.0,147980288,147193856
105377752176294,0,0.0,147980288,147193856
105377852324524,0,0.0,147980288,147193856
105377952483476,0,0.0,147980288,147193856
105378052639243,0,0.0,147980288,147193856
105378152818750,0,0.0,147980288,147193856
105378252979036,0,0.0,147980288,147193856
105378353135210,0,0.0,147980288,147193856
105378453305514,0,0.0,147980288,147193856
105378553464410,0,0.0,147980288,147193856
105378653617307,0,0.0,147980288,147193856
105378753780518,0,0.0,147980288,147193856
105378854058025,0,9.972438374474295,147980288,147193856
105378954301255,0,0.0,147980288,147193856
105379054487522,0,0.0,147980288,147193856
105379154655159,0,0.0,147980288,147193856
105379254841759,0,0.0,147980288,147193856
105379355003600,0,0.0,147980288,147193856
105379455158144,0,0.0,147980288,147193856
105379555317151,0,0.0,147980288,147193856
105379655471732,0,0.0,147980288,147193856
105379755622777,0,0.0,147980288,147193856
105379855773043,0,0.0,147980288,147193856
105379955923828,0,0.0,147980288,147193856
105380056093354,0,0.0,147980288,147193856
105380156248268,0,0.0,147980288,147193856
105380256398905,0,9.984944301845466,147980288,147193856
105380356552005,0,0.0,147980288,147193856
105380456709734,0,0.0,147980288,147193856
105380556907538,0,0.0,147980288,147193856
105380657069063,0,0.0,147980288,147193856
105380757222811,0,0.0,147980288,147193856
105380857372966,0,0.0,147980288,147193856
105380957529380,0,0.0,147980288,147193856
105381057686091,0,0.0,147980288,147193856
105381157871190,0,0.0,147980288,147193856
105381258021549,0,0.0,147980288,147193856
105381358172204,0,0.0,147980288,147193856
105381458321804,0,0.0,147980288,147193856
105381558474070,0,9.984796550331021,147980288,147193856
105381658631984,0,0.0,147980288,147193856
105381758784361,0,0.0,147980288,147193856
105381858939090,0,0.0,147980288,147193856
105381959148819,0,0.0,147980288,147193856
105382059313122,0,0.0,147980288,147193856
105382159497907,0,0.0,147980288,147193856
105382259656154,0,0.0,147980288,147193856
105382359808864,0,0.0,147980288,147193856
105382459959093,0,0.0,147980288,147193856
105382560122285,0,0.0,147980288,147193856
105382660278514,0,0.0,147980288,147193856
105382760430687,0,0.0,147980288,147193856
105382860580193,0,0.0,147980288,147193856
105382960728292,0,9.985182488954212,147980288,147193856
105383060895040,0,0.0,147980288,147193856
105383161095935,0,0.0,147980288,147193856
105383261291164,0,0.0,147980288,147193856
105383361452800,0,0.0,147980288,147193856
105383461610269,0,0.0,147980288,147193856
105383561778794,0,0.0,147980288,147193856
105383661936893,0,0.0,147980288,147193856
105383762093232,0,0.0,147980288,147193856
105383862244591,0,0.0,147980288,147193856
105383962394134,0,0.0,147980288,147193856
105384062552473,0,0.0,147980288,147193856
105384162712202,0,0.0,147980288,147193856
105384262898486,0,9.981474482830201,147980288,147193856
105384363059677,0,0.0,147980288,147193856
105384463212610,0,0.0,147980288,147193856
105384563362708,0,0.0,147980288,147193856
105384663520510,0,0.0,147980288,147193856
105384763687239,0,0.0,147980288,147193856
105384863842097,0,0.0,147980288,147193856
105384963992788,0,0.0,147980288,147193856
105385064154923,0,0.0,147980288,147193856
105385164311059,0,0.0,147980288,147193856
105385264461398,0,0.0,147980288,147193856
105385364619034,0,0.0,147980288,147193856
105385464779873,0,0.0,147980288,147193856
105385564969916,0,0.0,147980288,147193856
105385665135681,0,9.9834601028254,147980288,147193856
105385765296502,0,0.0,147980288,147193856
105385865486748,0,0.0,147980288,147193856
105385965644921,0,0.0,147980288,147193856
105386065805575,0,0.0,147980288,147193856
105386165995025,0,0.0,147980288,147193856
105386266158346,0,0.0,147980288,147193856
105386366311166,0,0.0,147980288,147193856
105386466461950,0,0.0,147980288,147193856
105386566611177,0,0.0,147980288,147193856
105386666765479,0,0.0,147980288,147193856
105386766921040,0,0.0,147980288,147193856
105386867072083,0,0.0,147980288,147193856
105386967221459,0,0.0,147980288,147193856
105387067375131,0,9.984641524895865,147980288,147193856
105387167535248,0,0.0,147980288,147193856
105387267688327,0,0.0,147980288,147193856
105387367838685,0,0.0,147980288,147193856
105387467988227,0,0.0,147980288,147193856
105387568143418,0,0.0,147980288,147193856
105387668296553,0,0.0,147980288,147193856
105387768451577,0,0.0,147980288,147193856
105387868603082,0,0.0,147980288,147193856
105387968753291,0,0.0,147980288,147193856
105388068904185,0,0.0,147980288,147193856
105388169057524,0,0.0,147980288,147193856
105388269208418,0,0.0,147980288,147193856
105388369356682,0,0.0,147980288,147193856
105388469506040,0,0.0,147980288,147193856
105388569658989,0,0.0,147980288,147193856
105388669824698,0,0.0,147980288,147193856
105388769983925,0,0.0,147980288,147193856
105388870137690,0,9.98466375730633,147980288,147193856
105388970290232,0,0.0,147980288,147193856
105389070446274,0,0.0,147980288,147193856
105389170627446,0,0.0,147980288,147193856
105389270809025,0,0.0,147980288,147193856
105389370966400,0,9.984322317561013,147980288,147193856
105389471120609,0,0.0,147980288,147193856
105389571273688,0,0.0,147980288,147193856
105389671423933,0,0.0,147980288,147193856
105389771580957,0,0.0,147980288,147193856
105389871733276,0,0.0,147980288,147193856
105389971888133,0,0.0,147980288,147193856
105390072081231,0,0.0,147980288,147193856
105390172261106,0,0.0,147980288,147193856
105390272423000,0,0.0,147980288,147193856
105390372575727,0,0.0,147980288,147193856
105390472732269,0,0.0,147980288,147193856
105390572923384,0,0.0,147980288,147193856
105390673081944,0,0.0,147980288,147193856
105390773239301,0,0.0,147980288,147193856
105390873395565,0,0.0,147980288,147193856
105390973547662,0,0.0,147980288,147193856
105391073706630,0,0.0,147980288,147193856
105391173865523,0,0.0,147980288,147193856
105391274027528,0,0.0,147980288,147193856
105391374185977,0,9.984187542584126,147980288,147193856
105391474346537,0,0.0,147980288,147193856
105391574504486,0,0.0,147980288,147193856
105391674658435,0,0.0,147980288,147193856
105391774818476,0,0.0,147980288,147193856
105391874978980,0,0.0,147980288,147193856
105391975163911,0,0.0,147980288,147193856
105392075330230,0,0.0,147980288,147193856
105392175487975,0,0.0,147980288,147193856
105392275651905,0,0.0,147980288,147193856
105392375809539,0,0.0,147980288,147193856
105392475966470,0,0.0,147980288,147193856
105392576126548,0,0.0,147980288,147193856
105392676281978,0,0.0,147980288,147193856
105392776442575,0,0.0,147980288,147193856
105392876602283,0,9.984052871334864,147980288,147193856
105392976762787,0,0.0,147980288,147193856
105393076927235,0,0.0,147980288,147193856
105393177084517,0,0.0,147980288,147193856
105393277242466,0,0.0,147980288,147193856
105393377402526,0,0.0,147980288,147193856
105393477557789,0,0.0,147980288,147193856
105393577713108,0,0.0,147980288,147193856
105393677873278,0,0.0,147980288,147193856
105393778048004,0,0.0,147980288,147193856
105393878217342,0,0.0,147980288,147193856
105393978382809,0,0.0,147980288,147193856
105394078575183,0,0.0,147980288,147193856
105394178761742,0,9.981341976772038,147980288,147193856
105394278962339,0,0.0,147980288,147193856
105394379133047,0,0.0,147980288,147193856
105394479296199,0,0.0,147980288,147193856
105394579473591,0,0.0,147980288,147193856
105394679634391,0,0.0,147980288,147193856
105394779793450,0,0.0,147980288,147193856
105394879952565,0,0.0,147980288,147193856
105394980121236,0,0.0,147980288,147193856
105395080277832,0,0.0,147980288,147193856
105395180461669,0,0.0,147980288,147193856
105395280625636,0,0.0,147980288,147193856
105395380788417,0,0.0,147980288,147193856
105395480954773,0,0.0,147980288,147193856
105395581156721,0,9.979969403498881,147980288,147193856
105395681326631,0,0.0,147980288,147193856
105395781490339,0,0.0,147980288,147193856
105395881674583,0,0.0,147980288,147193856
105395981843808,0,0.0,147980288,147193856
105396082009238,0,0.0,147980288,147193856
105396182168464,0,0.0,147980288,147193856
105396282325800,0,0.0,147980288,147193856
105396382487378,0,0.0,147980288,147193856
105396482644863,0,0.0,147980288,147193856
105396582801070,0,0.0,147980288,147193856
105396682958314,0,0.0,147980288,147193856
105396783113743,0,0.0,147980288,147193856
105396883266302,0,0.0,147980288,147193856
105396983430694,0,9.983604326519947,147980288,147193856
105397083591382,0,0.0,147980288,147193856
105397183749793,0,0.0,147980288,147193856
105397283904092,0,0.0,147980288,147193856
105397384107651,0,0.0,147980288,147193856
105397484266821,0,0.0,147980288,147193856
105397584421898,0,0.0,147980288,147193856
105397684576642,0,0.0,147980288,147193856
105397784734404,0,0.0,147980288,147193856
105397884888574,0,0.0,147980288,147193856
105397985051966,0,0.0,147980288,147193856
105398085218580,0,0.0,147980288,147193856
105398185409009,0,0.0,147980288,147193856
105398285579586,0,9.983002740089937,147980288,147193856
105398385741478,0,0.0,147980288,147193856
105398485903222,0,0.0,147980288,147193856
105398586061650,0,0.0,147980288,147193856
105398686217634,0,0.0,147980288,147193856
105398786378600,0,0.0,147980288,147193856
105398886551177,0,0.0,147980288,147193856
105398986756902,0,0.0,147980288,147193856
105399086919035,0,0.0,147980288,147193856
105399187091500,0,0.0,147980288,147193856
105399287270670,0,0.0,147980288,147193856
105399387431617,0,0.0,147980288,147193856
105399487586916,0,0.0,147980288,147193856
105399587741419,0,0.0,147980288,147193856
105399687892625,0,9.984907712474765,147980288,147193856
105399788048664,0,0.0,147980288,147193856
105399888200204,0,0.0,147980288,147193856
105399988357521,0,0.0,147980288,147193856
105400088512728,0,0.0,147980288,147193856
105400188665064,0,0.0,147980288,147193856
105400288817436,0,0.0,147980288,147193856
105400388975883,0,0.0,147980288,147193856
105400489173867,0,0.0,147980288,147193856
105400589335851,0,0.0,147980288,147193856
105400689487816,0,0.0,147980288,147193856
105400789641578,0,0.0,147980288,147193856
105400889792432,0,0.0,147980288,147193856
105400989950898,0,0.0,147980288,147193856
105401090109104,0,9.984112083300237,147980288,147193856
105401190293624,0,0.0,147980288,147193856
105401290456738,0,0.0,147980288,147193856
105401390610203,0,0.0,147980288,147193856
105401490765391,0,0.0,147980288,147193856
105401590918782,0,0.0,147980288,147193856
105401691068710,0,0.0,147980288,147193856
105401791219823,0,0.0,147980288,147193856
105401891368010,0,0.0,147980288,147193856
105401991522216,0,0.0,147980288,147193856
105402091680514,0,0.0,147980288,147193856
105402191863942,0,0.0,147980288,147193856
105402292024315,0,0.0,147980288,147193856
105402392180224,0,9.984459089398657,147980288,147193856
105402492335263,0,0.0,147980288,147193856
105402592526284,0,0.0,147980288,147193856
105402692680249,0,0.0,147980288,147193856
105402792835121,0,0.0,147980288,147193856
105402893015289,0,0.0,147980288,147193856
105402993178143,0,0.0,147980288,147193856
105403093339552,0,0.0,147980288,147193856
105403193494036,0,0.0,147980288,147193856
105403293644704,0,0.0,147980288,147193856
105403393794928,0,0.0,147980288,147193856
105403493944801,0,0.0,147980288,147193856
105403594099228,0,0.0,147980288,147193856
105403694251711,0,0.0,147980288,147193856
105403794407380,0,9.984283838237097,147980288,147193856
105403894625622,0,0.0,147980288,147193856
105403994816161,0,0.0,147980288,147193856
105404094988644,0,0.0,147980288,147193856
105404195152034,0,0.0,147980288,147193856
105404295333055,0,0.0,147980288,147193856
105404395495834,0,0.0,147980288,147193856
105404495670095,0,0.0,147980288,147193856
105404595834152,0,0.0,147980288,147193856
105404695989283,0,0.0,147980288,147193856
105404796150118,0,0.0,147980288,147193856
105404896306323,0,0.0,147980288,147193856
105404996460324,0,0.0,147980288,147193856
105405096615566,0,0.0,147980288,147193856
105405196770938,0,0.0,147980288,147193856
105405296924236,0,9.984699248128177,147980288,147193856
105405397127071,0,0.0,147980288,147193856
105405497319128,0,0.0,147980288,147193856
105405597483999,0,0.0,147980288,147193856
105405697639278,0,0.0,147980288,147193856
105405797793742,0,0.0,147980288,147193856
105405897983836,0,0.0,147980288,147193856
105405998145448,0,0.0,147980288,147193856
105406098309098,0,0.0,147980288,147193856
105406198503895,0,0.0,147980288,147193856
105406298688415,0,0.0,147980288,147193856
105406398847879,0,0.0,147980288,147193856
105406499000843,0,0.0,147980288,147193856
105406599154641,0,9.984656776391622,147980288,147193856
105406699308253,0,0.0,147980288,147193856
105406799459698,0,0.0,147980288,147193856
105406899608810,0,0.0,147980288,147193856
105406999758441,0,0.0,147980288,147193856
105407099934108,0,0.0,147980288,147193856
105407200275350,0,0.0,147980288,147193856
105407300503129,0,0.0,147980288,147193856
105407400707000,0,0.0,147980288,147193856
105407500901298,0,0.0,147980288,147193856
105407601079909,0,0.0,147980288,147193856
105407701253151,0,0.0,147980288,147193856
105407801415929,0,0.0,147980288,147193856
105407901575338,0,9.984058751883794,147980288,147193856
105408001747412,0,0.0,147980288,147193856
105408101921617,0,0.0,147980288,147193856
105408202162710,0,0.0,147980288,147193856
105408302364563,0,0.0,147980288,147193856
105408402534323,0,0.0,147980288,147193856
105408502691268,0,0.0,147980288,147193856
105408602844972,0,0.0,147980288,147193856
105408703002436,0,0.0,147980288,147193856
105408803155103,0,0.0,147980288,147193856
105408903305437,0,0.0,147980288,147193856
105409003461382,0,0.0,147980288,147193856
105409103627012,0,0.0,147980288,147193856
105409203786494,0,0.0,147980288,147193856
105409303960754,0,9.982643078275277,147980288,147193856
105409404175847,0,0.0,147980288,147193856
105409504330940,0,0.0,147980288,147193856
105409604481218,0,0.0,147980288,147193856
105409704633996,0,0.0,147980288,147193856
105409804785552,0,0.0,147980288,147193856
105409904935811,0,0.0,147980288,147193856
105410005095182,0,0.0,147980288,147193856
105410105286460,0,0.0,147980288,147193856
105410205456312,0,0.0,147980288,147193856
105410305620757,0,0.0,147980288,147193856
105410405791535,0,0.0,147980288,147193856
105410505989276,0,0.0,147980288,147193856
105410606155906,0,9.983414552343671,147980288,147193856
105410706319647,0,0.0,147980288,147193856
105410806479147,0,0.0,147980288,147193856
105410906638665,0,0.0,147980288,147193856
105411006796925,0,0.0,147980288,147193856
105411106960369,0,0.0,147980288,147193856
105411207153962,0,0.0,147980288,147193856
105411307321444,0,0.0,147980288,147193856
105411407483184,0,0.0,147980288,147193856
105411507641388,0,0.0,147980288,147193856
105411607799388,0,0.0,147980288,147193856
105411707957277,0,0.0,147980288,147193856
105411808120999,0,0.0,147980288,147193856
105411908277332,0,0.0,147980288,147193856
105412008437017,0,9.984060646310349,147980288,147193856
105412108596609,0,0.0,147980288,147193856
105412208756609,0,0.0,147980288,147193856
105412308917887,0,0.0,147980288,147193856
105412409076183,0,0.0,147980288,147193856
105412509232535,0,0.0,147980288,147193856
105412609387164,0,0.0,147980288,147193856
105412709541997,0,0.0,147980288,147193856
105412809701034,0,0.0,147980288,147193856
105412909856515,0,0.0,147980288,147193856
105413010024311,0,0.0,147980288,147193856
105413110222477,0,0.0,147980288,147193856
105413210393643,0,0.0,147980288,147193856
105413310559069,0,0.0,147980288,147193856
105413410724124,0,9.98352907475612,147980288,147193856
105413510886087,0,0.0,147980288,147193856
105413611040679,0,0.0,147980288,147193856
105413711196178,0,0.0,147980288,147193856
105413811356937,0,0.0,147980288,147193856
105413911513677,0,0.0,147980288,147193856
105414011670398,0,0.0,147980288,147193856
105414111867379,0,0.0,147980288,147193856
105414212039842,0,0.0,147980288,147193856
105414312227063,0,0.0,147980288,147193856
105414412413415,0,0.0,147980288,147193856
105414512580636,0,0.0,147980288,147193856
105414612782839,0,9.979818710666969,147980288,147193856
105414712945838,0,0.0,147980288,147193856
105414813106541,0,9.983961066616478,147980288,147193856
105414913267615,0,0.0,147980288,147193856
105415013429762,0,0.0,147980288,147193856
105415113588002,0,0.0,147980288,147193856
105415213745112,0,0.0,147980288,147193856
105415313905222,0,0.0,147980288,147193856
105415414076536,0,0.0,147980288,147193856
105415514275943,0,0.0,147980288,147193856
105415614442535,0,0.0,147980288,147193856
105415714600719,0,0.0,147980288,147193856
105415814764199,0,0.0,147980288,147193856
105415914943957,0,0.0,147980288,147193856
105416015110068,0,0.0,147980288,147193856
105416115271344,0,0.0,147980288,147193856
105416215428584,0,0.0,147980288,147193856
105416315585842,0,9.984291514929481,147980288,147193856
105416415751045,0,0.0,147980288,147193856
105416515910303,0,0.0,147980288,147193856
105416616076209,0,0.0,147980288,147193856
105416716234338,0,0.0,147980288,147193856
105416816393096,0,0.0,147980288,147193856
105416916554761,0,0.0,147996672,147193856
105417016716538,0,0.0,147996672,147193856
105417116898314,0,0.0,148013056,147193856
105417217062498,0,0.0,148013056,147193856
105417317255386,0,0.0,148848640,147767296
105417417494681,0,0.0,148848640,147767296
105417517674698,0,0.0,148848640,147767296
105417617846104,0,9.982892416526616,148848640,147767296
105417718012714,0,0.0,148848640,147767296
105417818174712,0,0.0,148848640,147767296
105417918365507,0,0.0,148865024,147767296
105418018600154,0,0.0,148865024,147767296
105418118796041,0,0.0,148865024,147767296
105418218974410,0,9.98220960688938,148865024,147767296
105418319144001,0,0.0,148865024,147767296
105418419310537,0,0.0,148865024,147767296
105418519499017,0,0.0,148881408,147767296
105418619724608,0,0.0,148881408,147767296
105418719902254,0,0.0,148881408,147767296
105418820078123,0,0.0,148881408,147767296
105418920241269,0,9.983724932155557,148881408,147767296
105419020402342,0,0.0,148881408,147767296
105419122921452,0,0.0,148881408,147767296
105419224025821,0,0.0,148881408,147767296
105419324247894,0,0.0,148881408,147767296
105419424420948,0,9.982744825791853,148881408,147767296
105419524588390,0,0.0,148881408,147767296
105419624749166,0,0.0,148881408,147767296
105419724905442,0,0.0,148881408,147767296
105419825085311,0,0.0,148881408,147767296
105419925277661,0,0.0,148881408,147767296
105420025447177,0,9.983076987583457,148881408,147767296
105420125618268,0,0.0,148881408,147767296
105420225779785,0,0.0,148881408,147767296
105420325933709,0,0.0,148881408,147767296
105420426100299,0,0.0,148897792,147767296
105420526325482,0,0.0,148897792,147767296
105420626501999,0,9.98242932722012,148897792,147767296
105420726659534,0,0.0,148897792,147767296
105420826817087,0,0.0,148897792,147767296
105420927007844,0,0.0,148897792,147767296
105421027169639,0,0.0,148897792,147767296
105421127352914,0,0.0,148897792,147767296
105421227509505,0,9.984363588220356,148897792,147767296
105421327671984,0,0.0,148897792,147767296
105421427827037,0,0.0,148897792,147767296
105421527986239,0,0.0,148897792,147767296
105421628150977,0,9.983484920369834,148897792,147767296
105421728334438,0,0.0,148897792,147767296
105421828494917,0,0.0,148897792,147767296
105421928647896,0,0.0,148897792,147767296
105422028810894,0,0.0,148897792,147767296
105422129006318,0,0.0,148897792,147767296
105422229173871,0,9.983270833044392,148897792,147767296
105422329362368,0,0.0,148897792,147767296
105422429527144,0,0.0,148897792,147767296
105422529765493,0,0.0,148897792,147767296
105422629935213,0,0.0,148897792,147767296
105422730090673,0,0.0,148897792,147767296
105422830496745,0,9.95949642053046,148897792,147767296
105422930946465,0,0.0,148897792,147767296
105423031117110,0,0.0,148897792,147767296
105423131273700,0,0.0,148897792,147767296
105423231428494,0,0.0,148897792,147767296
105423331581992,0,0.0,148897792,147767296
105423431734730,0,9.984723572775613,148897792,147767296
105423531895209,0,0.0,148897792,147767296
105423632087817,0,0.0,148897792,147767296
105423732249259,0,0.0,148897792,147767296
105423832406478,0,0.0,148897792,147767296
105423932558401,0,0.0,148897792,147767296
105424032716695,0,9.984206781838775,148897792,147767296
105424132876655,0,0.0,148897792,147767296
105424233097263,0,0.0,148897792,147767296
105424333287798,0,0.0,148897792,147767296
105424433454684,0,0.0,148897792,147767296
105424533615977,0,0.0,148897792,147767296
105424633777826,0,9.983771080162713,148897792,147767296
105424733964212,0,0.0,148897792,147767296
105424834151135,0,0.0,148897792,147767296
105424934351095,0,0.0,148897792,147767296
105425034519925,0,0.0,148897792,147767296
105425134709830,0,0.0,148897792,147767296
105425234876716,0,9.98338166244498,148897792,147767296
105425335038305,0,0.0,148897792,147767296
105425435230969,0,0.0,148897792,147767296
105425535439762,0,0.0,148897792,147767296
105425635618388,0,0.0,148897792,147767296
105425735780330,0,0.0,148897792,147767296
105425835941438,0,9.983819124381883,148897792,147767296
105425936156379,0,0.0,148897792,147767296
105426036362302,0,0.0,148897792,147767296
105426136567280,0,0.0,148897792,147767296
105426236740480,0,0.0,148897792,147767296
105426336900366,0,9.984088658080385,148897792,147767296
105426437060159,0,0.0,148897792,147767296
105426537513156,0,0.0,148897792,147767296
105426638071208,0,0.0,148897792,147767296
105426738237038,0,0.0,148897792,147767296
105426838396424,0,0.0,148897792,147767296
105426938552568,0,9.984409843678792,148897792,147767296
105427038708898,0,0.0,148897792,147767296
105427138869599,0,0.0,148897792,147767296
105427239025225,0,0.0,148897792,147767296
105427339215907,0,0.0,148897792,147767296
105427439379162,0,0.0,148897792,147767296
105427539535955,0,0.0,148897792,147767296
105427639696452,0,9.98396684697076,148897792,147767296
105427739858874,0,0.0,148897792,147767296
105427840017018,0,0.0,148914176,147767296
105427940221385,0,0.0,148914176,147767296
105428040397418,0,0.0,148914176,147767296
105428140562230,0,0.0,148914176,147767296
105428240719282,0,9.984323113957762,148914176,147767296
105428340873852,0,0.0,148914176,147767296
105428441034126,0,0.0,148914176,147767296
105428541245641,0,0.0,148914176,147767296
105428641430044,0,0.0,148914176,147767296
105428741599133,0,0.0,148914176,147767296
105428841762870,0,9.9836586466322,148914176,147767296
105428941932644,0,0.0,148914176,147767296
105429042102251,0,0.0,148914176,147767296
105429142322470,0,0.0,148914176,147767296
105429242525744,0,0.0,148914176,147767296
105429342696481,0,9.982970151654332,148914176,147767296
105429442875829,0,0.0,148914176,147767296
105429543038713,0,0.0,148914176,147767296
105429643229450,0,0.0,148914176,147767296
105429743451724,0,0.0,148914176,147767296
105429843628979,0,0.0,148914176,147767296
105429943800994,0,0.0,148914176,147767296
105430043968008,0,0.0,148914176,147767296
105430144160504,0,0.0,148914176,147767296
105430246031871,0,9.81622245019942,148914176,147767296
105430346590293,0,0.0,148914176,147767296
105430446764845,0,0.0,148914176,147767296
105430546976211,0,0.0,148914176,147767296
105430647143003,0,0.0,148914176,147767296
105430747315221,0,0.0,148914176,147767296
105430847473568,0,0.0,148914176,147767296
105430947639509,0,9.983337509362167,148914176,147767296
105431047846227,0,0.0,148914176,147767296
105431148049685,0,0.0,148914176,147767296
105431248234588,0,0.0,148914176,147767296
105431348400695,0,0.0,148914176,147767296
105431448562228,0,0.0,148914176,147767296
105431548728131,0,9.983398406867359,148914176,147767296
105431648929534,0,0.0,148914176,147767296
105431749109566,0,0.0,148914176,147767296
105431849277488,0,0.0,148914176,147767296
105431949439576,0,0.0,148914176,147767296
105432049607868,0,0.0,148914176,147767296
105432149774585,0,9.983304321202661,148914176,147767296
105432249981137,0,0.0,148914176,147767296
105432350153521,0,0.0,148914176,147767296
105432450316294,0,0.0,148914176,147767296
105432550478993,0,0.0,148914176,147767296
105432650638544,0,0.0,148914176,147767296
105432750807762,0,19.96611032502159,148914176,147767296
105432851008942,0,0.0,148914176,147767296
105432951183660,0,0.0,148914176,147767296
105433051351581,0,0.0,148914176,147767296
105433151512632,0,0.0,148914176,147767296
105433251676868,0,0.0,148914176,147767296
105433351842382,0,0.0,148914176,147767296
105433452027747,0,0.0,148914176,147767296
105433552198094,0,0.0,148914176,147767296
105433652358219,0,0.0,148914176,147767296
105433752528659,0,0.0,148914176,147767296
105433852746635,0,9.978329064295902,148914176,147767296
105433953962927,0,0.0,148914176,147767296
105434054496663,0,0.0,148914176,147767296
105434154699621,0,0.0,148914176,147767296
105434254894116,0,0.0,148914176,147767296
105434355066574,0,0.0,148914176,147767296
105434455227847,0,9.983887602299315,148914176,147767296
105434555403601,0,0.0,148914176,147767296
105434655571411,0,0.0,148914176,147767296
105434755770961,0,0.0,148914176,147767296
105434855954438,0,0.0,148914176,147767296
105434956135192,0,0.0,148914176,147767296
105435056300131,0,9.983538741693923,148914176,147767296
105435156461996,0,0.0,148914176,147767296
105435256619880,0,0.0,148930560,147767296
105435356831468,0,0.0,148930560,147767296
105435457011574,0,0.0,148930560,147767296
105435557229365,0,0.0,148930560,147767296
105435657404730,0,0.0,148930560,147767296
105435757570261,0,9.98345382267633,148930560,147767296
105435857768423,0,0.0,148930560,147767296
105435958000899,0,0.0,148930560,147767296
105436058183190,0,0.0,148930560,147767296
105436158356518,0,0.0,148930560,147767296
105436258520364,0,0.0,148930560,147767296
105436358686526,0,9.983426114695387,148930560,147767296
105436458854372,0,0.0,148930560,147767296
105436559047126,0,0.0,148930560,147767296
105436659219528,0,0.0,148930560,147767296
105436759381782,0,0.0,148930560,147767296
105436859546350,0,0.0,148930560,147767296
105436959748030,0,9.979867015417751,148930560,147767296
105437059944709,0,0.0,148930560,147767296
105437160195926,0,9.975096075215712,148930560,147767296
105437260378217,0,0.0,148930560,147767296
105437360546433,0,0.0,148930560,147767296
105437460709409,0,0.0,148930560,147767296
105437560864552,0,0.0,148930560,147767296
105437661414935,0,9.945186013485744,148930560,147767296
105437761898522,0,0.0,148930560,147767296
105437862067590,0,0.0,148930560,147767296
105437962231936,0,0.0,148930560,147767296
105438062398634,0,0.0,148930560,147767296
105438162594055,0,0.0,148930560,147767296
105438262755012,0,0.0,148930560,147767296
105438362915506,0,9.983915412927855,148930560,147767296
105438463107093,0,0.0,148930560,147767296
105438563274976,0,0.0,148930560,147767296
105438663475451,0,0.0,148930560,147767296
105438763641353,0,0.0,148930560,147767296
105438863824865,0,0.0,148930560,147767296
105438963993433,0,9.983149342100827,148930560,147767296
105439064198427,0,0.0,148930560,147767296
105439164369070,0,0.0,148930560,147767296
105439264553490,0,0.0,148930560,147767296
105439364720261,0,0.0,148930560,147767296
105439464877626,0,0.0,148930560,147767296
105439565035860,0,9.98412583908547,148930560,147767296
105439665249669,0,0.0,148930560,147767296
105439765422941,0,0.0,148930560,147767296
105439865583157,0,0.0,148930560,147767296
105439965749799,0,0.0,148930560,147767296
105440065909218,0,0.0,148930560,147767296
105440166068101,0,9.984100020364238,148930560,147767296
105440266254762,0,0.0,148930560,147767296
105440366413755,0,0.0,148930560,147767296
105440466587249,0,0.0,148930560,147767296
105440566852521,0,0.0,148930560,147767296
105440667041940,0,0.0,148930560,147767296
105440767215693,0,9.982662212966575,148930560,147767296
105440867407927,0,0.0,148930560,147767296
105440967581236,0,0.0,148930560,147767296
105441067743581,0,0.0,148930560,147767296
105441167899260,0,0.0,148930560,147767296
105441268051624,0,0.0,148930560,147767296
105441369404322,0,9.866414762927795,148930560,147767296
105441469927871,0,0.0,148930560,147767296
105441570093253,0,0.0,148930560,147767296
105441670248395,0,0.0,148930560,147767296
105441770403370,0,0.0,148930560,147767296
105441870554326,0,0.0,148930560,147767296
105441970714746,0,0.0,148930560,147767296
105442070876572,0,9.98370320288137,148930560,147767296
105442171097047,0,0.0,148930560,147767296
105442271268226,0,0.0,148930560,147767296
105442371447497,0,0.0,148930560,147767296
105442471612990,0,0.0,148930560,147767296
105442571768613,0,0.0,148930560,147767296
105442671925699,0,9.98426260554059,148930560,147767296
105442772121025,0,0.0,148930560,147767296
105442872285185,0,0.0,148930560,147767296
105442972450790,0,0.0,148930560,147767296
105443072619931,0,0.0,148930560,147767296
105443172825850,0,0.0,148930560,147767296
105443272997899,0,9.98281538160317,148930560,147767296
105443373197985,0,0.0,148930560,147767296
105443473371478,0,0.0,148930560,147767296
105443573529860,0,0.0,148930560,147767296
105443673683927,0,0.0,148930560,147767296
105443773837346,0,0.0,148930560,147767296
105443873994431,0,9.984220140419385,148930560,147767296
105443974206369,0,0.0,148930560,147767296
105444074383195,0,0.0,148930560,147767296
105444174546614,0,0.0,148930560,147767296
105444274723848,0,0.0,148930560,147767296
105444374882452,0,0.0,148930560,147767296
105444475040648,0,9.984074204678544,148930560,147767296
105444575260900,0,0.0,148930560,147767296
105444675444134,0,0.0,148930560,147767296
105444775630367,0,0.0,148930560,147767296
105444875801545,0,0.0,148930560,147767296
105444975961149,0,0.0,148930560,147767296
105445076225864,0,9.97340869815364,148946944,147767296
105445176524616,0,0.0,148946944,147767296
105445276716831,0,0.0,148946944,147767296
105445376883917,0,0.0,148946944,147767296
105445477054910,0,0.0,148946944,147767296
105445577309087,0,0.0,148946944,147767296
105445677489098,0,0.0,148946944,147767296
105445777655258,0,0.0,148946944,147767296
105445877849454,0,9.980664159883306,148946944,147767296
105445978016335,0,0.0,148946944,147767296
105446078192346,0,0.0,148946944,147767296
105446178382709,0,0.0,148946944,147767296
105446278545295,0,0.0,148946944,147767296
105446378703139,0,9.98415733842578,148946944,147767296
105446478894539,0,0.0,148946944,147767296
105446579066402,0,0.0,148946944,147767296
105446679236079,0,0.0,148946944,147767296
105446779401201,0,0.0,148946944,147767296
105446879562842,0,9.98387673802138,148946944,147767296
105446979727630,0,0.0,148946944,147767296
105447079932123,0,0.0,148946944,147767296
105447180111485,0,0.0,148946944,147767296
105447280278663,0,0.0,148946944,147767296
105447380436118,0,0.0,148946944,147767296
105447480595462,0,0.0,148946944,147767296
105447580763177,0,9.983217910901653,148946944,147767296
105447680959799,0,0.0,148946944,147767296
105447781131420,0,0.0,148946944,147767296
105447881296005,0,0.0,148946944,147767296
105447981455849,0,0.0,148946944,147767296
105448081623101,0,0.0,148946944,147767296
105448181789852,0,0.0,148946944,147767296
105448282002344,0,0.0,148946944,147767296
105448382171910,0,0.0,148946944,147767296
105448482333847,0,9.983819623349119,148946944,147767296
105448582500913,0,0.0,148946944,147767296
105448682663183,0,9.983810453383638,148946944,147767296
105448784804953,0,0.0,148946944,147767296
105448885279908,0,0.0,148946944,147767296
105448985443511,0,0.0,148946944,147767296
105449085610522,0,0.0,148946944,147767296
105449185811014,0,0.0,148946944,147767296
105449286012765,0,0.0,148946944,147767296
105449386171535,0,0.0,148946944,147767296
105449486339656,0,9.983155221585902,148946944,147767296
105449586534630,0,0.0,148946944,147767296
105449686714214,0,0.0,148946944,147767296
105449786886057,0,0.0,148946944,147767296
105449887048290,0,0.0,148946944,147767296
105449987207282,0,0.0,148946944,147767296
105450087382162,0,9.982380100069753,148946944,147767296
105450187654413,0,0.0,148946944,147767296
105450287837924,0,0.0,148946944,147767296
105450388016304,0,0.0,148946944,147767296
105450488223851,0,0.0,148946944,147767296
105450588400158,0,0.0,148946944,147767296
105450688607038,0,9.979295655339335,148946944,147767296
105450788847493,0,0.0,148946944,147767296
105450889024540,0,0.0,148946944,147767296
105450989203513,0,0.0,148946944,147767296
105451089378023,0,0.0,148946944,147767296
105451189549255,0,0.0,148946944,147767296
105451289748395,0,9.980070297902115,148946944,147767296
105451389987812,0,0.0,148946944,147767296
105451490162119,0,0.0,148946944,147767296
105451590336388,0,0.0,148946944,147767296
105451690504546,0,0.0,148946944,147767296
105451790667908,0,0.0,148946944,147767296
105451890843251,0,9.982400428614977,148946944,147767296
105451991082927,0,0.0,148946944,147767296
105452091265585,0,0.0,148946944,147767296
105452191435188,0,0.0,148946944,147767296
105452291606475,0,0.0,148946944,147767296
105452391774170,0,0.0,148946944,147767296
105452492172254,0,9.96020251727836,148946944,147767296
105452592766023,0,0.0,148946944,147767296
105452692959885,0,0.0,148946944,147767296
105452793134672,0,0.0,148946944,147767296
105452893295682,0,0.0,148946944,147767296
105452993457303,0,0.0,148946944,147767296
105453093652886,0,0.0,148946944,147767296
105453193821489,0,9.983118348017207,148946944,147767296
105453294027572,0,0.0,148946944,147767296
105453394205119,0,0.0,148946944,147767296
105453494372610,0,0.0,148946944,147767296
105453594534749,0,0.0,148946944,147767296
105453694689536,0,0.0,148946944,147767296
105453794879064,0,9.981014812916337,148946944,147767296
105453895099944,0,0.0,148946944,147767296
105453995274435,0,0.0,148946944,147767296
105454095448500,0,9.982575813781116,148946944,147767296
105454195637491,0,0.0,148946944,147767296
105454295832278,0,0.0,148946944,147767296
105454396032917,0,0.0,148946944,147767296
105454496301408,0,0.0,148946944,147767296
105454596482399,0,0.0,148946944,147767296
105454696662464,0,9.98192064542944,148946944,147767296
105454796870158,0,0.0,148946944,147767296
105454897051019,0,0.0,148946944,147767296
105454997242251,0,0.0,148946944,147767296
105455097449019,0,0.0,148946944,147767296
105455197626103,0,0.0,148946944,147767296
105455297797445,0,0.0,148946944,147767296
105455397960695,0,9.983677685136714,148946944,147767296
105455498139056,0,0.0,148946944,147767296
105455598369436,0,0.0,148946944,147767296
105455698586593,0,0.0,148946944,147767296
105455798775842,0,0.0,148946944,147767296
105455898951537,0,0.0,148946944,147767296
105455999145083,0,0.0,148946944,147767296
105456099316647,0,0.0,148946944,147767296
105456199916008,0,9.940351429338838,148946944,147767296
105456300455499,0,0.0,148946944,147767296
105456400618471,0,0.0,148946944,147767296
105456500775684,0,0.0,148946944,147767296
105456600928896,0,0.0,148946944,147767296
105456701084331,0,0.0,148946944,147767296
105456801270025,0,0.0,148946944,147767296
105456901441552,0,9.982821260694886,148946944,147767296
105457001645969,0,0.0,148946944,147767296
105457101820126,0,0.0,148946944,147767296
105457201981153,0,0.0,148946944,147767296
105457302151921,0,0.0,148946944,147767296
105457402312948,0,0.0,148946944,147767296
105457502476605,0,9.983644394634963,148946944,147767296
105457602663577,0,0.0,148946944,147767296
105457702831400,0,0.0,148946944,147767296
105457803026446,0,0.0,148946944,147767296
105457903193899,0,0.0,148946944,147767296
105458003361037,0,0.0,148946944,147767296
105458103548490,0,9.981263871219012,148946944,147767296
105458203760055,0,0.0,148946944,147767296
105458303948230,0,0.0,148946944,147767296
105458404134998,0,0.0,148946944,147767296
105458504301932,0,0.0,148946944,147767296
105458604479663,0,0.0,148946944,147767296
105458704672264,0,9.980645930130656,148946944,147767296
105458804926050,0,0.0,148946944,147767296
105458905113596,0,0.0,148946944,147767296
105459005286289,0,0.0,148946944,147767296
105459105450705,0,0.0,148946944,147767296
105459205631750,0,0.0,148946944,147767296
105459305841703,0,9.97905416536442,148946944,147767296
105459406052823,0,0.0,148946944,147767296
105459506219646,0,0.0,148946944,147767296
105459606387080,0,0.0,148946944,147767296
105459706553107,0,0.0,148946944,147767296
105459806739022,0,0.0,148946944,147767296
105459909639162,0,9.718140589560006,148946944,147767296
105460010135411,0,0.0,148946944,147767296
105460110296771,0,0.0,148946944,147767296
105460210451131,0,0.0,148946944,147767296
105460310602380,0,0.0,148946944,147767296
105460410758147,0,0.0,148946944,147767296
105460510954563,0,0.0,148946944,147767296
105460611184274,0,9.977123851143238,148946944,147767296
105460711398801,0,0.0,148946944,147767296
105460811584142,0,0.0,148946944,147767296
105460911796262,0,0.0,148946944,147767296
105461011989881,0,0.0,148946944,147767296
105461112199444,0,0.0,148946944,147767296
105461212379767,0,9.98200573701011,148946944,147767296
105461312588423,0,0.0,148946944,147767296
105461412794339,0,0.0,148946944,147767296
105461512961736,0,0.0,148946944,147767296
105461613123891,0,0.0,148946944,147767296
105461713289566,0,9.983380567424522,148946944,147767296
105461813496203,0,0.0,148946944,147767296
105461913704119,0,0.0,148946944,147767296
105462013868201,0,0.0,148946944,147767296
105462114033486,0,0.0,148946944,147767296
105462214195383,0,0.0,148946944,147767296
105462314350780,0,9.984475238305894,148946944,147767296
105462414533676,0,9.981715992820957,148963328,147767296
105462514730480,0,0.0,148963328,147767296
105462614892525,0,0.0,148963328,147767296
105462715061644,0,0.0,148963328,147767296
105462815249466,0,0.0,148963328,147767296
105462915417622,0,0.0,148963328,147767296
105463015597370,0,9.982035230718088,148963328,147767296
105463115794452,0,0.0,148963328,147767296
105463215973848,0,0.0,148963328,147767296
105463316167523,0,0.0,148963328,147767296
105463416326901,0,0.0,148963328,147767296
105463516490649,0,0.0,148963328,147767296
105463616740304,0,9.97507080126751,148963328,147767296
105463716949608,0,0.0,148963328,147767296
105463817173153,0,0.0,148963328,147767296
105463917359901,0,0.0,148963328,147767296
105464017537593,0,0.0,148963328,147767296
105464117696916,0,0.0,148963328,147767296
105464217852423,0,0.0,148963328,147767296
105464318062968,0,9.978951099058639,148963328,147767296
105464418274216,0,0.0,148963328,147767296
105464518445093,0,0.0,148963328,147767296
105464618610860,0,0.0,148963328,147767296
105464718776330,0,0.0,148963328,147767296
105464818972096,0,0.0,148963328,147767296
105464919162807,0,9.98090064825382,148963328,147767296
105465019385963,0,0.0,148963328,147767296
105465119551414,0,0.0,148963328,147767296
105465219712255,0,0.0,148963328,147767296
105465319874225,0,0.0,148963328,147767296
105465420033436,0,0.0,148963328,147767296
105465520228388,0,9.980358355027382,148963328,147767296
105465620487487,0,0.0,148963328,147767296
105465720673883,0,0.0,148963328,147767296
105465820856112,0,0.0,148963328,147767296
105465921043101,0,0.0,148963328,147767296
105466021208645,0,0.0,148963328,147767296
105466121392763,0,9.981612871524014,148963328,147767296
105466221628400,0,0.0,148963328,147767296
105466321787555,0,0.0,148963328,147767296
105466421942803,0,0.0,148963328,147767296
105466522112754,0,0.0,148963328,147767296
105466622270279,0,0.0,148963328,147767296
105466722430397,0,9.983805170725756,148963328,147767296
105466822665848,0,0.0,148963328,147767296
105466922868559,0,0.0,148963328,147767296
105467023054918,0,0.0,148963328,147767296
105467123246813,0,0.0,148963328,147767296
105467223408950,0,0.0,148963328,147767296
105467326006143,0,9.746802534032183,148963328,147767296
105467426514039,0,0.0,148963328,147767296
105467526709138,0,0.0,148963328,147767296
105467626871793,0,0.0,148963328,147767296
105467727030559,0,0.0,148963328,147767296
105467827219010,0,0.0,148963328,147767296
105467927405868,0,0.0,148963328,147767296
105468027620190,0,9.978615527019862,148979712,147767296
105468127812511,0,0.0,148979712,147767296
105468227972795,0,0.0,148979712,147767296
105468328137580,0,0.0,148979712,147767296
105468428294327,0,0.0,148979712,147767296
105468528447352,0,0.0,148979712,147767296
105468628605247,0,0.0,148979712,147767296
105468728789013,0,9.981614663533302,148979712,147767296
105468828978779,0,0.0,148979712,147767296
105468929139174,0,0.0,148979712,147767296
105469029294829,0,0.0,148979712,147767296
105469129453705,0,0.0,148979712,147767296
105469229610545,0,9.98421505605985,148979712,147767296
105469329820441,0,0.0,148979712,147767296
105469430021466,0,0.0,148979712,147767296
105469530178083,0,0.0,148979712,147767296
105469630336774,0,0.0,148979712,147767296
105469730495558,0,0.0,148979712,147767296
105469830680916,0,9.981465317172155,148979712,147767296
105469930877571,0,0.0,148979712,147767296
105470031046818,0,0.0,148979712,147767296
105470131237250,0,0.0,148979712,147767296
105470231398960,0,0.0,148979712,147767296
105470331553781,0,0.0,148979712,147767296
105470431710657,0,9.984305570038835,148979712,147767296
105470531901145,0,0.0,148979712,147767296
105470632118836,0,0.0,148979712,147767296
105470732292972,0,0.0,148979712,147767296
105470832478867,0,0.0,148979712,147767296
105470932666225,0,0.0,148979712,147767296
105471033436027,0,9.92350200496969,148979712,147767296
105471133970885,0,0.0,148979712,147767296
105471234176854,0,0.0,148979712,147767296
105471334339064,0,0.0,148979712,147767296
105471434494774,0,0.0,148979712,147767296
105471534646465,0,0.0,148979712,147767296
105471634804600,0,0.0,148979712,147767296
105471734966199,0,9.983735098430557,148979712,147767296
105471835184167,0,0.0,148979712,147767296
105471935362840,0,0.0,148979712,147767296
105472035523642,0,0.0,148979712,147767296
105472135681648,0,0.0,148979712,147767296
105472235835283,0,0.0,148979712,147767296
105472335989326,0,9.984589883703324,148979712,147767296
105472436181517,0,0.0,148979712,147767296
105472536338819,0,0.0,148979712,147767296
105472636491121,0,0.0,148979712,147767296
105472736651997,0,0.0,148979712,147767296
105472836836114,0,0.0,148979712,147767296
105472936999453,0,9.983665027119415,148979712,147767296
105473037199014,0,0.0,148979712,147767296
105473137409594,0,0.0,148979712,147767296
105473237583914,0,0.0,148979712,147767296
105473337769234,0,0.0,148979712,147767296
105473437928722,0,0.0,148979712,147767296
105473538088097,0,9.984060048681208,148979712,147767296
105473638277844,0,0.0,148979712,147767296
105473738446367,0,0.0,148979712,147767296
105473838633336,0,0.0,148979712,147767296
105473938792934,0,0.0,148979712,147767296
105474038953291,0,0.0,148979712,147767296
105474139137482,0,9.981603704161968,148979712,147767296
105474239343450,0,0.0,148979712,147767296
105474339534400,0,0.0,148979712,147767296
105474439694720,0,0.0,148979712,147767296
105474539849744,0,0.0,148979712,147767296
105474640008212,0,0.0,148979712,147767296
105474741232514,0,9.87883910017605,148979712,147767296
105474841779112,0,0.0,148979712,147767296
105474941952154,0,0.0,148979712,147767296
105475042110771,0,0.0,148979712,147767296
105475142266702,0,0.0,148979712,147767296
105475242425744,0,0.0,148979712,147767296
105475342580361,0,0.0,148979712,147767296
105475442744718,0,9.983530369965539,148979712,147767296
105475542955297,0,0.0,148979712,147767296
105475643167913,0,0.0,148979712,147767296
105475743392103,0,0.0,148979712,147767296
105475843580719,0,0.0,148979712,147767296
105475943771002,0,0.0,148979712,147767296
105476043935026,0,9.98358209882676,148979712,147767296
105476144137105,0,0.0,148979712,147767296
105476244309239,0,0.0,148979712,147767296
105476344470467,0,0.0,148979712,147767296
105476444630583,0,0.0,148979712,147767296
105476544790754,0,0.0,148979712,147767296
105476644950426,0,9.984043502215382,148979712,147767296
105476745151283,0,0.0,148979712,147767296
105476845356769,0,0.0,148979712,147767296
105476945529070,0,9.982810598864207,148979712,147767296
105477045697168,0,0.0,148979712,147767296
105477145859228,0,0.0,148979712,147767296
105477246015881,0,0.0,148979712,147767296
105477346214515,0,0.0,148979712,147767296
105477446377076,0,0.0,148979712,147767296
105477546537951,0,9.983927275245906,148979712,147767296
105477646700585,0,0.0,148979712,147767296
105477746865312,0,0.0,148979712,147767296
105477847063539,0,0.0,148979712,147767296
105477947279506,0,0.0,148979712,147767296
105478047454270,0,0.0,148979712,147767296
105478147644164,0,9.981124097587722,148979712,147767296
105478247811761,0,0.0,148979712,147767296
105478347976192,0,0.0,148979712,147767296
105478448472511,0,0.0,148979712,147767296
105478548940220,0,0.0,148979712,147767296
105478649100983,0,0.0,148979712,147767296
105478749257691,0,0.0,148979712,147767296
105478849446029,0,9.981258889902588,148979712,147767296
105478949607811,0,0.0,148979712,147767296
105479049765057,0,0.0,148979712,147767296
105479149950635,0,9.981432240043693,148979712,147767296
105479250157047,0,0.0,148979712,147767296
105479350346107,0,0.0,148979712,147767296
105479450519741,0,0.0,148979712,147767296
105479550697745,0,0.0,148979712,147767296
105479650863583,0,0.0,148979712,147767296
105479751032680,0,9.98295091716572,148979712,147767296
105479851256795,0,0.0,148979712,147767296
105479951429818,0,0.0,148979712,147767296
105480051593396,0,0.0,148979712,147767296
105480151752901,0,0.0,148979712,147767296
105480251911757,0,0.0,148979712,147767296
105480352080020,0,9.983142865102447,148979712,147767296
105480452289395,0,0.0,148979712,147767296
105480552504195,0,0.0,148979712,147767296
105480652672810,0,0.0,148979712,147767296
105480752838333,0,0.0,148979712,147767296
105480853033763,0,0.0,148979712,147767296
105480953246730,0,9.978713507636039,148996096,147767296
105481053468067,0,0.0,148996096,147767296
105481153632997,0,0.0,148996096,147767296
105481253797150,0,0.0,148996096,147767296
105481353961394,0,0.0,148996096,147767296
105481454121676,0,0.0,148996096,147767296
105481554286865,0,9.983428906661603,148996096,147767296
105481654481369,0,0.0,148996096,147767296
105481754688040,0,0.0,148996096,147767296
105481854877803,0,0.0,148996096,147767296
105481955047196,0,0.0,148996096,147767296
105482055208162,0,0.0,148996096,147767296
105482157308982,0,9.79416782686536,148996096,147767296
105482257810153,0,0.0,148996096,147767296
105482357971564,0,0.0,148996096,147767296
105482458132920,0,0.0,148996096,147767296
105482558287016,0,0.0,148996096,147767296
105482658437908,0,0.0,148996096,147767296
105482758593356,0,0.0,148996096,147767296
105482858782749,0,9.981078171204487,148996096,147767296
105482958995179,0,0.0,148996096,147767296
105483059162701,0,0.0,148996096,147767296
105483159363242,0,0.0,148996096,147767296
105483259523301,0,0.0,148996096,147767296
105483359675693,0,0.0,148996096,147767296
105483459841641,0,0.0,148996096,147767296
105483560029978,0,0.0,148996096,147767296
105483660192371,0,0.0,148996096,147767296
105483760355985,0,0.0,148996096,147767296
105483860545452,0,9.981105767575425,148996096,147767296
105483960728622,0,0.0,148996096,147767296
105484060895218,0,0.0,148996096,147767296
105484161082907,0,0.0,148996096,147767296
105484261246577,0,0.0,148996096,147767296
105484361435154,0,0.0,148996096,147767296
105484461606639,0,9.9829122497308,148996096,147767296
105484561771365,0,0.0,148996096,147767296
105484661936368,0,0.0,148996096,147767296
105484762130908,0,0.0,148996096,147767296
105484862326597,0,0.0,148996096,147767296
105484962496915,0,0.0,148996096,147767296
105485062659252,0,0.0,148996096,147767296
105485162821199,0,0.0,148996096,147767296
105485262984925,0,9.983571135135131,148996096,147767296
105485363184410,0,9.98013553713721,148996096,147767296
105485463365394,0,0.0,148996096,147767296
105485563571083,0,0.0,148996096,147767296
105485663738530,0,0.0,148996096,147767296
105485763899941,0,0.0,148996096,147767296
105485865881111,0,0.0,148996096,147767296
105485966439374,0,9.944617332325208,148996096,147767296
105486066617525,0,0.0,148996096,147767296
105486166810065,0,0.0,148996096,147767296
105486266971698,0,0.0,148996096,147767296
105486367125145,0,0.0,148996096,147767296
105486467279241,0,0.0,148996096,147767296
105486567468392,0,0.0,148996096,147767296
105486667665117,0,0.0,148996096,147767296
105486767833694,0,0.0,148996096,147767296
105486868021364,0,0.0,148996096,147767296
105486968186718,0,0.0,148996096,147767296
105487068351444,0,9.983563859864145,148996096,147767296
105487168521076,0,0.0,148996096,147767296
105487268743079,0,0.0,148996096,147767296
105487368909082,0,0.0,148996096,147767296
105487469076733,0,0.0,148996096,147767296
105487569236791,0,0.0,148996096,147767296
105487669395016,0,9.984206184191253,148996096,147767296
105487769566482,0,0.0,148996096,147767296
105487869790540,0,0.0,148996096,147767296
105487969957098,0,0.0,148996096,147767296
105488070124897,0,0.0,148996096,147767296
105488170287067,0,0.0,148996096,147767296
105488270447403,0,9.98399944336536,148996096,147767296
105488370614776,0,0.0,148996096,147767296
105488470801316,0,0.0,148996096,147767296
105488570968411,0,0.0,148996096,147767296
105488671128765,0,0.0,148996096,147767296
105488771295619,0,0.0,148996096,147767296
105488871534511,0,9.976158577226636,148996096,147767296
105488971744476,0,0.0,148996096,147767296
105489071956460,0,0.0,148996096,147767296
105489172134352,0,0.0,148996096,147767296
105489272305243,0,0.0,148996096,147767296
105489372497820,0,0.0,148996096,147767296
105489472663971,0,9.98341435364363,148996096,147767296
105489574070288,0,0.0,148996096,147767296
105489674558865,0,0.0,148996096,147767296
105489774722552,0,0.0,148996096,147767296
105489874909240,0,0.0,148996096,147767296
105489975076483,0,0.0,148996096,147767296
105490075246615,0,9.982928892512897,148996096,147767296
105490175437376,0,0.0,148996096,147767296
105490275608212,0,0.0,148996096,147767296
105490375804492,0,0.0,148996096,147767296
105490475983031,0,0.0,148996096,147767296
105490576197385,0,0.0,148996096,147767296
105490676361591,0,9.983641403838254,148996096,147767296
105490776524019,0,0.0,148996096,147767296
105490876728244,0,0.0,148996096,147767296
105490976965635,0,0.0,148996096,147767296
105491077143526,0,0.0,148996096,147767296
105491177341250,0,0.0,148996096,147767296
105491277510826,0,9.983096920139815,148996096,147767296
105491377675366,0,0.0,148996096,147767296
105491477852849,0,0.0,148996096,147767296
105491578044796,0,0.0,148996096,147767296
105491678207279,0,0.0,148996096,147767296
105491778379151,0,9.982762963150261,148996096,147767296
105491878573079,0,0.0,148996096,147767296
105491978748415,0,0.0,148996096,147767296
105492078908694,0,0.0,148996096,147767296
105492179091344,0,0.0,148996096,147767296
105492279249531,0,0.0,148996096,147767296
105492379408274,0,9.984160129350856,148996096,147767296
105492479566758,0,0.0,148996096,147767296
105492579718815,0,0.0,148996096,147767296
105492679876724,0,0.0,148996096,147767296
105492780057004,0,0.0,148996096,147767296
105492880246191,0,0.0,148996096,147767296
105492980408489,0,9.983820519749685,148996096,147767296
105493080565879,0,0.0,148996096,147767296
105493180727733,0,0.0,148996096,147767296
105493281899661,0,0.0,148996096,147767296
105493382355718,0,0.0,148996096,147767296
105493482511998,0,0.0,148996096,147767296
105493582664444,0,9.984752783690482,148996096,147767296
105493682824390,0,0.0,148996096,147767296
105493782982132,0,0.0,148996096,147767296
105493883175745,0,0.0,148996096,147767296
105493983339413,0,0.0,148996096,147767296
105494083525989,0,0.0,148996096,147767296
105494183745583,0,9.9781236621041,148996096,147767296
105494283920825,0,0.0,148996096,147767296
105494384114956,0,0.0,148996096,147767296
105494484275847,0,0.0,148996096,147767296
105494584431644,0,0.0,148996096,147767296
105494684612313,0,0.0,148996096,147767296
105494784769703,0,9.984208178765096,148996096,147767296
105494884957241,0,0.0,148996096,147767296
105494985122502,0,0.0,148996096,147767296
105495085302355,0,0.0,148996096,147767296
105495185463134,0,0.0,148996096,147767296
105495285648876,0,9.981513737901121,148996096,147767296
105495385809970,0,0.0,148996096,147767296
105495485975731,0,0.0,148996096,147767296
105495586175362,0,0.0,148996096,147767296
105495686338863,0,0.0,148996096,147767296
105495786503883,0,0.0,148996096,147767296
105495886729514,0,9.977537470287949,148996096,147767296
105495986922904,0,0.0,148996096,147767296
105496087087331,0,0.0,148996096,147767296
105496187243239,0,0.0,148996096,147767296
105496287400926,0,9.984272772911517,148996096,147767296
105496387560112,0,0.0,148996096,147767296
105496487743372,0,0.0,148996096,147767296
105496587940670,0,0.0,148996096,147767296
105496688105134,0,0.0,148996096,147767296
105496788267857,0,0.0,148996096,147767296
105496888455302,0,0.0,148996096,147767296
105496989469656,0,9.899534278985815,148996096,147767296
105497089918675,0,0.0,148996096,147767296
105497190128565,0,0.0,148996096,147767296
105497290299122,0,0.0,148996096,147767296
105497390458715,0,0.0,148996096,147767296
105497490612309,0,0.0,148996096,147767296
105497590765717,0,9.984680803431134,148996096,147767296
105497690922848,0,0.0,148996096,147767296
105497791116978,0,0.0,148996096,147767296
105497891310886,0,0.0,148996096,147767296
105497991472276,0,0.0,148996096,147767296
105498091634999,0,0.0,148996096,147767296
105498191818666,0,9.981696463042365,148996096,147767296
105498292008112,0,0.0,148996096,147767296
105498392198779,0,0.0,148996096,147767296
105498492356410,0,0.0,148996096,147767296
105498592510021,0,0.0,148996096,147767296
105498692662300,0,0.0,148996096,147767296
105498792821856,0,9.98393873724882,148996096,147767296
105498893022616,0,0.0,148996096,147767296
105498993220839,0,0.0,148996096,147767296
105499093390969,0,0.0,148996096,147767296
105499193545099,0,0.0,148996096,147767296
105499293704192,0,0.0,148996096,147767296
105499393889563,0,9.981548807630466,148996096,147767296
105499494057545,0,0.0,148996096,147767296
105499594251379,0,0.0,148996096,147767296
105499694406620,0,0.0,148996096,147767296
105499794569491,0,0.0,148996096,147767296
105499894756492,0,9.981380930697616,148996096,147767296
105499994918603,0,0.0,148996096,147767296
105500095078678,0,0.0,148996096,147767296
105500195262030,0,0.0,148996096,147767296
105500295425012,0,0.0,148996096,147767296
105500395598698,0,0.0,148996096,147767296
105500495764383,0,0.0,148996096,147767296
105500595961846,0,9.980401385944996,148996096,147767296
105500696415791,0,0.0,149012480,147767296
105500799583515,0,0.0,149012480,147767296
105500899759237,0,0.0,149012480,147767296
105500999946701,0,0.0,149012480,147767296
105501100141349,0,9.98061355711887,149012480,147767296
105501200306645,0,0.0,149012480,147767296
105501300462942,0,0.0,149012480,147767296
105501400631831,0,0.0,149012480,147767296
105501500822979,0,0.0,149012480,147767296
105501600986239,0,0.0,149012480,147767296
105501701151517,0,9.983412759688495,149012480,147767296
105501801342109,0,0.0,149012480,147767296
105501901512739,0,0.0,149012480,147767296
105502001676609,0,0.0,149012480,147767296
105502101892832,0,0.0,149012480,147767296
105502202075665,0,0.0,149012480,147767296
105502302238295,0,9.983772577050607,149012480,147767296
105502402408684,0,0.0,149012480,147767296
105502502595925,0,0.0,149012480,147767296
105502602797795,0,0.0,149012480,147767296
105502703005369,0,0.0,149012480,147767296
105502803197443,0,0.0,149012480,147767296
105502903368998,0,9.982873781274826,149012480,147767296
105503003548128,0,0.0,149012480,147767296
105503103720054,0,0.0,149012480,147767296
105503203928072,0,0.0,149012480,147767296
105503304182164,0,0.0,149012480,147767296
105503404362109,0,0.0,149012480,147767296
105503504529183,0,9.983333423739206,149012480,147767296
105503604696312,0,0.0,149012480,147767296
105503704901960,0,0.0,149012480,147767296
105503805123219,0,0.0,149012480,147767296
105503905345441,0,0.0,149012480,147767296
105504005513866,0,0.0,149012480,147767296
105504105683644,0,9.983056556214793,149012480,147767296
105504205850162,0,0.0,149012480,147767296
105504306014365,0,0.0,149012480,147767296
105504406691939,0,0.0,149012480,147767296
105504507166050,0,0.0,149012480,147767296
105504607330828,0,0.0,149012480,147767296
105504707489827,0,9.984020075867244,149012480,147767296
105504807673845,0,0.0,149012480,147767296
105504907838882,0,0.0,149012480,147767296
105505007996733,0,0.0,149012480,147767296
105505108185270,0,0.0,149012480,147767296
105505208391769,0,0.0,149012480,147767296
105505308552195,0,9.983972129800183,149012480,147767296
105505408721138,0,0.0,149012480,147767296
105505508890379,0,0.0,149012480,147767296
105505609084378,0,0.0,149012480,147767296
105505709282248,0,0.0,149012480,147767296
105505809500951,0,9.978260364139757,149012480,147767296
105505909674006,0,0.0,149012480,147767296
105506009866783,0,0.0,149012480,147767296
105506110056467,0,0.0,149012480,147767296
105506210265189,0,0.0,149012480,147767296
105506310446336,0,0.0,149012480,147767296
105506410642058,0,9.980475296148814,149012480,147767296
105506510813483,0,0.0,149012480,147767296
105506610994186,0,0.0,149012480,147767296
105506711164981,0,0.0,149012480,147767296
105506811351962,0,0.0,149012480,147767296
105506911536868,0,0.0,149012480,147767296
105507011738534,0,9.97994221198528,149012480,147767296
105507111901830,0,0.0,149012480,147767296
105507212075996,0,0.0,149012480,147767296
105507312279180,0,0.0,149012480,147767296
105507412437364,0,0.0,149012480,147767296
105507512601789,0,0.0,149012480,147767296
105507612778344,0,9.982418067344385,149012480,147767296
105507712947880,0,0.0,149012480,147767296
105507813138879,0,0.0,149012480,147767296
105507913303711,0,0.0,149012480,147767296
105508013469599,0,0.0,149012480,147767296
105508115482358,0,0.0,149012480,147767296
105508215936338,0,9.95481994987168,149012480,147767296
105508316106467,0,0.0,149012480,147767296
105508416259781,0,0.0,149012480,147767296
105508516416909,0,0.0,149012480,147767296
105508616568037,0,0.0,149012480,147767296
105508716763407,0,0.0,149012480,147767296
105508816965591,0,9.979851877106253,149012480,147767296
105508917161960,0,0.0,149012480,147767296
105509017333384,0,0.0,149012480,147767296
105509117497717,0,0.0,149012480,147767296
105509217656938,0,0.0,149012480,147767296
105509317820899,0,0.0,149012480,147767296
105509418032176,0,9.978891152761486,149012480,147767296
105509518248971,0,0.0,149012480,147767296
105509618415543,0,0.0,149012480,147767296
105509718586246,0,0.0,149012480,147767296
105509818787448,0,0.0,149012480,147767296
105509918964910,0,0.0,149012480,147767296
105510019169223,0,9.979503398471056,149012480,147767296
105510119397555,0,0.0,149012480,147767296
105510219566146,0,0.0,149012480,147767296
105510319732256,0,0.0,149012480,147767296
105510419892736,0,0.0,149012480,147767296
105510520054716,0,0.0,149012480,147767296
105510620282918,0,9.977285212562329,149012480,147767296
105510720501546,0,0.0,149012480,147767296
105510820688970,0,0.0,149012480,147767296
105510920867895,0,0.0,149012480,147767296
105511021061004,0,0.0,149012480,147767296
105511121249521,0,0.0,149012480,147767296
105511221434557,0,9.981512243141198,149012480,147767296
105511321620537,0,0.0,149012480,147767296
105511421786794,0,0.0,149012480,147767296
105511521948700,0,0.0,149012480,147767296
105511622112439,0,0.0,149012480,147767296
105511722278956,0,0.0,149012480,147767296
105511823140232,0,9.914569525698479,149012480,147767296
105511923662508,0,0.0,149012480,147767296
105512023825210,0,0.0,149012480,147767296
105512123983208,0,0.0,149012480,147767296
105512224148188,0,0.0,149012480,147767296
105512324300427,0,0.0,149012480,147767296
105512424453388,0,0.0,149012480,147767296
105512524614516,0,9.983820818550353,149012480,147767296
105512624816532,0,0.0,149012480,147767296
105512724992919,0,0.0,149012480,147767296
105512825186325,0,0.0,149012480,147767296
105512925351175,0,0.0,149012480,147767296
105513025511599,0,0.0,149012480,147767296
105513125692578,0,9.981879394963094,149012480,147767296
105513225896206,0,0.0,149012480,147767296
105513326078778,0,0.0,149012480,147767296
105513426249572,0,0.0,149012480,147767296
105513526410496,0,0.0,149012480,147767296
105513626576346,0,0.0,149012480,147767296
105513726764270,0,9.981135853243982,149012480,147767296
105513826985638,0,0.0,149012480,147767296
105513927151191,0,0.0,149012480,147767296
105514027319782,0,0.0,149012480,147767296
105514127509539,0,0.0,149012480,147767296
105514227676555,0,0.0,149012480,147767296
105514327865535,0,9.981039916937824,149012480,147767296
105514428091755,0,0.0,149012480,147767296
105514528256697,0,0.0,149012480,147767296
105514628415361,0,0.0,149012480,147767296
105514728582563,0,0.0,149012480,147767296
105514828770264,0,0.0,149012480,147767296
105514928954465,0,9.981595335678973,149012480,147767296
105515029156834,0,0.0,149012480,147767296
105515129331961,0,0.0,149012480,147767296
105515229505829,0,0.0,149012480,147767296
105515329667604,0,0.0,149012480,147767296
105515429827009,0,0.0,149012480,147767296
105515532183323,0,9.76951735202872,149012480,147767296
105515632735876,0,0.0,149012480,147767296
105515732914781,0,0.0,149012480,147767296
105515833108537,0,0.0,149012480,147767296
105515933275924,0,0.0,149012480,147767296
105516033463440,0,0.0,149012480,147767296
105516133625419,0,0.0,149012480,147767296
105516233814213,0,9.981132266670917,149012480,147767296
105516334012469,0,0.0,149012480,147767296
105516434174819,0,0.0,149012480,147767296
105516534376520,0,0.0,149012480,147767296
105516634535536,0,0.0,149012480,147767296
105516734701959,0,0.0,149012480,147767296
105516834898586,0,9.980359350820256,149012480,147767296
105516935152120,0,0.0,149012480,147767296
105517035335414,0,0.0,149012480,147767296
105517135501207,0,0.0,149012480,147767296
105517235666408,0,0.0,149012480,147767296
105517335827665,0,0.0,149012480,147767296
105517435992273,0,9.983523790946045,149012480,147767296
105517536189974,0,0.0,149012480,147767296
105517636347027,0,0.0,149012480,147767296
105517736513987,0,0.0,149012480,147767296
105517836705318,0,0.0,149012480,147767296
105517936872074,0,0.0,149012480,147767296
105518037043905,0,9.982735756412279,149012480,147767296
105518137266031,0,0.0,149012480,147767296
105518237446140,0,0.0,149012480,147767296
105518337635266,0,0.0,149012480,147767296
105518437802301,0,0.0,149012480,147767296
105518537965464,0,0.0,149012480,147767296
105518638126998,0,9.983813642998003,149012480,147767296
105518738331051,0,0.0,149012480,147767296
105518838540455,0,0.0,149012480,147767296
105518938711063,0,0.0,149012480,147767296
105519038889764,0,0.0,149012480,147767296
105519139053761,0,0.0,149012480,147767296
105519239238258,0,9.981578697342544,149012480,147767296
105519339446977,0,0.0,149012480,147767296
105519439644789,0,0.0,149012480,147767296
105519539813174,0,0.0,149012480,147767296
105519639977319,0,0.0,149012480,147767296
105519740185001,0,0.0,149012480,147767296
105519840377554,0,0.0,149012480,147767296
105519940554495,0,0.0,149012480,147767296
105520040751177,0,0.0,149012480,147767296
105520140957988,0,0.0,149012480,147767296
105520241134522,0,9.982405311016121,149012480,147767296
105520341306760,0,0.0,149012480,147767296
105520441469831,0,0.0,149012480,147767296
105520541675994,0,0.0,149012480,147767296
105520641928157,0,0.0,149012480,147767296
105520742106820,0,0.0,149012480,147767296
105520842295891,0,9.981143325036493,149012480,147767296
105520942484388,0,0.0,149012480,147767296
105521042690144,0,0.0,149012480,147767296
105521142898974,0,0.0,149012480,147767296
105521243123581,0,0.0,149012480,147767296
105521343296578,0,0.0,149012480,147767296
105521443463315,0,9.983394619968825,149012480,147767296
105521543627460,0,0.0,149012480,147767296
105521643789716,0,0.0,149012480,147767296
105521743960490,0,9.982802128294685,149012480,147767296
105521844227486,0,0.0,149012480,147767296
105521944403353,0,0.0,149012480,147767296
105522044573701,0,0.0,149012480,147767296
105522144762494,0,0.0,149012480,147767296
105522244931527,0,0.0,149012480,147767296
105522345102413,0,9.982907365383534,149012480,147767296
105522445298335,0,0.0,149012480,147767296
105522545461739,0,0.0,149012480,147767296
105522645622439,0,0.0,149012480,147767296
105522745785324,0,0.0,149012480,147767296
105522845984450,0,0.0,149012480,147767296
105522946555335,0,9.94317327376598,149012480,147767296
105523047011646,0,0.0,149012480,147767296
105523147175383,0,0.0,149012480,147767296
105523247332453,0,0.0,149012480,147767296
105523347520968,0,0.0,149012480,147767296
105523447688242,0,0.0,149012480,147767296
105523547849368,0,0.0,149012480,147767296
105523648016401,0,9.983237844020758,149012480,147767296
105523748245860,0,0.0,149012480,147767296
105523848445282,0,0.0,149012480,147767296
105523948676815,0,0.0,149012480,147767296
105524048869182,0,0.0,149012480,147767296
105524149045733,0,0.0,149012480,147767296
105524249234451,0,9.981104671603587,149012480,147767296
105524349435911,0,0.0,149012480,147767296
105524449607425,0,0.0,149012480,147767296
105524549775588,0,0.0,149012480,147767296
105524649935954,0,0.0,149012480,147767296
105524750100246,0,9.983608811232823,149012480,147767296
105524850279964,0,0.0,149028864,147767296
105524950488219,0,0.0,149028864,147767296
105525050651086,0,0.0,149028864,147767296
105525150818748,0,0.0,149028864,147767296
105525250979503,0,0.0,149028864,147767296
105525351142407,0,9.983736193529234,149028864,147767296
105525451328254,0,0.0,149028864,147767296
105525551525639,0,0.0,149028864,147767296
105525651701116,0,0.0,149028864,147767296
105525751868575,0,0.0,149028864,147767296
105525852024515,0,0.0,149028864,147767296
105525952197881,0,9.98266938831362,149028864,147767296
105526052380210,0,0.0,149028864,147767296
105526152576706,0,0.0,149028864,147767296
105526252739646,0,0.0,149028864,147767296
105526352903049,0,0.0,149028864,147767296
105526453066693,0,9.983666023572688,149028864,147767296
105526553229059,0,0.0,149028864,147767296
105526656154037,0,0.0,149028864,147767296
105526756648384,0,0.0,149028864,147767296
105526856807824,0,0.0,149028864,147767296
105526956969079,0,0.0,149028864,147767296
105527057122871,0,9.984559478364538,149028864,147767296
105527157316589,0,0.0,149028864,147767296
105527257480899,0,0.0,149028864,147767296
105527357675320,0,0.0,149028864,147767296
105527457926316,0,0.0,149028864,147767296
105527558100515,0,0.0,149028864,147767296
105527658272362,0,9.982872484785998,149028864,147767296
105527758448839,0,0.0,149028864,147767296
105527858613057,0,0.0,149028864,147767296
105527958805756,0,0.0,149028864,147767296
105528059082770,0,0.0,149028864,147767296
105528159320506,0,9.976430185701156,149028864,147767296
105528259513242,0,0.0,149028864,147767296
105528359689274,0,0.0,149028864,147767296
105528459912473,0,0.0,149028864,147767296
105528560097987,0,0.0,149028864,147767296
105528660336649,0,0.0,149028864,147767296
105528760521625,0,0.0,149028864,147767296
105528860699639,0,0.0,149028864,147767296
105528960877671,0,0.0,149028864,147767296
105529061045648,0,0.0,149028864,147767296
105529161219995,0,9.982542131845213,149028864,147767296
105529261423824,0,0.0,149028864,147767296
105529361604152,0,0.0,149028864,147767296
105529461798425,0,0.0,149028864,147767296
105529561996716,0,0.0,149028864,147767296
105529662161359,0,0.0,149028864,147767296
105529762327317,0,19.966756348666642,149028864,147767296
105529862527590,0,0.0,149028864,147767296
105529962699863,0,0.0,149028864,147767296
105530062880173,0,0.0,149028864,147767296
105530163087390,0,0.0,149028864,147767296
105530263257422,0,0.0,149028864,147767296
105530363424602,0,9.983247113006476,149028864,147767296
105530463620782,0,0.0,149028864,147767296
105530563799981,0,0.0,149028864,147767296
105530663975661,0,0.0,149028864,147767296
105530764146415,0,0.0,149028864,147767296
105530864304799,0,0.0,149028864,147767296
105530964463905,0,0.0,149028864,147767296
105531064652899,0,0.0,149028864,147767296
105531164883024,0,0.0,149028864,147767296
105531265097574,0,0.0,149028864,147767296
105531365292791,0,0.0,149028864,147767296
105531465462138,0,9.983092135680803,149028864,147767296
105531565632725,0,0.0,149028864,147767296
105531665800257,0,0.0,149028864,147767296
105531765997400,0,0.0,149028864,147767296
105531866165357,0,0.0,149028864,147767296
105531966323852,0,0.0,149028864,147767296
105532066484976,0,9.983917207214066,149028864,147767296
105532166644582,0,0.0,149028864,147767296
105532266811521,0,0.0,149028864,147767296
105532367047794,0,0.0,149028864,147767296
105532467232455,0,0.0,149028864,147767296
105532567414801,0,0.0,149028864,147767296
105532667586981,0,0.0,149028864,147767296
105532767772438,0,0.0,149028864,147767296
105532867984525,0,9.978823240386193,149028864,147767296
105532968231187,0,0.0,149028864,147767296
105533068409440,0,0.0,149028864,147767296
105533168611324,0,0.0,149028864,147767296
105533268778707,0,0.0,149028864,147767296
105533368938331,0,0.0,149028864,147767296
105533469093789,0,9.984434168365933,149028864,147767296
105533569284394,0,0.0,149028864,147767296
105533669443129,0,0.0,149028864,147767296
105533769597346,0,0.0,149028864,147767296
105533869750173,0,0.0,149028864,147767296
105533969907019,0,0.0,149028864,147767296
105534072082718,0,9.786960095313717,149028864,147767296
105534172600768,0,0.0,149028864,147767296
105534272763910,0,0.0,149028864,147767296
105534372958664,0,0.0,149028864,147767296
105534473124195,0,0.0,149028864,147767296
105534573280449,0,0.0,149028864,147767296
105534673439220,0,9.984166408937542,149028864,147767296
105534773596640,0,0.0,149028864,147767296
105534873779023,0,0.0,149028864,147767296
105534973977758,0,0.0,149028864,147767296
105535074140160,0,0.0,149028864,147767296
105535174298710,0,0.0,149028864,147767296
105535274453222,0,9.98456884845244,149028864,147767296
105535374611772,0,0.0,149028864,147767296
105535474790599,0,0.0,149028864,147767296
105535574945075,0,0.0,149028864,147767296
105535675110809,0,0.0,149028864,147767296
105535775264729,0,0.0,149028864,147767296
105535875417001,0,9.984764646547243,149028864,147767296
105535975581217,0,0.0,149028864,147767296
105536075763082,0,0.0,149028864,147767296
105536175921335,0,0.0,149028864,147767296
105536276084514,0,0.0,149028864,147767296
105536376242008,0,0.0,149028864,147767296
105536476392761,0,9.98494739207819,149028864,147767296
105536576547366,0,0.0,149028864,147767296
105536676732656,0,0.0,149028864,147767296
105536776887502,0,0.0,149143552,147767296
