name,axis,frequency_hz,psd_g2_per_hz
START_1,x_g,0.0,1.0600341318958828e-07
START_1,x_g,0.40409322605703946,5.018676219857298e-07
START_1,x_g,0.8081864521140789,7.735931116217658e-07
START_1,x_g,1.2122796781711185,8.104886791611892e-07
START_1,x_g,1.6163729042281578,4.340417843308284e-07
START_1,x_g,2.020466130285197,5.001405799915264e-07
START_1,x_g,2.424559356342237,7.066206751764955e-07
START_1,x_g,2.8286525823992763,7.506513455829398e-07
START_1,x_g,3.2327458084563157,6.593758785011819e-07
START_1,x_g,3.636839034513355,5.391297380260719e-07
START_1,x_g,4.040932260570394,5.610185602329042e-07
START_1,x_g,4.445025486627434,6.959318970244626e-07
START_1,x_g,4.849118712684474,7.14621631445584e-07
START_1,x_g,5.253211938741513,4.790949211394591e-07
START_1,x_g,5.657305164798553,5.908692172907926e-07
START_1,x_g,6.061398390855592,4.5092953743676374e-07
START_1,x_g,6.465491616912631,7.0829610200235e-07
START_1,x_g,6.869584842969671,7.800176386539068e-07
START_1,x_g,7.27367806902671,8.922264010544437e-07
START_1,x_g,7.677771295083749,8.375246954094345e-07
START_1,x_g,8.081864521140789,5.430065661995795e-07
START_1,x_g,8.485957747197828,5.286454179932396e-07
START_1,x_g,8.890050973254867,7.449545139484175e-07
START_1,x_g,9.294144199311907,4.2506631032644294e-07
START_1,x_g,9.698237425368948,9.477904061094376e-07
START_1,x_g,10.102330651425987,1.3866352548966995e-06
START_1,x_g,10.506423877483027,7.635089957883543e-07
START_1,x_g,10.910517103540066,6.921972095055337e-07
START_1,x_g,11.314610329597105,5.089769062317432e-07
START_1,x_g,11.718703555654145,5.254015057279368e-07
START_1,x_g,12.122796781711184,4.82089826144478e-07
START_1,x_g,12.526890007768223,2.7763032360841576e-07
START_1,x_g,12.930983233825263,4.781586964405448e-07
START_1,x_g,13.335076459882302,6.026515907870273e-07
START_1,x_g,13.739169685939341,5.121086625053559e-07
START_1,x_g,14.14326291199638,5.829518649523595e-07
START_1,x_g,14.54735613805342,4.990037350048927e-07
START_1,x_g,14.95144936411046,5.190307372562642e-07
START_1,x_g,15.355542590167499,6.531238742379895e-07
START_1,x_g,15.759635816224538,4.974091532792312e-07
START_1,x_g,16.163729042281577,4.116076607278834e-07
START_1,x_g,16.567822268338617,4.94974015453999e-07
START_1,x_g,16.971915494395656,3.5003335289996446e-07
START_1,x_g,17.376008720452695,4.468940040859803e-07
START_1,x_g,17.780101946509735,7.393819692779504e-07
START_1,x_g,18.184195172566774,5.902472124970301e-07
START_1,x_g,18.588288398623813,4.323785466660621e-07
START_1,x_g,18.992381624680853,1.068457791432845e-06
START_1,x_g,19.396474850737896,1.1365710755573098e-06
START_1,x_g,19.800568076794935,7.23240213664261e-07
START_1,x_g,20.204661302851974,8.785888695887584e-07
START_1,x_g,20.608754528909014,6.551340372411243e-07
START_1,x_g,21.012847754966053,5.246897359560647e-07
START_1,x_g,21.416940981023092,6.996634210901579e-07
START_1,x_g,21.82103420708013,5.863730563245718e-07
START_1,x_g,22.22512743313717,7.739177205599101e-07
START_1,x_g,22.62922065919421,9.477034433259091e-07
START_1,x_g,23.03331388525125,7.314628448493098e-07
START_1,x_g,23.43740711130829,6.178883627925147e-07
START_1,x_g,23.84150033736533,9.464554678105977e-07
START_1,x_g,24.245593563422368,9.623394326397125e-07
START_1,x_g,24.649686789479407,7.080619833342828e-07
START_1,x_g,25.053780015536447,4.5892884235082615e-07
START_1,x_g,25.457873241593486,6.911653732806054e-07
START_1,x_g,25.861966467650525,6.495654116663494e-07
START_1,x_g,26.266059693707565,5.953681798105018e-07
START_1,x_g,26.670152919764604,9.337444316078302e-07
START_1,x_g,27.074246145821643,9.757580676180241e-07
START_1,x_g,27.478339371878683,5.771692882491594e-07
START_1,x_g,27.882432597935722,4.4575780240838715e-07
START_1,x_g,28.28652582399276,5.984717108809219e-07
START_1,x_g,28.6906190500498,8.163622859342117e-07
START_1,x_g,29.09471227610684,8.322916010074197e-07
START_1,x_g,29.49880550216388,4.93904089544433e-07
START_1,x_g,29.90289872822092,6.222985587581166e-07
START_1,x_g,30.306991954277958,6.430904718707944e-07
START_1,x_g,30.711085180334997,5.323069556686222e-07
START_1,x_g,31.115178406392037,5.650176937288992e-07
START_1,x_g,31.519271632449076,7.158981526695025e-07
START_1,x_g,31.923364858506115,6.156169812293699e-07
START_1,x_g,32.327458084563155,7.422824523093837e-07
START_1,x_g,32.7315513106202,8.705091134994128e-07
START_1,x_g,33.13564453667723,1.0435403369693695e-06
START_1,x_g,33.539737762734276,8.859240459633008e-07
START_1,x_g,33.94383098879131,8.192507205398564e-07
START_1,x_g,34.347924214848355,7.787721147351211e-07
START_1,x_g,34.75201744090539,6.742426182327791e-07
START_1,x_g,35.156110666962434,6.465997272323965e-07
START_1,x_g,35.56020389301947,7.660732653490992e-07
START_1,x_g,35.96429711907651,6.880634544205236e-07
START_1,x_g,36.36839034513355,4.272391246830909e-07
START_1,x_g,36.77248357119059,4.037968038005826e-07
START_1,x_g,37.17657679724763,6.845288225776906e-07
START_1,x_g,37.58067002330467,6.369764153216118e-07
START_1,x_g,37.984763249361706,4.995029888379771e-07
START_1,x_g,38.38885647541875,7.944876203496234e-07
START_1,x_g,38.79294970147579,9.795913101412994e-07
START_1,x_g,39.19704292753283,3.5845632818337282e-06
START_1,x_g,39.60113615358987,3.0077155184794268e-06
START_1,x_g,40.005229379646906,4.839044683737592e-07
START_1,x_g,40.40932260570395,5.97714189618522e-07
START_1,x_g,40.813415831760985,6.242142588079086e-07
START_1,x_g,41.21750905781803,6.999757209445768e-07
START_1,x_g,41.62160228387506,9.356334316566948e-07
START_1,x_g,42.025695509932106,6.043206207271358e-07
START_1,x_g,42.42978873598914,5.072655577755294e-07
START_1,x_g,42.833881962046185,6.98209550435773e-07
START_1,x_g,43.23797518810322,8.461434389692738e-07
START_1,x_g,43.64206841416026,7.750636712842363e-07
START_1,x_g,44.0461616402173,7.139512317152963e-07
START_1,x_g,44.45025486627434,7.103630319651481e-07
START_1,x_g,44.85434809233138,7.560668137334449e-07
START_1,x_g,45.25844131838842,6.85545754409899e-07
START_1,x_g,45.66253454444546,6.298642087164336e-07
START_1,x_g,46.0666277705025,5.10912305766312e-07
START_1,x_g,46.470720996559535,6.367722227960544e-07
START_1,x_g,46.87481422261658,7.7294950973551e-07
START_1,x_g,47.278907448673614,6.878881339264215e-07
START_1,x_g,47.68300067473066,7.027867093917629e-07
START_1,x_g,48.08709390078769,7.085598067848251e-07
START_1,x_g,48.491187126844736,1.0694948610822498e-06
START_1,x_g,48.89528035290177,7.477032387164545e-05
START_1,x_g,49.299373578958814,0.0006092551143013039
START_1,x_g,49.70346680501585,0.0003198475559787193
START_1,x_g,50.10756003107289,4.668766060623839e-06
START_1,x_g,50.51165325712993,7.617148019697196e-07
START_1,x_g,50.91574648318697,4.0236587459440334e-07
START_1,x_g,51.31983970924401,5.00343583857235e-07
START_1,x_g,51.72393293530105,5.827510805560849e-07
START_1,x_g,52.12802616135809,7.622989409505201e-07
START_1,x_g,52.53211938741513,6.156230305968398e-07
START_1,x_g,52.93621261347217,6.478504751648125e-07
START_1,x_g,53.34030583952921,6.128646706885414e-07
START_1,x_g,53.74439906558625,5.490266983296247e-07
START_1,x_g,54.14849229164329,5.784757758695569e-07
START_1,x_g,54.55258551770033,8.89840536566519e-07
START_1,x_g,54.956678743757365,8.832553648565571e-07
START_1,x_g,55.36077196981441,7.333256520536059e-07
START_1,x_g,55.764865195871444,6.867507070064108e-07
START_1,x_g,56.16895842192849,9.172998000103198e-07
START_1,x_g,56.57305164798552,1.0486237922437525e-06
START_1,x_g,56.977144874042565,7.011939354580478e-07
START_1,x_g,57.3812381000996,4.948469037234786e-07
START_1,x_g,57.785331326156644,6.43857025483165e-07
START_1,x_g,58.18942455221368,8.676491825784217e-07
START_1,x_g,58.59351777827072,8.74539720584555e-07
START_1,x_g,58.99761100432776,1.0633199953712012e-06
START_1,x_g,59.4017042303848,3.354584263409296e-06
START_1,x_g,59.80579745644184,1.8337045187142624e-06
START_1,x_g,60.20989068249888,7.702495205452937e-07
START_1,x_g,60.613983908555916,6.155255165211785e-07
START_1,x_g,61.01807713461296,5.175757795456568e-07
START_1,x_g,61.422170360669995,6.906441469137674e-07
START_1,x_g,61.82626358672704,8.48917345756446e-07
START_1,x_g,62.23035681278407,8.69928714826848e-07
START_1,x_g,62.634450038841116,9.364675736331715e-07
START_1,x_g,63.03854326489815,1.2168218596368982e-06
START_1,x_g,63.442636490955195,9.827169336704694e-07
START_1,x_g,63.84672971701223,6.950710636289382e-07
START_1,x_g,64.25082294306927,6.674295806188394e-07
START_1,x_g,64.65491616912631,8.903297677605705e-07
START_1,x_g,65.05900939518335,8.480914723739421e-07
START_1,x_g,65.4631026212404,7.282782846346999e-07
START_1,x_g,65.86719584729744,6.927682424239191e-07
START_1,x_g,66.27128907335447,8.624828081555526e-07
START_1,x_g,66.67538229941151,1.4956583581698929e-06
START_1,x_g,67.07947552546855,1.6698658913764447e-06
START_1,x_g,67.4835687515256,1.3024216237396643e-06
START_1,x_g,67.88766197758262,1.3230470099345338e-06
START_1,x_g,68.29175520363967,1.800936013229245e-06
START_1,x_g,68.69584842969671,3.7559268511624952e-06
START_1,x_g,69.09994165575375,2.3142398385145625e-06
START_1,x_g,69.50403488181078,1.0358880597620864e-06
START_1,x_g,69.90812810786782,8.491410958620253e-07
START_1,x_g,70.31222133392487,1.160148590871777e-06
START_1,x_g,70.71631455998191,1.0383591966872991e-06
START_1,x_g,71.12040778603894,9.26193448472574e-07
START_1,x_g,71.52450101209598,1.3514099802820883e-06
START_1,x_g,71.92859423815302,1.6173306913991094e-06
START_1,x_g,72.33268746421007,1.257842398836824e-06
START_1,x_g,72.7367806902671,1.0229917469991375e-06
START_1,x_g,73.14087391632414,1.1714673104574411e-06
START_1,x_g,73.54496714238118,1.1038186205212022e-06
START_1,x_g,73.94906036843823,1.0679920391788677e-06
START_1,x_g,74.35315359449525,1.174606605753832e-06
START_1,x_g,74.7572468205523,1.050625400008907e-06
START_1,x_g,75.16134004660934,1.2958332122252167e-06
START_1,x_g,75.56543327266638,1.0386526987234877e-06
START_1,x_g,75.96952649872341,1.0100149803526814e-06
START_1,x_g,76.37361972478045,9.481006000376744e-07
START_1,x_g,76.7777129508375,7.761305991819978e-07
START_1,x_g,77.18180617689454,1.4588251667266875e-06
START_1,x_g,77.58589940295158,1.2559088650588247e-06
START_1,x_g,77.98999262900861,1.0697403244409245e-06
START_1,x_g,78.39408585506565,1.187047241416303e-06
START_1,x_g,78.7981790811227,9.990743880517403e-07
START_1,x_g,79.20227230717974,1.2963672142068987e-06
START_1,x_g,79.60636553323677,1.6887132944081737e-06
START_1,x_g,80.01045875929381,1.9578915200466004e-06
START_1,x_g,80.41455198535085,1.1435843228769354e-06
START_1,x_g,80.8186452114079,9.465657281710525e-07
START_1,x_g,81.22273843746493,1.4625333987093069e-06
START_1,x_g,81.62683166352197,1.6800036324053744e-06
START_1,x_g,82.03092488957901,9.893167861710159e-07
START_1,x_g,82.43501811563605,1.030240451005006e-06
START_1,x_g,82.83911134169308,1.2014361687209893e-06
START_1,x_g,83.24320456775013,1.335920567713643e-06
START_1,x_g,83.64729779380717,1.3099723495118494e-06
START_1,x_g,84.05139101986421,1.5580214418270651e-06
START_1,x_g,84.45548424592124,1.4222944763764816e-06
START_1,x_g,84.85957747197828,1.9682660456294944e-06
START_1,x_g,85.26367069803533,1.6435940815289025e-06
START_1,x_g,85.66776392409237,1.3205672179982278e-06
START_1,x_g,86.0718571501494,1.9685834090124628e-06
START_1,x_g,86.47595037620644,1.8008172329150978e-06
START_1,x_g,86.88004360226348,1.5620995010390699e-06
START_1,x_g,87.28413682832053,1.6792375308924605e-06
START_1,x_g,87.68823005437756,2.796968493920162e-06
START_1,x_g,88.0923232804346,2.023542257187373e-06
START_1,x_g,88.49641650649164,3.0365378515003447e-06
START_1,x_g,88.90050973254868,2.5814369264207508e-06
START_1,x_g,89.30460295860571,1.935586874439711e-06
START_1,x_g,89.70869618466276,2.4439941893703107e-06
START_1,x_g,90.1127894107198,2.6853228659790475e-06
START_1,x_g,90.51688263677684,2.1781582627590353e-06
START_1,x_g,90.92097586283388,2.0979923381273667e-06
START_1,x_g,91.32506908889091,2.675123722930699e-06
START_1,x_g,91.72916231494796,2.6720837432056306e-06
START_1,x_g,92.133255541005,3.3344084292220545e-06
START_1,x_g,92.53734876706204,3.7952264935896005e-06
START_1,x_g,92.94144199311907,3.702256511266737e-06
START_1,x_g,93.34553521917611,4.194871862578476e-06
START_1,x_g,93.74962844523316,5.065120865656222e-06
START_1,x_g,94.1537216712902,4.241592545097071e-06
START_1,x_g,94.55781489734723,3.995202266308644e-06
START_1,x_g,94.96190812340427,2.968336139701834e-06
START_1,x_g,95.36600134946131,2.3352438986482075e-06
START_1,x_g,95.77009457551836,3.917583254102504e-06
START_1,x_g,96.17418780157539,3.972401040061048e-06
START_1,x_g,96.57828102763243,2.5542118783085747e-06
START_1,x_g,96.98237425368947,2.780295561992807e-06
START_1,x_g,97.38646747974651,2.4096253463413848e-06
START_1,x_g,97.79056070580354,1.9883471876527827e-06
START_1,x_g,98.19465393186059,2.544984414839718e-06
START_1,x_g,98.59874715791763,1.3672524631809631e-05
START_1,x_g,99.00284038397467,1.416051985394439e-05
START_1,x_g,99.4069336100317,2.4914384605513928e-06
START_1,x_g,99.81102683608874,2.1176694632373924e-06
START_1,x_g,100.21512006214579,1.8616832605815704e-06
START_1,x_g,100.61921328820283,1.4971241965065845e-06
START_1,x_g,101.02330651425986,1.507781500184389e-06
START_1,x_g,101.4273997403169,1.9179461964028838e-06
START_1,x_g,101.83149296637394,2.3272577234402125e-06
START_1,x_g,102.23558619243099,1.2032461785383985e-06
START_1,x_g,102.63967941848802,1.456717025060873e-06
START_1,x_g,103.04377264454506,2.6048199002409917e-06
START_1,x_g,103.4478658706021,1.392260892474016e-06
START_1,y_g,0.0,5.798326374372291e-08
START_1,y_g,0.40409322605703946,3.217915688716298e-07
START_1,y_g,0.8081864521140789,3.5459117559938447e-07
START_1,y_g,1.2122796781711185,5.547725054932168e-07
START_1,y_g,1.6163729042281578,6.589886608049616e-07
START_1,y_g,2.020466130285197,4.655557804710598e-07
START_1,y_g,2.424559356342237,5.552983069709872e-07
START_1,y_g,2.8286525823992763,5.977931795828086e-07
START_1,y_g,3.2327458084563157,5.626377772507267e-07
START_1,y_g,3.636839034513355,5.30106289351145e-07
START_1,y_g,4.040932260570394,6.528288586731266e-07
START_1,y_g,4.445025486627434,5.196880852237458e-07
START_1,y_g,4.849118712684474,7.010334114048477e-07
START_1,y_g,5.253211938741513,4.760609182735188e-07
START_1,y_g,5.657305164798553,4.5001795885771616e-07
START_1,y_g,6.061398390855592,5.469786793697973e-07
START_1,y_g,6.465491616912631,4.753637241297033e-07
START_1,y_g,6.869584842969671,3.616605648465291e-07
START_1,y_g,7.27367806902671,3.550602045310508e-07
START_1,y_g,7.677771295083749,6.027354420627735e-07
START_1,y_g,8.081864521140789,7.171633155857414e-07
START_1,y_g,8.485957747197828,6.26559666596089e-07
START_1,y_g,8.890050973254867,6.664156519831696e-07
START_1,y_g,9.294144199311907,4.779258007416984e-07
START_1,y_g,9.698237425368948,2.5720012523434634e-06
START_1,y_g,10.102330651425987,5.706247378739243e-06
START_1,y_g,10.506423877483027,1.1620567702776595e-06
START_1,y_g,10.910517103540066,5.222334553574373e-07
START_1,y_g,11.314610329597105,5.189170641557482e-07
START_1,y_g,11.718703555654145,5.400279836605377e-07
START_1,y_g,12.122796781711184,7.255906395978596e-07
START_1,y_g,12.526890007768223,5.034681145995026e-07
START_1,y_g,12.930983233825263,3.9360639711448317e-07
START_1,y_g,13.335076459882302,5.11390451975337e-07
START_1,y_g,13.739169685939341,5.185786772641227e-07
START_1,y_g,14.14326291199638,6.052770898139601e-07
START_1,y_g,14.54735613805342,5.459313573500804e-07
START_1,y_g,14.95144936411046,4.306644191796312e-07
START_1,y_g,15.355542590167499,3.128373531088528e-07
START_1,y_g,15.759635816224538,3.7354766983156223e-07
START_1,y_g,16.163729042281577,4.4101843546077925e-07
START_1,y_g,16.567822268338617,4.6821228697650073e-07
START_1,y_g,16.971915494395656,4.196138872725242e-07
START_1,y_g,17.376008720452695,4.957094923862473e-07
START_1,y_g,17.780101946509735,6.297410769205307e-07
START_1,y_g,18.184195172566774,4.1417259649532804e-07
START_1,y_g,18.588288398623813,3.352711119095247e-07
START_1,y_g,18.992381624680853,2.694884519137577e-07
START_1,y_g,19.396474850737896,3.462161628986358e-07
START_1,y_g,19.800568076794935,3.168075746072941e-07
START_1,y_g,20.204661302851974,4.4666145490682954e-07
START_1,y_g,20.608754528909014,5.47084561256517e-07
START_1,y_g,21.012847754966053,5.028713139630527e-07
START_1,y_g,21.416940981023092,5.885565159638701e-07
START_1,y_g,21.82103420708013,5.917640834592346e-07
START_1,y_g,22.22512743313717,4.827951411761554e-07
START_1,y_g,22.62922065919421,5.784393322910724e-07
START_1,y_g,23.03331388525125,5.703631215415208e-07
START_1,y_g,23.43740711130829,5.36907524450993e-07
START_1,y_g,23.84150033736533,4.969279038224565e-07
START_1,y_g,24.245593563422368,4.083051763150004e-07
START_1,y_g,24.649686789479407,4.890763863034779e-07
START_1,y_g,25.053780015536447,5.558226056050846e-07
START_1,y_g,25.457873241593486,3.6028614043602274e-07
START_1,y_g,25.861966467650525,5.014437318198133e-07
START_1,y_g,26.266059693707565,4.6103053157772503e-07
START_1,y_g,26.670152919764604,4.6619946791828203e-07
START_1,y_g,27.074246145821643,5.034701603316958e-07
START_1,y_g,27.478339371878683,5.593277243527701e-07
START_1,y_g,27.882432597935722,5.316799149361021e-07
START_1,y_g,28.28652582399276,5.61373649821335e-07
START_1,y_g,28.6906190500498,7.321888471508559e-07
START_1,y_g,29.09471227610684,8.531851071901054e-07
START_1,y_g,29.49880550216388,7.488129892109391e-07
START_1,y_g,29.90289872822092,5.676775825102132e-07
START_1,y_g,30.306991954277958,7.973526626512056e-07
START_1,y_g,30.711085180334997,5.771295841125895e-07
START_1,y_g,31.115178406392037,4.862541171411943e-07
START_1,y_g,31.519271632449076,6.068921196335841e-07
START_1,y_g,31.923364858506115,6.352983205216501e-07
START_1,y_g,32.327458084563155,9.440019784426779e-07
START_1,y_g,32.7315513106202,6.093768162369909e-07
START_1,y_g,33.13564453667723,6.224629409839123e-07
START_1,y_g,33.539737762734276,7.561218400924835e-07
START_1,y_g,33.94383098879131,4.04110987717058e-07
START_1,y_g,34.347924214848355,3.8589929650663573e-07
START_1,y_g,34.75201744090539,4.115470733408584e-07
START_1,y_g,35.156110666962434,5.451394978780393e-07
START_1,y_g,35.56020389301947,6.175262304141946e-07
START_1,y_g,35.96429711907651,5.92736676667214e-07
START_1,y_g,36.36839034513355,5.309117495578254e-07
START_1,y_g,36.77248357119059,5.18150364186004e-07
START_1,y_g,37.17657679724763,5.018371820855801e-07
START_1,y_g,37.58067002330467,5.884293852872692e-07
START_1,y_g,37.984763249361706,8.171123291235474e-07
START_1,y_g,38.38885647541875,9.065510803962558e-07
START_1,y_g,38.79294970147579,7.45155282863852e-07
START_1,y_g,39.19704292753283,9.809912849482192e-07
START_1,y_g,39.60113615358987,9.75705647118489e-07
START_1,y_g,40.005229379646906,5.841027664689916e-07
START_1,y_g,40.40932260570395,4.863899668841135e-07
START_1,y_g,40.813415831760985,3.497853879613551e-07
START_1,y_g,41.21750905781803,5.422758735674851e-07
START_1,y_g,41.62160228387506,5.059689695366191e-07
START_1,y_g,42.025695509932106,3.4166033565131063e-07
START_1,y_g,42.42978873598914,4.455352635583644e-07
START_1,y_g,42.833881962046185,3.8813657629268435e-07
START_1,y_g,43.23797518810322,4.92158140468563e-07
START_1,y_g,43.64206841416026,5.012363564609302e-07
START_1,y_g,44.0461616402173,3.229105526359749e-07
START_1,y_g,44.45025486627434,4.2206778973839165e-07
START_1,y_g,44.85434809233138,5.374994437006649e-07
START_1,y_g,45.25844131838842,4.7209215065138533e-07
START_1,y_g,45.66253454444546,4.91371108451043e-07
START_1,y_g,46.0666277705025,4.5360843736973024e-07
START_1,y_g,46.470720996559535,3.8121845030434943e-07
START_1,y_g,46.87481422261658,4.764340695236494e-07
START_1,y_g,47.278907448673614,3.622972117432702e-07
START_1,y_g,47.68300067473066,2.4855575467303735e-07
START_1,y_g,48.08709390078769,3.750257658455933e-07
START_1,y_g,48.491187126844736,4.044440147969305e-07
START_1,y_g,48.89528035290177,1.4433916218519006e-05
START_1,y_g,49.299373578958814,0.00011256625222217429
START_1,y_g,49.70346680501585,5.818966099248739e-05
START_1,y_g,50.10756003107289,1.0611523588642708e-06
START_1,y_g,50.51165325712993,6.091061131486429e-07
START_1,y_g,50.91574648318697,5.698947034282191e-07
START_1,y_g,51.31983970924401,6.597705104296346e-07
START_1,y_g,51.72393293530105,4.7414147089988624e-07
START_1,y_g,52.12802616135809,5.291579852867812e-07
START_1,y_g,52.53211938741513,5.372281080928859e-07
START_1,y_g,52.93621261347217,4.136183392970384e-07
START_1,y_g,53.34030583952921,5.064553841721188e-07
START_1,y_g,53.74439906558625,5.745139285110222e-07
START_1,y_g,54.14849229164329,4.831823968985716e-07
START_1,y_g,54.55258551770033,3.6762274911053777e-07
START_1,y_g,54.956678743757365,4.0713340806804443e-07
START_1,y_g,55.36077196981441,4.324177431565459e-07
START_1,y_g,55.764865195871444,4.352595828580581e-07
START_1,y_g,56.16895842192849,4.891086288520431e-07
START_1,y_g,56.57305164798552,4.4144879083053145e-07
START_1,y_g,56.977144874042565,4.891030096602894e-07
START_1,y_g,57.3812381000996,4.085205259153964e-07
START_1,y_g,57.785331326156644,5.283790002799189e-07
START_1,y_g,58.18942455221368,5.732040851741335e-07
START_1,y_g,58.59351777827072,5.320961200835541e-07
START_1,y_g,58.99761100432776,1.048100848803836e-06
START_1,y_g,59.4017042303848,2.3737294075294717e-06
START_1,y_g,59.80579745644184,1.129203029679626e-06
START_1,y_g,60.20989068249888,4.974490977884672e-07
START_1,y_g,60.613983908555916,5.3610340001959e-07
START_1,y_g,61.01807713461296,5.634945825243972e-07
START_1,y_g,61.422170360669995,5.370548601335375e-07
START_1,y_g,61.82626358672704,7.690885041721744e-07
START_1,y_g,62.23035681278407,3.8500733299868455e-07
START_1,y_g,62.634450038841116,6.139931194123226e-07
START_1,y_g,63.03854326489815,7.674773022789466e-07
START_1,y_g,63.442636490955195,6.539211343987821e-07
START_1,y_g,63.84672971701223,5.187506310986063e-07
START_1,y_g,64.25082294306927,5.385031718449261e-07
START_1,y_g,64.65491616912631,5.121886724100694e-07
START_1,y_g,65.05900939518335,4.0250832121412487e-07
START_1,y_g,65.4631026212404,4.901664119019383e-07
START_1,y_g,65.86719584729744,5.830797140655707e-07
START_1,y_g,66.27128907335447,6.155584622674949e-07
START_1,y_g,66.67538229941151,5.193046710935612e-07
START_1,y_g,67.07947552546855,5.405171317279358e-07
START_1,y_g,67.4835687515256,6.179260729501017e-07
START_1,y_g,67.88766197758262,4.811551226028381e-07
START_1,y_g,68.29175520363967,3.0600854686507326e-06
START_1,y_g,68.69584842969671,1.1985317356329219e-05
START_1,y_g,69.09994165575375,3.782246367300903e-06
START_1,y_g,69.50403488181078,4.823839957137203e-07
START_1,y_g,69.90812810786782,3.558675167867498e-07
START_1,y_g,70.31222133392487,3.12348410243208e-07
START_1,y_g,70.71631455998191,5.352211211812831e-07
START_1,y_g,71.12040778603894,8.5183633476461e-07
START_1,y_g,71.52450101209598,1.0813435584666467e-06
START_1,y_g,71.92859423815302,8.509163188310073e-07
START_1,y_g,72.33268746421007,6.554673490116353e-07
START_1,y_g,72.7367806902671,5.128046167664296e-07
START_1,y_g,73.14087391632414,6.001584543041506e-07
START_1,y_g,73.54496714238118,5.731098113949942e-07
START_1,y_g,73.94906036843823,6.196982479105957e-07
START_1,y_g,74.35315359449525,7.2580222045265e-07
START_1,y_g,74.7572468205523,6.109219337381003e-07
START_1,y_g,75.16134004660934,6.799019563882466e-07
START_1,y_g,75.56543327266638,9.404389504587243e-07
START_1,y_g,75.96952649872341,8.689486648674329e-07
START_1,y_g,76.37361972478045,8.053647881173592e-07
START_1,y_g,76.7777129508375,6.3676581780511e-07
START_1,y_g,77.18180617689454,7.789477511410048e-07
START_1,y_g,77.58589940295158,8.495210254240198e-07
START_1,y_g,77.98999262900861,6.413384547008282e-07
START_1,y_g,78.39408585506565,7.071927102492926e-07
START_1,y_g,78.7981790811227,7.108900207787734e-07
START_1,y_g,79.20227230717974,6.154779387031486e-07
START_1,y_g,79.60636553323677,8.326897706935412e-07
START_1,y_g,80.01045875929381,9.083890157271441e-07
START_1,y_g,80.41455198535085,8.195726025908243e-07
START_1,y_g,80.8186452114079,5.90665921945671e-07
START_1,y_g,81.22273843746493,5.370962027306201e-07
START_1,y_g,81.62683166352197,5.644169567179892e-07
START_1,y_g,82.03092488957901,4.7120844554329595e-07
START_1,y_g,82.43501811563605,6.697730675439002e-07
START_1,y_g,82.83911134169308,4.520048332691747e-07
START_1,y_g,83.24320456775013,7.776390970918933e-07
START_1,y_g,83.64729779380717,8.00139887536048e-07
START_1,y_g,84.05139101986421,8.190497333207815e-07
START_1,y_g,84.45548424592124,6.117015887239823e-07
START_1,y_g,84.85957747197828,8.164867908312956e-07
START_1,y_g,85.26367069803533,1.0286526320710973e-06
START_1,y_g,85.66776392409237,6.868038313015171e-07
START_1,y_g,86.0718571501494,5.212610864499277e-07
START_1,y_g,86.47595037620644,5.388711935254974e-07
START_1,y_g,86.88004360226348,6.003223330957971e-07
START_1,y_g,87.28413682832053,9.129430193756042e-07
START_1,y_g,87.68823005437756,1.0944647354318474e-06
START_1,y_g,88.0923232804346,1.1759848063914669e-06
START_1,y_g,88.49641650649164,1.3188205965245285e-06
START_1,y_g,88.90050973254868,1.0365863542436603e-06
START_1,y_g,89.30460295860571,7.036159977878482e-07
START_1,y_g,89.70869618466276,9.32331476128541e-07
START_1,y_g,90.1127894107198,1.015825255680704e-06
START_1,y_g,90.51688263677684,1.0911340286901616e-06
START_1,y_g,90.92097586283388,1.1283663028087706e-06
START_1,y_g,91.32506908889091,9.934936728406156e-07
START_1,y_g,91.72916231494796,9.695346469007415e-07
START_1,y_g,92.133255541005,1.4080229446376184e-06
START_1,y_g,92.53734876706204,1.44618269206901e-06
START_1,y_g,92.94144199311907,1.4744905958104006e-06
START_1,y_g,93.34553521917611,1.3943293800491315e-06
START_1,y_g,93.74962844523316,1.652997542201655e-06
START_1,y_g,94.1537216712902,1.2720030084912022e-06
START_1,y_g,94.55781489734723,8.928357649913451e-07
START_1,y_g,94.96190812340427,1.1973286590712658e-06
START_1,y_g,95.36600134946131,1.0447393705969429e-06
START_1,y_g,95.77009457551836,1.0292404651269077e-06
START_1,y_g,96.17418780157539,1.152388106173144e-06
START_1,y_g,96.57828102763243,1.4968424771211768e-06
START_1,y_g,96.98237425368947,1.7482371729257757e-06
START_1,y_g,97.38646747974651,1.4003982037744942e-06
START_1,y_g,97.79056070580354,9.994324137982213e-07
START_1,y_g,98.19465393186059,1.3109631487724654e-06
START_1,y_g,98.59874715791763,9.137470915924124e-06
START_1,y_g,99.00284038397467,9.896170939396494e-06
START_1,y_g,99.4069336100317,2.5854420116697094e-06
START_1,y_g,99.81102683608874,1.5064341030258021e-06
START_1,y_g,100.21512006214579,1.9005186868103796e-06
START_1,y_g,100.61921328820283,1.6128869671814286e-06
START_1,y_g,101.02330651425986,1.5813445865858384e-06
START_1,y_g,101.4273997403169,1.5564545213839051e-06
START_1,y_g,101.83149296637394,1.091287431398073e-06
START_1,y_g,102.23558619243099,1.3724585359323711e-06
START_1,y_g,102.63967941848802,1.571590409518054e-06
START_1,y_g,103.04377264454506,1.7236641366656263e-06
START_1,y_g,103.4478658706021,1.1001945374755894e-06
START_1,z_g,0.0,1.5255284860048292e-07
START_1,z_g,0.40409322605703946,6.730387741539851e-07
START_1,z_g,0.8081864521140789,9.073886362844575e-07
START_1,z_g,1.2122796781711185,1.055299589853471e-06
START_1,z_g,1.6163729042281578,9.566405569590164e-07
START_1,z_g,2.020466130285197,7.928280927556011e-07
START_1,z_g,2.424559356342237,9.56419967153056e-07
START_1,z_g,2.8286525823992763,8.685261774524904e-07
START_1,z_g,3.2327458084563157,6.218077671620221e-07
START_1,z_g,3.636839034513355,7.662609750887984e-07
START_1,z_g,4.040932260570394,1.176728909807877e-06
START_1,z_g,4.445025486627434,1.1818052481390068e-06
START_1,z_g,4.849118712684474,8.158132075979542e-07
START_1,z_g,5.253211938741513,8.473807956944632e-07
START_1,z_g,5.657305164798553,9.960404953313598e-07
START_1,z_g,6.061398390855592,8.628898128880067e-07
START_1,z_g,6.465491616912631,7.090435238015004e-07
START_1,z_g,6.869584842969671,9.261311355831709e-07
START_1,z_g,7.27367806902671,1.0459865726454156e-06
START_1,z_g,7.677771295083749,1.0634367633745867e-06
START_1,z_g,8.081864521140789,9.80280877709717e-07
START_1,z_g,8.485957747197828,1.1037279762312753e-06
START_1,z_g,8.890050973254867,9.470603123315122e-07
START_1,z_g,9.294144199311907,9.728957482871074e-07
START_1,z_g,9.698237425368948,1.1759533108229574e-06
START_1,z_g,10.102330651425987,1.5543998218454295e-06
START_1,z_g,10.506423877483027,1.1934922109010821e-06
START_1,z_g,10.910517103540066,8.685831258948888e-07
START_1,z_g,11.314610329597105,9.34790685514192e-07
START_1,z_g,11.718703555654145,9.521244331295138e-07
START_1,z_g,12.122796781711184,1.122732063391895e-06
START_1,z_g,12.526890007768223,1.2567584127186002e-06
START_1,z_g,12.930983233825263,1.0006178310821122e-06
START_1,z_g,13.335076459882302,7.54388136874399e-07
START_1,z_g,13.739169685939341,9.427761807860811e-07
START_1,z_g,14.14326291199638,9.246546067988395e-07
START_1,z_g,14.54735613805342,8.567328578458382e-07
START_1,z_g,14.95144936411046,7.482224582105869e-07
START_1,z_g,15.355542590167499,9.298780511945587e-07
START_1,z_g,15.759635816224538,7.813623112693605e-07
START_1,z_g,16.163729042281577,5.340653652114511e-07
START_1,z_g,16.567822268338617,8.476966015809972e-07
START_1,z_g,16.971915494395656,1.1779266582194975e-06
START_1,z_g,17.376008720452695,1.1649981429244358e-06
START_1,z_g,17.780101946509735,1.1271810296278588e-06
START_1,z_g,18.184195172566774,1.0145083579969583e-06
START_1,z_g,18.588288398623813,1.0302138949086407e-06
START_1,z_g,18.992381624680853,9.812465256676436e-07
START_1,z_g,19.396474850737896,1.1412538545795265e-06
START_1,z_g,19.800568076794935,1.2416754971177457e-06
START_1,z_g,20.204661302851974,1.2501122750177492e-06
START_1,z_g,20.608754528909014,9.42879323380958e-07
START_1,z_g,21.012847754966053,9.421526519836058e-07
START_1,z_g,21.416940981023092,9.030718120699765e-07
START_1,z_g,21.82103420708013,8.561093862881507e-07
START_1,z_g,22.22512743313717,7.612827545711034e-07
START_1,z_g,22.62922065919421,6.562411187762891e-07
START_1,z_g,23.03331388525125,9.229598386729618e-07
START_1,z_g,23.43740711130829,1.0683739414239798e-06
START_1,z_g,23.84150033736533,6.84193221682331e-07
START_1,z_g,24.245593563422368,5.971245396476574e-07
START_1,z_g,24.649686789479407,6.094536228437258e-07
START_1,z_g,25.053780015536447,5.930660638984279e-07
START_1,z_g,25.457873241593486,8.43365357900696e-07
START_1,z_g,25.861966467650525,1.1552321169101737e-06
START_1,z_g,26.266059693707565,1.1175297860290718e-06
START_1,z_g,26.670152919764604,9.080450521905081e-07
START_1,z_g,27.074246145821643,1.0046195826425615e-06
START_1,z_g,27.478339371878683,7.017377542460114e-07
START_1,z_g,27.882432597935722,5.657061908868776e-07
START_1,z_g,28.28652582399276,8.003861226885745e-07
START_1,z_g,28.6906190500498,1.0236357752020484e-06
START_1,z_g,29.09471227610684,9.74619669297297e-07
START_1,z_g,29.49880550216388,6.676664515187391e-07
START_1,z_g,29.90289872822092,7.893123968501576e-07
START_1,z_g,30.306991954277958,1.1086089475438947e-06
START_1,z_g,30.711085180334997,7.313796761967571e-07
START_1,z_g,31.115178406392037,7.702691919312058e-07
START_1,z_g,31.519271632449076,1.2575297422736858e-06
START_1,z_g,31.923364858506115,1.1371234327888811e-06
START_1,z_g,32.327458084563155,9.348712332285405e-07
START_1,z_g,32.7315513106202,6.136038313809002e-07
START_1,z_g,33.13564453667723,9.515770768110445e-07
START_1,z_g,33.539737762734276,8.769701934069067e-07
START_1,z_g,33.94383098879131,7.340435142312399e-07
START_1,z_g,34.347924214848355,7.230164866552542e-07
START_1,z_g,34.75201744090539,8.344056596890949e-07
START_1,z_g,35.156110666962434,8.470611001028525e-07
START_1,z_g,35.56020389301947,9.422226440673079e-07
START_1,z_g,35.96429711907651,9.367989021764316e-07
START_1,z_g,36.36839034513355,9.306906691993796e-07
START_1,z_g,36.77248357119059,8.67845352144719e-07
START_1,z_g,37.17657679724763,1.0949185712561057e-06
START_1,z_g,37.58067002330467,1.023099928580136e-06
START_1,z_g,37.984763249361706,9.082561042590495e-07
START_1,z_g,38.38885647541875,7.234790745707934e-07
START_1,z_g,38.79294970147579,7.634513735873851e-07
START_1,z_g,39.19704292753283,7.651443727254938e-07
START_1,z_g,39.60113615358987,8.236747212687621e-07
START_1,z_g,40.005229379646906,8.024777210012779e-07
START_1,z_g,40.40932260570395,1.169766869954612e-06
START_1,z_g,40.813415831760985,8.545764621284308e-07
START_1,z_g,41.21750905781803,9.21306739614335e-07
START_1,z_g,41.62160228387506,7.923646862913725e-07
START_1,z_g,42.025695509932106,6.735339171572994e-07
START_1,z_g,42.42978873598914,1.0143692099272046e-06
START_1,z_g,42.833881962046185,1.1376909021571985e-06
START_1,z_g,43.23797518810322,8.297599726479212e-07
START_1,z_g,43.64206841416026,9.398880824218769e-07
START_1,z_g,44.0461616402173,9.85720121428848e-07
START_1,z_g,44.45025486627434,7.414393233257887e-07
START_1,z_g,44.85434809233138,8.438482851913108e-07
START_1,z_g,45.25844131838842,8.895417024589306e-07
START_1,z_g,45.66253454444546,7.262759355925457e-07
START_1,z_g,46.0666277705025,7.998932292342249e-07
START_1,z_g,46.470720996559535,7.658406123727078e-07
START_1,z_g,46.87481422261658,7.678619385313206e-07
START_1,z_g,47.278907448673614,7.855900049393673e-07
START_1,z_g,47.68300067473066,1.2216964649427216e-06
START_1,z_g,48.08709390078769,1.0889306597910377e-06
START_1,z_g,48.491187126844736,9.208826038362844e-07
START_1,z_g,48.89528035290177,4.805298402125307e-06
START_1,z_g,49.299373578958814,3.113342154203004e-05
START_1,z_g,49.70346680501585,1.641184882238508e-05
START_1,z_g,50.10756003107289,9.003824699166688e-07
START_1,z_g,50.51165325712993,1.2261743253588726e-06
START_1,z_g,50.91574648318697,9.667830602116737e-07
START_1,z_g,51.31983970924401,8.712508963500844e-07
START_1,z_g,51.72393293530105,1.0530142699339325e-06
START_1,z_g,52.12802616135809,9.455914637997959e-07
START_1,z_g,52.53211938741513,7.747399672525873e-07
START_1,z_g,52.93621261347217,1.0404430231281981e-06
START_1,z_g,53.34030583952921,1.1202621103481971e-06
START_1,z_g,53.74439906558625,9.149793030093598e-07
START_1,z_g,54.14849229164329,5.33648493050136e-07
START_1,z_g,54.55258551770033,4.961864627579306e-07
START_1,z_g,54.956678743757365,7.618712301992892e-07
START_1,z_g,55.36077196981441,6.591015872379305e-07
START_1,z_g,55.764865195871444,7.753702981760526e-07
START_1,z_g,56.16895842192849,9.669762501644403e-07
START_1,z_g,56.57305164798552,8.384908306323747e-07
START_1,z_g,56.977144874042565,6.597249658425255e-07
START_1,z_g,57.3812381000996,8.062233029973218e-07
START_1,z_g,57.785331326156644,8.460713864909793e-07
START_1,z_g,58.18942455221368,7.735311809471646e-07
START_1,z_g,58.59351777827072,1.4087468814755517e-06
START_1,z_g,58.99761100432776,1.2782321912015291e-06
START_1,z_g,59.4017042303848,1.0709215313826967e-06
START_1,z_g,59.80579745644184,8.797046803356394e-07
START_1,z_g,60.20989068249888,9.060691458610799e-07
START_1,z_g,60.613983908555916,7.963084757911108e-07
START_1,z_g,61.01807713461296,5.856578854469392e-07
START_1,z_g,61.422170360669995,8.024850316148709e-07
START_1,z_g,61.82626358672704,1.0493756658382117e-06
START_1,z_g,62.23035681278407,1.0018863863321335e-06
START_1,z_g,62.634450038841116,8.814055605408998e-07
START_1,z_g,63.03854326489815,1.0698161443035768e-06
START_1,z_g,63.442636490955195,1.0826260100228901e-06
START_1,z_g,63.84672971701223,9.95436351119807e-07
START_1,z_g,64.25082294306927,6.22930515372072e-07
START_1,z_g,64.65491616912631,7.161137974721616e-07
START_1,z_g,65.05900939518335,1.1241080806151541e-06
START_1,z_g,65.4631026212404,8.765770530098384e-07
START_1,z_g,65.86719584729744,1.0742896791252772e-06
START_1,z_g,66.27128907335447,9.69443562931062e-07
START_1,z_g,66.67538229941151,1.0182760592009375e-06
START_1,z_g,67.07947552546855,1.017262890058627e-06
START_1,z_g,67.4835687515256,1.2248215825915613e-06
START_1,z_g,67.88766197758262,1.1204087241049438e-06
START_1,z_g,68.29175520363967,1.8689040071509286e-06
START_1,z_g,68.69584842969671,6.048727472670335e-06
START_1,z_g,69.09994165575375,2.486335373121103e-06
START_1,z_g,69.50403488181078,9.26131592802746e-07
START_1,z_g,69.90812810786782,8.782879935779631e-07
START_1,z_g,70.31222133392487,1.182904638515556e-06
START_1,z_g,70.71631455998191,1.0648536234185524e-06
START_1,z_g,71.12040778603894,8.927775750995252e-07
START_1,z_g,71.52450101209598,8.105294102268633e-07
START_1,z_g,71.92859423815302,7.958429337218583e-07
START_1,z_g,72.33268746421007,8.62858117341815e-07
START_1,z_g,72.7367806902671,8.452905051897419e-07
START_1,z_g,73.14087391632414,9.96259773811795e-07
START_1,z_g,73.54496714238118,8.869508457364072e-07
START_1,z_g,73.94906036843823,6.948248452271487e-07
START_1,z_g,74.35315359449525,7.027923189734663e-07
START_1,z_g,74.7572468205523,1.0189914328768745e-06
START_1,z_g,75.16134004660934,8.58517513110222e-07
START_1,z_g,75.56543327266638,8.686886014537205e-07
START_1,z_g,75.96952649872341,1.0098799612941427e-06
START_1,z_g,76.37361972478045,1.3643040014065839e-06
START_1,z_g,76.7777129508375,1.0521683663282664e-06
START_1,z_g,77.18180617689454,9.026659624118912e-07
START_1,z_g,77.58589940295158,6.165737680329655e-07
START_1,z_g,77.98999262900861,7.272159512566408e-07
START_1,z_g,78.39408585506565,8.959165387788341e-07
START_1,z_g,78.7981790811227,9.53690557660062e-07
START_1,z_g,79.20227230717974,9.172472806369859e-07
START_1,z_g,79.60636553323677,8.209086346381415e-07
START_1,z_g,80.01045875929381,1.0165728997594933e-06
START_1,z_g,80.41455198535085,1.202782474399946e-06
START_1,z_g,80.8186452114079,9.401887027520717e-07
START_1,z_g,81.22273843746493,8.718970880323677e-07
START_1,z_g,81.62683166352197,9.844189263845454e-07
START_1,z_g,82.03092488957901,1.031857078206668e-06
START_1,z_g,82.43501811563605,7.843204740958228e-07
START_1,z_g,82.83911134169308,7.346861948757667e-07
START_1,z_g,83.24320456775013,1.0251504827917874e-06
START_1,z_g,83.64729779380717,1.117550915306538e-06
START_1,z_g,84.05139101986421,1.1276644758664482e-06
START_1,z_g,84.45548424592124,1.014553862658578e-06
START_1,z_g,84.85957747197828,1.1014726211196793e-06
START_1,z_g,85.26367069803533,1.2736872321972215e-06
START_1,z_g,85.66776392409237,1.1448814169236991e-06
START_1,z_g,86.0718571501494,1.062243293617382e-06
START_1,z_g,86.47595037620644,8.566923159579174e-07
START_1,z_g,86.88004360226348,1.0240550427174403e-06
START_1,z_g,87.28413682832053,1.1178814279812872e-06
START_1,z_g,87.68823005437756,7.65382950559863e-07
START_1,z_g,88.0923232804346,1.2875833607908033e-06
START_1,z_g,88.49641650649164,1.2885343129260173e-06
START_1,z_g,88.90050973254868,1.28507856247789e-06
START_1,z_g,89.30460295860571,8.873750939778605e-07
START_1,z_g,89.70869618466276,7.486247263631178e-07
START_1,z_g,90.1127894107198,1.267288274461088e-06
START_1,z_g,90.51688263677684,1.2551465569536917e-06
START_1,z_g,90.92097586283388,1.1073185670594252e-06
START_1,z_g,91.32506908889091,1.2456131599114718e-06
START_1,z_g,91.72916231494796,1.162269600616317e-06
START_1,z_g,92.133255541005,1.3006146223440904e-06
START_1,z_g,92.53734876706204,9.82089354166893e-07
START_1,z_g,92.94144199311907,9.453483296427687e-07
START_1,z_g,93.34553521917611,1.0607717639554687e-06
START_1,z_g,93.74962844523316,9.848349411870732e-07
START_1,z_g,94.1537216712902,1.0788040427067516e-06
START_1,z_g,94.55781489734723,1.568954612213562e-06
START_1,z_g,94.96190812340427,1.0460836334440099e-06
START_1,z_g,95.36600134946131,9.812547804945253e-07
START_1,z_g,95.77009457551836,1.4092745839191762e-06
START_1,z_g,96.17418780157539,1.4713906270920577e-06
START_1,z_g,96.57828102763243,1.2544180695284626e-06
START_1,z_g,96.98237425368947,1.4332755705526818e-06
START_1,z_g,97.38646747974651,9.345418840491482e-07
START_1,z_g,97.79056070580354,8.608754559947646e-07
START_1,z_g,98.19465393186059,1.3919399380302914e-06
START_1,z_g,98.59874715791763,6.385128033458842e-06
START_1,z_g,99.00284038397467,6.230908853544307e-06
START_1,z_g,99.4069336100317,1.928718369477118e-06
START_1,z_g,99.81102683608874,1.440258334194107e-06
START_1,z_g,100.21512006214579,1.8389310914769758e-06
START_1,z_g,100.61921328820283,2.212049932524525e-06
START_1,z_g,101.02330651425986,2.1433580965623877e-06
START_1,z_g,101.4273997403169,1.33621633159452e-06
START_1,z_g,101.83149296637394,1.168072285779838e-06
START_1,z_g,102.23558619243099,1.3134779689387362e-06
START_1,z_g,102.63967941848802,1.1370495136758885e-06
START_1,z_g,103.04377264454506,1.2698851763974163e-06
START_1,z_g,103.4478658706021,1.1906977023216798e-06
START_2,x_g,0.0,1.221527039953195e-07
START_2,x_g,0.40416682223406714,5.283460856727447e-07
START_2,x_g,0.8083336444681343,5.492750916258086e-07
START_2,x_g,1.2125004667022015,6.000561720919677e-07
START_2,x_g,1.6166672889362685,6.444968447531259e-07
START_2,x_g,2.020834111170336,4.67850903877955e-07
START_2,x_g,2.425000933404403,5.466335881029843e-07
START_2,x_g,2.82916775563847,7.684093310378019e-07
START_2,x_g,3.233334577872537,9.038444466073928e-07
START_2,x_g,3.637501400106604,5.647608831864394e-07
START_2,x_g,4.041668222340672,4.307764849997001e-07
START_2,x_g,4.445835044574738,5.535011910861163e-07
START_2,x_g,4.850001866808806,5.362220725700501e-07
START_2,x_g,5.2541686890428725,4.861561303676383e-07
START_2,x_g,5.65833551127694,6.14049837389518e-07
START_2,x_g,6.062502333511007,4.982925495826827e-07
START_2,x_g,6.466669155745074,5.075143358682831e-07
START_2,x_g,6.870835977979142,5.876178770934083e-07
START_2,x_g,7.275002800213208,4.851691062070939e-07
START_2,x_g,7.679169622447276,4.765566247889655e-07
START_2,x_g,8.083336444681343,4.904285166030062e-07
START_2,x_g,8.48750326691541,8.55521467611249e-07
START_2,x_g,8.891670089149477,1.1888770785571338e-06
START_2,x_g,9.295836911383544,9.96336374029799e-07
START_2,x_g,9.700003733617612,1.2605210590843197e-06
START_2,x_g,10.10417055585168,1.6118579407368997e-06
START_2,x_g,10.508337378085745,7.142929448513962e-07
START_2,x_g,10.912504200319812,5.398422401981279e-07
START_2,x_g,11.31667102255388,5.832926277279192e-07
START_2,x_g,11.720837844787948,7.719317407965583e-07
START_2,x_g,12.125004667022013,5.973333378465929e-07
START_2,x_g,12.52917148925608,5.284657309293372e-07
START_2,x_g,12.933338311490148,4.711788258464474e-07
START_2,x_g,13.337505133724216,5.080806144629046e-07
START_2,x_g,13.741671955958283,7.309857545898482e-07
START_2,x_g,14.14583877819235,7.031393990608439e-07
START_2,x_g,14.550005600426417,5.674680100185711e-07
START_2,x_g,14.954172422660484,5.525588412009783e-07
START_2,x_g,15.358339244894552,5.85710472355743e-07
START_2,x_g,15.762506067128617,8.062175927973717e-07
START_2,x_g,16.166672889362687,5.780793502233465e-07
START_2,x_g,16.570839711596754,6.292228288872628e-07
START_2,x_g,16.97500653383082,4.28600060754431e-07
START_2,x_g,17.379173356064886,4.6754540347342945e-07
START_2,x_g,17.783340178298953,5.347480846545078e-07
START_2,x_g,18.18750700053302,5.395118440682375e-07
START_2,x_g,18.59167382276709,6.58493154951895e-07
START_2,x_g,18.995840645001156,6.586049237118419e-07
START_2,x_g,19.400007467235223,7.745849838522052e-07
START_2,x_g,19.80417428946929,8.075975886686242e-07
START_2,x_g,20.20834111170336,5.986351453629922e-07
START_2,x_g,20.612507933937422,5.352710332206405e-07
START_2,x_g,21.01667475617149,4.4889399630006124e-07
START_2,x_g,21.420841578405557,6.705674909501227e-07
START_2,x_g,21.825008400639625,6.580672906259116e-07
START_2,x_g,22.229175222873693,4.506862217908258e-07
START_2,x_g,22.63334204510776,5.031380453222644e-07
START_2,x_g,23.037508867341828,7.525997561025025e-07
START_2,x_g,23.441675689575895,6.746458712439215e-07
START_2,x_g,23.845842511809963,7.869473503811319e-07
START_2,x_g,24.250009334044027,6.002814300649684e-07
START_2,x_g,24.654176156278094,6.987449801911305e-07
START_2,x_g,25.05834297851216,9.261050214340354e-07
START_2,x_g,25.46250980074623,7.626760991014348e-07
START_2,x_g,25.866676622980297,5.423720811775015e-07
START_2,x_g,26.270843445214364,4.931648466083506e-07
START_2,x_g,26.67501026744843,7.08312226472394e-07
START_2,x_g,27.0791770896825,6.94295979326612e-07
START_2,x_g,27.483343911916567,5.444280596727481e-07
START_2,x_g,27.88751073415063,7.359941892604578e-07
START_2,x_g,28.2916775563847,5.891194048891115e-07
START_2,x_g,28.695844378618766,4.904808683052414e-07
START_2,x_g,29.100011200852833,6.612565422085747e-07
START_2,x_g,29.5041780230869,6.5604130634039e-07
START_2,x_g,29.90834484532097,6.453542395410732e-07
START_2,x_g,30.312511667555036,6.332658147512709e-07
START_2,x_g,30.716678489789103,3.4891088904728595e-07
START_2,x_g,31.12084531202317,4.6425846390779235e-07
START_2,x_g,31.525012134257235,4.837412217415215e-07
START_2,x_g,31.929178956491302,5.929108955417963e-07
START_2,x_g,32.33334577872537,7.726216114715424e-07
START_2,x_g,32.73751260095944,7.0561121124244e-07
START_2,x_g,33.14167942319351,7.287464541546338e-07
START_2,x_g,33.54584624542757,7.550659013872886e-07
START_2,x_g,33.95001306766164,7.228089807581753e-07
START_2,x_g,34.354179889895704,1.0286884317406397e-06
START_2,x_g,34.75834671212977,9.802741376894965e-07
START_2,x_g,35.16251353436384,8.896481251372677e-07
START_2,x_g,35.56668035659791,8.465514532307621e-07
START_2,x_g,35.970847178831974,6.983898601988399e-07
START_2,x_g,36.37501400106604,8.245206043546073e-07
START_2,x_g,36.77918082330011,7.982105996255707e-07
START_2,x_g,37.18334764553418,6.016709282387764e-07
START_2,x_g,37.587514467768244,4.953804319194017e-07
START_2,x_g,37.99168129000231,6.855833793319873e-07
START_2,x_g,38.39584811223638,9.264538795841959e-07
START_2,x_g,38.80001493447045,1.0295614481475461e-06
START_2,x_g,39.204181756704514,4.153068519435254e-06
START_2,x_g,39.60834857893858,3.407469340919699e-06
START_2,x_g,40.01251540117265,7.441422743081193e-07
START_2,x_g,40.41668222340672,1.0204521086614878e-06
START_2,x_g,40.82084904564078,8.767418136007044e-07
START_2,x_g,41.225015867874845,7.751154671974731e-07
START_2,x_g,41.62918269010891,6.227429594226714e-07
START_2,x_g,42.03334951234298,4.573340081459573e-07
START_2,x_g,42.43751633457705,5.155484514237455e-07
START_2,x_g,42.841683156811115,5.124778811119847e-07
START_2,x_g,43.24584997904518,5.027942009675877e-07
START_2,x_g,43.65001680127925,7.559886998778756e-07
START_2,x_g,44.05418362351332,7.385865305028576e-07
START_2,x_g,44.458350445747385,4.806299281030179e-07
START_2,x_g,44.86251726798145,7.156753391342813e-07
START_2,x_g,45.26668409021552,8.545436651918727e-07
START_2,x_g,45.67085091244959,1.3107815063223655e-06
START_2,x_g,46.075017734683655,1.1202993846488518e-06
START_2,x_g,46.47918455691772,7.220579806612902e-07
START_2,x_g,46.88335137915179,8.445771747900841e-07
START_2,x_g,47.28751820138586,5.418275476178442e-07
START_2,x_g,47.691685023619925,4.997426094759889e-07
START_2,x_g,48.095851845853986,6.92377124539497e-07
START_2,x_g,48.50001866808805,1.4522394878384589e-06
START_2,x_g,48.90418549032212,0.00010986998637761742
START_2,x_g,49.30835231255619,0.0008456416445975392
START_2,x_g,49.712519134790256,0.00039885884490452735
START_2,x_g,50.11668595702432,4.388049592457609e-06
START_2,x_g,50.52085277925839,1.2785834886016547e-06
START_2,x_g,50.92501960149246,1.278932729079917e-06
START_2,x_g,51.329186423726526,7.759656848125504e-07
START_2,x_g,51.73335324596059,6.923953344423083e-07
START_2,x_g,52.13752006819466,7.781653467711966e-07
START_2,x_g,52.54168689042873,7.982101926430271e-07
START_2,x_g,52.945853712662796,7.4858076820441e-07
START_2,x_g,53.35002053489686,6.139275913973193e-07
START_2,x_g,53.75418735713093,5.090652003412257e-07
START_2,x_g,54.158354179365,6.758480934522286e-07
START_2,x_g,54.562521001599066,8.549698494607846e-07
START_2,x_g,54.966687823833134,1.0762337495907035e-06
START_2,x_g,55.3708546460672,1.188955637184068e-06
START_2,x_g,55.77502146830126,7.934050312983802e-07
START_2,x_g,56.17918829053533,3.897160323310612e-07
START_2,x_g,56.5833551127694,4.182311448031464e-07
START_2,x_g,56.987521935003464,7.037106401860203e-07
START_2,x_g,57.39168875723753,7.935466978917711e-07
START_2,x_g,57.7958555794716,5.401703589226888e-07
START_2,x_g,58.20002240170567,7.929129687757782e-07
START_2,x_g,58.604189223939734,9.850655044124217e-07
START_2,x_g,59.0083560461738,1.2922521413577304e-06
START_2,x_g,59.41252286840787,1.7277496030551052e-06
START_2,x_g,59.81668969064194,8.45567211187752e-07
START_2,x_g,60.220856512876004,6.526704762576198e-07
START_2,x_g,60.62502333511007,6.576757740763352e-07
START_2,x_g,61.02919015734414,5.361985938024596e-07
START_2,x_g,61.43335697957821,5.34329783346897e-07
START_2,x_g,61.837523801812274,7.666395496013173e-07
START_2,x_g,62.24169062404634,9.682193519317952e-07
START_2,x_g,62.64585744628041,1.0033076097953254e-06
START_2,x_g,63.05002426851447,9.660634657055108e-07
START_2,x_g,63.45419109074854,7.841979956896752e-07
START_2,x_g,63.858357912982605,9.725590043843873e-07
START_2,x_g,64.26252473521667,7.946004419603575e-07
START_2,x_g,64.66669155745075,8.792192213475334e-07
START_2,x_g,65.07085837968481,1.001799048510598e-06
START_2,x_g,65.47502520191888,7.398784838382088e-07
START_2,x_g,65.87919202415294,8.96455468342203e-07
START_2,x_g,66.28335884638702,9.499396630784982e-07
START_2,x_g,66.68752566862108,1.1444588687274578e-06
START_2,x_g,67.09169249085514,1.4856658075229755e-06
START_2,x_g,67.49585931308921,1.0967969094126267e-06
START_2,x_g,67.90002613532327,8.487855843747666e-07
START_2,x_g,68.30419295755735,1.4635973906040991e-06
START_2,x_g,68.70835977979141,3.820955583689191e-06
START_2,x_g,69.11252660202548,1.8157531647490323e-06
START_2,x_g,69.51669342425954,1.4317421261789432e-06
START_2,x_g,69.92086024649362,1.2066723169908407e-06
START_2,x_g,70.32502706872768,1.2469581076010252e-06
START_2,x_g,70.72919389096175,1.3788864098979796e-06
START_2,x_g,71.13336071319581,1.5886503202517847e-06
START_2,x_g,71.53752753542989,1.2041630583948712e-06
START_2,x_g,71.94169435766395,9.431379322204426e-07
START_2,x_g,72.34586117989802,1.2035552128281072e-06
START_2,x_g,72.75002800213208,1.4806634419169787e-06
START_2,x_g,73.15419482436616,1.1918298400507106e-06
START_2,x_g,73.55836164660022,8.311072275890272e-07
START_2,x_g,73.96252846883428,1.2718067601588257e-06
START_2,x_g,74.36669529106835,1.5211688770293745e-06
START_2,x_g,74.77086211330241,1.4341277335194524e-06
START_2,x_g,75.17502893553649,1.6732489320670598e-06
START_2,x_g,75.57919575777055,1.630779094621981e-06
START_2,x_g,75.98336258000462,1.333279031817924e-06
START_2,x_g,76.38752940223868,1.157787299594777e-06
START_2,x_g,76.79169622447276,1.0489843374384612e-06
START_2,x_g,77.19586304670682,1.228251269091713e-06
START_2,x_g,77.6000298689409,1.1699028332492803e-06
START_2,x_g,78.00419669117495,1.0744085720359962e-06
START_2,x_g,78.40836351340903,1.8453270037626083e-06
START_2,x_g,78.81253033564309,1.7312866030750963e-06
START_2,x_g,79.21669715787716,9.735734306264516e-07
START_2,x_g,79.62086398011122,1.1324119503067097e-06
START_2,x_g,80.0250308023453,1.1721925760295834e-06
START_2,x_g,80.42919762457936,1.0954769095700112e-06
START_2,x_g,80.83336444681343,1.3883444920772258e-06
START_2,x_g,81.2375312690475,1.5716876522681023e-06
START_2,x_g,81.64169809128155,1.4290616999719183e-06
START_2,x_g,82.04586491351563,1.842005117078843e-06
START_2,x_g,82.45003173574969,1.753060772310628e-06
START_2,x_g,82.85419855798376,1.4068802668607979e-06
START_2,x_g,83.25836538021782,1.2790412011516138e-06
START_2,x_g,83.6625322024519,1.4852682221196389e-06
START_2,x_g,84.06669902468596,1.46960348023984e-06
START_2,x_g,84.47086584692003,1.342736325705924e-06
START_2,x_g,84.8750326691541,1.6888937470229397e-06
START_2,x_g,85.27919949138817,1.5025631316763065e-06
START_2,x_g,85.68336631362223,1.2592392881271913e-06
START_2,x_g,86.0875331358563,1.112134212491206e-06
START_2,x_g,86.49169995809036,1.424345445575183e-06
START_2,x_g,86.89586678032444,1.7011094907447374e-06
START_2,x_g,87.3000336025585,1.5339505348132041e-06
START_2,x_g,87.70420042479257,2.0321324781010555e-06
START_2,x_g,88.10836724702664,2.3544296583480214e-06
START_2,x_g,88.51253406926071,1.9033267871356637e-06
START_2,x_g,88.91670089149477,2.653145695669934e-06
START_2,x_g,89.32086771372883,2.2305271170324817e-06
START_2,x_g,89.7250345359629,2.522814707397352e-06
START_2,x_g,90.12920135819697,1.8462542634835453e-06
START_2,x_g,90.53336818043104,1.8620010887600813e-06
START_2,x_g,90.9375350026651,2.2100582153521103e-06
START_2,x_g,91.34170182489918,2.0303153342883726e-06
START_2,x_g,91.74586864713324,1.7727045272548089e-06
START_2,x_g,92.15003546936731,2.3929354430937288e-06
START_2,x_g,92.55420229160137,2.7663966823339715e-06
START_2,x_g,92.95836911383545,3.2894786877114877e-06
START_2,x_g,93.3625359360695,3.1676116408277234e-06
START_2,x_g,93.76670275830358,2.781281177951664e-06
START_2,x_g,94.17086958053764,2.6144806036169065e-06
START_2,x_g,94.57503640277172,3.10887144258707e-06
START_2,x_g,94.97920322500578,2.707130298097784e-06
START_2,x_g,95.38337004723985,3.889147174490878e-06
START_2,x_g,95.78753686947391,2.937587754805333e-06
START_2,x_g,96.19170369170797,2.8631384126550925e-06
START_2,x_g,96.59587051394205,4.0227268518955516e-06
START_2,x_g,97.0000373361761,2.7987474048276774e-06
START_2,x_g,97.40420415841018,2.732474897802628e-06
START_2,x_g,97.80837098064424,2.3107299813792933e-06
START_2,x_g,98.21253780287832,4.179753286917593e-06
START_2,x_g,98.61670462511238,1.8356535734309943e-05
START_2,x_g,99.02087144734645,1.6528267712990975e-05
START_2,x_g,99.42503826958051,2.801418283390292e-06
START_2,x_g,99.82920509181459,2.7156280759096683e-06
START_2,x_g,100.23337191404865,2.736526546718966e-06
START_2,x_g,100.63753873628272,1.8162730866848628e-06
START_2,x_g,101.04170555851678,1.3178759066474224e-06
START_2,x_g,101.44587238075086,1.0509031512419993e-06
START_2,x_g,101.85003920298492,1.0760845230641899e-06
START_2,x_g,102.25420602521899,1.4694840348731592e-06
START_2,x_g,102.65837284745305,1.6940388212132182e-06
START_2,x_g,103.06253966968713,1.7176771805746904e-06
START_2,x_g,103.46670649192119,8.498673227192293e-07
START_2,y_g,0.0,1.0042834022691759e-07
START_2,y_g,0.40416682223406714,5.642556331700917e-07
START_2,y_g,0.8083336444681343,5.743177683747767e-07
START_2,y_g,1.2125004667022015,4.7458145252641544e-07
START_2,y_g,1.6166672889362685,3.82428018777047e-07
START_2,y_g,2.020834111170336,4.025183555377345e-07
START_2,y_g,2.425000933404403,3.733068465301824e-07
START_2,y_g,2.82916775563847,4.6308837117681015e-07
START_2,y_g,3.233334577872537,4.346119994674023e-07
START_2,y_g,3.637501400106604,5.491338915110338e-07
START_2,y_g,4.041668222340672,5.378408820518317e-07
START_2,y_g,4.445835044574738,5.72551488519812e-07
START_2,y_g,4.850001866808806,4.6561356443752556e-07
START_2,y_g,5.2541686890428725,4.555482616488856e-07
START_2,y_g,5.65833551127694,4.3048395417024777e-07
START_2,y_g,6.062502333511007,3.948416617184605e-07
START_2,y_g,6.466669155745074,4.303917854879642e-07
START_2,y_g,6.870835977979142,4.4475508290475673e-07
START_2,y_g,7.275002800213208,4.102011869503901e-07
START_2,y_g,7.679169622447276,4.883861837547961e-07
START_2,y_g,8.083336444681343,4.977776307505915e-07
START_2,y_g,8.48750326691541,4.71297034236987e-07
START_2,y_g,8.891670089149477,4.771248665929612e-07
START_2,y_g,9.295836911383544,6.533777511942681e-07
START_2,y_g,9.700003733617612,4.337792273179906e-06
START_2,y_g,10.10417055585168,8.663436641690344e-06
START_2,y_g,10.508337378085745,1.5130022034429455e-06
START_2,y_g,10.912504200319812,4.068277715232052e-07
START_2,y_g,11.31667102255388,5.234447363392553e-07
START_2,y_g,11.720837844787948,5.574273748840134e-07
START_2,y_g,12.125004667022013,6.202612273066195e-07
START_2,y_g,12.52917148925608,6.800107442746564e-07
START_2,y_g,12.933338311490148,6.300390446692659e-07
START_2,y_g,13.337505133724216,6.367463235976721e-07
START_2,y_g,13.741671955958283,6.917414688541585e-07
START_2,y_g,14.14583877819235,7.057220342915345e-07
START_2,y_g,14.550005600426417,4.677679162283215e-07
START_2,y_g,14.954172422660484,6.074682380778537e-07
START_2,y_g,15.358339244894552,5.95444719815778e-07
START_2,y_g,15.762506067128617,5.255085965629304e-07
START_2,y_g,16.166672889362687,3.9652505446719084e-07
START_2,y_g,16.570839711596754,5.893325263050013e-07
START_2,y_g,16.97500653383082,5.376793257979303e-07
START_2,y_g,17.379173356064886,5.568773689862502e-07
START_2,y_g,17.783340178298953,6.909317173727072e-07
START_2,y_g,18.18750700053302,4.461790953278335e-07
START_2,y_g,18.59167382276709,4.421910328232175e-07
START_2,y_g,18.995840645001156,5.137590119182673e-07
START_2,y_g,19.400007467235223,6.244825518059469e-07
START_2,y_g,19.80417428946929,6.820286134078771e-07
START_2,y_g,20.20834111170336,7.777090867028257e-07
START_2,y_g,20.612507933937422,6.452852820626441e-07
START_2,y_g,21.01667475617149,5.456710396343271e-07
START_2,y_g,21.420841578405557,5.370887645355728e-07
START_2,y_g,21.825008400639625,6.416881831709245e-07
START_2,y_g,22.229175222873693,7.85228251105495e-07
START_2,y_g,22.63334204510776,8.196340522529625e-07
START_2,y_g,23.037508867341828,5.413757509646599e-07
START_2,y_g,23.441675689575895,4.4266780878835757e-07
START_2,y_g,23.845842511809963,6.942567540056636e-07
START_2,y_g,24.250009334044027,6.278827294889903e-07
START_2,y_g,24.654176156278094,4.990715237997876e-07
START_2,y_g,25.05834297851216,6.329139502570452e-07
START_2,y_g,25.46250980074623,8.598269265925348e-07
START_2,y_g,25.866676622980297,5.638674623396637e-07
START_2,y_g,26.270843445214364,4.003316596071372e-07
START_2,y_g,26.67501026744843,3.896608808327789e-07
START_2,y_g,27.0791770896825,4.264399204290652e-07
START_2,y_g,27.483343911916567,3.9235696811747983e-07
START_2,y_g,27.88751073415063,4.568512559767061e-07
START_2,y_g,28.2916775563847,5.146481416361319e-07
START_2,y_g,28.695844378618766,8.811435840327945e-07
START_2,y_g,29.100011200852833,7.985246052513928e-07
START_2,y_g,29.5041780230869,5.645463179958175e-07
START_2,y_g,29.90834484532097,7.334661017180239e-07
START_2,y_g,30.312511667555036,8.911987112879929e-07
START_2,y_g,30.716678489789103,4.830435518741712e-07
START_2,y_g,31.12084531202317,5.643274609833847e-07
START_2,y_g,31.525012134257235,5.584058692926026e-07
START_2,y_g,31.929178956491302,6.014431079431094e-07
START_2,y_g,32.33334577872537,4.5906224373878284e-07
START_2,y_g,32.73751260095944,6.548178022424243e-07
START_2,y_g,33.14167942319351,5.814125223257476e-07
START_2,y_g,33.54584624542757,5.276649243132566e-07
START_2,y_g,33.95001306766164,5.098302083456341e-07
START_2,y_g,34.354179889895704,4.410070113195683e-07
START_2,y_g,34.75834671212977,5.353309243795534e-07
START_2,y_g,35.16251353436384,5.933365696751213e-07
START_2,y_g,35.56668035659791,6.0401424897826e-07
START_2,y_g,35.970847178831974,6.733812978080789e-07
START_2,y_g,36.37501400106604,5.978117523037065e-07
START_2,y_g,36.77918082330011,4.698962610335913e-07
START_2,y_g,37.18334764553418,4.497754700773749e-07
START_2,y_g,37.587514467768244,6.660498264788609e-07
START_2,y_g,37.99168129000231,5.935989774969331e-07
START_2,y_g,38.39584811223638,5.12426657735442e-07
START_2,y_g,38.80001493447045,6.021599716771743e-07
START_2,y_g,39.204181756704514,1.4615653369681798e-06
START_2,y_g,39.60834857893858,1.3589437796662938e-06
START_2,y_g,40.01251540117265,5.898247426860837e-07
START_2,y_g,40.41668222340672,4.7157678109548736e-07
START_2,y_g,40.82084904564078,5.349866188187265e-07
START_2,y_g,41.225015867874845,4.3150825864152736e-07
START_2,y_g,41.62918269010891,5.556962282150673e-07
START_2,y_g,42.03334951234298,5.647242898637451e-07
START_2,y_g,42.43751633457705,7.065985818925765e-07
START_2,y_g,42.841683156811115,6.462661598959279e-07
START_2,y_g,43.24584997904518,4.6433492682756083e-07
START_2,y_g,43.65001680127925,6.248132098368476e-07
START_2,y_g,44.05418362351332,5.962079871446403e-07
START_2,y_g,44.458350445747385,4.75923757043397e-07
START_2,y_g,44.86251726798145,5.336258340539719e-07
START_2,y_g,45.26668409021552,4.529470050888606e-07
START_2,y_g,45.67085091244959,5.339589035878399e-07
START_2,y_g,46.075017734683655,5.229723132157437e-07
START_2,y_g,46.47918455691772,4.2317975788495575e-07
START_2,y_g,46.88335137915179,4.5063467255571313e-07
START_2,y_g,47.28751820138586,7.428961366381489e-07
START_2,y_g,47.691685023619925,9.038987612904642e-07
START_2,y_g,48.095851845853986,7.312758019905292e-07
START_2,y_g,48.50001866808805,8.750015986575186e-07
START_2,y_g,48.90418549032212,1.1021056734324493e-05
START_2,y_g,49.30835231255619,8.28793231601027e-05
START_2,y_g,49.712519134790256,3.9596705724706496e-05
START_2,y_g,50.11668595702432,7.033412372456194e-07
START_2,y_g,50.52085277925839,4.869268710345807e-07
START_2,y_g,50.92501960149246,5.485429175081202e-07
START_2,y_g,51.329186423726526,3.545297826732573e-07
START_2,y_g,51.73335324596059,4.767616819888955e-07
START_2,y_g,52.13752006819466,4.732433861270194e-07
START_2,y_g,52.54168689042873,4.98652014656033e-07
START_2,y_g,52.945853712662796,4.027820563606545e-07
START_2,y_g,53.35002053489686,4.7211365146426095e-07
START_2,y_g,53.75418735713093,3.6693533309757845e-07
START_2,y_g,54.158354179365,4.915561394270451e-07
START_2,y_g,54.562521001599066,4.305559815406679e-07
START_2,y_g,54.966687823833134,6.742765923303092e-07
START_2,y_g,55.3708546460672,4.958286311894722e-07
START_2,y_g,55.77502146830126,5.480146771137154e-07
START_2,y_g,56.17918829053533,6.445873249538423e-07
START_2,y_g,56.5833551127694,5.547049684734313e-07
START_2,y_g,56.987521935003464,5.985368867478642e-07
START_2,y_g,57.39168875723753,6.027588512812883e-07
START_2,y_g,57.7958555794716,3.987405787967453e-07
START_2,y_g,58.20002240170567,4.5631828191299025e-07
START_2,y_g,58.604189223939734,6.392986882625602e-07
START_2,y_g,59.0083560461738,1.4432052513679849e-06
START_2,y_g,59.41252286840787,3.7044824846417844e-06
START_2,y_g,59.81668969064194,1.319806000871186e-06
START_2,y_g,60.220856512876004,4.772573797929814e-07
START_2,y_g,60.62502333511007,5.945448079731563e-07
START_2,y_g,61.02919015734414,6.576337903804827e-07
START_2,y_g,61.43335697957821,8.422138605215044e-07
START_2,y_g,61.837523801812274,6.14491997910182e-07
START_2,y_g,62.24169062404634,5.951408402135322e-07
START_2,y_g,62.64585744628041,4.5576137078336094e-07
START_2,y_g,63.05002426851447,5.372844704269539e-07
START_2,y_g,63.45419109074854,5.758474466488768e-07
START_2,y_g,63.858357912982605,4.7001106878225935e-07
START_2,y_g,64.26252473521667,6.478366340453972e-07
START_2,y_g,64.66669155745075,6.182251730138738e-07
START_2,y_g,65.07085837968481,6.339630515500537e-07
START_2,y_g,65.47502520191888,7.951391170348417e-07
START_2,y_g,65.87919202415294,8.555049520778344e-07
START_2,y_g,66.28335884638702,8.361669874506059e-07
START_2,y_g,66.68752566862108,5.49457093033457e-07
START_2,y_g,67.09169249085514,5.636001751332761e-07
START_2,y_g,67.49585931308921,8.553269230957436e-07
START_2,y_g,67.90002613532327,9.096841467854958e-07
START_2,y_g,68.30419295755735,2.982225350428306e-06
START_2,y_g,68.70835977979141,1.3746095015314439e-05
START_2,y_g,69.11252660202548,5.1358364913911636e-06
START_2,y_g,69.51669342425954,7.191439119270412e-07
START_2,y_g,69.92086024649362,7.614938212325128e-07
START_2,y_g,70.32502706872768,8.060043398807688e-07
START_2,y_g,70.72919389096175,6.947550480098255e-07
START_2,y_g,71.13336071319581,9.388359455756175e-07
START_2,y_g,71.53752753542989,8.41310378070824e-07
START_2,y_g,71.94169435766395,8.792497708596379e-07
START_2,y_g,72.34586117989802,7.650297678169088e-07
START_2,y_g,72.75002800213208,6.06798522767586e-07
START_2,y_g,73.15419482436616,5.44032220591889e-07
START_2,y_g,73.55836164660022,5.329200846034823e-07
START_2,y_g,73.96252846883428,8.294050601402943e-07
START_2,y_g,74.36669529106835,1.0635642452289688e-06
START_2,y_g,74.77086211330241,1.076669793379018e-06
START_2,y_g,75.17502893553649,1.0880776289111832e-06
START_2,y_g,75.57919575777055,7.609588844777261e-07
START_2,y_g,75.98336258000462,4.5084317341484164e-07
START_2,y_g,76.38752940223868,4.140267011023978e-07
START_2,y_g,76.79169622447276,5.264987375209955e-07
START_2,y_g,77.19586304670682,5.536438756495386e-07
START_2,y_g,77.6000298689409,5.188828538473633e-07
START_2,y_g,78.00419669117495,4.780549062161711e-07
START_2,y_g,78.40836351340903,8.355255744437426e-07
START_2,y_g,78.81253033564309,6.884881758407667e-07
START_2,y_g,79.21669715787716,6.180344642419216e-07
START_2,y_g,79.62086398011122,4.936529787169086e-07
START_2,y_g,80.0250308023453,5.049655506065627e-07
START_2,y_g,80.42919762457936,6.330562200244242e-07
START_2,y_g,80.83336444681343,8.170966502930559e-07
START_2,y_g,81.2375312690475,8.90721493899666e-07
START_2,y_g,81.64169809128155,9.72125067262707e-07
START_2,y_g,82.04586491351563,9.258583983704333e-07
START_2,y_g,82.45003173574969,7.357970032183071e-07
START_2,y_g,82.85419855798376,8.073190581775967e-07
START_2,y_g,83.25836538021782,6.318137584062211e-07
START_2,y_g,83.6625322024519,5.498972278650302e-07
START_2,y_g,84.06669902468596,8.408790140653788e-07
START_2,y_g,84.47086584692003,1.0968999888646317e-06
START_2,y_g,84.8750326691541,1.041996149414815e-06
START_2,y_g,85.27919949138817,5.093314464053051e-07
START_2,y_g,85.68336631362223,7.727494673394659e-07
START_2,y_g,86.0875331358563,8.920109044739464e-07
START_2,y_g,86.49169995809036,6.981092517802389e-07
START_2,y_g,86.89586678032444,6.626878475370144e-07
START_2,y_g,87.3000336025585,6.956791041911764e-07
START_2,y_g,87.70420042479257,5.583237365817364e-07
START_2,y_g,88.10836724702664,6.403896378156424e-07
START_2,y_g,88.51253406926071,8.168688576359968e-07
START_2,y_g,88.91670089149477,8.437133417142589e-07
START_2,y_g,89.32086771372883,8.046654896524712e-07
START_2,y_g,89.7250345359629,5.798367510261269e-07
START_2,y_g,90.12920135819697,6.586899143771325e-07
START_2,y_g,90.53336818043104,8.794419000416326e-07
START_2,y_g,90.9375350026651,1.0505111658393187e-06
START_2,y_g,91.34170182489918,9.966378035141112e-07
START_2,y_g,91.74586864713324,7.883499596567449e-07
START_2,y_g,92.15003546936731,1.0669342107713024e-06
START_2,y_g,92.55420229160137,1.0897959277547268e-06
START_2,y_g,92.95836911383545,1.0890803324169245e-06
START_2,y_g,93.3625359360695,9.802412418292164e-07
START_2,y_g,93.76670275830358,1.0433783420406434e-06
START_2,y_g,94.17086958053764,1.3242265407208808e-06
START_2,y_g,94.57503640277172,1.2037379956396006e-06
START_2,y_g,94.97920322500578,1.1961811490067265e-06
START_2,y_g,95.38337004723985,1.4782249904076864e-06
START_2,y_g,95.78753686947391,1.8619459604332578e-06
START_2,y_g,96.19170369170797,1.7304787641936178e-06
START_2,y_g,96.59587051394205,1.2624412731877443e-06
START_2,y_g,97.0000373361761,8.720054356305473e-07
START_2,y_g,97.40420415841018,8.340313040835624e-07
START_2,y_g,97.80837098064424,1.1181584388550247e-06
START_2,y_g,98.21253780287832,2.0444919440410515e-06
START_2,y_g,98.61670462511238,1.2176123845925057e-05
START_2,y_g,99.02087144734645,1.047097381749756e-05
START_2,y_g,99.42503826958051,1.4147146016906039e-06
START_2,y_g,99.82920509181459,1.3600662820891136e-06
START_2,y_g,100.23337191404865,1.5018391544697648e-06
START_2,y_g,100.63753873628272,1.219969014075606e-06
START_2,y_g,101.04170555851678,1.2234087240726992e-06
START_2,y_g,101.44587238075086,1.534987723629681e-06
START_2,y_g,101.85003920298492,1.7755749013696635e-06
START_2,y_g,102.25420602521899,1.665505904053499e-06
START_2,y_g,102.65837284745305,1.3228985119182914e-06
START_2,y_g,103.06253966968713,1.0853418429110699e-06
START_2,y_g,103.46670649192119,5.217501398147447e-07
START_2,z_g,0.0,2.707601903145238e-07
START_2,z_g,0.40416682223406714,9.024826071600232e-07
START_2,z_g,0.8083336444681343,7.78606605261412e-07
START_2,z_g,1.2125004667022015,7.587650227949224e-07
START_2,z_g,1.6166672889362685,9.784294572218335e-07
START_2,z_g,2.020834111170336,1.3464979933926031e-06
START_2,z_g,2.425000933404403,1.2435069408428927e-06
START_2,z_g,2.82916775563847,8.716996123594627e-07
START_2,z_g,3.233334577872537,8.260936116515775e-07
START_2,z_g,3.637501400106604,1.1737544586780823e-06
START_2,z_g,4.041668222340672,1.2262604433842607e-06
START_2,z_g,4.445835044574738,1.3935811465638934e-06
START_2,z_g,4.850001866808806,1.221073245057044e-06
START_2,z_g,5.2541686890428725,9.183103844960829e-07
START_2,z_g,5.65833551127694,9.239997809846088e-07
START_2,z_g,6.062502333511007,1.0290061821826385e-06
START_2,z_g,6.466669155745074,1.1514467607178292e-06
START_2,z_g,6.870835977979142,1.363371332676396e-06
START_2,z_g,7.275002800213208,1.3525335796781876e-06
START_2,z_g,7.679169622447276,1.2080169724829806e-06
START_2,z_g,8.083336444681343,9.650180132292246e-07
START_2,z_g,8.48750326691541,6.753814704045391e-07
START_2,z_g,8.891670089149477,7.936553677733775e-07
START_2,z_g,9.295836911383544,7.697776701333594e-07
START_2,z_g,9.700003733617612,1.3017853031917246e-06
START_2,z_g,10.10417055585168,1.5926261699725551e-06
START_2,z_g,10.508337378085745,8.968653055602851e-07
START_2,z_g,10.912504200319812,6.916007796773471e-07
START_2,z_g,11.31667102255388,8.428436575113003e-07
START_2,z_g,11.720837844787948,9.141013398688117e-07
START_2,z_g,12.125004667022013,1.0059919251090225e-06
START_2,z_g,12.52917148925608,9.873480478890817e-07
START_2,z_g,12.933338311490148,8.385197813436603e-07
START_2,z_g,13.337505133724216,6.355060716313456e-07
START_2,z_g,13.741671955958283,6.093138890219513e-07
START_2,z_g,14.14583877819235,9.121334628264596e-07
START_2,z_g,14.550005600426417,8.420090034715377e-07
START_2,z_g,14.954172422660484,9.014755565634187e-07
START_2,z_g,15.358339244894552,1.0993591935479635e-06
START_2,z_g,15.762506067128617,1.0423970964454608e-06
START_2,z_g,16.166672889362687,1.4741025622624065e-06
START_2,z_g,16.570839711596754,1.4860319360586224e-06
START_2,z_g,16.97500653383082,1.147532510208664e-06
START_2,z_g,17.379173356064886,8.390046132550677e-07
START_2,z_g,17.783340178298953,1.0246710513236822e-06
START_2,z_g,18.18750700053302,1.1886500973014396e-06
START_2,z_g,18.59167382276709,8.680439535819517e-07
START_2,z_g,18.995840645001156,1.0494231128622847e-06
START_2,z_g,19.400007467235223,1.0913221375041447e-06
START_2,z_g,19.80417428946929,1.0009108679629957e-06
START_2,z_g,20.20834111170336,9.081713741213997e-07
START_2,z_g,20.612507933937422,5.915753753064787e-07
START_2,z_g,21.01667475617149,9.505209258739088e-07
START_2,z_g,21.420841578405557,1.2743079316076916e-06
START_2,z_g,21.825008400639625,1.1564954283251008e-06
START_2,z_g,22.229175222873693,1.0132747280605884e-06
START_2,z_g,22.63334204510776,7.981894008286867e-07
START_2,z_g,23.037508867341828,8.713058831993692e-07
START_2,z_g,23.441675689575895,1.0029799051216816e-06
START_2,z_g,23.845842511809963,8.617414235259606e-07
START_2,z_g,24.250009334044027,9.121032144682188e-07
START_2,z_g,24.654176156278094,1.0396053760483556e-06
START_2,z_g,25.05834297851216,1.2309695127744864e-06
START_2,z_g,25.46250980074623,1.0815833558288137e-06
START_2,z_g,25.866676622980297,1.0187693301508149e-06
START_2,z_g,26.270843445214364,1.1452365511065703e-06
START_2,z_g,26.67501026744843,1.2672266154334613e-06
START_2,z_g,27.0791770896825,9.597793154363542e-07
START_2,z_g,27.483343911916567,1.1792257022855523e-06
START_2,z_g,27.88751073415063,1.0302719353949777e-06
START_2,z_g,28.2916775563847,1.4244630635409807e-06
START_2,z_g,28.695844378618766,1.2557676915354528e-06
START_2,z_g,29.100011200852833,7.507708579690485e-07
START_2,z_g,29.5041780230869,6.086497496258904e-07
START_2,z_g,29.90834484532097,6.741371286690721e-07
START_2,z_g,30.312511667555036,1.5950810865879723e-06
START_2,z_g,30.716678489789103,1.2184476431898766e-06
START_2,z_g,31.12084531202317,9.54844651092886e-07
START_2,z_g,31.525012134257235,1.0311107256303272e-06
START_2,z_g,31.929178956491302,1.0998792677740688e-06
START_2,z_g,32.33334577872537,7.663399806961143e-07
START_2,z_g,32.73751260095944,7.340921620268427e-07
START_2,z_g,33.14167942319351,8.254905391597811e-07
START_2,z_g,33.54584624542757,1.1146243873578125e-06
START_2,z_g,33.95001306766164,8.495783820977901e-07
START_2,z_g,34.354179889895704,7.128975355992772e-07
START_2,z_g,34.75834671212977,1.0619194945943594e-06
START_2,z_g,35.16251353436384,1.0821262206561234e-06
START_2,z_g,35.56668035659791,8.362736063783396e-07
START_2,z_g,35.970847178831974,8.766259631038264e-07
START_2,z_g,36.37501400106604,1.086193671812047e-06
START_2,z_g,36.77918082330011,1.1105775695872599e-06
START_2,z_g,37.18334764553418,1.2047513485309836e-06
START_2,z_g,37.587514467768244,1.1526605040861402e-06
START_2,z_g,37.99168129000231,1.091978647462466e-06
START_2,z_g,38.39584811223638,9.253438437789506e-07
START_2,z_g,38.80001493447045,1.2750776831897656e-06
START_2,z_g,39.204181756704514,1.5990521066970418e-06
START_2,z_g,39.60834857893858,1.0366691341688397e-06
START_2,z_g,40.01251540117265,6.530415422257842e-07
START_2,z_g,40.41668222340672,8.992601493403983e-07
START_2,z_g,40.82084904564078,7.759012904836343e-07
START_2,z_g,41.225015867874845,6.818985877740572e-07
START_2,z_g,41.62918269010891,1.0082240077253214e-06
START_2,z_g,42.03334951234298,1.1919224499350439e-06
START_2,z_g,42.43751633457705,9.256730888089442e-07
START_2,z_g,42.841683156811115,8.242068688697901e-07
START_2,z_g,43.24584997904518,6.482228451156322e-07
START_2,z_g,43.65001680127925,9.880293360937104e-07
START_2,z_g,44.05418362351332,1.465112427444399e-06
START_2,z_g,44.458350445747385,1.2126592111705651e-06
START_2,z_g,44.86251726798145,1.2675226416844856e-06
START_2,z_g,45.26668409021552,8.712653199239694e-07
START_2,z_g,45.67085091244959,7.84479186864618e-07
START_2,z_g,46.075017734683655,7.331890581738513e-07
START_2,z_g,46.47918455691772,8.336447886046493e-07
START_2,z_g,46.88335137915179,1.0001401568800168e-06
START_2,z_g,47.28751820138586,9.246813229570035e-07
START_2,z_g,47.691685023619925,9.510743934542298e-07
START_2,z_g,48.095851845853986,1.0295110445159944e-06
START_2,z_g,48.50001866808805,8.088861243263053e-07
START_2,z_g,48.90418549032212,1.1224244672345882e-05
START_2,z_g,49.30835231255619,8.081239988674843e-05
START_2,z_g,49.712519134790256,3.718859195711084e-05
START_2,z_g,50.11668595702432,7.890646700786488e-07
START_2,z_g,50.52085277925839,7.393429526017257e-07
START_2,z_g,50.92501960149246,1.1550945347037087e-06
START_2,z_g,51.329186423726526,1.4449015410533545e-06
START_2,z_g,51.73335324596059,7.684040843810003e-07
START_2,z_g,52.13752006819466,6.55862200656189e-07
START_2,z_g,52.54168689042873,1.081265366226166e-06
START_2,z_g,52.945853712662796,1.208186418300016e-06
START_2,z_g,53.35002053489686,8.875510346401202e-07
START_2,z_g,53.75418735713093,5.052320863142538e-07
START_2,z_g,54.158354179365,4.725318479075245e-07
START_2,z_g,54.562521001599066,6.850009494345756e-07
START_2,z_g,54.966687823833134,8.350312250415346e-07
START_2,z_g,55.3708546460672,7.644718288791785e-07
START_2,z_g,55.77502146830126,8.04204097517584e-07
START_2,z_g,56.17918829053533,7.79747761720434e-07
START_2,z_g,56.5833551127694,1.1425939139466029e-06
START_2,z_g,56.987521935003464,7.452836607702984e-07
START_2,z_g,57.39168875723753,1.0447206695553754e-06
START_2,z_g,57.7958555794716,1.1005032628562104e-06
START_2,z_g,58.20002240170567,9.663337809049839e-07
START_2,z_g,58.604189223939734,8.006322469956689e-07
START_2,z_g,59.0083560461738,7.837387583139422e-07
START_2,z_g,59.41252286840787,1.1207213437493166e-06
START_2,z_g,59.81668969064194,1.1505215409023536e-06
START_2,z_g,60.220856512876004,1.172535424369599e-06
START_2,z_g,60.62502333511007,6.873038938419695e-07
START_2,z_g,61.02919015734414,8.033581061923525e-07
START_2,z_g,61.43335697957821,7.594445028441526e-07
START_2,z_g,61.837523801812274,5.315690089163998e-07
START_2,z_g,62.24169062404634,7.87000089336744e-07
START_2,z_g,62.64585744628041,1.1155482135703306e-06
START_2,z_g,63.05002426851447,7.683294167822391e-07
START_2,z_g,63.45419109074854,8.695808321784089e-07
START_2,z_g,63.858357912982605,8.99697863019177e-07
START_2,z_g,64.26252473521667,8.818658890309169e-07
START_2,z_g,64.66669155745075,1.3368080703093747e-06
START_2,z_g,65.07085837968481,1.575760322577405e-06
START_2,z_g,65.47502520191888,1.0957464765242011e-06
START_2,z_g,65.87919202415294,8.29199753528161e-07
START_2,z_g,66.28335884638702,6.611960295948798e-07
START_2,z_g,66.68752566862108,6.163744631451579e-07
START_2,z_g,67.09169249085514,6.710374774953149e-07
START_2,z_g,67.49585931308921,8.36928909243228e-07
START_2,z_g,67.90002613532327,8.447861597445145e-07
START_2,z_g,68.30419295755735,1.3785974853423168e-06
START_2,z_g,68.70835977979141,3.875332862304914e-06
START_2,z_g,69.11252660202548,1.8468447213971017e-06
START_2,z_g,69.51669342425954,9.924643627524174e-07
START_2,z_g,69.92086024649362,8.646367399703588e-07
START_2,z_g,70.32502706872768,9.350768121330855e-07
START_2,z_g,70.72919389096175,9.022769475766772e-07
START_2,z_g,71.13336071319581,8.995486892373022e-07
START_2,z_g,71.53752753542989,9.300728993945821e-07
START_2,z_g,71.94169435766395,9.815896465529319e-07
START_2,z_g,72.34586117989802,1.3550534759033253e-06
START_2,z_g,72.75002800213208,8.840086458191351e-07
START_2,z_g,73.15419482436616,9.267711167209643e-07
START_2,z_g,73.55836164660022,8.744252602790897e-07
START_2,z_g,73.96252846883428,9.444360626533886e-07
START_2,z_g,74.36669529106835,1.0211804708197822e-06
START_2,z_g,74.77086211330241,9.367243387531839e-07
START_2,z_g,75.17502893553649,8.718202578151785e-07
START_2,z_g,75.57919575777055,9.384447383936917e-07
START_2,z_g,75.98336258000462,1.010753561308722e-06
START_2,z_g,76.38752940223868,1.0574872488075855e-06
START_2,z_g,76.79169622447276,8.075378522430626e-07
START_2,z_g,77.19586304670682,1.127460168023355e-06
START_2,z_g,77.6000298689409,7.459403134283338e-07
START_2,z_g,78.00419669117495,7.993385332853546e-07
START_2,z_g,78.40836351340903,1.0702508104737464e-06
START_2,z_g,78.81253033564309,1.0862423722621023e-06
START_2,z_g,79.21669715787716,9.54289800189451e-07
START_2,z_g,79.62086398011122,9.859991733097238e-07
START_2,z_g,80.0250308023453,1.0086330501597328e-06
START_2,z_g,80.42919762457936,7.636637293103189e-07
START_2,z_g,80.83336444681343,7.753491823044624e-07
START_2,z_g,81.2375312690475,1.184067802671555e-06
START_2,z_g,81.64169809128155,1.2215078230795423e-06
START_2,z_g,82.04586491351563,7.096776497787088e-07
START_2,z_g,82.45003173574969,1.2720186822014162e-06
START_2,z_g,82.85419855798376,1.0786851175366515e-06
START_2,z_g,83.25836538021782,8.814089033453753e-07
START_2,z_g,83.6625322024519,7.262981274992464e-07
START_2,z_g,84.06669902468596,1.1139405296356298e-06
START_2,z_g,84.47086584692003,1.2715489835388198e-06
START_2,z_g,84.8750326691541,9.714015790362516e-07
START_2,z_g,85.27919949138817,9.534270980168963e-07
START_2,z_g,85.68336631362223,1.0138117616036604e-06
START_2,z_g,86.0875331358563,1.2370710125677893e-06
START_2,z_g,86.49169995809036,1.1502398132817637e-06
START_2,z_g,86.89586678032444,1.0836125148688705e-06
START_2,z_g,87.3000336025585,1.0451655675731183e-06
START_2,z_g,87.70420042479257,1.0105038280850737e-06
START_2,z_g,88.10836724702664,9.947558014769417e-07
START_2,z_g,88.51253406926071,7.246158492232887e-07
START_2,z_g,88.91670089149477,8.95366658805113e-07
START_2,z_g,89.32086771372883,7.573265436870714e-07
START_2,z_g,89.7250345359629,6.151323392843403e-07
START_2,z_g,90.12920135819697,6.524034431867054e-07
START_2,z_g,90.53336818043104,1.1138116272627538e-06
START_2,z_g,90.9375350026651,9.789704238647843e-07
START_2,z_g,91.34170182489918,1.1411772824271178e-06
START_2,z_g,91.74586864713324,1.1455503399863458e-06
START_2,z_g,92.15003546936731,1.0682908732730036e-06
START_2,z_g,92.55420229160137,8.172822696599487e-07
START_2,z_g,92.95836911383545,9.610800269155018e-07
START_2,z_g,93.3625359360695,1.3072083161383093e-06
START_2,z_g,93.76670275830358,1.2044212263893937e-06
START_2,z_g,94.17086958053764,1.1411905056633875e-06
START_2,z_g,94.57503640277172,1.1757757173898968e-06
START_2,z_g,94.97920322500578,7.749705927495858e-07
START_2,z_g,95.38337004723985,1.1250894339537652e-06
START_2,z_g,95.78753686947391,1.261814707247954e-06
START_2,z_g,96.19170369170797,1.3027992371350756e-06
START_2,z_g,96.59587051394205,1.4504352426097446e-06
START_2,z_g,97.0000373361761,1.513112203469672e-06
START_2,z_g,97.40420415841018,1.0832328915244223e-06
START_2,z_g,97.80837098064424,1.6007872165520181e-06
START_2,z_g,98.21253780287832,2.6222680832314787e-06
START_2,z_g,98.61670462511238,6.442076165224955e-06
START_2,z_g,99.02087144734645,5.214265194807186e-06
START_2,z_g,99.42503826958051,1.6032710088624011e-06
START_2,z_g,99.82920509181459,1.3058482101217735e-06
START_2,z_g,100.23337191404865,1.1050537289354868e-06
START_2,z_g,100.63753873628272,1.424385092223779e-06
START_2,z_g,101.04170555851678,1.490560228426756e-06
START_2,z_g,101.44587238075086,1.2717172842746325e-06
START_2,z_g,101.85003920298492,1.462471380774786e-06
START_2,z_g,102.25420602521899,2.2214409156347406e-06
START_2,z_g,102.65837284745305,2.439609994673272e-06
START_2,z_g,103.06253966968713,1.7063925500772106e-06
START_2,z_g,103.46670649192119,6.761118124881643e-07
START_3,x_g,0.0,7.824189604111694e-08
START_3,x_g,0.40418208705242686,5.034582311716161e-07
START_3,x_g,0.8083641741048537,6.81059959358818e-07
START_3,x_g,1.2125462611572806,4.880058193690502e-07
START_3,x_g,1.6167283482097075,4.3866098588790945e-07
START_3,x_g,2.0209104352621345,3.9837345028628947e-07
START_3,x_g,2.425092522314561,5.032119245051814e-07
START_3,x_g,2.829274609366988,8.488630341903219e-07
START_3,x_g,3.233456696419415,6.989432109483297e-07
START_3,x_g,3.637638783471842,6.07072807210749e-07
START_3,x_g,4.041820870524269,6.701924817762454e-07
START_3,x_g,4.446002957576695,7.68347969583596e-07
START_3,x_g,4.850185044629122,8.494051602620268e-07
START_3,x_g,5.2543671316815495,7.495041877578611e-07
START_3,x_g,5.658549218733976,6.39563355489187e-07
START_3,x_g,6.062731305786403,8.026421653389572e-07
START_3,x_g,6.46691339283883,7.59419628168272e-07
START_3,x_g,6.871095479891257,5.195215497691041e-07
START_3,x_g,7.275277566943684,4.913456716611781e-07
START_3,x_g,7.67945965399611,5.358551296303692e-07
START_3,x_g,8.083641741048538,8.381443640714646e-07
START_3,x_g,8.487823828100964,7.91714374507972e-07
START_3,x_g,8.89200591515339,6.055321100881699e-07
START_3,x_g,9.296188002205819,4.839443527512229e-07
START_3,x_g,9.700370089258245,6.49230450897742e-07
START_3,x_g,10.104552176310671,9.765731355199598e-07
START_3,x_g,10.508734263363099,8.440687822630127e-07
START_3,x_g,10.912916350415525,7.109395424409293e-07
START_3,x_g,11.317098437467951,5.750820763044509e-07
START_3,x_g,11.72128052452038,5.393861944846176e-07
START_3,x_g,12.125462611572805,5.333274810605522e-07
START_3,x_g,12.529644698625233,7.795516355206053e-07
START_3,x_g,12.93382678567766,7.77001455523404e-07
START_3,x_g,13.338008872730086,5.792234188579133e-07
START_3,x_g,13.742190959782514,5.034433483480349e-07
START_3,x_g,14.14637304683494,6.721252790291361e-07
START_3,x_g,14.550555133887368,8.467865531472017e-07
START_3,x_g,14.954737220939794,8.394996536381677e-07
START_3,x_g,15.35891930799222,6.916574599862329e-07
START_3,x_g,15.763101395044648,7.548478747505274e-07
START_3,x_g,16.167283482097076,6.38862907231275e-07
START_3,x_g,16.571465569149503,5.912663159997037e-07
START_3,x_g,16.97564765620193,7.412172409006352e-07
START_3,x_g,17.379829743254355,7.315242463478813e-07
START_3,x_g,17.78401183030678,7.51918104046608e-07
START_3,x_g,18.188193917359207,6.757786800759035e-07
START_3,x_g,18.592376004411637,5.261762873861353e-07
START_3,x_g,18.996558091464063,6.418932185037026e-07
START_3,x_g,19.40074017851649,8.609462608260532e-07
START_3,x_g,19.804922265568916,7.715064823199112e-07
START_3,x_g,20.209104352621342,8.376630661194846e-07
START_3,x_g,20.61328643967377,5.786150142189499e-07
START_3,x_g,21.017468526726198,4.844105823405515e-07
START_3,x_g,21.421650613778624,4.963727701300526e-07
START_3,x_g,21.82583270083105,7.644201470222609e-07
START_3,x_g,22.230014787883476,9.257755189736376e-07
START_3,x_g,22.634196874935903,8.334859750745687e-07
START_3,x_g,23.038378961988332,7.080747764477481e-07
START_3,x_g,23.44256104904076,5.400423379756374e-07
START_3,x_g,23.846743136093185,6.66195040587052e-07
START_3,x_g,24.25092522314561,7.597489905447536e-07
START_3,x_g,24.655107310198037,7.034664707072316e-07
START_3,x_g,25.059289397250467,7.078546867809166e-07
START_3,x_g,25.463471484302893,5.718531576267873e-07
START_3,x_g,25.86765357135532,5.100403894591142e-07
START_3,x_g,26.271835658407745,6.306158243941773e-07
START_3,x_g,26.67601774546017,5.863312252099102e-07
START_3,x_g,27.0801998325126,5.844020864960806e-07
START_3,x_g,27.484381919565028,8.650764709235663e-07
START_3,x_g,27.888564006617454,8.561601335240259e-07
START_3,x_g,28.29274609366988,7.937106663014573e-07
START_3,x_g,28.696928180722306,7.135282671238101e-07
START_3,x_g,29.101110267774736,6.858788788078864e-07
START_3,x_g,29.505292354827162,6.473026726521327e-07
START_3,x_g,29.90947444187959,6.717426586380692e-07
START_3,x_g,30.313656528932015,6.898957302139841e-07
START_3,x_g,30.71783861598444,5.485915928437178e-07
START_3,x_g,31.122020703036867,5.927905963009355e-07
START_3,x_g,31.526202790089297,6.291907550505765e-07
START_3,x_g,31.930384877141723,7.227183619911011e-07
START_3,x_g,32.33456696419415,6.614669918615748e-07
START_3,x_g,32.73874905124658,6.862722931922233e-07
START_3,x_g,33.142931138299005,7.233820836687304e-07
START_3,x_g,33.54711322535143,8.478852635834794e-07
START_3,x_g,33.95129531240386,8.782878945747957e-07
START_3,x_g,34.355477399456284,8.039961973170261e-07
START_3,x_g,34.75965948650871,7.706186648400097e-07
START_3,x_g,35.163841573561136,7.978608011290913e-07
START_3,x_g,35.56802366061356,8.893604803728188e-07
START_3,x_g,35.97220574766599,8.368809655426106e-07
START_3,x_g,36.376387834718415,9.092734707303314e-07
START_3,x_g,36.78056992177085,9.33880206545514e-07
START_3,x_g,37.184752008823274,5.281982627058442e-07
START_3,x_g,37.5889340958757,5.912869650446033e-07
START_3,x_g,37.99311618292813,8.0415351063304e-07
START_3,x_g,38.39729826998055,8.386100278214023e-07
START_3,x_g,38.80148035703298,8.239794092281497e-07
START_3,x_g,39.205662444085405,4.455552528322661e-06
START_3,x_g,39.60984453113783,3.8899460953057855e-06
START_3,x_g,40.01402661819026,8.087506772481277e-07
START_3,x_g,40.418208705242684,6.435411047516536e-07
START_3,x_g,40.82239079229511,4.3555481181771305e-07
START_3,x_g,41.22657287934754,4.758513023901512e-07
START_3,x_g,41.63075496639997,6.006048420223103e-07
START_3,x_g,42.034937053452396,5.159310296186711e-07
START_3,x_g,42.43911914050482,6.373997226478078e-07
START_3,x_g,42.84330122755725,7.730089524424483e-07
START_3,x_g,43.247483314609674,7.868099477548978e-07
START_3,x_g,43.6516654016621,7.725638385057508e-07
START_3,x_g,44.05584748871453,7.327976713927243e-07
START_3,x_g,44.46002957576695,7.068167375177967e-07
START_3,x_g,44.86421166281938,7.903553577237137e-07
START_3,x_g,45.268393749871805,6.391846769214855e-07
START_3,x_g,45.67257583692424,5.61838016049904e-07
START_3,x_g,46.076757923976665,5.261790144686649e-07
START_3,x_g,46.48094001102909,7.978301691602134e-07
START_3,x_g,46.88512209808152,8.320773495503818e-07
START_3,x_g,47.28930418513394,5.320029110567692e-07
START_3,x_g,47.69348627218637,5.417827471363478e-07
START_3,x_g,48.097668359238796,7.817291731372578e-07
START_3,x_g,48.50185044629122,1.6866056182388151e-06
START_3,x_g,48.90603253334365,8.205408478930973e-05
START_3,x_g,49.310214620396074,0.0006926477174261628
START_3,x_g,49.71439670744851,0.0003490185294874475
START_3,x_g,50.118578794500934,4.505673841651029e-06
START_3,x_g,50.52276088155336,8.768951487735367e-07
START_3,x_g,50.926942968605786,6.341469212458374e-07
START_3,x_g,51.33112505565821,5.664936661306848e-07
START_3,x_g,51.73530714271064,4.88377589156485e-07
START_3,x_g,52.139489229763065,4.029478575822859e-07
START_3,x_g,52.54367131681549,4.966826576351764e-07
START_3,x_g,52.94785340386792,6.240170414515882e-07
START_3,x_g,53.35203549092034,5.906688029804521e-07
START_3,x_g,53.75621757797277,7.206830990031324e-07
START_3,x_g,54.1603996650252,7.138121082842824e-07
START_3,x_g,54.56458175207763,8.769673000206643e-07
START_3,x_g,54.968763839130055,9.208134213131075e-07
START_3,x_g,55.37294592618248,9.33585461481532e-07
START_3,x_g,55.77712801323491,8.383585732953173e-07
START_3,x_g,56.181310100287334,6.938793441377723e-07
START_3,x_g,56.58549218733976,1.0211138488121105e-06
START_3,x_g,56.989674274392186,8.827448370834906e-07
START_3,x_g,57.39385636144461,7.640941648094956e-07
START_3,x_g,57.79803844849704,9.57825644101579e-07
START_3,x_g,58.20222053554947,8.43354482831288e-07
START_3,x_g,58.6064026226019,7.288034909691324e-07
START_3,x_g,59.010584709654324,9.716522043797687e-07
START_3,x_g,59.41476679670675,2.0852507787040806e-06
START_3,x_g,59.81894888375918,1.5165507490908286e-06
START_3,x_g,60.2231309708116,9.512611706833514e-07
START_3,x_g,60.62731305786403,9.258286627251088e-07
START_3,x_g,61.031495144916455,8.141908430040615e-07
START_3,x_g,61.43567723196888,8.699831506762815e-07
START_3,x_g,61.83985931902131,6.255113555628399e-07
START_3,x_g,62.244041406073734,7.800895326055151e-07
START_3,x_g,62.64822349312617,8.671589313774279e-07
START_3,x_g,63.05240558017859,6.783125740191766e-07
START_3,x_g,63.45658766723102,7.890320903393539e-07
START_3,x_g,63.860769754283446,1.179981597559959e-06
START_3,x_g,64.26495184133587,1.0241165617563516e-06
START_3,x_g,64.6691339283883,1.1200523104712403e-06
START_3,x_g,65.07331601544072,9.91936001960485e-07
START_3,x_g,65.47749810249316,1.082959785075431e-06
START_3,x_g,65.88168018954558,9.621543833050033e-07
START_3,x_g,66.28586227659801,8.925205551925588e-07
START_3,x_g,66.69004436365043,1.0013766602535888e-06
START_3,x_g,67.09422645070286,9.260428480225459e-07
START_3,x_g,67.49840853775528,9.036467414218986e-07
START_3,x_g,67.90259062480771,1.011611606379974e-06
START_3,x_g,68.30677271186013,1.7618660339311096e-06
START_3,x_g,68.71095479891257,4.38332399431607e-06
START_3,x_g,69.115136885965,2.006053800675516e-06
START_3,x_g,69.51931897301742,1.0558608893503676e-06
START_3,x_g,69.92350106006985,1.0584830170563387e-06
START_3,x_g,70.32768314712227,1.100951862162988e-06
START_3,x_g,70.7318652341747,1.2619756053628563e-06
START_3,x_g,71.13604732122712,1.3357955320928432e-06
START_3,x_g,71.54022940827956,1.2652559649425659e-06
START_3,x_g,71.94441149533198,9.988321726027e-07
START_3,x_g,72.34859358238441,9.164882944451644e-07
START_3,x_g,72.75277566943683,1.5931520320829534e-06
START_3,x_g,73.15695775648926,1.3757716555331266e-06
START_3,x_g,73.5611398435417,9.621867433155962e-07
START_3,x_g,73.96532193059411,9.825752944900559e-07
START_3,x_g,74.36950401764655,6.99808164443873e-07
START_3,x_g,74.77368610469897,9.113190919410769e-07
START_3,x_g,75.1778681917514,8.381924118302312e-07
START_3,x_g,75.58205027880382,1.5801336074277624e-06
START_3,x_g,75.98623236585625,1.938466821525582e-06
START_3,x_g,76.39041445290867,1.3882813846726311e-06
START_3,x_g,76.7945965399611,8.424562709330271e-07
START_3,x_g,77.19877862701352,1.1240922783434281e-06
START_3,x_g,77.60296071406596,1.4820404022624728e-06
START_3,x_g,78.00714280111839,9.743815495234992e-07
START_3,x_g,78.41132488817081,9.703983592010138e-07
START_3,x_g,78.81550697522324,1.173898413065708e-06
START_3,x_g,79.21968906227566,1.0887795232291468e-06
START_3,x_g,79.6238711493281,8.946460470271263e-07
START_3,x_g,80.02805323638052,1.0073134525705645e-06
START_3,x_g,80.43223532343295,1.2239067031428141e-06
START_3,x_g,80.83641741048537,1.4283577323020049e-06
START_3,x_g,81.2405994975378,1.215800740686914e-06
START_3,x_g,81.64478158459022,1.0731294260570184e-06
START_3,x_g,82.04896367164265,7.491695403107236e-07
START_3,x_g,82.45314575869509,9.70733811170288e-07
START_3,x_g,82.8573278457475,1.3267476961189244e-06
START_3,x_g,83.26150993279994,1.6138772848283282e-06
START_3,x_g,83.66569201985236,1.6177108000056948e-06
START_3,x_g,84.06987410690479,1.690984459442185e-06
START_3,x_g,84.47405619395721,1.5225043181427183e-06
START_3,x_g,84.87823828100964,1.4330360088846718e-06
START_3,x_g,85.28242036806206,1.5797634057553224e-06
START_3,x_g,85.6866024551145,1.2144889523486876e-06
START_3,x_g,86.09078454216692,1.4327670838037224e-06
START_3,x_g,86.49496662921935,1.4742039105502366e-06
START_3,x_g,86.89914871627178,1.0888297874907294e-06
START_3,x_g,87.3033308033242,1.3415617581852994e-06
START_3,x_g,87.70751289037663,1.5926375762189376e-06
START_3,x_g,88.11169497742905,1.2042982252072036e-06
START_3,x_g,88.51587706448149,2.1942276815125685e-06
START_3,x_g,88.9200591515339,3.0315180359896585e-06
START_3,x_g,89.32424123858634,1.8466766699424146e-06
START_3,x_g,89.72842332563876,2.1181379210294593e-06
START_3,x_g,90.13260541269119,2.0670818439959765e-06
START_3,x_g,90.53678749974361,2.0036383131778305e-06
START_3,x_g,90.94096958679604,2.2578385966957804e-06
START_3,x_g,91.34515167384848,3.1272235297643723e-06
START_3,x_g,91.7493337609009,3.076173555503057e-06
START_3,x_g,92.15351584795333,2.687043405831253e-06
START_3,x_g,92.55769793500575,2.1421550250454368e-06
START_3,x_g,92.96188002205818,2.9546773919408864e-06
START_3,x_g,93.3660621091106,4.0203135877341325e-06
START_3,x_g,93.77024419616303,2.786886249101073e-06
START_3,x_g,94.17442628321545,2.4882549574995203e-06
START_3,x_g,94.57860837026789,3.62591970182416e-06
START_3,x_g,94.98279045732032,2.9634749636910844e-06
START_3,x_g,95.38697254437274,3.079712126368183e-06
START_3,x_g,95.79115463142517,3.0176378612036184e-06
START_3,x_g,96.19533671847759,2.537886782460183e-06
START_3,x_g,96.59951880553002,2.971880107064459e-06
START_3,x_g,97.00370089258244,3.1596044496455794e-06
START_3,x_g,97.40788297963488,3.4438053758949844e-06
START_3,x_g,97.8120650666873,3.479420184839175e-06
START_3,x_g,98.21624715373973,3.1236767856791944e-06
START_3,x_g,98.62042924079215,1.5726498047185367e-05
START_3,x_g,99.02461132784458,1.4611415037256244e-05
START_3,x_g,99.42879341489702,2.7825723780617934e-06
START_3,x_g,99.83297550194943,1.5706907105372351e-06
START_3,x_g,100.23715758900187,1.8325437194362856e-06
START_3,x_g,100.64133967605429,2.211119621683404e-06
START_3,x_g,101.04552176310672,2.2131180218995753e-06
START_3,x_g,101.44970385015914,2.2168018358882187e-06
START_3,x_g,101.85388593721157,2.117020908949084e-06
START_3,x_g,102.25806802426399,1.3431573431868193e-06
START_3,x_g,102.66225011131642,1.6506844782001286e-06
START_3,x_g,103.06643219836884,1.5922832472691486e-06
START_3,x_g,103.47061428542128,9.287500418676285e-07
START_3,y_g,0.0,3.6474067813965586e-08
START_3,y_g,0.40418208705242686,3.530247078549207e-07
START_3,y_g,0.8083641741048537,5.265029629941877e-07
START_3,y_g,1.2125462611572806,4.4088943599312034e-07
START_3,y_g,1.6167283482097075,6.625002307638138e-07
START_3,y_g,2.0209104352621345,6.607287965402251e-07
START_3,y_g,2.425092522314561,5.542311660326931e-07
START_3,y_g,2.829274609366988,6.363098466382971e-07
START_3,y_g,3.233456696419415,5.52273425239732e-07
START_3,y_g,3.637638783471842,5.041184442937047e-07
START_3,y_g,4.041820870524269,5.062183206883058e-07
START_3,y_g,4.446002957576695,5.296887571355642e-07
START_3,y_g,4.850185044629122,5.022453129824256e-07
START_3,y_g,5.2543671316815495,6.05797810138453e-07
START_3,y_g,5.658549218733976,7.969120506600224e-07
START_3,y_g,6.062731305786403,8.007621405337785e-07
START_3,y_g,6.46691339283883,8.816944968768936e-07
START_3,y_g,6.871095479891257,8.164796902456078e-07
START_3,y_g,7.275277566943684,4.487355019865205e-07
START_3,y_g,7.67945965399611,4.855568600262586e-07
START_3,y_g,8.083641741048538,4.819643684636985e-07
START_3,y_g,8.487823828100964,7.709894196795687e-07
START_3,y_g,8.89200591515339,8.031880966307342e-07
START_3,y_g,9.296188002205819,9.921026755555395e-07
START_3,y_g,9.700370089258245,3.928586601314136e-06
START_3,y_g,10.104552176310671,6.968368058857547e-06
START_3,y_g,10.508734263363099,1.3217702971184418e-06
START_3,y_g,10.912916350415525,4.785757787835583e-07
START_3,y_g,11.317098437467951,5.898350573135847e-07
START_3,y_g,11.72128052452038,5.782054766830029e-07
START_3,y_g,12.125462611572805,5.66127229727712e-07
START_3,y_g,12.529644698625233,6.037153197853448e-07
START_3,y_g,12.93382678567766,5.790223870532994e-07
START_3,y_g,13.338008872730086,4.408974689672152e-07
START_3,y_g,13.742190959782514,4.812077976978017e-07
START_3,y_g,14.14637304683494,5.243690972698114e-07
START_3,y_g,14.550555133887368,4.877245858297231e-07
START_3,y_g,14.954737220939794,6.953603664461679e-07
START_3,y_g,15.35891930799222,8.602793461915647e-07
START_3,y_g,15.763101395044648,6.182810548626382e-07
START_3,y_g,16.167283482097076,4.3073374427925027e-07
START_3,y_g,16.571465569149503,5.119566653287532e-07
START_3,y_g,16.97564765620193,4.643928433468153e-07
START_3,y_g,17.379829743254355,4.927346809015822e-07
START_3,y_g,17.78401183030678,6.178641815148253e-07
START_3,y_g,18.188193917359207,5.883949446982283e-07
START_3,y_g,18.592376004411637,6.296467593203556e-07
START_3,y_g,18.996558091464063,6.999906696238952e-07
START_3,y_g,19.40074017851649,5.47285910489574e-07
START_3,y_g,19.804922265568916,5.672059343949857e-07
START_3,y_g,20.209104352621342,4.439314270895233e-07
START_3,y_g,20.61328643967377,4.505276407131366e-07
START_3,y_g,21.017468526726198,5.23470698545883e-07
START_3,y_g,21.421650613778624,5.804516509360249e-07
START_3,y_g,21.82583270083105,4.687531885004084e-07
START_3,y_g,22.230014787883476,5.71531606119601e-07
START_3,y_g,22.634196874935903,5.749832185338617e-07
START_3,y_g,23.038378961988332,5.569637364519131e-07
START_3,y_g,23.44256104904076,4.1314633304743136e-07
START_3,y_g,23.846743136093185,5.132020817502878e-07
START_3,y_g,24.25092522314561,6.849384368163383e-07
START_3,y_g,24.655107310198037,8.294382869529589e-07
START_3,y_g,25.059289397250467,5.080534626609054e-07
START_3,y_g,25.463471484302893,4.738298229966388e-07
START_3,y_g,25.86765357135532,5.900668025312314e-07
START_3,y_g,26.271835658407745,8.706012442435827e-07
START_3,y_g,26.67601774546017,4.4933838551550493e-07
START_3,y_g,27.0801998325126,5.806616410350361e-07
START_3,y_g,27.484381919565028,7.150419352455208e-07
START_3,y_g,27.888564006617454,3.776503059032238e-07
START_3,y_g,28.29274609366988,4.7253839741411703e-07
START_3,y_g,28.696928180722306,6.058963439320868e-07
START_3,y_g,29.101110267774736,5.308309742045201e-07
START_3,y_g,29.505292354827162,5.521286437027339e-07
START_3,y_g,29.90947444187959,7.101910578939627e-07
START_3,y_g,30.313656528932015,6.946988943419485e-07
START_3,y_g,30.71783861598444,6.219407143728571e-07
START_3,y_g,31.122020703036867,4.736363326746043e-07
START_3,y_g,31.526202790089297,4.4630765223233387e-07
START_3,y_g,31.930384877141723,6.892313948922716e-07
START_3,y_g,32.33456696419415,6.947079189543492e-07
START_3,y_g,32.73874905124658,7.307452276863315e-07
START_3,y_g,33.142931138299005,5.278723795019169e-07
START_3,y_g,33.54711322535143,5.018234585368161e-07
START_3,y_g,33.95129531240386,7.131061457188395e-07
START_3,y_g,34.355477399456284,5.657169239339165e-07
START_3,y_g,34.75965948650871,7.284514512053314e-07
START_3,y_g,35.163841573561136,6.312217852716722e-07
START_3,y_g,35.56802366061356,5.422916204032356e-07
START_3,y_g,35.97220574766599,5.652800325531804e-07
START_3,y_g,36.376387834718415,6.081935650640071e-07
START_3,y_g,36.78056992177085,5.794211254341991e-07
START_3,y_g,37.184752008823274,5.967686682975499e-07
START_3,y_g,37.5889340958757,4.877783698199546e-07
START_3,y_g,37.99311618292813,4.3310214961130627e-07
START_3,y_g,38.39729826998055,3.9282500042829805e-07
START_3,y_g,38.80148035703298,5.98055595363237e-07
START_3,y_g,39.205662444085405,1.7337441540963094e-06
START_3,y_g,39.60984453113783,1.5152909711265976e-06
START_3,y_g,40.01402661819026,4.837967228742247e-07
START_3,y_g,40.418208705242684,5.554030048613658e-07
START_3,y_g,40.82239079229511,7.327656652505874e-07
START_3,y_g,41.22657287934754,5.534225452340714e-07
START_3,y_g,41.63075496639997,5.82955740374031e-07
START_3,y_g,42.034937053452396,4.97065313025792e-07
START_3,y_g,42.43911914050482,5.39946242214383e-07
START_3,y_g,42.84330122755725,4.6577379512015863e-07
START_3,y_g,43.247483314609674,4.47186355678351e-07
START_3,y_g,43.6516654016621,4.584509817789035e-07
START_3,y_g,44.05584748871453,4.23884342723784e-07
START_3,y_g,44.46002957576695,4.7545313277247617e-07
START_3,y_g,44.86421166281938,4.446588698502399e-07
START_3,y_g,45.268393749871805,3.728864970519407e-07
START_3,y_g,45.67257583692424,5.218205581166703e-07
START_3,y_g,46.076757923976665,4.885872979139054e-07
START_3,y_g,46.48094001102909,5.049625089523346e-07
START_3,y_g,46.88512209808152,4.1128183803695966e-07
START_3,y_g,47.28930418513394,5.847842117603502e-07
START_3,y_g,47.69348627218637,5.916604386392573e-07
START_3,y_g,48.097668359238796,4.5955338794367646e-07
START_3,y_g,48.50185044629122,3.852197931184847e-07
START_3,y_g,48.90603253334365,1.0328320348737346e-05
START_3,y_g,49.310214620396074,7.588447498054993e-05
START_3,y_g,49.71439670744851,3.880128350932312e-05
START_3,y_g,50.118578794500934,1.116006485285776e-06
START_3,y_g,50.52276088155336,7.17446461998328e-07
START_3,y_g,50.926942968605786,5.815587389586293e-07
START_3,y_g,51.33112505565821,4.1876956718188053e-07
START_3,y_g,51.73530714271064,4.947293860631387e-07
START_3,y_g,52.139489229763065,6.265934105928363e-07
START_3,y_g,52.54367131681549,5.377008148060674e-07
START_3,y_g,52.94785340386792,6.082311649825915e-07
START_3,y_g,53.35203549092034,5.509475093958919e-07
START_3,y_g,53.75621757797277,5.041014995921062e-07
START_3,y_g,54.1603996650252,5.977178510629844e-07
START_3,y_g,54.56458175207763,5.840413888528261e-07
START_3,y_g,54.968763839130055,4.42401281819127e-07
START_3,y_g,55.37294592618248,6.323615082920198e-07
START_3,y_g,55.77712801323491,6.61219870337035e-07
START_3,y_g,56.181310100287334,6.120186601261185e-07
START_3,y_g,56.58549218733976,6.244349316124226e-07
START_3,y_g,56.989674274392186,4.7675678207093437e-07
START_3,y_g,57.39385636144461,4.690381871143289e-07
START_3,y_g,57.79803844849704,4.899399754337323e-07
START_3,y_g,58.20222053554947,5.080209614931747e-07
START_3,y_g,58.6064026226019,7.166730977095888e-07
START_3,y_g,59.010584709654324,1.1897660841644494e-06
START_3,y_g,59.41476679670675,2.731804864388469e-06
START_3,y_g,59.81894888375918,1.0037993888468692e-06
START_3,y_g,60.2231309708116,4.617412275416688e-07
START_3,y_g,60.62731305786403,7.020366362682067e-07
START_3,y_g,61.031495144916455,6.829878113818244e-07
START_3,y_g,61.43567723196888,4.786321300930954e-07
START_3,y_g,61.83985931902131,5.334233498313509e-07
START_3,y_g,62.244041406073734,7.049469314018028e-07
START_3,y_g,62.64822349312617,9.208309886505512e-07
START_3,y_g,63.05240558017859,6.410137757322911e-07
START_3,y_g,63.45658766723102,7.65016801373262e-07
START_3,y_g,63.860769754283446,9.117888784012345e-07
START_3,y_g,64.26495184133587,6.354593374852671e-07
START_3,y_g,64.6691339283883,5.085520978162246e-07
START_3,y_g,65.07331601544072,6.344601250970494e-07
START_3,y_g,65.47749810249316,5.671089679780901e-07
START_3,y_g,65.88168018954558,5.505505352221807e-07
START_3,y_g,66.28586227659801,6.788019154284495e-07
START_3,y_g,66.69004436365043,4.486907864568026e-07
START_3,y_g,67.09422645070286,5.697093952315265e-07
START_3,y_g,67.49840853775528,6.68981325916991e-07
START_3,y_g,67.90259062480771,7.24736168397498e-07
START_3,y_g,68.30677271186013,2.5689756911013017e-06
START_3,y_g,68.71095479891257,1.2046634653022762e-05
START_3,y_g,69.115136885965,4.314403661802647e-06
START_3,y_g,69.51931897301742,6.348541774930785e-07
START_3,y_g,69.92350106006985,4.748669639564579e-07
START_3,y_g,70.32768314712227,5.625581321169071e-07
START_3,y_g,70.7318652341747,3.5916277219581453e-07
START_3,y_g,71.13604732122712,4.89088812931007e-07
START_3,y_g,71.54022940827956,5.758244928254376e-07
START_3,y_g,71.94441149533198,6.234546575262548e-07
START_3,y_g,72.34859358238441,5.380418923030752e-07
START_3,y_g,72.75277566943683,6.139373208242194e-07
START_3,y_g,73.15695775648926,7.275767210723946e-07
START_3,y_g,73.5611398435417,5.922943836547509e-07
START_3,y_g,73.96532193059411,6.010161372421961e-07
START_3,y_g,74.36950401764655,6.422290585680453e-07
START_3,y_g,74.77368610469897,5.406072906231674e-07
START_3,y_g,75.1778681917514,6.048566828814172e-07
START_3,y_g,75.58205027880382,5.659878753654014e-07
START_3,y_g,75.98623236585625,5.537284805294723e-07
START_3,y_g,76.39041445290867,6.307462612739868e-07
START_3,y_g,76.7945965399611,5.04353977569264e-07
START_3,y_g,77.19877862701352,4.811622252305499e-07
START_3,y_g,77.60296071406596,6.738517400306573e-07
START_3,y_g,78.00714280111839,6.3092877428515e-07
START_3,y_g,78.41132488817081,5.639708643678579e-07
START_3,y_g,78.81550697522324,6.943045426700066e-07
START_3,y_g,79.21968906227566,6.702212151200386e-07
START_3,y_g,79.6238711493281,8.917341562654629e-07
START_3,y_g,80.02805323638052,7.540102296114197e-07
START_3,y_g,80.43223532343295,4.18000331786655e-07
START_3,y_g,80.83641741048537,6.205378522623341e-07
START_3,y_g,81.2405994975378,6.218532783422202e-07
START_3,y_g,81.64478158459022,6.583144909222246e-07
START_3,y_g,82.04896367164265,9.102504646501355e-07
START_3,y_g,82.45314575869509,9.676381507951536e-07
START_3,y_g,82.8573278457475,9.668211521548614e-07
START_3,y_g,83.26150993279994,8.627081434485027e-07
START_3,y_g,83.66569201985236,6.161456678882455e-07
START_3,y_g,84.06987410690479,9.710875028090146e-07
START_3,y_g,84.47405619395721,1.0550856076350814e-06
START_3,y_g,84.87823828100964,8.841635034862113e-07
START_3,y_g,85.28242036806206,6.307287410706778e-07
START_3,y_g,85.6866024551145,7.290086772334332e-07
START_3,y_g,86.09078454216692,9.494565595192533e-07
START_3,y_g,86.49496662921935,8.929911303371829e-07
START_3,y_g,86.89914871627178,7.366533720511602e-07
START_3,y_g,87.3033308033242,7.528069776841175e-07
START_3,y_g,87.70751289037663,9.000610743242995e-07
START_3,y_g,88.11169497742905,7.561484629128171e-07
START_3,y_g,88.51587706448149,8.756886674846888e-07
START_3,y_g,88.9200591515339,9.942194201442417e-07
START_3,y_g,89.32424123858634,1.2740288708483631e-06
START_3,y_g,89.72842332563876,9.379441164048055e-07
START_3,y_g,90.13260541269119,7.559145685712677e-07
START_3,y_g,90.53678749974361,7.289561645673462e-07
START_3,y_g,90.94096958679604,5.680435204857039e-07
START_3,y_g,91.34515167384848,5.098450091392395e-07
START_3,y_g,91.7493337609009,8.54205306180672e-07
START_3,y_g,92.15351584795333,8.70167835272174e-07
START_3,y_g,92.55769793500575,7.743418168452178e-07
START_3,y_g,92.96188002205818,9.13602492544845e-07
START_3,y_g,93.3660621091106,1.537231063566052e-06
START_3,y_g,93.77024419616303,1.1422956708956419e-06
START_3,y_g,94.17442628321545,9.888506155904689e-07
START_3,y_g,94.57860837026789,1.091672794278117e-06
START_3,y_g,94.98279045732032,1.122024042712009e-06
START_3,y_g,95.38697254437274,9.759336808070344e-07
START_3,y_g,95.79115463142517,1.0576774722903896e-06
START_3,y_g,96.19533671847759,9.227497662558239e-07
START_3,y_g,96.59951880553002,1.0765813877248875e-06
START_3,y_g,97.00370089258244,9.447457065324913e-07
START_3,y_g,97.40788297963488,1.3501807248395686e-06
START_3,y_g,97.8120650666873,1.5891793187423506e-06
START_3,y_g,98.21624715373973,2.174541652566758e-06
START_3,y_g,98.62042924079215,1.0257372502916738e-05
START_3,y_g,99.02461132784458,9.620626251716162e-06
START_3,y_g,99.42879341489702,1.330269329318306e-06
START_3,y_g,99.83297550194943,1.4671033790036827e-06
START_3,y_g,100.23715758900187,1.7168393743966483e-06
START_3,y_g,100.64133967605429,1.8683635454480173e-06
START_3,y_g,101.04552176310672,1.5249457490021797e-06
START_3,y_g,101.44970385015914,1.505589604541957e-06
START_3,y_g,101.85388593721157,1.2268172428475426e-06
START_3,y_g,102.25806802426399,1.2544307539692842e-06
START_3,y_g,102.66225011131642,1.2767209149200896e-06
START_3,y_g,103.06643219836884,1.3016953087416996e-06
START_3,y_g,103.47061428542128,7.157836419696287e-07
START_3,z_g,0.0,8.835099534439715e-08
START_3,z_g,0.40418208705242686,6.154489248479989e-07
START_3,z_g,0.8083641741048537,6.096206757974548e-07
START_3,z_g,1.2125462611572806,8.570113760996743e-07
START_3,z_g,1.6167283482097075,1.2073306727041884e-06
START_3,z_g,2.0209104352621345,1.331572699183126e-06
START_3,z_g,2.425092522314561,1.4156870366874558e-06
START_3,z_g,2.829274609366988,8.983912232833289e-07
START_3,z_g,3.233456696419415,8.564267812604492e-07
START_3,z_g,3.637638783471842,1.2888416790067364e-06
START_3,z_g,4.041820870524269,9.69889093529729e-07
START_3,z_g,4.446002957576695,8.340766074647735e-07
START_3,z_g,4.850185044629122,9.229288802727589e-07
START_3,z_g,5.2543671316815495,8.893700190209308e-07
START_3,z_g,5.658549218733976,9.669575633679205e-07
START_3,z_g,6.062731305786403,1.073635643679898e-06
START_3,z_g,6.46691339283883,9.876715473382892e-07
START_3,z_g,6.871095479891257,1.0088226406813473e-06
START_3,z_g,7.275277566943684,9.622906259415426e-07
START_3,z_g,7.67945965399611,1.044475906707292e-06
START_3,z_g,8.083641741048538,9.376473494324086e-07
START_3,z_g,8.487823828100964,8.516343119642042e-07
START_3,z_g,8.89200591515339,8.82184100144407e-07
START_3,z_g,9.296188002205819,9.335681982916757e-07
START_3,z_g,9.700370089258245,1.2410672633513639e-06
START_3,z_g,10.104552176310671,1.3474039927598579e-06
START_3,z_g,10.508734263363099,1.0273125051682176e-06
START_3,z_g,10.912916350415525,6.964991768429248e-07
START_3,z_g,11.317098437467951,7.219239704890396e-07
START_3,z_g,11.72128052452038,9.315429289027683e-07
START_3,z_g,12.125462611572805,9.970229625747254e-07
START_3,z_g,12.529644698625233,1.0607071979704834e-06
START_3,z_g,12.93382678567766,8.974923349483348e-07
START_3,z_g,13.338008872730086,7.229386184217444e-07
START_3,z_g,13.742190959782514,4.974253934034343e-07
START_3,z_g,14.14637304683494,7.528372334241667e-07
START_3,z_g,14.550555133887368,9.743730846626113e-07
START_3,z_g,14.954737220939794,1.1653285007353056e-06
START_3,z_g,15.35891930799222,1.016012960074852e-06
START_3,z_g,15.763101395044648,9.426898901833548e-07
START_3,z_g,16.167283482097076,9.272877179293214e-07
START_3,z_g,16.571465569149503,9.579974000752314e-07
START_3,z_g,16.97564765620193,1.1786454088322073e-06
START_3,z_g,17.379829743254355,1.1111871073126504e-06
START_3,z_g,17.78401183030678,1.00164912490208e-06
START_3,z_g,18.188193917359207,9.421749844939809e-07
START_3,z_g,18.592376004411637,9.023460571617867e-07
START_3,z_g,18.996558091464063,1.3215546288843339e-06
START_3,z_g,19.40074017851649,1.5840121347975816e-06
START_3,z_g,19.804922265568916,1.2147814868215897e-06
START_3,z_g,20.209104352621342,7.370780616798991e-07
START_3,z_g,20.61328643967377,6.940341242344362e-07
START_3,z_g,21.017468526726198,7.489813352976945e-07
START_3,z_g,21.421650613778624,8.557288863997378e-07
START_3,z_g,21.82583270083105,6.981114142494644e-07
START_3,z_g,22.230014787883476,8.815716844823395e-07
START_3,z_g,22.634196874935903,1.3168163090263963e-06
START_3,z_g,23.038378961988332,1.0560003420533272e-06
START_3,z_g,23.44256104904076,7.240081735906406e-07
START_3,z_g,23.846743136093185,8.273091532542837e-07
START_3,z_g,24.25092522314561,8.437498172654829e-07
START_3,z_g,24.655107310198037,8.426219717553236e-07
START_3,z_g,25.059289397250467,9.830901406973262e-07
START_3,z_g,25.463471484302893,9.323516694729633e-07
START_3,z_g,25.86765357135532,7.942544389495173e-07
START_3,z_g,26.271835658407745,8.93303841507053e-07
START_3,z_g,26.67601774546017,7.168262533036672e-07
START_3,z_g,27.0801998325126,6.76783058562222e-07
START_3,z_g,27.484381919565028,6.734937356489912e-07
START_3,z_g,27.888564006617454,1.0320330293337228e-06
START_3,z_g,28.29274609366988,1.0080700875602644e-06
START_3,z_g,28.696928180722306,1.0451345566811061e-06
START_3,z_g,29.101110267774736,1.0198893737220715e-06
START_3,z_g,29.505292354827162,9.90256012367662e-07
START_3,z_g,29.90947444187959,9.229211936075577e-07
START_3,z_g,30.313656528932015,8.675324068475424e-07
START_3,z_g,30.71783861598444,8.741121596921993e-07
START_3,z_g,31.122020703036867,1.1151453246059407e-06
START_3,z_g,31.526202790089297,1.3161702897990685e-06
START_3,z_g,31.930384877141723,1.0220231441233411e-06
START_3,z_g,32.33456696419415,7.558413280121437e-07
START_3,z_g,32.73874905124658,1.1369649217722194e-06
START_3,z_g,33.142931138299005,1.177872836277552e-06
START_3,z_g,33.54711322535143,9.273652099791699e-07
START_3,z_g,33.95129531240386,9.67298809523045e-07
START_3,z_g,34.355477399456284,1.0572076872298185e-06
START_3,z_g,34.75965948650871,1.2474281925541907e-06
START_3,z_g,35.163841573561136,1.3988056897832472e-06
START_3,z_g,35.56802366061356,1.1963910833906987e-06
START_3,z_g,35.97220574766599,7.035845417178163e-07
START_3,z_g,36.376387834718415,8.06014001150668e-07
START_3,z_g,36.78056992177085,8.921411876584025e-07
START_3,z_g,37.184752008823274,7.696959489902201e-07
START_3,z_g,37.5889340958757,7.797168699125674e-07
START_3,z_g,37.99311618292813,8.345282629219434e-07
START_3,z_g,38.39729826998055,1.0498064647085672e-06
START_3,z_g,38.80148035703298,1.0595752702112242e-06
START_3,z_g,39.205662444085405,1.132184138840793e-06
START_3,z_g,39.60984453113783,1.2840073058569047e-06
START_3,z_g,40.01402661819026,1.0398003317792318e-06
START_3,z_g,40.418208705242684,8.953534146259341e-07
START_3,z_g,40.82239079229511,9.022674682490018e-07
START_3,z_g,41.22657287934754,7.752338746678742e-07
START_3,z_g,41.63075496639997,8.932121386328074e-07
START_3,z_g,42.034937053452396,7.650884842561046e-07
START_3,z_g,42.43911914050482,7.756547057556824e-07
START_3,z_g,42.84330122755725,9.131562506735573e-07
START_3,z_g,43.247483314609674,1.061516424953518e-06
START_3,z_g,43.6516654016621,9.205462964144265e-07
START_3,z_g,44.05584748871453,9.327879601679528e-07
START_3,z_g,44.46002957576695,1.2727786844509352e-06
START_3,z_g,44.86421166281938,1.3063188457703167e-06
START_3,z_g,45.268393749871805,1.610038677381835e-06
START_3,z_g,45.67257583692424,1.0925451278171187e-06
START_3,z_g,46.076757923976665,9.3900482838962e-07
START_3,z_g,46.48094001102909,1.3401628980291498e-06
START_3,z_g,46.88512209808152,1.188864694092265e-06
START_3,z_g,47.28930418513394,1.0802116733456065e-06
START_3,z_g,47.69348627218637,6.757422715569525e-07
START_3,z_g,48.097668359238796,8.640067104009887e-07
START_3,z_g,48.50185044629122,7.451419093475648e-07
START_3,z_g,48.90603253334365,7.481730938625626e-06
START_3,z_g,49.310214620396074,5.391228959078559e-05
START_3,z_g,49.71439670744851,2.762270560684608e-05
START_3,z_g,50.118578794500934,9.874770657730353e-07
START_3,z_g,50.52276088155336,7.684514312446288e-07
START_3,z_g,50.926942968605786,1.0380844463047002e-06
START_3,z_g,51.33112505565821,1.1640631216015469e-06
START_3,z_g,51.73530714271064,9.520544619410975e-07
START_3,z_g,52.139489229763065,8.677814875426265e-07
START_3,z_g,52.54367131681549,8.441677985007981e-07
START_3,z_g,52.94785340386792,8.69884107300015e-07
START_3,z_g,53.35203549092034,1.1973200344000926e-06
START_3,z_g,53.75621757797277,8.590259696198659e-07
START_3,z_g,54.1603996650252,8.656302037244569e-07
START_3,z_g,54.56458175207763,1.02107677309445e-06
START_3,z_g,54.968763839130055,8.067376010070319e-07
START_3,z_g,55.37294592618248,8.552115423123064e-07
START_3,z_g,55.77712801323491,1.0973621598913371e-06
START_3,z_g,56.181310100287334,1.0700220915824968e-06
START_3,z_g,56.58549218733976,1.066518070387567e-06
START_3,z_g,56.989674274392186,1.3584091239392428e-06
START_3,z_g,57.39385636144461,1.4380821541009626e-06
START_3,z_g,57.79803844849704,9.011014696955224e-07
START_3,z_g,58.20222053554947,8.819407145382004e-07
START_3,z_g,58.6064026226019,1.2271596778714879e-06
START_3,z_g,59.010584709654324,8.596111153247023e-07
START_3,z_g,59.41476679670675,7.103763697893375e-07
START_3,z_g,59.81894888375918,8.107764228509595e-07
START_3,z_g,60.2231309708116,6.936567223985229e-07
START_3,z_g,60.62731305786403,9.288396629084035e-07
START_3,z_g,61.031495144916455,9.414484402242738e-07
START_3,z_g,61.43567723196888,8.197439332079035e-07
START_3,z_g,61.83985931902131,8.178749073438814e-07
START_3,z_g,62.244041406073734,1.0719594065109965e-06
START_3,z_g,62.64822349312617,1.1024315236738415e-06
START_3,z_g,63.05240558017859,8.827701445632287e-07
START_3,z_g,63.45658766723102,8.334366887917089e-07
START_3,z_g,63.860769754283446,7.65285886467684e-07
START_3,z_g,64.26495184133587,6.800746249676115e-07
START_3,z_g,64.6691339283883,9.641066296017244e-07
START_3,z_g,65.07331601544072,1.3020107555499926e-06
START_3,z_g,65.47749810249316,1.0437043153044282e-06
START_3,z_g,65.88168018954558,1.0464688016117616e-06
START_3,z_g,66.28586227659801,9.813967350163155e-07
START_3,z_g,66.69004436365043,1.039008651892257e-06
START_3,z_g,67.09422645070286,1.1118393831212586e-06
START_3,z_g,67.49840853775528,8.355049513567606e-07
START_3,z_g,67.90259062480771,6.862421773378841e-07
START_3,z_g,68.30677271186013,1.6719644246741253e-06
START_3,z_g,68.71095479891257,4.8254107283020015e-06
START_3,z_g,69.115136885965,1.857474738516302e-06
START_3,z_g,69.51931897301742,1.2776620459391922e-06
START_3,z_g,69.92350106006985,1.1590073842110706e-06
START_3,z_g,70.32768314712227,9.26853607544402e-07
START_3,z_g,70.7318652341747,9.699573192443911e-07
START_3,z_g,71.13604732122712,9.928504325716937e-07
START_3,z_g,71.54022940827956,9.906694158381664e-07
START_3,z_g,71.94441149533198,1.324083055481466e-06
START_3,z_g,72.34859358238441,1.3782786528120423e-06
START_3,z_g,72.75277566943683,9.587934190948658e-07
START_3,z_g,73.15695775648926,7.606490716373313e-07
START_3,z_g,73.5611398435417,8.982812972840434e-07
START_3,z_g,73.96532193059411,1.1221365989453017e-06
START_3,z_g,74.36950401764655,9.634325002771012e-07
START_3,z_g,74.77368610469897,7.919064519236614e-07
START_3,z_g,75.1778681917514,9.967442783274939e-07
START_3,z_g,75.58205027880382,9.126654301053467e-07
START_3,z_g,75.98623236585625,8.900562807968527e-07
START_3,z_g,76.39041445290867,7.034238926253215e-07
START_3,z_g,76.7945965399611,7.329470870770116e-07
START_3,z_g,77.19877862701352,8.303185368587067e-07
START_3,z_g,77.60296071406596,7.563380447690813e-07
START_3,z_g,78.00714280111839,7.805038711494395e-07
START_3,z_g,78.41132488817081,8.110549062829921e-07
START_3,z_g,78.81550697522324,9.365980862555449e-07
START_3,z_g,79.21968906227566,6.776473894601832e-07
START_3,z_g,79.6238711493281,8.305628027480892e-07
START_3,z_g,80.02805323638052,1.024046866873693e-06
START_3,z_g,80.43223532343295,9.967040891142855e-07
START_3,z_g,80.83641741048537,1.2180317555184313e-06
START_3,z_g,81.2405994975378,1.5458434054011079e-06
START_3,z_g,81.64478158459022,9.669089962197377e-07
START_3,z_g,82.04896367164265,1.096963395643149e-06
START_3,z_g,82.45314575869509,1.1728349641862746e-06
START_3,z_g,82.8573278457475,1.0090951533383214e-06
START_3,z_g,83.26150993279994,8.752942117053391e-07
START_3,z_g,83.66569201985236,7.209224830841489e-07
START_3,z_g,84.06987410690479,8.209059429318071e-07
START_3,z_g,84.47405619395721,8.554380054636897e-07
START_3,z_g,84.87823828100964,9.584419005136947e-07
START_3,z_g,85.28242036806206,1.2885680470818616e-06
START_3,z_g,85.6866024551145,1.012506114686424e-06
START_3,z_g,86.09078454216692,8.810194411246378e-07
START_3,z_g,86.49496662921935,9.840487879462032e-07
START_3,z_g,86.89914871627178,9.309173874576887e-07
START_3,z_g,87.3033308033242,6.835166079159613e-07
START_3,z_g,87.70751289037663,1.1675807259624822e-06
START_3,z_g,88.11169497742905,8.816156349418948e-07
START_3,z_g,88.51587706448149,8.624550652700408e-07
START_3,z_g,88.9200591515339,7.252510923655312e-07
START_3,z_g,89.32424123858634,1.0685927433657224e-06
START_3,z_g,89.72842332563876,1.188505434618915e-06
START_3,z_g,90.13260541269119,7.908878064150413e-07
START_3,z_g,90.53678749974361,7.12012979233832e-07
START_3,z_g,90.94096958679604,1.0173751447661663e-06
START_3,z_g,91.34515167384848,8.547208697526161e-07
START_3,z_g,91.7493337609009,9.502484240776653e-07
START_3,z_g,92.15351584795333,8.790019859572611e-07
START_3,z_g,92.55769793500575,8.654757790799812e-07
START_3,z_g,92.96188002205818,1.07241732355758e-06
START_3,z_g,93.3660621091106,1.0283762793247918e-06
START_3,z_g,93.77024419616303,1.0913341619660453e-06
START_3,z_g,94.17442628321545,1.4905118730162473e-06
START_3,z_g,94.57860837026789,1.8026845332549163e-06
START_3,z_g,94.98279045732032,1.7086980125159776e-06
START_3,z_g,95.38697254437274,1.0921815929873834e-06
START_3,z_g,95.79115463142517,9.111151595791345e-07
START_3,z_g,96.19533671847759,1.243261233126518e-06
START_3,z_g,96.59951880553002,1.3821103094208361e-06
START_3,z_g,97.00370089258244,1.502213007087543e-06
START_3,z_g,97.40788297963488,8.526665380608037e-07
START_3,z_g,97.8120650666873,1.3610323676900563e-06
START_3,z_g,98.21624715373973,2.1217731190443834e-06
START_3,z_g,98.62042924079215,6.707867427409185e-06
START_3,z_g,99.02461132784458,6.518384242661734e-06
START_3,z_g,99.42879341489702,1.1423392508390123e-06
START_3,z_g,99.83297550194943,9.811281017692203e-07
START_3,z_g,100.23715758900187,1.1723751138131396e-06
START_3,z_g,100.64133967605429,1.7645431614722058e-06
START_3,z_g,101.04552176310672,1.3559225655797394e-06
START_3,z_g,101.44970385015914,9.025825600735252e-07
START_3,z_g,101.85388593721157,1.1967489489391897e-06
START_3,z_g,102.25806802426399,2.0752769758242425e-06
START_3,z_g,102.66225011131642,2.2526596071740845e-06
START_3,z_g,103.06643219836884,2.105423556735824e-06
START_3,z_g,103.47061428542128,8.022894169530935e-07
