monotonic_ns,queue_pending_windows,process_cpu_percent_one_core,process_rss_bytes,process_lifetime_peak_rss_bytes
102556345910104,0,0.0,88571904,88883200
102556446283788,0,0.0,88621056,88883200
102556546554474,0,0.0,88621056,88883200
102556646823992,0,0.0,88637440,88883200
102556747061788,0,9.976332050052582,88637440,88883200
102556847274270,0,0.0,88637440,88883200
102556947480177,0,9.979449719193642,88637440,88883200
102557047681695,0,9.979914523492843,88637440,88883200
102557147897010,0,0.0,88637440,88883200
102557248154677,0,9.974365879864605,88637440,88883200
102557348332362,0,0.0,88637440,88883200
102557448524232,0,0.0,88637440,88883200
102557548692251,0,0.0,88637440,88883200
102557648893010,0,9.979951376295887,88637440,88883200
102557749090602,0,0.0,88637440,88883200
102557849278491,0,9.981331216617718,88637440,88883200
102557949457121,0,9.982096909828543,88637440,88883200
102558049643603,0,0.0,88637440,88883200
102558149845677,0,0.0,88637440,88883200
102558250030399,0,0.0,88637440,88883200
102558350197732,0,9.983200470937426,88637440,88883200
102558450378954,0,9.982004740888453,88637440,88883200
102558550560177,0,0.0,88637440,88883200
102558650742381,0,9.981751861408712,88637440,88883200
102558750937547,0,0.0,88637440,88883200
102558851126584,0,0.0,88637440,88883200
102558951340955,0,0.0,88637440,88883200
102559051524622,0,9.98168729697686,88637440,88883200
102559151699511,0,0.0,88637440,88883200
102559251901048,0,9.979899683602337,88637440,88883200
102559352076363,0,0.0,88637440,88883200
102559452258029,0,9.9819198479652,88637440,88883200
102559552425085,0,0.0,88637440,88883200
102559652630511,0,9.979447826516981,88637440,88883200
102559752827141,0,0.0,88637440,88883200
102559853009604,0,0.0,88637440,88883200
102559953176975,0,9.98319498733223,88637440,88883200
102560053420512,0,0.0,88637440,88883200
102560153654827,0,9.976586448091096,88637440,88883200
102560253872845,0,0.0,88637440,88883200
102560354043901,0,0.0,88637440,88883200
102560454265309,0,0.0,88637440,88883200
102560554432939,0,9.983239239226304,88637440,88883200
102560654941327,0,9.949361432496023,88637440,88883200
102560755146124,0,0.0,88637440,88883200
102560855330994,0,9.981580292161691,88637440,88883200
102560955520476,0,0.0,88637440,88883200
102561055704828,0,0.0,88637440,88883200
102561155900810,0,9.98035895366271,88637440,88883200
102561256092088,0,0.0,88637440,88883200
102561356246162,0,9.98461440801664,88637440,88883200
102561456436385,0,0.0,88637440,88883200
102561556632589,0,9.980336940445753,88637440,88883200
102561656837293,0,0.0,88637440,88883200
102561757098163,0,0.0,88637440,88883200
102561857282775,0,0.0,88637440,88883200
102561957460386,0,9.98219276640382,88637440,88883200
102562057668775,0,9.979257913246643,88637440,88883200
102562157861257,0,0.0,88637440,88883200
102562258041183,0,0.0,88637440,88883200
102562358207776,0,0.0,88637440,88883200
102562458392091,0,9.981652226274358,88637440,88883200
102562558562758,0,9.982853450802759,88637440,88883200
102562658756759,0,0.0,88637440,88883200
102562758977796,0,0.0,88637440,88883200
102562859165389,0,9.981371766660825,88637440,88883200
102562959329556,0,0.0,88637440,88883200
102563059507890,0,0.0,88637440,88883200
102563159732909,0,9.977626071206252,88637440,88883200
102563259951446,0,9.978225217542526,88637440,88883200
102563360155039,0,0.0,88637440,88883200
102563460350799,0,9.980489937717827,88637440,88883200
102563560536855,0,0.0,88653824,88883200
102563660734318,0,0.0,88653824,88883200
102563760950189,0,0.0,88653824,88883200
102563861150930,0,0.0,88653824,88883200
102563961342412,0,9.980877338126417,88653824,88883200
102564061534060,0,0.0,88653824,88883200
102564161701265,0,9.983204157617461,88653824,88883200
102564261889228,0,0.0,88653824,88883200
102564362045451,0,0.0,88653824,88883200
102564462220377,0,9.982528677696138,88653824,88883200
102564562398970,0,9.9821743324156,88653824,88883200
102564662581711,0,0.0,88653824,88883200
102564762766379,0,9.981571024821015,88653824,88883200
102564862954749,0,0.0,88653824,88883200
102564963138268,0,0.0,88670208,88883200
102565063362213,0,9.977611338079713,88670208,88883200
102565163556973,0,0.0,88670208,88883200
102565263753696,0,0.0,88670208,88883200
102565363921363,0,9.983174657001927,88670208,88883200
102565464113993,0,0.0,88670208,88883200
102565564302438,0,9.981172513556684,88670208,88883200
102565664557050,0,0.0,88670208,88883200
102565764744550,0,0.0,88670208,88883200
102565864927144,0,9.981823797994302,88670208,88883200
102565965094366,0,9.983241033269483,88686592,88883200
102566065288534,0,0.0,88686592,88883200
102566165530775,0,0.0,88686592,88883200
102566265714146,0,0.0,88686592,88883200
102566365876128,0,19.967474977584345,88686592,88883200
102566466063221,0,0.0,88686592,88883200
102566566230833,0,0.0,88686592,88883200
102566666412833,0,0.0,88686592,88883200
102566766621927,0,9.979121382407056,88686592,88883200
102566866816946,0,9.980565543746167,88686592,88883200
102566967014539,0,0.0,88686592,88883200
102567067208317,0,0.0,88686592,88883200
102567167388892,0,9.981978834539566,88686592,88883200
102567267574745,0,0.0,88686592,88883200
102567367801764,0,0.0,88686592,88883200
102567467993061,0,9.981006443970422,88686592,88883200
102567568185061,0,0.0,88686592,88883200
102567668362544,0,9.982336754826283,88686592,88883200
102567768545192,0,0.0,88686592,88883200
102567868728952,0,9.981679824369458,88686592,88883200
102567968909731,0,0.0,88686592,88883200
102568069088380,0,0.0,88686592,88883200
102568169271010,0,9.981796099060075,88686592,88883200
102568269425918,0,0.0,88686592,88883200
102568369628900,0,0.0,88686592,88883200
102568469805383,0,19.964843309681825,88686592,88883200
102568569969828,0,0.0,88686592,88883200
102568670137421,0,0.0,88686592,88883200
102568770333366,0,0.0,88686592,88883200
102568870529830,0,0.0,88686592,88883200
102568970717701,0,19.96258472622689,88686592,88883200
102569070891147,0,0.0,88686592,88883200
102569171106221,0,0.0,88686592,88883200
102569271274167,0,0.0,88686592,88883200
102569371455723,0,9.981892049903035,88686592,88883200
102569471640335,0,0.0,88686592,88883200
102569571798651,0,0.0,88686592,88883200
102569671962170,0,9.98360462385703,88686592,88883200
102569772182356,0,0.0,88686592,88883200
102569872373968,0,9.98092714771048,88686592,88883200
102569972560950,0,0.0,88686592,88883200
102570072724507,0,9.98358249769173,88686592,88883200
102570172939415,0,0.0,88686592,88883200
102570273138156,0,9.980229863119384,88686592,88883200
102570373303954,0,0.0,88686592,88883200
102570473466566,0,0.0,88686592,88883200
102570573638733,0,0.0,88686592,88883200
102570673802845,0,9.983562165783102,88686592,88883200
102570773994605,0,0.0,88686592,88883200
102570874181495,0,9.981377245363829,88686592,88883200
102570974371441,0,9.981069106302897,88686592,88883200
102571074558997,0,0.0,88686592,88883200
102571174759424,0,0.0,88686592,88883200
102571274923703,0,9.98361937613881,88686592,88883200
102571375096037,0,0.0,88686592,88883200
102571475256797,0,9.983946114603011,88686592,88883200
102571575414983,0,0.0,88686592,88883200
102571675580577,0,0.0,88686592,88883200
102571775783244,0,9.979809348043442,88686592,88883200
102571875981468,0,0.0,88686592,88883200
102571976211969,0,0.0,88686592,88883200
102572076390488,0,9.982194660121875,88686592,88883200
102572176554878,0,0.0,88686592,88883200
102572276728360,0,9.982694699331406,88686592,88883200
102572376904732,0,9.98238279139686,88686592,88883200
102572477065085,0,0.0,88686592,88883200
102572577234993,0,0.0,88686592,88883200
102572677399587,0,0.0,88686592,88883200
102572777592495,0,9.980622721212251,88686592,88883200
102572877795126,0,9.979890420831666,88686592,88883200
102572977972923,0,0.0,88686592,88883200
102573078138406,0,0.0,88686592,88883200
102573178334129,0,0.0,88686592,88883200
102573278500908,0,9.983361031131285,88686592,88883200
102573378662020,0,9.983946014517148,88686592,88883200
102573478821003,0,0.0,88686592,88883200
102573578994096,0,9.982726091029896,88686592,88883200
102573679154097,0,0.0,88686592,88883200
102573779368895,0,0.0,88686592,88883200
102573879560433,0,9.980864287112057,88686592,88883200
102573979772286,0,0.0,88686592,88883200
102574079944287,0,0.0,88686592,88883200
102574180145807,0,9.979853569927688,88686592,88883200
102574280344974,0,0.0,88686592,88883200
102574380535531,0,0.0,88686592,88883200
102574480699421,0,9.983696922425784,88686592,88883200
102574580858589,0,0.0,88686592,88883200
102574681019238,0,9.983883316056218,88686592,88883200
102574781226517,0,9.979270760075817,88686592,88883200
102574881431222,0,0.0,88686592,88883200
102574981646816,0,9.978562654221143,88686592,88883200
102575081819113,0,0.0,88686592,88883200
102575182019040,0,0.0,88686592,88883200
102575282209671,0,9.980980544252702,88686592,88883200
102575382430376,0,0.0,88686592,88883200
102575482597488,0,9.983370201721787,88686592,88883200
102575582753101,0,0.0,88686592,88883200
102575682913547,0,0.0,88686592,88883200
102575783104548,0,0.0,88686592,88883200
102575883302642,0,9.980281457771364,88686592,88883200
102575983472736,0,9.983054563551976,88686592,88883200
102576083638663,0,0.0,88686592,88883200
102576183820090,0,0.0,88686592,88883200
102576283990480,0,0.0,88686592,88883200
102576384152981,0,9.983789121167742,88686592,88883200
102576484329612,0,0.0,88686592,88883200
102576584484595,0,9.9845460202269,88686592,88883200
102576684649245,0,0.0,88686592,88883200
102576784867394,0,0.0,88686592,88883200
102576885069117,0,9.979798194079939,88686592,88883200
102576985270434,0,0.0,88686592,88883200
102577085441028,0,9.982988089697098,88686592,88883200
102577185599788,0,0.0,88686592,88883200
102577285764660,0,9.983503060417435,88686592,88883200
102577385941143,0,9.98242155333531,88686592,88883200
102577486104922,0,0.0,88686592,88883200
102577586260701,0,0.0,88686592,88883200
102577686422573,0,9.983702405131952,88686592,88883200
102577786634963,0,0.0,88686592,88883200
102577886829538,0,0.0,88686592,88883200
102577987016725,0,9.981319960668435,88686592,88883200
102578087181930,0,0.0,88686592,88883200
102578187375394,0,9.980764671145254,88686592,88883200
102578287545618,0,0.0,88686592,88883200
102578387721638,0,9.982432714613688,88686592,88883200
102578487937417,0,0.0,88686592,88883200
102578588099437,0,0.0,88686592,88883200
102578688271290,0,9.982799835543005,88686592,88883200
102578788482088,0,9.978999693922578,88686592,88883200
102578888659664,0,0.0,88686592,88883200
102578988843295,0,0.0,88686592,88883200
102579089007704,0,0.0,88686592,88883200
102579189165150,0,9.984283839687274,88686592,88883200
102579289331244,0,0.0,88686592,88883200
102579389491578,0,0.0,88686592,88883200
102579489662969,0,19.965773074701737,88686592,88883200
102579589876822,0,0.0,88686592,88883200
102579690034898,0,0.0,88686592,88883200
102579790225418,0,9.981006343943267,88686592,88883200
102579890400790,0,0.0,88686592,88883200
102579990562902,0,0.0,88686592,88883200
102580090722459,0,0.0,88686592,88883200
102580190911498,0,9.981174306857136,88686592,88883200
102580291086629,0,9.982559968292414,88686592,88883200
102580391253205,0,0.0,88686592,88883200
102580491410836,0,9.984272774361914,88686592,88883200
102580591587763,0,0.0,88686592,88883200
102580691769543,0,0.0,88686592,88883200
102580791962007,0,0.0,88686592,88883200
102580892144231,0,19.963654767228032,88686592,88883200
102580992311751,0,0.0,88686592,88883200
102581092481605,0,0.0,88686592,88883200
102581192686310,0,0.0,88686592,88883200
102581292872330,0,9.98145834362813,88686592,88883200
102581393038906,0,0.0,88686592,88883200
102581493199889,0,0.0,88686592,88883200
102581593358316,0,9.984176776293742,88686592,88883200
102581693524948,0,9.98327601651517,88686592,88883200
102581793722764,0,0.0,88686592,88883200
102581893908470,0,0.0,88686592,88883200
102581994085656,0,0.0,88686592,88883200
102582094251158,0,9.983416247824985,88686592,88883200
102582194459104,0,0.0,88686592,88883200
102582294635995,0,9.982345822030823,88686592,88883200
102582394799589,0,9.983682071284484,88686592,88883200
102582494968794,0,0.0,88686592,88883200
102582595164463,0,0.0,88686592,88883200
102582695335094,0,9.982934571606917,88686592,88883200
102582795543429,0,0.0,88686592,88883200
102582895710727,0,9.983314786841131,88686592,88883200
102582995878692,0,0.0,88686592,88883200
102583096042082,0,9.983682071284484,88686592,88883200
102583196214917,0,0.0,88686592,88883200
102583296376030,0,0.0,88686592,88883200
102583396537884,0,0.0,88686592,88883200
102583496729163,0,9.980974964509105,88686592,88883200
102583596895924,0,9.98338854005217,88686592,88883200
102583697062278,0,0.0,88686592,88883200
102583797254632,0,0.0,88686592,88883200
102583897423430,0,0.0,88686592,88883200
102583997609228,0,9.981497099837386,88686592,88883200
102584097785267,0,9.982299685747932,88686592,88883200
102584198021935,0,0.0,88686592,88883200
102584298239881,0,9.978232486484316,88686592,88883200
102584398447531,0,0.0,88686592,88883200
102584498622274,0,0.0,88686592,88883200
102584598784313,0,9.983827895478903,88686592,88883200
102584698963722,0,0.0,88686592,88883200
102584799168427,0,0.0,88686592,88883200
102584899335392,0,9.983349867777367,88686592,88883200
102584999506209,0,9.982954803793417,88686592,88883200
102585099692489,0,0.0,88686592,88883200
102585199899694,0,0.0,88686592,88883200
102585300082863,0,0.0,88686592,88883200
102585400244790,0,9.983844541314582,88686592,88883200
102585500415533,0,9.98294374141351,88686592,88883200
102585600577054,0,0.0,88686592,88883200
102585700737944,0,0.0,88686592,88883200
102585800933428,0,9.98053586013719,88686592,88883200
102585901104689,0,0.0,88686592,88883200
102586001293228,0,0.0,88686592,88883200
102586101515211,0,9.977963268878595,88686592,88883200
102586201695602,0,9.982067215659907,88686592,88883200
102586301866048,0,0.0,88686592,88883200
102586402061180,0,0.0,88686592,88883200
102586502232200,0,9.982952909786938,88686592,88883200
102586602397795,0,0.0,88686592,88883200
102586702590130,0,9.980725920623756,88686592,88883200
102586802807429,0,0.0,88686592,88883200
102586902988801,0,9.98190480346985,88686592,88883200
102587003218821,0,0.0,88686592,88883200
102587103402434,0,0.0,88686592,88883200
102587203615622,0,9.978734021212714,88686592,88883200
102587303817642,0,0.0,88686592,88883200
102587404011644,0,9.980642842559869,88686592,88883200
102587504201053,0,0.0,88686592,88883200
102587604388037,0,0.0,88686592,88883200
102587704596502,0,9.97917475963002,88686592,88883200
102587804801930,0,0.0,88686592,88883200
102587904989117,0,9.981390097650022,88686592,88883200
102588005152045,0,0.0,88686592,88883200
102588105339547,0,0.0,88686592,88883200
102588205534753,0,0.0,88686592,88883200
102588305724755,0,9.98105794807381,88686592,88883200
102588405963646,0,9.976134691114709,88686592,88883200
102588506147111,0,0.0,88686592,88883200
102588606316020,0,0.0,88686592,88883200
102588706507485,0,9.980886402679678,88686592,88883200
102588806711358,0,0.0,88686592,88883200
102588906901582,0,0.0,88686592,88883200
102589007105807,0,9.979587851751138,88686592,88883200
102589107296975,0,0.0,88686592,88883200
102589207455589,0,0.0,88686592,88883200
102589307662035,0,19.958688707106187,88686592,88883200
102589407847722,0,0.0,88686592,88883200
102589508030262,0,0.0,88686592,88883200
102589608197523,0,0.0,88686592,88883200
102589708390562,0,9.980681592436703,88686592,88883200
102589808594527,0,9.979685651461372,88686592,88883200
102589908786400,0,0.0,88686592,88883200
102590008964087,0,0.0,88686592,88883200
102590109174867,0,9.978992125351674,88686592,88883200
102590209368592,0,0.0,88686592,88883200
102590309573464,0,9.979530684691941,88686592,88883200
102590409793503,0,0.0,88686592,88883200
102590509991339,0,0.0,88686592,88883200
102590610164785,0,9.982626337836432,88686592,88883200
102590710384510,0,0.0,88686592,88883200
102590810585975,0,9.979881159527087,88686592,88883200
102590910785329,0,0.0,88686592,88883200
102591010964905,0,9.982046888472459,88686592,88883200
102591111161889,0,0.0,88686592,88883200
102591211333225,0,0.0,88686592,88883200
102591311530097,0,9.980349490011282,88686592,88883200
102591411756748,0,0.0,88686592,88883200
102591511952324,0,9.980563550627899,88686592,88883200
102591612137271,0,0.0,88686592,88883200
102591712335106,0,9.98020207301954,88686592,88883200
102591812554294,0,0.0,88686592,88883200
102591912752741,0,0.0,88686592,88883200
102592012942298,0,0.0,88686592,88883200
102592113138467,0,9.980458361498306,88686592,88883200
102592213315914,0,9.982249862463945,88686592,88883200
102592313511842,0,0.0,88686592,88883200
102592413701141,0,0.0,88686592,88883200
102592513895736,0,9.980635471536148,88686592,88883200
102592614067072,0,0.0,88686592,88883200
102592714267352,0,0.0,88686592,88883200
102592814474039,0,9.979362777090705,88686592,88883200
102592914673468,0,9.980139323012875,88686592,88883200
102593014884359,0,0.0,88686592,88883200
102593115117880,0,0.0,88686592,88883200
102593215308864,0,9.980908518345972,88686592,88883200
102593315512403,0,0.0,88686592,88883200
102593415702887,0,0.0,88686592,88883200
102593515898500,0,9.980541337922256,88686592,88883200
102593616078984,0,9.98191954927864,88686592,88883200
102593716277338,0,0.0,88686592,88883200
102593816486378,0,0.0,88686592,88883200
102593916683528,0,0.0,88686592,88883200
102594016877938,0,9.980567236810387,88686592,88883200
102594117076385,0,0.0,88686592,88883200
102594217271184,0,0.0,88686592,88883200
102594317465446,0,19.961270943072297,88686592,88883200
102594417656948,0,0.0,88686592,88883200
102594517903302,0,0.0,88686592,88883200
102594618071490,0,0.0,88686592,88883200
102594718274159,0,9.979755666923971,88686592,88883200
102594818507365,0,9.976696730812442,88686592,88883200
102594918786497,0,0.0,88686592,88883200
102595019023833,0,0.0,88686592,88883200
102595119226502,0,0.0,88686592,88883200
102595219418986,0,9.980725920623756,88686592,88883200
102595319623748,0,9.979628384731434,88686592,88883200
102595419816380,0,0.0,88686592,88883200
102595520010309,0,0.0,88686592,88883200
102595620177144,0,0.0,88686592,88883200
102595720374036,0,19.96065475364505,88686592,88883200
102595820584187,0,0.0,88686592,88883200
102595920775967,0,0.0,88686592,88883200
102596020948710,0,0.0,88686592,88883200
102596121135768,0,9.981395477788313,88686592,88883200
102596221303789,0,9.983170770202372,88686592,88883200
102596321499699,0,0.0,88686592,88883200
102596421702535,0,0.0,88686592,88883200
102596521889353,0,0.0,88686592,88883200
102596622055578,0,9.98330731034619,88686592,88883200
102596722254525,0,0.0,88686592,88883200
102596822469083,0,9.978626978278292,88686592,88883200
102596922668011,0,9.980225978612513,88686592,88883200
102597022851662,0,0.0,88686592,88883200
102597123062202,0,0.0,88686592,88883200
102597223254093,0,0.0,88686592,88883200
102597323446466,0,9.980801528777864,88686592,88883200
102597423635099,0,0.0,88686592,88883200
102597523822842,0,9.981331017999933,88686592,88883200
102597623990085,0,9.98324262716956,88686592,88883200
102597724194236,0,0.0,88686592,88883200
102597824405998,0,0.0,88686592,88883200
102597924598445,0,9.980845759455319,88686592,88883200
102598024772689,0,0.0,88686592,88883200
102598124983451,0,9.97911192255182,88686592,88883200
102598225157472,0,0.0,88686592,88883200
102598325346715,0,0.0,88686592,88883200
102598425529125,0,0.0,88686592,88883200
102598525711980,0,9.98183276422306,88686592,88883200
102598625876149,0,9.983532462896319,88686592,88883200
102598726064356,0,0.0,88686592,88883200
102598826289803,0,0.0,88686592,88883200
102598926482935,0,9.98070002091185,88686592,88883200
102599026684549,0,0.0,88686592,88883200
102599126905219,0,0.0,88686592,88883200
102599227091795,0,9.981316173896547,88686592,88883200
102599327290317,0,9.980248089902936,88686592,88883200
102599427476227,0,0.0,88686592,88883200
102599527666452,0,9.981069006274266,88686592,88883200
102599627833973,0,0.0,88686592,88883200
102599728025809,0,0.0,88686592,88883200
102599828232127,0,0.0,88686592,88883200
102599928423315,0,9.980969386221627,88686592,88883200
102600028596725,0,0.0,88686592,88883200
102600128782895,0,0.0,88686592,88883200
102600228974027,0,9.98077752185396,88686592,88883200
102600329227623,0,9.974828021515224,88686592,88883200
102600429483329,0,0.0,88686592,88883200
102600529672202,0,0.0,88686592,88883200
102600629839242,0,9.983281397235741,88686592,88883200
102600730029615,0,9.980984129266846,88686592,88883200
102600830294507,0,0.0,88686592,88883200
102600930493640,0,9.980159543870817,88686592,88883200
102601030668550,0,0.0,88686592,88883200
102601130859349,0,0.0,88686592,88883200
102601231059759,0,9.979917909179902,88686592,88883200
102601331249873,0,0.0,88686592,88883200
102601431430043,0,0.0,88686592,88883200
102601531631564,0,9.979938129140415,88686592,88883200
102601631800549,0,0.0,88686592,88883200
102601731991774,0,0.0,88686592,88883200
102601832220369,0,9.977292081772546,88686592,88883200
102601932458354,0,0.0,88686592,88883200
102602032636301,0,9.982111357506767,88686592,88883200
102602132828508,0,9.980926947659572,88686592,88883200
102602232998140,0,0.0,88686592,88883200
102602333197829,0,0.0,88686592,88883200
102602433378035,0,0.0,88686592,88883200
102602533562853,0,9.981607691230217,88686592,88883200
102602633728245,0,9.983445649792085,88686592,88883200
102602733921822,0,0.0,88686592,88883200
102602834129399,0,0.0,88686592,88883200
102602934380328,0,9.975025130389099,88686592,88883200
102603034564590,0,0.0,88686592,88883200
102603134774149,0,9.979250245741683,88686592,88883200
102603234946818,0,0.0,88686592,88883200
102603335193747,0,0.0,88686592,88883200
102603435389917,0,9.980399294326796,88686592,88883200
102603535585994,0,0.0,88686592,88883200
102603635755571,0,0.0,88686592,88883200
102603735998222,0,9.975126522854469,88686592,88883200
102603836249540,0,0.0,88686592,88883200
102603936453303,0,9.979683660144024,88686592,88883200
102604036648695,0,0.0,88686592,88883200
102604136829512,0,9.982037623165505,88686592,88883200
102604236992886,0,0.0,88686592,88883200
102604337172278,0,0.0,88686592,88883200
102604437350670,0,9.98220552073908,88686592,88883200
102604537529562,0,0.0,88686592,88883200
102604637704084,0,0.0,88686592,88883200
102604737889550,0,9.981458243591696,88686592,88883200
102604838100108,0,9.97856056337379,88686592,88883200
102604938511945,0,0.0,88686592,88883200
102605038801466,0,0.0,88686592,88883200
102605139095191,0,9.970868113353644,88686592,88883200
102605239342954,0,0.0,88686592,88883200
102605339543142,0,9.979834846016274,88686592,88883200
102605439827941,0,0.0,88686592,88883200
102605540082593,0,9.974673306916257,88686592,88883200
102605640289855,0,0.0,88686592,88883200
102605740497525,0,9.979198560311087,88686592,88883200
102605840732250,0,0.0,88686592,88883200
102605940911050,0,9.982196253687848,88686592,88883200
102606041078497,0,0.0,88686592,88883200
102606141262408,0,0.0,88686592,88883200
102606241447578,0,9.981605796285018,88686592,88883200
102606341630729,0,9.981742395115292,88686592,88883200
102606441784436,0,0.0,88686592,88883200
102606541937403,0,0.0,88686592,88883200
102606642098869,0,0.0,88686592,88883200
102606742267724,0,9.982998952041317,88686592,88883200
102606842466116,0,0.0,88686592,88883200
102606942655712,0,0.0,88686592,88883200
102607042870567,0,19.957327643145362,88686592,88883200
102607143047978,0,0.0,88686592,88883200
102607243266555,0,9.978223126836136,88686592,88883200
102607343472929,0,0.0,88686592,88883200
102607443669913,0,0.0,88686592,88883200
102607543889639,0,9.978153132875867,88686592,88883200
102607644105624,0,0.0,88686592,88883200
102607744311534,0,0.0,88686592,88883200
102607844555223,0,9.975747561751167,88686592,88883200
102607944764337,0,0.0,88686592,88883200
102608044969840,0,0.0,88686592,88883200
102608145163418,0,9.980722035730505,88686592,88883200
102608245345643,0,0.0,88686592,88883200
102608345523313,0,9.982297691936989,88686592,88883200
102608445702206,0,9.982107671634248,88686592,88883200
102608545890783,0,0.0,88686592,88883200
102608646083064,0,0.0,88686592,88883200
102608746282975,0,0.0,88686592,88883200
102608846508349,0,9.977605563633512,88686592,88883200
102608946729963,0,0.0,88686592,88883200
102609046961374,0,9.977072686029295,88686592,88883200
102609147158600,0,0.0,88686592,88883200
102609247341251,0,0.0,88686592,88883200
102609347515347,0,19.964702406398043,88686592,88883200
102609447828721,0,0.0,88686592,88883200
102609548107854,0,0.0,88686592,88883200
102609648385005,0,0.0,88686592,88883200
102609748695935,0,19.938220427280854,88686592,88883200
102609848917531,0,0.0,88686592,88883200
102609949123497,0,0.0,88686592,88883200
102610049406371,0,9.971862394937645,88686592,88883200
102610149646356,0,0.0,88686592,88883200
102610249898248,0,9.97497538114315,88686592,88883200
102610350070807,0,0.0,88686592,88883200
102610450243033,0,0.0,88686592,88883200
102610550398869,0,9.984427686799835,88686592,88883200
102610650561891,0,0.0,88686592,88883200
102610750730117,0,9.983118945534061,88686592,88883200
102610850939936,0,0.0,88686592,88883200
102610951106958,0,0.0,88686592,88883200
102611051271591,0,9.983408672553132,88686592,88883200
102611151487428,0,9.978590036725542,88686592,88883200
102611251666542,0,0.0,88686592,88883200
102611351822416,0,0.0,88686592,88883200
102611452008531,0,0.0,88686592,88883200
102611552206608,0,9.980325485262577,88686592,88883200
102611652390593,0,9.981620542660249,88686592,88883200
102611752572430,0,0.0,88686592,88883200
102611852761212,0,9.98118875331497,88686592,88883200
102611952940919,0,0.0,88686592,88883200
102612053166200,0,0.0,88686592,88883200
102612153334722,0,0.0,88686592,88883200
102612253590300,0,9.97447054247194,88686592,88883200
102612353768896,0,9.982199939625785,88686592,88883200
102612453937641,0,0.0,88686592,88883200
102612554098311,0,0.0,88686592,88883200
102612654279740,0,0.0,88686592,88883200
102612754579799,0,9.970106032335396,88686592,88883200
102612854897859,0,0.0,88686592,88883200
102612955254436,0,9.964454300308496,88686592,88883200
102613055570625,0,0.0,88686592,88883200
102613155904128,0,9.96680098375786,88686592,88883200
102613256239299,0,0.0,88686592,88883200
102613356521487,0,0.0,88686592,88883200
102613456830861,0,19.938334519858493,88686592,88883200
102613557173235,0,0.0,88686592,88883200
102613657374331,0,0.0,88686592,88883200
102613757635705,0,9.973755656906754,88686592,88883200
102613857986783,0,0.0,88686592,88883200
102613958271379,0,0.0,88686592,88883200
102614058556031,0,19.943205539554402,88686592,88883200
102614158841683,0,0.0,88686592,88883200
102614259152538,0,0.0,88686592,88883200
102614359469875,0,0.0,88686592,88883200
102614459728323,0,9.974026538124031,88686592,88883200
102614560021179,0,0.0,88686592,88883200
102614660292997,0,9.97308702730813,88686592,88883200
102614760499094,0,0.0,88686592,88883200
102614860788301,0,0.0,88686592,88883200
102614961040934,0,19.949862404958427,88686592,88883200
102615061277086,0,0.0,88686592,88883200
102615161627164,0,0.0,88686592,88883200
102615261888945,0,0.0,88686592,88883200
102615362107782,0,19.95644605373041,88686592,88883200
102615462312971,0,0.0,88686592,88883200
102615562516716,0,0.0,88686592,88883200
102615662712405,0,0.0,88686592,88883200
102615762910520,0,0.0,88686592,88883200
102615863129190,0,19.9564536225796,88686592,88883200
102615963346564,0,0.0,88686592,88883200
102616063539605,0,0.0,88686592,88883200
102616163726979,0,0.0,88686592,88883200
102616263909613,0,9.981786532640397,88686592,88883200
102616364085450,0,9.982432417346851,88686592,88883200
102616464271658,0,0.0,88686592,88883200
102616564455439,0,0.0,88686592,88883200
102616664653295,0,0.0,88686592,88883200
102616764873225,0,9.97796675465666,88686592,88883200
102616865104543,0,0.0,88686592,88883200
102616965346455,0,9.975863598349903,88686592,88883200
102617065609755,0,9.973689406711019,88686592,88883200
102617165861370,0,0.0,88686592,88883200
102617266065707,0,0.0,88686592,88883200
102617366252044,0,0.0,88686592,88883200
102617466446307,0,9.980563350591568,88686592,88883200
102617566689182,0,0.0,88686592,88883200
102617666918685,0,0.0,88686592,88883200
102617767179986,0,19.947795222679943,88686592,88883200
102617867441823,0,0.0,88686592,88883200
102617967706086,0,0.0,88686592,88883200
102618067949831,0,0.0,88686592,88883200
102618168215816,0,9.97352915600946,88686592,88883200
102618268448616,0,0.0,88686592,88883200
102618368690176,0,9.97591335645651,88686592,88883200
102618468922198,0,0.0,88686592,88883200
102618569127072,0,0.0,88686592,88883200
102618669346558,0,9.978200923098083,88686592,88883200
102618769555710,0,0.0,88686592,88883200
102618869764029,0,9.979338677094072,88686592,88883200
102618969943737,0,0.0,88686592,88883200
102619070143555,0,9.980102170244288,88686592,88883200
102619170335374,0,0.0,88686592,88883200
102619270578211,0,9.97575114300686,88686592,88883200
102619370811419,0,0.0,88686592,88883200
102619471041664,0,0.0,88686592,88883200
102619571265631,0,9.977747327793002,88686592,88883200
102619671464487,0,9.979635655717505,88686592,88883200
102619771848268,0,9.962126882306357,88686592,88883200
102619872094976,0,0.0,88686592,88883200
102619972356332,0,0.0,88686592,88883200
102620072598021,0,0.0,88686592,88883200
102620172866729,0,9.973256512797958,88686592,88883200
102620273072029,0,0.0,88686592,88883200
102620373260182,0,0.0,88686592,88883200
102620473464297,0,9.979641132514688,88686592,88883200
102620573674060,0,9.979159821948862,88686592,88883200
102620673866009,0,0.0,88686592,88883200
102620774039476,0,0.0,88686592,88883200
102620874212684,0,0.0,88686592,88883200
102620974370521,0,9.984207878491086,88686592,88883200
102621074527155,0,0.0,88686592,88883200
102621174699770,0,9.982716524277942,88686592,88883200
102621274850237,0,0.0,88686592,88883200
102621374998093,0,0.0,88686592,88883200
102621475153635,0,0.0,88686592,88883200
102621575290028,0,9.98633489956958,88686592,88883200
102621675442161,0,0.0,88686592,88883200
102621775671073,0,0.0,88686592,88883200
102621875857818,0,9.981421182487702,88686592,88883200
102621976012693,0,0.0,88686592,88883200
102622076181604,0,0.0,88686592,88883200
102622176340812,0,9.984099023824772,88686592,88883200
102622276492576,0,0.0,88686592,88883200
102622376640080,0,9.98526205306971,88686592,88883200
102622476787103,0,0.0,88686592,88883200
102622576916737,0,0.0,88686592,88883200
102622677057111,0,0.0,88686592,88883200
102622777207264,0,9.984931539059497,88686592,88883200
102622877360231,0,0.0,88686592,88883200
102622977493883,0,0.0,88686592,88883200
102623077638943,0,9.985500255338108,88686592,88883200
102623177816707,0,0.0,88686592,88883200
102623277987600,0,0.0,88686592,88883200
102623378126308,0,0.0,88686592,88883200
102623478265868,0,0.0,88686592,88883200
102623578392687,0,9.987332367057558,88686592,88883200
102623678515858,0,9.987718302870435,88686592,88883200
102623778639270,0,0.0,88686592,88883200
102623878796218,0,0.0,88686592,88883200
102623978926778,0,9.98690746369244,88686592,88883200
102624079090098,0,0.0,88686592,88883200
102624179340231,0,0.0,88686592,88883200
102624279540939,0,0.0,88686592,88883200
102624379777925,0,0.0,88686592,88883200
102624479972430,0,9.980605786061224,88686592,88883200
102624580155212,0,0.0,88686592,88883200
102624680327864,0,0.0,88686592,88883200
102624780558220,0,9.976849619392613,88686592,88883200
102624880819614,0,0.0,88686592,88883200
102624981082396,0,9.973820217205917,88686592,88883200
102625081332900,0,0.0,88686592,88883200
102625181582052,0,9.975098762616371,88686592,88883200
102625281831409,0,0.0,88686592,88883200
102625382054432,0,9.977771321590684,88686592,88883200
102625482274214,0,0.0,88686592,88883200
102625582486144,0,0.0,88686592,88883200
102625682707334,0,9.977904031306885,88686592,88883200
102625782946264,0,0.0,88686592,88883200
102625883166805,0,9.978036744553798,88686592,88883200
102625983400106,0,0.0,88686592,88883200
102626083616740,0,9.978346588666763,88686592,88883200
102626183845948,0,0.0,88686592,88883200
102626284010471,0,0.0,88686592,88883200
102626384190587,0,9.981956216799158,88686592,88883200
102626484386758,0,9.980484062821018,88686592,88883200
102626584570410,0,0.0,88686592,88883200
102626684756267,0,0.0,88686592,88883200
102626784991975,0,9.97615290439142,88686592,88883200
102626885407720,0,9.9587059268049,88686592,88883200
102626985715817,0,0.0,88686592,88883200
102627085928007,0,0.0,88686592,88883200
102627186148622,0,9.978064521147747,88686592,88883200
102627286341571,0,0.0,88686592,88883200
102627386583427,0,9.975695814123881,88686592,88883200
102627486873543,0,0.0,88686592,88883200
102627587076936,0,9.979770207828347,88686592,88883200
102627687271904,0,0.0,88686592,88883200
102627787446686,0,0.0,88686592,88883200
102627887624895,0,9.982251557549686,88686592,88883200
102627987799566,0,0.0,88686592,88883200
102628087980200,0,9.981815926459106,88686592,88883200
102628188195075,0,0.0,88686592,88883200
102628288389617,0,0.0,88686592,88883200
102628388557214,0,9.983279404482943,88686592,88883200
102628488732126,0,9.98253565418549,88686592,88883200
102628588897816,0,0.0,88686592,88883200
102628689064357,0,0.0,88686592,88883200
102628789235399,0,0.0,88686592,88883200
102628889403885,0,9.983172364080236,88686592,88883200
102628989581760,0,0.0,88686592,88883200
102629089786191,0,9.9796171297243,88686592,88883200
102629189995880,0,0.0,88686592,88883200
102629290166570,0,9.982978522442309,88686592,88883200
102629390336612,0,0.0,88686592,88883200
102629490522672,0,9.981456151530498,88686592,88883200
102629590710047,0,0.0,88686592,88883200
102629690880292,0,0.0,88686592,88883200
102629791077612,0,9.980240420875644,88686592,88883200
102629891277672,0,9.980024781246886,88686592,88883200
102629991474195,0,0.0,88686592,88883200
102630091659552,0,0.0,88686592,88883200
102630191874371,0,9.978571416084867,88686592,88883200
102630292085339,0,0.0,88686592,88883200
102630392276621,0,0.0,88686592,88883200
102630492461237,0,9.9815945382666,88686592,88883200
102630592685594,0,9.977583264133916,88686592,88883200
102630692871839,0,0.0,88686592,88883200
102630793067011,0,0.0,88686592,88883200
102630893239682,0,0.0,88686592,88883200
102630993414668,0,9.982524592734505,88686592,88883200
102631093585599,0,9.98286042774651,88686592,88883200
102631193780104,0,0.0,88686592,88883200
102631293963497,0,9.981738509431139,88686592,88883200
102631394121854,0,0.0,88686592,88883200
102631494288896,0,0.0,88686592,88883200
102631594485308,0,0.0,88686592,88883200
102631694657554,0,9.982722004457193,88686592,88883200
102631794850503,0,0.0,88686592,88883200
102631895050693,0,9.980089222714579,88686592,88883200
102631995243235,0,0.0,88686592,88883200
102632095433832,0,0.0,88686592,88883200
102632195616300,0,9.98179201469842,88686592,88883200
102632295800305,0,0.0,88686592,88883200
102632396009587,0,9.97907487741995,88686592,88883200
102632496176388,0,0.0,88686592,88883200
102632596349967,0,0.0,88686592,88883200
102632696530139,0,9.981779059884413,88686592,88883200
102632796783736,0,0.0,88686592,88883200
102632897008889,0,0.0,88686592,88883200
102632997217838,0,9.979104453799488,88686592,88883200
102633097430473,0,0.0,88686592,88883200
102633197651793,0,9.977771321590684,88686592,88883200
102633297896371,0,9.975710441672819,88686592,88883200
102633398081321,0,0.0,88686592,88883200
102633498249659,0,9.983212927633758,88686592,88883200
102633598416201,0,0.0,88686592,88883200
102633698684613,0,9.973374281951635,88686592,88883200
102633798916840,0,0.0,88686592,88883200
102633899187178,0,0.0,88686592,88883200
102633999418202,0,9.976919493673593,88686592,88883200
102634099647614,0,9.977109517847198,88686592,88883200
102634199883434,0,0.0,88686592,88883200
102634300128309,0,0.0,88686592,88883200
102634400396240,0,9.973438737438494,88686592,88883200
102634500612060,0,0.0,88686592,88883200
102634600827953,0,9.978418377651428,88686592,88883200
102634701064440,0,0.0,88686592,88883200
102634801297260,0,9.97677944481501,88686592,88883200
102634901532616,0,0.0,88686592,88883200
102635001808806,0,0.0,88686592,88883200
102635102022848,0,0.0,88686592,88883200
102635202262168,0,9.976068011045943,88686592,88883200
102635302508525,0,0.0,88686592,88883200
102635402711826,0,9.979690829760123,88686592,88883200
102635502907498,0,9.980428579960801,88686592,88883200
102635603136262,0,0.0,88686592,88883200
102635703358989,0,0.0,88686592,88883200
102635803595754,0,0.0,88686592,88883200
102635903837018,0,0.0,88686592,88883200
102636004077560,0,9.97597774628787,88686592,88883200
102636104317583,0,9.976121454090315,88686592,88883200
102636204570292,0,0.0,88686592,88883200
102636304807464,0,9.976351855749998,88686592,88883200
102636405047561,0,0.0,88686592,88883200
102636505264103,0,9.978414693056736,88686592,88883200
102636605477386,0,0.0,88686592,88883200
102636705717151,0,0.0,88686592,88883200
102636805937211,0,9.978175037938835,88686592,88883200
102636906162772,0,0.0,88686592,88883200
102637006405407,0,9.975778708479513,88686592,88883200
102637106656875,0,9.974967918581427,88686592,88883200
102637206875602,0,0.0,88686592,88883200
102637307083607,0,0.0,88686592,88883200
102637407294556,0,0.0,88686592,88883200
102637507498487,0,9.979655773085387,88686592,88883200
102637607703085,0,0.0,88686592,88883200
102637707909164,0,0.0,88686592,88883200
102637808159077,0,9.975032294762006,88686592,88883200
102637908449286,0,9.97111278955306,88686592,88883200
102638008658846,0,0.0,88686592,88883200
102638108904314,0,9.975509626160584,88686592,88883200
102638209139190,0,0.0,88686592,88883200
102638309353547,0,0.0,88686592,88883200
102638409571200,0,9.978224720583405,88686592,88883200
102638509792242,0,0.0,88686592,88883200
102638610003062,0,0.0,88686592,88883200
102638710215845,0,9.978685727429166,88686592,88883200
102638810438684,0,9.97777669782763,88686592,88883200
102638910672115,0,0.0,88686592,88883200
102639010888065,0,9.978429428555318,88686592,88883200
102639111127088,0,0.0,88686592,88883200
102639211363594,0,9.976394255414615,88686592,88883200
102639311583154,0,0.0,88686592,88883200
102639411791697,0,0.0,88686592,88883200
102639512015239,0,9.977690184716831,88686592,88883200
102639612215800,0,0.0,88686592,88883200
102639712411490,0,0.0,88686592,88883200
102639812655255,0,9.975747361907173,88686592,88883200
102639912891593,0,9.97641445965144,88686592,88883200
102640013106191,0,0.0,88686592,88883200
102640113307678,0,0.0,88686592,88883200
102640213511127,0,0.0,88686592,88883200
102640313732836,0,9.977902039251484,88686592,88883200
102640413959379,0,9.977350915160365,88686592,88883200
102640514166476,0,0.0,88686592,88883200
102640614358556,0,0.0,88686592,88883200
102640714561320,0,0.0,88686592,88883200
102640814784326,0,9.97775828014598,88686592,88883200
102640915000164,0,0.0,88686592,88883200
102641015206818,0,9.97932742418913,88686592,88883200
102641115448101,0,9.975988791786515,88686592,88883200
102641215732106,0,0.0,88686592,88883200
102641315945649,0,0.0,88686592,88883200
102641416177691,0,9.976829213507168,88686592,88883200
102641516382363,0,0.0,88686592,88883200
102641616635553,0,9.97474126127177,88686592,88883200
102641716837540,0,0.0,88686592,88883200
102641817064509,0,0.0,88686592,88883200
102641917293847,0,9.977111209738865,88686592,88883200
102642017527353,0,0.0,88686592,88883200
102642117740099,0,9.978761304675247,88686592,88883200
102642217949493,0,0.0,88686592,88883200
102642318155887,0,0.0,88686592,88883200
102642418345893,0,9.981029954756128,88686592,88883200
102642518535509,0,0.0,88686592,88883200
102642618717015,0,9.98186574541213,88686592,88883200
102642718900391,0,0.0,88686592,88883200
102642819105933,0,9.97944175140615,88686592,88883200
102642919320031,0,0.0,88686592,88883200
102643019543259,0,0.0,88686592,88883200
102643119786153,0,9.975767563523897,88686592,88883200
102643220046381,0,9.974094583555553,88686592,88883200
102643320246627,0,0.0,88686592,88883200
102643420453688,0,0.0,88686592,88883200
102643520659767,0,9.979463960667683,88686592,88883200
102643620858828,0,0.0,88686592,88883200
102643721099982,0,9.975907683899733,88686592,88883200
102643821323413,0,0.0,88686592,88883200
102643921531456,0,9.979253729520247,88686592,88883200
102644021729702,0,0.0,88686592,88883200
102644121937208,0,0.0,88686592,88883200
102644222197361,0,0.0,88686592,88883200
102644322447070,0,9.975126324483762,88686592,88883200
102644422684372,0,0.0,88686592,88883200
102644522904915,0,19.955929525153312,88686592,88883200
102644623132994,0,0.0,88686592,88883200
102644723354889,0,0.0,88686592,88883200
102644823586116,0,0.0,88686592,88883200
102644923833455,0,9.975369515518556,88686592,88883200
102645024084350,0,9.974964136627976,88686592,88883200
102645124317448,0,0.0,88686592,88883200
102645224544694,0,0.0,88686592,88883200
102645324795403,0,0.0,88686592,88883200
102645425008872,0,9.978720777289487,88686592,88883200
102645525221489,0,0.0,88686592,88883200
102645625439216,0,9.978208192004255,88686592,88883200
102645725668092,0,9.977210752789532,88686592,88883200
102645825899654,0,0.0,88686592,88883200
102645926121326,0,0.0,88686592,88883200
102646026345757,0,0.0,88686592,88883200
102646126582504,0,9.97639972865463,88686592,88883200
102646226800639,0,0.0,88686592,88883200
102646327019700,0,0.0,88686592,88883200
102646427230595,0,19.958035238298358,88686592,88883200
102646527436952,0,0.0,88686592,88883200
102646627646272,0,0.0,88686592,88883200
102646727863241,0,0.0,88686592,88883200
102646828098395,0,9.976499258956999,88686592,88883200
102646928333901,0,0.0,88686592,88883200
102647028574462,0,0.0,88686592,88883200
102647128821467,0,19.950724304563188,88686592,88883200
102647229046232,0,0.0,88686592,88883200
102647329265886,0,0.0,88686592,88883200
102647429469725,0,0.0,88686592,88883200
102647529703249,0,9.976679810430902,88686592,88883200
102647629935033,0,9.976827321823432,88686592,88883200
102647730157964,0,0.0,88686592,88883200
102647830408859,0,0.0,88686592,88883200
102647930648642,0,0.0,88686592,88883200
102648030871611,0,9.977703026060283,88686592,88883200
102648131108061,0,0.0,88686592,88883200
102648231340197,0,9.97683100379791,88686592,88883200
102648331568999,0,0.0,88686592,88883200
102648431797004,0,9.977262317679918,88686592,88883200
102648532024066,0,0.0,88686592,88883200
102648632260831,0,9.976466114798157,88686592,88883200
102648732485670,0,0.0,88686592,88883200
102648832699768,0,9.978621104125297,88686592,88883200
102648932925663,0,0.0,88686592,88883200
102649033148391,0,0.0,88686592,88883200
102649133392526,0,9.975697504087991,88686592,88883200
102649233635162,0,0.0,88686592,88883200
102649333847630,0,9.978834990623225,88686592,88883200
102649434076581,0,0.0,88686592,88883200
102649534286920,0,0.0,88686592,88883200
102649634504092,0,9.97822292689339,88686592,88883200
102649734762505,0,0.0,88686592,88883200
102649834995419,0,9.976760930872695,88686592,88883200
102649935235239,0,9.976060546849276,88686592,88883200
102650035467004,0,0.0,88686592,88883200
102650135700177,0,0.0,88686592,88883200
102650235909609,0,0.0,88686592,88883200
102650336151429,0,9.975854143222676,88686592,88883200
102650436411787,0,9.973996891949806,88686592,88883200
102650536661441,0,0.0,88686592,88883200
102650636907613,0,0.0,88686592,88883200
102650737155990,0,9.975199956757024,88686592,88883200
102650837385607,0,0.0,88686592,88883200
102650937617353,0,0.0,88686592,88883200
102651037851341,0,9.9766338249977,88686592,88883200
102651138093217,0,9.975843098022198,88686592,88883200
102651238330519,0,0.0,88686592,88883200
102651338545025,0,0.0,88686592,88883200
102651438768216,0,9.977791432891145,88686592,88883200
102651538966500,0,0.0,88686592,88883200
102651639143561,0,9.982302973000152,88686592,88883200
102651739340956,0,9.980251478715445,88686592,88883200
102651839609481,0,0.0,88686592,88883200
102651939833912,0,0.0,88686592,88883200
102652040075733,0,0.0,88686592,88883200
102652140293665,0,9.978268926976243,88686592,88883200
102652240479634,0,9.981415502216073,88686592,88883200
102652340678455,0,0.0,88686592,88883200
102652440864535,0,0.0,88686592,88883200
102652541057819,0,0.0,88686592,88883200
102652641251102,0,9.980716357704178,88686592,88883200
102652741449016,0,9.98017020003949,88686592,88883200
102652841676133,0,0.0,88686592,88883200
102652941899546,0,0.0,88686592,88883200
102653042114015,0,9.978503111050083,88686592,88883200
102653142378892,0,9.973707611059737,88686592,88883200
102653242609009,0,0.0,88686592,88883200
102653342817441,0,0.0,88686592,88883200
102653443019447,0,9.979823490539552,88686592,88883200
102653543231416,0,0.0,88686592,88883200
102653643434440,0,0.0,88686592,88883200
102653743634595,0,9.979910240660923,88686592,88883200
102653843877304,0,9.975839415328695,88686592,88883200
102653944103551,0,0.0,88686592,88883200
102654044306705,0,0.0,88686592,88883200
102654144533600,0,9.977400589597538,88686592,88883200
102654244741162,0,0.0,88686592,88883200
102654344953001,0,0.0,88686592,88883200
102654445162100,0,9.979178046273129,88686592,88883200
102654545365254,0,9.979768215027722,88686592,88883200
102654645552946,0,0.0,88686592,88883200
102654745746989,0,0.0,88686592,88883200
102654845966051,0,0.0,88686592,88883200
102654946233371,0,9.973348321953956,88686592,88883200
102655046498915,0,0.0,88686592,88883200
102655146721273,0,9.977717660944956,88686592,88883200
102655246958223,0,0.0,88686592,88883200
102655347177044,0,0.0,88686592,88883200
102655447409661,0,9.97679407699135,88686592,88883200
102655547692797,0,0.0,88686592,88883200
102655647915025,0,9.977819009641065,88686592,88883200
102655748180569,0,9.973512344799184,88686592,88883200
102655848410371,0,0.0,88686592,88883200
102655948649711,0,9.976154497477879,88686592,88883200
102656048872717,0,0.0,88686592,88883200
102656149102130,0,0.0,88686592,88883200
102656249323859,0,0.0,88686592,88883200
102656349599957,0,9.972484617913228,88686592,88883200
102656449817038,0,9.978315026007554,88686592,88883200
102656550052229,0,0.0,88686592,88883200
102656650282995,0,9.976934126259405,88686592,88883200
102656750500908,0,0.0,88686592,88883200
102656850728303,0,0.0,88686592,88883200
102656950964717,0,0.0,88686592,88883200
102657051207149,0,9.975866981288744,88686592,88883200
102657151486507,0,0.0,88686592,88883200
102657251697921,0,9.978877409948195,88686592,88883200
102657351909186,0,0.0,88686592,88883200
102657452142822,0,0.0,88686592,88883200
102657552377680,0,9.976587643008855,88686592,88883200
102657652599409,0,0.0,88686592,88883200
102657752828711,0,9.977087219116294,88686592,88883200
102657853064644,0,9.976504733761475,88686592,88883200
102657953307576,0,0.0,88686592,88883200
102658053568489,0,0.0,88686592,88883200
102658153800125,0,9.976917603404546,88686592,88883200
102658254037613,0,0.0,88686592,88883200
102658354267101,0,9.977144258234405,88686592,88883200
102658454468589,0,0.0,88686592,88883200
102658554691817,0,0.0,88686592,88883200
102658654904731,0,9.978733622734843,88686592,88883200
102658755185774,0,9.971933892408211,88686592,88883200
102658855432910,0,0.0,88686592,88883200
102658955675435,0,9.975837524021173,88686592,88883200
102659055891016,0,0.0,88686592,88883200
102659156141263,0,9.975117070571462,88686592,88883200
102659256365195,0,0.0,88686592,88883200
102659356585979,0,0.0,88686592,88883200
102659456799393,0,0.0,88686592,88883200
102659557015881,0,9.978455119430514,88686592,88883200
102659657222017,0,9.979393749307306,88686592,88883200
102659757440319,0,0.0,88686592,88883200
102659857666178,0,0.0,88686592,88883200
102659957896943,0,9.977042924693722,88686592,88883200
102660058121098,0,0.0,88686592,88883200
102660158336215,0,0.0,88686592,88883200
102660258568611,0,9.976928551039089,88686592,88883200
102660358824024,0,0.0,88686592,88883200
102660459029698,0,9.979467544591333,88686592,88883200
102660559239482,0,0.0,88686592,88883200
102660659438859,0,9.980068805023432,88686592,88883200
102660759649495,0,0.0,88686592,88883200
102660859928242,0,0.0,88686592,88883200
102660960156008,0,9.977302833220687,88686592,88883200
102661060371477,0,0.0,88686592,88883200
102661160586576,0,0.0,88686592,88883200
102661260785971,0,9.980105657516509,88686592,88883200
102661361008589,0,9.977767438997184,88686592,88883200
102661461235447,0,0.0,88686592,88883200
102661561471472,0,0.0,88686592,88883200
102661661677275,0,9.979441651411241,88686592,88883200
102661761896763,0,0.0,88686592,88883200
102661862139548,0,9.975760099777263,88686592,88883200
102661962370758,0,0.0,88686592,88883200
102662062599579,0,0.0,88686592,88883200
102662162821771,0,9.977863212439578,88686592,88883200
102662263027722,0,0.0,88686592,88883200
102662363240265,0,9.97880362483977,88686592,88883200
102662463469050,0,9.977144258234405,88686592,88883200
102662563678797,0,0.0,88686592,88883200
102662663894044,0,9.97852511617906,88686592,88883200
102662764116180,0,0.0,88686592,88883200
102662864332798,0,0.0,88686592,88883200
102662964557286,0,9.97762358236215,88686592,88883200
102663064779441,0,0.0,88686592,88883200
102663164998855,0,0.0,88686592,88883200
102663265197602,0,0.0,88686592,88883200
102663365403498,0,19.958887088170343,88686592,88883200
102663465600171,0,0.0,88686592,88883200
102663565807881,0,9.979297846487887,88686592,88883200
102663666015666,0,0.0,88686592,88883200
102663766233635,0,0.0,88686592,88883200
102663866476420,0,0.0,88686592,88883200
102663966713871,0,9.976403311826923,88686592,88883200
102664066973803,0,9.974011515964479,88686592,88883200
102664167199328,0,0.0,88686592,88883200
102664267410928,0,0.0,88686592,88883200
102664367636786,0,9.977490880105496,88686592,88883200
102664467854589,0,0.0,88686592,88883200
102664568059429,0,0.0,88686592,88883200
102664668256621,0,9.980310444123008,88686592,88883200
102664768478091,0,0.0,88686592,88883200
102664868704875,0,9.977433738517139,88686592,88883200
102664968929660,0,0.0,88686592,88883200
102665069142777,0,0.0,88686592,88883200
102665169395858,0,9.974658182908897,88686592,88883200
102665269620050,0,0.0,88686592,88883200
102665369842242,0,9.977817217546978,88686592,88883200
102665470052971,0,0.0,88686592,88883200
102665570273126,0,9.978040228935278,88686592,88883200
102665670485984,0,0.0,88686592,88883200
102665770708343,0,9.9778042744961,88686592,88883200
102665870958239,0,0.0,88686592,88883200
102665971205838,0,0.0,88686592,88883200
102666071415548,0,9.979008258028022,88686592,88883200
102666171653592,0,0.0,88686592,88883200
102666271869654,0,9.978425546898993,88686592,88883200
102666372096754,0,0.0,88686592,88883200
102666472309612,0,0.0,88686592,88883200
102666572521878,0,9.978847934897487,88686592,88883200
102666672730052,0,0.0,88686592,88883200
102666772949633,0,9.978001501013948,88686592,88883200
102666873187936,0,0.0,88686592,88883200
102666973465313,0,9.972449513439575,88686592,88883200
102667073710672,0,0.0,88686592,88883200
102667173923882,0,9.978768574398782,88686592,88883200
102667274148370,0,9.977546130393808,88686592,88883200
102667374367840,0,0.0,88686592,88883200
102667474568828,0,0.0,88686592,88883200
102667574788095,0,0.0,88686592,88883200
102667674993287,0,9.979456391391851,88686592,88883200
102667775221386,0,0.0,88686592,88883200
102667875452948,0,9.9768456361246,88686592,88883200
102667975682807,0,9.977146050087649,88686592,88883200
102668075899777,0,0.0,88686592,88883200
102668176152173,0,0.0,88686592,88883200
102668276356994,0,9.979526502186067,88686592,88883200
102668376574557,0,0.0,88686592,88883200
102668476778323,0,0.0,88686592,88883200
102668576982015,0,0.0,88686592,88883200
102668677166337,0,19.963129697073576,88686592,88883200
102668777372455,0,0.0,88686592,88883200
102668877587869,0,0.0,88686592,88883200
102668977812654,0,9.977564548740045,88686592,88883200
102669078025790,0,0.0,88686592,88883200
102669178247427,0,0.0,88686592,88883200
102669278427471,0,0.0,88686592,88883200
102669378653626,0,9.977448472567714,88686592,88883200
102669478857300,0,9.979618725366173,88686592,88883200
102669579085881,0,0.0,88686592,88883200
102669679290332,0,9.979567036117704,88686592,88883200
102669779509672,0,0.0,88686592,88883200
102669879759605,0,0.0,88686592,88883200
102669979981260,0,9.977983081053583,88686592,88883200
102670080175841,0,0.0,88686592,88883200
102670180440145,0,0.0,88686592,88883200
102670280682948,0,9.975855934611666,88686592,88883200
102670380906325,0,0.0,88686592,88883200
102670481113129,0,9.979356803526704,88686592,88883200
102670581310543,0,0.0,88686592,88883200
102670681490143,0,0.0,88686592,88883200
102670781693613,0,9.97968505435654,88686592,88883200
102670881911323,0,0.0,88686592,88883200
102670982130127,0,9.978080750793286,88686592,88883200
102671082363189,0,9.976834587280006,88686592,88883200
102671182589733,0,0.0,88686592,88883200
102671282787444,0,0.0,88686592,88883200
102671382998859,0,9.978969521144585,88686592,88883200
102671483192847,0,0.0,88686592,88883200
102671583394410,0,9.979952572019833,88686592,88883200
102671683579435,0,0.0,88686592,88883200
102671783783313,0,0.0,88686592,88883200
102671884061487,0,9.972169569280107,88686592,88883200
102671984289623,0,0.0,88686592,88883200
102672084513408,0,9.977610639814513,88686592,88883200
102672184790193,0,0.0,88686592,88883200
102672284979089,0,9.981146014246825,88686592,88883200
102672385174948,0,0.0,88686592,88883200
102672485404733,0,0.0,88686592,88883200
102672585609073,0,9.979692422526547,88686592,88883200
102672685794877,0,9.981452266070086,88686592,88883200
102672786013995,0,0.0,88686592,88883200
102672886227539,0,0.0,88686592,88883200
102672986437935,0,0.0,88686592,88883200
102673086682979,0,9.975500171704335,88686592,88883200
102673186891431,0,9.979303324363473,88686592,88883200
102673287069179,0,0.0,88686592,88883200
102673387246334,0,0.0,88686592,88883200
102673487453971,0,9.979325431565337,88686592,88883200
102673587657700,0,0.0,88686592,88883200
102673687849356,0,9.980896963274906,88686592,88883200
102673788027215,0,0.0,88686592,88883200
102673888235240,0,0.0,88686592,88883200
102673988450248,0,9.978569425211491,88686592,88883200
102674088674218,0,0.0,88686592,88883200
102674188881688,0,0.0,88686592,88883200
102674289079177,0,19.960524670208073,88686592,88883200
102674389310110,0,0.0,88686592,88883200
102674489550969,0,0.0,88686592,88883200
102674589841365,0,0.0,88686592,88883200
102674690051187,0,0.0,88686592,88883200
102674790281416,0,9.976937809762088,88686592,88883200
102674890519887,0,0.0,88686592,88883200
102674990784468,0,19.947543941946737,88686592,88883200
102675091044920,0,0.0,88686592,88883200
102675191275908,0,0.0,88686592,88883200
102675291526564,0,0.0,88686592,88883200
102675391755182,0,9.977216128422846,88686592,88883200
102675491981689,0,0.0,88686592,88883200
102675592225160,0,0.0,88686592,88883200
102675692451371,0,9.977429956142283,88686592,88883200
102675792663748,0,9.978668898830755,88686592,88883200
102675892922459,0,0.0,88686592,88883200
102675993138374,0,9.978480807538356,88686592,88883200
102676093353215,0,0.0,88686592,88883200
102676193570796,0,9.97830935071959,88686592,88883200
102676293785822,0,0.0,88686592,88883200
102676394004496,0,0.0,88686592,88883200
102676494209059,0,9.97957809101523,88686592,88883200
102676594403344,0,0.0,88686592,88883200
102676694610629,0,0.0,88686592,88883200
102676794822692,0,9.978700265216261,88686592,88883200
102676895061199,0,9.976102844108894,88686592,88883200
102676995310577,0,0.0,88686592,88883200
102677095502473,0,0.0,88686592,88883200
102677195808017,0,9.96957365752109,88686592,88883200
102677296011080,0,0.0,88686592,88883200
102677396236977,0,9.97730462513089,88686592,88883200
102677496480262,0,0.0,88686592,88883200
102677596712436,0,0.0,88686592,88883200
102677696940091,0,9.977253061251773,88686592,88883200
102677797202969,0,0.0,88686592,88883200
102677897454643,0,9.974945431058876,88686592,88883200
102677997693725,0,0.0,88686592,88883200
102678097911991,0,0.0,88686592,88883200
102678198159277,0,9.97543200717629,88686592,88883200
102678298452932,0,9.970746229676779,88686592,88883200
102678398674495,0,0.0,88686592,88883200
102678498906928,0,9.976786611707702,88686592,88883200
102678599167954,0,0.0,88686592,88883200
102678699385054,0,9.97830755844936,88686592,88883200
102678799607080,0,0.0,88686592,88883200
102678899865310,0,0.0,88686592,88883200
102679000109040,0,0.0,88686592,88883200
102679100331880,0,9.977783866153162,88686592,88883200
102679200574795,0,9.975750844689909,88686592,88883200
102679300799469,0,0.0,88686592,88883200
102679401024718,0,0.0,88686592,88883200
102679501246799,0,9.977830059217418,88686592,88883200
102679601470029,0,0.0,88686592,88883200
102679701699518,0,9.97707049585779,88686592,88883200
102679801930785,0,0.0,88686592,88883200
102679902165792,0,9.976552508194546,88686592,88883200
102680002416966,0,0.0,88686592,88883200
102680102634344,0,9.97830935071959,88686592,88883200
102680202878926,0,0.0,88686592,88883200
102680303118452,0,0.0,88686592,88883200
102680403348404,0,0.0,88686592,88883200
102680503610652,0,9.973854737817566,88686592,88883200
102680603847623,0,9.976412468191656,88686592,88883200
102680704086130,0,0.0,88686592,88883200
102680804324619,0,0.0,88686592,88883200
102680904564368,0,0.0,88686592,88883200
102681004800264,0,9.976500852154077,88686592,88883200
102681105027031,0,9.977343249135874,88686592,88883200
102681205249575,0,9.977804174533118,88686592,88883200
102681305489213,0,0.0,88686592,88883200
102681405715739,0,0.0,88686592,88883200
102681505954968,0,0.0,88686592,88883200
102681606189328,0,9.97664457502678,88686592,88883200
102681706481021,0,9.970880642010714,88686592,88883200
102681806705621,0,0.0,88686592,88883200
102681906965980,0,0.0,88686592,88883200
102682007221044,0,9.974599084472874,88686592,88883200
102682107512273,0,0.0,88686592,88883200
102682207747448,0,9.976545141762676,88686592,88883200
102682307974122,0,0.0,88686592,88883200
102682408195981,0,9.977938777228216,88686592,88883200
102682508436989,0,0.0,88686592,88883200
102682608665200,0,0.0,88686592,88883200
102682708887245,0,0.0,88686592,88883200
102682809114216,0,0.0,88686592,88883200
102682909353242,0,9.97616723638772,88686592,88883200
102683009591120,0,0.0,88686592,88883200
102683109860146,0,9.973270934896817,88686592,88883200
102683210105987,0,9.975500073234699,88686592,88883200
102683310339180,0,0.0,88686592,88883200
102683410578151,0,9.976264970512855,88686592,88883200
102683510795307,0,0.0,88686592,88883200
102683611008611,0,0.0,88686592,88883200
102683711216007,0,9.979271954187512,88686592,88883200
102683811432941,0,9.978276096009056,88686592,88883200
102683911678486,0,0.0,88686592,88883200
102684011901308,0,0.0,88686592,88883200
102684112132742,0,9.976862160190437,88686592,88883200
102684212357046,0,0.0,88686592,88883200
102684312577591,0,0.0,88686592,88883200
102684412801709,0,9.97767325951532,88686592,88883200
102684513019106,0,9.97832777043571,88686592,88883200
102684613233447,0,0.0,88686592,88883200
102684713442362,0,0.0,88686592,88883200
102684813688018,0,0.0,88686592,88883200
102684913923971,0,9.976484229349388,88686592,88883200
102685014207238,0,9.971786525680873,88686592,88883200
102685114418708,0,0.0,88686592,88883200
102685214644235,0,0.0,88686592,88883200
102685314884798,0,9.976012478793832,88686592,88883200
102685415115621,0,0.0,88686592,88883200
102685515330703,0,9.978510280419407,88686592,88883200
102685615545247,0,0.0,88686592,88883200
102685715765515,0,9.978030969614855,88686592,88883200
102685815983985,0,0.0,88686592,88883200
102685916225215,0,9.976006906052627,88686592,88883200
102686016442223,0,0.0,88686592,88883200
102686116656046,0,0.0,88686592,88883200
102686216870109,0,9.97863932503298,88686592,88883200
102686317082654,0,0.0,88686592,88883200
102686417299551,0,0.0,88686592,88883200
102686517506300,0,0.0,88686592,88883200
102686617707511,0,19.95985334974587,88686592,88883200
102686717900427,0,0.0,88686592,88883200
102686818109305,0,0.0,88686592,88883200
102686918372665,0,9.973773761615076,88686592,88883200
102687018703172,0,0.0,88686592,88883200
102687118925458,0,0.0,88686592,88883200
102687219146336,0,9.977962671979189,88686592,88883200
102687319380159,0,0.0,88686592,88883200
102687419659759,0,9.972171359346929,88686592,88883200
102687519863527,0,9.979705271923772,88686592,88883200
102687620057572,0,0.0,88686592,88883200
102687720239024,0,0.0,88686592,88883200
102687820481588,0,0.0,88686592,88883200
102687920704281,0,9.977940469400256,88686592,88883200
102688020911289,0,9.979190792905902,88686592,88883200
102688121165797,0,0.0,88686592,88883200
102688221346990,0,0.0,88686592,88883200
102688321538831,0,0.0,88686592,88883200
102688421776543,0,9.976379126188064,88686592,88883200
102688521985569,0,9.979120685380382,88686592,88883200
102688622216614,0,0.0,88686592,88883200
102688722434733,0,9.97829093107236,88686592,88883200
102688822654482,0,0.0,88686592,88883200
102688922908583,0,0.0,88686592,88883200
102689023100387,0,9.980819360454458,88686592,88883200
102689123320877,0,0.0,88686592,88883200
102689223528607,0,0.0,88686592,88883200
102689323744430,0,9.978458604102425,88686592,88883200
102689423960808,0,9.978427337763573,88686592,88883200
102689524176353,0,0.0,88686592,88883200
102689624378639,0,0.0,88686592,88883200
102689724582351,0,0.0,88686592,88883200
102689824861025,0,9.972294671463017,88686592,88883200
102689925081256,0,0.0,88686592,88883200
102690025289653,0,9.97924795462168,88686592,88883200
102690125504179,0,0.0,88686592,88883200
102690225711576,0,0.0,88686592,88883200
102690325952232,0,9.976126630138946,88686592,88883200
102690426172926,0,9.9780014010479,88686592,88883200
102690526380675,0,0.0,88686592,88883200
102690626577460,0,0.0,88686592,88883200
102690726779024,0,9.979745905861119,88686592,88883200
102690827010143,0,0.0,88686592,88883200
102690927249948,0,9.976150614693866,88686592,88883200
102691027520141,0,0.0,88686592,88883200
102691127719779,0,9.980125776779335,88686592,88883200
102691227921991,0,0.0,88686592,88883200
102691328152758,0,9.977013260585816,88686592,88883200
102691428353840,0,0.0,88686592,88883200
102691528548737,0,0.0,88686592,88883200
102691628735949,0,9.981310096510963,88686592,88883200
102691728925680,0,0.0,88686592,88883200
102691829150003,0,9.977534981487826,88686592,88883200
102691929389937,0,0.0,88686592,88883200
102692029628852,0,0.0,88686592,88883200
102692129837638,0,9.979179640325013,88686592,88883200
102692230058869,0,9.977859428291227,88686592,88883200
102692330300006,0,0.0,88686592,88883200
102692430511200,0,0.0,88686592,88883200
102692530712930,0,9.979854665624348,88686592,88883200
102692630921531,0,0.0,88686592,88883200
102692731135928,0,0.0,88686592,88883200
102692831395621,0,9.9741476073478,88686592,88883200
102692931611574,0,0.0,88686592,88883200
102693031826749,0,9.978453127154173,88686592,88883200
102693132093572,0,0.0,88686592,88883200
102693232304710,0,0.0,88686592,88883200
102693332517514,0,9.978757321329619,88686592,88883200
102693432733837,0,9.9784457579153,88686592,88883200
102693532954883,0,0.0,88686592,88883200
102693633144817,0,9.981053664259335,88686592,88883200
102693733341399,0,0.0,88686592,88883200
102693833571926,0,0.0,88686592,88883200
102693933786249,0,0.0,88686592,88883200
102694033990369,0,9.979605679091286,88686592,88883200
102694134199099,0,9.979179638876762,88686592,88883200
102694234414126,0,0.0,88686592,88883200
102694334624671,0,0.0,88686592,88883200
102694434841124,0,9.978399657676041,88686592,88883200
102694535065966,0,0.0,88686592,88883200
102694635289141,0,0.0,88686592,88883200
102694735509742,0,9.977923943212897,88686592,88883200
102694835739694,0,9.977090604333608,88686592,88883200
102694935974073,0,0.0,88686592,88883200
102695036232285,0,0.0,88686592,88883200
102695136470645,0,9.976309059610267,88686592,88883200
102695236684802,0,0.0,88686592,88883200
102695336957884,0,9.972880348694103,88686592,88883200
102695437170948,0,0.0,88686592,88883200
102695537373271,0,0.0,88686592,88883200
102695637569817,0,9.98041353706099,88686592,88883200
102695737767195,0,0.0,88686592,88883200
102695837998556,0,0.0,88686592,88883200
102695938210008,0,9.978943630547926,88686592,88883200
102696038471683,0,0.0,88686592,88883200
102696138680710,0,9.979170377441543,88686592,88883200
102696238889422,0,0.0,88686592,88883200
102696339101801,0,9.978856898680066,88686592,88883200
102696439366180,0,9.973604257097174,88686592,88883200
102696539566096,0,0.0,88686592,88883200
102696639784826,0,0.0,88686592,88883200
102696739999539,0,0.0,88686592,88883200
102696840321084,0,9.968945836627524,88686592,88883200
102696940554389,0,0.0,88686592,88883200
102697040824527,0,9.97317495142916,88686592,88883200
102697141027257,0,9.979797496957826,88686592,88883200
102697241221081,0,0.0,88686592,88883200
102697341425848,0,9.979546619113878,88686592,88883200
102697441672357,0,0.0,88686592,88883200
102697541855106,0,9.981684607475513,88686592,88883200
102697642081633,0,0.0,88686592,88883200
102697742320086,0,0.0,88686592,88883200
102697842586131,0,0.0,88686592,88883200
102697942823214,0,9.97649159569042,88686592,88883200
102698043026519,0,9.979489453976521,88686592,88883200
102698143270212,0,0.0,88686592,88883200
102698243484499,0,0.0,88686592,88883200
102698343696952,0,9.978665114071257,88686592,88883200
102698443923053,0,0.0,88686592,88883200
102698544144524,0,0.0,88686592,88883200
102698644351996,0,9.979297647951238,88686592,88883200
102698744564060,0,0.0,88686592,88883200
102698844805291,0,9.976023425890308,88686592,88883200
102698945031892,0,9.977450066067089,88686592,88883200
102699045230122,0,0.0,88686592,88883200
102699145427501,0,9.98024201526695,88686592,88883200
102699245646436,0,0.0,88686592,88883200
102699345856500,0,0.0,88686592,88883200
102699446062842,0,0.0,88686592,88883200
102699546269350,0,9.979314278683507,88686592,88883200
102699646472285,0,9.979836140266888,88686592,88883200
102699746674831,0,0.0,88686592,88883200
102699846911635,0,0.0,88686592,88883200
102699947128052,0,0.0,88686592,88883200
102700047320708,0,0.0,88686592,88883200
102700147509347,0,9.981046292628571,88686592,88883200
102700247745114,0,9.976517373628592,88686592,88883200
102700347970938,0,0.0,88686592,88883200
102700448188317,0,0.0,88686592,88883200
102700548376622,0,9.981208578300599,88686592,88883200
102700648572427,0,0.0,88686592,88883200
102700748804509,0,9.976779146436998,88686592,88883200
102700849043481,0,0.0,88686592,88883200
102700949259045,0,0.0,88686592,88883200
102701049489498,0,19.953952664858406,88686592,88883200
102701149735377,0,0.0,88686592,88883200
102701249960534,0,0.0,88686592,88883200
102701350193487,0,0.0,88686592,88883200
102701450427329,0,9.976758840780096,88686592,88883200
102701550622375,0,9.980527790597371,88686592,88883200
102701650824976,0,0.0,88686592,88883200
102701751039633,0,0.0,88686592,88883200
102701851301734,0,9.973908157150944,88686592,88883200
102701951561984,0,0.0,88686592,88883200
102702051799603,0,0.0,88686592,88883200
102702152014260,0,0.0,88686592,88883200
102702252223713,0,19.958222648132597,88686592,88883200
102702352439852,0,0.0,88686592,88883200
102702452642120,0,0.0,88686592,88883200
102702552832240,0,0.0,88686592,88883200
102702653037841,0,9.979494932062465,88686592,88883200
102702753245776,0,0.0,88686592,88883200
102702853479062,0,0.0,88686592,88883200
102702953693589,0,9.978661332210834,88686592,88883200
102703053894913,0,9.979769809268157,88686592,88883200
102703154125163,0,0.0,88686592,88883200
102703254322708,0,0.0,88686592,88883200
102703354525939,0,9.979681268824406,88686592,88883200
102703454726504,0,0.0,88686592,88883200
102703554907457,0,0.0,88686592,88883200
102703655092558,0,9.981435528174416,88686592,88883200
102703755330845,0,0.0,88686592,88883200
102703855562261,0,9.976987380139247,88686592,88883200
102703955776548,0,9.978668798851333,88686592,88883200
102704055963964,0,0.0,88686592,88883200
102704156154343,0,0.0,88686592,88883200
102704256419056,0,0.0,88686592,88883200
102704356629250,0,9.979067111657738,88686592,88883200
102704456846110,0,0.0,88686592,88883200
102704557089138,0,9.975706462210649,88686592,88883200
102704657285609,0,9.980459557343742,88686592,88883200
102704757503563,0,0.0,88686592,88883200
102704857740998,0,0.0,88686592,88883200
102704958035877,0,9.97071849236641,88686592,88883200
102705058248071,0,0.0,88686592,88883200
102705158443006,0,9.980503883558299,88686592,88883200
102705258669700,0,0.0,88686592,88883200
102705358943690,0,9.972736631497654,88686592,88883200
102705459132884,0,0.0,88686592,88883200
102705559329282,0,0.0,88686592,88883200
102705659521087,0,0.0,88686592,88883200
102705759700966,0,19.963878357053122,88686592,88883200
102705859933420,0,0.0,88686592,88883200
102705960163021,0,0.0,88686592,88883200
102706060381363,0,9.978220736217738,88686592,88883200
102706160584132,0,0.0,88686592,88883200
102706260783881,0,0.0,88686592,88883200
102706360986242,0,0.0,88686592,88883200
102706461181751,0,19.96102609490145,88686592,88883200
102706561379093,0,0.0,88686592,88883200
102706661567917,0,0.0,88686592,88883200
102706761764056,0,0.0,88686592,88883200
102706861989009,0,9.97763811850281,88686592,88883200
102706962206055,0,9.978312933814864,88686592,88883200
102707062448601,0,0.0,88686592,88883200
102707162691295,0,9.97582060655259,88686592,88883200
102707262896823,0,0.0,88686592,88883200
102707363097980,0,0.0,88686592,88883200
102707463314433,0,0.0,88686592,88883200
102707563508590,0,9.98065140948722,88686592,88883200
102707663696007,0,0.0,88686592,88883200
102707763881257,0,0.0,88686592,88883200
102707864115951,0,19.953266853375972,88686592,88883200
102707964331423,0,0.0,88686592,88883200
102708064529950,0,0.0,88686592,88883200
102708164751107,0,0.0,88686592,88883200
102708264951061,0,9.980064820634759,88686592,88883200
102708365162533,0,9.978890057276386,88686592,88883200
102708465369468,0,0.0,88686592,88883200
102708565565514,0,0.0,88686592,88883200
102708665759782,0,0.0,88686592,88883200
102708765945903,0,9.981263869769267,88686592,88883200
102708866186949,0,0.0,88686592,88883200
102708966397976,0,9.978967530111907,88686592,88883200
102709066651245,0,0.0,88686592,88883200
102709166839031,0,9.98123069539445,88686592,88883200
102709267052615,0,0.0,88686592,88883200
102709367255031,0,0.0,88686592,88883200
102709467457448,0,9.979810245174011,88686592,88883200
102709567653883,0,9.980409753876051,88686592,88883200
102709667846225,0,0.0,88686592,88883200
102709768045512,0,0.0,88686592,88883200
102709868277280,0,9.976913621531613,88686592,88883200
102709968492030,0,0.0,88686592,88883200
102710068675632,0,9.981688293035164,88686592,88883200
102710168862308,0,0.0,88686592,88883200
102710269076909,0,0.0,88686592,88883200
102710369286937,0,9.97898405975727,88686592,88883200
102710469537761,0,0.0,88686592,88883200
102710569722715,0,9.981531372047755,88686592,88883200
102710669943631,0,9.977822493869592,88686592,88883200
102710770188918,0,0.0,88686592,88883200
102710870447798,0,0.0,88686592,88883200
102710970699677,0,9.97488085619153,88686592,88883200
102711070937983,0,0.0,88686592,88883200
102711171179325,0,9.97595157143568,88686592,88883200
102711271412334,0,0.0,88686592,88883200
102711371645121,0,9.976683193922456,88686592,88883200
102711471965612,0,0.0,88686592,88883200
102711572199325,0,0.0,88686592,88883200
102711672415871,0,9.978351567077631,88686592,88883200
102711772634880,0,0.0,88686592,88883200
102711872873815,0,9.975920123851733,88686592,88883200
102711973252732,0,0.0,88686592,88883200
102712073523296,0,0.0,88686592,88883200
102712173766009,0,9.975789258269671,88686592,88883200
102712274044833,0,9.97219144807946,88686592,88883200
102712374288102,0,0.0,88686592,88883200
102712474552481,0,9.97360962884489,88686592,88883200
102712574824713,0,0.0,88686592,88883200
102712675023055,0,0.0,88686592,88883200
102712775282954,0,9.97397072893888,88686592,88883200
102712875492944,0,0.0,88686592,88883200
102712975682046,0,9.981132863949606,88686592,88883200
102713075882926,0,9.979911734940632,88686592,88883200
102713176118731,0,0.0,88686592,88883200
102713276311296,0,0.0,88686592,88883200
102713376484250,0,0.0,88686592,88883200
102713476649426,0,9.983524388510103,88686592,88883200
102713576813565,0,0.0,88686592,88883200
102713676971704,0,0.0,88686592,88883200
102713777131269,0,9.983930563571056,88686592,88883200
102713877336575,0,9.979585261930229,88686592,88883200
102713977517843,0,0.0,88686592,88883200
102714077680834,0,0.0,88686592,88883200
102714177884621,0,9.979662744110685,88686592,88883200
102714278082279,0,0.0,88686592,88883200
102714378312621,0,0.0,88686592,88883200
102714478522408,0,9.97912237940245,88686592,88883200
102714578695825,0,0.0,88686592,88883200
102714678850483,0,9.984593274013406,88686592,88883200
102714779029622,0,0.0,88686592,88883200
102714879238390,0,0.0,88686592,88883200
102714979484492,0,9.975466835798395,88686592,88883200
102715079706354,0,0.0,88686592,88883200
102715179893826,0,9.981365389104374,88686592,88883200
102715280084169,0,9.98093541504848,88686592,88883200
102715380282826,0,0.0,88686592,88883200
102715480453539,0,0.0,88686592,88883200
102715580626845,0,0.0,88686592,88883200
102715680790614,0,9.983651770103508,88686592,88883200
102715780981031,0,9.98082105360457,88686592,88883200
102715881194096,0,0.0,88686592,88883200
102715981383364,0,0.0,88686592,88883200
102716081587041,0,9.979732760702262,88686592,88883200
102716181758328,0,0.0,88686592,88883200
102716281925152,0,0.0,88686592,88883200
102716382114236,0,9.981145715606683,88686592,88883200
102716482281875,0,9.983299237774942,88686592,88883200
102716582448995,0,0.0,88686592,88883200
102716682608394,0,0.0,88686592,88883200
102716782787737,0,9.98190589816704,88686592,88883200
102716883000579,0,0.0,88686592,88883200
102716983208330,0,9.979306709635624,88686592,88883200
102717083403191,0,0.0,88686592,88883200
102717183570626,0,0.0,88686592,88883200
102717283736469,0,9.983374886373364,88686592,88883200
102717383930275,0,9.980643938429845,88686592,88883200
102717484130766,0,0.0,88686592,88883200
102717584302498,0,0.0,88686592,88883200
102717684462581,0,9.984035627178272,88686592,88883200
102717784630610,0,0.0,88686592,88883200
102717884840675,0,0.0,88686592,88883200
102717985010814,0,0.0,88686592,88883200
102718085188897,0,9.98213656709571,88686592,88883200
102718185411259,0,0.0,88686592,88883200
102718285588694,0,9.98223252448348,88686592,88883200
102718385777630,0,9.981162352499224,88686592,88883200
102718485958436,0,0.0,88686592,88883200
102718586120205,0,0.0,88686592,88883200
102718686284733,0,9.983478241332648,88686592,88883200
102718786482094,0,0.0,88686592,88883200
102718886685474,0,9.979874783875218,88686592,88883200
102718986860836,0,0.0,88686592,88883200
102719087023919,0,9.983686754777418,88686592,88883200
102719187196614,0,0.0,88686592,88883200
102719287384827,0,0.0,88686592,88883200
102719387572800,0,0.0,88686592,88883200
102719487736884,0,9.983627748017133,88686592,88883200
102719587898208,0,9.983895378468794,88686592,88883200
102719688071014,0,0.0,88686592,88883200
102719788235635,0,0.0,88686592,88883200
102719888440052,0,9.979721704011881,88686592,88883200
102719988614728,0,0.0,88686592,88883200
102720088771534,0,9.984349431402398,88686592,88883200
102720188934711,0,0.0,88686592,88883200
102720289100998,0,0.0,88686592,88883200
102720389289359,0,0.0,88686592,88883200
102720489452369,0,9.983742175238028,88686592,88883200
102720589611934,0,0.0,88686592,88883200
102720689772203,0,9.983996949889901,88686592,88883200
102720789938658,0,9.983238242858,88686592,88883200
102720890141649,0,0.0,88686592,88883200
102720990318399,0,0.0,88686592,88883200
102721090502668,0,0.0,88686592,88883200
102721190672882,0,9.983048185295065,88686592,88883200
102721290837391,0,9.983502262700444,88686592,88883200
102721391020234,0,0.0,88686592,88883200
102721491181522,0,0.0,88686592,88883200
102721591338532,0,0.0,88686592,88883200
102721691500393,0,19.967547144150643,88686592,88883200
102721791694959,0,0.0,88686592,88883200
102721891901635,0,0.0,88686592,88883200
102721992111978,0,9.979111325514532,88686592,88883200
102722092285877,0,0.0,88686592,88883200
102722192474072,0,0.0,88686592,88883200
102722292648452,0,9.982584981478743,88686592,88883200
102722392832591,0,0.0,88686592,88883200
102722493018231,0,9.981474184169961,88686592,88883200
102722593202537,0,0.0,88686592,88883200
102722693387843,0,9.981531372047755,88686592,88883200
102722793587853,0,0.0,88686592,88883200
102722893789548,0,0.0,88686592,88883200
102722993964391,0,9.98256644598347,88686592,88883200
102723094138715,0,0.0,88686592,88883200
102723194347114,0,9.979280917281827,88686592,88883200
102723294529939,0,0.0,88686592,88883200
102723394746022,0,0.0,88686592,88883200
102723494915680,0,0.0,88686592,88883200
102723595077931,0,9.983779054865677,88686592,88883200
102723695244015,0,9.983443159494433,88686592,88883200
102723795413395,0,0.0,88686592,88883200
102723895615350,0,0.0,88686592,88883200
102723995794008,0,9.982025765337818,88686592,88883200
102724096049332,0,0.0,88686592,88883200
102724196241138,0,9.98080083296496,88686592,88883200
102724296519722,0,0.0,88686592,88883200
102724396772176,0,0.0,88686592,88883200
102724496979520,0,9.979356503544432,88686592,88883200
102724597181122,0,9.979839725908082,88686592,88883200
102724697377391,0,0.0,88686592,88883200
102724797559105,0,0.0,88686592,88883200
102724897785911,0,9.977040733086765,88686592,88883200
102724998172699,0,9.961716525438035,88686592,88883200
102725098431819,0,0.0,88686592,88883200
102725198737922,0,0.0,88686592,88883200
102725299015284,0,9.972272494101325,88686592,88883200
102725399319256,0,0.0,88686592,88883200
102725499583970,0,9.97334981427018,88686592,88883200
102725600017850,0,0.0,88686592,88883200
102725700302841,0,0.0,88686592,88883200
102725800589388,0,9.971458494726303,88686592,88883200
102725900867972,0,0.0,88686592,88883200
102726001131390,0,9.973755160392964,88686592,88883200
102726101455825,0,0.0,88686592,88883200
102726201727854,0,9.972979607605778,88686592,88883200
102726302020901,0,0.0,88686592,88883200
102726402372299,0,9.964962990910522,88686592,88883200
102726502683050,0,9.969048794701159,88686592,88883200
102726602979449,0,0.0,88686592,88883200
102726703264977,0,0.0,88686592,88883200
102726803560635,0,0.0,88686592,88883200
102726903847997,0,19.942666630269244,88686592,88883200
102727004139692,0,0.0,88686592,88883200
102727104434646,0,9.970607844126429,88686592,88883200
102727204718490,0,0.0,88686592,88883200
102727305005740,0,0.0,88686592,88883200
102727405298306,0,0.0,88686592,88883200
102727505581760,0,9.971880196134704,88686592,88883200
102727605839030,0,9.974348269579131,88686592,88883200
102727706092336,0,0.0,88686592,88883200
102727806320161,0,0.0,88686592,88883200
102727906533986,0,9.978484292229094,88686592,88883200
102728006803366,0,0.0,88686592,88883200
102728107065820,0,9.97387672100113,88686592,88883200
102728207313534,0,0.0,88686592,88883200
102728307547340,0,0.0,88686592,88883200
102728407765350,0,9.97834051489642,88686592,88883200
102728507977305,0,9.978823538886484,88686592,88883200
102728608199130,0,0.0,88686592,88883200
102728708391640,0,9.980782304094642,88686592,88883200
102728808596687,0,0.0,88686592,88883200
102728908826253,0,0.0,88686592,88883200
102729009034837,0,9.97922923153529,88686592,88883200
102729109262365,0,0.0,88686592,88883200
102729209482301,0,9.978202118402836,88686592,88883200
102729309672774,0,0.0,88686592,88883200
102729409878599,0,0.0,88686592,88883200
102729510073702,0,9.980557175553647,88686592,88883200
102729610261675,0,0.0,88686592,88883200
102729710449463,0,9.981252712554227,88686592,88883200
102729810638399,0,0.0,88686592,88883200
102729910849872,0,0.0,88686592,88883200
102730011061956,0,9.978830908683364,88686592,88883200
102730111320244,0,9.974125423190658,88686592,88883200
102730211579069,0,0.0,88686592,88883200
102730311835394,0,9.974449649733021,88686592,88883200
102730412100349,0,0.0,88686592,88883200
102730512382211,0,0.0,88686592,88883200
102730612618776,0,0.0,88686592,88883200
102730712856009,0,9.976284974361821,88686592,88883200
102730813087000,0,0.0,88686592,88883200
102730913329603,0,9.975864791647448,88686592,88883200
102731013578595,0,0.0,88686592,88883200
102731113850809,0,0.0,88686592,88883200
102731214110967,0,9.974073790832177,88686592,88883200
102731314366218,0,9.974547250310469,88686592,88883200
102731414611932,0,0.0,88686592,88883200
102731514908108,0,9.97044769243206,88686592,88883200
102731615143952,0,0.0,88686592,88883200
102731715373629,0,0.0,88686592,88883200
102731815626269,0,9.974718677765676,88686592,88883200
102731915877427,0,0.0,88686592,88883200
102732016139122,0,0.0,88686592,88883200
102732116382929,0,9.975744972474047,88686592,88883200
102732216640717,0,9.974223017423027,88686592,88883200
102732316868949,0,0.0,88686592,88883200
102732417097885,0,0.0,88686592,88883200
102732517326951,0,0.0,88686592,88883200
102732617557258,0,9.977031475622137,88686592,88883200
102732717782157,0,0.0,88686592,88883200
102732818005389,0,9.977685903792276,88686592,88883200
102732918276937,0,0.0,88686592,88883200
102733018523391,0,9.97536722762862,88686592,88883200
102733118774198,0,9.975070502992578,88686592,88883200
102733219017986,0,0.0,88686592,88883200
102733319252237,0,0.0,88686592,88883200
102733419485877,0,9.976699717449327,88686592,88883200
102733519720535,0,0.0,88686592,88883200
102733619949953,0,9.97712365269264,88686592,88883200
102733720205389,0,0.0,88686592,88883200
102733820459326,0,0.0,88686592,88883200
102733920775799,0,9.968491195283205,88686592,88883200
102734021008105,0,0.0,88686592,88883200
102734121243523,0,9.97651170038443,88686592,88883200
102734221485978,0,0.0,88686592,88883200
102734321796395,0,0.0,88686592,88883200
102734422059776,0,9.973727506219616,88686592,88883200
102734522310990,0,0.0,88686592,88883200
102734622562519,0,9.974926724113798,88686592,88883200
102734722800918,0,9.97621869055931,88686592,88883200
102734823039336,0,0.0,88686592,88883200
102734923297624,0,0.0,88686592,88883200
102735023555949,0,0.0,88686592,88883200
102735123797978,0,9.97595883706501,88686592,88883200
102735224025655,0,9.977191840340682,88686592,88883200
102735324274851,0,0.0,88686592,88883200
102735424516824,0,0.0,88686592,88883200
102735524751723,0,9.976563258048385,88686592,88883200
102735624986067,0,0.0,88686592,88883200
102735725212652,0,0.0,88686592,88883200
102735825443014,0,9.977005695028051,88686592,88883200
102735925685543,0,9.975774430644073,88686592,88883200
102736025922998,0,0.0,88686592,88883200
102736126149341,0,0.0,88686592,88883200
102736226382389,0,0.0,88686592,88883200
102736326627881,0,9.975501764580558,88686592,88883200
102736426855854,0,0.0,88702976,88883200
102736527098865,0,9.97575054781979,88719360,88883200
102736627339375,0,9.976012179014361,88719360,88883200
102736727582460,0,0.0,88735744,88883200
102736827816192,0,0.0,88768512,88883200
102736928029462,0,9.978690806156534,90423296,89309184
102737028300565,0,9.973010838368555,90423296,89309184
102737128551409,0,9.974921252488127,90423296,89309184
102737228810975,0,0.0,90423296,89309184
102737329054819,0,9.975684069830418,90423296,89309184
102737429314496,0,0.0,90423296,89309184
102737529550043,0,9.976450788378612,90439680,89309184
102737629822739,0,0.0,90439680,89309184
102737730061712,0,0.0,90439680,89309184
102737830354889,0,9.970751398702859,90439680,89309184
102737930599493,0,9.975630731393357,90439680,89309184
102738030859392,0,0.0,90439680,89309184
102738131122162,0,9.973871050758948,90439680,89309184
102738231381672,0,0.0,90439680,89309184
102738331629553,0,9.97528244756798,90439680,89309184
102738431875175,0,9.975269511089724,90439680,89309184
102738532200167,0,9.967672246747613,90439680,89309184
102738632526362,0,0.0,90439680,89309184
102738732799743,0,9.972640658314019,90439680,89309184
102738833098476,0,0.0,90456064,89309184
102738933333468,0,9.976749385403318,90456064,89309184
102739033516015,0,0.0,90456064,89309184
102739133689582,0,0.0,90456064,89309184
102739233846314,0,0.0,90456064,89309184
102739334087325,0,9.976108018690411,90456064,89309184
102739434274095,0,9.981407632774381,90472448,89309184
102739534437920,0,0.0,90472448,89309184
102739634573616,0,0.0,90472448,89309184
102739734698849,0,9.987499744596821,90472448,89309184
102739834867860,0,0.0,90472448,89309184
102739935015074,0,9.9853334424769,90472448,89309184
102740035150177,0,0.0,90472448,89309184
102740135313021,0,0.0,90472448,89309184
102740235499699,0,9.98148325125916,90472448,89309184
102740335652876,0,0.0,90472448,89309184
102740435848479,0,0.0,90472448,89309184
102740535995286,0,9.985337130732468,90472448,89309184
102740636138575,0,0.0,90472448,89309184
102740736306252,0,9.98330282590507,90472448,89309184
102740836443652,0,0.0,90472448,89309184
102740936608977,0,0.0,90472448,89309184
102741036755377,0,9.985362955852402,90472448,89309184
102741136909295,0,0.0,90472448,89309184
102741237042139,0,9.986753570056127,90472448,89309184
102741337198909,0,0.0,90472448,89309184
102741437359161,0,0.0,90472448,89309184
102741537492894,0,0.0,90472448,89309184
102741637636404,0,9.98572490753481,90472448,89309184
102741737765563,0,0.0,90472448,89309184
102741837910759,0,9.985481111215924,90472448,89309184
102741938096363,0,0.0,90472448,89309184
102742038273040,0,0.0,90472448,89309184
102742138420921,0,9.985239318884682,90472448,89309184
102742238572117,0,0.0,90472448,89309184
102742338788072,0,9.978545030562252,90488832,89309184
102742438947435,0,0.0,90488832,89309184
102742539082890,0,9.986409993368621,90488832,89309184
102742639252086,0,0.0,90488832,89309184
102742739400856,0,0.0,90488832,89309184
102742839549571,0,0.0,90488832,89309184
102742939717211,0,9.983018585533834,90488832,89309184
102743039959111,0,0.0,90488832,89309184
102743140184807,0,19.95518006758994,90488832,89309184
102743240392688,0,0.0,90488832,89309184
102743340580014,0,0.0,90488832,89309184
102743440747691,0,9.983337809583826,90488832,89309184
102743540901220,0,0.0,90488832,89309184
102743641082861,0,0.0,90488832,89309184
102743741249094,0,9.983241830944284,90488832,89309184
102743841519049,0,0.0,90488832,89309184
102743941786912,0,0.0,90488832,89309184
102744042038849,0,19.949842504978026,90488832,89309184
102744142258896,0,0.0,90488832,89309184
102744242498778,0,0.0,90488832,89309184
102744342791548,0,9.97098155093212,90488832,89309184
102744443065169,0,0.0,90488832,89309184
102744543279588,0,9.978550507613164,90488832,89309184
102744643497173,0,9.978312735317404,90488832,89309184
102744743720498,0,0.0,90488832,89309184
102744843939250,0,9.978109922852626,90488832,89309184
102744944197038,0,0.0,90488832,89309184
102745044443975,0,0.0,90488832,89309184
102745144663412,0,9.977984474790537,90488832,89309184
102745244911867,0,0.0,90488832,89309184
102745345126823,0,9.97854692289654,90488832,89309184
102745445356778,0,9.977088514102878,90488832,89309184
102745545573770,0,0.0,90488832,89309184
102745645828652,0,0.0,90488832,89309184
102745746065792,0,9.976371563042091,90488832,89309184
102745846288377,0,0.0,90488832,89309184
102745946511758,0,9.97774483888863,90488832,89309184
102746046733954,0,0.0,90488832,89309184
102746146944002,0,9.979018913187392,90488832,89309184
102746247154124,0,9.97905406537595,90488832,89309184
102746347388006,0,9.976653533402043,90488832,89309184
102746447591128,0,0.0,90488832,89309184
102746547798768,0,0.0,90488832,89309184
102746648011946,0,0.0,90488832,89309184
102746748220253,0,19.95830709731597,90488832,89309184
102746848434746,0,0.0,90488832,89309184
102746948672423,0,9.976220382148863,90488832,89309184
102747048909564,0,0.0,90488832,89309184
102747149137686,0,0.0,90488832,89309184
102747249359345,0,9.977923744730026,90488832,89309184
102747349579449,0,0.0,90488832,89309184
102747449795015,0,9.978473139780137,90488832,89309184
102747550045100,0,9.975092592890597,90488832,89309184
102747650259130,0,0.0,90488832,89309184
102747750445696,0,0.0,90488832,89309184
102747850656559,0,9.978935962075738,90488832,89309184
102747950893903,0,9.976369671531012,90488832,89309184
102748051119433,0,9.977449866155322,90488832,89309184
102748151387944,0,0.0,90488832,89309184
102748251633307,0,0.0,90488832,89309184
102748351856892,0,9.97771716403617,90488832,89309184
102748452076921,0,9.978080452338316,90488832,89309184
102748552283562,0,0.0,90488832,89309184
102748652511777,0,0.0,90488832,89309184
102748752772066,0,9.974101348482053,90488832,89309184
102748853009836,0,9.976176192458386,90488832,89309184
102748953262810,0,0.0,90488832,89309184
102749053514154,0,0.0,90488832,89309184
102749153748295,0,0.0,90488832,89309184
102749253993047,0,9.975555101638486,90488832,89309184
102749354254928,0,9.973915318473168,90488832,89309184
102749454500476,0,0.0,90488832,89309184
102749554733154,0,9.976795470395276,90488832,89309184
102749654956517,0,0.0,90488832,89309184
102749755166435,0,0.0,90488832,89309184
102749855388965,0,19.95541959176859,90488832,89309184
102749955645198,0,9.974464273627635,90488832,89309184
102750055890543,0,0.0,90488832,89309184
102750156137146,0,0.0,90488832,89309184
102750256393898,0,0.0,90488832,89309184
102750356643761,0,9.975068613424543,90488832,89309184
102750456873679,0,9.977094088051667,90488832,89309184
102750557093709,0,0.0,90488832,89309184
102750657331628,0,9.976349368991851,90488832,89309184
102750757570583,0,0.0,90488832,89309184
102750857789057,0,0.0,90488832,89309184
102750958037272,0,9.975276774279346,90488832,89309184
102751058269728,0,0.0,90488832,89309184
102751158492683,0,19.955375191758865,90505216,89309184
102751258747528,0,0.0,90505216,89309184
102751358964113,0,9.978379046948467,90505216,89309184
102751459185439,0,0.0,90505216,89309184
102751559414432,0,0.0,90505216,89309184
102751659631832,0,9.978303476940988,90505216,89309184
102751759855491,0,9.977527215223933,90505216,89309184
102751860130669,0,0.0,90505216,89309184
102751960389532,0,0.0,90505216,89309184
102752060699173,0,9.969223611227063,90505216,89309184
102752160931369,0,9.976819358221329,90505216,89309184
102752261157288,0,0.0,90505216,89309184
102752361372225,0,9.978521133022879,90505216,89309184
102752461696180,0,0.0,90505216,89309184
102752561909543,0,9.978705442491794,90505216,89309184
102752662122277,0,9.978755130418428,90505216,89309184
102752762342251,0,0.0,90505216,89309184
102752862625614,0,0.0,90505216,89309184
102752962873996,0,19.95047255038319,90505216,89309184
102753063174414,0,0.0,90505216,89309184
102753163429777,0,0.0,90505216,89309184
102753263640677,0,9.979015229599604,90505216,89309184
102753363829355,0,0.0,90505216,89309184
102753464042978,0,9.978716495478762,90505216,89309184
102753564278545,0,0.0,90505216,89309184
102753664557519,0,9.972215115612004,90505216,89309184
102753764803123,0,0.0,90505216,89309184
102753865054578,0,9.974985727970216,90505216,89309184
102753965289275,0,0.0,90505216,89309184
102754065519360,0,0.0,90505216,89309184
102754165747260,0,9.97725813707632,90505216,89309184
102754265992012,0,9.975531119948704,90505216,89309184
102754366248801,0,0.0,90505216,89309184
102754466558276,0,9.96918117414506,90505216,89309184
102754566785583,0,9.977346633078326,90505216,89309184
102754667023132,0,0.0,90505216,89309184
102754767252513,0,9.97698718024602,90505216,89309184
102754867493580,0,9.975908878656897,90521600,89309184
102754967769666,0,0.0,90521600,89309184
102755068016214,0,0.0,90521600,89309184
102755168271466,0,9.974537897573233,90521600,89309184
102755268515255,0,0.0,90521600,89309184
102755368727285,0,0.0,90521600,89309184
102755468938426,0,9.978900810721008,90521600,89309184
102755569188196,0,9.975101746846867,90521600,89309184
102755669413263,0,0.0,90521600,89309184
102755769621312,0,9.979138711032265,90521600,89309184
102755869859008,0,9.976386292505623,90521600,89309184
102755970075649,0,0.0,90521600,89309184
102756070293976,0,0.0,90521600,89309184
102756170507580,0,9.97864091891276,90521600,89309184
102756270717091,0,0.0,90521600,89309184
102756370914639,0,9.980226874369656,90521600,89309184
102756471132429,0,0.0,90521600,89309184
102756571326440,0,0.0,90521600,89309184
102756671532896,0,19.958897247171468,90521600,89309184
102756771761426,0,9.977090305934325,90521600,89309184
102756871999715,0,0.0,90521600,89309184
102756972243060,0,0.0,90521600,89309184
102757072506368,0,0.0,90521600,89309184
102757172716786,0,9.978987544801281,90521600,89309184
102757272968483,0,0.0,90521600,89309184
102757373193161,0,19.954966030804712,90521600,89309184
102757473450321,0,0.0,90521600,89309184
102757573682202,0,0.0,90521600,89309184
102757673906288,0,9.977676545169908,90521600,89309184
102757774129448,0,0.0,90521600,89309184
102757874361941,0,9.97677516467281,90521600,89309184
102757974589767,0,9.977274662507703,90537984,89309184
102758074859889,0,0.0,90537984,89309184
102758175109882,0,9.97515149880127,90537984,89309184
102758275349727,0,0.0,90537984,89309184
102758375583961,0,9.976666373528346,90537984,89309184
102758475873139,0,0.0,90537984,89309184
102758576120854,0,9.9752252313575,90537984,89309184
102758676429903,0,9.969219835074448,90537984,89309184
102758776666507,0,0.0,90537984,89309184
102758876923111,0,0.0,90537984,89309184
102758977212381,0,9.971152757461526,90537984,89309184
102759077449523,0,0.0,90537984,89309184
102759177681460,0,9.976767799362339,90537984,89309184
102759277943657,0,9.97393551411814,90537984,89309184
102759378193631,0,0.0,90537984,89309184
102759478431161,0,0.0,90537984,89309184
102759578657377,0,9.977413031822728,90537984,89309184
102759678885073,0,0.0,90537984,89309184
102759779114511,0,19.953970579903537,90537984,89309184
102759879415411,0,0.0,90537984,89309184
102759979658145,0,0.0,90537984,89309184
102760079896897,0,0.0,90537984,89309184
102760180145835,0,9.975149609206094,90537984,89309184
102760280393328,0,9.97534125580557,90537984,89309184
102760380632710,0,0.0,90537984,89309184
102760480900147,0,9.973375476101612,90537984,89309184
102760581147677,0,0.0,90537984,89309184
102760681385856,0,0.0,90537984,89309184
102760781614497,0,9.977160384936765,90537984,89309184
102760881863842,0,0.0,90537984,89309184
102760982149501,0,9.971585368924254,90537984,89309184
102761082414180,0,9.973541291844418,90537984,89309184
102761182686191,0,9.972988659266958,90537984,89309184
102761282912907,0,0.0,90537984,89309184
102761383133085,0,0.0,90537984,89309184
102761483408633,0,9.972447125586015,90537984,89309184
102761583636053,0,0.0,90537984,89309184
102761683865138,0,9.97711797875981,90537984,89309184
102761784124761,0,9.973812061536373,90537984,89309184
102761884439458,0,9.968697094775292,90537984,89309184
102761984785414,0,0.0,90537984,89309184
102762088056238,0,9.683014888066854,90537984,89309184
102762188375212,0,9.96842113823792,90537984,89309184
102762288649150,0,0.0,90537984,89309184
102762388890865,0,9.975774330721759,90537984,89309184
102762489186266,0,0.0,90537984,89309184
102762589436129,0,9.975166226115618,90537984,89309184
102762689679567,0,9.97571720879141,90537984,89309184
102762789912523,0,0.0,90537984,89309184
102762890142590,0,9.977116086969229,90537984,89309184
102762990358806,0,0.0,90537984,89309184
102763090649206,0,0.0,90537984,89309184
102763190861588,0,9.978865759592855,90537984,89309184
102763291051007,0,0.0,90537984,89309184
102763391237593,0,9.981278415070774,90537984,89309184
102763491442309,0,0.0,90537984,89309184
102763591630246,0,0.0,90537984,89309184
102763691804203,0,9.982665999307724,90537984,89309184
102763791989751,0,0.0,90537984,89309184
102763892175245,0,9.981461034459567,90537984,89309184
102763992371201,0,0.0,90537984,89309184
102764092538842,0,9.983252793914431,90537984,89309184
102764192758095,0,0.0,90537984,89309184
102764293002496,0,0.0,90537984,89309184
102764393243211,0,9.976058158712577,90537984,89309184
102764493441538,0,0.0,90537984,89309184
102764593631698,0,0.0,90537984,89309184
102764693805432,0,0.0,90537984,89309184
102764793982369,0,19.964590004212063,90537984,89309184
102764894182733,0,0.0,90537984,89309184
102764994376060,0,0.0,90537984,89309184
102765094553960,0,0.0,90537984,89309184
102765194727824,0,9.982649355955568,90537984,89309184
102765294915243,0,0.0,90537984,89309184
102765395100551,0,9.981425963893656,90537984,89309184
102765495308063,0,0.0,90537984,89309184
102765595529501,0,0.0,90537984,89309184
102765695711643,0,9.981854086631607,90537984,89309184
102765795880562,0,0.0,90537984,89309184
102765896071870,0,0.0,90537984,89309184
102765996254975,0,19.963471836986848,90537984,89309184
102766096465338,0,0.0,90537984,89309184
102766196678628,0,0.0,90537984,89309184
102766296874992,0,0.0,90537984,89309184
102766397049263,0,9.982597638209372,90537984,89309184
102766497237404,0,0.0,90537984,89309184
102766597424898,0,9.981272836440331,90537984,89309184
102766697623873,0,0.0,90537984,89309184
102766797789366,0,9.98348352364678,90537984,89309184
102766897979100,0,0.0,90537984,89309184
102766998217334,0,0.0,90537984,89309184
102767098439957,0,0.0,90537984,89309184
102767198649525,0,9.979011444572954,90537984,89309184
102767298904555,0,19.949492275262855,90537984,89309184
102767399092419,0,0.0,90537984,89309184
102767499314801,0,0.0,90537984,89309184
102767599508258,0,9.980651109427995,90537984,89309184
102767699705807,0,0.0,90537984,89309184
102767799902874,0,0.0,90537984,89309184
102767900161034,0,9.974272560827805,90537984,89309184
102768000397046,0,9.97643784887339,90537984,89309184
102768100623891,0,0.0,90537984,89309184
102768200855070,0,9.976966775247242,90537984,89309184
102768301065841,0,0.0,90537984,89309184
102768401237742,0,9.982758279071842,90537984,89309184
102768501438865,0,0.0,90537984,89309184
102768601673896,0,9.976598094572115,90537984,89309184
102768701882500,0,0.0,90537984,89309184
102768802077512,0,0.0,90537984,89309184
102768902286228,0,9.979033551930728,90537984,89309184
102769002532629,0,0.0,90537984,89309184
102769102755752,0,9.977702329232843,90537984,89309184
102769203012190,0,9.974361005324251,90537984,89309184
102769303263331,0,9.975002244428671,90537984,89309184
102769403498325,0,0.0,90537984,89309184
102769503717040,0,0.0,90537984,89309184
102769603911145,0,9.980573711915309,90537984,89309184
102769704144898,0,9.976657116756652,90537984,89309184
102769804390928,0,0.0,90537984,89309184
102769904614922,0,0.0,90537984,89309184
102770004855101,0,9.976072788775939,90537984,89309184
102770105081927,0,0.0,90537984,89309184
102770205268810,0,9.980774731368305,90537984,89309184
102770305688081,0,9.958642752649862,90537984,89309184
102770405925408,0,9.976386194019378,90537984,89309184
102770506182383,0,0.0,90537984,89309184
102770606436154,0,9.97483080867442,90537984,89309184
102770706650000,0,0.0,90537984,89309184
102770806905178,0,9.974419901148746,90537984,89309184
102770907152338,0,0.0,90537984,89309184
102771007375165,0,0.0,90537984,89309184
102771107556807,0,9.981791215804725,90537984,89309184
102771207761671,0,0.0,90537984,89309184
102771307984702,0,0.0,90537984,89309184
102771408281732,0,9.970419858414166,90537984,89309184
102771508558152,0,9.972528178658251,90537984,89309184
102771608798738,0,0.0,90537984,89309184
102771708998991,0,0.0,90537984,89309184
102771809187966,0,9.980944381132078,90537984,89309184
102771909507959,0,0.0,90537984,89309184
102772009755138,0,9.975278566909873,90537984,89309184
102772110039502,0,0.0,90537984,89309184
102772210291922,0,0.0,90537984,89309184
102772310508989,0,9.978456413322403,90537984,89309184
102772410719538,0,9.978851022806886,90537984,89309184
102772510938347,0,0.0,90537984,89309184
102772611123989,0,0.0,90537984,89309184
102772711300853,0,9.982363260458769,90537984,89309184
102772811487254,0,9.981363198497563,90537984,89309184
102772911671192,0,0.0,90537984,89309184
102773011865037,0,0.0,90537984,89309184
102773112093827,0,9.977283819020716,90537984,89309184
102773212275006,0,0.0,90537984,89309184
102773312431370,0,0.0,90537984,89309184
102773412609716,0,9.982127101521927,90537984,89309184
102773512832747,0,0.0,90537984,89309184
102773613012870,0,9.982047786004472,90537984,89309184
102773713177030,0,0.0,90537984,89309184
102773813370320,0,0.0,90537984,89309184
102773913551481,0,0.0,90537984,89309184
102774013720660,0,9.98300174377039,90537984,89309184
102774113940376,0,9.978150345305899,90537984,89309184
102774214126906,0,0.0,90537984,89309184
102774314310752,0,9.98167135571945,90537984,89309184
102774414485523,0,0.0,90537984,89309184
102774514697647,0,0.0,90537984,89309184
102774614858215,0,9.983917307299572,90537984,89309184
102774715075375,0,0.0,90537984,89309184
102774815257906,0,0.0,90537984,89309184
102774915461344,0,0.0,90537984,89309184
102775015659023,0,9.980243409635037,90537984,89309184
102775115842072,0,9.98173033935511,90537984,89309184
102775216025251,0,0.0,90537984,89309184
102775316240801,0,9.97830148617497,90537984,89309184
102775416548702,0,0.0,90537984,89309184
102775516858177,0,0.0,90537984,89309184
102775617120337,0,0.0,90537984,89309184
102775717394646,0,9.972690186002163,90537984,89309184
102775817624103,0,9.977162176794028,90537984,89309184
102775917855522,0,0.0,90537984,89309184
102776018092035,0,9.976209234759844,90537984,89309184
102776118381695,0,0.0,90537984,89309184
102776218684615,0,19.939875095630278,90537984,89309184
102776318925775,0,0.0,90537984,89309184
102776419155769,0,0.0,90537984,89309184
102776519379633,0,9.97779631078303,90537984,89309184
102776619591608,0,9.978762498667017,90537984,89309184
102776719811195,0,0.0,90537984,89309184
102776819999300,0,0.0,90537984,89309184
102776920232108,0,9.978382631544475,90537984,89309184
102777020451084,0,0.0,90537984,89309184
102777120691966,0,9.976122548965408,90537984,89309184
102777220969868,0,0.0,90537984,89309184
102777321189139,0,19.956422356195482,90537984,89309184
102777421370744,0,0.0,90537984,89309184
102777521609516,0,0.0,90537984,89309184
102777621813732,0,0.0,90537984,89309184
102777722019559,0,9.979435576309035,90537984,89309184
102777822235275,0,9.978432416228369,90537984,89309184
102777922465251,0,9.977062633267664,90537984,89309184
102778022704856,0,0.0,90537984,89309184
102778122993664,0,0.0,90537984,89309184
102778223189325,0,0.0,90537984,89309184
102778323419985,0,19.954117902240892,90537984,89309184
102778423639331,0,0.0,90537984,89309184
102778523852788,0,0.0,90537984,89309184
102778624046912,0,9.98045736713452,90537984,89309184
102778724280776,0,0.0,90537984,89309184
102778824462807,0,9.981684208761513,90537984,89309184
102778924682412,0,9.978045207040894,90537984,89309184
102779025146313,0,0.0,90537984,89309184
102779125370233,0,0.0,90537984,89309184
102779225556931,0,9.981282001746656,90537984,89309184
102779325779943,0,9.977858931367434,90537984,89309184
102779425980678,0,0.0,90537984,89309184
102779526187116,0,0.0,90537984,89309184
102779626377740,0,9.98086498438255,90537984,89309184
102779726603826,0,9.97755479196204,90537984,89309184
102779826793172,0,9.980997877883903,90537984,89309184
102779927030222,0,0.0,90537984,89309184
102780027266808,0,0.0,90537984,89309184
102780127503135,0,9.976559376395445,90537984,89309184
102780227690537,0,9.981167632361169,90537984,89309184
102780327943809,0,0.0,90537984,89309184
102780428194432,0,9.975024235566789,90537984,89309184
102780528431685,0,0.0,90537984,89309184
102780628624679,0,9.980632681133246,90537984,89309184
102780728848803,0,0.0,90537984,89309184
102780829076834,0,9.977134502278364,90537984,89309184
102780929407661,0,0.0,90537984,89309184
102781029630841,0,9.977670970568518,90537984,89309184
102781129876298,0,0.0,90537984,89309184
102781230117736,0,0.0,90537984,89309184
102781330375230,0,9.974512029969047,90537984,89309184
102781430562650,0,9.981167632361169,90537984,89309184
102781530811459,0,9.975190006229765,90537984,89309184
102781631035971,0,0.0,90537984,89309184
102781731262169,0,9.977458924484266,90537984,89309184
102781831490996,0,0.0,90537984,89309184
102781931717620,0,0.0,90537984,89309184
102782031973892,0,9.974500986294316,90537984,89309184
102782132231016,0,0.0,90537984,89309184
102782232489843,0,19.948478663141795,90537984,89309184
102782332745430,0,0.0,90537984,89309184
102782432958016,0,0.0,90537984,89309184
102782533158844,0,0.0,90537984,89309184
102782633385208,0,19.954733485334504,90537984,89309184
102782733667350,0,0.0,90537984,89309184
102782833926937,0,0.0,90537984,89309184
102782934143616,0,9.978325479741482,90537984,89309184
102783034376722,0,0.0,90537984,89309184
102783134683086,0,9.969534399402285,90537984,89309184
102783234898117,0,9.978522726864904,90537984,89309184
102783335125704,0,9.977252462986982,90537984,89309184
102783435378365,0,0.0,90537984,89309184
102783535600118,0,9.978004585503696,90537984,89309184
102783635788964,0,0.0,90537984,89309184
102783736018791,0,0.0,90537984,89309184
102783836237897,0,0.0,90537984,89309184
102783936452076,0,19.95722986008394,90537984,89309184
102784036699978,0,0.0,90537984,89309184
102784136938342,0,0.0,90537984,89309184
102784237153262,0,9.978662826115686,90537984,89309184
102784337362886,0,0.0,90537984,89309184
102784437526602,0,0.0,90537984,89309184
102784537693708,0,9.983321065366491,90537984,89309184
102784637870387,0,9.982353993115984,90537984,89309184
102784738041585,0,0.0,90537984,89309184
102784838225764,0,0.0,90537984,89309184
102784938427481,0,0.0,90537984,89309184
102785038592160,0,9.983476048346166,90537984,89309184
102785138769080,0,0.0,90537984,89309184
102785238950445,0,9.981909286656865,90537984,89309184
102785339139865,0,0.0,90537984,89309184
102785439310767,0,9.982929790201975,90537984,89309184
102785539488206,0,0.0,90537984,89309184
102785639724107,0,0.0,90537984,89309184
102785739922472,0,9.980276577449105,90570752,89309184
102785840097633,0,9.982481344840831,90570752,89309184
102785940272183,0,0.0,90570752,89309184
102786040449732,0,0.0,90570752,89309184
102786140640597,0,0.0,90570752,89309184
102786240834147,0,0.0,90570752,89309184
102786341098456,0,19.947531808438587,90570752,89309184
102786441290709,0,0.0,90570752,89309184
102786541505259,0,0.0,90570752,89309184
102786641727865,0,9.97779989496037,90570752,89309184
102786741943933,0,0.0,90570752,89309184
102786842118298,0,0.0,90570752,89309184
102786942279736,0,0.0,90570752,89309184
102787042469897,0,9.980879728568974,90570752,89309184
102787142711392,0,0.0,90570752,89309184
102787242873090,0,0.0,90570752,89309184
102787343045103,0,19.965763506186576,90570752,89309184
102787443232467,0,0.0,90570752,89309184
102787543431795,0,0.0,90570752,89309184
102787643587771,0,9.984352821549631,90570752,89309184
102787743811247,0,0.0,90570752,89309184
102787844021185,0,0.0,90570752,89309184
102787944195402,0,9.982640088079798,90570752,89309184
102788044357618,0,0.0,90570752,89309184
102788144589946,0,0.0,90570752,89309184
102788244788348,0,9.980208249065061,90570752,89309184
102788344993879,0,0.0,90570752,89309184
102788445155911,0,9.983854510567442,90570752,89309184
102788545317275,0,0.0,90570752,89309184
102788645484807,0,0.0,90570752,89309184
102788745646209,0,9.98391162563709,90570752,89309184
102788845798092,0,0.0,90570752,89309184
102788945982235,0,0.0,90570752,89309184
102789046189025,0,9.97932124923173,90570752,89309184
102789146421075,0,0.0,90570752,89309184
102789246616403,0,9.980453681035184,90570752,89309184
102789346839916,0,9.977735381641047,90570752,89309184
102789447091429,0,9.974924734694941,90570752,89309184
102789547303460,0,0.0,90570752,89309184
102789647488436,0,9.981499590612087,90570752,89309184
102789747679171,0,0.0,90570752,89309184
102789847868980,0,0.0,90570752,89309184
102789948073197,0,9.979614342789096,90570752,89309184
102790048283562,0,9.978924710077223,90570752,89309184
102790148570575,0,0.0,90570752,89309184
102790248799032,0,9.977232055456273,90570752,89309184
102790349022156,0,0.0,90570752,89309184
102790449243169,0,9.977956598678427,90570752,89309184
102790549459590,0,0.0,90570752,89309184
102790649683214,0,0.0,90570752,89309184
102790749890560,0,9.979273249739524,90570752,89309184
102790850235165,0,0.0,90570752,89309184
102790950456197,0,19.955806471866794,90570752,89309184
102791050689191,0,0.0,90570752,89309184
102791150917464,0,0.0,90570752,89309184
102791251158495,0,0.0,90570752,89309184
102791351390545,0,19.95388179297711,90570752,89309184
102791451609299,0,0.0,90570752,89309184
102791551902793,0,9.970717996156294,90570752,89309184
102791652094417,0,0.0,90570752,89309184
102791752277819,0,0.0,90570752,89309184
102791852509703,0,0.0,90570752,89309184
102791952714716,0,9.979594125587624,90570752,89309184
102792053012784,0,9.970149173064002,90570752,89309184
102792153295816,0,0.0,90570752,89309184
102792253518699,0,19.955338157132896,90570752,89309184
102792353738249,0,0.0,90570752,89309184
102792453943596,0,0.0,90570752,89309184
102792554164664,0,9.977978799880349,90570752,89309184
102792654382196,0,0.0,90570752,89309184
102792754603487,0,0.0,90570752,89309184
102792854796926,0,9.98055687694697,90570752,89309184
102792955015753,0,0.0,90570752,89309184
102793055207748,0,19.96128349338204,90570752,89309184
102793155458261,0,9.975107120209564,90570752,89309184
102793255753607,0,0.0,90570752,89309184
102793355968435,0,0.0,90570752,89309184
102793456172448,0,0.0,90570752,89309184
102793556385795,0,9.978767975953115,90570752,89309184
102793656583956,0,9.980154762226901,90570752,89309184
102793756808006,0,9.977646977253912,90570752,89309184
102793857056797,0,0.0,90570752,89309184
102793957284847,0,0.0,90570752,89309184
102794057501120,0,0.0,90570752,89309184
102794157737503,0,9.976557483366543,90570752,89309184
102794257934535,0,0.0,90570752,89309184
102794358172214,0,9.97638609408658,90570752,89309184
102794458382116,0,9.978952393077828,90570752,89309184
102794558640167,0,0.0,90570752,89309184
102794658862421,0,0.0,90570752,89309184
102794759124360,0,19.947785871160107,90570752,89309184
102794859329780,0,0.0,90570752,89309184
102794959589404,0,0.0,90570752,89309184
102795059961121,0,9.962872259911256,90570752,89309184
102795160242690,0,9.971953482402101,90570752,89309184
102795260486388,0,0.0,90570752,89309184
102795360690012,0,0.0,90570752,89309184
102795460901526,0,9.978880397890402,90570752,89309184
102795561137928,0,9.976437649002182,90570752,89309184
102795661341959,0,9.979601495073512,90570752,89309184
102795761592621,0,9.975011299763564,90570752,89309184
102795861794078,0,0.0,90570752,89309184
102795962009017,0,0.0,90570752,89309184
102796062260086,0,9.974920954220364,90570752,89309184
102796162499710,0,0.0,90570752,89309184
102796262798890,0,9.970243112193716,90570752,89309184
102796363069755,0,0.0,90570752,89309184
102796463286824,0,9.978310646023449,90570752,89309184
102796563505708,0,0.0,90570752,89309184
102796663708499,0,0.0,90570752,89309184
102796763901105,0,9.980769053283794,90570752,89309184
102796864110451,0,9.978991031293267,90570752,89309184
102796964431816,0,9.967880002144708,90570752,89309184
102797064721792,0,0.0,90570752,89309184
102797164970768,0,0.0,90570752,89309184
102797265242411,0,0.0,90570752,89309184
102797365435721,0,19.961534323112403,90570752,89309184
102797465657604,0,0.0,90570752,89309184
102797565908821,0,9.974939361430573,90570752,89309184
102797666134372,0,0.0,90570752,89309184
102797766350404,0,0.0,90570752,89309184
102797866560565,0,9.978963346629211,90570752,89309184
102797966829134,0,0.0,90570752,89309184
102798067174517,0,9.96596860995437,90570752,89309184
102798167488623,0,9.968761390039218,90570752,89309184
102798267763099,0,0.0,90570752,89309184
102798368014483,0,0.0,90570752,89309184
102798468275533,0,9.974001569255714,90570752,89309184
102798568531361,0,9.974410648548867,90570752,89309184
102798668931115,0,0.0,90570752,89309184
102798769165129,0,19.953015437669208,90570752,89309184
102798869461716,0,0.0,90570752,89309184
102798969705507,0,0.0,90570752,89309184
102799069956243,0,0.0,90570752,89309184
102799170241960,0,9.97154470157466,90570752,89309184
102799270515954,0,0.0,90570752,89309184
102799370764505,0,9.975256276364291,90570752,89309184
102799471086573,0,9.967964656424531,90570752,89309184
102799571341031,0,9.974578291095584,90570752,89309184
102799671568619,0,0.0,90570752,89309184
102799771778725,0,0.0,90570752,89309184
102799871974368,0,9.980326281023615,90570752,89309184
102799972246288,0,9.972778504019475,90570752,89309184
102800072553876,0,0.0,90570752,89309184
102800172771500,0,0.0,90570752,89309184
102800273027051,0,9.974502677301404,90570752,89309184
102800373269527,0,0.0,90570752,89309184
102800473514503,0,0.0,90570752,89309184
102800573725980,0,19.957701845645857,90570752,89309184
102800673977752,0,9.974897075480714,90570752,89309184
102800774332432,0,0.0,90570752,89309184
102800874556353,0,0.0,90570752,89309184
102800974783866,0,9.977261620913147,90570752,89309184
102801075019417,0,0.0,90570752,89309184
102801175296893,0,9.973121042050957,90570752,89309184
102801275555425,0,9.974150890679912,90570752,89309184
102801375811439,0,0.0,90570752,89309184
102801476093156,0,9.972001412952046,90570752,89309184
102801576316113,0,0.0,90570752,89309184
102801676519701,0,0.0,90570752,89309184
102801776704566,0,9.98144987535039,90570752,89309184
102801876911321,0,9.979297149437668,90570752,89309184
102801977173686,0,0.0,90570752,89309184
102802077433496,0,9.974075283363742,90570752,89309184
102802177669602,0,0.0,90570752,89309184
102802277870541,0,0.0,90570752,89309184
102802378043962,0,9.98258458269547,90570752,89309184
102802478243568,0,9.980095697197942,90570752,89309184
102802578476470,0,9.976505827275439,90570752,89309184
102802678770428,0,0.0,90570752,89309184
102802779100923,0,0.0,90570752,89309184
102802879424566,0,9.967841351608195,90570752,89309184
102802979706135,0,9.971866870553718,90570752,89309184
102803079997741,0,9.97002213724341,90570752,89309184
102803180292736,0,0.0,90570752,89309184
102803280690842,0,0.0,90570752,89309184
102803381014393,0,9.967918553214187,90570752,89309184
102803481265665,0,9.97516423370528,90570752,89309184
102803581425142,0,0.0,90570752,89309184
102803681656655,0,9.977095681437849,90570752,89309184
102803781872095,0,9.978529994790987,90570752,89309184
102803882059386,0,0.0,90570752,89309184
102803982442696,0,0.0,90570752,89309184
102804082884080,0,19.911993567521314,90570752,89309184
102804188124293,0,0.0,90570752,89309184
102804288367121,0,0.0,90570752,89309184
102804388610635,0,9.975755722037613,90570752,89309184
102804488824463,0,9.978773451796206,90570752,89309184
102804588989199,0,0.0,90570752,89309184
102804689165213,0,0.0,90570752,89309184
102804789325874,0,0.0,90570752,89309184
102804889490629,0,9.983461197865523,90570752,89309184
102804989701420,0,0.0,90570752,89309184
102805089898323,0,9.980370507485866,90570752,89309184
102805190081577,0,0.0,90570752,89309184
102805290353091,0,0.0,90570752,89309184
102805390574604,0,0.0,90570752,89309184
102805491126692,0,19.88990658261295,90570752,89309184
102805593767629,0,0.0,90570752,89309184
102805693987495,0,0.0,90570752,89309184
102805794204953,0,9.978332748827356,90570752,89309184
102805894389985,0,0.0,90570752,89309184
102805994558443,0,0.0,90570752,89309184
102806094742549,0,0.0,90570752,89309184
102806194950600,0,9.979099773155479,90570752,89309184
102806295183743,0,9.976986881854696,90570752,89309184
102806395348275,0,9.983533260617472,90570752,89309184
102806495519845,0,0.0,90570752,89309184
102806595697044,0,0.0,90570752,89309184
102806695862835,0,0.0,90570752,89309184
102806796032793,0,9.983007124193763,90570752,89309184
102806896224936,0,0.0,90570752,89309184
102806996400339,0,0.0,90570752,89309184
102807096593075,0,9.980831812660972,90570752,89309184
102807196778533,0,0.0,90570752,89309184
102807296939158,0,9.983976217395135,90570752,89309184
102807397105486,0,0.0,90587136,89309184
102807497326019,0,9.977403475254494,90587136,89309184
102807597728292,0,0.0,90587136,89309184
102807697996990,0,0.0,90587136,89309184
102807798184689,0,9.981167433750116,90587136,89309184
102807898379277,0,9.98073956705807,90587136,89309184
102807998528606,0,0.0,90587136,89309184
102808098731619,0,0.0,90587136,89309184
102808198966652,0,9.976712259319612,90587136,89309184
102808299115999,0,9.98511528744045,90587136,89309184
102808399268587,0,0.0,90587136,89309184
102808499480600,0,0.0,90587136,89309184
102808599679170,0,9.979922292025822,90587136,89309184
102808699974424,0,9.970789773787736,90587136,89309184
102808800229549,0,0.0,90587136,89309184
102808900406229,0,0.0,90587136,89309184
102809000606817,0,9.979404106755757,90587136,89309184
102809100963646,0,9.964572754616263,90587136,89309184
102809202232844,0,9.874697982391913,90587136,89309184
102809303003857,0,9.923687339980267,90587136,89309184
102809403292963,0,0.0,90587136,89309184
102809503545199,0,9.974826928369477,90587136,89309184
102809603795713,0,0.0,90587136,89309184
102809704035171,0,9.976260689363782,90587136,89309184
102809804190296,0,0.0,90587136,89309184
102809904328107,0,9.986134551448686,90587136,89309184
102810004520898,0,0.0,90587136,89309184
102810104679523,0,0.0,90587136,89309184
102810204817741,0,0.0,90587136,89309184
102810304969903,0,0.0,90587136,89309184
102810405101139,0,9.986828970583511,90587136,89309184
102810505253430,0,9.984797747214278,90587136,89309184
102810605414852,0,0.0,90587136,89309184
102810705554014,0,0.0,90587136,89309184
102810805679991,0,0.0,90587136,89309184
102810905804097,0,9.98754183989258,90587136,89309184
102811005946500,0,0.0,90587136,89309184
102811106085495,0,9.98604031407441,90587136,89309184
102811206282491,0,0.0,90587136,89309184
102811306433986,0,0.0,90587136,89309184
102811406560741,0,9.987368277473895,90587136,89309184
102811506685403,0,0.0,90587136,89309184
102811606805083,0,0.0,90587136,89309184
102811706944375,0,9.985992348602373,90587136,89309184
102811807097371,0,0.0,90587136,89309184
102811907231181,0,9.986570359304313,90587136,89309184
102812007408806,0,0.0,90587136,89309184
102812107568135,0,0.0,90587136,89309184
102812207707778,0,9.98605886247595,90587136,89309184
102812307840477,0,0.0,90587136,89309184
102812407988917,0,9.985203825672468,90587136,89309184
102812508121876,0,0.0,90587136,89309184
102812608241797,0,0.0,90587136,89309184
102812708361144,0,9.988072044532982,90587136,89309184
102812808490029,0,0.0,90587136,89309184
102812909806505,0,9.869951153964585,90587136,89309184
102813010243630,0,0.0,90587136,89309184
102813110482884,0,0.0,90587136,89309184
102813210705583,0,9.977869882518437,90587136,89309184
102813310910782,0,0.0,90587136,89309184
102813411105648,0,0.0,90587136,89309184
102813511304792,0,9.980182452050851,90587136,89309184
102813611475806,0,9.982739544262936,90587136,89309184
102813711736912,0,0.0,90587136,89309184
102813811985130,0,0.0,90587136,89309184
102813912269570,0,9.97188526649217,90587136,89309184
102814012452954,0,0.0,90587136,89309184
102814112688764,0,0.0,90587136,89309184
102814212953204,0,9.973482006889661,90587136,89309184
102814313294922,0,0.0,90587136,89309184
102814413593991,0,9.97024480175741,90587136,89309184
102814513864579,0,9.973071311795975,90587136,89309184
102814614136556,0,0.0,90587136,89309184
102814714506570,0,0.0,90587136,89309184
102814814786695,0,9.972139437792748,90587136,89309184
102814915036228,0,9.975014881936803,90587136,89309184
102815015329094,0,9.97081363431332,90587136,89309184
102815115590422,0,0.0,90587136,89309184
102815215842714,0,9.974795586330472,90587136,89309184
102815316097284,0,0.0,90587136,89309184
102815416331872,0,9.976577688264515,90587136,89309184
102815516579238,0,0.0,90587136,89309184
102815616816659,0,9.976336131395538,90587136,89309184
102815717035451,0,0.0,90587136,89309184
102815817239817,0,9.979570023024545,90587136,89309184
102815917455553,0,0.0,90587136,89309184
102816017672160,0,9.978334441135685,90587136,89309184
102816117930322,0,9.974224509999253,90587136,89309184
102816218181817,0,0.0,90587136,89309184
102816318398257,0,0.0,90587136,89309184
102816418604494,0,9.979446430923527,90587136,89309184
102816518799637,0,0.0,90587136,89309184
102816619042263,0,9.975584258931626,90587136,89309184
102816719680906,0,9.93676402375687,90587136,89309184
102816819865624,0,0.0,90587136,89309184
102816920110916,0,0.0,90587136,89309184
102817020443133,0,9.966945323553979,90587136,89309184
102817120699129,0,9.974546852167348,90587136,89309184
102817220953921,0,0.0,90587136,89309184
102817321220490,0,9.973478427264775,90587136,89309184
102817421458634,0,0.0,90587136,89309184
102817521702870,0,9.975424047249582,90587136,89309184
102817622031551,0,9.967184341237077,90587136,89309184
102817722391361,0,0.0,90587136,89309184
102817822610894,0,0.0,90587136,89309184
102817922865149,0,19.949174891111507,90587136,89309184
102818023120552,0,0.0,90587136,89309184
102818123385788,0,0.0,90587136,89309184
102818223604080,0,0.0,90587136,89309184
102818323840039,0,9.976478157843834,90587136,89309184
102818424079257,0,9.976122450487916,90587136,89309184
102818524344530,0,9.973474646438932,90587136,89309184
102818624595470,0,0.0,90587136,89309184
102818724801892,0,0.0,90587136,89309184
102818825016609,0,0.0,90587136,89309184
102818925303438,0,9.971404703736763,90587136,89309184
102819025529156,0,0.0,90587136,89309184
102819125770930,0,9.975998843834269,90587136,89309184
102819226037018,0,9.97346738587517,90587136,89309184
102819326314476,0,0.0,90587136,89309184
102819426527917,0,9.978705143999456,90587136,89309184
102819526763301,0,0.0,90587136,89309184
102819627017278,0,9.974637091032651,90587136,89309184
102819727264904,0,9.975243341403681,90587136,89309184
102819827517455,0,9.974825137349146,90587136,89309184
102819927749173,0,0.0,90587136,89309184
102820027966465,0,0.0,90587136,89309184
102820128228386,0,0.0,90587136,89309184
102820228445901,0,9.978207296611215,90587136,89309184
102820328716637,0,9.97306942153791,90587136,89309184
102820428981133,0,9.973535522107921,90587136,89309184
102820529223647,0,0.0,90587136,89309184
102820629467217,0,9.975679990468864,90587136,89309184
102820729697935,0,0.0,90587136,89309184
102820829914208,0,0.0,90587136,89309184
102820930133963,0,9.978135410693659,90587136,89309184
102821030352700,0,9.977969440708527,90587136,89309184
102821130654288,0,0.0,90587136,89309184
102821230883321,0,9.977160185036604,90587136,89309184
102821331102724,0,0.0,90587136,89309184
102821431329182,0,9.977193333807342,90587136,89309184
102821531600993,0,0.0,90587136,89309184
102821631867970,0,9.973397358743545,90587136,89309184
102821732120522,0,9.974843544203955,90587136,89309184
102821832334591,0,0.0,90587136,89309184
102821932565180,0,0.0,90587136,89309184
102822032814027,0,9.97510702030239,90587136,89309184
102822133072134,0,0.0,90587136,89309184
102822233279463,0,19.958594098885996,90587136,89309184
102822333501774,0,0.0,90587136,89309184
102822433712714,0,0.0,90587136,89309184
102822533930803,0,9.978249710598002,90587136,89309184
102822634152132,0,0.0,90587136,89309184
102822734347387,0,0.0,90587136,89309184
102822834545772,0,19.96020593483647,90587136,89309184
102822934779101,0,0.0,90587136,89309184
102823034982245,0,9.97954791473898,90587136,89309184
102823135227259,0,0.0,90587136,89309184
102823235454014,0,9.977351810398831,90587136,89309184
102823335675825,0,0.0,90587136,89309184
102823435905450,0,9.977027396607031,90587136,89309184
102823536153798,0,0.0,90587136,89309184
102823636342460,0,9.981014314230746,90587136,89309184
102823736583938,0,0.0,90587136,89309184
102823836843508,0,0.0,90587136,89309184
102823937068855,0,9.977550909535722,90587136,89309184
102824037300296,0,9.976824634941533,90587136,89309184
102824137577903,0,0.0,90587136,89309184
102824237870917,0,9.970624048074201,90587136,89309184
102824338168357,0,0.0,90587136,89309184
102824438428260,0,0.0,90587136,89309184
102824538651201,0,9.977803477691548,90587136,89309184
102824638903363,0,0.0,90587136,89309184
102824739123933,0,19.956023708244086,90587136,89309184
102824839368281,0,0.0,90587136,89309184
102824939593036,0,0.0,90587136,89309184
102825039835754,0,9.975693027928948,90587136,89309184
102825140094713,0,0.0,90587136,89309184
102825240325191,0,0.0,90587136,89309184
102825340584242,0,19.9482645732068,90587136,89309184
102825440841164,0,0.0,90587136,89309184
102825541072012,0,0.0,90587136,89309184
102825641296008,0,9.977584060902853,90587136,89309184
102825741521578,0,0.0,90587136,89309184
102825841744259,0,9.9777758025138,90587136,89309184
102825941983458,0,9.976127923426155,90587136,89309184
102826042310862,0,9.96730027846069,90587136,89309184
102826142584524,0,0.0,90587136,89309184
102826242861335,0,0.0,90587136,89309184
102826343102220,0,0.0,90587136,89309184
102826443320845,0,9.978161198575298,90587136,89309184
102826543557915,0,9.976352752258391,90587136,89309184
102826643826245,0,0.0,90587136,89309184
102826744141778,0,9.968556978773425,90587136,89309184
102826844378996,0,0.0,90587136,89309184
102826944650862,0,9.97282266217099,90587136,89309184
102827044933321,0,9.971793089240471,90587136,89309184
102827145236095,0,9.969917170193831,90587136,89309184
102827245490850,0,0.0,90587136,89309184
102827345721142,0,0.0,90587136,89309184
102827445973601,0,0.0,90587136,89309184
102827546186282,0,9.978887667788346,90587136,89309184
102827646391778,0,9.979420637845713,90587136,89309184
102827746690534,0,0.0,90587136,89309184
102827847062881,0,19.9259206089126,90587136,89309184
102827947295470,0,0.0,90587136,89309184
102828047531725,0,0.0,90587136,89309184
102828147823740,0,0.0,90587136,89309184
102828248061180,0,9.976352750810074,90587136,89309184
102828348273806,0,0.0,90587136,89309184
102828448550246,0,9.972498541391047,90587136,89309184
102828548811446,0,0.0,90587136,89309184
102828649033961,0,9.977683613390969,90587136,89309184
102828749296271,0,0.0,90587136,89309184
102828849525212,0,9.977086323926196,90587136,89309184
102828949769801,0,0.0,90587136,89309184
102829050003834,0,19.952993144500052,90587136,89309184
102829150305015,0,0.0,90587136,89309184
102829250531029,0,9.977508500040772,90587136,89309184
102829350747470,0,0.0,90587136,89309184
102829451074225,0,0.0,90587136,89309184
102829551419258,0,9.965790034290288,90587136,89309184
102829651727440,0,9.969348341569198,90587136,89309184
102829751985473,0,9.974344191310001,90587136,89309184
102829852266635,0,0.0,90587136,89309184
102829952508002,0,0.0,90587136,89309184
102830052696239,0,9.981099093172674,90587136,89309184
102830152925068,0,0.0,90587136,89309184
102830253147453,0,0.0,90587136,89309184
102830353375671,0,9.977200599795237,90587136,89309184
102830453590686,0,0.0,90587136,89309184
102830553784571,0,9.980503286356658,90587136,89309184
102830654027382,0,0.0,90587136,89309184
102830754265526,0,9.97629194067609,90587136,89309184
102830854485763,0,0.0,90587136,89309184
102830954719389,0,0.0,90587136,89309184
102831054942978,0,9.977646778784719,90587136,89309184
102831155158511,0,9.978461688873015,90587136,89309184
102831255379563,0,0.0,90587136,89309184
102831355579077,0,0.0,90587136,89309184
102831455783129,0,9.97963087457558,90587136,89309184
102831555993644,0,9.979051775797343,90587136,89309184
102831656215436,0,0.0,90587136,89309184
102831756398044,0,0.0,90587136,89309184
102831856559392,0,9.983896773855252,90587136,89309184
102831956724073,0,0.0,90587136,89309184
102832056920051,0,0.0,90587136,89309184
102832157147880,0,9.977305720268804,90587136,89309184
102832257375747,0,0.0,90587136,89309184
102832357554428,0,0.0,90587136,89309184
102832457722480,0,0.0,90587136,89309184
102832557913754,0,9.981966279424196,90587136,89309184
102832658082713,0,9.98301818816617,90587136,89309184
102832758343636,0,0.0,90587136,89309184
102832858545761,0,0.0,90587136,89309184
102832958756147,0,0.0,90587136,89309184
102833058963180,0,9.979219572940043,90587136,89309184
102833159194565,0,9.977053175864752,90587136,89309184
102833259407339,0,0.0,90587136,89309184
102833359599502,0,9.980811290456641,90587136,89309184
102833459819665,0,0.0,90587136,89309184
102833560015254,0,0.0,90587136,89309184
102833660169491,0,0.0,90587136,89309184
102833760358339,0,9.981075081916574,90587136,89309184
102833860552057,0,0.0,90587136,89309184
102833960823368,0,9.972927590542971,90587136,89309184
102834061027957,0,0.0,90587136,89309184
102834161230898,0,0.0,90587136,89309184
102834261410820,0,9.981969966644463,90587136,89309184
102834361631483,0,0.0,90587136,89309184
102834461833739,0,9.979866916864543,90587136,89309184
102834562026087,0,9.980697031878972,90587136,89309184
102834662278046,0,0.0,90587136,89309184
102834762523413,0,0.0,90587136,89309184
102834862754909,0,0.0,90587136,89309184
102834963051868,0,9.970390135309119,90587136,89309184
102835063335939,0,0.0,90587136,89309184
102835163606898,0,19.946116562375494,90587136,89309184
102835263895968,0,0.0,90587136,89309184
102835364148039,0,9.974871104661432,90587136,89309184
102835464387091,0,0.0,90587136,89309184
102835564648457,0,9.973918601651464,90587136,89309184
102835664898342,0,0.0,90587136,89309184
102835765140635,0,0.0,90587136,89309184
102835865365576,0,9.977560068009772,90587136,89309184
102835965618257,0,9.97448596270247,90587136,89309184
102836066028550,0,9.959235753044485,90587136,89309184
102836166342787,0,0.0,90587136,89309184
102836266631246,0,0.0,90587136,89309184
102836366966279,0,0.0,90587136,89309184
102836467275850,0,19.938615781210565,90587136,89309184
102836567582457,0,0.0,90587136,89309184
102836667835009,0,9.974845236775073,90587136,89309184
102836768092950,0,0.0,90587136,89309184
102836868350539,0,9.974323895564455,90587136,89309184
102836968595517,0,0.0,90587136,89309184
102837068880550,0,9.971533466243676,90587136,89309184
102837169153028,0,9.972938630733877,90587136,89309184
102837269400043,0,0.0,90587136,89309184
102837369633743,0,0.0,90587136,89309184
102837469873184,0,0.0,90587136,89309184
102837570074051,0,19.959973467236015,90587136,89309184
102837670273121,0,9.980106753270297,90587136,89309184
102837770500192,0,0.0,90587136,89309184
102837870729244,0,0.0,90587136,89309184
102837970957907,0,0.0,90587136,89309184
102838071204199,0,9.975257969071937,90587136,89309184
102838171571122,0,0.0,90587136,89309184
102838271816081,0,9.975560277103424,90603520,89309184
102838372125411,0,9.96918077498397,90603520,89309184
102838472425833,0,9.970045994091615,90603520,89309184
102838572748459,0,0.0,90603520,89309184
102838672981844,0,0.0,90603520,89309184
102838773211804,0,0.0,90603520,89309184
102838873463152,0,19.949841508819866,90603520,89309184
102838973821371,0,0.0,90603520,89309184
102839074058589,0,0.0,90603520,89309184
102839174354512,0,9.970587167202988,90603520,89309184
102839274587601,0,9.976719524605057,90603520,89309184
102839374838597,0,0.0,90603520,89309184
102839475065760,0,0.0,90603520,89309184
102839575299813,0,9.976658708556629,90603520,89309184
102839675559457,0,9.974152483126149,90603520,89309184
102839775805417,0,9.974441789823617,90603520,89309184
102839876025302,0,0.0,90603520,89309184
102839976301280,0,9.97242852931107,90603520,89309184
102840076541739,0,0.0,90603520,89309184
102840176770162,0,9.977082640312961,90603520,89309184
102840277045825,0,9.97261072369587,90603520,89309184
102840377309081,0,0.0,90603520,89309184
102840477561522,0,0.0,90603520,89309184
102840577879555,0,0.0,90603520,89309184
102840678137441,0,9.97417834886726,90603520,89309184
102840778395622,0,9.974379112232556,90603520,89309184
102840878667804,0,0.0,90603520,89309184
102840978886078,0,0.0,90603520,89309184
102841079184297,0,19.942702223098067,90603520,89309184
102841179485349,0,0.0,90603520,89309184
102841279711920,0,0.0,90603520,89309184
102841379941287,0,9.977071590943423,90603520,89309184
102841480274746,0,0.0,90603520,89309184
102841580508446,0,9.976730573196571,90603520,89309184
102841680732924,0,0.0,90603520,89309184
102841780945328,0,0.0,90603520,89309184
102841881182881,0,19.952248284086117,90603520,89309184
102841981477692,0,9.970668088776833,90603520,89309184
102842081759670,0,0.0,90603520,89309184
102842182039815,0,9.972085937551856,90603520,89309184
102842282284663,0,0.0,90603520,89309184
102842382518549,0,0.0,90603520,89309184
102842482744008,0,9.977541651127854,90603520,89309184
102842582969505,0,0.0,90603520,89309184
102842683273520,0,9.96969621113574,90603520,89309184
102842783504276,0,9.976852206345834,90603520,89309184
102842883803772,0,0.0,90603520,89309184
102842984020139,0,0.0,90603520,89309184
102843084246321,0,0.0,90603520,89309184
102843184526262,0,19.944260182034956,90603520,89309184
102843284773018,0,9.975296675699934,90603520,89309184
102843385011052,0,0.0,90603520,89309184
102843485218011,0,0.0,90603520,89309184
102843585445712,0,0.0,90603520,89309184
102843685661116,0,9.979488758346992,90603520,89309184
102843785866001,0,9.979510964920172,90603520,89309184
102843886068165,0,0.0,90603520,89309184
102843986311458,0,0.0,90603520,89309184
102844086540251,0,19.954087839651102,90603520,89309184
102844186793432,0,0.0,90603520,89309184
102844287030114,0,0.0,90603520,89309184
102844387289833,0,0.0,90603520,89309184
102844487532015,0,19.951632851416093,90619904,89309184
102844587791530,0,0.0,90619904,89309184
102844688012786,0,0.0,90619904,89309184
102844788269764,0,9.97437363976167,90619904,89309184
102844888571872,0,0.0,90619904,89309184
102844988788369,0,9.978380542217703,90619904,89309184
102845089013088,0,9.977493667306566,90619904,89309184
102845189302251,0,0.0,90619904,89309184
102845289559137,0,0.0,90619904,89309184
102845389794004,0,9.975235878439687,90619904,89309184
102845490044889,0,9.97638211263701,90619904,89309184
102845590286219,0,0.0,90619904,89309184
102845690585068,0,9.970139830019262,90619904,89309184
102845790842435,0,9.974399306860294,90619904,89309184
102845891048506,0,0.0,90619904,89309184
102845991266929,0,0.0,90619904,89309184
102846091480981,0,0.0,90619904,89309184
102846191766866,0,9.971660440741555,90619904,89309184
102846292012715,0,9.975517884525537,90619904,89309184
102846392310675,0,0.0,90619904,89309184
102846492518468,0,9.979180734426329,90619904,89309184
102846592752039,0,9.976747095430179,90619904,89309184
102846692947035,0,0.0,90619904,89309184
102846793158106,0,0.0,90619904,89309184
102846893353937,0,9.98032060344757,90619904,89309184
102846993622767,0,9.973065642469521,90619904,89309184
102847093900708,0,0.0,90619904,89309184
102847194149297,0,0.0,90619904,89309184
102847294493738,0,9.965554559143438,90619904,89309184
102847394743217,0,0.0,90619904,89309184
102847494973843,0,9.976938804870292,90619904,89309184
102847595207266,0,9.976695537318074,90619904,89309184
102847695554614,0,0.0,90619904,89309184
102847795801056,0,9.975567540712934,90619904,89309184
102847896060830,0,0.0,90619904,89309184
102847996322327,0,0.0,90619904,89309184
102848096649694,0,9.96837840866672,90619904,89309184
102848196898839,0,9.975302249096577,90619904,89309184
102848297192928,0,0.0,90619904,89309184
102848397408981,0,9.978474535101158,90619904,89309184
102848497616700,0,9.9792489501952,90619904,89309184
102848597843808,0,0.0,90619904,89309184
102848698050305,0,9.979309896372937,90619904,89309184
102848798262653,0,0.0,90619904,89309184
102848898507947,0,9.975534402744545,90619904,89309184
102848998814906,0,0.0,90619904,89309184
102849099076681,0,9.973979284415094,90619904,89309184
102849199319048,0,0.0,90619904,89309184
102849299530175,0,0.0,90619904,89309184
102849399769209,0,9.977279838303158,90619904,89309184
102849500053724,0,9.971710158373984,90619904,89309184
102849600276610,0,9.97776285956948,90619904,89309184
102849700527144,0,0.0,90619904,89309184
102849800752659,0,9.977523234313926,90619904,89309184
102849901050415,0,0.0,90619904,89309184
102850001279523,0,9.97704391837526,90619904,89309184
102850101538724,0,9.974303501458145,90619904,89309184
102850201744924,0,0.0,90619904,89309184
102850301952755,0,0.0,90619904,89309184
102850402147085,0,0.0,90619904,89309184
102850502318952,0,9.98272280059689,90619904,89309184
102850602559579,0,9.976031984890183,90619904,89309184
102850702823557,0,9.973522491734107,90619904,89309184
102850803095036,0,0.0,90619904,89309184
102850903332847,0,0.0,90619904,89309184
102851003579085,0,0.0,90619904,89309184
102851103848693,0,9.97301591132145,90619904,89309184
102851204140468,0,9.971036332737759,90619904,89309184
102851304377205,0,9.976251234931215,90619904,89309184
102851404635776,0,0.0,90619904,89309184
102851504861051,0,0.0,90619904,89309184
102851605076807,0,9.978570422098592,90619904,89309184
102851705287638,0,9.978839571032461,90619904,89309184
102851805507061,0,0.0,90619904,89309184
102851905728484,0,0.0,90619904,89309184
102852006017499,0,19.94265072060522,90619904,89309184
102852106262385,0,0.0,90619904,89309184
102852206500030,0,0.0,90619904,89309184
102852306719434,0,9.978124159055147,90619904,89309184
102852406956654,0,0.0,90619904,89309184
102852507161817,0,9.979453701642694,90619904,89309184
102852607439259,0,0.0,90619904,89309184
102852707672108,0,9.976754460713625,90619904,89309184
102852807900549,0,9.977226382848718,90619904,89309184
102852908117287,0,0.0,90619904,89309184
102853008342673,0,0.0,90619904,89309184
102853108572818,0,9.976962794779123,90619904,89309184
102853208828926,0,9.974589135146122,90619904,89309184
102853309059386,0,0.0,90619904,89309184
102853409295865,0,9.976402416756002,90619904,89309184
102853509525676,0,0.0,90619904,89309184
102853609733266,0,0.0,90619904,89309184
102853709938578,0,19.958936883321346,90619904,89309184
102853810241186,0,0.0,90619904,89309184
102853910457128,0,0.0,90619904,89309184
102854010695791,0,9.97604124049832,90619904,89309184
102854110961325,0,0.0,90619904,89309184
102854211207230,0,9.975473502671969,90619904,89309184
102854311487579,0,0.0,90619904,89309184
102854411722872,0,9.976490797645383,90619904,89309184
102854511974702,0,0.0,90619904,89309184
102854612222533,0,0.0,90619904,89309184
102854712436086,0,9.978701260679617,90619904,89309184
102854812671712,0,9.976446706939848,90619904,89309184
102854912905617,0,9.97657928148753,90619904,89309184
102855013180966,0,9.972566565975745,90619904,89309184
102855113450778,0,0.0,90619904,89309184
102855213742052,0,9.97104180154721,90619904,89309184
102855313983086,0,0.0,90619904,89309184
102855414223658,0,0.0,90619904,89309184
102855514447192,0,0.0,90619904,89309184
102855614725985,0,9.972264439365864,90619904,89309184
102855714989167,0,9.973772966899928,90619904,89309184
102855815224628,0,0.0,90619904,89309184
102855915473051,0,9.974705244698272,90619904,89309184
102856015871400,0,9.960554609907765,90619904,89309184
102856116179656,0,0.0,90619904,89309184
102856216472060,0,9.970848529072,90619904,89309184
102856316794557,0,0.0,90619904,89309184
