timestamp,window_index,reconstruction_error,threshold,predicted_label,inference_time_ms,measured_sampling_rate_hz
2026-08-25T16:12:56.923+02:00,1,0.10215849966542712,0.3,0,0.13137,500.1141441674751
2026-08-25T16:12:57.180+02:00,2,0.10943477599005913,0.3,0,0.130314,500.01223060940356
2026-08-25T16:12:57.436+02:00,3,0.14037511024471785,0.3,0,0.133907,499.952996546437
2026-08-25T16:12:57.693+02:00,4,0.11945228215819152,0.3,0,0.127852,499.9373975991888
2026-08-25T16:12:57.950+02:00,5,0.35485024002792986,0.3,1,0.128093,499.9499006906889
2026-08-25T16:12:58.207+02:00,6,0.1399196525494255,0.3,0,0.127111,500.00887614392354
2026-08-25T16:12:58.464+02:00,7,0.1303593996028254,0.3,0,0.131223,499.9407865389133
2026-08-25T16:12:58.721+02:00,8,0.12284796887159873,0.3,0,0.128296,499.9379447064392
2026-08-25T16:12:58.977+02:00,9,0.1158449315540953,0.3,0,0.128185,499.9430104311764
2026-08-25T16:12:59.234+02:00,10,0.16108796557848729,0.3,0,0.12437,499.946108170545
2026-08-25T16:12:59.491+02:00,11,0.09076882059484204,0.3,0,0.128778,499.93827337516615
2026-08-25T16:12:59.748+02:00,12,0.12765136772929253,0.3,0,0.125278,499.95033761212335
2026-08-25T16:13:00.005+02:00,13,0.14093640346941727,0.3,0,0.125167,499.96349478741655
2026-08-25T16:13:00.262+02:00,14,0.10412871746747084,0.3,0,0.128222,499.9016118855277
2026-08-25T16:13:00.518+02:00,15,0.10578112921206488,0.3,0,0.140593,499.93962146130184
2026-08-25T16:13:00.775+02:00,16,0.13666328555100904,0.3,0,0.121982,499.9621819944929
2026-08-25T16:13:01.032+02:00,17,0.10875994971233904,0.3,0,0.126296,499.9145854612218
2026-08-25T16:13:01.289+02:00,18,0.16508426784587016,0.3,0,0.123426,499.9569702367223
2026-08-25T16:13:01.546+02:00,19,0.1313183862630242,0.3,0,0.128,499.9630204518102
2026-08-25T16:13:01.803+02:00,20,0.09552314756319251,0.3,0,0.194592,499.40187187955615
2026-08-25T16:13:02.082+02:00,21,0.2114287611236738,0.3,0,0.229851,460.15644645300983
2026-08-25T16:13:02.338+02:00,22,0.11018263488234264,0.3,0,0.116667,500.0321004832637
2026-08-25T16:13:02.595+02:00,23,0.13647979937136126,0.3,0,0.166314,499.9248616923102
2026-08-25T16:13:02.852+02:00,24,0.10201803648956505,0.3,0,0.1285,499.9024501397
2026-08-25T16:13:03.109+02:00,25,0.7372700703060264,0.3,1,0.13376,499.956204625279
2026-08-25T16:13:03.367+02:00,26,0.31208760231490446,0.3,1,0.250277,499.8943982969067
2026-08-25T16:13:03.624+02:00,27,0.15168477434544478,0.3,0,0.1275,500.1588969367874
2026-08-25T16:13:03.881+02:00,28,0.16163727016844998,0.3,0,0.128,499.91247201827525
2026-08-25T16:13:04.138+02:00,29,0.10093778389839114,0.3,0,0.130056,499.962910233085
2026-08-25T16:13:04.395+02:00,30,0.12357779985328192,0.3,0,0.125389,499.95419907623864
2026-08-25T16:13:04.652+02:00,31,0.09523606058421381,0.3,0,0.126408,499.8821183473689
2026-08-25T16:13:04.908+02:00,32,0.10568282198412104,0.3,0,0.1235,499.953435435134
2026-08-25T16:13:05.165+02:00,33,0.1695178376891683,0.3,0,0.126741,499.9509555955967
2026-08-25T16:13:05.422+02:00,34,0.10233950651960855,0.3,0,0.128407,499.9036898158104
2026-08-25T16:13:05.679+02:00,35,0.165209736602444,0.3,0,0.120241,499.9365238023176
2026-08-25T16:13:05.936+02:00,36,0.12913699136615384,0.3,0,0.127999,499.9839434280479
2026-08-25T16:13:06.192+02:00,37,0.08579442260809363,0.3,0,0.125852,499.91527813868174
2026-08-25T16:13:06.449+02:00,38,0.1402643829242454,0.3,0,0.13413,499.9407885078252
2026-08-25T16:13:06.706+02:00,39,0.12429754720627766,0.3,0,0.124111,499.9733360669844
2026-08-25T16:13:06.963+02:00,40,0.11917293235461927,0.3,0,0.123796,499.8968382184066
2026-08-25T16:13:07.220+02:00,41,0.14978065744013427,0.3,0,0.135796,499.9486588164041
2026-08-25T16:13:07.477+02:00,42,0.1563453484347074,0.3,0,0.124444,499.94461440495314
2026-08-25T16:13:07.734+02:00,43,0.10319311715525241,0.3,0,0.149296,499.8302013887586
2026-08-25T16:13:07.990+02:00,44,0.16553616654542358,0.3,0,0.148778,499.9291616089776
2026-08-25T16:13:08.247+02:00,45,0.10768667031053407,0.3,0,0.128871,499.95791693114836
2026-08-25T16:13:08.504+02:00,46,0.09953340709532177,0.3,0,0.124852,499.93874569492067
2026-08-25T16:13:08.761+02:00,47,0.1786998724507308,0.3,0,0.13613,499.94545280334836
2026-08-25T16:13:09.018+02:00,48,0.13693074699201283,0.3,0,0.125278,499.9753397932181
2026-08-25T16:13:09.275+02:00,49,0.10611405390044089,0.3,0,0.128575,499.94297501192926
2026-08-25T16:13:09.531+02:00,50,0.1324090206689509,0.3,0,0.129203,499.9505186730822
2026-08-25T16:13:09.788+02:00,51,0.16137110558731763,0.3,0,0.13237,499.94866078537797
2026-08-25T16:13:10.045+02:00,52,0.14567709488387948,0.3,0,0.129463,499.9269752328568
2026-08-25T16:13:10.302+02:00,53,0.10428236405187115,0.3,0,0.126926,499.9054017619809
2026-08-25T16:13:10.559+02:00,54,0.14210241876274363,0.3,0,0.112296,499.94330170401906
2026-08-25T16:13:10.815+02:00,55,0.19733929669284814,0.3,0,0.127778,499.9519042362442
2026-08-25T16:13:11.072+02:00,56,0.08571171151039936,0.3,0,0.124926,499.9108308602088
2026-08-25T16:13:11.329+02:00,57,0.13478518742641588,0.3,0,0.134111,499.9479680154057
2026-08-25T16:13:11.586+02:00,58,0.08655075030827337,0.3,0,0.127685,499.95091820623213
2026-08-25T16:13:11.843+02:00,59,0.10233832387798063,0.3,0,0.126037,499.8885681457875
2026-08-25T16:13:12.100+02:00,60,0.15958758754901284,0.3,0,0.124925,499.93269803617653
2026-08-25T16:13:12.357+02:00,61,0.10922401695751689,0.3,0,0.257629,499.94541540764703
2026-08-25T16:13:12.614+02:00,62,0.1108265234813749,0.3,0,0.205259,499.9428667709703
2026-08-25T16:13:12.871+02:00,63,0.13932902329538313,0.3,0,0.141907,499.96371326349896
2026-08-25T16:13:13.128+02:00,64,0.10614931213349325,0.3,0,0.127592,499.9786209909219
2026-08-25T16:13:13.385+02:00,65,0.18468990835644336,0.3,0,0.127666,499.94439595272206
2026-08-25T16:13:13.641+02:00,66,0.109675919742329,0.3,0,0.125241,499.9305470466047
2026-08-25T16:13:13.898+02:00,67,0.150804346958154,0.3,0,0.123,499.96356761514295
2026-08-25T16:13:14.155+02:00,68,0.12949341730218636,0.3,0,0.126556,499.96768713130285
2026-08-25T16:13:14.412+02:00,69,0.09696323902118203,0.3,0,0.127907,499.9384544273867
2026-08-25T16:13:14.669+02:00,70,0.10251457754070643,0.3,0,0.127389,499.9467281125212
2026-08-25T16:13:14.925+02:00,71,0.11105745164406622,0.3,0,0.126685,499.9480408314488
2026-08-25T16:13:15.182+02:00,72,0.10903678060386095,0.3,0,0.126277,499.9280320169911
2026-08-25T16:13:15.439+02:00,73,0.07320687093717498,0.3,0,0.126222,499.9494244118968
2026-08-25T16:13:15.696+02:00,74,0.08126093432028843,0.3,0,0.146741,499.96116247118823
2026-08-25T16:13:15.953+02:00,75,0.11042725999585142,0.3,0,0.125,499.9005926020785
2026-08-25T16:13:16.209+02:00,76,0.09398657649708382,0.3,0,0.125648,499.96630148065833
2026-08-25T16:13:16.466+02:00,77,0.14792730567447668,0.3,0,0.126777,499.96174505235587
2026-08-25T16:13:16.723+02:00,78,0.13323173431253954,0.3,0,0.126519,499.9442129200993
2026-08-25T16:13:16.980+02:00,79,0.17035023018872172,0.3,0,0.147037,499.947820407256
2026-08-25T16:13:17.237+02:00,80,0.10631601353587043,0.3,0,0.122537,500.0103702935511
2026-08-25T16:13:17.494+02:00,81,0.07826824846954614,0.3,0,0.130018,499.94231767686324
2026-08-25T16:13:17.751+02:00,82,0.1259159754998024,0.3,0,0.137333,499.95317957833123
2026-08-25T16:13:18.008+02:00,83,0.1042257596726412,0.3,0,0.159,499.9577358576706
2026-08-25T16:13:18.264+02:00,84,0.11979434065631182,0.3,0,0.146149,499.9461829550007
2026-08-25T16:13:18.521+02:00,85,0.13387300596746698,0.3,0,0.127241,499.9269024229499
2026-08-25T16:13:18.778+02:00,86,0.1071423243107585,0.3,0,0.123055,499.97092885273423
2026-08-25T16:13:19.035+02:00,87,0.11048594041043562,0.3,0,0.131018,499.9507745343214
2026-08-25T16:13:19.292+02:00,88,0.0899583083178714,0.3,0,0.127889,499.9224195213202
2026-08-25T16:13:19.549+02:00,89,0.12051764776222725,0.3,0,0.12326,499.94075111998126
2026-08-25T16:13:19.805+02:00,90,0.13951151897034006,0.3,0,0.123796,499.95846408331045
2026-08-25T16:13:20.062+02:00,91,0.1107639181293744,0.3,0,0.127963,499.904234880663
2026-08-25T16:13:20.319+02:00,92,0.13562894207347811,0.3,0,0.12637,499.9404224551562
2026-08-25T16:13:20.576+02:00,93,0.12325134026691131,0.3,0,0.128593,499.9651697517264
2026-08-25T16:13:20.833+02:00,94,0.12164484300326199,0.3,0,0.127537,499.870240380857
2026-08-25T16:13:21.089+02:00,95,0.16482708166615015,0.3,0,0.12574,499.93889329771184
2026-08-25T16:13:21.346+02:00,96,0.14169973563475283,0.3,0,0.137759,499.9544195132162
2026-08-25T16:13:21.603+02:00,97,0.1447653124542375,0.3,0,0.133518,499.9773455190336
2026-08-25T16:13:21.860+02:00,98,0.14134782249485292,0.3,0,0.131722,499.9430458575883
2026-08-25T16:13:22.117+02:00,99,0.11356796475289872,0.3,0,0.127981,500.00329923726116
2026-08-25T16:13:22.374+02:00,100,0.13042220328406273,0.3,0,0.132833,499.93615776305336
2026-08-25T16:13:22.631+02:00,101,0.19274776152770115,0.3,0,0.131314,499.9528508971648
2026-08-25T16:13:22.887+02:00,102,0.10465292295382393,0.3,0,0.130445,499.94891663755567
2026-08-25T16:13:23.144+02:00,103,0.11064964266681998,0.3,0,0.129852,499.93061986473265
2026-08-25T16:13:23.401+02:00,104,0.1584797846383316,0.3,0,0.158612,499.9275951345428
2026-08-25T16:13:23.658+02:00,105,0.10996449402675157,0.3,0,0.156963,499.958536902411
2026-08-25T16:13:23.915+02:00,106,0.10640584412292038,0.3,0,0.155055,499.8359927920076
2026-08-25T16:13:24.172+02:00,107,0.1290927079795292,0.3,0,0.159111,499.95995793166543
2026-08-25T16:13:24.429+02:00,108,0.10276659329428976,0.3,0,0.133759,499.9949134396327
2026-08-25T16:13:24.686+02:00,109,0.13030727805464323,0.3,0,0.125945,499.9589384174314
2026-08-25T16:13:24.943+02:00,110,0.17692730679047428,0.3,0,0.125944,499.8528976167981
2026-08-25T16:13:25.199+02:00,111,0.13238625975655216,0.3,0,0.1185,499.964843023896
2026-08-25T16:13:25.456+02:00,112,0.13218659370874045,0.3,0,0.126037,499.95369129935875
2026-08-25T16:13:25.713+02:00,113,0.1467399179887193,0.3,0,0.127666,499.92788638942346
2026-08-25T16:13:25.970+02:00,114,0.1376582984027248,0.3,0,0.134444,499.93302472199474
2026-08-25T16:13:26.227+02:00,115,0.14958945647499475,0.3,0,0.125944,500.01693364448994
2026-08-25T16:13:26.484+02:00,116,0.10450207578251292,0.3,0,0.128667,499.9317494755731
2026-08-25T16:13:26.740+02:00,117,0.135150379116471,0.3,0,0.135574,499.9401331545752
2026-08-25T16:13:26.997+02:00,118,0.173382243332363,0.3,0,0.124889,499.96571888171144
2026-08-25T16:13:27.254+02:00,119,0.13332415025510957,0.3,0,0.128722,499.92788638942346
2026-08-25T16:13:27.511+02:00,120,0.0799039775118396,0.3,0,0.126426,499.92515293684664
2026-08-25T16:13:27.768+02:00,121,0.10830080580086292,0.3,0,0.127259,499.95981228549743
2026-08-25T16:13:28.025+02:00,122,0.1301524503647542,0.3,0,0.126833,499.9369980948079
2026-08-25T16:13:28.281+02:00,123,0.13800952866211666,0.3,0,0.131408,499.9315664522102
2026-08-25T16:13:28.538+02:00,124,0.15513046865159227,0.3,0,0.125111,499.9653547687997
2026-08-25T16:13:28.795+02:00,125,0.0889414794347605,0.3,0,0.137,499.9539806084713
2026-08-25T16:13:29.052+02:00,126,0.12718505088118034,0.3,0,0.126704,499.92464325018153
2026-08-25T16:13:29.309+02:00,127,0.0998272714472529,0.3,0,0.164833,499.93098394137166
2026-08-25T16:13:29.566+02:00,128,0.1449505567782395,0.3,0,0.129963,501.43962724599595
2026-08-25T16:13:29.823+02:00,129,0.08534032675056565,0.3,0,0.127593,499.9098115463238
2026-08-25T16:13:30.079+02:00,130,0.15127347273026892,0.3,0,0.120611,499.9400957596697
2026-08-25T16:13:30.336+02:00,131,0.11862739112905651,0.3,0,0.128908,499.9639671619889
2026-08-25T16:13:30.593+02:00,132,0.0935701461154978,0.3,0,0.128333,499.92406074831723
2026-08-25T16:13:30.850+02:00,133,0.12438261616103041,0.3,0,0.137833,499.93670486759015
2026-08-25T16:13:31.107+02:00,134,0.1338139129806327,0.3,0,0.129629,499.9254815815954
2026-08-25T16:13:31.364+02:00,135,0.12497205730697865,0.3,0,0.128648,499.93109414602077
2026-08-25T16:13:31.621+02:00,136,0.13302679165623688,0.3,0,0.228204,500.3977176815111
2026-08-25T16:13:31.878+02:00,137,0.12886411589562477,0.3,0,0.127093,500.0217076360038
2026-08-25T16:13:32.135+02:00,138,0.12370880199302799,0.3,0,0.128834,499.95212269503696
2026-08-25T16:13:32.392+02:00,139,0.10711900698400349,0.3,0,0.128259,499.9307281003886
2026-08-25T16:13:32.649+02:00,140,0.08718652583947366,0.3,0,0.133741,499.9502628192647
2026-08-25T16:13:32.905+02:00,141,0.1335872396247512,0.3,0,0.126889,499.9518668324178
2026-08-25T16:13:33.162+02:00,142,0.12603790703909645,0.3,0,0.127352,499.9134913501686
2026-08-25T16:13:33.419+02:00,143,0.10454101216616873,0.3,0,0.139426,499.948113654673
2026-08-25T16:13:33.676+02:00,144,0.12231409767908359,0.3,0,0.123481,499.9694723381125
2026-08-25T16:13:33.933+02:00,145,0.12396343840224706,0.3,0,0.138555,499.8589453132692
2026-08-25T16:13:34.189+02:00,146,0.09695157780753198,0.3,0,0.115204,499.9534334732826
2026-08-25T16:13:34.446+02:00,147,0.07847871177500947,0.3,0,0.177333,499.93473686908925
2026-08-25T16:13:34.703+02:00,148,0.1318165334466659,0.3,0,0.123537,499.94297303584045
2026-08-25T16:13:34.960+02:00,149,0.13975328895254355,0.3,0,0.170148,499.92285835633413
2026-08-25T16:13:35.217+02:00,150,0.17103332062404553,0.3,0,0.125685,500.05054645164336
2026-08-25T16:13:35.474+02:00,151,0.15007760810882584,0.3,0,0.128518,499.9433036729507
2026-08-25T16:13:35.731+02:00,152,0.11748234353094715,0.3,0,0.126371,499.9430104311764
2026-08-25T16:13:35.988+02:00,153,0.10732370184667256,0.3,0,0.136334,499.9707477769917
2026-08-25T16:13:36.245+02:00,154,0.16224192424593356,0.3,0,0.12937,499.95649590633593
2026-08-25T16:13:36.501+02:00,155,0.13299663155352315,0.3,0,0.126667,499.92285835633413
2026-08-25T16:13:36.758+02:00,156,0.09510735446293328,0.3,0,0.124519,499.9574071705134
2026-08-25T16:13:37.016+02:00,157,0.12244904277282398,0.3,0,0.312685,499.90788114246976
2026-08-25T16:13:37.273+02:00,158,0.13705945397565245,0.3,0,0.127982,500.0850420242062
2026-08-25T16:13:37.530+02:00,159,0.13554800230615682,0.3,0,0.115722,499.9289077458373
2026-08-25T16:13:37.787+02:00,160,0.1392624948742068,0.3,0,0.127537,499.95088277870457
2026-08-25T16:13:38.043+02:00,161,0.09137661680756064,0.3,0,0.130796,499.81537528091184
2026-08-25T16:13:38.300+02:00,162,0.10013991384216459,0.3,0,0.128482,499.95733238269975
2026-08-25T16:13:38.557+02:00,163,0.1508189186650036,0.3,0,0.127907,499.97617830182907
2026-08-25T16:13:38.814+02:00,164,0.12777273436538295,0.3,0,0.12526,499.9284315070423
2026-08-25T16:13:39.071+02:00,165,0.15628273788707028,0.3,0,0.127851,499.94078654607296
2026-08-25T16:13:39.328+02:00,166,0.12771595582509576,0.3,0,0.126408,499.9518668395778
2026-08-25T16:13:39.584+02:00,167,0.12183965630684108,0.3,0,0.130759,499.93342618887925
2026-08-25T16:13:39.841+02:00,168,0.15669907738246872,0.3,0,0.127834,499.946072750859
2026-08-25T16:13:40.098+02:00,169,0.11214120809849604,0.3,0,0.128296,499.9606507348666
2026-08-25T16:13:40.355+02:00,170,0.13591789809019753,0.3,0,0.128037,499.9554764062213
2026-08-25T16:13:40.612+02:00,171,0.13960379182723281,0.3,0,0.151222,499.9433745187029
2026-08-25T16:13:40.869+02:00,172,0.1329157172427967,0.3,0,0.127556,499.9616722251605
2026-08-25T16:13:41.125+02:00,173,0.10472011864492282,0.3,0,0.129296,499.93561262142555
2026-08-25T16:13:41.382+02:00,174,0.15663007574065965,0.3,0,0.125111,499.91884978528714
2026-08-25T16:13:41.639+02:00,175,0.14011184673703106,0.3,0,0.126555,499.9487709978206
2026-08-25T16:13:41.896+02:00,176,0.1365516465653496,0.3,0,0.132148,499.95689544903934
2026-08-25T16:13:42.153+02:00,177,0.12234019306401493,0.3,0,0.130519,499.92238212906454
2026-08-25T16:13:42.409+02:00,178,0.14194960030530476,0.3,0,0.115648,499.9433745258626
2026-08-25T16:13:42.666+02:00,179,0.12589296033663802,0.3,0,0.12787,499.9645891173561
2026-08-25T16:13:42.923+02:00,180,0.10578728193285229,0.3,0,0.136426,499.94446876772463
2026-08-25T16:13:43.180+02:00,181,0.15043907385549224,0.3,0,0.133925,499.99557090585296
2026-08-25T16:13:43.437+02:00,182,0.14446518589166635,0.3,0,0.128611,499.9692892871281
2026-08-25T16:13:43.694+02:00,183,0.15020611424790134,0.3,0,0.134963,499.94009379792294
2026-08-25T16:13:43.951+02:00,184,0.12063947712231264,0.3,0,0.141704,499.9567517736932
2026-08-25T16:13:44.207+02:00,185,0.09076272898736819,0.3,0,0.12674,500.01871920300107
2026-08-25T16:13:44.464+02:00,186,0.09163397262836892,0.3,0,0.137408,499.927048042785
2026-08-25T16:13:44.721+02:00,187,0.12391483784686501,0.3,0,0.156851,499.94297500476955
2026-08-25T16:13:44.978+02:00,188,0.15471517821675285,0.3,0,0.141666,499.96076095259554
2026-08-25T16:13:45.235+02:00,189,0.12083652313464306,0.3,0,0.127166,499.98638619301624
2026-08-25T16:13:45.492+02:00,190,0.13952606841540777,0.3,0,0.12687,499.9418433814392
2026-08-25T16:13:45.749+02:00,191,0.09408836342557225,0.3,0,0.12987,499.9599225028567
2026-08-25T16:13:46.005+02:00,192,0.08621716389324104,0.3,0,0.125666,499.9465470543079
2026-08-25T16:13:46.262+02:00,193,0.16269374553232904,0.3,0,0.12787,499.9275931585756
2026-08-25T16:13:46.519+02:00,194,0.13900078735207977,0.3,0,0.13087,499.9792410206944
2026-08-25T16:13:46.776+02:00,195,0.11816505278194282,0.3,0,0.133444,499.95445493408494
2026-08-25T16:13:47.033+02:00,196,0.10026156590379938,0.3,0,0.126574,499.93244220059853
2026-08-25T16:13:47.290+02:00,197,0.13141288242382565,0.3,0,0.128408,499.9392199916268
2026-08-25T16:13:47.546+02:00,198,0.09191951240565495,0.3,0,0.139907,499.9480762585736
2026-08-25T16:13:47.803+02:00,199,0.1510428925452337,0.3,0,0.126648,499.9142568307989
2026-08-25T16:13:48.060+02:00,200,0.1599123600894717,0.3,0,0.123556,499.9434847359746
2026-08-25T16:13:48.317+02:00,201,1.3488820075983317,0.3,1,0.126537,499.9573343517419
2026-08-25T16:13:48.574+02:00,202,0.13421604297215972,0.3,0,0.128463,499.9098469680308
2026-08-25T16:13:48.830+02:00,203,0.11719345769128786,0.3,0,0.174093,499.934882500648
2026-08-25T16:13:49.087+02:00,204,0.1880576641479017,0.3,0,0.12587,500.00012598134725
2026-08-25T16:13:49.344+02:00,205,0.2954782961964355,0.3,0,0.133962,499.9158606200795
2026-08-25T16:13:49.601+02:00,206,0.11678526732709778,0.3,0,0.1325,499.93790928790986
2026-08-25T16:13:49.858+02:00,207,0.16148394198036917,0.3,0,0.148703,499.91914102997794
2026-08-25T16:13:50.115+02:00,208,0.19085523403027826,0.3,0,0.165519,499.9840142853184
2026-08-25T16:13:50.372+02:00,209,0.17421023500245147,0.3,0,0.149463,499.94989872170527
2026-08-25T16:13:50.629+02:00,210,0.2905435483376971,0.3,0,0.1245,499.96896059194
2026-08-25T16:13:50.886+02:00,211,0.33531744198290464,0.3,1,0.128981,499.92161858515254
2026-08-25T16:13:51.142+02:00,212,0.13975807805976004,0.3,0,0.147556,499.92548157443616
2026-08-25T16:13:51.399+02:00,213,0.1329031831373025,0.3,0,0.130204,499.95780867655907
2026-08-25T16:13:51.656+02:00,214,0.1899000206305402,0.3,0,0.130481,499.9626917577044
2026-08-25T16:13:51.913+02:00,215,0.11819839144630369,0.3,0,0.129129,499.9244248154029
2026-08-25T16:13:52.170+02:00,216,0.09210000475779268,0.3,0,0.123408,499.94866078537797
2026-08-25T16:13:52.427+02:00,217,0.1126009650289896,0.3,0,0.138593,499.95988707405303
2026-08-25T16:13:52.683+02:00,218,1.810856495979828,0.3,1,0.136871,499.9156795770642
2026-08-25T16:13:52.940+02:00,219,0.5262332913128915,0.3,1,0.132519,499.9496802648561
2026-08-25T16:13:53.197+02:00,220,0.13564996592596876,0.3,0,0.127259,499.9941496741471
2026-08-25T16:13:53.454+02:00,221,0.06431720409454544,0.3,0,0.124389,499.9372893606449
2026-08-25T16:13:53.711+02:00,222,0.11841333086937726,0.3,0,0.124907,499.9502628264247
2026-08-25T16:13:53.967+02:00,223,0.10924559396806573,0.3,0,0.125019,499.944031856548
2026-08-25T16:13:54.224+02:00,224,0.21777831023458796,0.3,0,0.11963,499.9288683909524
2026-08-25T16:13:54.481+02:00,225,0.11171984936838315,0.3,0,0.126908,499.9519750844339
2026-08-25T16:13:54.738+02:00,226,0.16645386552404004,0.3,0,0.125445,499.948221897904
2026-08-25T16:13:54.995+02:00,227,0.1634190843687288,0.3,0,0.127203,499.90685987196895
2026-08-25T16:13:55.252+02:00,228,0.12332276813707566,0.3,0,0.129556,499.93951125289317
2026-08-25T16:13:55.509+02:00,229,0.1934209169830806,0.3,0,0.160223,499.8909352109444
2026-08-25T16:13:55.765+02:00,230,0.20846546933515497,0.3,0,0.123204,499.9412608394918
2026-08-25T16:13:56.022+02:00,231,5.521244752552183,0.3,1,0.127445,499.9172105612307
2026-08-25T16:13:56.279+02:00,232,0.42487158590708657,0.3,1,0.127611,499.94771216419895
2026-08-25T16:13:56.536+02:00,233,0.07331769924194627,0.3,0,0.123833,499.955840519065
2026-08-25T16:13:56.793+02:00,234,0.12278701122461777,0.3,0,0.126222,499.9104314054451
2026-08-25T16:13:57.050+02:00,235,3.4989896687094766,0.3,1,0.126889,499.9372165477336
2026-08-25T16:13:57.306+02:00,236,1.5083191375892546,0.3,1,0.124815,499.9707458078438
2026-08-25T16:13:57.563+02:00,237,0.12656029673506852,0.3,0,0.128889,499.923332630055
2026-08-25T16:13:57.820+02:00,238,0.14628857412745097,0.3,0,0.135685,499.9534334732826
2026-08-25T16:13:58.077+02:00,239,0.1466313195962409,0.3,0,0.128167,499.946582481221
2026-08-25T16:13:58.334+02:00,240,0.2702546253637455,0.3,0,0.123185,499.9366340165687
2026-08-25T16:13:58.590+02:00,241,0.12031885178466102,0.3,0,0.112204,499.9578441050682
2026-08-25T16:13:58.847+02:00,242,0.12224899262104809,0.3,0,0.125389,499.9626563285083
2026-08-25T16:13:59.104+02:00,243,0.13328795470273894,0.3,0,0.126148,499.93036403128156
2026-08-25T16:13:59.361+02:00,244,0.11418871986807251,0.3,0,0.128093,499.9416997147441
2026-08-25T16:13:59.618+02:00,245,0.19208006805515035,0.3,0,0.230185,499.95642308782993
2026-08-25T16:13:59.875+02:00,246,0.11501207267164008,0.3,0,0.136315,499.9656795210307
2026-08-25T16:14:00.132+02:00,247,0.21175954592273674,0.3,0,0.126518,499.93189510539133
2026-08-25T16:14:00.389+02:00,248,0.09175487423741509,0.3,0,0.124685,499.9555846598006
2026-08-25T16:14:00.646+02:00,249,0.15973360345402998,0.3,0,0.153722,499.9210360903368
2026-08-25T16:14:00.903+02:00,250,0.15851293458669424,0.3,0,0.130093,499.9788020795282
2026-08-25T16:14:01.160+02:00,251,0.11852526135024928,0.3,0,0.126019,499.95868254783596
2026-08-25T16:14:01.416+02:00,252,0.17583519302742592,0.3,0,0.133167,499.95489187063964
2026-08-25T16:14:01.673+02:00,253,0.12056604267630651,0.3,0,0.147445,499.89978977441757
2026-08-25T16:14:01.930+02:00,254,0.12015629498713076,0.3,0,0.13487,499.93240481400295
2026-08-25T16:14:02.187+02:00,255,0.1039559577370072,0.3,0,0.125111,499.98346905363985
2026-08-25T16:14:02.444+02:00,256,0.1272766612894205,0.3,0,0.139314,499.90824518599044
2026-08-25T16:14:02.700+02:00,257,0.13608967649179907,0.3,0,0.116556,499.9449411063453
2026-08-25T16:14:02.957+02:00,258,0.11288918697302153,0.3,0,0.129018,499.9388559029918
2026-08-25T16:14:03.214+02:00,259,0.16926913445133607,0.3,0,0.12624,499.93951125289317
2026-08-25T16:14:03.471+02:00,260,0.09689275167937576,0.3,0,0.124315,499.95806454526
2026-08-25T16:14:03.728+02:00,261,0.15340188448504233,0.3,0,0.127389,499.9401311785088
2026-08-25T16:14:03.985+02:00,262,0.15655522366109897,0.3,0,0.126056,499.87027579695655
2026-08-25T16:14:04.241+02:00,263,0.09745143968121628,0.3,0,0.125722,499.94855057298395
2026-08-25T16:14:04.498+02:00,264,0.13363705228473988,0.3,0,0.122426,499.9533980453985
2026-08-25T16:14:04.755+02:00,265,0.09428568612871875,0.3,0,0.124815,499.9582830094364
2026-08-25T16:14:05.012+02:00,266,0.09537191765804061,0.3,0,0.124203,499.9544195132162
2026-08-25T16:14:05.269+02:00,267,0.11356838991809089,0.3,0,0.127426,499.9579897500895
2026-08-25T16:14:05.525+02:00,268,0.13278197334721678,0.3,0,0.125315,499.93707091481514
2026-08-25T16:14:05.782+02:00,269,0.09358482342993311,0.3,0,0.182093,499.94005836476975
2026-08-25T16:14:06.039+02:00,270,0.11845299933744495,0.3,0,0.123963,499.9879884758479
2026-08-25T16:14:06.296+02:00,271,0.12877787920016873,0.3,0,0.127408,499.94377600221014
2026-08-25T16:14:06.553+02:00,272,0.09809956848532408,0.3,0,0.126,499.90835341195833
2026-08-25T16:14:06.810+02:00,273,0.1317832264693388,0.3,0,0.127129,499.9453051966839
2026-08-25T16:14:07.067+02:00,274,0.12799039686308825,0.3,0,0.13276,499.95653331085504
2026-08-25T16:14:07.323+02:00,275,0.16576876032491997,0.3,0,0.1265,499.8954529676048
2026-08-25T16:14:07.580+02:00,276,0.143054715164209,0.3,0,0.131537,499.9440672759449
2026-08-25T16:14:07.837+02:00,277,0.1353328693861986,0.3,0,0.124481,500.000381886203
2026-08-25T16:14:08.094+02:00,278,0.16307886024758092,0.3,0,0.128093,499.9277781478387
2026-08-25T16:14:08.351+02:00,279,0.10786491833327687,0.3,0,0.113408,499.95605898129776
2026-08-25T16:14:08.607+02:00,280,0.19310427694436547,0.3,0,0.128112,499.9593379568785
2026-08-25T16:14:08.864+02:00,281,0.12984907189413097,0.3,0,0.129259,499.8947623136322
2026-08-25T16:14:09.121+02:00,282,0.09538064450146126,0.3,0,0.129908,499.9393656257974
2026-08-25T16:14:09.378+02:00,283,0.11673030789803344,0.3,0,0.12937,499.95791889303496
2026-08-25T16:14:09.635+02:00,284,0.1297105456903361,0.3,0,0.122963,499.94916855203945
2026-08-25T16:14:09.891+02:00,285,0.1491461068444658,0.3,0,0.128111,499.9399127301956
2026-08-25T16:14:10.148+02:00,286,0.08747231198818169,0.3,0,0.128092,499.9519416257563
2026-08-25T16:14:10.405+02:00,287,0.10704716259551302,0.3,0,0.125112,499.94209921947953
2026-08-25T16:14:10.662+02:00,288,0.12329456079966705,0.3,0,0.126648,499.9321489715656
2026-08-25T16:14:10.919+02:00,289,0.0871800314628673,0.3,0,0.157648,499.9283980515159
2026-08-25T16:14:11.176+02:00,290,0.10460904930024406,0.3,0,0.146574,499.9675749342367
2026-08-25T16:14:11.433+02:00,291,0.08875656055348191,0.3,0,0.165129,499.91797409167776
2026-08-25T16:14:11.690+02:00,292,0.1153384576420627,0.3,0,0.160833,499.93076549389275
2026-08-25T16:14:11.947+02:00,293,0.14984456912351077,0.3,0,0.135278,499.9890809437224
2026-08-25T16:14:12.204+02:00,294,0.1274141488273989,0.3,0,0.125167,499.92026862019503
2026-08-25T16:14:12.460+02:00,295,0.10979934765507637,0.3,0,0.114797,499.94599795927644
2026-08-25T16:14:12.717+02:00,296,0.117674495483155,0.3,0,0.127278,499.95897383894044
2026-08-25T16:14:12.974+02:00,297,0.127773837584538,0.3,0,0.134278,499.90598422036373
2026-08-25T16:14:13.231+02:00,298,0.13084612854101826,0.3,0,0.115111,499.9560944095589
2026-08-25T16:14:13.488+02:00,299,0.11052308694943154,0.3,0,0.126259,499.9488418451222
2026-08-25T16:14:13.744+02:00,300,0.09613137857377567,0.3,0,0.124648,499.8880565652213
2026-08-25T16:14:14.001+02:00,301,0.16116372262730766,0.3,0,0.1285,499.94709221262247
2026-08-25T16:14:14.258+02:00,302,0.09267527145699199,0.3,0,0.127667,499.95120948112924
2026-08-25T16:14:14.515+02:00,303,0.16263621280636664,0.3,0,0.125574,499.93830879374707
2026-08-25T16:14:14.772+02:00,304,0.13487698017042057,0.3,0,0.1255,499.95390779069794
2026-08-25T16:14:15.029+02:00,305,0.08572293248421185,0.3,0,0.125611,499.9534334732826
2026-08-25T16:14:15.285+02:00,306,0.29655216138595425,0.3,0,0.125481,499.934046099404
2026-08-25T16:14:15.542+02:00,307,0.14658413140866322,0.3,0,0.129037,499.9452697699518
2026-08-25T16:14:15.799+02:00,308,0.28190242671712573,0.3,0,0.127185,499.9777076873687
2026-08-25T16:14:16.056+02:00,309,0.2817194193818982,0.3,0,0.127,499.964843023896
2026-08-25T16:14:16.313+02:00,310,0.19679376296096418,0.3,0,0.124574,499.9734462903065
2026-08-25T16:14:16.569+02:00,311,0.23093805685467986,0.3,0,0.125555,499.9478951993839
2026-08-25T16:14:16.826+02:00,312,0.11690360653106335,0.3,0,0.156407,499.9397297080152
2026-08-25T16:14:17.083+02:00,313,0.15705194213807308,0.3,0,0.152167,499.9067496780039
2026-08-25T16:14:17.340+02:00,314,0.1545111155388561,0.3,0,0.140741,499.97275148247934
2026-08-25T16:14:17.597+02:00,315,0.18537582589929139,0.3,0,0.123667,500.01835500572565
2026-08-25T16:14:17.854+02:00,316,0.19228131310424126,0.3,0,0.125444,499.9071511026896
2026-08-25T16:14:18.111+02:00,317,0.18477583660795224,0.3,0,0.112926,499.95430929828314
2026-08-25T16:14:18.368+02:00,318,0.19654743361038943,0.3,0,0.238815,499.9317140507622
2026-08-25T16:14:18.625+02:00,319,0.1085038932921621,0.3,0,0.125704,499.9520852983378
2026-08-25T16:14:18.882+02:00,320,0.1009205828718412,0.3,0,0.125019,499.9174644196505
2026-08-25T16:14:19.139+02:00,321,0.08371050790342031,0.3,0,0.126185,499.9722771293084
2026-08-25T16:14:19.395+02:00,322,0.1278647216118817,0.3,0,0.125611,499.93834618838525
2026-08-25T16:14:19.652+02:00,323,0.14266080739885237,0.3,0,0.180797,499.75280140950304
2026-08-25T16:14:19.909+02:00,324,0.07807105005576442,0.3,0,0.122981,500.06068453091945
2026-08-25T16:14:20.166+02:00,325,0.11934328564726848,0.3,0,0.126926,499.9505914970282
2026-08-25T16:14:20.423+02:00,326,0.13569869666947404,0.3,0,0.125333,499.90008099690067
2026-08-25T16:14:20.680+02:00,327,0.13637811159293278,0.3,0,0.138074,499.9592670994418
2026-08-25T16:14:20.937+02:00,328,0.12484247324768417,0.3,0,0.126537,499.97672352476735
2026-08-25T16:14:21.193+02:00,329,0.14238864653035047,0.3,0,0.12774,499.9301101669201
2026-08-25T16:14:21.450+02:00,330,0.10673396585067792,0.3,0,0.147315,499.9398773113874
2026-08-25T16:14:21.707+02:00,331,0.10616775859370975,0.3,0,0.127315,500.0227667830773
2026-08-25T16:14:21.964+02:00,332,0.16606553977649874,0.3,0,0.129241,499.86634086136195
2026-08-25T16:14:22.221+02:00,333,0.11434802658490788,0.3,0,0.142241,499.9297087053614
2026-08-25T16:14:22.478+02:00,334,0.1512173425058038,0.3,0,0.126056,499.9745741255132
2026-08-25T16:14:22.735+02:00,335,0.08885516511498337,0.3,0,0.127074,499.8733726278757
2026-08-25T16:14:22.991+02:00,336,0.10654895755497067,0.3,0,0.128908,499.9559487656419
2026-08-25T16:14:23.248+02:00,337,0.11343296875024607,0.3,0,0.125426,499.9511386331566
2026-08-25T16:14:23.505+02:00,338,0.1349301361276575,0.3,0,0.127704,499.9322611455731
2026-08-25T16:14:23.762+02:00,339,0.11652465656418616,0.3,0,0.129315,499.91553395669297
2026-08-25T16:14:24.019+02:00,340,0.2094282028880018,0.3,0,0.125351,499.9663369175315
2026-08-25T16:14:24.275+02:00,341,0.1542026749649452,0.3,0,0.123611,499.9417725289613
2026-08-25T16:14:24.532+02:00,342,0.2824417308978795,0.3,0,0.129704,499.9173187910805
2026-08-25T16:14:24.789+02:00,343,0.1762627693569813,0.3,0,0.125445,499.95518315016693
2026-08-25T16:14:25.046+02:00,344,0.23834991364583402,0.3,0,0.12237,499.95263244489576
2026-08-25T16:14:25.303+02:00,345,0.2131634287144486,0.3,0,0.134889,499.93674225482886
2026-08-25T16:14:25.560+02:00,346,0.08307086027073574,0.3,0,0.131389,499.9637112944065
2026-08-25T16:14:25.816+02:00,347,0.43270226052889527,0.3,1,0.124055,499.96097942628865
2026-08-25T16:14:26.073+02:00,348,0.12102551760632381,0.3,0,0.136074,499.89931555252406
2026-08-25T16:14:26.330+02:00,349,0.31170865925755703,0.3,1,0.142481,499.95230376444874
2026-08-25T16:14:26.587+02:00,350,0.07135854365672056,0.3,0,0.123685,499.96312870149615
2026-08-25T16:14:26.844+02:00,351,0.18443456604843303,0.3,0,0.125666,499.9227481624751
2026-08-25T16:14:27.101+02:00,352,0.13372747685341815,0.3,0,0.125241,499.9539806084713
2026-08-25T16:14:27.358+02:00,353,0.20928714288576686,0.3,0,0.158629,499.92741408302817
2026-08-25T16:14:27.615+02:00,354,0.22049163500427527,0.3,0,0.161037,499.8822639482735
2026-08-25T16:14:27.872+02:00,355,0.1785254061558699,0.3,0,0.168889,499.97461152557673
2026-08-25T16:14:28.128+02:00,356,0.1083357184050211,0.3,0,0.129555,499.9784379403991
2026-08-25T16:14:28.385+02:00,357,0.24951187528102356,0.3,0,0.125778,499.9424278865092
2026-08-25T16:14:28.642+02:00,358,0.14343212525565632,0.3,0,0.124963,499.8998625764273
2026-08-25T16:14:28.899+02:00,359,0.08277539094949664,0.3,0,0.139815,499.95955642216774
2026-08-25T16:14:29.156+02:00,360,0.12230601049749797,0.3,0,0.137166,499.95467339510674
2026-08-25T16:14:29.413+02:00,361,0.1755314506264026,0.3,0,0.13,499.91374715919227
2026-08-25T16:14:29.669+02:00,362,0.1291265320988053,0.3,0,0.125704,499.9510284196701
2026-08-25T16:14:29.926+02:00,363,0.12226452620993156,0.3,0,0.125814,499.9311669571487
2026-08-25T16:14:30.183+02:00,364,0.15174480941487078,0.3,0,0.124407,499.89556315658956
2026-08-25T16:14:30.440+02:00,365,0.1220672060907299,0.3,0,0.131982,499.9520852983378
2026-08-25T16:14:30.697+02:00,366,0.09988120688412527,0.3,0,0.126148,499.96600821190464
2026-08-25T16:14:30.954+02:00,367,0.09173591057297026,0.3,0,0.129315,499.914148595116
2026-08-25T16:14:31.210+02:00,368,0.15750616271260634,0.3,0,0.14576,499.95963121064676
2026-08-25T16:14:31.467+02:00,369,0.2241355165120712,0.3,0,0.127908,499.9677225540516
2026-08-25T16:14:31.724+02:00,370,0.18993541796651212,0.3,0,0.127537,499.92923442670195
2026-08-25T16:14:31.981+02:00,371,0.12177160943051539,0.3,0,0.139778,499.9460707747457
2026-08-25T16:14:32.238+02:00,372,0.10474157021786734,0.3,0,0.125223,500.01157310653116
2026-08-25T16:14:32.495+02:00,373,0.13749582967763785,0.3,0,0.128963,499.9518294429169
2026-08-25T16:14:32.752+02:00,374,0.11222273110284735,0.3,0,0.152593,499.9213627680731
2026-08-25T16:14:33.009+02:00,375,0.13257939763414583,0.3,0,0.154037,499.9933839488298
2026-08-25T16:14:33.265+02:00,376,0.12876087425340454,0.3,0,0.123685,499.928213061794
2026-08-25T16:14:33.522+02:00,377,0.1202217361446755,0.3,0,0.125852,499.9220554643143
2026-08-25T16:14:33.779+02:00,378,0.1418079615570367,0.3,0,0.125333,499.94709221262247
2026-08-25T16:14:34.036+02:00,379,0.1834194542030048,0.3,0,0.125685,500.08989214382143
2026-08-25T16:14:34.293+02:00,380,0.13854704069817947,0.3,0,0.15813,499.95161098438047
2026-08-25T16:14:34.549+02:00,381,0.13253426156559803,0.3,0,0.126537,499.95372475827054
2026-08-25T16:14:34.806+02:00,382,0.14257418829963822,0.3,0,0.125408,499.970383642434
2026-08-25T16:14:35.063+02:00,383,0.14082271467290977,0.3,0,0.127592,499.8962912011222
2026-08-25T16:14:35.320+02:00,384,0.14593087530032753,0.3,0,0.142352,499.9387830896242
2026-08-25T16:14:35.577+02:00,385,0.13534381506384166,0.3,0,0.127926,499.95897383894044
2026-08-25T16:14:35.834+02:00,386,0.14149327111682966,0.3,0,0.124611,499.8341357482368
2026-08-25T16:14:36.090+02:00,387,0.08857651096074726,0.3,0,0.150463,499.9512468776974
2026-08-25T16:14:36.347+02:00,388,0.09145505352863685,0.3,0,0.132389,499.9619635197488
2026-08-25T16:14:36.604+02:00,389,0.12767241236254492,0.3,0,0.134704,499.92540680333286
2026-08-25T16:14:36.861+02:00,390,0.1344273657284306,0.3,0,0.12487,499.9266839790378
2026-08-25T16:14:37.118+02:00,391,0.14176765878281353,0.3,0,0.127926,499.9745013017409
2026-08-25T16:14:37.375+02:00,392,0.1686012405026176,0.3,0,0.128796,499.9287601489424
2026-08-25T16:14:37.631+02:00,393,0.17914852214686736,0.3,0,0.120037,499.94960744117554
2026-08-25T16:14:37.888+02:00,394,0.15373981188782082,0.3,0,0.125426,499.94986330148214
2026-08-25T16:14:38.145+02:00,395,0.13263054044718725,0.3,0,0.160926,499.9797862503125
2026-08-25T16:14:38.402+02:00,396,0.11468975418352127,0.3,0,0.125296,499.95124688485737
2026-08-25T16:14:38.659+02:00,397,0.18720540007798783,0.3,0,0.126259,499.94927877186586
2026-08-25T16:14:38.916+02:00,398,0.10394630057852083,0.3,0,0.127463,499.95642308782993
2026-08-25T16:14:39.172+02:00,399,0.1164490418955914,0.3,0,0.127648,499.9248616923102
2026-08-25T16:14:39.429+02:00,400,0.14375416463915577,0.3,0,0.127574,499.9541262584017
2026-08-25T16:14:39.686+02:00,401,0.12076048754072459,0.3,0,0.130278,499.9550749039216
2026-08-25T16:14:39.943+02:00,402,0.15337045845436478,0.3,0,0.126444,499.8856521405646
2026-08-25T16:14:40.200+02:00,403,0.12911031237341886,0.3,0,0.125685,499.96006814908895
2026-08-25T16:14:40.457+02:00,404,0.09296645617098154,0.3,0,0.129759,499.97103907499496
2026-08-25T16:14:40.713+02:00,405,0.11874567831203049,0.3,0,0.127519,499.9222384735543
2026-08-25T16:14:40.970+02:00,406,0.1454573927736984,0.3,0,0.138797,499.94767476815963
2026-08-25T16:14:41.227+02:00,407,0.10921146552287075,0.3,0,0.125037,500.0429643167057
2026-08-25T16:14:41.484+02:00,408,0.09962631270640558,0.3,0,0.126055,499.95248680299574
2026-08-25T16:14:41.741+02:00,409,0.14163529739642775,0.3,0,0.142241,499.9607235617644
2026-08-25T16:14:41.998+02:00,410,0.15031553523407984,0.3,0,0.12626,500.01153766324506
2026-08-25T16:14:42.254+02:00,411,0.15709821940133825,0.3,0,0.125444,499.9353941770611
2026-08-25T16:14:42.511+02:00,412,0.13292094073716276,0.3,0,0.124018,499.950737137824
2026-08-25T16:14:42.768+02:00,413,0.09162637090330701,0.3,0,0.125815,499.95974142792625
2026-08-25T16:14:43.025+02:00,414,0.17460770037561135,0.3,0,0.126,499.9439216461949
2026-08-25T16:14:43.282+02:00,415,0.11810116763389239,0.3,0,0.113055,499.94067829890196
2026-08-25T16:14:43.538+02:00,416,0.13304238603675364,0.3,0,0.129926,499.97020059794283
2026-08-25T16:14:43.795+02:00,417,0.10873325774967253,0.3,0,0.1265,499.9407511128216
2026-08-25T16:14:44.052+02:00,418,0.07240128770954495,0.3,0,0.125055,499.91768284834666
2026-08-25T16:14:44.309+02:00,419,0.10675830732338731,0.3,0,0.127111,499.9499341490934
2026-08-25T16:14:44.566+02:00,420,0.13125833707227966,0.3,0,0.123722,499.9457794986764
2026-08-25T16:14:44.822+02:00,421,0.15358698184798905,0.3,0,0.136074,499.93262325575506
2026-08-25T16:14:45.079+02:00,422,0.12371495329976841,0.3,0,0.127593,499.942427893669
2026-08-25T16:14:45.336+02:00,423,0.10133091188977812,0.3,0,0.129148,499.9702005907823
2026-08-25T16:14:45.593+02:00,424,0.18408048563031032,0.3,0,0.127537,499.9272290940345
2026-08-25T16:14:45.850+02:00,425,0.0856807153264277,0.3,0,0.125241,499.94760391402883
2026-08-25T16:14:46.106+02:00,426,0.08847217254553363,0.3,0,0.146556,499.966809290314
2026-08-25T16:14:46.363+02:00,427,0.10066881871687612,0.3,0,0.162111,499.9151325185444
2026-08-25T16:14:46.621+02:00,428,0.10656515806053779,0.3,0,0.261815,499.8604385669693
2026-08-25T16:14:46.878+02:00,429,0.10765523492438904,0.3,0,0.130686,500.0298029584516
2026-08-25T16:14:47.135+02:00,430,0.11336757558340844,0.3,0,0.130611,499.9371063332257
2026-08-25T16:14:47.391+02:00,431,0.10618339066753624,0.3,0,0.123093,499.9473106743697
2026-08-25T16:14:47.648+02:00,432,0.10885812715847516,0.3,0,0.123981,499.94567125650303
2026-08-25T16:14:47.905+02:00,433,0.07781765397653177,0.3,0,0.126352,499.92606408677074
2026-08-25T16:14:48.162+02:00,434,0.12364957933535219,0.3,0,0.112203,499.9286145281099
2026-08-25T16:14:48.419+02:00,435,0.12083285009456672,0.3,0,0.156055,499.937143727684
2026-08-25T16:14:48.676+02:00,436,0.16056025358173245,0.3,0,0.151351,499.94723982034213
2026-08-25T16:14:48.932+02:00,437,0.1708655038235657,0.3,0,0.129186,499.89505352309936
2026-08-25T16:14:49.189+02:00,438,0.12747720332899468,0.3,0,0.122223,499.9512114501232
2026-08-25T16:14:49.446+02:00,439,0.11483035925209373,0.3,0,0.126352,499.94876902884585
2026-08-25T16:14:49.703+02:00,440,0.1033327692694268,0.3,0,0.125444,499.9236592964743
2026-08-25T16:14:49.960+02:00,441,0.13117062820230055,0.3,0,0.127037,499.95022739899
2026-08-25T16:14:50.217+02:00,442,0.12750027218161028,0.3,0,0.132408,499.9843075823573
2026-08-25T16:14:50.473+02:00,443,0.09758078690136147,0.3,0,0.136092,499.9157504149875
2026-08-25T16:14:50.730+02:00,444,0.141153678710916,0.3,0,0.145629,499.95857233102333
2026-08-25T16:14:50.987+02:00,445,0.13142519415780504,0.3,0,0.12537,499.99010255735476
2026-08-25T16:14:51.244+02:00,446,0.12813551822245436,0.3,0,0.127667,499.93236938909916
2026-08-25T16:14:51.501+02:00,447,0.09909321527352051,0.3,0,0.126148,499.9517585947685
2026-08-25T16:14:51.758+02:00,448,0.159119797155153,0.3,0,0.133351,499.94592710562097
2026-08-25T16:14:52.014+02:00,449,0.15743010744349806,0.3,0,0.14013,499.92679222014885
2026-08-25T16:14:52.271+02:00,450,0.08584113091447025,0.3,0,0.125556,499.9487316326484
2026-08-25T16:14:52.528+02:00,451,0.1404420128487495,0.3,0,0.128278,499.9451615279992
2026-08-25T16:14:52.785+02:00,452,0.11570760856378078,0.3,0,0.127518,499.9235136714542
2026-08-25T16:14:53.042+02:00,453,0.11080938529873847,0.3,0,0.115092,499.9368150747615
2026-08-25T16:14:53.299+02:00,454,0.13281532726415,0.3,0,0.130018,499.95321501334433
2026-08-25T16:14:53.555+02:00,455,0.09496372747310795,0.3,0,0.127167,499.94330170401906
2026-08-25T16:14:53.812+02:00,456,0.16238704827039138,0.3,0,0.125371,499.92431461369415
2026-08-25T16:14:54.069+02:00,457,0.14622446641329245,0.3,0,0.128074,499.94574407187713
2026-08-25T16:14:54.326+02:00,458,0.12072184794903122,0.3,0,0.129741,499.9670671301862
2026-08-25T16:14:54.583+02:00,459,0.1116878312301226,0.3,0,0.12824,499.91032120990553
2026-08-25T16:14:54.839+02:00,460,0.07855724766642869,0.3,0,0.124556,499.9497904777482
2026-08-25T16:14:55.096+02:00,461,0.15641068038208836,0.3,0,0.1255,499.9671005908884
2026-08-25T16:14:55.353+02:00,462,0.13173121083321013,0.3,0,0.124166,500.2700670547818
2026-08-25T16:14:55.610+02:00,463,0.11268779613409959,0.3,0,0.126556,499.94603731685834
2026-08-25T16:14:55.867+02:00,464,0.11883155357453035,0.3,0,0.12763,499.91086825073654
2026-08-25T16:14:56.123+02:00,465,0.12066657050939848,0.3,0,0.137759,499.92715628405364
2026-08-25T16:14:56.380+02:00,466,0.1757919890467612,0.3,0,0.12763,499.9426463441802
2026-08-25T16:14:56.637+02:00,467,0.17231563443001305,0.3,0,0.126223,499.95150076352576
2026-08-25T16:14:56.894+02:00,468,0.12621883501453382,0.3,0,0.125444,499.92293117222226
2026-08-25T16:14:57.151+02:00,469,0.17347565880468638,0.3,0,0.127574,499.9438842507226
2026-08-25T16:14:57.408+02:00,470,0.11400119749748928,0.3,0,0.126185,499.96859645998563
2026-08-25T16:14:57.664+02:00,471,0.1166444881896771,0.3,0,0.126741,499.9402039994288
2026-08-25T16:14:57.921+02:00,472,0.10267516670633799,0.3,0,0.124871,499.94935158829077
2026-08-25T16:14:58.178+02:00,473,0.08760609716569097,0.3,0,0.126778,499.9504458563173
2026-08-25T16:14:58.435+02:00,474,0.11866809546649233,0.3,0,0.127649,499.93608691218697
2026-08-25T16:14:58.692+02:00,475,0.1096438318918674,0.3,0,0.119333,499.9284689002029
2026-08-25T16:14:58.949+02:00,476,0.11925686380000267,0.3,0,0.157982,499.9154965654674
2026-08-25T16:14:59.205+02:00,477,0.11083338996651448,0.3,0,0.13,499.962290250976
2026-08-25T16:14:59.462+02:00,478,0.11849412040944547,0.3,0,0.127297,499.92941744835736
2026-08-25T16:14:59.719+02:00,479,0.10022772905760809,0.3,0,0.132425,499.9488064250489
2026-08-25T16:14:59.976+02:00,480,0.15697170872724855,0.3,0,0.124074,499.9490976974853
2026-08-25T16:15:00.233+02:00,481,0.11162369280613553,0.3,0,0.127333,499.91396362309837
2026-08-25T16:15:00.490+02:00,482,0.11529741612073756,0.3,0,0.127518,499.94552562581856
2026-08-25T16:15:00.746+02:00,483,0.1174911530142212,0.3,0,0.148778,499.9578441050682
2026-08-25T16:15:01.003+02:00,484,0.1263395619220755,0.3,0,0.1245,499.9111968767044
2026-08-25T16:15:01.260+02:00,485,0.12456281574629317,0.3,0,0.140667,499.94614555919014
2026-08-25T16:15:01.517+02:00,486,0.11484655575586354,0.3,0,0.142,499.9703088435775
2026-08-25T16:15:01.774+02:00,487,0.11598039711396539,0.3,0,0.134704,499.86269715948833
2026-08-25T16:15:02.031+02:00,488,0.11763709621116576,0.3,0,0.133444,499.9649886729951
2026-08-25T16:15:02.287+02:00,489,0.13295407035866538,0.3,0,0.134723,500.02411336251976
2026-08-25T16:15:02.544+02:00,490,0.1326309846962103,0.3,0,0.1335,499.932113546698
2026-08-25T16:15:02.801+02:00,491,0.11162248951338445,0.3,0,0.127315,499.89275725750605
2026-08-25T16:15:03.058+02:00,492,0.13141375670334923,0.3,0,0.124074,499.9438488241919
2026-08-25T16:15:03.315+02:00,493,0.1332878887029562,0.3,0,0.12674,499.9392928051217
2026-08-25T16:15:03.572+02:00,494,0.12340652188396466,0.3,0,0.13387,499.9526678655113
2026-08-25T16:15:03.828+02:00,495,0.10827930614580399,0.3,0,0.125722,499.95897383894044
2026-08-25T16:15:04.085+02:00,496,0.08709008446880873,0.3,0,0.126611,499.9408239339221
2026-08-25T16:15:04.342+02:00,497,0.2140678707853659,0.3,0,0.111426,499.9183007510942
2026-08-25T16:15:04.599+02:00,498,0.06514109903196157,0.3,0,0.126815,499.9406054850035
2026-08-25T16:15:04.856+02:00,499,0.1206932438211119,0.3,0,0.128481,499.95274265192944
2026-08-25T16:15:05.112+02:00,500,0.09778602442469501,0.3,0,0.120686,499.9290533739999
2026-08-25T16:15:05.369+02:00,501,0.09506437144592006,0.3,0,0.125333,499.93932822384704
2026-08-25T16:15:05.626+02:00,502,0.1421989675571028,0.3,0,0.124259,499.9481864707585
2026-08-25T16:15:05.883+02:00,503,0.11085349935059075,0.3,0,0.125333,500.4430674663786
2026-08-25T16:15:06.140+02:00,504,0.11719503051585593,0.3,0,0.127871,499.9590092676147
2026-08-25T16:15:06.396+02:00,505,0.0993419737141572,0.3,0,0.134259,499.94909573566787
2026-08-25T16:15:06.653+02:00,506,0.10941385994669695,0.3,0,0.135204,499.90678509927704
2026-08-25T16:15:06.910+02:00,507,0.14086543967164736,0.3,0,0.141703,499.9592670994418
2026-08-25T16:15:07.167+02:00,508,0.14376356755068131,0.3,0,0.126556,499.98109914284873
2026-08-25T16:15:07.424+02:00,509,0.12151981342120259,0.3,0,0.129666,499.9392573792417
2026-08-25T16:15:07.681+02:00,510,0.09839792798803677,0.3,0,0.138814,499.9578441050682
2026-08-25T16:15:07.938+02:00,511,0.1308663458331066,0.3,0,0.137574,499.94851514579193
2026-08-25T16:15:08.194+02:00,512,0.10959973585062562,0.3,0,0.147352,499.93830879374707
2026-08-25T16:15:08.451+02:00,513,0.16082934555489814,0.3,0,0.132982,499.9308028874025
2026-08-25T16:15:08.708+02:00,514,0.1075443783319024,0.3,0,0.132796,499.9397671028659
2026-08-25T16:15:08.982+02:00,515,0.09934711595239731,0.3,0,0.219982,467.4397017606834
2026-08-25T16:15:09.240+02:00,516,0.17535471692348625,0.3,0,0.162092,500.37340069549714
2026-08-25T16:15:09.497+02:00,517,0.11038596407576495,0.3,0,0.150722,499.97162169350145
2026-08-25T16:15:09.754+02:00,518,0.1619112658510071,0.3,0,0.131371,499.9367068293103
2026-08-25T16:15:10.011+02:00,519,0.12188808156574775,0.3,0,0.125833,499.9517585947685
2026-08-25T16:15:10.267+02:00,520,0.09525254429891705,0.3,0,0.127092,499.9607963815231
2026-08-25T16:15:10.524+02:00,521,0.16769458453739006,0.3,0,0.128426,499.935758260654
2026-08-25T16:15:10.781+02:00,522,0.12250079437691408,0.3,0,0.126945,499.9514653359156
2026-08-25T16:15:11.038+02:00,523,0.09310176939415081,0.3,0,0.130648,499.9715842938852
2026-08-25T16:15:11.295+02:00,524,0.09131714141280707,0.3,0,0.126371,499.9455610454271
2026-08-25T16:15:11.552+02:00,525,0.09721290820448125,0.3,0,0.129296,499.94363037262985
2026-08-25T16:15:11.808+02:00,526,0.12186864847600987,0.3,0,0.130333,499.9520872673387
2026-08-25T16:15:12.065+02:00,527,0.10048203169647844,0.3,0,0.127204,499.9375786579347
2026-08-25T16:15:12.322+02:00,528,0.16743731962316857,0.3,0,0.125166,499.93021839519594
2026-08-25T16:15:12.579+02:00,529,0.11025204710600489,0.3,0,0.13026,499.9534708701834
2026-08-25T16:15:12.836+02:00,530,0.11289844177246937,0.3,0,0.123907,499.9675749413972
2026-08-25T16:15:13.092+02:00,531,0.1285495113271612,0.3,0,0.11187,499.92624710610494
2026-08-25T16:15:13.349+02:00,532,0.09448873380999655,0.3,0,0.126278,499.9460353479051
2026-08-25T16:15:13.606+02:00,533,0.10696371149866064,0.3,0,0.12726,499.9537995450049
2026-08-25T16:15:13.863+02:00,534,0.12412273843597503,0.3,0,0.126778,499.89166521052186
2026-08-25T16:15:14.120+02:00,535,0.11201073482172891,0.3,0,0.135592,499.95084538219095
2026-08-25T16:15:14.377+02:00,536,0.13319150938835186,0.3,0,0.132259,499.9721669065018
2026-08-25T16:15:14.634+02:00,537,0.16141031684143595,0.3,0,0.154704,499.8932314669568
2026-08-25T16:15:14.891+02:00,538,0.11082876154641734,0.3,0,0.170111,499.94727524019356
2026-08-25T16:15:15.148+02:00,539,0.09662483015012839,0.3,0,0.128129,500.0457719022724
2026-08-25T16:15:15.404+02:00,540,0.16979193365866155,0.3,0,0.123704,499.8643006179654
2026-08-25T16:15:15.661+02:00,541,0.0936567250452498,0.3,0,0.126074,499.94935158829077
2026-08-25T16:15:15.918+02:00,542,0.1262319085089499,0.3,0,0.126018,499.9406054850035
2026-08-25T16:15:16.175+02:00,543,0.1689583413696162,0.3,0,0.129426,499.9399855510519
2026-08-25T16:15:16.432+02:00,544,0.1927864029006754,0.3,0,0.126408,499.9278844134539
2026-08-25T16:15:16.688+02:00,545,0.1125540076317056,0.3,0,0.136092,499.9453051966839
2026-08-25T16:15:16.945+02:00,546,0.1055224809184621,0.3,0,0.125851,499.9283586895519
2026-08-25T16:15:17.202+02:00,547,0.10431035750438289,0.3,0,0.125185,499.9261368964335
2026-08-25T16:15:17.459+02:00,548,0.13130297376898645,0.3,0,0.128703,499.94793061932813
2026-08-25T16:15:17.716+02:00,549,0.12483026920436013,0.3,0,0.123129,499.9418059862778
2026-08-25T16:15:17.972+02:00,550,0.11586070564843876,0.3,0,0.111611,499.8891859837232
2026-08-25T16:15:18.229+02:00,551,0.13274050900108936,0.3,0,0.125074,499.95543901618055
2026-08-25T16:15:18.486+02:00,552,0.12235588518652,0.3,0,0.126204,499.94869620543074
2026-08-25T16:15:18.743+02:00,553,0.1186228121562068,0.3,0,0.124703,499.8778172643292
2026-08-25T16:15:19.000+02:00,554,0.0777651120587161,0.3,0,0.127519,499.9542738631149
2026-08-25T16:15:19.257+02:00,555,0.08316276590632572,0.3,0,0.132759,499.95744259896566
2026-08-25T16:15:19.513+02:00,556,0.15377818189466744,0.3,0,0.126611,499.9032883966836
2026-08-25T16:15:19.770+02:00,557,0.13430701139617085,0.3,0,0.1495,499.93298732815265
2026-08-25T16:15:20.027+02:00,558,0.1634691045586331,0.3,0,0.155167,499.9850358782457
2026-08-25T16:15:20.284+02:00,559,0.269156353580613,0.3,0,0.144204,499.9310567524675
2026-08-25T16:15:20.541+02:00,560,0.07953119146027039,0.3,0,0.126704,500.01044509723334
2026-08-25T16:15:20.798+02:00,561,0.1380454119727741,0.3,0,0.126667,499.94847774963245
2026-08-25T16:15:21.055+02:00,562,0.1337194425470886,0.3,0,0.126092,499.93014558434436
2026-08-25T16:15:21.311+02:00,563,0.17734623117330583,0.3,0,0.127333,499.94709221262247
2026-08-25T16:15:21.568+02:00,564,0.10055618255048393,0.3,0,0.125704,499.94986133249876
2026-08-25T16:15:21.825+02:00,565,0.12572040493178527,0.3,0,0.131389,499.9404224551562
2026-08-25T16:15:22.082+02:00,566,0.09354041140883378,0.3,0,0.127889,499.93061986473265
2026-08-25T16:15:22.339+02:00,567,0.12488018736755065,0.3,0,0.12787,499.9542010452562
2026-08-25T16:15:22.596+02:00,568,0.12962745970700715,0.3,0,0.127241,499.93710634038524
2026-08-25T16:15:22.852+02:00,569,0.11899353477860848,0.3,0,0.118037,499.9132001049017
2026-08-25T16:15:23.109+02:00,570,0.17897332532925145,0.3,0,0.124574,499.9563128720135
2026-08-25T16:15:23.366+02:00,571,0.13676766670623733,0.3,0,0.125407,499.95080996183367
2026-08-25T16:15:23.623+02:00,572,0.10971729715283403,0.3,0,0.22263,499.8886389831858
2026-08-25T16:15:23.880+02:00,573,0.13550092621853302,0.3,0,0.140611,500.01215777466115
2026-08-25T16:15:24.137+02:00,574,0.1450116010501432,0.3,0,0.123,500.00504926319195
2026-08-25T16:15:24.394+02:00,575,0.13813583387057005,0.3,0,0.128574,499.9257354412561
2026-08-25T16:15:24.651+02:00,576,0.15100833646454248,0.3,0,0.125111,499.94308325293514
2026-08-25T16:15:24.908+02:00,577,0.3023518785098389,0.3,1,0.128166,499.95616722796916
2026-08-25T16:15:25.164+02:00,578,0.1638146394600953,0.3,0,0.12474,499.93375484450553
2026-08-25T16:15:25.421+02:00,579,0.11397487372510562,0.3,0,0.127834,499.94443137217047
2026-08-25T16:15:25.678+02:00,580,0.1064109261961026,0.3,0,0.127,499.95139252603497
2026-08-25T16:15:25.935+02:00,581,0.12273278075760648,0.3,0,0.125333,499.89490792190253
2026-08-25T16:15:26.192+02:00,582,0.12992564310001656,0.3,0,0.124944,499.9381631601922
2026-08-25T16:15:26.448+02:00,583,0.16362680064489332,0.3,0,0.124611,499.95110123660464
2026-08-25T16:15:26.705+02:00,584,0.12113434412926694,0.3,0,0.127555,499.9339732874374
2026-08-25T16:15:26.962+02:00,585,0.11831262484535611,0.3,0,0.12987,499.98200852747993
2026-08-25T16:15:27.219+02:00,586,0.18650954760603064,0.3,0,0.127519,499.9761409015311
2026-08-25T16:15:27.476+02:00,587,0.16070251825452017,0.3,0,0.127741,499.9525950481204
2026-08-25T16:15:27.733+02:00,588,0.18730436096840472,0.3,0,0.11637,499.85818000201806
2026-08-25T16:15:27.989+02:00,589,0.16092884407428118,0.3,0,0.1345,499.9634928254862
2026-08-25T16:15:28.246+02:00,590,0.10685689606222311,0.3,0,0.136482,499.9658271325659
2026-08-25T16:15:28.503+02:00,591,0.14454562701316043,0.3,0,0.130871,499.9261014795772
2026-08-25T16:15:28.760+02:00,592,0.082154023642572,0.3,0,0.132741,499.9553287936379
2026-08-25T16:15:29.017+02:00,593,0.11886578832221624,0.3,0,0.13524,499.9959331005924
2026-08-25T16:15:29.274+02:00,594,0.09433564899912412,0.3,0,0.136519,499.9382359805388
2026-08-25T16:15:29.530+02:00,595,0.16963824364001198,0.3,0,0.149759,499.96637430920237
2026-08-25T16:15:29.787+02:00,596,0.180105258042112,0.3,0,0.136148,499.95900926045454
2026-08-25T16:15:30.044+02:00,597,0.18539576871179175,0.3,0,0.127925,499.95430929828314
2026-08-25T16:15:30.301+02:00,598,0.18794621319479454,0.3,0,0.127148,499.944287703988
2026-08-25T16:15:30.558+02:00,599,0.11613030534598383,0.3,0,0.159537,499.94552562581856
2026-08-25T16:15:30.815+02:00,600,0.1429222772729384,0.3,0,0.139482,499.95952099341594
2026-08-25T16:15:31.072+02:00,601,0.16272098123280299,0.3,0,0.128333,499.9514299154705
2026-08-25T16:15:31.329+02:00,602,0.14433089219363252,0.3,0,0.125666,499.92785096516
2026-08-25T16:15:31.585+02:00,603,0.10072202888856689,0.3,0,0.12737,499.9413336535811
2026-08-25T16:15:31.842+02:00,604,0.08379401465725637,0.3,0,0.126611,499.9392573792417
2026-08-25T16:15:32.099+02:00,605,0.11022867622853383,0.3,0,0.125407,499.98518153911016
2026-08-25T16:15:32.356+02:00,606,0.1610402293278801,0.3,0,0.12576,499.9604696594086
2026-08-25T16:15:32.613+02:00,607,0.16412957074536202,0.3,0,0.119926,499.9135267723971
2026-08-25T16:15:32.869+02:00,608,0.11019156673962745,0.3,0,0.121685,499.9537621480549
2026-08-25T16:15:33.126+02:00,609,0.11814369989500406,0.3,0,0.129037,499.9639297706781
2026-08-25T16:15:33.383+02:00,610,0.1399927583241348,0.3,0,0.218222,499.867361966315
2026-08-25T16:15:33.640+02:00,611,0.10271629930281194,0.3,0,0.143148,499.9734088975779
2026-08-25T16:15:33.897+02:00,612,0.10590358185868116,0.3,0,0.127222,499.9664077698118
2026-08-25T16:15:34.154+02:00,613,0.10184889932828033,0.3,0,0.128092,499.93644902075164
2026-08-25T16:15:34.411+02:00,614,0.13942031477409378,0.3,0,0.127629,499.94151668409563
2026-08-25T16:15:34.668+02:00,615,0.0917407055866617,0.3,0,0.125889,499.96145178894756
2026-08-25T16:15:34.925+02:00,616,0.12986741875542815,0.3,0,0.126333,499.93597670533666
2026-08-25T16:15:35.181+02:00,617,0.12794695254749747,0.3,0,0.136019,499.95398061563134
2026-08-25T16:15:35.438+02:00,618,0.17029010276808818,0.3,0,0.124759,499.9491705210174
2026-08-25T16:15:35.695+02:00,619,0.14779431202659046,0.3,0,0.127204,499.94045984295093
2026-08-25T16:15:35.952+02:00,620,0.09857762520049873,0.3,0,0.160278,499.92723106999887
2026-08-25T16:15:36.209+02:00,621,0.10534398623198986,0.3,0,0.141407,500.0087658978176
2026-08-25T16:15:36.466+02:00,622,0.14118342907754547,0.3,0,0.127612,499.9609774500575
2026-08-25T16:15:36.723+02:00,623,0.08049029144255833,0.3,0,0.122167,499.94246528176365
2026-08-25T16:15:36.980+02:00,624,0.12346571332844587,0.3,0,0.125592,499.9429376165986
2026-08-25T16:15:37.236+02:00,625,0.10891970076125812,0.3,0,0.126296,499.94195359087604
2026-08-25T16:15:37.493+02:00,626,0.1323559649374467,0.3,0,0.112222,499.8973478483773
2026-08-25T16:15:37.750+02:00,627,0.1425784944172127,0.3,0,0.139241,499.9331703525559
2026-08-25T16:15:38.007+02:00,628,0.13652069367733474,0.3,0,0.125186,499.986348798352
2026-08-25T16:15:38.263+02:00,629,0.16449174934302135,0.3,0,0.126278,499.9209967366912
2026-08-25T16:15:38.520+02:00,630,0.11364527082231834,0.3,0,0.125111,499.89217286141616
2026-08-25T16:15:38.777+02:00,631,0.11304957128454136,0.3,0,0.129982,499.9545257901576
2026-08-25T16:15:39.034+02:00,632,0.11143940050860361,0.3,0,0.127333,499.9258810675706
2026-08-25T16:15:39.291+02:00,633,0.12276155822138819,0.3,0,0.134814,499.93568543386965
2026-08-25T16:15:39.548+02:00,634,0.12945416753637437,0.3,0,0.126444,499.9521207331958
2026-08-25T16:15:39.804+02:00,635,0.07796543560070121,0.3,0,0.124277,499.9281776374842
2026-08-25T16:15:40.061+02:00,636,0.1619591508509913,0.3,0,0.127445,499.93706894593254
2026-08-25T16:15:40.318+02:00,637,0.14078365087735248,0.3,0,0.132777,499.95398061563134
2026-08-25T16:15:40.575+02:00,638,0.15177903527042882,0.3,0,0.133926,499.9424987391729
2026-08-25T16:15:40.832+02:00,639,0.10504797377002785,0.3,0,0.127907,499.90266855527597
2026-08-25T16:15:41.089+02:00,640,0.11355775527702239,0.3,0,0.12663,499.9602846459509
2026-08-25T16:15:41.346+02:00,641,0.13050306199574638,0.3,0,0.149925,499.87235149836596
2026-08-25T16:15:41.602+02:00,642,0.10511515067309081,0.3,0,0.140704,499.93867484332077
2026-08-25T16:15:41.859+02:00,643,0.16227868172006113,0.3,0,0.135611,499.92952765231587
2026-08-25T16:15:42.116+02:00,644,0.133726819274519,0.3,0,0.128445,499.9646954057815
2026-08-25T16:15:42.373+02:00,645,0.1439743589964427,0.3,0,0.135018,499.87406519113193
2026-08-25T16:15:42.630+02:00,646,0.1637245091963588,0.3,0,0.128148,499.99360244387395
2026-08-25T16:15:42.887+02:00,647,0.13385057540878206,0.3,0,0.12563,499.9614163670874
2026-08-25T16:15:43.143+02:00,648,0.11352893653814984,0.3,0,0.114148,499.9052935301323
2026-08-25T16:15:43.400+02:00,649,0.18809133335456116,0.3,0,0.130055,499.9470213658166
2026-08-25T16:15:43.657+02:00,650,0.09339137728071527,0.3,0,0.135759,499.951502732522
2026-08-25T16:15:43.914+02:00,651,0.10085834693742453,0.3,0,0.126518,499.91986914318954
2026-08-25T16:15:44.171+02:00,652,0.14491955867559905,0.3,0,0.13387,499.94304782651795
2026-08-25T16:15:44.428+02:00,653,0.0992295449253932,0.3,0,0.126055,499.9653153938556
2026-08-25T16:15:44.684+02:00,654,0.08508573368190027,0.3,0,0.134741,499.9245330483764
2026-08-25T16:15:44.941+02:00,655,0.12147664439014323,0.3,0,0.14174,499.91884781654807
2026-08-25T16:15:45.198+02:00,656,0.1290582588661143,0.3,0,0.123037,499.9766152691943
2026-08-25T16:15:45.455+02:00,657,0.09095127664554033,0.3,0,0.129149,499.9369980948079
2026-08-25T16:15:45.712+02:00,658,0.08748086922540875,0.3,0,0.126074,499.92121713723185
2026-08-25T16:15:45.969+02:00,659,0.1243500362178271,0.3,0,0.125592,499.93528397051614
2026-08-25T16:15:46.225+02:00,660,0.11408501444536394,0.3,0,0.127611,499.9262097132767
2026-08-25T16:15:46.482+02:00,661,0.10979805930302537,0.3,0,0.169908,499.92537137942077
2026-08-25T16:15:46.739+02:00,662,0.11718679632120448,0.3,0,0.126259,499.9603948706787
2026-08-25T16:15:46.996+02:00,663,0.1362381311376376,0.3,0,0.129648,499.95616722796916
2026-08-25T16:15:47.253+02:00,664,0.11098131576842636,0.3,0,0.126241,499.9022691063977
2026-08-25T16:15:47.510+02:00,665,0.1631938380133747,0.3,0,0.128352,499.9386728815852
2026-08-25T16:15:47.766+02:00,666,0.14189438136704127,0.3,0,0.124648,499.98237464104943
2026-08-25T16:15:48.023+02:00,667,0.1554567728113104,0.3,0,0.111574,499.9145480701381
2026-08-25T16:15:48.280+02:00,668,0.11535622780071457,0.3,0,0.200019,499.94643486672965
2026-08-25T16:15:48.537+02:00,669,0.11033175519590295,0.3,0,0.128648,499.9988149582536
2026-08-25T16:15:48.794+02:00,670,0.08787624739889106,0.3,0,0.12263,499.92496992547285
2026-08-25T16:15:49.051+02:00,671,0.10484249614223322,0.3,0,0.12913,499.94261091782494
2026-08-25T16:15:49.307+02:00,672,0.08531710074372038,0.3,0,0.134463,499.96666364015414
2026-08-25T16:15:49.564+02:00,673,0.13695162533752972,0.3,0,0.134611,499.9185920023043
2026-08-25T16:15:49.821+02:00,674,0.14411276770541312,0.3,0,0.125592,499.9475665251656
2026-08-25T16:15:50.078+02:00,675,0.0753754169258108,0.3,0,0.129889,499.94260894889874
2026-08-25T16:15:50.335+02:00,676,0.2098473005501651,0.3,0,0.12513,499.94250070809824
2026-08-25T16:15:50.591+02:00,677,0.15099063219020525,0.3,0,0.127241,499.9457794986764
2026-08-25T16:15:50.848+02:00,678,0.121866931074664,0.3,0,0.135148,499.9460707819055
2026-08-25T16:15:51.105+02:00,679,0.114003625386772,0.3,0,0.12763,499.9476019522232
2026-08-25T16:15:51.362+02:00,680,0.09368469821719987,0.3,0,0.131667,499.9302912203875
2026-08-25T16:15:51.619+02:00,681,0.13636778750956444,0.3,0,0.231815,499.9043804944517
2026-08-25T16:15:51.876+02:00,682,0.13177221281453674,0.3,0,0.125593,500.05014675924275
2026-08-25T16:15:52.133+02:00,683,0.10252064496027795,0.3,0,0.124537,499.8974226182461
2026-08-25T16:15:52.390+02:00,684,0.13073979857788964,0.3,0,0.139444,499.94020400658843
2026-08-25T16:15:52.647+02:00,685,0.11642644644738542,0.3,0,0.127685,499.9627271869056
2026-08-25T16:15:52.904+02:00,686,0.11334542414648953,0.3,0,0.112945,499.9359747364627
2026-08-25T16:15:53.160+02:00,687,0.14984276344894054,0.3,0,0.127296,499.95941077623365
2026-08-25T16:15:53.417+02:00,688,0.14487023822711143,0.3,0,0.133815,499.9469446049899
2026-08-25T16:15:53.674+02:00,689,0.09731174023686638,0.3,0,0.133111,499.92664659330353
2026-08-25T16:15:53.931+02:00,690,0.1123168615257244,0.3,0,0.148129,499.95481903828073
2026-08-25T16:15:54.188+02:00,691,0.12555376842734678,0.3,0,0.127389,499.99637207183855
2026-08-25T16:15:54.445+02:00,692,0.11395947526738755,0.3,0,0.1295,499.9579897500895
2026-08-25T16:15:54.702+02:00,693,0.13214043438633935,0.3,0,0.128259,499.9646245468262
2026-08-25T16:15:54.958+02:00,694,0.12726941200621203,0.3,0,0.142056,499.9431560675553
2026-08-25T16:15:55.215+02:00,695,0.1019602539587779,0.3,0,0.125741,499.9418807694464
2026-08-25T16:15:55.472+02:00,696,0.1115118475795122,0.3,0,0.126611,499.9372519733244
2026-08-25T16:15:55.729+02:00,697,0.10843095162674243,0.3,0,0.124889,499.9733341049768
2026-08-25T16:15:55.986+02:00,698,0.09566594707906913,0.3,0,0.126833,499.9154237589039
2026-08-25T16:15:56.242+02:00,699,0.18225450792555975,0.3,0,0.150963,499.92628055418425
2026-08-25T16:15:56.499+02:00,700,0.16257045254499322,0.3,0,0.126926,499.949753081398
2026-08-25T16:15:56.756+02:00,701,0.13321577158750517,0.3,0,0.161463,499.9205244433138
2026-08-25T16:15:57.013+02:00,702,0.09473204638542561,0.3,0,0.127074,499.93204072813495
2026-08-25T16:15:57.270+02:00,703,0.0805336881959416,0.3,0,0.138777,499.93185968055974
2026-08-25T16:15:57.527+02:00,704,0.12436446611749237,0.3,0,0.124019,499.9782922834638
2026-08-25T16:15:57.784+02:00,705,0.11702320607930734,0.3,0,0.112055,499.9138199795852
2026-08-25T16:15:58.040+02:00,706,0.14136906236799632,0.3,0,0.126666,499.9454154148068
2026-08-25T16:15:58.297+02:00,707,0.1214745627332376,0.3,0,0.128055,499.9302184023553
2026-08-25T16:15:58.554+02:00,708,0.12238416673012271,0.3,0,0.127518,499.9248242996892
2026-08-25T16:15:58.811+02:00,709,0.1317666603595243,0.3,0,0.125055,499.9533980453985
2026-08-25T16:15:59.068+02:00,710,0.09173968282532208,0.3,0,0.124649,499.94742088621706
2026-08-25T16:15:59.324+02:00,711,0.1706046913205883,0.3,0,0.128518,499.9192138447832
2026-08-25T16:15:59.581+02:00,712,0.11546207178496622,0.3,0,0.12713,499.94487025298935
2026-08-25T16:15:59.838+02:00,713,0.13289104490385106,0.3,0,0.129722,499.9510284196701
2026-08-25T16:16:00.095+02:00,714,0.13562860389429643,0.3,0,0.125426,499.96043226146077
2026-08-25T16:16:00.352+02:00,715,0.1358636828815681,0.3,0,0.137315,499.94377600221014
2026-08-25T16:16:00.609+02:00,716,0.1108393046699101,0.3,0,0.132907,499.94424833952183
2026-08-25T16:16:00.865+02:00,717,0.11274171658973338,0.3,0,0.133685,499.9520498706448
2026-08-25T16:16:01.122+02:00,718,0.11160944566180471,0.3,0,0.127592,499.9589010125524
2026-08-25T16:16:01.379+02:00,719,0.10861474021882127,0.3,0,0.13263,499.9434473405677
2026-08-25T16:16:01.636+02:00,720,0.11585802033491192,0.3,0,0.124777,499.95663958869517
2026-08-25T16:16:01.893+02:00,721,0.17262912130159944,0.3,0,0.159296,499.8818625635555
2026-08-25T16:16:02.150+02:00,722,0.12093032186632184,0.3,0,0.174407,499.9421366146848
2026-08-25T16:16:02.408+02:00,723,0.13788888804219368,0.3,0,0.147537,499.99804922580813
2026-08-25T16:16:02.665+02:00,724,0.1422497495390568,0.3,0,0.123907,499.94833014834165
2026-08-25T16:16:02.922+02:00,725,0.10516725118298309,0.3,0,0.127482,499.9433745258626
2026-08-25T16:16:03.179+02:00,726,0.10693714582643536,0.3,0,0.134518,499.94938897742105
2026-08-25T16:16:03.436+02:00,727,0.1244851000545187,0.3,0,0.127407,499.9624004694279
2026-08-25T16:16:03.693+02:00,728,0.1026052515058297,0.3,0,0.126907,499.8938493164199
2026-08-25T16:16:03.949+02:00,729,0.1289695540863273,0.3,0,0.128704,499.9294528656835
2026-08-25T16:16:04.206+02:00,730,0.12271099157389435,0.3,0,0.12874,499.9642958577716
2026-08-25T16:16:04.463+02:00,731,0.13792931697862784,0.3,0,0.126222,499.9265383522556
2026-08-25T16:16:04.720+02:00,732,0.13526732847078315,0.3,0,0.129611,499.9514673120716
2026-08-25T16:16:04.977+02:00,733,0.15208935729972106,0.3,0,0.129296,499.9486588164041
2026-08-25T16:16:05.234+02:00,734,0.197724611313132,0.3,0,0.126741,499.9221282728094
2026-08-25T16:16:05.490+02:00,735,0.14764469707616143,0.3,0,0.159555,499.93834618122565
2026-08-25T16:16:05.747+02:00,736,0.12978032285235427,0.3,0,0.125722,500.00089370386183
2026-08-25T16:16:06.004+02:00,737,0.1235410455854787,0.3,0,0.114722,499.9264655424759
2026-08-25T16:16:06.261+02:00,738,0.1137886067763847,0.3,0,0.128722,499.93805295242646
2026-08-25T16:16:06.518+02:00,739,0.09168949272480598,0.3,0,0.127297,499.9463266242725
2026-08-25T16:16:06.775+02:00,740,0.09723915176170077,0.3,0,0.129908,499.9041620773798
2026-08-25T16:16:07.031+02:00,741,0.10651157390494431,0.3,0,0.123833,499.9296339186749
2026-08-25T16:16:07.288+02:00,742,0.08898757734220968,0.3,0,0.127981,499.95274069008343
2026-08-25T16:16:07.547+02:00,743,0.08631098906706702,0.3,0,0.155556,499.95736978018385
2026-08-25T16:16:07.804+02:00,744,0.12017257622773565,0.3,0,0.148963,499.9265009593838
2026-08-25T16:16:08.060+02:00,745,0.1227817784622071,0.3,0,0.12587,499.9628019763333
2026-08-25T16:16:08.317+02:00,746,0.09161396271089732,0.3,0,0.127204,499.958828200506
2026-08-25T16:16:08.574+02:00,747,0.15058153552065429,0.3,0,0.113149,499.9339732874374
2026-08-25T16:16:08.831+02:00,748,0.10977430829097257,0.3,0,0.135166,499.93896414221405
2026-08-25T16:16:09.088+02:00,749,0.11778566987936832,0.3,0,0.127722,500.01653204347457
2026-08-25T16:16:09.345+02:00,750,0.14757790470256302,0.3,0,0.12687,499.94373861391944
2026-08-25T16:16:09.601+02:00,751,0.10559291528977492,0.3,0,0.127648,499.9447226466689
2026-08-25T16:16:09.858+02:00,752,0.1283918929919059,0.3,0,0.125815,499.9583912570709
2026-08-25T16:16:10.115+02:00,753,0.12391488950989293,0.3,0,0.126667,499.9387830896242
2026-08-25T16:16:10.372+02:00,754,0.14135483973007515,0.3,0,0.125315,499.9156421858168
2026-08-25T16:16:10.629+02:00,755,0.10444643284876302,0.3,0,0.129481,499.93021839519594
2026-08-25T16:16:10.886+02:00,756,0.06413590153445152,0.3,0,0.233982,499.8313659492756
2026-08-25T16:16:11.143+02:00,757,0.10333155492204167,0.3,0,0.126259,499.95226833672484
2026-08-25T16:16:11.400+02:00,758,0.09926143598296348,0.3,0,0.131055,499.94567125650303
2026-08-25T16:16:11.657+02:00,759,0.11787630536024747,0.3,0,0.128315,499.9672856022302
2026-08-25T16:16:11.913+02:00,760,0.10312078332306533,0.3,0,0.125315,499.90132066126097
2026-08-25T16:16:12.170+02:00,761,0.0941982185077151,0.3,0,0.129351,499.94541540764703
2026-08-25T16:16:12.427+02:00,762,0.15240179969833612,0.3,0,0.133907,499.9576984601317
2026-08-25T16:16:12.684+02:00,763,0.12126419623505609,0.3,0,0.111963,499.9497904777482
2026-08-25T16:16:12.941+02:00,764,0.15282335045425613,0.3,0,0.18287,499.8779648383032
2026-08-25T16:16:13.198+02:00,765,0.083845443640764,0.3,0,0.127593,500.032135929465
2026-08-25T16:16:13.455+02:00,766,0.12161788383404948,0.3,0,0.134815,499.95212269503696
2026-08-25T16:16:13.712+02:00,767,0.10626517893330649,0.3,0,0.126277,499.9450513099881
2026-08-25T16:16:13.968+02:00,768,0.11512866234806622,0.3,0,0.125981,499.9407865389133
2026-08-25T16:16:14.225+02:00,769,0.11966265435489554,0.3,0,0.125926,499.935758260654
2026-08-25T16:16:14.482+02:00,770,0.1379216905226741,0.3,0,0.12737,499.9104294367723
2026-08-25T16:16:14.739+02:00,771,0.11474344785029507,0.3,0,0.126315,499.95474622026313
2026-08-25T16:16:14.996+02:00,772,0.1260590460111013,0.3,0,0.125444,499.91305449313387
2026-08-25T16:16:15.253+02:00,773,0.10873212474374479,0.3,0,0.126352,499.92216369626186
2026-08-25T16:16:15.509+02:00,774,0.1283094332615041,0.3,0,0.125537,499.95398061563134
2026-08-25T16:16:15.766+02:00,775,0.11579162966425034,0.3,0,0.124833,499.9542718940968
2026-08-25T16:16:16.023+02:00,776,0.1574833080928595,0.3,0,0.125907,499.9197943666059
2026-08-25T16:16:16.280+02:00,777,0.11686466796028228,0.3,0,0.142129,499.9368878875558
2026-08-25T16:16:16.537+02:00,778,0.0996555004906891,0.3,0,0.127722,499.974318247074
2026-08-25T16:16:16.793+02:00,779,0.11801698432500318,0.3,0,0.124407,499.94541540764703
2026-08-25T16:16:17.050+02:00,780,0.12680827519519175,0.3,0,0.14463,499.94665530402034
2026-08-25T16:16:17.307+02:00,781,0.13038330172683268,0.3,0,0.127148,499.96010357791835
2026-08-25T16:16:17.564+02:00,782,0.10381068017086381,0.3,0,0.124426,499.9329519103257
2026-08-25T16:16:17.821+02:00,783,0.11967171820943745,0.3,0,0.13124,499.9470193968557
2026-08-25T16:16:18.078+02:00,784,0.10581339242134562,0.3,0,0.156944,499.946836362312
2026-08-25T16:16:18.335+02:00,785,0.1491896577493561,0.3,0,0.127185,499.9486588164041
2026-08-25T16:16:18.591+02:00,786,0.11636101258482097,0.3,0,0.12676,499.9453780119513
2026-08-25T16:16:18.848+02:00,787,0.11677899597998238,0.3,0,0.127241,499.9559113683703
2026-08-25T16:16:19.105+02:00,788,0.14470674006819947,0.3,0,0.1285,499.9343373618013
2026-08-25T16:16:19.362+02:00,789,0.12938572214225372,0.3,0,0.137945,499.9333159760425
2026-08-25T16:16:19.619+02:00,790,0.11670989933263132,0.3,0,0.229222,499.9200856123973
2026-08-25T16:16:19.876+02:00,791,0.18284620766438456,0.3,0,0.126241,499.9826285513326
2026-08-25T16:16:20.133+02:00,792,0.09148201709684371,0.3,0,0.124889,499.9591568823715
2026-08-25T16:16:20.390+02:00,793,0.1392813047811353,0.3,0,0.146574,499.93608691218697
2026-08-25T16:16:20.647+02:00,794,0.12348857688379085,0.3,0,0.1235,499.97920361993823
2026-08-25T16:16:20.904+02:00,795,0.11966105066117964,0.3,0,0.125704,499.90642105788294
2026-08-25T16:16:21.160+02:00,796,0.11867206626673525,0.3,0,0.127148,499.93411694969194
2026-08-25T16:16:21.417+02:00,797,0.098491167769952,0.3,0,0.126315,499.9539432186543
2026-08-25T16:16:21.674+02:00,798,0.1324910039043449,0.3,0,0.127963,499.9103940149827
2026-08-25T16:16:21.931+02:00,799,0.1053853500427799,0.3,0,0.137574,499.9610148552472
2026-08-25T16:16:22.188+02:00,800,0.14141377058858443,0.3,0,0.129112,500.0163863643428
2026-08-25T16:16:22.444+02:00,801,0.10213959752421209,0.3,0,0.114481,499.94162492447
2026-08-25T16:16:22.701+02:00,802,0.11883744785922572,0.3,0,0.126277,499.94231767686324
2026-08-25T16:16:22.958+02:00,803,0.19170175275384885,0.3,0,0.125,499.9553661908223
2026-08-25T16:16:23.215+02:00,804,0.14431261575536916,0.3,0,0.126797,499.9426817705405
2026-08-25T16:16:23.472+02:00,805,0.12262255348066053,0.3,0,0.128925,499.94370318740937
2026-08-25T16:16:23.729+02:00,806,0.08533239523981728,0.3,0,0.127388,499.94566929471256
2026-08-25T16:16:23.985+02:00,807,0.1013051453526076,0.3,0,0.131111,499.9157130308884
2026-08-25T16:16:24.242+02:00,808,0.10219796456132861,0.3,0,0.134389,499.9196133207414
2026-08-25T16:16:24.499+02:00,809,0.09636979047643039,0.3,0,0.134222,499.9788020795282
2026-08-25T16:16:24.756+02:00,810,0.09204559658216944,0.3,0,0.127814,499.96648256034064
2026-08-25T16:16:25.013+02:00,811,0.09879653694831288,0.3,0,0.123259,499.90113962877666
2026-08-25T16:16:25.269+02:00,812,0.1288543131886506,0.3,0,0.127037,499.93601212359215
2026-08-25T16:16:25.526+02:00,813,0.09840813326875764,0.3,0,0.135981,499.9675021125034
2026-08-25T16:16:25.783+02:00,814,0.09103758687669646,0.3,0,0.133185,499.89246604355594
2026-08-25T16:16:26.040+02:00,815,0.1393595847187309,0.3,0,0.139889,499.95649590633593
2026-08-25T16:16:26.297+02:00,816,0.13006518957123228,0.3,0,0.123944,499.96057790799
2026-08-25T16:16:26.554+02:00,817,0.10271321180279806,0.3,0,0.127463,499.9290159807519
2026-08-25T16:16:26.811+02:00,818,0.13604873649547797,0.3,0,0.126093,499.95193965675657
2026-08-25T16:16:27.067+02:00,819,0.11563625730465077,0.3,0,0.134185,499.9544529650654
2026-08-25T16:16:27.324+02:00,820,0.12884931720993012,0.3,0,0.133556,499.9114487531771
2026-08-25T16:16:27.581+02:00,821,0.11421031777563033,0.3,0,0.136759,499.9523391850177
2026-08-25T16:16:27.838+02:00,822,0.0947383550765103,0.3,0,0.126481,499.93521115102953
2026-08-25T16:16:28.095+02:00,823,0.10441986556993273,0.3,0,0.111556,499.9293800550549
2026-08-25T16:16:28.352+02:00,824,0.1475703500310891,0.3,0,0.155833,499.9333887949771
2026-08-25T16:16:28.608+02:00,825,0.1314953003207222,0.3,0,0.135277,499.9812821953202
2026-08-25T16:16:28.865+02:00,826,0.11284981121819304,0.3,0,0.126259,499.9447226466689
2026-08-25T16:16:29.122+02:00,827,0.13003803033207717,0.3,0,0.135833,499.9153135540045
2026-08-25T16:16:29.379+02:00,828,0.14131095059182344,0.3,0,0.125741,499.974318247074
2026-08-25T16:16:29.636+02:00,829,0.10256804377133848,0.3,0,0.135963,499.94450419434315
2026-08-25T16:16:29.893+02:00,830,0.1941281932373169,0.3,0,0.12374,499.9446852510768
2026-08-25T16:16:30.149+02:00,831,0.12857856149236055,0.3,0,0.127241,499.94887727236056
2026-08-25T16:16:30.406+02:00,832,0.1060495829794762,0.3,0,0.12737,499.9602118263412
2026-08-25T16:16:30.663+02:00,833,0.14854620592924972,0.3,0,0.136408,499.9328043110428
2026-08-25T16:16:30.920+02:00,834,0.10880700842663193,0.3,0,0.132389,499.98241006587944
2026-08-25T16:16:31.177+02:00,835,0.10016645669024753,0.3,0,0.128963,499.9635656460516
2026-08-25T16:16:31.434+02:00,836,0.12399279890971826,0.3,0,0.130111,499.91797211578654
2026-08-25T16:16:31.690+02:00,837,0.124745179156229,0.3,0,0.139741,499.94443137217047
2026-08-25T16:16:31.947+02:00,838,0.12166357644548682,0.3,0,0.142685,499.95285090432486
2026-08-25T16:16:32.204+02:00,839,0.13847359546620938,0.3,0,0.132055,499.9421366146848
2026-08-25T16:16:32.461+02:00,840,0.0960806208669835,0.3,0,0.137537,499.9518294429169
2026-08-25T16:16:32.718+02:00,841,0.12415104237132606,0.3,0,0.133352,500.0217824430783
2026-08-25T16:16:32.975+02:00,842,0.09794193328274892,0.3,0,0.114834,499.93852724781823
2026-08-25T16:16:33.231+02:00,843,0.10092418162442363,0.3,0,0.13537,499.9494598392177
2026-08-25T16:16:33.488+02:00,844,0.1261796420732221,0.3,0,0.158296,499.9105750470109
2026-08-25T16:16:33.745+02:00,845,0.10879389372569885,0.3,0,0.133389,499.96666364015414
2026-08-25T16:16:34.002+02:00,846,0.1317952354637987,0.3,0,0.125074,499.92737669002537
2026-08-25T16:16:34.259+02:00,847,0.11509980835944,0.3,0,0.126759,499.9519022672448
2026-08-25T16:16:34.516+02:00,848,0.11763146876999524,0.3,0,0.123111,499.9558759472952
2026-08-25T16:16:34.773+02:00,849,0.12175829097375097,0.3,0,0.135981,499.9113759477927
2026-08-25T16:16:35.029+02:00,850,0.12247635389439508,0.3,0,0.131037,499.96990928659557
2026-08-25T16:16:35.286+02:00,851,0.13788769237608875,0.3,0,0.125907,499.9746469564673
2026-08-25T16:16:35.543+02:00,852,0.18012218330489949,0.3,0,0.126796,499.8998625764273
2026-08-25T16:16:35.800+02:00,853,0.11777573070158942,0.3,0,0.13863,499.94432313058087
2026-08-25T16:16:36.057+02:00,854,0.15618344223117234,0.3,0,0.125167,499.9556200808344
2026-08-25T16:16:36.314+02:00,855,0.10931534005670374,0.3,0,0.127166,499.93841703273233
2026-08-25T16:16:36.570+02:00,856,0.13881588508440865,0.3,0,0.150426,499.9498632943222
2026-08-25T16:16:36.827+02:00,857,0.133930472388715,0.3,0,0.125593,499.9586471263682
2026-08-25T16:16:37.084+02:00,858,0.1486684944464578,0.3,0,0.125,499.91764545679956
2026-08-25T16:16:37.341+02:00,859,0.10821363745004153,0.3,0,0.127537,499.93794274470935
2026-08-25T16:16:37.598+02:00,860,0.10106733471003244,0.3,0,0.125574,499.9485131768192
2026-08-25T16:16:37.855+02:00,861,0.15413837073827708,0.3,0,0.126056,499.9067496780039
2026-08-25T16:16:38.111+02:00,862,0.10829279962564324,0.3,0,0.126148,499.9404578740416
2026-08-25T16:16:38.368+02:00,863,0.13157314125469055,0.3,0,0.127389,499.948221897904
2026-08-25T16:16:38.625+02:00,864,0.10352251582027616,0.3,0,0.113555,499.91997737419047
2026-08-25T16:16:38.882+02:00,865,0.1306291823728826,0.3,0,0.127278,499.9359038856482
2026-08-25T16:16:39.139+02:00,866,0.10966478891049929,0.3,0,0.123333,499.9770168060919
2026-08-25T16:16:39.395+02:00,867,0.12169180971495248,0.3,0,0.125796,499.94793061932813
2026-08-25T16:16:39.652+02:00,868,0.09761290938943162,0.3,0,0.132203,499.92260056921725
2026-08-25T16:16:39.909+02:00,869,0.09068290659329718,0.3,0,0.126204,499.94457700937727
2026-08-25T16:16:40.166+02:00,870,0.10051947663534626,0.3,0,0.132351,499.95766106259845
2026-08-25T16:16:40.423+02:00,871,0.0977647846633598,0.3,0,0.126704,499.92773879313165
2026-08-25T16:16:40.680+02:00,872,0.11407960272316442,0.3,0,0.143185,499.94946180103796
2026-08-25T16:16:40.936+02:00,873,0.09036598781201761,0.3,0,0.137629,499.96086920130307
2026-08-25T16:16:41.193+02:00,874,0.11023628388652658,0.3,0,0.135056,499.93830879374707
2026-08-25T16:16:41.450+02:00,875,0.1132565826676301,0.3,0,0.140741,499.9690353832326
2026-08-25T16:16:41.707+02:00,876,0.1345066555129213,0.3,0,0.125445,499.96411281057766
2026-08-25T16:16:41.964+02:00,877,0.14099365564913383,0.3,0,0.127463,499.88838515404024
2026-08-25T16:16:42.221+02:00,878,0.12373407702687877,0.3,0,0.126333,499.9503356431362
2026-08-25T16:16:42.477+02:00,879,0.1089358246030967,0.3,0,0.128463,499.96148918704796
2026-08-25T16:16:42.734+02:00,880,0.08635525320087985,0.3,0,0.124297,500.0428914730093
2026-08-25T16:16:42.991+02:00,881,0.18058526975620914,0.3,0,0.135778,499.94676353945994
2026-08-25T16:16:43.248+02:00,882,0.11752071804290824,0.3,0,0.127833,499.95419907623864
2026-08-25T16:16:43.505+02:00,883,0.13105783692600068,0.3,0,0.119371,499.93557719606713
2026-08-25T16:16:43.762+02:00,884,0.17132612768097577,0.3,0,0.157889,499.91870220149013
2026-08-25T16:16:44.019+02:00,885,0.0997360752733023,0.3,0,0.137833,499.9933091502523
2026-08-25T16:16:44.275+02:00,886,0.12187110671993591,0.3,0,0.127223,499.95011718590524
2026-08-25T16:16:44.532+02:00,887,0.09516347582867961,0.3,0,0.127037,499.91247201827525
2026-08-25T16:16:44.789+02:00,888,0.10575034219637706,0.3,0,0.124092,499.9501171787453
2026-08-25T16:16:45.046+02:00,889,0.13726102911012136,0.3,0,0.125685,499.92522575340325
2026-08-25T16:16:45.303+02:00,890,0.09592725882561615,0.3,0,0.124,499.91895802300576
2026-08-25T16:16:45.560+02:00,891,0.1564381180213461,0.3,0,0.129333,499.9471276396128
2026-08-25T16:16:45.816+02:00,892,0.10662473639027681,0.3,0,0.127315,499.95547443719374
2026-08-25T16:16:46.073+02:00,893,0.1455707109182932,0.3,0,0.127426,499.9084616451318
2026-08-25T16:16:46.330+02:00,894,0.13470337746403813,0.3,0,0.136593,499.9432288893565
2026-08-25T16:16:46.587+02:00,895,0.09284669711239575,0.3,0,0.129296,499.9737730293816
2026-08-25T16:16:46.844+02:00,896,0.12643621040801964,0.3,0,0.126537,499.9023399476791
2026-08-25T16:16:47.100+02:00,897,0.11840994096853667,0.3,0,0.129185,499.94844036063853
2026-08-25T16:16:47.357+02:00,898,0.18102915658804797,0.3,0,0.127222,499.96148918704796
2026-08-25T16:16:47.614+02:00,899,0.14813020566960708,0.3,0,0.125111,499.91866677136915
2026-08-25T16:16:47.871+02:00,900,0.11107605703876573,0.3,0,0.148666,499.94056809002734
2026-08-25T16:16:48.128+02:00,901,0.10086795781236309,0.3,0,0.127463,499.9890809437224
2026-08-25T16:16:48.385+02:00,902,0.12000511385396351,0.3,0,0.126018,499.84305912411077
2026-08-25T16:16:48.642+02:00,903,0.14164060591278613,0.3,0,0.129814,499.9406428728256
2026-08-25T16:16:48.898+02:00,904,0.18746175969977838,0.3,0,0.151296,499.9701257991411
2026-08-25T16:16:49.155+02:00,905,0.06395543830841321,0.3,0,0.143241,499.9210341287396
2026-08-25T16:16:49.412+02:00,906,0.09959707233470512,0.3,0,0.12463,499.9386728815852
2026-08-25T16:16:49.669+02:00,907,0.1006331334941442,0.3,0,0.1265,499.94250070809824
2026-08-25T16:16:49.926+02:00,908,0.10506896529209087,0.3,0,0.136556,499.9458149254807
2026-08-25T16:16:50.183+02:00,909,0.11108265857174471,0.3,0,0.131241,499.92755774151294
2026-08-25T16:16:50.439+02:00,910,0.07859148637048141,0.3,0,0.127629,499.95791693114836
2026-08-25T16:16:50.696+02:00,911,0.1462000272073977,0.3,0,0.129111,499.96338456848224
2026-08-25T16:16:50.953+02:00,912,0.11391669433354919,0.3,0,0.124889,499.8697288306454
2026-08-25T16:16:51.210+02:00,913,0.13547809796859647,0.3,0,0.138297,499.9591942729683
2026-08-25T16:16:51.467+02:00,914,0.12182055084862305,0.3,0,0.125944,499.97100168262637
2026-08-25T16:16:51.724+02:00,915,0.13461010449125202,0.3,0,0.135723,499.94771216419895
2026-08-25T16:16:51.981+02:00,916,0.10287806506226715,0.3,0,0.138907,499.9466179081391
2026-08-25T16:16:52.237+02:00,917,0.14288395524841727,0.3,0,0.130296,500.0046831164145
2026-08-25T16:16:52.494+02:00,918,0.10571053024272754,0.3,0,0.126611,499.9196133207414
2026-08-25T16:16:52.751+02:00,919,0.11011829284030498,0.3,0,0.135537,499.9599205409544
2026-08-25T16:16:53.008+02:00,920,0.12821837102602673,0.3,0,0.128537,499.9750465210216
2026-08-25T16:16:53.265+02:00,921,0.09732155228165312,0.3,0,0.126074,499.9313480113816
2026-08-25T16:16:53.522+02:00,922,0.13024383344836007,0.3,0,0.134537,499.9490976974853
2026-08-25T16:16:53.778+02:00,923,0.08721032531712695,0.3,0,0.150352,499.94308325293514
2026-08-25T16:16:54.035+02:00,924,0.15411063446325782,0.3,0,0.118185,499.94767476815963
2026-08-25T16:16:54.292+02:00,925,0.10706102967226865,0.3,0,0.161685,499.9166989220382
2026-08-25T16:16:54.549+02:00,926,0.1455122806413874,0.3,0,0.166277,499.9510284196701
2026-08-25T16:16:54.806+02:00,927,0.1373801094416264,0.3,0,0.158129,500.0195932872209
2026-08-25T16:16:55.063+02:00,928,0.10464055286678982,0.3,0,0.123907,499.94326628473067
2026-08-25T16:16:55.320+02:00,929,0.10062257574566076,0.3,0,0.139167,499.9408967478842
2026-08-25T16:16:55.577+02:00,930,0.09869300129646064,0.3,0,0.127037,499.9641856384841
2026-08-25T16:16:55.834+02:00,931,0.14545116850836118,0.3,0,0.124574,499.87861805299474
2026-08-25T16:16:56.090+02:00,932,0.12425086092732347,0.3,0,0.151074,499.9490229121576
2026-08-25T16:16:56.347+02:00,933,0.1323478565841991,0.3,0,0.129074,499.9602137954061
2026-08-25T16:16:56.604+02:00,934,0.10236235270655984,0.3,0,0.128074,499.928905777019
2026-08-25T16:16:56.861+02:00,935,0.13271718512240557,0.3,0,0.128814,499.9051479229704
2026-08-25T16:16:57.118+02:00,936,0.1233886409551214,0.3,0,0.127,499.9864196634653
2026-08-25T16:16:57.375+02:00,937,0.12665095037556165,0.3,0,0.133741,499.9071865168609
2026-08-25T16:16:57.632+02:00,938,0.1209977572863078,0.3,0,0.136222,499.9615994051466
2026-08-25T16:16:57.888+02:00,939,0.087636762861648,0.3,0,0.125926,499.9550729348972
2026-08-25T16:16:58.145+02:00,940,0.09039206965308126,0.3,0,0.111482,499.92974412988815
2026-08-25T16:16:58.402+02:00,941,0.12523135979180258,0.3,0,0.126,499.9259164915549
2026-08-25T16:16:58.659+02:00,942,0.0987364092742548,0.3,0,0.140963,499.9506269245145
2026-08-25T16:16:58.916+02:00,943,0.1096055591250457,0.3,0,0.123963,499.95226636772253
2026-08-25T16:16:59.172+02:00,944,0.09873940899850098,0.3,0,0.125555,499.92785096516
2026-08-25T16:16:59.429+02:00,945,0.09105187516192197,0.3,0,0.130982,499.947456313254
2026-08-25T16:16:59.686+02:00,946,0.14105031972224785,0.3,0,0.137593,499.98368754001854
2026-08-25T16:16:59.943+02:00,947,0.09703553702926093,0.3,0,0.127333,499.90558475902805
2026-08-25T16:17:00.200+02:00,948,0.12339595093140703,0.3,0,0.125074,499.9490603083986
2026-08-25T16:17:00.457+02:00,949,0.12927121405666905,0.3,0,0.127944,499.9751567450979
2026-08-25T16:17:00.713+02:00,950,0.10980661541049193,0.3,0,0.12813,499.9378345059294
2026-08-25T16:17:00.970+02:00,951,0.09502463485805553,0.3,0,0.150315,499.94472461561173
2026-08-25T16:17:01.227+02:00,952,0.10408413930044448,0.3,0,0.1265,500.0139787355285
2026-08-25T16:17:01.484+02:00,953,0.11755655203285857,0.3,0,0.13013,499.94541540764703
2026-08-25T16:17:01.741+02:00,954,0.11110553132073579,0.3,0,0.153537,500.6734965262891
2026-08-25T16:17:01.998+02:00,955,0.14890450075579822,0.3,0,0.127982,499.98375839721655
2026-08-25T16:17:02.255+02:00,956,0.12246223532653344,0.3,0,0.124889,499.9236592964743
2026-08-25T16:17:02.511+02:00,957,0.13474703977797864,0.3,0,0.124611,499.9429002212736
2026-08-25T16:17:02.768+02:00,958,0.14458205824257261,0.3,0,0.126148,499.95930252815765
2026-08-25T16:17:03.025+02:00,959,0.16183165314296133,0.3,0,0.125055,499.9468009425228
2026-08-25T16:17:03.282+02:00,960,0.11264573015600914,0.3,0,0.124686,499.92322045289507
2026-08-25T16:17:03.539+02:00,961,0.10301981139144963,0.3,0,0.126185,499.94997153831076
2026-08-25T16:17:03.795+02:00,962,0.0942031846541016,0.3,0,0.11174,499.9440672759449
2026-08-25T16:17:04.052+02:00,963,0.1341507413600019,0.3,0,0.128371,499.92030404338396
2026-08-25T16:17:04.309+02:00,964,0.11591923002537378,0.3,0,0.125833,499.9530319671041
2026-08-25T16:17:04.566+02:00,965,0.1665324016119536,0.3,0,0.119055,499.9602846531111
2026-08-25T16:17:04.823+02:00,966,0.12062269407483288,0.3,0,0.125315,499.9133083473328
2026-08-25T16:17:05.080+02:00,967,0.1812471644603253,0.3,0,0.159425,499.9408967478842
2026-08-25T16:17:05.336+02:00,968,0.12874474629193186,0.3,0,0.129666,499.9834296830033
2026-08-25T16:17:05.593+02:00,969,0.0830660582107968,0.3,0,0.125278,499.9081349914147
2026-08-25T16:17:05.850+02:00,970,0.11312797298115503,0.3,0,0.144537,499.9393301999071
2026-08-25T16:17:06.107+02:00,971,0.0909543695008234,0.3,0,0.130185,500.03687477156143
2026-08-25T16:17:06.364+02:00,972,0.1270207300894217,0.3,0,0.126629,499.9411880254236
2026-08-25T16:17:06.621+02:00,973,0.14035812626874103,0.3,0,0.254296,499.9382359733792
2026-08-25T16:17:06.878+02:00,974,0.1082302006296297,0.3,0,0.124223,500.06859602186495
2026-08-25T16:17:07.135+02:00,975,0.08145427340316336,0.3,0,0.128592,499.93852724781823
2026-08-25T16:17:07.392+02:00,976,0.09471819933948152,0.3,0,0.12787,499.9122162033977
2026-08-25T16:17:07.649+02:00,977,0.1574561015720898,0.3,0,0.146463,499.9572969542631
2026-08-25T16:17:07.906+02:00,978,0.09010136084145311,0.3,0,0.111074,499.9559487656419
2026-08-25T16:17:08.162+02:00,979,0.13551367055352412,0.3,0,0.143482,499.9351009445653
2026-08-25T16:17:08.419+02:00,980,0.08330280971882982,0.3,0,0.128166,499.96870471208615
2026-08-25T16:17:08.676+02:00,981,0.09290807554377552,0.3,0,0.128278,499.9533232587843
2026-08-25T16:17:08.933+02:00,982,0.11176931963551162,0.3,0,0.126111,499.863462491729
2026-08-25T16:17:09.190+02:00,983,0.08147270734072325,0.3,0,0.125352,499.93233199535507
2026-08-25T16:17:09.447+02:00,984,0.16113844513218512,0.3,0,0.129963,499.9177910784009
2026-08-25T16:17:09.703+02:00,985,0.1346790233275262,0.3,0,0.136259,499.91862938683397
2026-08-25T16:17:09.960+02:00,986,0.16593643206785824,0.3,0,0.149722,499.94457700937727
2026-08-25T16:17:10.217+02:00,987,0.13419591065759753,0.3,0,0.187481,499.9976850514815
2026-08-25T16:17:10.474+02:00,988,0.11818688334154055,0.3,0,0.12713,499.964368678571
2026-08-25T16:17:10.731+02:00,989,0.1528368193819508,0.3,0,0.138944,499.9414792961428
2026-08-25T16:17:10.988+02:00,990,0.09862708140275345,0.3,0,0.124871,500.01310270145655
2026-08-25T16:17:11.245+02:00,991,0.1463307251579938,0.3,0,0.1265,499.9394738652403
2026-08-25T16:17:11.502+02:00,992,0.14864471128364207,0.3,0,0.128482,499.93769083437877
2026-08-25T16:17:11.758+02:00,993,0.1445194656746013,0.3,0,0.151537,499.95099102313463
2026-08-25T16:17:12.015+02:00,994,0.07647881260417815,0.3,0,0.127889,499.9572615258315
2026-08-25T16:17:12.272+02:00,995,0.15706179920753752,0.3,0,0.128722,499.952996546437
2026-08-25T16:17:12.529+02:00,996,0.14267175130788848,0.3,0,0.128481,499.95664155057176
2026-08-25T16:17:12.786+02:00,997,0.08288033986870309,0.3,0,0.114259,499.9364509967889
2026-08-25T16:17:13.043+02:00,998,0.1015693736236362,0.3,0,0.126796,499.9133083401739
2026-08-25T16:17:13.299+02:00,999,0.13743837767140055,0.3,0,0.124982,499.9522309400039
2026-08-25T16:17:13.556+02:00,1000,0.12860958663860345,0.3,0,0.122741,499.9522683295648
2026-08-25T16:17:13.813+02:00,1001,0.11822452805232601,0.3,0,0.126037,499.9170983939772
2026-08-25T16:17:14.070+02:00,1002,0.0770068393984289,0.3,0,0.126834,499.95102645067755
2026-08-25T16:17:14.327+02:00,1003,0.13662079038408356,0.3,0,0.138037,499.9708934223706
2026-08-25T16:17:14.583+02:00,1004,0.13977744602052766,0.3,0,0.129481,499.91410924255473
2026-08-25T16:17:14.840+02:00,1005,0.1416523972391294,0.3,0,0.14737,499.93954864771126
2026-08-25T16:17:15.097+02:00,1006,0.0907430775445699,0.3,0,0.132334,500.00183858808384
2026-08-25T16:17:15.354+02:00,1007,0.1375834100364098,0.3,0,0.162926,499.89599998305465
2026-08-25T16:17:15.611+02:00,1008,0.16004716250854933,0.3,0,0.134,499.97851076531816
2026-08-25T16:17:15.868+02:00,1009,0.07855658481851584,0.3,0,0.124981,499.9813176271562
2026-08-25T16:17:16.125+02:00,1010,0.1447820019865945,0.3,0,0.125315,499.94862142022316
2026-08-25T16:17:16.381+02:00,1011,0.12478528562879336,0.3,0,0.127018,499.94570864508285
2026-08-25T16:17:16.638+02:00,1012,0.11803609361779577,0.3,0,0.136445,499.95707848378834
2026-08-25T16:17:16.896+02:00,1013,0.10659377782712613,0.3,0,0.212944,499.9388559029918
2026-08-25T16:17:17.153+02:00,1014,0.11705694622938208,0.3,0,0.127871,499.9617056923008
2026-08-25T16:17:17.409+02:00,1015,0.09241660048320217,0.3,0,0.126612,499.94672811968104
2026-08-25T16:17:17.666+02:00,1016,0.1258542819668745,0.3,0,0.111555,499.95540161182515
2026-08-25T16:17:17.923+02:00,1017,0.13006665665622266,0.3,0,0.126222,499.9111240713934
2026-08-25T16:17:18.180+02:00,1018,0.1272185464688862,0.3,0,0.125074,499.94228225055457
2026-08-25T16:17:18.437+02:00,1019,0.1377418833606067,0.3,0,0.125167,499.9637112944065
2026-08-25T16:17:18.693+02:00,1020,0.12779811466577073,0.3,0,0.127667,499.9012104697379
2026-08-25T16:17:18.950+02:00,1021,0.08036781395775883,0.3,0,0.141444,499.9518294500769
2026-08-25T16:17:19.207+02:00,1022,0.14365228300087787,0.3,0,0.127333,500.0062874787854
2026-08-25T16:17:19.464+02:00,1023,0.12622034708967847,0.3,0,0.125277,499.93954864771126
2026-08-25T16:17:19.721+02:00,1024,0.12557403347317597,0.3,0,0.125889,499.9465450853507
2026-08-25T16:17:19.978+02:00,1025,0.15582709610074863,0.3,0,0.125926,499.9429376165986
2026-08-25T16:17:20.234+02:00,1026,0.13455603815602166,0.3,0,0.137778,499.94978850876544
2026-08-25T16:17:20.491+02:00,1027,0.09607270157566106,0.3,0,0.156334,499.93371745055424
2026-08-25T16:17:20.748+02:00,1028,0.09552792800023942,0.3,0,0.134537,499.9831403326462
2026-08-25T16:17:21.005+02:00,1029,0.11740694200732567,0.3,0,0.129852,499.9447226466689
2026-08-25T16:17:21.262+02:00,1030,0.09723693272753826,0.3,0,0.125018,499.93025578862387
2026-08-25T16:17:21.519+02:00,1031,0.11480624641135033,0.3,0,0.127055,499.95317957833123
2026-08-25T16:17:21.776+02:00,1032,0.11345290065008484,0.3,0,0.124815,499.9560944023988
2026-08-25T16:17:22.032+02:00,1033,0.10079433755734435,0.3,0,0.127222,499.92595388433926
2026-08-25T16:17:22.289+02:00,1034,0.10960641387208303,0.3,0,0.12563,499.94814907464826
2026-08-25T16:17:22.546+02:00,1035,0.08995359448413846,0.3,0,0.114185,499.96145178894756
2026-08-25T16:17:22.803+02:00,1036,0.13133712345234938,0.3,0,0.125852,499.8785452571727
2026-08-25T16:17:23.060+02:00,1037,0.1444859361043835,0.3,0,0.135093,499.93776168569974
2026-08-25T16:17:23.316+02:00,1038,0.09271698642719743,0.3,0,0.122482,499.95029824670445
2026-08-25T16:17:23.573+02:00,1039,0.11179849049567847,0.3,0,0.126555,499.9056556012491
2026-08-25T16:17:23.830+02:00,1040,0.16017468529381476,0.3,0,0.141185,499.94173513381054
2026-08-25T16:17:24.087+02:00,1041,0.10290657106447061,0.3,0,0.128814,500.0017657563689
2026-08-25T16:17:24.344+02:00,1042,0.11684044835714043,0.3,0,0.12674,499.8938138969799
2026-08-25T16:17:24.600+02:00,1043,0.08965569973530307,0.3,0,0.128797,499.9449411063453
2026-08-25T16:17:24.857+02:00,1044,0.1267174015122571,0.3,0,0.137278,499.95525597547186
2026-08-25T16:17:25.114+02:00,1045,0.1028370210879066,0.3,0,0.134685,499.95124688485737
2026-08-25T16:17:25.371+02:00,1046,0.10956123589216178,0.3,0,0.141556,499.95689544903934
2026-08-25T16:17:25.628+02:00,1047,0.1350035914876706,0.3,0,0.12774,500.01995946299763
2026-08-25T16:17:25.885+02:00,1048,0.1542292405366019,0.3,0,0.126778,499.91862938683397
2026-08-25T16:17:26.142+02:00,1049,0.09513724371989592,0.3,0,0.127889,500.007236322264
2026-08-25T16:17:26.398+02:00,1050,0.1041457049927647,0.3,0,0.14187,499.96156004511454
2026-08-25T16:17:26.655+02:00,1051,0.08777800435070422,0.3,0,0.126611,499.9501526061644
2026-08-25T16:17:26.912+02:00,1052,0.08649863784615715,0.3,0,0.126926,499.9246786668312
2026-08-25T16:17:27.169+02:00,1053,0.0896616683287174,0.3,0,0.128148,499.9560196149779
2026-08-25T16:17:27.426+02:00,1054,0.1619312052345047,0.3,0,0.127148,499.9327708549311
2026-08-25T16:17:27.682+02:00,1055,0.1261149577943955,0.3,0,0.141907,499.93769083437877
2026-08-25T16:17:27.939+02:00,1056,0.1365287919266335,0.3,0,0.127926,499.91699016422285
2026-08-25T16:17:28.196+02:00,1057,0.08800220505193768,0.3,0,0.113167,499.9607235617644
2026-08-25T16:17:28.453+02:00,1058,0.1233574180912805,0.3,0,0.127999,499.9002285768619
2026-08-25T16:17:28.710+02:00,1059,0.11105748199014265,0.3,0,0.125685,499.9326960673284
2026-08-25T16:17:28.966+02:00,1060,0.136008462669718,0.3,0,0.13413,499.9328436665474
2026-08-25T16:17:29.223+02:00,1061,0.13976737030015882,0.3,0,0.132741,499.9327688860824
2026-08-25T16:17:29.480+02:00,1062,0.09753376454478131,0.3,0,0.13387,499.95099102313463
2026-08-25T16:17:29.737+02:00,1063,0.12217312447539956,0.3,0,0.124685,499.94978850876544
2026-08-25T16:17:29.994+02:00,1064,0.12040575881126847,0.3,0,0.128685,499.9212545293132
2026-08-25T16:17:30.251+02:00,1065,0.12663006422302692,0.3,0,0.129815,499.9494972283641
2026-08-25T16:17:30.508+02:00,1066,0.1319314534047026,0.3,0,0.127389,499.9597748876479
2026-08-25T16:17:30.765+02:00,1067,0.15682448248624503,0.3,0,0.158111,499.89891610900423
2026-08-25T16:17:31.021+02:00,1068,0.12340413365153946,0.3,0,0.132981,499.97672352476735
2026-08-25T16:17:31.278+02:00,1069,0.0989245602171372,0.3,0,0.131241,499.9556929062666
2026-08-25T16:17:31.535+02:00,1070,0.12464478206925396,0.3,0,0.125741,499.9484049263022
2026-08-25T16:17:31.792+02:00,1071,0.0772123174282336,0.3,0,0.135704,499.93368005660847
2026-08-25T16:17:32.049+02:00,1072,0.14547631237469597,0.3,0,0.128389,499.9653508234286
2026-08-25T16:17:32.306+02:00,1073,0.13220581256576483,0.3,0,0.126852,499.94224486248726
2026-08-25T16:17:32.562+02:00,1074,0.10595453022167807,0.3,0,0.12674,499.93371745055424
2026-08-25T16:17:32.819+02:00,1075,0.10594711524249585,0.3,0,0.123204,499.95948359561
2026-08-25T16:17:33.076+02:00,1076,0.11967343629499183,0.3,0,0.12187,499.9430104311764
2026-08-25T16:17:33.333+02:00,1077,0.10495927325673216,0.3,0,0.126703,499.9027039759707
2026-08-25T16:17:33.590+02:00,1078,0.09694223827808772,0.3,0,0.125981,499.94519695471587
2026-08-25T16:17:33.846+02:00,1079,0.111006843124063,0.3,0,0.126703,499.96903341409825
2026-08-25T16:17:34.103+02:00,1080,0.12176280961371926,0.3,0,0.127926,499.9033238174662
2026-08-25T16:17:34.360+02:00,1081,0.09368009531283528,0.3,0,0.138574,499.94709221262247
2026-08-25T16:17:34.617+02:00,1082,0.130734747286987,0.3,0,0.224629,500.0581681845953
2026-08-25T16:17:34.874+02:00,1083,0.14635595457978823,0.3,0,0.1255,499.9510284196701
2026-08-25T16:17:35.131+02:00,1084,0.15223142793645508,0.3,0,0.12837,499.95809996664525
2026-08-25T16:17:35.388+02:00,1085,0.14318621501689097,0.3,0,0.128222,499.9574071705134
2026-08-25T16:17:35.645+02:00,1086,0.13119745939552988,0.3,0,0.125055,499.9519042362442
2026-08-25T16:17:35.902+02:00,1087,0.11470099947582264,0.3,0,0.159926,499.92996256931514
2026-08-25T16:17:36.159+02:00,1088,0.11656328008203394,0.3,0,0.124852,499.9911950344678
2026-08-25T16:17:36.415+02:00,1089,0.1367429868291353,0.3,0,0.127315,499.9537995450049
2026-08-25T16:17:36.672+02:00,1090,0.09710014647468275,0.3,0,0.125611,499.92606408677074
2026-08-25T16:17:36.929+02:00,1091,0.12961748285904573,0.3,0,0.138055,499.96010357791835
2026-08-25T16:17:37.186+02:00,1092,0.10512302883423419,0.3,0,0.126815,499.9548918634796
2026-08-25T16:17:37.443+02:00,1093,0.08692277451166792,0.3,0,0.16876,499.41445424626244
2026-08-25T16:17:37.700+02:00,1094,0.09814314860135005,0.3,0,0.136518,500.1244266198439
2026-08-25T16:17:37.957+02:00,1095,0.1393228052186911,0.3,0,0.128519,499.9608672393933
2026-08-25T16:17:38.214+02:00,1096,0.12237921225319792,0.3,0,0.126203,499.9365592278102
2026-08-25T16:17:38.471+02:00,1097,0.11898450746110374,0.3,0,0.128463,499.95135512944506
2026-08-25T16:17:38.727+02:00,1098,0.0976923670871604,0.3,0,0.127074,499.9230394117082
2026-08-25T16:17:38.984+02:00,1099,0.12761592447401085,0.3,0,0.128611,499.9057303736031
2026-08-25T16:17:39.241+02:00,1100,0.13238979693333972,0.3,0,0.127055,499.9519750844339
2026-08-25T16:17:39.498+02:00,1101,0.1147673868437306,0.3,0,0.1285,499.95325240305243
2026-08-25T16:17:39.755+02:00,1102,0.12558478436381998,0.3,0,0.123167,499.9194303062644
2026-08-25T16:17:40.012+02:00,1103,0.12304572127287254,0.3,0,0.128352,499.92037882012005
2026-08-25T16:17:40.268+02:00,1104,0.11433736073160954,0.3,0,0.124371,499.95660612939315
2026-08-25T16:17:40.525+02:00,1105,0.14687416356842498,0.3,0,0.126982,499.9269732640538
2026-08-25T16:17:40.782+02:00,1106,0.08578078360598666,0.3,0,0.124833,499.9447226466689
2026-08-25T16:17:41.039+02:00,1107,0.10880473787223603,0.3,0,0.128185,499.95864711920797
2026-08-25T16:17:41.296+02:00,1108,0.14210649219679775,0.3,0,0.125648,499.94898749205856
2026-08-25T16:17:41.552+02:00,1109,0.12313584600917049,0.3,0,0.12637,499.9409695690272
2026-08-25T16:17:41.809+02:00,1110,0.10894178064197375,0.3,0,0.121963,499.9597768567093
2026-08-25T16:17:42.066+02:00,1111,0.12770293235277697,0.3,0,0.125092,499.94884185228216
2026-08-25T16:17:42.323+02:00,1112,0.1905461393318815,0.3,0,0.126333,499.89297567177044
2026-08-25T16:17:42.580+02:00,1113,0.10031705917496699,0.3,0,0.135499,499.9364864151116
2026-08-25T16:17:42.837+02:00,1114,0.1844245010782212,0.3,0,0.112334,499.94147928898315
2026-08-25T16:17:43.093+02:00,1115,0.10348676011882023,0.3,0,0.129797,499.8986248878784
2026-08-25T16:17:43.350+02:00,1116,0.15372519318477926,0.3,0,0.134926,499.94964286852235
2026-08-25T16:17:43.607+02:00,1117,0.11184718617703264,0.3,0,0.120167,499.9886439545675
2026-08-25T16:17:43.864+02:00,1118,0.12287464995532815,0.3,0,0.126481,499.91436702807346
2026-08-25T16:17:44.121+02:00,1119,0.12847751638013902,0.3,0,0.128537,499.9553287936379
2026-08-25T16:17:44.377+02:00,1120,0.10129725580417408,0.3,0,0.132518,499.9480762585736
2026-08-25T16:17:44.634+02:00,1121,0.11615640784700727,0.3,0,0.128556,499.9268296059049
2026-08-25T16:17:44.891+02:00,1122,0.1041616842896755,0.3,0,0.132037,499.9269024229499
2026-08-25T16:17:45.148+02:00,1123,0.08863399350382113,0.3,0,0.128296,499.94964286852235
2026-08-25T16:17:45.405+02:00,1124,0.12116821042860078,0.3,0,0.139092,499.93838160697646
2026-08-25T16:17:45.662+02:00,1125,0.17969498946457327,0.3,0,0.127703,499.9560215840097
2026-08-25T16:17:45.918+02:00,1126,0.10389408369771351,0.3,0,0.155408,499.9736254059938
2026-08-25T16:17:46.175+02:00,1127,0.10380686226881418,0.3,0,0.159148,499.91932207550036
2026-08-25T16:17:46.432+02:00,1128,0.10258050077081664,0.3,0,0.126871,499.96779341388503
2026-08-25T16:17:46.689+02:00,1129,0.07551732622190495,0.3,0,0.131092,499.9470922197823
2026-08-25T16:17:46.946+02:00,1130,0.11914373384692449,0.3,0,0.124037,499.90802479688756
2026-08-25T16:17:47.203+02:00,1131,0.14667846753344924,0.3,0,0.127778,499.92646357367687
2026-08-25T16:17:47.460+02:00,1132,0.08931668470088105,0.3,0,0.127815,499.9522309400039
2026-08-25T16:17:47.716+02:00,1133,0.10778939897647728,0.3,0,0.125611,499.9670297312513
2026-08-25T16:17:47.973+02:00,1134,0.1392211789403198,0.3,0,0.125833,499.91582322880504
2026-08-25T16:17:48.230+02:00,1135,0.18760185792163378,0.3,0,0.136926,499.95419907623864
2026-08-25T16:17:48.487+02:00,1136,0.11104573597716975,0.3,0,0.112574,499.91615185412843
2026-08-25T16:17:48.744+02:00,1137,0.11111044517283337,0.3,0,0.123463,499.91247005674524
2026-08-25T16:17:49.000+02:00,1138,0.11356798179948562,0.3,0,0.126278,499.94698200092
2026-08-25T16:17:49.257+02:00,1139,0.08725605385791842,0.3,0,0.125796,499.95649591349604
2026-08-25T16:17:49.514+02:00,1140,0.11020443481257935,0.3,0,0.126852,499.9179012772337
2026-08-25T16:17:49.771+02:00,1141,0.12027048924681412,0.3,0,0.141333,499.9540160364379
2026-08-25T16:17:50.028+02:00,1142,0.1270782084016433,0.3,0,0.126889,499.99699214563856
2026-08-25T16:17:50.285+02:00,1143,0.11672198419795803,0.3,0,0.124185,499.9164804870429
2026-08-25T16:17:50.541+02:00,1144,0.14492073411750317,0.3,0,0.124482,499.93644902075164
2026-08-25T16:17:50.798+02:00,1145,0.1308367036181297,0.3,0,0.125926,499.946108170545
2026-08-25T16:17:51.055+02:00,1146,0.11468858436317335,0.3,0,0.126148,499.92934266175797
2026-08-25T16:17:51.312+02:00,1147,0.12423796960529376,0.3,0,0.146963,499.89607278396056
2026-08-25T16:17:51.569+02:00,1148,0.11609104239452443,0.3,0,0.128111,499.99972440733035
2026-08-25T16:17:51.826+02:00,1149,0.10504065472167252,0.3,0,0.127796,499.94457700937727
2026-08-25T16:17:52.082+02:00,1150,0.1152963425635153,0.3,0,0.141278,499.92784899635006
2026-08-25T16:17:52.339+02:00,1151,0.13108305523630417,0.3,0,0.12724,499.95161098438047
2026-08-25T16:17:52.596+02:00,1152,0.11197685792225161,0.3,0,0.130037,499.96189069965004
2026-08-25T16:17:52.853+02:00,1153,0.14330519570823363,0.3,0,0.131204,499.9103940149827
2026-08-25T16:17:53.110+02:00,1154,0.12516053481911035,0.3,0,0.125833,499.95441754419693
2026-08-25T16:17:53.367+02:00,1155,0.11524950954248385,0.3,0,0.125833,499.9674666826254
2026-08-25T16:17:53.624+02:00,1156,0.17009019324324423,0.3,0,0.227833,499.87071257207106
2026-08-25T16:17:53.881+02:00,1157,0.11611578558197433,0.3,0,0.16187,499.9766880935824
2026-08-25T16:17:54.138+02:00,1158,0.13483992014404697,0.3,0,0.127759,500.00818319990105
2026-08-25T16:17:54.395+02:00,1159,0.14677906059089985,0.3,0,0.124611,499.8886389831858
2026-08-25T16:17:54.652+02:00,1160,0.12465754664144713,0.3,0,0.135648,499.97311562048606
2026-08-25T16:17:54.908+02:00,1161,0.1177735110073498,0.3,0,0.129612,499.9562400535608
2026-08-25T16:17:55.165+02:00,1162,0.13200639588813864,0.3,0,0.125722,499.9418807766061
2026-08-25T16:17:55.422+02:00,1163,0.11959394682798892,0.3,0,0.134574,499.9084990281463
2026-08-25T16:17:55.679+02:00,1164,0.11085346653652484,0.3,0,0.126037,499.9291616089776
2026-08-25T16:17:55.936+02:00,1165,0.12391579835386324,0.3,0,0.136241,500.7165944480614
2026-08-25T16:17:56.193+02:00,1166,0.06785304218519735,0.3,0,0.137759,499.9365592278102
2026-08-25T16:17:56.449+02:00,1167,0.13851009327866212,0.3,0,0.127111,499.97851076531816
2026-08-25T16:17:56.706+02:00,1168,0.1184103611528989,0.3,0,0.12987,499.94279001141933
2026-08-25T16:17:56.963+02:00,1169,0.14150700793399373,0.3,0,0.134315,499.9255898150265
2026-08-25T16:17:57.220+02:00,1170,0.0870447572042486,0.3,0,0.143685,499.9599933604792
2026-08-25T16:17:57.477+02:00,1171,0.1520879065368607,0.3,0,0.123537,499.9560196149779
2026-08-25T16:17:57.734+02:00,1172,0.12659911389185652,0.3,0,0.134463,499.8894043877087
2026-08-25T16:17:57.991+02:00,1173,0.11577497066118698,0.3,0,0.137148,499.95583855003457
2026-08-25T16:17:58.247+02:00,1174,0.0949420221129682,0.3,0,0.11463,499.96983450220205
2026-08-25T16:17:58.504+02:00,1175,0.09781982028632467,0.3,0,0.132148,499.9232952376627
2026-08-25T16:17:58.761+02:00,1176,0.13855239511033388,0.3,0,0.129666,499.94399249212216
2026-08-25T16:17:59.018+02:00,1177,0.1178115978377295,0.3,0,0.127852,499.9714012413543
2026-08-25T16:17:59.275+02:00,1178,0.14769016233584567,0.3,0,0.130963,499.9359038856482
2026-08-25T16:17:59.531+02:00,1179,0.13388591312233136,0.3,0,0.129574,499.9597020681867
2026-08-25T16:17:59.788+02:00,1180,0.09929894303613272,0.3,0,0.139204,499.9567498046556
2026-08-25T16:18:00.045+02:00,1181,0.10109842699365829,0.3,0,0.1265,499.95241397849753
2026-08-25T16:18:00.302+02:00,1182,0.11585999816430596,0.3,0,0.126148,499.9321863652823
2026-08-25T16:18:00.559+02:00,1183,0.11742616921211635,0.3,0,0.125667,499.9540888614028
2026-08-25T16:18:00.816+02:00,1184,0.0886929488408335,0.3,0,0.1265,499.95113666416313
2026-08-25T16:18:01.072+02:00,1185,0.11957895802791814,0.3,0,0.125704,499.93003538011345
2026-08-25T16:18:01.329+02:00,1186,0.1435737220427408,0.3,0,0.125518,499.9465096656027
2026-08-25T16:18:01.586+02:00,1187,0.08351766572838197,0.3,0,0.158777,499.93382568755146
2026-08-25T16:18:01.843+02:00,1188,0.10523086541384569,0.3,0,0.144999,499.8885307657537
2026-08-25T16:18:02.100+02:00,1189,0.10727338267171065,0.3,0,0.138926,499.96407738118006
2026-08-25T16:18:02.357+02:00,1190,0.11040515469774743,0.3,0,0.12837,499.96196155783036
2026-08-25T16:18:02.614+02:00,1191,0.12217567018004842,0.3,0,0.123556,499.8978220665376
2026-08-25T16:18:02.871+02:00,1192,0.11022805536880427,0.3,0,0.147815,499.96294763140355
2026-08-25T16:18:03.127+02:00,1193,0.14260425306265698,0.3,0,0.112074,500.01332319038005
2026-08-25T16:18:03.384+02:00,1194,0.10374257334689574,0.3,0,0.127778,499.9365946604674
2026-08-25T16:18:03.641+02:00,1195,0.09874862282279555,0.3,0,0.136852,499.94239049842014
2026-08-25T16:18:03.898+02:00,1196,0.11500331999872782,0.3,0,0.125388,499.950737137824
2026-08-25T16:18:04.155+02:00,1197,0.10332845908626949,0.3,0,0.126277,499.9331703525559
2026-08-25T16:18:04.412+02:00,1198,0.10131109332352765,0.3,0,0.127055,499.9192492606636
2026-08-25T16:18:04.668+02:00,1199,0.13432510281226642,0.3,0,0.126315,499.95241397849753
2026-08-25T16:18:04.925+02:00,1200,0.11752141945177048,0.3,0,0.13663,499.9286519141385
2026-08-25T16:18:05.182+02:00,1201,0.121393424230456,0.3,0,0.130537,499.93207812899493
2026-08-25T16:18:05.439+02:00,1202,0.11004396003067313,0.3,0,0.124334,499.9223093204955
2026-08-25T16:18:05.696+02:00,1203,0.12725607160085395,0.3,0,0.1255,499.92537137942077
2026-08-25T16:18:05.952+02:00,1204,0.10868442318091026,0.3,0,0.12674,499.9136743602973
2026-08-25T16:18:06.209+02:00,1205,0.1449589138588244,0.3,0,0.129148,499.9707458006833
2026-08-25T16:18:06.466+02:00,1206,0.10703487712473425,0.3,0,0.125204,499.96334717009825
2026-08-25T16:18:06.723+02:00,1207,0.1153906483371883,0.3,0,0.127797,499.92792378250255
2026-08-25T16:18:06.980+02:00,1208,0.1417529582710341,0.3,0,0.1655,499.91680715166643
2026-08-25T16:18:07.237+02:00,1209,0.12451672651664063,0.3,0,0.146648,499.9988149582536
2026-08-25T16:18:07.494+02:00,1210,0.10345223668056784,0.3,0,0.126814,499.92526117013546
2026-08-25T16:18:07.751+02:00,1211,0.13061591552709473,0.3,0,0.148574,499.95383497294586
2026-08-25T16:18:08.007+02:00,1212,0.13813132216078472,0.3,0,0.114741,500.020941826276
2026-08-25T16:18:08.264+02:00,1213,0.11483370991447801,0.3,0,0.126963,499.931674688276
2026-08-25T16:18:08.521+02:00,1214,0.09458377618511848,0.3,0,0.127407,499.9604302995544
2026-08-25T16:18:08.778+02:00,1215,0.1100486555446496,0.3,0,0.140166,499.946108170545
2026-08-25T16:18:09.035+02:00,1216,0.12789725376619923,0.3,0,0.128352,499.97905796255685
2026-08-25T16:18:09.292+02:00,1217,0.11410806407521834,0.3,0,0.126685,499.94089675504387
2026-08-25T16:18:09.548+02:00,1218,0.13861336542108735,0.3,0,0.164371,499.9051459543393
2026-08-25T16:18:09.805+02:00,1219,0.10502646539597427,0.3,0,0.126611,499.9617056851406
2026-08-25T16:18:10.062+02:00,1220,0.09310825417370194,0.3,0,0.127907,499.92209088059735
2026-08-25T16:18:10.319+02:00,1221,0.12418430588528961,0.3,0,0.131019,499.94931419200617
2026-08-25T16:18:10.576+02:00,1222,0.1103424323399742,0.3,0,0.133018,499.9664097389255
2026-08-25T16:18:10.833+02:00,1223,0.11868168209572956,0.3,0,0.126593,499.928905777019
2026-08-25T16:18:11.089+02:00,1224,0.16672507776997905,0.3,0,0.125982,499.96272915599036
2026-08-25T16:18:11.346+02:00,1225,0.15776558840231003,0.3,0,0.126796,499.934445599067
2026-08-25T16:18:11.603+02:00,1226,0.1310925533564081,0.3,0,0.126815,499.9127258647237
2026-08-25T16:18:11.860+02:00,1227,0.10798300861335648,0.3,0,0.143055,499.9485486040109
2026-08-25T16:18:12.117+02:00,1228,0.1410506029233426,0.3,0,0.126148,499.98747669177015
2026-08-25T16:18:12.374+02:00,1229,0.1101163433577063,0.3,0,0.168315,499.8790214009277
2026-08-25T16:18:12.631+02:00,1230,0.13071918598939006,0.3,0,0.132981,499.9546005771316
2026-08-25T16:18:12.887+02:00,1231,0.09347754304147515,0.3,0,0.11374,499.9572241283636
2026-08-25T16:18:13.144+02:00,1232,0.12122806964809903,0.3,0,0.127166,499.9255524222966
2026-08-25T16:18:13.401+02:00,1233,0.1678544797693835,0.3,0,0.136407,499.9466198699371
2026-08-25T16:18:13.658+02:00,1234,0.0836260366410871,0.3,0,0.12537,499.95755084623624
2026-08-25T16:18:13.915+02:00,1235,0.11141018795210018,0.3,0,0.127444,499.9409695690272
2026-08-25T16:18:14.171+02:00,1236,0.11408076373612559,0.3,0,0.137889,499.9512842742711
2026-08-25T16:18:14.428+02:00,1237,0.12841738493214858,0.3,0,0.133945,499.95263243773576
2026-08-25T16:18:14.685+02:00,1238,0.09808149506648507,0.3,0,0.128185,499.94235310317697
2026-08-25T16:18:14.942+02:00,1239,0.0817685466708022,0.3,0,0.133296,499.93207616015167
2026-08-25T16:18:15.199+02:00,1240,0.13763395506937068,0.3,0,0.128833,499.9656440985715
2026-08-25T16:18:15.456+02:00,1241,0.16651586466335408,0.3,0,0.126185,499.95696826768295
2026-08-25T16:18:15.712+02:00,1242,0.11795625972987378,0.3,0,0.127759,499.93076549389275
2026-08-25T16:18:15.969+02:00,1243,0.13470394907339903,0.3,0,0.124648,499.9498632943222
2026-08-25T16:18:16.226+02:00,1244,0.14402807969245993,0.3,0,0.126334,499.9645497640136
2026-08-25T16:18:16.483+02:00,1245,0.11892387419652684,0.3,0,0.130297,499.91250547167016
2026-08-25T16:18:16.740+02:00,1246,0.1632525069704561,0.3,0,0.126222,499.94774956024384
2026-08-25T16:18:16.997+02:00,1247,0.1436114771321224,0.3,0,0.127667,499.9763967818359
2026-08-25T16:18:17.253+02:00,1248,0.12303482792972072,0.3,0,0.130407,499.901391495115
2026-08-25T16:18:17.510+02:00,1249,0.10476768038596813,0.3,0,0.184,499.94312064828756
2026-08-25T16:18:17.767+02:00,1250,0.15348296172858777,0.3,0,0.125666,499.9895553359405
2026-08-25T16:18:18.024+02:00,1251,0.11942454152672073,0.3,0,0.128167,499.93561262142555
2026-08-25T16:18:18.281+02:00,1252,0.13098966970378503,0.3,0,0.12463,499.9399855510519
2026-08-25T16:18:18.538+02:00,1253,0.13917337327895077,0.3,0,0.114074,499.95091820623213
2026-08-25T16:18:18.795+02:00,1254,0.10712868855953632,0.3,0,0.140759,499.94709221262247
2026-08-25T16:18:19.051+02:00,1255,0.1062816385997107,0.3,0,0.127389,499.9501171787453
2026-08-25T16:18:19.308+02:00,1256,0.14503508381157118,0.3,0,0.127944,499.9502628192647
2026-08-25T16:18:19.565+02:00,1257,0.09897181090882985,0.3,0,0.128703,499.93871026911825
2026-08-25T16:18:19.822+02:00,1258,0.14139757985291757,0.3,0,0.124797,499.94023942544294
2026-08-25T16:18:20.079+02:00,1259,0.15298353059366634,0.3,0,0.127148,499.9520853054978
2026-08-25T16:18:20.335+02:00,1260,0.12796697752319322,0.3,0,0.126222,499.9408967478842
2026-08-25T16:18:20.592+02:00,1261,0.11935633162294342,0.3,0,0.126037,499.9266465861443
2026-08-25T16:18:20.849+02:00,1262,0.08132617240936969,0.3,0,0.137945,499.9567143834617
2026-08-25T16:18:21.106+02:00,1263,0.11529660783800984,0.3,0,0.136407,499.96608104752363
2026-08-25T16:18:21.363+02:00,1264,0.13934294329311128,0.3,0,0.127722,499.9410778091646
2026-08-25T16:18:21.620+02:00,1265,0.13642191261116707,0.3,0,0.273129,499.9459625324462
2026-08-25T16:18:21.877+02:00,1266,0.11187278039751429,0.3,0,0.127704,500.0283067230818
2026-08-25T16:18:22.134+02:00,1267,0.17702994602304897,0.3,0,0.123982,499.93448299312723
2026-08-25T16:18:22.391+02:00,1268,0.10472324850877819,0.3,0,0.126629,499.9564585161427
2026-08-25T16:18:22.648+02:00,1269,0.10160610421134357,0.3,0,0.11813,499.95419907623864
2026-08-25T16:18:22.905+02:00,1270,0.10169276779531349,0.3,0,0.214704,499.8687451002492
2026-08-25T16:18:23.162+02:00,1271,0.0925304823323397,0.3,0,0.125833,499.97847336467123
2026-08-25T16:18:23.419+02:00,1272,0.10948245419582008,0.3,0,0.126166,499.9525950481204
2026-08-25T16:18:23.675+02:00,1273,0.1365857675407691,0.3,0,0.127166,499.9477849801675
2026-08-25T16:18:23.932+02:00,1274,0.08546708032802493,0.3,0,0.126426,499.92140015301715
2026-08-25T16:18:24.189+02:00,1275,0.08055173052853848,0.3,0,0.127852,499.97092885273423
2026-08-25T16:18:24.446+02:00,1276,0.11567467785577756,0.3,0,0.135389,499.95576572455997
2026-08-25T16:18:24.703+02:00,1277,0.15445190253941948,0.3,0,0.124963,499.9533980453985
2026-08-25T16:18:24.960+02:00,1278,0.14237352496490038,0.3,0,0.12787,499.9473106743697
2026-08-25T16:18:25.216+02:00,1279,0.09751278823208587,0.3,0,0.126315,499.98886245263003
2026-08-25T16:18:25.473+02:00,1280,0.10799609460383675,0.3,0,0.1285,499.91811971347056
2026-08-25T16:18:25.730+02:00,1281,0.18123209715883112,0.3,0,0.147055,499.9495346246761
2026-08-25T16:18:25.987+02:00,1282,0.120359321732737,0.3,0,0.135037,500.0120101286053
2026-08-25T16:18:26.244+02:00,1283,0.10077635948558099,0.3,0,0.126777,499.95288633213136
2026-08-25T16:18:26.501+02:00,1284,0.1224410354587313,0.3,0,0.133519,499.9760326462104
2026-08-25T16:18:26.758+02:00,1285,0.12262998710104019,0.3,0,0.128555,499.9579543215597
2026-08-25T16:18:27.014+02:00,1286,0.13690297971443025,0.3,0,0.147519,499.9420972577171
2026-08-25T16:18:27.271+02:00,1287,0.12723912389139494,0.3,0,0.126888,499.9755937106775
2026-08-25T16:18:27.528+02:00,1288,0.13159484968759463,0.3,0,0.114722,499.95758824375304
2026-08-25T16:18:27.785+02:00,1289,0.12416677730226018,0.3,0,0.163963,499.90849903530506
2026-08-25T16:18:28.042+02:00,1290,0.11907081995872948,0.3,0,0.12837,499.93666944207695
2026-08-25T16:18:28.299+02:00,1291,0.1209154740469905,0.3,0,0.127,499.9489874848986
2026-08-25T16:18:28.555+02:00,1292,0.12614646567963625,0.3,0,0.135055,499.9462538087287
2026-08-25T16:18:28.812+02:00,1293,0.22694805128045384,0.3,0,0.127518,499.9290514051805
2026-08-25T16:18:29.069+02:00,1294,0.1341324270098546,0.3,0,0.1255,499.94166231960423
2026-08-25T16:18:29.326+02:00,1295,0.12403002030927353,0.3,0,0.128111,499.94497849481587
2026-08-25T16:18:29.583+02:00,1296,0.10343916488397031,0.3,0,0.126685,499.93429997492234
2026-08-25T16:18:29.839+02:00,1297,0.13810550647214428,0.3,0,0.12737,499.94428573504854
2026-08-25T16:18:30.096+02:00,1298,0.11935615687013,0.3,0,0.124334,499.96666560926985
2026-08-25T16:18:30.353+02:00,1299,0.12153407827879903,0.3,0,0.128703,499.92752034848866
2026-08-25T16:18:30.610+02:00,1300,0.11026100232261493,0.3,0,0.137408,499.9442483466816
2026-08-25T16:18:30.867+02:00,1301,0.10108278416336876,0.3,0,0.125222,499.96677386053426
2026-08-25T16:18:31.124+02:00,1302,0.10536780449912946,0.3,0,0.130389,499.91006539007043
2026-08-25T16:18:31.380+02:00,1303,0.1298093831441339,0.3,0,0.130149,499.9520479088043
2026-08-25T16:18:31.637+02:00,1304,0.15502890213760642,0.3,0,0.125777,499.95857233102333
2026-08-25T16:18:31.894+02:00,1305,0.11339901589318602,0.3,0,0.130926,499.92085111322234
2026-08-25T16:18:32.151+02:00,1306,0.10948028648530927,0.3,0,0.127426,500.02633799617365
2026-08-25T16:18:32.408+02:00,1307,0.1327036198580386,0.3,0,0.125111,499.9670651610673
2026-08-25T16:18:32.665+02:00,1308,0.0766384696302822,0.3,0,0.134167,499.93287909151843
2026-08-25T16:18:32.922+02:00,1309,0.13021032687382247,0.3,0,0.165407,499.92850628620977
2026-08-25T16:18:33.178+02:00,1310,0.1188675807446149,0.3,0,0.142777,499.9895907689491
2026-08-25T16:18:33.435+02:00,1311,0.15574136135483366,0.3,0,0.128907,499.9503356431362
2026-08-25T16:18:33.692+02:00,1312,0.12043092736618277,0.3,0,0.125982,499.9170983939772
2026-08-25T16:18:33.949+02:00,1313,0.13139977364491529,0.3,0,0.12837,499.9391825968579
2026-08-25T16:18:34.206+02:00,1314,0.1338392540565989,0.3,0,0.125481,499.9519750844339
2026-08-25T16:18:34.463+02:00,1315,0.12757839396172876,0.3,0,0.129463,499.9091169153503
2026-08-25T16:18:34.719+02:00,1316,0.12935247557284466,0.3,0,0.1275,499.95930252815765
2026-08-25T16:18:34.976+02:00,1317,0.09554182943423362,0.3,0,0.13087,499.93524657633606
2026-08-25T16:18:35.233+02:00,1318,0.09133798358726823,0.3,0,0.132074,499.9623630711912
2026-08-25T16:18:35.490+02:00,1319,0.10488743563180651,0.3,0,0.125314,499.9520498706448
2026-08-25T16:18:35.747+02:00,1320,0.07883147337330391,0.3,0,0.123852,499.9663349484184
2026-08-25T16:18:36.003+02:00,1321,0.18337686052465982,0.3,0,0.127611,499.9063128399104
2026-08-25T16:18:36.260+02:00,1322,0.10031284684275536,0.3,0,0.127537,499.93849182204673
2026-08-25T16:18:36.517+02:00,1323,0.17503165131931153,0.3,0,0.127018,499.93801555783216
2026-08-25T16:18:36.774+02:00,1324,0.1874754529880948,0.3,0,0.126037,499.86838111425584
2026-08-25T16:18:37.031+02:00,1325,0.09670236890888735,0.3,0,0.139778,500.4159007765303
2026-08-25T16:18:37.288+02:00,1326,0.12351836266499443,0.3,0,0.126149,499.95080996183367
2026-08-25T16:18:37.544+02:00,1327,0.16156257549152686,0.3,0,0.127149,499.9240587795371
2026-08-25T16:18:37.801+02:00,1328,1.2682161447267732,0.3,1,0.128796,499.95044388732936
2026-08-25T16:18:38.058+02:00,1329,0.7265349078301115,0.3,1,0.111204,499.9410778091646
2026-08-25T16:18:38.315+02:00,1330,0.18083148859155349,0.3,0,0.127222,499.9344101810334
2026-08-25T16:18:38.572+02:00,1331,0.15191883986519114,0.3,0,0.130592,499.9229665957885
2026-08-25T16:18:38.828+02:00,1332,0.12109992220041714,0.3,0,0.112037,499.95354368782944
2026-08-25T16:18:39.085+02:00,1333,0.1161777288620559,0.3,0,0.134611,499.93032664499685
2026-08-25T16:18:39.342+02:00,1334,0.11139294186783862,0.3,0,0.133277,499.94669072378895
2026-08-25T16:18:39.599+02:00,1335,0.12799366655091404,0.3,0,0.12874,499.9813176271562
2026-08-25T16:18:39.856+02:00,1336,0.14965708443319084,0.3,0,0.1265,499.95795235967284
2026-08-25T16:18:40.113+02:00,1337,0.107673144231432,0.3,0,0.129537,499.9275931657349
2026-08-25T16:18:40.369+02:00,1338,0.13205267985833244,0.3,0,0.122592,499.9546734022668
2026-08-25T16:18:40.626+02:00,1339,0.1356329056910326,0.3,0,0.124778,499.9523411540206
2026-08-25T16:18:40.883+02:00,1340,0.10489572491342354,0.3,0,0.128222,499.8907896049884
2026-08-25T16:18:41.140+02:00,1341,0.15593275540175927,0.3,0,0.131333,499.9468737510661
2026-08-25T16:18:41.397+02:00,1342,0.12161756775429056,0.3,0,0.127611,499.9600681562492
2026-08-25T16:18:41.653+02:00,1343,0.10131668424882001,0.3,0,0.125315,499.90704090859623
2026-08-25T16:18:41.910+02:00,1344,0.25502115044538204,0.3,0,0.130297,499.9446852582366
2026-08-25T16:18:42.167+02:00,1345,0.15597436540215737,0.3,0,0.127704,499.95084735118206
2026-08-25T16:18:42.424+02:00,1346,0.19615036589876192,0.3,0,0.133815,499.93163927063506
2026-08-25T16:18:42.681+02:00,1347,0.13616980107720286,0.3,0,0.13324,499.9570784909485
2026-08-25T16:18:42.938+02:00,1348,0.2196712440507492,0.3,0,0.126629,499.9438114358903
2026-08-25T16:18:43.195+02:00,1349,0.16720391142509664,0.3,0,0.167667,499.91261763686265
2026-08-25T16:18:43.452+02:00,1350,0.14961696980242178,0.3,0,0.152593,499.9590092676147
2026-08-25T16:18:43.708+02:00,1351,0.11743864000384659,0.3,0,0.113222,499.9824828991165
2026-08-25T16:18:43.965+02:00,1352,0.16818633513657696,0.3,0,0.138648,499.8999707987657
2026-08-25T16:18:44.222+02:00,1353,0.12319825599584415,0.3,0,0.126833,499.9486588164041
2026-08-25T16:18:44.479+02:00,1354,0.1524415331812546,0.3,0,0.136352,499.9979035574461
2026-08-25T16:18:44.736+02:00,1355,0.11205463647321778,0.3,0,0.126019,499.9238777377431
2026-08-25T16:18:44.993+02:00,1356,0.14957827643093827,0.3,0,0.130407,499.89144680456087
2026-08-25T16:18:45.249+02:00,1357,0.1190419210501202,0.3,0,0.124833,499.9644788979393
2026-08-25T16:18:45.506+02:00,1358,0.12860923740813965,0.3,0,0.12787,499.94957005201263
2026-08-25T16:18:45.763+02:00,1359,0.1529649147326466,0.3,0,0.134388,499.9065312588618
2026-08-25T16:18:46.020+02:00,1360,0.12230439048907109,0.3,0,0.141555,499.9597394588651
2026-08-25T16:18:46.277+02:00,1361,0.11082045984684082,0.3,0,0.127259,500.4465007358858
2026-08-25T16:18:46.534+02:00,1362,0.15394068644517103,0.3,0,0.126334,499.9018676895525
2026-08-25T16:18:46.790+02:00,1363,0.16191835216092418,0.3,0,0.126592,499.8188707609034
2026-08-25T16:18:47.047+02:00,1364,0.18596878573159215,0.3,0,0.1265,499.94938701560136
2026-08-25T16:18:47.304+02:00,1365,0.10422701621888963,0.3,0,0.128704,499.9150951273788
2026-08-25T16:18:47.561+02:00,1366,0.12524097590196556,0.3,0,0.12624,499.94680093536294
2026-08-25T16:18:47.818+02:00,1367,0.09633292484461294,0.3,0,0.124314,499.9518294429169
2026-08-25T16:18:48.075+02:00,1368,0.10856549114369189,0.3,0,0.126148,499.9143296441813
2026-08-25T16:18:48.331+02:00,1369,0.1656910220662904,0.3,0,0.129093,499.94931616098523
2026-08-25T16:18:48.588+02:00,1370,0.16753342187708764,0.3,0,0.150519,499.92810482722706
2026-08-25T16:18:48.845+02:00,1371,0.1420811284563861,0.3,0,0.14363,499.92781357209185
2026-08-25T16:18:49.102+02:00,1372,0.14839652024203667,0.3,0,0.128944,499.94363037262985
2026-08-25T16:18:49.359+02:00,1373,0.1665235196672994,0.3,0,0.12637,499.95806257621206
2026-08-25T16:18:49.616+02:00,1374,0.14317620288095156,0.3,0,0.2485,499.9399107612906
2026-08-25T16:18:49.873+02:00,1375,0.12434848543220826,0.3,0,0.129722,499.98926400919953
2026-08-25T16:18:50.130+02:00,1376,0.11561739594324727,0.3,0,0.126388,499.96990732461484
2026-08-25T16:18:50.386+02:00,1377,0.13639653958232278,0.3,0,0.129945,499.96520518127886
2026-08-25T16:18:50.643+02:00,1378,0.12174068792932319,0.3,0,0.126352,499.8733726278757
2026-08-25T16:18:50.900+02:00,1379,0.09323016397168334,0.3,0,0.147019,499.9362305756562
2026-08-25T16:18:51.157+02:00,1380,0.10535284731383765,0.3,0,0.124648,500.0306396729711
2026-08-25T16:18:51.414+02:00,1381,0.1431340237043622,0.3,0,0.127148,499.9046363013099
2026-08-25T16:18:51.671+02:00,1382,0.1229013155740984,0.3,0,0.126851,499.9436303654701
2026-08-25T16:18:51.927+02:00,1383,0.13428392535115327,0.3,0,0.126703,499.93772626003675
2026-08-25T16:18:52.184+02:00,1384,0.12034227719193247,0.3,0,0.123889,499.91166914529896
2026-08-25T16:18:52.441+02:00,1385,0.14657506987540816,0.3,0,0.126185,499.94847774963245
2026-08-25T16:18:52.698+02:00,1386,0.12051254217173908,0.3,0,0.16987,499.95310676079123
2026-08-25T16:18:52.955+02:00,1387,0.15331518173537892,0.3,0,0.127167,499.9132709492812
2026-08-25T16:18:53.212+02:00,1388,0.08962124493992944,0.3,0,0.128722,499.9308009185693
2026-08-25T16:18:53.468+02:00,1389,0.10264272293279013,0.3,0,0.121981,499.9582082142005
2026-08-25T16:18:53.725+02:00,1390,0.1226073446042603,0.3,0,0.136185,499.95226636772253
2026-08-25T16:18:53.982+02:00,1391,0.14375545447814927,0.3,0,0.155926,499.90787918097584
2026-08-25T16:18:54.239+02:00,1392,0.1468916854750749,0.3,0,0.152222,499.97205865290204
2026-08-25T16:18:54.496+02:00,1393,0.123833500172008,0.3,0,0.16013,499.94195359087604
2026-08-25T16:18:54.753+02:00,1394,0.11157459785696418,0.3,0,0.125926,499.9054371759043
2026-08-25T16:18:55.010+02:00,1395,0.09344382534718765,0.3,0,0.139611,499.96210917433046
2026-08-25T16:18:55.267+02:00,1396,0.11285128168049734,0.3,0,0.126611,499.9647682338576
2026-08-25T16:18:55.524+02:00,1397,0.1213996330120507,0.3,0,0.136759,499.9300353872728
2026-08-25T16:18:55.781+02:00,1398,0.10248808721458798,0.3,0,0.140148,499.9452697699518
2026-08-25T16:18:56.037+02:00,1399,0.1407887489667464,0.3,0,0.12387,500.00523037094297
2026-08-25T16:18:56.294+02:00,1400,0.07775257320183589,0.3,0,0.12763,499.9463620583142
2026-08-25T16:18:56.551+02:00,1401,0.09029925634235303,0.3,0,0.127907,499.9158960426438
2026-08-25T16:18:56.808+02:00,1402,0.13545758397555127,0.3,0,0.127519,499.9543073292648
2026-08-25T16:18:57.065+02:00,1403,0.1054941288343735,0.3,0,0.127685,499.93342618887925
2026-08-25T16:18:57.322+02:00,1404,0.11355053777102724,0.3,0,0.126315,499.9409695690272
2026-08-25T16:18:57.578+02:00,1405,0.1000086133920443,0.3,0,0.1415,499.9728243129025
2026-08-25T16:18:57.835+02:00,1406,0.11817980231117294,0.3,0,0.125648,499.91403839793765
2026-08-25T16:18:58.092+02:00,1407,0.14930794361837604,0.3,0,0.12524,499.9223467055811
2026-08-25T16:18:58.349+02:00,1408,0.11089317376396164,0.3,0,0.112833,499.94727524019356
2026-08-25T16:18:58.606+02:00,1409,0.11567935443313777,0.3,0,0.124593,499.9114133384019
2026-08-25T16:18:58.862+02:00,1410,0.10347265809189514,0.3,0,0.150111,499.88626996413416
2026-08-25T16:18:59.119+02:00,1411,0.08411971315098965,0.3,0,0.126611,499.9674666826254
2026-08-25T16:18:59.376+02:00,1412,0.07596529287574476,0.3,0,0.127611,499.95131970185554
2026-08-25T16:18:59.633+02:00,1413,0.10325193815515143,0.3,0,0.160277,499.9118501854095
2026-08-25T16:18:59.890+02:00,1414,0.17929185222477304,0.3,0,0.171314,499.94191619569824
2026-08-25T16:19:00.147+02:00,1415,0.13300369943863075,0.3,0,0.126611,499.9852898055537
2026-08-25T16:19:00.404+02:00,1416,0.11951307499950244,0.3,0,0.233259,499.906604062835
2026-08-25T16:19:00.661+02:00,1417,0.1543798677071172,0.3,0,0.126537,499.9991791342262
2026-08-25T16:19:00.918+02:00,1418,0.11357334846277611,0.3,0,0.123741,499.94461440495314
2026-08-25T16:19:01.175+02:00,1419,0.12709237484279937,0.3,0,0.126167,499.95350629091774
2026-08-25T16:19:01.432+02:00,1420,0.1128975767431194,0.3,0,0.126796,499.9372519661648
2026-08-25T16:19:01.689+02:00,1421,0.09627409432950411,0.3,0,0.136148,499.94614556635
2026-08-25T16:19:01.945+02:00,1422,0.11716619051436024,0.3,0,0.125185,499.8820455505274
2026-08-25T16:19:02.202+02:00,1423,0.11900045245009054,0.3,0,0.125408,499.92522575340325
2026-08-25T16:19:02.459+02:00,1424,0.11698106263852164,0.3,0,0.112537,499.94727327839047
2026-08-25T16:19:02.716+02:00,1425,0.12649697764756954,0.3,0,0.126963,499.9438468624157
2026-08-25T16:19:02.973+02:00,1426,0.17865897065697336,0.3,0,0.128519,499.8868897648764
2026-08-25T16:19:03.229+02:00,1427,0.12144483593546045,0.3,0,0.126703,499.963055881058
2026-08-25T16:19:03.486+02:00,1428,0.08169235156529842,0.3,0,0.128333,499.9780738018004
2026-08-25T16:19:03.743+02:00,1429,0.1526915220974813,0.3,0,0.126648,499.9133083401739
2026-08-25T16:19:04.000+02:00,1430,0.08788267247925792,0.3,0,0.126851,499.95540161898526
2026-08-25T16:19:04.257+02:00,1431,0.11996150849776939,0.3,0,0.126852,499.98984666302096
2026-08-25T16:19:04.513+02:00,1432,0.12593218771307893,0.3,0,0.136148,499.8957067967696
2026-08-25T16:19:04.770+02:00,1433,0.10477656884303721,0.3,0,0.160555,499.95919231107166
2026-08-25T16:19:05.027+02:00,1434,0.14090711929946076,0.3,0,0.155444,499.98379579865417
2026-08-25T16:19:05.284+02:00,1435,0.11121859119670925,0.3,0,0.127203,499.9509556027567
2026-08-25T16:19:05.541+02:00,1436,0.1287096014357836,0.3,0,0.128111,499.9481864707585
2026-08-25T16:19:05.798+02:00,1437,0.1336810602985512,0.3,0,0.123519,500.2133272013973
2026-08-25T16:19:06.055+02:00,1438,0.12937179090789167,0.3,0,0.124926,499.9403122463944
2026-08-25T16:19:06.312+02:00,1439,0.15670746719778675,0.3,0,0.129518,500.2478432656498
2026-08-25T16:19:06.568+02:00,1440,0.14100122710982724,0.3,0,0.128037,499.94508673668923
2026-08-25T16:19:06.825+02:00,1441,0.11856016714727247,0.3,0,0.125889,499.9441755245835
2026-08-25T16:19:07.082+02:00,1442,0.11047100448308307,0.3,0,0.127481,499.9177910784009
2026-08-25T16:19:07.339+02:00,1443,0.12493729315631241,0.3,0,0.132741,499.9494972283641
2026-08-25T16:19:07.596+02:00,1444,0.12771325795372343,0.3,0,0.135111,499.96185330148955
2026-08-25T16:19:07.852+02:00,1445,0.14909613645202136,0.3,0,0.126481,499.9437012184746
2026-08-25T16:19:08.109+02:00,1446,0.17565518382608847,0.3,0,0.113537,499.96145178894756
2026-08-25T16:19:08.366+02:00,1447,0.14416242951761346,0.3,0,0.128351,499.94803886247985
2026-08-25T16:19:08.623+02:00,1448,0.1051828440258205,0.3,0,0.226111,499.8421482767259
2026-08-25T16:19:08.880+02:00,1449,0.11610327601987007,0.3,0,0.141908,499.9856913563846
2026-08-25T16:19:09.137+02:00,1450,0.08321139227935188,0.3,0,0.126408,500.0087658978176
2026-08-25T16:19:09.394+02:00,1451,0.12306059359125232,0.3,0,0.127111,499.9283586967112
2026-08-25T16:19:09.651+02:00,1452,0.09807538028029687,0.3,0,0.124186,499.9418807694464
2026-08-25T16:19:09.908+02:00,1453,0.10299206356036332,0.3,0,0.126203,499.955328800798
2026-08-25T16:19:10.165+02:00,1454,0.1484820224127148,0.3,0,0.126907,499.93604754901224
2026-08-25T16:19:10.421+02:00,1455,0.1312542802711434,0.3,0,0.127667,499.9508099546737
2026-08-25T16:19:10.678+02:00,1456,0.11831552408704844,0.3,0,0.126093,499.9530693639449
2026-08-25T16:19:10.935+02:00,1457,0.10070007137289494,0.3,0,0.127426,499.8806957992835
2026-08-25T16:19:11.192+02:00,1458,0.12675415702145218,0.3,0,0.126629,499.9317849003891
2026-08-25T16:19:11.449+02:00,1459,0.16283399552853473,0.3,0,0.12987,499.9494244118968
2026-08-25T16:19:11.705+02:00,1460,0.12047915826915571,0.3,0,0.126444,499.93634078261846
2026-08-25T16:19:11.962+02:00,1461,0.0968906344451761,0.3,0,0.125389,499.9015036624788
2026-08-25T16:19:12.219+02:00,1462,0.12462507678966768,0.3,0,0.111277,499.9664805912264
2026-08-25T16:19:12.476+02:00,1463,0.12140584202467879,0.3,0,0.126518,499.95383497294586
2026-08-25T16:19:12.733+02:00,1464,0.13738720037420785,0.3,0,0.128537,499.90299717046344
2026-08-25T16:19:12.990+02:00,1465,0.14914435583809116,0.3,0,0.128388,499.9603948706787
2026-08-25T16:19:13.246+02:00,1466,0.12342480307647145,0.3,0,0.139259,499.96990732461484
2026-08-25T16:19:13.503+02:00,1467,0.09330984380406045,0.3,0,0.136611,499.8996795835695
2026-08-25T16:19:13.760+02:00,1468,0.08072873544701172,0.3,0,0.135686,499.9558031218097
2026-08-25T16:19:14.017+02:00,1469,0.1523306557635292,0.3,0,0.125,499.9853626324688
2026-08-25T16:19:14.274+02:00,1470,0.14901942431656887,0.3,0,0.126,499.91644310283465
2026-08-25T16:19:14.531+02:00,1471,0.10475943121170417,0.3,0,0.126945,499.9587927646972
2026-08-25T16:19:14.787+02:00,1472,0.18175602795518012,0.3,0,0.1295,499.95941077623365
2026-08-25T16:19:15.044+02:00,1473,0.14774573002226798,0.3,0,0.127667,499.92402138703625
2026-08-25T16:19:15.301+02:00,1474,0.14398233747740888,0.3,0,0.160629,500.0179159958789
2026-08-25T16:19:15.558+02:00,1475,0.10668976761317085,0.3,0,0.137426,499.9712929880861
2026-08-25T16:19:15.815+02:00,1476,0.11221307975544399,0.3,0,0.126482,499.93641359527464
2026-08-25T16:19:16.072+02:00,1477,0.12169587899243102,0.3,0,0.124018,499.9428648020421
2026-08-25T16:19:16.329+02:00,1478,0.13650018774860098,0.3,0,0.127815,499.9431186793573
2026-08-25T16:19:16.585+02:00,1479,0.1675482162250974,0.3,0,0.125259,499.9403496341726
2026-08-25T16:19:16.842+02:00,1480,0.16005325786878957,0.3,0,0.138444,499.93885393409516
2026-08-25T16:19:17.099+02:00,1481,0.14402225355689247,0.3,0,0.126685,499.9707084083586
2026-08-25T16:19:17.356+02:00,1482,0.12101169617672376,0.3,0,0.128223,499.95780671467327
2026-08-25T16:19:17.613+02:00,1483,0.13263875304909215,0.3,0,0.124907,499.91586061292054
2026-08-25T16:19:17.869+02:00,1484,0.1063494690879813,0.3,0,0.113648,499.95226833672484
2026-08-25T16:19:18.126+02:00,1485,0.1133817652740274,0.3,0,0.136519,499.964512358295
2026-08-25T16:19:18.383+02:00,1486,0.09811741881734985,0.3,0,0.133,499.9510638472183
2026-08-25T16:19:18.640+02:00,1487,0.12342543741824041,0.3,0,0.143371,499.96024921709585
2026-08-25T16:19:18.897+02:00,1488,0.1340434911333599,0.3,0,0.139093,499.9796779934132
2026-08-25T16:19:19.154+02:00,1489,0.1053033094913669,0.3,0,0.136833,499.9168799586328
2026-08-25T16:19:19.411+02:00,1490,0.1240320121552152,0.3,0,0.134019,499.9520479088043
2026-08-25T16:19:19.667+02:00,1491,0.15322657421240513,0.3,0,0.126926,499.9701257991411
2026-08-25T16:19:19.924+02:00,1492,0.11746614909224833,0.3,0,0.124463,499.92369471298457
2026-08-25T16:19:20.181+02:00,1493,0.08763292904770663,0.3,0,0.128148,499.9562400464007
2026-08-25T16:19:20.438+02:00,1494,0.13130537831193104,0.3,0,0.126778,499.96105027705045
2026-08-25T16:19:20.695+02:00,1495,0.15340518969490388,0.3,0,0.128537,499.94840295733036
2026-08-25T16:19:20.952+02:00,1496,0.08229813208151349,0.3,0,0.138167,499.9532878309159
2026-08-25T16:19:21.208+02:00,1497,0.09542856041749088,0.3,0,0.128407,499.9906478178233
2026-08-25T16:19:21.465+02:00,1498,0.08554093416680757,0.3,0,0.124185,499.9416997147441
2026-08-25T16:19:21.722+02:00,1499,0.12154474361817114,0.3,0,0.126334,499.9228918182783
2026-08-25T16:19:21.979+02:00,1500,0.10596352185779952,0.3,0,0.127185,499.9384544273867
2026-08-25T16:19:22.236+02:00,1501,0.15739215145253618,0.3,0,0.125111,499.9257708652198
2026-08-25T16:19:22.493+02:00,1502,0.138337413296409,0.3,0,0.129982,499.9080602183414
2026-08-25T16:19:22.749+02:00,1503,0.07458177060067539,0.3,0,0.117907,499.94916855203945
2026-08-25T16:19:23.006+02:00,1504,0.12746401333645943,0.3,0,0.128944,499.98077042497135
2026-08-25T16:19:23.263+02:00,1505,0.06836812911364247,0.3,0,0.12576,499.9349907381496
2026-08-25T16:19:23.520+02:00,1506,0.12781408500179578,0.3,0,0.112926,499.95525597547186
2026-08-25T16:19:23.777+02:00,1507,0.12166454848165276,0.3,0,0.13737,499.9688523325682
2026-08-25T16:19:24.033+02:00,1508,0.13095877621451366,0.3,0,0.127852,499.92887035261106
2026-08-25T16:19:24.290+02:00,1509,0.16301639707522678,0.3,0,0.129611,499.9467655084189
2026-08-25T16:19:24.547+02:00,1510,0.15058513769900683,0.3,0,0.125963,499.96283740555015
2026-08-25T16:19:24.804+02:00,1511,0.12765714345164478,0.3,0,0.124148,499.9475645562003
2026-08-25T16:19:25.061+02:00,1512,0.14581929084130194,0.3,0,0.128407,499.9504458563173
2026-08-25T16:19:25.318+02:00,1513,0.13316657404528284,0.3,0,0.125981,499.9599225028567
2026-08-25T16:19:25.575+02:00,1514,0.16576028993229142,0.3,0,0.16513,499.92056183529155
2026-08-25T16:19:25.832+02:00,1515,0.1597495340908548,0.3,0,0.136778,499.97752659955523
2026-08-25T16:19:26.088+02:00,1516,0.11957248579980395,0.3,0,0.127741,499.9675395115089
2026-08-25T16:19:26.345+02:00,1517,0.09097080552944507,0.3,0,0.12587,499.9277761861886
2026-08-25T16:19:26.602+02:00,1518,0.10392173766809816,0.3,0,0.126167,499.9078063694724
2026-08-25T16:19:26.859+02:00,1519,0.12763235985178376,0.3,0,0.125333,499.9549627196761
2026-08-25T16:19:27.116+02:00,1520,0.12313784113172381,0.3,0,0.127797,499.94869424361644
2026-08-25T16:19:27.372+02:00,1521,0.16025443289633667,0.3,0,0.127203,499.9365946604674
2026-08-25T16:19:27.629+02:00,1522,0.10439883556131768,0.3,0,0.128259,499.9530693639449
2026-08-25T16:19:27.886+02:00,1523,0.16507519530242312,0.3,0,0.128741,499.9301081980923
2026-08-25T16:19:28.143+02:00,1524,0.12440852656346868,0.3,0,0.125907,499.9153489836502
2026-08-25T16:19:28.400+02:00,1525,0.1117745837739849,0.3,0,0.113611,499.9553287936379
2026-08-25T16:19:28.657+02:00,1526,0.14214276481074148,0.3,0,0.135296,499.9598496833525
2026-08-25T16:19:28.914+02:00,1527,0.10863582668195226,0.3,0,0.222537,499.87752606778554
2026-08-25T16:19:29.171+02:00,1528,0.1262892108487558,0.3,0,0.127426,499.9407865389133
2026-08-25T16:19:29.428+02:00,1529,0.12742064422799557,0.3,0,0.127204,499.9577338886253
2026-08-25T16:19:29.684+02:00,1530,0.08626394219015565,0.3,0,0.128814,499.9186648097906
2026-08-25T16:19:29.941+02:00,1531,0.13062136379455938,0.3,0,0.13963,499.9402020305215
2026-08-25T16:19:30.198+02:00,1532,0.1108817513505566,0.3,0,0.125259,500.02367828885315
2026-08-25T16:19:30.455+02:00,1533,0.1060844020308536,0.3,0,0.127148,499.9309091543036
2026-08-25T16:19:30.712+02:00,1534,0.10902875457110066,0.3,0,0.159166,499.9370315514854
2026-08-25T16:19:30.969+02:00,1535,0.1490148594695501,0.3,0,0.12687,499.9711473353138
2026-08-25T16:19:31.226+02:00,1536,0.13028153040495102,0.3,0,0.12737,499.94709221262247
2026-08-25T16:19:31.482+02:00,1537,0.15070363289835273,0.3,0,0.149314,499.94326628473067
2026-08-25T16:19:31.739+02:00,1538,0.08175148577065572,0.3,0,0.133648,499.9595918509246
2026-08-25T16:19:31.996+02:00,1539,0.11454071622891722,0.3,0,0.129185,499.95689544903934
2026-08-25T16:19:32.253+02:00,1540,0.12668044569217804,0.3,0,0.128352,499.9019385235615
2026-08-25T16:19:32.510+02:00,1541,0.15228121631589187,0.3,0,0.112667,499.94523237427785
2026-08-25T16:19:32.767+02:00,1542,0.10693066715609056,0.3,0,0.138092,499.9720586457414
2026-08-25T16:19:33.023+02:00,1543,0.1182548985616933,0.3,0,0.126,499.92300201220064
2026-08-25T16:19:33.280+02:00,1544,0.1308390446372422,0.3,0,0.148241,499.9388559029918
2026-08-25T16:19:33.537+02:00,1545,0.0880495597572198,0.3,0,0.125574,499.9679036347633
2026-08-25T16:19:33.794+02:00,1546,0.12131403441661652,0.3,0,0.128407,499.9106852498212
2026-08-25T16:19:34.051+02:00,1547,0.12946979132187364,0.3,0,0.127204,499.93561262142555
2026-08-25T16:19:34.308+02:00,1548,0.10771632255253231,0.3,0,0.128704,499.9527780797206
2026-08-25T16:19:34.564+02:00,1549,0.25649638535743097,0.3,0,0.127481,499.93386307435946
2026-08-25T16:19:34.821+02:00,1550,0.07768057252140916,0.3,0,0.136537,499.94727327839047
2026-08-25T16:19:35.078+02:00,1551,0.09844256911933269,0.3,0,0.127148,499.95707652190833
2026-08-25T16:19:35.335+02:00,1552,0.10622126968704604,0.3,0,0.126203,499.93386307435946
2026-08-25T16:19:35.592+02:00,1553,0.17180243234309098,0.3,0,0.136777,499.95412625124163
2026-08-25T16:19:35.849+02:00,1554,0.13854095341254022,0.3,0,0.137204,499.9572969542631
2026-08-25T16:19:36.105+02:00,1555,0.13221892492506995,0.3,0,0.125481,499.94964483750397
2026-08-25T16:19:36.362+02:00,1556,0.1550780411223842,0.3,0,0.124,499.9351363698562
2026-08-25T16:19:36.620+02:00,1557,0.11551987474377452,0.3,0,0.242926,499.9155674104977
2026-08-25T16:19:36.877+02:00,1558,0.13897433212025445,0.3,0,0.122537,500.7071621322769
2026-08-25T16:19:37.133+02:00,1559,0.07947342738723764,0.3,0,0.128056,499.9038708429831
2026-08-25T16:19:37.390+02:00,1560,0.12525628401665623,0.3,0,0.126982,499.94195359087604
2026-08-25T16:19:37.647+02:00,1561,0.15088288446970113,0.3,0,0.129074,499.9561298378251
2026-08-25T16:19:37.904+02:00,1562,0.0994291960829609,0.3,0,0.125093,499.84287616568054
2026-08-25T16:19:38.161+02:00,1563,0.10449222882136337,0.3,0,0.125889,499.95922970167385
2026-08-25T16:19:38.418+02:00,1564,0.16740022421553377,0.3,0,0.134815,499.9633471772586
2026-08-25T16:19:38.674+02:00,1565,0.151772120483875,0.3,0,0.145852,499.9696514509524
2026-08-25T16:19:38.931+02:00,1566,0.13380733400678668,0.3,0,0.14176,499.947820407256
2026-08-25T16:19:39.188+02:00,1567,0.19219993005008806,0.3,0,0.126741,499.9893722774111
2026-08-25T16:19:39.445+02:00,1568,0.15701848741041471,0.3,0,0.128482,499.92179963246946
2026-08-25T16:19:39.702+02:00,1569,0.11395026397050056,0.3,0,0.129796,499.9367402859488
2026-08-25T16:19:39.959+02:00,1570,0.10156834142417193,0.3,0,0.137407,499.9458168944322
2026-08-25T16:19:40.216+02:00,1571,0.12159922289710796,0.3,0,0.1275,499.95274069008343
2026-08-25T16:19:40.472+02:00,1572,0.07822752445108705,0.3,0,0.135778,499.9027039759707
2026-08-25T16:19:40.729+02:00,1573,0.14698415604489293,0.3,0,0.129593,499.97989451441947
2026-08-25T16:19:40.986+02:00,1574,0.13707646937378662,0.3,0,0.169963,499.9501900025744
2026-08-25T16:19:41.243+02:00,1575,0.12573163566935364,0.3,0,0.12563,499.93061789590087
2026-08-25T16:19:41.500+02:00,1576,0.09682219049101448,0.3,0,0.120814,499.94439397662194
2026-08-25T16:19:41.757+02:00,1577,0.08269148684852172,0.3,0,0.144222,499.9414792961428
2026-08-25T16:19:42.014+02:00,1578,0.06549280562168806,0.3,0,0.131907,499.9055827975521
2026-08-25T16:19:42.271+02:00,1579,0.08990351359348574,0.3,0,0.13513,499.9502254300038
2026-08-25T16:19:42.527+02:00,1580,0.09054667018354697,0.3,0,0.129092,499.9642584592513
2026-08-25T16:19:42.784+02:00,1581,0.12397200057772177,0.3,0,0.12787,499.87887384064567
2026-08-25T16:19:43.041+02:00,1582,0.16228017002617656,0.3,0,0.134111,499.94031223923474
2026-08-25T16:19:43.298+02:00,1583,0.12280242877875158,0.3,0,0.13224,499.9622528455955
2026-08-25T16:19:43.555+02:00,1584,0.08401950322984637,0.3,0,0.130648,499.94982589796103
2026-08-25T16:19:43.812+02:00,1585,0.109989625056226,0.3,0,0.128629,499.9461809932062
2026-08-25T16:19:44.068+02:00,1586,0.09142168158601945,0.3,0,0.124333,499.96626211988587
2026-08-25T16:19:44.325+02:00,1587,0.09494521523626309,0.3,0,0.128019,499.9424278865092
2026-08-25T16:19:44.582+02:00,1588,0.09768863616078495,0.3,0,0.130055,499.92340346298795
2026-08-25T16:19:44.839+02:00,1589,0.10738222522770273,0.3,0,0.125037,499.9492059483023
2026-08-25T16:19:45.096+02:00,1590,0.10029750794673564,0.3,0,0.131203,499.9488044489139
2026-08-25T16:19:45.352+02:00,1591,0.08680266393149101,0.3,0,0.124833,499.91505773621884
2026-08-25T16:19:45.609+02:00,1592,0.1090314798501938,0.3,0,0.126704,499.94333713047223
2026-08-25T16:19:45.866+02:00,1593,0.09025589960337961,0.3,0,0.128037,499.977308118561
2026-08-25T16:19:46.123+02:00,1594,0.1362008837265544,0.3,0,0.160814,499.9043431048945
2026-08-25T16:19:46.380+02:00,1595,0.1578460597380101,0.3,0,0.131666,499.9798216819365
2026-08-25T16:19:46.637+02:00,1596,0.12559131035552795,0.3,0,0.126241,499.9460707819055
2026-08-25T16:19:46.894+02:00,1597,0.14360877578856426,0.3,0,0.127092,499.91024839769074
2026-08-25T16:19:47.150+02:00,1598,0.08792546543377593,0.3,0,0.142185,499.94209922663924
2026-08-25T16:19:47.407+02:00,1599,0.1224853235170098,0.3,0,0.130203,499.95962924158647
2026-08-25T16:19:47.664+02:00,1600,0.11700382501532107,0.3,0,0.138685,499.94796604643733
2026-08-25T16:19:47.921+02:00,1601,0.14721418308490522,0.3,0,0.125981,499.96327435675676
2026-08-25T16:19:48.178+02:00,1602,0.10909331814460425,0.3,0,0.128833,499.958609728693
2026-08-25T16:19:48.435+02:00,1603,0.1563534686202206,0.3,0,0.124537,499.95398061563134
2026-08-25T16:19:48.691+02:00,1604,0.13192819577130402,0.3,0,0.127037,499.9460353550649
2026-08-25T16:19:48.948+02:00,1605,0.09255625645129532,0.3,0,0.126481,499.9501171787453
2026-08-25T16:19:49.205+02:00,1606,0.12667168743696466,0.3,0,0.134093,499.9416249316297
2026-08-25T16:19:49.462+02:00,1607,0.13162173752108805,0.3,0,0.126037,499.92755577270526
2026-08-25T16:19:49.719+02:00,1608,0.15667853525496903,0.3,0,0.134148,499.96443953745376
2026-08-25T16:19:49.976+02:00,1609,0.13411099150986514,0.3,0,0.13,499.8526418700448
2026-08-25T16:19:50.232+02:00,1610,0.10357195134934623,0.3,0,0.127537,499.93502812513196
2026-08-25T16:19:50.489+02:00,1611,0.11376847143753703,0.3,0,0.127185,499.9476019450633
2026-08-25T16:19:50.746+02:00,1612,0.10482306829745668,0.3,0,0.135796,499.9429376165986
2026-08-25T16:19:51.003+02:00,1613,0.10811272303852348,0.3,0,0.136074,499.9506643209955
2026-08-25T16:19:51.260+02:00,1614,0.09846138820581836,0.3,0,0.132055,499.95831646896283
2026-08-25T16:19:51.517+02:00,1615,0.12251364024841822,0.3,0,0.137296,499.97373562944347
2026-08-25T16:19:51.773+02:00,1616,0.0950484845151619,0.3,0,0.123592,499.86940025919483
2026-08-25T16:19:52.030+02:00,1617,0.1347478669293173,0.3,0,0.131167,499.9464722697433
2026-08-25T16:19:52.287+02:00,1618,0.18468987143023918,0.3,0,0.124963,499.96557126307977
2026-08-25T16:19:52.544+02:00,1619,0.121995321498556,0.3,0,0.131203,499.91957592890554
2026-08-25T16:19:52.801+02:00,1620,0.1336006494811386,0.3,0,0.127611,499.9373976063484
2026-08-25T16:19:53.058+02:00,1621,0.0995577415775255,0.3,0,0.126685,499.947820407256
2026-08-25T16:19:53.314+02:00,1622,0.12105357621341006,0.3,0,0.143703,499.9317849003891
2026-08-25T16:19:53.571+02:00,1623,0.09094071751289501,0.3,0,0.128778,499.9481864779184
2026-08-25T16:19:53.828+02:00,1624,0.12390373968789335,0.3,0,0.125149,499.96134353998775
2026-08-25T16:19:54.085+02:00,1625,0.11281473055380313,0.3,0,0.129371,499.93848984599333
2026-08-25T16:19:54.342+02:00,1626,0.10779119868635452,0.3,0,0.127037,499.9283586895519
2026-08-25T16:19:54.598+02:00,1627,0.10988127870511982,0.3,0,0.139407,499.9532150061843
2026-08-25T16:19:54.855+02:00,1628,0.11465199575026093,0.3,0,0.125574,499.94228028879064
2026-08-25T16:19:55.112+02:00,1629,0.0942057740138947,0.3,0,0.125056,499.93368005660847
2026-08-25T16:19:55.369+02:00,1630,0.13766278985936672,0.3,0,0.128,499.95893644121634
2026-08-25T16:19:55.626+02:00,1631,0.1167199073007102,0.3,0,0.125796,499.93502813229145
2026-08-25T16:19:55.883+02:00,1632,0.11080641475711861,0.3,0,0.127018,499.9094081487007
2026-08-25T16:19:56.139+02:00,1633,0.15734368870096813,0.3,0,0.126982,499.9612687509964
2026-08-25T16:19:56.396+02:00,1634,0.09952627277871977,0.3,0,0.155259,499.92926985116145
2026-08-25T16:19:56.653+02:00,1635,0.06942000283924028,0.3,0,0.185796,499.89771187655697
2026-08-25T16:19:56.910+02:00,1636,0.16511450584282614,0.3,0,0.126296,499.9829946729711
2026-08-25T16:19:57.167+02:00,1637,0.12655956823053047,0.3,0,0.126204,499.94844036063853
2026-08-25T16:19:57.424+02:00,1638,0.13495705172233016,0.3,0,0.126667,499.93138343614066
2026-08-25T16:19:57.681+02:00,1639,0.08283587387476436,0.3,0,0.1255,499.9391471709935
2026-08-25T16:19:57.938+02:00,1640,0.12109927016953455,0.3,0,0.127537,499.9545257829975
2026-08-25T16:19:58.194+02:00,1641,0.13671414001224727,0.3,0,0.144296,499.9240233558161
2026-08-25T16:19:58.451+02:00,1642,0.10555261460121627,0.3,0,0.128944,499.94457700937727
2026-08-25T16:19:58.708+02:00,1643,0.10382672115274609,0.3,0,0.127019,499.9529611186149
2026-08-25T16:19:58.965+02:00,1644,0.12246023872625023,0.3,0,0.125963,499.9053643722709
2026-08-25T16:19:59.222+02:00,1645,0.0992235377501532,0.3,0,0.130852,499.9504458563173
2026-08-25T16:19:59.479+02:00,1646,0.09427839229513424,0.3,0,0.12637,499.9581353951957
2026-08-25T16:19:59.735+02:00,1647,0.13681149936596726,0.3,0,0.12663,499.95893644121634
2026-08-25T16:19:59.992+02:00,1648,0.10604861537505046,0.3,0,0.127481,499.95303197426415
2026-08-25T16:20:00.249+02:00,1649,0.12408383493785576,0.3,0,0.125666,499.9519022672448
2026-08-25T16:20:00.506+02:00,1650,0.13059006824097727,0.3,0,0.127667,499.9427191586731
2026-08-25T16:20:00.763+02:00,1651,0.11556978516637233,0.3,0,0.124889,499.92660920041556
2026-08-25T16:20:01.020+02:00,1652,0.1501415349202051,0.3,0,0.127926,499.96921645773483
2026-08-25T16:20:01.276+02:00,1653,0.11192187418627957,0.3,0,0.125888,499.9465096584429
2026-08-25T16:20:01.533+02:00,1654,0.10350195171770608,0.3,0,0.127482,499.9148038945611
2026-08-25T16:20:01.790+02:00,1655,0.12871652471539785,0.3,0,0.162667,499.91403839793765
2026-08-25T16:20:02.047+02:00,1656,0.13001718852323382,0.3,0,0.125426,499.9952795721018
2026-08-25T16:20:02.304+02:00,1657,0.14694377445987442,0.3,0,0.127537,499.9267567960404
2026-08-25T16:20:02.561+02:00,1658,0.11192818853637891,0.3,0,0.114537,499.9386000611113
2026-08-25T16:20:02.817+02:00,1659,0.13021961875629084,0.3,0,0.126278,499.9303994559012
2026-08-25T16:20:03.074+02:00,1660,0.16274476369506527,0.3,0,0.125037,499.9149849297832
2026-08-25T16:20:03.331+02:00,1661,0.1424902865301357,0.3,0,0.135315,499.9480742967642
2026-08-25T16:20:03.588+02:00,1662,0.1342952089686046,0.3,0,0.1225,499.95383497294586
2026-08-25T16:20:03.845+02:00,1663,0.13511127947338153,0.3,0,0.127537,499.92803004102035
2026-08-25T16:20:04.102+02:00,1664,0.1401722545475792,0.3,0,0.123926,499.93867287442555
2026-08-25T16:20:04.358+02:00,1665,0.12221009838562698,0.3,0,0.143574,499.96148918704796
2026-08-25T16:20:04.615+02:00,1666,0.14241789405682223,0.3,0,0.123704,499.9035048443738
2026-08-25T16:20:04.872+02:00,1667,0.09948289777316514,0.3,0,0.126314,499.98864396172854
2026-08-25T16:20:05.129+02:00,1668,0.1485148472434705,0.3,0,0.134685,499.96542561364123
2026-08-25T16:20:05.386+02:00,1669,0.11951222894730347,0.3,0,0.127685,499.95634830031065
2026-08-25T16:20:05.643+02:00,1670,0.11973616738326509,0.3,0,0.127537,499.89887872742287
2026-08-25T16:20:05.899+02:00,1671,0.100715024794327,0.3,0,0.150926,499.7011649318132
2026-08-25T16:20:06.156+02:00,1672,0.1620490433394132,0.3,0,0.125426,500.0637817588444
2026-08-25T16:20:06.414+02:00,1673,0.1032986356533055,0.3,0,0.220445,499.8840485522606
2026-08-25T16:20:06.671+02:00,1674,0.11563922950414722,0.3,0,0.111462,499.99575199957644
2026-08-25T16:20:06.928+02:00,1675,0.10534781780001874,0.3,0,0.154259,499.9323693819397
2026-08-25T16:20:07.185+02:00,1676,0.10153298377814401,0.3,0,0.156574,499.948221897904
2026-08-25T16:20:07.441+02:00,1677,0.11589374507354551,0.3,0,0.126556,499.97048993332317
2026-08-25T16:20:07.698+02:00,1678,0.13571515741603926,0.3,0,0.127333,499.9485131768192
2026-08-25T16:20:07.955+02:00,1679,0.11063509985880933,0.3,0,0.130389,499.928905777019
2026-08-25T16:20:08.212+02:00,1680,0.10984367401884709,0.3,0,0.130444,499.938818515437
2026-08-25T16:20:08.469+02:00,1681,0.09879260790820558,0.3,0,0.13,499.9521207260358
2026-08-25T16:20:08.726+02:00,1682,0.14785731510947306,0.3,0,0.127889,499.9466179081391
2026-08-25T16:20:08.982+02:00,1683,0.10427870107595434,0.3,0,0.154222,499.9388185082774
2026-08-25T16:20:09.239+02:00,1684,0.1130379516851285,0.3,0,0.125093,499.95124491586313
2026-08-25T16:20:09.496+02:00,1685,0.12946031156083507,0.3,0,0.128963,499.955147729195
2026-08-25T16:20:09.753+02:00,1686,0.10831800521451503,0.3,0,0.126944,499.91276128684376
2026-08-25T16:20:10.010+02:00,1687,0.10913379618820807,0.3,0,0.128204,499.94577950583624
2026-08-25T16:20:10.267+02:00,1688,0.08240204679308835,0.3,0,0.129703,499.9523391921777
2026-08-25T16:20:10.523+02:00,1689,0.14151983940431379,0.3,0,0.127815,499.93076549389275
2026-08-25T16:20:10.780+02:00,1690,0.10898595456167394,0.3,0,0.142667,499.94796604643733
2026-08-25T16:20:11.037+02:00,1691,0.1150357861579236,0.3,0,0.125296,499.99819488709375
2026-08-25T16:20:11.294+02:00,1692,0.07266546749003133,0.3,0,0.127574,499.9199419582069
2026-08-25T16:20:11.551+02:00,1693,0.12067294930089023,0.3,0,0.114167,499.9500443620974
2026-08-25T16:20:11.808+02:00,1694,0.0808759651965492,0.3,0,0.123667,499.94803886963973
2026-08-25T16:20:12.064+02:00,1695,0.0954605524885398,0.3,0,0.125408,499.93029121322814
2026-08-25T16:20:12.321+02:00,1696,0.14700515916546544,0.3,0,0.155314,499.9278116104415
2026-08-25T16:20:12.578+02:00,1697,0.11930430386255249,0.3,0,0.140111,500.0060689726545
2026-08-25T16:20:12.835+02:00,1698,0.10063059862998051,0.3,0,0.128852,499.93036206245176
2026-08-25T16:20:13.092+02:00,1699,0.1362475442605078,0.3,0,0.12537,499.92901598791127
2026-08-25T16:20:13.349+02:00,1700,0.12034438514239672,0.3,0,0.125592,499.94720045541106
2026-08-25T16:20:13.606+02:00,1701,0.10046034543746589,0.3,0,0.125315,499.9447954617666
2026-08-25T16:20:13.862+02:00,1702,0.09961215185677297,0.3,0,0.149056,499.9374330248052
2026-08-25T16:20:14.119+02:00,1703,0.1408280405577044,0.3,0,0.157074,499.9597394588651
2026-08-25T16:20:14.376+02:00,1704,0.09611809191714875,0.3,0,0.124129,499.99626183840786
2026-08-25T16:20:14.633+02:00,1705,0.1386300192125347,0.3,0,0.1325,499.9224549376548
2026-08-25T16:20:14.890+02:00,1706,0.15263351416381946,0.3,0,0.127797,499.93265867353546
2026-08-25T16:20:15.147+02:00,1707,0.09485432048270563,0.3,0,0.126759,499.96761037129045
2026-08-25T16:20:15.404+02:00,1708,0.14101765291363696,0.3,0,0.149056,499.9347722871691
2026-08-25T16:20:15.660+02:00,1709,0.11984639385963806,0.3,0,0.128,500.03815054719354
2026-08-25T16:20:15.917+02:00,1710,0.12996324075908447,0.3,0,0.128777,499.9580251786243
2026-08-25T16:20:16.174+02:00,1711,0.09950231183294989,0.3,0,0.126482,499.92201807211313
2026-08-25T16:20:16.431+02:00,1712,0.10479612691908374,0.3,0,0.120167,499.9510638472183
2026-08-25T16:20:16.688+02:00,1713,0.11358551884893113,0.3,0,0.127999,499.9510992747715
2026-08-25T16:20:16.944+02:00,1714,0.16090039783951227,0.3,0,0.128926,499.8993883615541
2026-08-25T16:20:17.201+02:00,1715,0.10879723734191771,0.3,0,0.123981,499.9502254300038
2026-08-25T16:20:17.458+02:00,1716,0.1327671290068689,0.3,0,0.125982,499.95758824375304
2026-08-25T16:20:17.715+02:00,1717,0.1127036780929731,0.3,0,0.165148,499.9139262392665
2026-08-25T16:20:17.972+02:00,1718,0.10629760538779272,0.3,0,0.125759,499.9598103164357
2026-08-25T16:20:18.229+02:00,1719,0.14433572916392642,0.3,0,0.127982,499.97522957622175
2026-08-25T16:20:18.486+02:00,1720,0.12993302248379276,0.3,0,0.122796,499.9518668324178
2026-08-25T16:20:18.743+02:00,1721,0.11550968869487033,0.3,0,0.12813,499.9136015471057
2026-08-25T16:20:18.999+02:00,1722,0.11275332684637362,0.3,0,0.126371,499.9634199977816
2026-08-25T16:20:19.256+02:00,1723,0.09215670602379984,0.3,0,0.124593,499.9649138757528
2026-08-25T16:20:19.513+02:00,1724,0.15909731537257196,0.3,0,0.126981,499.88973297829955
2026-08-25T16:20:19.770+02:00,1725,0.1689290866378895,0.3,0,0.126611,499.93765343983864
2026-08-25T16:20:20.027+02:00,1726,0.12018444254426308,0.3,0,0.127259,499.9970630137689
2026-08-25T16:20:20.283+02:00,1727,0.10424739020257585,0.3,0,0.128944,499.897239634333
2026-08-25T16:20:20.540+02:00,1728,0.13169418866387517,0.3,0,0.1275,499.93203876645146
2026-08-25T16:20:20.797+02:00,1729,0.12134328081005881,0.3,0,0.125426,499.94738349022134
2026-08-25T16:20:21.054+02:00,1730,0.10260808304155174,0.3,0,0.125055,499.9107206644932
2026-08-25T16:20:21.311+02:00,1731,0.11361012512111283,0.3,0,0.127074,499.9500443620974
2026-08-25T16:20:21.568+02:00,1732,0.0899778857298988,0.3,0,0.125055,499.9593379497183
2026-08-25T16:20:21.824+02:00,1733,0.12913108699889234,0.3,0,0.134888,499.9203060121345
2026-08-25T16:20:22.081+02:00,1734,0.1333778221555542,0.3,0,0.114685,499.9450493410427
2026-08-25T16:20:22.338+02:00,1735,0.09017213413313119,0.3,0,0.136371,499.9494972283641
2026-08-25T16:20:22.595+02:00,1736,0.11250956771704668,0.3,0,0.127018,499.94363037262985
2026-08-25T16:20:22.852+02:00,1737,0.09923882639382005,0.3,0,0.159445,499.93422715572234
2026-08-25T16:20:23.109+02:00,1738,0.10193016508065049,0.3,0,0.135223,499.9918150954272
2026-08-25T16:20:23.365+02:00,1739,0.1553479091871471,0.3,0,0.126389,499.9462912045555
2026-08-25T16:20:23.623+02:00,1740,0.0765903740734893,0.3,0,0.228445,499.82214989804095
2026-08-25T16:20:23.880+02:00,1741,0.13083570228240216,0.3,0,0.137241,499.9797862503125
2026-08-25T16:20:24.137+02:00,1742,0.11173661245779816,0.3,0,0.126778,499.99345481593735
2026-08-25T16:20:24.393+02:00,1743,0.12903618232973932,0.3,0,0.124463,499.9176080652581
2026-08-25T16:20:24.650+02:00,1744,0.13038437709531103,0.3,0,0.126907,499.9374330319648
2026-08-25T16:20:24.907+02:00,1745,0.10161740058638613,0.3,0,0.126796,499.9536893231852
2026-08-25T16:20:25.164+02:00,1746,0.14437999735553797,0.3,0,0.125667,499.9357208592434
2026-08-25T16:20:25.421+02:00,1747,0.1168176489707093,0.3,0,0.128629,499.9367402859488
2026-08-25T16:20:25.678+02:00,1748,0.14660841137971026,0.3,0,0.128834,499.9587907956435
2026-08-25T16:20:25.934+02:00,1749,0.12965397241072688,0.3,0,0.15137,499.9111594932864
2026-08-25T16:20:26.191+02:00,1750,0.11263824576391397,0.3,0,0.114888,499.9653154010159
2026-08-25T16:20:26.448+02:00,1751,0.13449410285617883,0.3,0,0.127851,499.9391471709935
2026-08-25T16:20:26.705+02:00,1752,0.12766330640832532,0.3,0,0.125592,499.93131258662754
2026-08-25T16:20:26.962+02:00,1753,0.11666271468211009,0.3,0,0.150963,499.93368005660847
2026-08-25T16:20:27.219+02:00,1754,0.14309232211509246,0.3,0,0.132889,499.99039191577026
2026-08-25T16:20:27.475+02:00,1755,0.10270267955471042,0.3,0,0.127426,499.96250871884536
2026-08-25T16:20:27.732+02:00,1756,0.1338961710399147,0.3,0,0.123907,499.9028141681522
2026-08-25T16:20:27.989+02:00,1757,0.08925675116351488,0.3,0,0.155,499.963236951229
2026-08-25T16:20:28.246+02:00,1758,0.10878970462167759,0.3,0,0.126722,499.9731884510153
2026-08-25T16:20:28.503+02:00,1759,0.10732904023508401,0.3,0,0.127148,499.91534897649126
2026-08-25T16:20:28.760+02:00,1760,0.11841300084698325,0.3,0,0.126259,499.9461809932062
2026-08-25T16:20:29.017+02:00,1761,0.10578876965172294,0.3,0,0.127166,499.99225209012525
2026-08-25T16:20:29.273+02:00,1762,0.08889777564617807,0.3,0,0.127241,499.91181477057745
2026-08-25T16:20:29.530+02:00,1763,0.10357142708814344,0.3,0,0.133556,499.9540534334259
2026-08-25T16:20:29.787+02:00,1764,0.1185382243703188,0.3,0,0.127741,499.9606507348666
2026-08-25T16:20:30.044+02:00,1765,0.13638799387981995,0.3,0,0.128056,499.9157149996028
2026-08-25T16:20:30.301+02:00,1766,0.1292289971581064,0.3,0,0.133981,499.9415521102958
2026-08-25T16:20:30.558+02:00,1767,0.1892144373317007,0.3,0,0.135333,499.96250871884536
2026-08-25T16:20:30.815+02:00,1768,0.1144578223187276,0.3,0,0.126796,499.9369233131
2026-08-25T16:20:31.071+02:00,1769,0.1166729012161382,0.3,0,0.118796,499.9429002284333
2026-08-25T16:20:31.328+02:00,1770,0.12056550485543187,0.3,0,0.125815,499.9375432322976
2026-08-25T16:20:31.585+02:00,1771,0.12979931327451158,0.3,0,0.127685,499.93309754084447
2026-08-25T16:20:31.842+02:00,1772,0.1314403106709241,0.3,0,0.113018,499.93196791675257
2026-08-25T16:20:32.099+02:00,1773,0.10914568047281348,0.3,0,0.128,499.9699447168197
2026-08-25T16:20:32.355+02:00,1774,0.13166595260686145,0.3,0,0.129666,499.9379447135988
2026-08-25T16:20:32.612+02:00,1775,0.11356229584964399,0.3,0,0.126222,499.92110693693724
2026-08-25T16:20:32.869+02:00,1776,0.10139378116914788,0.3,0,0.128481,499.961414398013
2026-08-25T16:20:33.126+02:00,1777,0.12308959694666477,0.3,0,0.150166,499.93623254453223
2026-08-25T16:20:33.383+02:00,1778,0.13235502948584013,0.3,0,0.141315,499.94792865036
2026-08-25T16:20:33.640+02:00,1779,0.14380108321274077,0.3,0,0.126481,499.9705273256152
2026-08-25T16:20:33.897+02:00,1780,0.12301839581114334,0.3,0,0.126056,499.962910233085
2026-08-25T16:20:34.153+02:00,1781,0.10938017665088888,0.3,0,0.128203,499.9135621874717
2026-08-25T16:20:34.410+02:00,1782,0.12385189350776127,0.3,0,0.129704,499.93287909151843
2026-08-25T16:20:34.667+02:00,1783,0.10253663214562485,0.3,0,0.128759,499.9617056851406
2026-08-25T16:20:34.924+02:00,1784,0.12856075996267702,0.3,0,0.125444,499.8968736382751
2026-08-25T16:20:35.181+02:00,1785,0.1381999982311055,0.3,0,0.128648,499.94563386792885
2026-08-25T16:20:35.438+02:00,1786,0.17277373855437328,0.3,0,0.137889,499.9540888614028
2026-08-25T16:20:35.694+02:00,1787,0.13564454880648366,0.3,0,0.145222,499.93750781382516
2026-08-25T16:20:35.951+02:00,1788,0.15292682348963735,0.3,0,0.14587,499.96017639749647
2026-08-25T16:20:36.208+02:00,1789,0.12087984275343781,0.3,0,0.125408,499.9687775413303
2026-08-25T16:20:36.465+02:00,1790,0.11118194185150661,0.3,0,0.126092,499.93499269985637
2026-08-25T16:20:36.722+02:00,1791,0.16419291151911466,0.3,0,0.119852,499.93852724781823
2026-08-25T16:20:36.979+02:00,1792,0.14517963713723483,0.3,0,0.129148,499.9451615279992
2026-08-25T16:20:37.235+02:00,1793,0.13206229642060677,0.3,0,0.131574,499.93528397051614
2026-08-25T16:20:37.492+02:00,1794,0.12445942162730599,0.3,0,0.131111,499.92686699882586
2026-08-25T16:20:37.749+02:00,1795,0.10268111352461752,0.3,0,0.135389,499.95478164833827
2026-08-25T16:20:38.006+02:00,1796,0.1481199229280971,0.3,0,0.133889,499.9553642217956
2026-08-25T16:20:38.263+02:00,1797,0.15997949841024958,0.3,0,0.129962,499.9364864151116
2026-08-25T16:20:38.520+02:00,1798,0.14482057600726547,0.3,0,0.176111,499.9272290940345
2026-08-25T16:20:38.777+02:00,1799,0.11849327735305278,0.3,0,0.126666,499.9918505287561
2026-08-25T16:20:39.034+02:00,1800,0.10750597442022143,0.3,0,0.125592,499.91560480173393
2026-08-25T16:20:39.290+02:00,1801,0.10881505106761069,0.3,0,0.145833,499.94964286852235
2026-08-25T16:20:39.547+02:00,1802,0.1388071048743805,0.3,0,0.137556,499.95471079935317
2026-08-25T16:20:39.804+02:00,1803,0.16275167564153958,0.3,0,0.134315,499.9083160218068
2026-08-25T16:20:40.061+02:00,1804,0.23972029089574498,0.3,0,0.1345,499.9464722625835
2026-08-25T16:20:40.318+02:00,1805,0.10182145150056716,0.3,0,0.127815,499.893083891127
2026-08-25T16:20:40.575+02:00,1806,0.08992587542301655,0.3,0,0.12724,499.9426463441802
2026-08-25T16:20:40.831+02:00,1807,0.15738993055796957,0.3,0,0.126425,499.95157555675473
2026-08-25T16:20:41.088+02:00,1808,0.153388275625311,0.3,0,0.135537,499.96834058766495
2026-08-25T16:20:41.345+02:00,1809,0.10662189626662529,0.3,0,0.125815,499.9473086982466
2026-08-25T16:20:41.602+02:00,1810,0.12095129926684926,0.3,0,0.113093,499.93666746603793
2026-08-25T16:20:41.859+02:00,1811,0.12521342053496318,0.3,0,0.127,499.9583912570709
2026-08-25T16:20:42.116+02:00,1812,0.10779072092846087,0.3,0,0.127,499.9473480631947
2026-08-25T16:20:42.372+02:00,1813,0.10313272193841971,0.3,0,0.125037,499.9180449302513
2026-08-25T16:20:42.629+02:00,1814,0.3255899298322979,0.3,1,0.136851,499.9510658090511
2026-08-25T16:20:42.886+02:00,1815,0.14512602904261637,0.3,0,0.131,499.9405326639666
2026-08-25T16:20:43.143+02:00,1816,0.12364346389533439,0.3,0,0.121704,499.9068205133965
2026-08-25T16:20:43.400+02:00,1817,0.10260601366161078,0.3,0,0.127315,499.9470567856371
2026-08-25T16:20:43.657+02:00,1818,0.12033844337161421,0.3,0,0.155277,499.9500089346937
2026-08-25T16:20:43.914+02:00,1819,0.06901703999328006,0.3,0,0.226129,499.950408467029
2026-08-25T16:20:44.171+02:00,1820,0.10942418143232165,0.3,0,0.126111,500.03552614656394
2026-08-25T16:20:44.428+02:00,1821,0.12264363389845252,0.3,0,0.128296,499.9429376165986
2026-08-25T16:20:44.685+02:00,1822,0.12127453709384017,0.3,0,0.136889,499.92675482723905
2026-08-25T16:20:44.942+02:00,1823,0.10816498490217148,0.3,0,0.127981,499.94698200092
2026-08-25T16:20:45.198+02:00,1824,0.09945296060529756,0.3,0,0.149129,499.9719858227019
2026-08-25T16:20:45.455+02:00,1825,0.13619630394452523,0.3,0,0.129018,499.91775368683767
2026-08-25T16:20:45.712+02:00,1826,0.14993198322385837,0.3,0,0.113851,499.9238403452693
2026-08-25T16:20:45.969+02:00,1827,0.12314772501865257,0.3,0,0.129037,499.9344082121718
2026-08-25T16:20:46.226+02:00,1828,0.1560746028931567,0.3,0,0.130796,499.94964286852235
2026-08-25T16:20:46.482+02:00,1829,0.15721567117627325,0.3,0,0.147426,499.94833014118177
2026-08-25T16:20:46.739+02:00,1830,0.13509720069329942,0.3,0,0.1255,499.95689544903934
2026-08-25T16:20:46.996+02:00,1831,0.1310956109342909,0.3,0,0.129741,499.9560215840097
2026-08-25T16:20:47.253+02:00,1832,0.14197377800732788,0.3,0,0.125852,499.9254796128041
2026-08-25T16:20:47.510+02:00,1833,0.3172280277320276,0.3,1,0.125296,499.93484706823347
2026-08-25T16:20:47.767+02:00,1834,0.12175709526483441,0.3,0,0.129019,499.9532150061843
2026-08-25T16:20:48.023+02:00,1835,0.1779267386537183,0.3,0,0.127408,499.90995519469226
2026-08-25T16:20:48.280+02:00,1836,0.2324881759353564,0.3,0,0.135611,499.9368878875558
2026-08-25T16:20:48.537+02:00,1837,0.130235284577493,0.3,0,0.130092,500.0415428227195
2026-08-25T16:20:48.794+02:00,1838,0.15646080406153454,0.3,0,0.152425,499.9127258647237
2026-08-25T16:20:49.051+02:00,1839,0.19704532785032255,0.3,0,0.126018,499.9644769288408
2026-08-25T16:20:49.308+02:00,1840,0.16267468750095193,0.3,0,0.125889,499.9613061490694
2026-08-25T16:20:49.564+02:00,1841,0.26812742334840006,0.3,0,0.129351,499.93495532003885
2026-08-25T16:20:49.821+02:00,1842,6.452708322194101,0.3,1,0.125611,499.95310676079123
2026-08-25T16:20:50.078+02:00,1843,21.64778770926169,0.3,1,0.125908,499.94738349022134
2026-08-25T16:20:50.335+02:00,1844,0.7164487555031084,0.3,1,0.135926,499.9306552893885
2026-08-25T16:20:50.592+02:00,1845,0.13594916149122246,0.3,0,0.131592,499.946836362312
2026-08-25T16:20:50.849+02:00,1846,0.19032709741278264,0.3,0,0.131907,499.9439570655761
2026-08-25T16:20:51.105+02:00,1847,0.10332311733634647,0.3,0,0.126463,499.9345184183306
2026-08-25T16:20:51.362+02:00,1848,0.11989585326219061,0.3,0,0.117204,499.9303994559012
2026-08-25T16:20:51.620+02:00,1849,0.1364083090864822,0.3,0,0.244055,499.8913720293214
2026-08-25T16:20:51.877+02:00,1850,0.1345847772823753,0.3,0,0.129834,500.02254826254307
2026-08-25T16:20:52.133+02:00,1851,0.11787626009274162,0.3,0,0.12637,499.91443787278365
2026-08-25T16:20:52.390+02:00,1852,0.10997093977847472,0.3,0,0.12574,499.9431206411278
2026-08-25T16:20:52.647+02:00,1853,0.11970353987244516,0.3,0,0.128148,499.9577338886253
2026-08-25T16:20:52.904+02:00,1854,0.08616461767550193,0.3,0,0.134074,499.9217268240701
2026-08-25T16:20:53.161+02:00,1855,0.12286078635553055,0.3,0,0.127944,499.9654984490905
2026-08-25T16:20:53.418+02:00,1856,0.13986744118759156,0.3,0,0.129167,499.95193768775687
2026-08-25T16:20:53.674+02:00,1857,0.10392998139130831,0.3,0,0.150055,499.906604062835
2026-08-25T16:20:53.931+02:00,1858,0.13915918441064556,0.3,0,0.161093,499.93455581240175
2026-08-25T16:20:54.188+02:00,1859,0.12146298831541517,0.3,0,0.140407,500.04905205473193
2026-08-25T16:20:54.445+02:00,1860,0.12045241381894378,0.3,0,0.127278,499.93506551927936
2026-08-25T16:20:54.702+02:00,1861,0.14447804861954375,0.3,0,0.112278,499.93608494331215
2026-08-25T16:20:54.959+02:00,1862,0.13067397083424068,0.3,0,0.124574,499.94680093536294
2026-08-25T16:20:55.216+02:00,1863,0.1008041248518244,0.3,0,0.126926,499.95514576017
2026-08-25T16:20:55.472+02:00,1864,0.1320596685268809,0.3,0,0.118963,499.9320407352944
2026-08-25T16:20:55.729+02:00,1865,0.0980360298180815,0.3,0,0.125352,499.9547088303316
2026-08-25T16:20:55.986+02:00,1866,0.1257828621313072,0.3,0,0.122777,499.94669072378895
2026-08-25T16:20:56.243+02:00,1867,0.13113927143141066,0.3,0,0.122704,499.91990456632186
2026-08-25T16:20:56.500+02:00,1868,0.1642012242653403,0.3,0,0.126259,499.9718756000238
2026-08-25T16:20:56.757+02:00,1869,0.1407916025484325,0.3,0,0.128037,499.96885037059576
2026-08-25T16:20:57.013+02:00,1870,0.08564533210357002,0.3,0,0.124055,499.9108308673677
2026-08-25T16:20:57.270+02:00,1871,0.10033944190090723,0.3,0,0.129482,499.95379757599056
2026-08-25T16:20:57.527+02:00,1872,0.12461972535534827,0.3,0,0.126759,499.95718870710243
2026-08-25T16:20:57.784+02:00,1873,0.1396062977247592,0.3,0,0.125889,499.90875287771877
2026-08-25T16:20:58.041+02:00,1874,0.14164415945214118,0.3,0,0.124796,499.9532878309159
2026-08-25T16:20:58.298+02:00,1875,0.12734622612233867,0.3,0,0.13726,499.9556928991065
2026-08-25T16:20:58.554+02:00,1876,0.08882688953733069,0.3,0,0.143222,499.9504438944893
2026-08-25T16:20:58.811+02:00,1877,0.11671549119510989,0.3,0,0.128871,499.95022542284386
2026-08-25T16:20:59.068+02:00,1878,0.15944882220283205,0.3,0,0.13063,499.9500443620974
2026-08-25T16:20:59.325+02:00,1879,0.17021096138917832,0.3,0,0.156741,499.91866480263155
2026-08-25T16:20:59.582+02:00,1880,0.4663856537639717,0.3,1,0.152037,499.9688857935093
2026-08-25T16:20:59.839+02:00,1881,0.1815709373751062,0.3,0,0.122667,499.9710745053792
2026-08-25T16:21:00.096+02:00,1882,0.13819236858252223,0.3,0,0.127056,499.96983449504154
2026-08-25T16:21:00.352+02:00,1883,0.15052239527313618,0.3,0,0.122092,499.92420637365603
2026-08-25T16:21:00.609+02:00,1884,0.13409056091030416,0.3,0,0.128259,499.9541262584017
2026-08-25T16:21:00.866+02:00,1885,0.11220626841215033,0.3,0,0.126352,499.95525597547186
2026-08-25T16:21:01.123+02:00,1886,0.1456200187768637,0.3,0,0.136889,499.9194303062644
2026-08-25T16:21:01.380+02:00,1887,0.08521848058016084,0.3,0,0.126759,499.9464368428458
2026-08-25T16:21:01.637+02:00,1888,0.14043409126650275,0.3,0,0.12324,499.9766133000003
2026-08-25T16:21:01.893+02:00,1889,0.13968804897758483,0.3,0,0.127426,499.89891610900423
2026-08-25T16:21:02.150+02:00,1890,0.11436596357785096,0.3,0,0.137796,499.9560944095589
2026-08-25T16:21:02.407+02:00,1891,0.10798979389453078,0.3,0,0.125519,499.9591923039115
2026-08-25T16:21:02.664+02:00,1892,0.11613035597954058,0.3,0,0.123277,499.94140647485136
2026-08-25T16:21:02.921+02:00,1893,0.13636309843483865,0.3,0,0.128277,499.94913312475984
2026-08-25T16:21:03.178+02:00,1894,0.13038415289681904,0.3,0,0.128518,499.95550986537205
2026-08-25T16:21:03.434+02:00,1895,0.13076571037916151,0.3,0,0.126778,499.9221636891027
2026-08-25T16:21:03.691+02:00,1896,0.10966257387995719,0.3,0,0.127074,499.9420618314396
2026-08-25T16:21:03.948+02:00,1897,0.1112646699219884,0.3,0,0.130462,499.9485486040109
2026-08-25T16:21:04.205+02:00,1898,0.08831189281704965,0.3,0,0.12463,499.9395112600528
2026-08-25T16:21:04.462+02:00,1899,0.08936135832616483,0.3,0,0.124537,499.93324120259564
2026-08-25T16:21:04.719+02:00,1900,0.11569843239311174,0.3,0,0.15487,499.93429997492234
2026-08-25T16:21:04.976+02:00,1901,0.13857496892694302,0.3,0,0.142889,499.9540534334259
2026-08-25T16:21:05.232+02:00,1902,0.12831260971544958,0.3,0,0.118425,499.937836474818
2026-08-25T16:21:05.489+02:00,1903,0.1256134323820343,0.3,0,0.135889,499.94855057298395
2026-08-25T16:21:05.746+02:00,1904,0.11172091179425851,0.3,0,0.127166,499.9567497974955
2026-08-25T16:21:06.003+02:00,1905,0.08463105208063144,0.3,0,0.127963,499.9119249667754
2026-08-25T16:21:06.260+02:00,1906,0.1574609384827148,0.3,0,0.131389,499.95274069008343
2026-08-25T16:21:06.517+02:00,1907,0.11392923378425128,0.3,0,0.129315,499.95864515731563
2026-08-25T16:21:06.773+02:00,1908,0.13814391683037774,0.3,0,0.126704,499.8992073304694
2026-08-25T16:21:07.030+02:00,1909,0.13092423772939613,0.3,0,0.137333,499.9567498046556
2026-08-25T16:21:07.287+02:00,1910,0.0881872999021166,0.3,0,0.127463,499.9643312872002
2026-08-25T16:21:07.544+02:00,1911,0.12863589561088476,0.3,0,0.139314,499.9342999677628
2026-08-25T16:21:07.801+02:00,1912,0.1391701686183128,0.3,0,0.135185,499.95736978018385
2026-08-25T16:21:08.058+02:00,1913,0.15953759243619822,0.3,0,0.128037,499.95266787267127
2026-08-25T16:21:08.314+02:00,1914,0.1493008239839424,0.3,0,0.144278,499.9298897513787
2026-08-25T16:21:08.571+02:00,1915,0.08316708171496502,0.3,0,0.128814,499.9525222307506
2026-08-25T16:21:08.828+02:00,1916,0.07129156445273375,0.3,0,0.126277,499.95274265192944
2026-08-25T16:21:09.085+02:00,1917,0.1116564129792222,0.3,0,0.126351,499.9201229971503
2026-08-25T16:21:09.342+02:00,1918,0.11955656740023994,0.3,0,0.125037,499.9410049951498
2026-08-25T16:21:09.598+02:00,1919,0.11451270866058245,0.3,0,0.146408,499.9558759401351
2026-08-25T16:21:09.855+02:00,1920,0.12101041139228592,0.3,0,0.127204,499.9607215855352
2026-08-25T16:21:10.112+02:00,1921,0.14547169238094929,0.3,0,0.15587,499.9162600906788
2026-08-25T16:21:10.369+02:00,1922,0.16222273294715958,0.3,0,0.127981,499.9756665419287
2026-08-25T16:21:10.626+02:00,1923,0.11017141991564157,0.3,0,0.125,499.9011022397043
2026-08-25T16:21:10.883+02:00,1924,0.07420075308848195,0.3,0,0.111667,499.90714913404264
2026-08-25T16:21:11.140+02:00,1925,0.13472454011784066,0.3,0,0.128074,499.96086920130307
2026-08-25T16:21:11.396+02:00,1926,0.11211839371480785,0.3,0,0.127722,499.96502410252185
2026-08-25T16:21:11.653+02:00,1927,0.12563226551535264,0.3,0,0.12487,499.9297087053614
2026-08-25T16:21:11.910+02:00,1928,0.11982881620627787,0.3,0,0.138777,499.95226833672484
2026-08-25T16:21:12.167+02:00,1929,0.10314138840931975,0.3,0,0.127388,499.96473280436715
2026-08-25T16:21:12.424+02:00,1930,0.26128074457880796,0.3,0,0.128907,499.9079519925005
2026-08-25T16:21:12.681+02:00,1931,0.13789498237691614,0.3,0,0.128537,499.948221897904
2026-08-25T16:21:12.937+02:00,1932,0.08890823929478302,0.3,0,0.124814,499.93342618887925
2026-08-25T16:21:13.194+02:00,1933,0.10489085580939188,0.3,0,0.128186,499.9263907567597
2026-08-25T16:21:13.451+02:00,1934,0.0887295470510739,0.3,0,0.124685,499.9487316326484
2026-08-25T16:21:13.708+02:00,1935,0.07934155293771343,0.3,0,0.127629,499.95824364276626
2026-08-25T16:21:13.965+02:00,1936,0.13034557563910573,0.3,0,0.136055,499.87431899857734
2026-08-25T16:21:14.221+02:00,1937,0.12617820046778258,0.3,0,0.125352,499.9596292487467
2026-08-25T16:21:14.478+02:00,1938,0.10800565956326731,0.3,0,0.128833,499.94428573504854
2026-08-25T16:21:14.735+02:00,1939,0.1146262664960754,0.3,0,0.127759,499.882954567711
2026-08-25T16:21:14.992+02:00,1940,0.1514736713043747,0.3,0,0.137259,499.92496992547285
2026-08-25T16:21:15.249+02:00,1941,0.10221353637655772,0.3,0,0.160944,499.9359038856482
2026-08-25T16:21:15.506+02:00,1942,0.12978116340251233,0.3,0,0.126389,499.9716571168077
2026-08-25T16:21:15.763+02:00,1943,0.10998301398839427,0.3,0,0.124278,499.94518514819634
2026-08-25T16:21:16.019+02:00,1944,0.1460669754366847,0.3,0,0.126592,499.9611053895771
2026-08-25T16:21:16.276+02:00,1945,0.13662087797758318,0.3,0,0.124536,499.9501034101681
2026-08-25T16:21:16.533+02:00,1946,0.12524471495920508,0.3,0,0.116925,499.86559912582726
2026-08-25T16:21:16.790+02:00,1947,0.09292886446441351,0.3,0,0.134036,499.94780663164545
2026-08-25T16:21:17.047+02:00,1948,0.08297703750236855,0.3,0,0.12174,499.9471532217979
2026-08-25T16:21:17.303+02:00,1949,0.15843536875051076,0.3,0,0.13011,499.90429194928885
2026-08-25T16:21:17.560+02:00,1950,0.14026585398634475,0.3,0,0.129593,499.9431029350757
2026-08-25T16:21:17.817+02:00,1951,0.08337974942500903,0.3,0,0.125981,499.95443722722996
2026-08-25T16:21:18.074+02:00,1952,0.14445120389440858,0.3,0,0.128684,499.9148215986088
2026-08-25T16:21:18.331+02:00,1953,0.09962453405075215,0.3,0,0.127648,499.9484561052563
2026-08-25T16:21:18.588+02:00,1954,0.13927198185412948,0.3,0,0.127203,499.95512803894593
2026-08-25T16:21:18.844+02:00,1955,0.1356885035759213,0.3,0,0.133759,499.87320932389116
2026-08-25T16:21:19.101+02:00,1956,0.10618304562892024,0.3,0,0.129537,499.96186905411247
2026-08-25T16:21:19.358+02:00,1957,0.07358635594976211,0.3,0,0.129758,499.960955804599
2026-08-25T16:21:19.615+02:00,1958,0.11136068613590311,0.3,0,0.123981,499.8983100584799
2026-08-25T16:21:19.872+02:00,1959,0.13263590847468754,0.3,0,0.130167,499.9479070060314
2026-08-25T16:21:20.129+02:00,1960,0.19416649289906554,0.3,0,0.129518,499.9702852353273
2026-08-25T16:21:20.385+02:00,1961,0.08868582108279881,0.3,0,0.137592,499.9426916080149
2026-08-25T16:21:20.642+02:00,1962,0.16821949930611227,0.3,0,0.128592,499.9545002000579
2026-08-25T16:21:20.899+02:00,1963,0.11931842716359438,0.3,0,0.137611,499.9464840691638
2026-08-25T16:21:21.156+02:00,1964,0.10397109621253693,0.3,0,0.129759,499.9729069820104
2026-08-25T16:21:21.413+02:00,1965,0.14229224612737823,0.3,0,0.127036,499.8821242527183
2026-08-25T16:21:21.670+02:00,1966,0.13388081205146504,0.3,0,0.122684,500.02696405307285
2026-08-25T16:21:21.927+02:00,1967,0.1574156762878666,0.3,0,0.127,499.97217674513666
2026-08-25T16:21:22.183+02:00,1968,0.15388649078335292,0.3,0,0.12524,499.9243205128814
2026-08-25T16:21:22.440+02:00,1969,0.1187573466939179,0.3,0,0.132721,499.94953856263766
2026-08-25T16:21:22.697+02:00,1970,0.08183058075993017,0.3,0,0.125536,499.95234509918635
2026-08-25T16:21:22.954+02:00,1971,0.09712725450662656,0.3,0,0.124333,499.85997032455856
2026-08-25T16:21:23.211+02:00,1972,0.10319830032621861,0.3,0,0.127759,499.94297500476955
2026-08-25T16:21:23.468+02:00,1973,0.12982509129516343,0.3,0,0.126222,499.885687558848
2026-08-25T16:21:23.724+02:00,1974,0.15425615251772898,0.3,0,0.132814,499.91811971347056
2026-08-25T16:21:23.981+02:00,1975,0.1575386984827123,0.3,0,0.137759,499.9417725289613
2026-08-25T16:21:24.238+02:00,1976,0.1398429345227862,0.3,0,0.125721,499.9977913468179
2026-08-25T16:21:24.495+02:00,1977,0.15570247788203606,0.3,0,0.128092,499.9303994487418
2026-08-25T16:21:24.752+02:00,1978,0.10957267494878335,0.3,0,0.126981,499.9237281750407
2026-08-25T16:21:25.009+02:00,1979,0.13422352670952428,0.3,0,0.128944,499.96407344298945
2026-08-25T16:21:25.265+02:00,1980,0.15478442494930844,0.3,0,0.12674,499.9353508762573
2026-08-25T16:21:25.522+02:00,1981,0.10593908785259505,0.3,0,0.184388,499.90186178373654
2026-08-25T16:21:25.780+02:00,1982,0.13490851093179815,0.3,0,0.172296,499.9487985491488
2026-08-25T16:21:26.036+02:00,1983,0.09771144136382685,0.3,0,0.137443,499.9902403511267
2026-08-25T16:21:26.293+02:00,1984,0.10720392931665401,0.3,0,0.113055,499.90644861170244
2026-08-25T16:21:26.550+02:00,1985,0.144360585082515,0.3,0,0.140166,499.9376790282138
2026-08-25T16:21:26.807+02:00,1986,0.16683938721782532,0.3,0,0.130333,499.9582357737291
2026-08-25T16:21:27.064+02:00,1987,0.13998006752683523,0.3,0,0.127092,499.9237222687083
2026-08-25T16:21:27.321+02:00,1988,0.13897172353053314,0.3,0,0.137055,499.9288959400871
2026-08-25T16:21:27.577+02:00,1989,0.11068412970387638,0.3,0,0.132425,499.9791918118125
2026-08-25T16:21:27.834+02:00,1990,0.10601894954283925,0.3,0,0.123407,499.9156658032248
2026-08-25T16:21:28.091+02:00,1991,0.10546600258796544,0.3,0,0.124241,499.982034106074
2026-08-25T16:21:28.348+02:00,1992,0.12509997366407355,0.3,0,0.125703,499.9510146438827
2026-08-25T16:21:28.605+02:00,1993,0.11786431540368507,0.3,0,0.127203,499.95039271512826
2026-08-25T16:21:28.861+02:00,1994,0.09409397752608258,0.3,0,0.125777,499.94951887999036
2026-08-25T16:21:29.118+02:00,1995,0.10508885139872011,0.3,0,0.125851,499.979552020766
2026-08-25T16:21:29.375+02:00,1996,0.08770119862621158,0.3,0,0.129018,499.9357759661859
2026-08-25T16:21:29.632+02:00,1997,0.12144634552809969,0.3,0,0.12474,499.9202863317889
2026-08-25T16:21:29.889+02:00,1998,0.1090668958004007,0.3,0,0.126185,499.934134662267
2026-08-25T16:21:30.146+02:00,1999,0.13057213504847512,0.3,0,0.127111,499.9504970285293
2026-08-25T16:21:30.402+02:00,2000,0.11873858217501561,0.3,0,0.141796,499.9180252500837
2026-08-25T16:21:30.659+02:00,2001,0.11380898939607202,0.3,0,0.128203,499.94739923477255
2026-08-25T16:21:30.916+02:00,2002,0.13919374068689283,0.3,0,0.157832,499.93332975801405
2026-08-25T16:21:31.173+02:00,2003,0.10517082142522523,0.3,0,0.126795,499.93919637199326
2026-08-25T16:21:31.430+02:00,2004,0.13234686331840564,0.3,0,0.138981,499.9545749941843
2026-08-25T16:21:31.687+02:00,2005,0.14303197680710497,0.3,0,0.144352,499.978776494104
2026-08-25T16:21:31.944+02:00,2006,0.17467708431229553,0.3,0,0.126703,499.91987898692526
2026-08-25T16:21:32.200+02:00,2007,0.15690393007800255,0.3,0,0.126055,499.94859583788775
2026-08-25T16:21:32.457+02:00,2008,0.10054812664146821,0.3,0,0.125611,499.9579621977482
2026-08-25T16:21:32.714+02:00,2009,0.13024283720469101,0.3,0,0.126259,499.93022627051056
2026-08-25T16:21:32.971+02:00,2010,0.136127932592404,0.3,0,0.144444,499.9407235623803
2026-08-25T16:21:33.228+02:00,2011,0.09676877953415208,0.3,0,0.128592,500.0151520305646
2026-08-25T16:21:33.485+02:00,2012,0.12234343672270143,0.3,0,0.127703,499.9405385706963
2026-08-25T16:21:33.741+02:00,2013,0.1445499935916358,0.3,0,0.128,499.94560237188995
2026-08-25T16:21:33.998+02:00,2014,0.0992356306857296,0.3,0,0.125592,499.98781131915155
2026-08-25T16:21:34.255+02:00,2015,0.12276328590969281,0.3,0,0.126184,499.9436323415641
2026-08-25T16:21:34.512+02:00,2016,0.1169032035421651,0.3,0,0.123962,499.9308402737584
2026-08-25T16:21:34.769+02:00,2017,0.11121775848856752,0.3,0,0.129592,499.95569487529593
2026-08-25T16:21:35.026+02:00,2018,0.11359416623705476,0.3,0,0.127425,499.94552758760796
2026-08-25T16:21:35.282+02:00,2019,0.10962141366137461,0.3,0,0.144981,499.92715628405364
2026-08-25T16:21:35.539+02:00,2020,0.16499147615794038,0.3,0,0.125592,499.9521207260358
2026-08-25T16:21:35.796+02:00,2021,0.11752589938168286,0.3,0,0.125333,499.9709268907455
2026-08-25T16:21:36.053+02:00,2022,0.16531701734310753,0.3,0,0.127981,499.90288500958803
2026-08-25T16:21:36.310+02:00,2023,0.10136033065683699,0.3,0,0.155684,499.92696932644765
2026-08-25T16:21:36.567+02:00,2024,0.13709094354321869,0.3,0,0.143685,499.992431212126
2026-08-25T16:21:36.824+02:00,2025,0.14524567808045677,0.3,0,0.114073,499.9524080786473
2026-08-25T16:21:37.080+02:00,2026,0.10979752475202857,0.3,0,0.128314,499.93772036053315
2026-08-25T16:21:37.337+02:00,2027,0.11828587597505462,0.3,0,0.124278,499.9608987230351
2026-08-25T16:21:37.594+02:00,2028,0.1063248159604832,0.3,0,0.127555,499.91523287981084
2026-08-25T16:21:37.851+02:00,2029,0.16923439408311639,0.3,0,0.149851,499.9420559318337
2026-08-25T16:21:38.108+02:00,2030,0.11383741641607041,0.3,0,0.125703,499.9980393789937
2026-08-25T16:21:38.365+02:00,2031,0.09590155292807993,0.3,0,0.127184,499.93286924727073
2026-08-25T16:21:38.622+02:00,2032,0.11341947125741214,0.3,0,0.214611,499.94252432088433
2026-08-25T16:21:38.879+02:00,2033,0.11172890860496291,0.3,0,0.124536,500.0207134524673
2026-08-25T16:21:39.136+02:00,2034,0.13301818574416777,0.3,0,0.126666,499.9406645236849
2026-08-25T16:21:39.392+02:00,2035,0.10338314933293624,0.3,0,0.128221,499.92448385026285
2026-08-25T16:21:39.649+02:00,2036,0.12651444097344328,0.3,0,0.127999,499.95498830982314
2026-08-25T16:21:39.906+02:00,2037,0.11006120086816769,0.3,0,0.126555,499.9755445025135
2026-08-25T16:21:40.163+02:00,2038,0.11665096139802274,0.3,0,0.128222,499.90618689707134
2026-08-25T16:21:40.420+02:00,2039,0.12518058368648774,0.3,0,0.1265,499.94907998384986
2026-08-25T16:21:40.677+02:00,2040,0.10303266549944319,0.3,0,0.127462,499.9494440873768
2026-08-25T16:21:40.933+02:00,2041,0.13107899925610092,0.3,0,0.111851,499.83572131072015
2026-08-25T16:21:41.190+02:00,2042,0.1144354188102253,0.3,0,0.128759,499.96744699856646
2026-08-25T16:21:41.447+02:00,2043,0.15687241331244883,0.3,0,0.128555,499.98472487851285
2026-08-25T16:21:41.704+02:00,2044,0.07310027721010172,0.3,0,0.154833,499.9294705850875
2026-08-25T16:21:41.961+02:00,2045,0.13686442182371708,0.3,0,0.140444,499.98013070634784
2026-08-25T16:21:42.218+02:00,2046,0.11189367322282391,0.3,0,0.125944,500.00411420672685
2026-08-25T16:21:42.475+02:00,2047,0.13865764956951857,0.3,0,0.129963,499.92979332187775
2026-08-25T16:21:42.731+02:00,2048,0.13487916314048634,0.3,0,0.152592,499.9538487488887
2026-08-25T16:21:42.988+02:00,2049,0.13977099184749206,0.3,0,0.126481,499.99988582461066
2026-08-25T16:21:43.245+02:00,2050,0.10510139282001892,0.3,0,0.127925,499.9265836131736
2026-08-25T16:21:43.502+02:00,2051,0.14901405721981273,0.3,0,0.125944,499.9399225747207
2026-08-25T16:21:43.759+02:00,2052,0.1284934364039619,0.3,0,0.124963,499.9489619025258
2026-08-25T16:21:44.016+02:00,2053,0.12914474342671292,0.3,0,0.13011,499.9298641709603
2026-08-25T16:21:44.272+02:00,2054,0.1317050857927267,0.3,0,0.125462,499.91881829978195
2026-08-25T16:21:44.529+02:00,2055,0.1358800299975976,0.3,0,0.128684,499.9505600075246
2026-08-25T16:21:44.786+02:00,2056,0.11093173185981937,0.3,0,0.124351,499.9445120629481
2026-08-25T16:21:45.043+02:00,2057,0.12938715288647007,0.3,0,0.125629,499.86536303493904
2026-08-25T16:21:45.300+02:00,2058,0.11953628068783011,0.3,0,0.134425,499.9745032709183
2026-08-25T16:21:45.556+02:00,2059,0.1238489064613924,0.3,0,0.125592,499.8862758767398
2026-08-25T16:21:45.813+02:00,2060,0.10562090973620435,0.3,0,0.126703,499.9595249315348
2026-08-25T16:21:46.070+02:00,2061,0.14383145160210253,0.3,0,0.165018,499.9422842194782
2026-08-25T16:21:46.327+02:00,2062,0.120409408054078,0.3,0,0.129277,500.0264482500285
2026-08-25T16:21:46.584+02:00,2063,0.11807791290798413,0.3,0,0.128647,499.9258456435913
2026-08-25T16:21:46.841+02:00,2064,0.12083676840987116,0.3,0,0.17824,499.92723106283955
2026-08-25T16:21:47.098+02:00,2065,0.13617022751142238,0.3,0,0.126333,500.02218208297467
2026-08-25T16:21:47.355+02:00,2066,0.10174623638458129,0.3,0,0.127481,499.94887530338497
2026-08-25T16:21:47.612+02:00,2067,0.14139796414348074,0.3,0,0.147258,499.9489855159222
2026-08-25T16:21:47.868+02:00,2068,0.10283575744130917,0.3,0,0.125037,499.9924686148612
2026-08-25T16:21:48.125+02:00,2069,0.15779351511236386,0.3,0,0.124315,499.93947189633883
2026-08-25T16:21:48.382+02:00,2070,0.11885270457065707,0.3,0,0.126037,499.93422321800193
2026-08-25T16:21:48.639+02:00,2071,0.13478870103637183,0.3,0,0.126258,499.9515696497643
2026-08-25T16:21:48.896+02:00,2072,0.10758856938708512,0.3,0,0.126,499.94282149994416
2026-08-25T16:21:49.153+02:00,2073,0.09265065461743838,0.3,0,0.128907,499.80691711419325
2026-08-25T16:21:49.409+02:00,2074,0.14672005323988976,0.3,0,0.127889,499.932796435647
2026-08-25T16:21:49.666+02:00,2075,0.18095096952311765,0.3,0,0.128073,499.9564132498151
2026-08-25T16:21:49.923+02:00,2076,0.14456857394244219,0.3,0,0.153537,499.83773378173316
2026-08-25T16:21:50.180+02:00,2077,0.16137047720054543,0.3,0,0.130851,499.9430360200999
2026-08-25T16:21:50.437+02:00,2078,0.155453707284801,0.3,0,0.127462,499.9557913076291
2026-08-25T16:21:50.694+02:00,2079,0.11065989962551015,0.3,0,0.117444,499.9208412766074
2026-08-25T16:21:50.951+02:00,2080,0.17888385526159892,0.3,0,0.136666,499.94234325855615
2026-08-25T16:21:51.208+02:00,2081,0.10556005761609333,0.3,0,0.127536,500.0043779861546
2026-08-25T16:21:51.464+02:00,2082,0.1740586833715437,0.3,0,0.136055,499.9596154653251
2026-08-25T16:21:51.721+02:00,2083,0.1557391638572748,0.3,0,0.127314,499.93760227741535
2026-08-25T16:21:51.978+02:00,2084,0.14695115063286282,0.3,0,0.126,499.9341031748365
2026-08-25T16:21:52.235+02:00,2085,0.1218449246846361,0.3,0,0.127926,499.9384386833989
2026-08-25T16:21:52.492+02:00,2086,0.14227383024652104,0.3,0,0.127536,499.92590074835675
2026-08-25T16:21:52.749+02:00,2087,0.12663481284361375,0.3,0,0.129055,499.9408416469725
2026-08-25T16:21:53.005+02:00,2088,0.15953043693991598,0.3,0,0.126241,499.9350478137978
2026-08-25T16:21:53.262+02:00,2089,0.11253831131151433,0.3,0,0.125278,499.93282201636544
2026-08-25T16:21:53.519+02:00,2090,0.14666166061347977,0.3,0,0.124314,499.97455247887734
2026-08-25T16:21:53.776+02:00,2091,0.11609510644040455,0.3,0,0.127425,499.937157502707
2026-08-25T16:21:54.033+02:00,2092,0.10562668315273882,0.3,0,0.124888,499.9150734787341
2026-08-25T16:21:54.289+02:00,2093,0.10705350765265527,0.3,0,0.132555,499.94342372769444
2026-08-25T16:21:54.546+02:00,2094,0.1698148311191251,0.3,0,0.126685,499.9556338640357
2026-08-25T16:21:54.803+02:00,2095,0.17239089087190532,0.3,0,0.126018,499.90920350071804
2026-08-25T16:21:55.060+02:00,2096,0.15548486075360235,0.3,0,0.131796,499.95698007475903
2026-08-25T16:21:55.317+02:00,2097,0.1983719548975381,0.3,0,0.124889,499.91984159504966
2026-08-25T16:21:55.574+02:00,2098,0.17083249807491127,0.3,0,0.1255,499.9018047228241
2026-08-25T16:21:55.830+02:00,2099,0.15928600233739118,0.3,0,0.166055,499.9342350240037
2026-08-25T16:21:56.087+02:00,2100,0.0971602792873812,0.3,0,0.126278,500.00162992563537
2026-08-25T16:21:56.344+02:00,2101,0.14879897232372485,0.3,0,0.128741,499.8429568236795
2026-08-25T16:21:56.601+02:00,2102,0.17566331321610976,0.3,0,0.128925,499.9588360695618
2026-08-25T16:21:56.858+02:00,2103,0.17764852927640837,0.3,0,0.126703,499.95741307048166
2026-08-25T16:21:57.115+02:00,2104,0.11662735365132493,0.3,0,0.158147,499.91007129608016
2026-08-25T16:21:57.372+02:00,2105,0.10549542052121823,0.3,0,0.129092,499.9795343049725
2026-08-25T16:21:57.628+02:00,2106,0.10953589331317319,0.3,0,0.123166,499.954604515173
2026-08-25T16:21:57.885+02:00,2107,0.14390180759237559,0.3,0,0.128129,499.91750377274
2026-08-25T16:21:58.142+02:00,2108,0.12476700449933194,0.3,0,0.240758,499.834029515316
2026-08-25T16:21:58.399+02:00,2109,0.11356445427929907,0.3,0,0.129185,500.05751054657793
2026-08-25T16:21:58.656+02:00,2110,0.2696335311229611,0.3,0,0.137703,499.8383259158092
2026-08-25T16:21:58.913+02:00,2111,0.1231796718221041,0.3,0,0.137926,499.7911168265535
2026-08-25T16:21:59.170+02:00,2112,0.09914401963320489,0.3,0,0.155518,499.97588305229993
2026-08-25T16:21:59.427+02:00,2113,0.1744161467838937,0.3,0,0.160795,499.9741351997018
2026-08-25T16:21:59.684+02:00,2114,0.18192433184308263,0.3,0,0.1125,500.02115837586115
2026-08-25T16:21:59.941+02:00,2115,0.12623613457054486,0.3,0,0.13437,499.93243826290626
2026-08-25T16:22:00.198+02:00,2116,0.13181944553144684,0.3,0,0.125111,500.0150673851507
2026-08-25T16:22:00.454+02:00,2117,0.13553607510464016,0.3,0,0.143592,499.91844244276456
2026-08-25T16:22:00.711+02:00,2118,0.13975047220922177,0.3,0,0.123592,499.943589046493
2026-08-25T16:22:00.968+02:00,2119,0.10162213404566163,0.3,0,0.127184,499.95248088882374
2026-08-25T16:22:01.225+02:00,2120,0.1253004347577218,0.3,0,0.125833,499.93866500600444
2026-08-25T16:22:01.482+02:00,2121,0.1185888123363205,0.3,0,0.12774,499.92707559887833
2026-08-25T16:22:01.738+02:00,2122,0.14557410403815174,0.3,0,0.131592,499.9583459903933
2026-08-25T16:22:01.995+02:00,2123,0.1454096141101847,0.3,0,0.129167,499.93341634460995
2026-08-25T16:22:02.252+02:00,2124,0.12894785020120336,0.3,0,0.147443,499.90313097899775
2026-08-25T16:22:02.509+02:00,2125,0.11209569830272363,0.3,0,0.125962,499.96588815347434
2026-08-25T16:22:02.766+02:00,2126,0.08697206572772842,0.3,0,0.13511,499.92689061013516
2026-08-25T16:22:03.023+02:00,2127,0.20267454662245518,0.3,0,0.127425,499.9529847395491
2026-08-25T16:22:03.280+02:00,2128,0.11588029549722496,0.3,0,0.128129,499.93993438815136
2026-08-25T16:22:03.536+02:00,2129,0.10204561425747173,0.3,0,0.127425,499.95422072827216
2026-08-25T16:22:03.793+02:00,2130,0.12337501247033611,0.3,0,0.126629,499.9068087158482
2026-08-25T16:22:04.050+02:00,2131,0.12380521212295419,0.3,0,0.139814,499.9368721436667
2026-08-25T16:22:04.307+02:00,2132,0.2049673850952214,0.3,0,0.12837,499.9778356282902
2026-08-25T16:22:04.564+02:00,2133,0.12633832710891055,0.3,0,0.125055,499.9126373166045
2026-08-25T16:22:04.821+02:00,2134,0.10922035989109331,0.3,0,0.245092,499.9330798211834
2026-08-25T16:22:05.078+02:00,2135,0.11266481094591867,0.3,0,0.128037,499.9397119950436
2026-08-25T16:22:05.335+02:00,2136,0.122853125552347,0.3,0,0.128981,499.9471807729479
2026-08-25T16:22:05.592+02:00,2137,0.11690609200346296,0.3,0,0.269592,499.9014839764549
2026-08-25T16:22:05.849+02:00,2138,0.1370100628974231,0.3,0,0.135351,500.08965190084535
2026-08-25T16:22:06.106+02:00,2139,0.12130253434771869,0.3,0,0.125703,499.94776332869145
2026-08-25T16:22:06.364+02:00,2140,0.10531368085848831,0.3,0,0.243166,499.7929873177586
2026-08-25T16:22:06.622+02:00,2141,0.09852021715186214,0.3,0,0.230388,500.15416759800684
2026-08-25T16:22:06.879+02:00,2142,0.10300776996842992,0.3,0,0.125,499.92363567831103
2026-08-25T16:22:07.136+02:00,2143,0.13147492597573004,0.3,0,0.125536,499.9492905714188
2026-08-25T16:22:07.392+02:00,2144,0.12418536704534706,0.3,0,0.127925,499.94261879353
2026-08-25T16:22:07.649+02:00,2145,0.1004415086277864,0.3,0,0.127926,499.93423699286404
2026-08-25T16:22:07.906+02:00,2146,0.06601504652936163,0.3,0,0.129184,499.94236491672245
2026-08-25T16:22:08.163+02:00,2147,0.15660810100805733,0.3,0,0.123851,499.95982016174446
2026-08-25T16:22:08.420+02:00,2148,0.13541055874741423,0.3,0,0.125592,499.92938793034307
2026-08-25T16:22:08.676+02:00,2149,0.13902399243292363,0.3,0,0.12587,500.6255493620139
2026-08-25T16:22:08.933+02:00,2150,0.1120980829487311,0.3,0,0.126444,499.9449489821238
2026-08-25T16:22:09.190+02:00,2151,0.10213603965973202,0.3,0,0.123592,499.9422861884019
2026-08-25T16:22:09.447+02:00,2152,0.1492404719225533,0.3,0,0.127258,499.93885984078514
2026-08-25T16:22:09.704+02:00,2153,0.09521815605832533,0.3,0,0.12324,499.95249073384383
2026-08-25T16:22:09.961+02:00,2154,0.12599372911266637,0.3,0,0.128,499.9306238023962
2026-08-25T16:22:10.217+02:00,2155,0.16677978773544785,0.3,0,0.12861,499.92267731540954
2026-08-25T16:22:10.474+02:00,2156,0.18294108660622754,0.3,0,0.117351,499.94374058285456
2026-08-25T16:22:10.731+02:00,2157,0.13663680039514917,0.3,0,0.12724,499.9550749039216
2026-08-25T16:22:10.988+02:00,2158,0.11127872774835301,0.3,0,0.127352,499.92380491442003
2026-08-25T16:22:11.245+02:00,2159,0.12062695808753314,0.3,0,0.144258,499.94803886247985
2026-08-25T16:22:11.501+02:00,2160,0.1748477328454238,0.3,0,0.12524,499.96677386053426
2026-08-25T16:22:11.758+02:00,2161,0.12476578414296124,0.3,0,0.126741,499.885067761087
2026-08-25T16:22:12.015+02:00,2162,0.16543989339908258,0.3,0,0.127444,499.9380883781358
2026-08-25T16:22:12.272+02:00,2163,0.10829167929105817,0.3,0,0.131888,499.9611545948989
2026-08-25T16:22:12.529+02:00,2164,0.10737106035717407,0.3,0,0.159184,499.9137786440587
2026-08-25T16:22:12.786+02:00,2165,0.14124939567396963,0.3,0,0.148684,499.9504419183414
2026-08-25T16:22:13.043+02:00,2166,0.13028299347128977,0.3,0,0.149055,499.9531736784629
2026-08-25T16:22:13.300+02:00,2167,0.1294723303836728,0.3,0,0.143796,499.94956414506953
2026-08-25T16:22:13.557+02:00,2168,0.10020802925847787,0.3,0,0.122518,499.9012399844249
2026-08-25T16:22:13.831+02:00,2169,0.13594632502405032,0.3,0,0.315869,467.3747199858507
2026-08-25T16:22:14.090+02:00,2170,0.14600166145917606,0.3,0,0.132703,500.8668447287634
2026-08-25T16:22:14.346+02:00,2171,0.146223104885447,0.3,0,0.154629,499.93082846791697
2026-08-25T16:22:14.603+02:00,2172,0.11515421483881323,0.3,0,0.130426,499.96359320617086
2026-08-25T16:22:14.860+02:00,2173,0.1350983793770094,0.3,0,0.137778,499.9319561108578
2026-08-25T16:22:15.117+02:00,2174,0.07950630228229678,0.3,0,0.135703,499.858677750736
2026-08-25T16:22:15.374+02:00,2175,0.1256825678661085,0.3,0,0.127573,499.94893632015555
2026-08-25T16:22:15.631+02:00,2176,0.13654469293540927,0.3,0,0.124314,499.9550256997965
2026-08-25T16:22:15.887+02:00,2177,0.1457771846818575,0.3,0,0.128296,499.9085580664037
2026-08-25T16:22:16.144+02:00,2178,0.1093592955259018,0.3,0,0.115037,499.9409557937941
2026-08-25T16:22:16.401+02:00,2179,0.14148258131983157,0.3,0,0.128259,499.848545892386
2026-08-25T16:22:16.658+02:00,2180,0.12644563424961927,0.3,0,0.126352,499.93964115032946
2026-08-25T16:22:16.915+02:00,2181,0.07799815563189909,0.3,0,0.144092,499.9175923225832
2026-08-25T16:22:17.172+02:00,2182,0.12005279724373175,0.3,0,0.125722,499.98046139260845
2026-08-25T16:22:17.428+02:00,2183,0.12435331815547963,0.3,0,0.127888,499.94444909263626
2026-08-25T16:22:17.685+02:00,2184,0.09519847940200339,0.3,0,0.137389,499.9485308904144
2026-08-25T16:22:17.942+02:00,2185,0.09882127550705903,0.3,0,0.127018,499.935884211234
2026-08-25T16:22:18.199+02:00,2186,0.07673522398377634,0.3,0,0.12524,499.9335501694293
2026-08-25T16:22:18.456+02:00,2187,0.15054263754525085,0.3,0,0.159407,499.93198366749226
2026-08-25T16:22:18.713+02:00,2188,0.10160960332099862,0.3,0,0.12574,499.96664198704286
2026-08-25T16:22:18.970+02:00,2189,0.12683617575698256,0.3,0,0.306166,499.7346448373743
2026-08-25T16:22:19.227+02:00,2190,0.11129974985981805,0.3,0,0.125351,500.05008572492784
2026-08-25T16:22:19.484+02:00,2191,0.16158228923195103,0.3,0,0.113907,499.9389031421968
2026-08-25T16:22:19.741+02:00,2192,0.14249263228638975,0.3,0,0.127832,499.9388677092124
2026-08-25T16:22:19.998+02:00,2193,0.1258337998224451,0.3,0,0.131333,499.91153533935267
2026-08-25T16:22:20.255+02:00,2194,0.16289139903302127,0.3,0,0.158814,499.94845019117963
2026-08-25T16:22:20.512+02:00,2195,0.3939094811444714,0.3,1,0.125704,499.967620209746
2026-08-25T16:22:20.768+02:00,2196,0.3920845155627652,0.3,1,0.140592,499.8680250021476
2026-08-25T16:22:21.025+02:00,2197,0.09911031968298929,0.3,0,0.125647,499.94411057825863
2026-08-25T16:22:21.282+02:00,2198,0.12590347615405761,0.3,0,0.122611,499.93470538158283
2026-08-25T16:22:21.539+02:00,2199,0.28038202296121284,0.3,0,0.132073,499.9295315828029
2026-08-25T16:22:21.796+02:00,2200,0.3020630259031481,0.3,1,0.185055,499.9511799677015
2026-08-25T16:22:22.053+02:00,2201,0.19309431263697854,0.3,0,0.139518,500.11075681041575
2026-08-25T16:22:22.310+02:00,2202,0.1302697662611864,0.3,0,0.14387,499.9317888309116
2026-08-25T16:22:22.567+02:00,2203,0.1296202316534446,0.3,0,0.175869,499.8748699045615
2026-08-25T16:22:22.824+02:00,2204,0.12120820770891176,0.3,0,0.128741,500.03629397779247
2026-08-25T16:22:23.081+02:00,2205,0.13490178716923595,0.3,0,0.128111,499.96127268198256
2026-08-25T16:22:23.338+02:00,2206,0.12439947806713529,0.3,0,0.130259,499.9021589144566
2026-08-25T16:22:23.594+02:00,2207,0.11934530097185762,0.3,0,0.136369,499.9407511128216
2026-08-25T16:22:23.851+02:00,2208,0.1607465191114453,0.3,0,0.125296,499.95638569764753
2026-08-25T16:22:24.108+02:00,2209,0.09176255165050044,0.3,0,0.125981,499.90062605388357
2026-08-25T16:22:24.365+02:00,2210,0.10969979273658008,0.3,0,0.128555,499.9425695918566
2026-08-25T16:22:24.622+02:00,2211,0.1483427901305037,0.3,0,0.217462,499.9581314570987
2026-08-25T16:22:24.879+02:00,2212,0.09242924506738841,0.3,0,0.128462,499.900004257646
2026-08-25T16:22:25.136+02:00,2213,0.12247572293153526,0.3,0,0.126592,499.9423117772513
2026-08-25T16:22:25.393+02:00,2214,0.16666182203244193,0.3,0,0.1275,499.93804901464586
2026-08-25T16:22:25.650+02:00,2215,0.09332403889348632,0.3,0,0.131611,499.92489120263076
2026-08-25T16:22:25.906+02:00,2216,0.0982072468707984,0.3,0,0.149777,499.94599402137067
2026-08-25T16:22:26.163+02:00,2217,0.13681686252005912,0.3,0,0.128185,499.96574643490766
2026-08-25T16:22:26.420+02:00,2218,0.1736960283702548,0.3,0,0.128332,499.932796435647
2026-08-25T16:22:26.677+02:00,2219,0.10043923943101696,0.3,0,0.126925,499.92627267899394
2026-08-25T16:22:26.934+02:00,2220,0.11995722815499331,0.3,0,0.126722,499.9510559712471
2026-08-25T16:22:27.190+02:00,2221,0.13400525317393708,0.3,0,0.131129,499.94719061775925
2026-08-25T16:22:27.447+02:00,2222,0.15879269964637913,0.3,0,0.127148,499.9258692619634
2026-08-25T16:22:27.704+02:00,2223,0.1299757046591039,0.3,0,0.124704,499.96155019973725
2026-08-25T16:22:27.961+02:00,2224,0.13766858156474063,0.3,0,0.127148,499.92215188367106
2026-08-25T16:22:28.218+02:00,2225,0.12453977048418208,0.3,0,0.13037,499.92451927404915
2026-08-25T16:22:28.475+02:00,2226,0.11028990592109,0.3,0,0.122667,499.94824354225983
2026-08-25T16:22:28.732+02:00,2227,0.14124008366838778,0.3,0,0.158499,499.94336075049705
2026-08-25T16:22:28.989+02:00,2228,0.11143178866779853,0.3,0,0.151555,499.9416839705519
2026-08-25T16:22:29.246+02:00,2229,0.13574434355727186,0.3,0,0.165888,499.9717496313082
2026-08-25T16:22:29.503+02:00,2230,0.10626829904834285,0.3,0,0.160055,499.9760523237847
2026-08-25T16:22:29.760+02:00,2231,0.11863812169717443,0.3,0,0.133333,499.976341665938
2026-08-25T16:22:30.016+02:00,2232,0.12833702439045228,0.3,0,0.13813,499.96059562960045
2026-08-25T16:22:30.273+02:00,2233,0.11939777280432651,0.3,0,0.126222,499.9666813550356
2026-08-25T16:22:30.530+02:00,2234,0.10435014611408751,0.3,0,0.128221,499.95658447715306
2026-08-25T16:22:30.787+02:00,2235,0.13016216058826302,0.3,0,0.129796,499.9352268948141
2026-08-25T16:22:31.044+02:00,2236,0.13731997798718373,0.3,0,0.13774,499.94896780945464
2026-08-25T16:22:31.301+02:00,2237,0.13988211474910264,0.3,0,0.133981,499.96835436440716
2026-08-25T16:22:31.557+02:00,2238,0.12992691218893435,0.3,0,0.135018,499.9211207110765
2026-08-25T16:22:31.814+02:00,2239,0.1004917616805487,0.3,0,0.127055,499.9631070558514
2026-08-25T16:22:32.071+02:00,2240,0.09689294357741973,0.3,0,0.122888,499.95614361389437
2026-08-25T16:22:32.328+02:00,2241,0.15938068158628513,0.3,0,0.136778,499.9076725584352
2026-08-25T16:22:32.585+02:00,2242,0.6524310872026969,0.3,1,0.138259,499.93795455088684
2026-08-25T16:22:32.842+02:00,2243,0.16105678793321299,0.3,0,0.133166,499.9876341625808
2026-08-25T16:22:33.099+02:00,2244,0.09556860798154405,0.3,0,0.13524,499.9334360331489
2026-08-25T16:22:33.356+02:00,2245,0.14684163022125674,0.3,0,0.130258,499.94516742767837
2026-08-25T16:22:33.613+02:00,2246,0.1678931874184749,0.3,0,0.144425,499.9111299702693
2026-08-25T16:22:33.870+02:00,2247,0.15021544532293163,0.3,0,0.133999,499.9225730207763
2026-08-25T16:22:34.127+02:00,2248,0.1697803011604746,0.3,0,0.12737,499.9159767170515
2026-08-25T16:22:34.384+02:00,2249,0.11148831609774774,0.3,0,0.128204,499.96768910042664
2026-08-25T16:22:34.641+02:00,2250,0.12212016702758528,0.3,0,0.157111,499.91510103350737
2026-08-25T16:22:34.898+02:00,2251,0.12446081398429805,0.3,0,0.13387,499.95044978713327
2026-08-25T16:22:35.154+02:00,2252,0.10394561107196054,0.3,0,0.145037,499.9292029398886
2026-08-25T16:22:35.411+02:00,2253,0.15638122113449512,0.3,0,0.131888,499.99221862605646
2026-08-25T16:22:35.668+02:00,2254,0.0875042635348688,0.3,0,0.133296,499.86408419706555
2026-08-25T16:22:35.925+02:00,2255,0.16094074662848376,0.3,0,0.204166,499.93262522460265
2026-08-25T16:22:36.182+02:00,2256,0.15328233847824638,0.3,0,0.152333,500.0044291765691
2026-08-25T16:22:36.439+02:00,2257,0.091082912605568,0.3,0,0.131499,500.00300789450375
2026-08-25T16:22:36.696+02:00,2258,0.11414862624683735,0.3,0,0.129499,499.95219355044856
2026-08-25T16:22:36.953+02:00,2259,0.16502774927991395,0.3,0,0.126481,499.9441027096663
2026-08-25T16:22:37.210+02:00,2260,0.1650976950089734,0.3,0,0.13337,499.93713979707724
2026-08-25T16:22:37.466+02:00,2261,0.1602911617000403,0.3,0,0.147999,499.9438822889461
2026-08-25T16:22:37.723+02:00,2262,0.1276406518984765,0.3,0,0.127593,499.9457775297252
2026-08-25T16:22:37.980+02:00,2263,0.18075045638738985,0.3,0,0.128536,499.9342606191884
2026-08-25T16:22:38.237+02:00,2264,0.13581457455636028,0.3,0,0.128481,499.92576495883907
2026-08-25T16:22:38.494+02:00,2265,0.0786711864463091,0.3,0,0.12961,499.94595663274816
2026-08-25T16:22:38.751+02:00,2266,0.1618395558589997,0.3,0,0.137481,499.92514703763976
2026-08-25T16:22:39.007+02:00,2267,0.1294954244617812,0.3,0,0.130148,499.92725861895315
2026-08-25T16:22:39.264+02:00,2268,0.08572598437552285,0.3,0,0.124888,499.9409971194956
2026-08-25T16:22:39.521+02:00,2269,0.1322550676575572,0.3,0,0.132148,499.9620993289316
2026-08-25T16:22:39.778+02:00,2270,0.13640097053852548,0.3,0,0.1475,499.8451641075582
2026-08-25T16:22:40.035+02:00,2271,0.12245003235117884,0.3,0,0.145129,499.95276824184924
2026-08-25T16:22:40.292+02:00,2272,0.1235552659038089,0.3,0,0.127759,499.97558386474753
2026-08-25T16:22:40.549+02:00,2273,0.08485385554899012,0.3,0,0.127185,499.92288197442394
2026-08-25T16:22:40.805+02:00,2274,0.08011071576103761,0.3,0,0.126962,499.941758753684
2026-08-25T16:22:41.062+02:00,2275,0.1244927252830242,0.3,0,0.12924,499.94627939798426
2026-08-25T16:22:41.319+02:00,2276,0.1298580559037784,0.3,0,0.128184,499.93927902998104
2026-08-25T16:22:41.576+02:00,2277,0.11308925873255186,0.3,0,0.126704,499.94977473304635
2026-08-25T16:22:41.833+02:00,2278,0.1449289607442045,0.3,0,0.126888,499.9641344563095
2026-08-25T16:22:42.090+02:00,2279,0.12004037291648266,0.3,0,0.126926,499.9423039015559
2026-08-25T16:22:42.346+02:00,2280,0.1397991466067512,0.3,0,0.142147,499.9483498237355
2026-08-25T16:22:42.603+02:00,2281,0.10466467541218956,0.3,0,0.128685,499.95290600788377
2026-08-25T16:22:42.860+02:00,2282,0.1235411240750383,0.3,0,0.12537,499.9358861801073
2026-08-25T16:22:43.117+02:00,2283,0.14533175039764493,0.3,0,0.125315,499.9276108778477
2026-08-25T16:22:43.374+02:00,2284,0.09960483803268468,0.3,0,0.129629,499.94222518041425
2026-08-25T16:22:43.630+02:00,2285,0.11327525962123781,0.3,0,0.129166,499.9624162077647
2026-08-25T16:22:43.887+02:00,2286,0.09317427961463043,0.3,0,0.128166,499.93161958939714
2026-08-25T16:22:44.144+02:00,2287,0.09015475127927204,0.3,0,0.124518,499.96245164408714
2026-08-25T16:22:44.401+02:00,2288,0.1251201097280822,0.3,0,0.126073,499.9508237304498
2026-08-25T16:22:44.658+02:00,2289,0.17917225815001814,0.3,0,0.126111,499.93591766060285
2026-08-25T16:22:44.915+02:00,2290,0.12345064436504967,0.3,0,0.138648,499.94863716485236
2026-08-25T16:22:45.172+02:00,2291,0.15779999840601514,0.3,0,0.159278,499.94287660129226
2026-08-25T16:22:45.429+02:00,2292,0.12171570216173677,0.3,0,0.235036,499.86208922848857
2026-08-25T16:22:45.686+02:00,2293,0.09609332892258848,0.3,0,0.128907,499.99984645855005
2026-08-25T16:22:45.943+02:00,2294,0.15056543301165703,0.3,0,0.125536,499.9440062675226
2026-08-25T16:22:46.200+02:00,2295,0.13775842233888222,0.3,0,0.125444,499.9231929043858
2026-08-25T16:22:46.456+02:00,2296,0.13870473023140928,0.3,0,0.132666,499.93255831243164
2026-08-25T16:22:46.713+02:00,2297,0.11257879079223636,0.3,0,0.130092,499.99455714721546
2026-08-25T16:22:46.970+02:00,2298,0.10809544526962611,0.3,0,0.133129,499.89210792860166
2026-08-25T16:22:47.227+02:00,2299,0.11676428772765135,0.3,0,0.127647,499.995612240584
2026-08-25T16:22:47.484+02:00,2300,0.10682816598129041,0.3,0,0.124481,499.96105815333647
2026-08-25T16:22:47.741+02:00,2301,0.11343779409479697,0.3,0,0.124499,499.9234467617222
2026-08-25T16:22:47.997+02:00,2302,0.09492468522126296,0.3,0,0.135851,499.9267626952853
2026-08-25T16:22:48.254+02:00,2303,0.11956165492364379,0.3,0,0.139296,499.9681260457928
2026-08-25T16:22:48.511+02:00,2304,0.10904990955451765,0.3,0,0.133666,499.98288838392585
2026-08-25T16:22:48.768+02:00,2305,0.12464960876979947,0.3,0,0.129037,499.8985186347017
2026-08-25T16:22:49.025+02:00,2306,0.10497208623152139,0.3,0,0.127352,499.94268373230756
2026-08-25T16:22:49.282+02:00,2307,0.11859434816444385,0.3,0,0.130611,499.95008175133125
2026-08-25T16:22:49.539+02:00,2308,0.11385065422421163,0.3,0,0.127684,499.9365218405989
2026-08-25T16:22:49.795+02:00,2309,0.12423092380403504,0.3,0,0.112592,499.95193965675657
2026-08-25T16:22:50.052+02:00,2310,0.13884519737439346,0.3,0,0.126592,499.94727327839047
2026-08-25T16:22:50.309+02:00,2311,0.15740267599227367,0.3,0,0.126055,499.91968415977954
2026-08-25T16:22:50.566+02:00,2312,0.14414307324880796,0.3,0,0.126962,499.9531028227735
2026-08-25T16:22:50.823+02:00,2313,0.3287424832145848,0.3,1,0.128037,499.9594816265508
2026-08-25T16:22:51.079+02:00,2314,0.24255931246684526,0.3,0,0.125944,499.93334943222715
2026-08-25T16:22:51.336+02:00,2315,0.10115183446815647,0.3,0,0.125037,499.92977560961026
2026-08-25T16:22:51.593+02:00,2316,1.0020126896221673,0.3,1,0.125796,499.98885655191947
2026-08-25T16:22:51.850+02:00,2317,0.1710056597903525,0.3,0,0.128166,499.93994422551765
2026-08-25T16:22:52.107+02:00,2318,0.11566019513929775,0.3,0,0.12824,499.93134014319105
2026-08-25T16:22:52.363+02:00,2319,0.1537701730822297,0.3,0,0.129277,499.95083751338666
2026-08-25T16:22:52.621+02:00,2320,0.11344833994346515,0.3,0,0.226795,499.93352655749095
2026-08-25T16:22:52.878+02:00,2321,0.12251551079978402,0.3,0,0.126259,499.93990486173544
2026-08-25T16:22:53.135+02:00,2322,0.12037949677547877,0.3,0,0.14174,499.95178614642606
2026-08-25T16:22:53.391+02:00,2323,0.1135746920245501,0.3,0,0.124481,499.96217018717107
2026-08-25T16:22:53.648+02:00,2324,0.11914386119113152,0.3,0,0.126073,499.93468963067164
2026-08-25T16:22:53.905+02:00,2325,0.1666807418715545,0.3,0,0.118277,499.9513807120628
2026-08-25T16:22:54.162+02:00,2326,0.09680701664929449,0.3,0,0.127907,499.94471084017175
2026-08-25T16:22:54.419+02:00,2327,0.9371749207845316,0.3,1,0.129074,499.92765417015147
2026-08-25T16:22:54.675+02:00,2328,0.13635299612685706,0.3,0,0.115296,499.946385671465
2026-08-25T16:22:54.932+02:00,2329,0.09937604241366582,0.3,0,0.127499,499.94244953752315
2026-08-25T16:22:55.189+02:00,2330,0.215624925796579,0.3,0,0.132889,499.92535563625694
2026-08-25T16:22:55.446+02:00,2331,0.1541474478900827,0.3,0,0.157037,499.9245173052654
2026-08-25T16:22:55.703+02:00,2332,0.5967818654454623,0.3,1,0.146055,499.96734071613156
2026-08-25T16:22:55.960+02:00,2333,0.15992097781783027,0.3,0,0.127314,499.93719883494015
2026-08-25T16:22:56.217+02:00,2334,0.13644392759025337,0.3,0,0.126759,499.92491678969947
2026-08-25T16:22:56.474+02:00,2335,0.12001179073102601,0.3,0,0.128278,499.9542167902368
2026-08-25T16:22:56.730+02:00,2336,0.10674347892027806,0.3,0,0.140388,499.9593556640806
2026-08-25T16:22:56.987+02:00,2337,0.11343996384531845,0.3,0,0.125999,499.836630173747
2026-08-25T16:22:57.244+02:00,2338,0.11718091015616454,0.3,0,0.12674,499.94029059556556
2026-08-25T16:22:57.501+02:00,2339,0.11099217061725115,0.3,0,0.127369,499.9457578545339
2026-08-25T16:22:57.758+02:00,2340,0.10868034087560652,0.3,0,0.127092,499.8648987199306
2026-08-25T16:22:58.015+02:00,2341,0.11921373438550054,0.3,0,0.140796,499.9511524089508
2026-08-25T16:22:58.271+02:00,2342,0.12346351838282565,0.3,0,0.126166,499.9650359099784
2026-08-25T16:22:58.528+02:00,2343,0.1384218066717647,0.3,0,0.128574,499.9041738819618
2026-08-25T16:22:58.785+02:00,2344,0.0823605266148375,0.3,0,0.127647,499.9430596329365
2026-08-25T16:22:59.042+02:00,2345,0.13453527983668323,0.3,0,0.135111,499.9559251515877
2026-08-25T16:22:59.299+02:00,2346,0.13976983612231741,0.3,0,0.126278,499.9310291959352
2026-08-25T16:22:59.555+02:00,2347,0.1462896095793703,0.3,0,0.114222,499.9448781216058
2026-08-25T16:22:59.812+02:00,2348,0.10901120338857344,0.3,0,0.127962,499.94604322371805
2026-08-25T16:23:00.069+02:00,2349,0.1359422584166555,0.3,0,0.126648,500.0173431170481
2026-08-25T16:23:00.326+02:00,2350,0.10329037500032963,0.3,0,0.126666,499.95715721676777
2026-08-25T16:23:00.583+02:00,2351,0.11356623887227395,0.3,0,0.12787,499.9628807111155
2026-08-25T16:23:00.840+02:00,2352,0.10385462267223922,0.3,0,0.156332,499.8927277438208
2026-08-25T16:23:01.096+02:00,2353,0.16565262758175456,0.3,0,0.128184,499.9558818472273
2026-08-25T16:23:01.353+02:00,2354,0.12940969337038602,0.3,0,0.125018,499.9508867095274
2026-08-25T16:23:01.610+02:00,2355,1.5689285033142764,0.3,1,0.127685,499.9349238253454
2026-08-25T16:23:01.867+02:00,2356,0.11769032456959409,0.3,0,0.125832,499.90660800012034
2026-08-25T16:23:02.124+02:00,2357,0.09426850500192711,0.3,0,0.137333,499.96586650759065
2026-08-25T16:23:02.381+02:00,2358,0.10794020454883313,0.3,0,0.128907,499.96557126307977
2026-08-25T16:23:02.637+02:00,2359,0.12750041491918176,0.3,0,0.126481,499.91079741419685
2026-08-25T16:23:02.894+02:00,2360,0.10667383485221293,0.3,0,0.127389,499.94694854291066
2026-08-25T16:23:03.151+02:00,2361,0.12930554227670119,0.3,0,0.125684,499.95044388732936
2026-08-25T16:23:03.408+02:00,2362,0.12067403583046381,0.3,0,0.126851,499.9080956326415
2026-08-25T16:23:03.665+02:00,2363,0.11824046387586233,0.3,0,0.129369,499.9336780877526
2026-08-25T16:23:03.922+02:00,2364,0.10880111833375021,0.3,0,0.127147,499.9501152169199
2026-08-25T16:23:04.178+02:00,2365,0.09962069438526792,0.3,0,0.129277,499.94661593918136
2026-08-25T16:23:04.435+02:00,2366,0.12804967564555128,0.3,0,0.128536,499.91844441150045
2026-08-25T16:23:04.692+02:00,2367,0.09438583955341406,0.3,0,0.128814,499.9521541847374
2026-08-25T16:23:04.949+02:00,2368,0.12255939165103798,0.3,0,0.126537,499.8887452321627
2026-08-25T16:23:05.206+02:00,2369,0.10698290488430211,0.3,0,0.113648,499.9548131383737
2026-08-25T16:23:05.462+02:00,2370,0.07729289787410092,0.3,0,0.14224,499.9456279610788
2026-08-25T16:23:05.719+02:00,2371,0.1981910511458261,0.3,0,0.129963,499.93986943576874
2026-08-25T16:23:05.976+02:00,2372,0.11345823696603345,0.3,0,0.175962,499.92146509344167
2026-08-25T16:23:06.233+02:00,2373,0.14366513936470793,0.3,0,0.125203,500.03187014395724
2026-08-25T16:23:06.490+02:00,2374,0.08387588195216311,0.3,0,0.125815,499.9264537368411
2026-08-25T16:23:06.747+02:00,2375,0.09852717791257865,0.3,0,0.126684,499.91548672906316
2026-08-25T16:23:07.004+02:00,2376,0.11666134737088008,0.3,0,0.126463,499.93866500600444
2026-08-25T16:23:07.260+02:00,2377,0.08634874264696653,0.3,0,0.131221,499.960272845879
2026-08-25T16:23:07.517+02:00,2378,0.09405471898192512,0.3,0,0.128574,499.9204044067269
2026-08-25T16:23:07.774+02:00,2379,0.11259260245687308,0.3,0,0.127907,499.93960966220527
2026-08-25T16:23:08.031+02:00,2380,0.0800621575007769,0.3,0,0.128666,500.1989393637698
2026-08-25T16:23:08.288+02:00,2381,0.14587351246301739,0.3,0,0.127888,499.91843456782124
2026-08-25T16:23:08.545+02:00,2382,0.14084512597050391,0.3,0,0.169851,499.90429391075463
2026-08-25T16:23:08.801+02:00,2383,0.17532606016035399,0.3,0,0.128629,500.0797036443974
2026-08-25T16:23:09.058+02:00,2384,0.1327090860539807,0.3,0,0.127444,499.94037128500656
2026-08-25T16:23:09.315+02:00,2385,0.13219160512649117,0.3,0,0.128111,499.95272494519577
2026-08-25T16:23:09.572+02:00,2386,0.1175927187043923,0.3,0,0.125759,499.95924938508574
2026-08-25T16:23:09.829+02:00,2387,0.14655059947721913,0.3,0,0.132999,499.930057030054
2026-08-25T16:23:10.086+02:00,2388,0.13294117055381408,0.3,0,0.114055,499.9564053808355
2026-08-25T16:23:10.342+02:00,2389,0.12182431308386514,0.3,0,0.150092,499.9588813363281
2026-08-25T16:23:10.599+02:00,2390,0.12062772262333604,0.3,0,0.131074,499.9575685604719
2026-08-25T16:23:10.856+02:00,2391,0.16303175754287544,0.3,0,0.130814,499.9542522182369
2026-08-25T16:23:11.113+02:00,2392,0.09149334788006296,0.3,0,0.124925,499.9703245895727
2026-08-25T16:23:11.370+02:00,2393,0.130750084427544,0.3,0,0.151036,499.9320918965793
2026-08-25T16:23:11.627+02:00,2394,0.08520303604026831,0.3,0,0.161388,499.88333234698547
2026-08-25T16:23:11.884+02:00,2395,0.0972121864483609,0.3,0,0.129555,500.00057873847385
2026-08-25T16:23:12.141+02:00,2396,0.12176742444540345,0.3,0,0.128092,499.9580763452277
2026-08-25T16:23:12.397+02:00,2397,0.10735317232018919,0.3,0,0.124148,499.9381021532108
2026-08-25T16:23:12.654+02:00,2398,0.08659507785944516,0.3,0,0.126221,499.95169561547124
2026-08-25T16:23:12.911+02:00,2399,0.11151914875612157,0.3,0,0.124999,499.9597512732323
2026-08-25T16:23:13.168+02:00,2400,0.0798568131097865,0.3,0,0.127444,499.9104038511865
2026-08-25T16:23:13.425+02:00,2401,0.10466022962330701,0.3,0,0.147018,499.94892253732354
2026-08-25T16:23:13.682+02:00,2402,0.14123192037803833,0.3,0,0.135629,499.91550444031816
2026-08-25T16:23:13.939+02:00,2403,0.13159517331506562,0.3,0,0.234295,499.8120686964011
2026-08-25T16:23:14.196+02:00,2404,0.09474640302891994,0.3,0,0.118055,500.0040354661187
2026-08-25T16:23:14.453+02:00,2405,0.12509953687226627,0.3,0,0.126888,499.9617863886547
2026-08-25T16:23:14.710+02:00,2406,0.12590748454754777,0.3,0,0.12913,499.93208402836535
2026-08-25T16:23:14.967+02:00,2407,0.10844541110071922,0.3,0,0.126444,499.934669956353
2026-08-25T16:23:15.223+02:00,2408,0.15641532844402548,0.3,0,0.126518,499.9736667442571
2026-08-25T16:23:15.480+02:00,2409,0.12381029858673198,0.3,0,0.1305,499.94210119556146
2026-08-25T16:23:15.737+02:00,2410,0.16450416973807647,0.3,0,0.123573,499.9353607206027
2026-08-25T16:23:15.994+02:00,2411,0.10831771874184741,0.3,0,0.126555,499.97917015761607
2026-08-25T16:23:16.251+02:00,2412,0.11657676413202456,0.3,0,0.127184,499.94909770464517
2026-08-25T16:23:16.507+02:00,2413,0.10608240699582472,0.3,0,0.127463,499.91057702284365
2026-08-25T16:23:16.764+02:00,2414,0.1107205668885709,0.3,0,0.166315,499.9252277221925
2026-08-25T16:23:17.021+02:00,2415,0.13358822594880657,0.3,0,0.123333,500.35799432452137
2026-08-25T16:23:17.278+02:00,2416,0.11707276944030139,0.3,0,0.127926,499.9151285811248
2026-08-25T16:23:17.535+02:00,2417,0.1263614551326275,0.3,0,0.124981,499.94428376610915
2026-08-25T16:23:17.792+02:00,2418,0.14855163208485533,0.3,0,0.12574,499.9596646703537
2026-08-25T16:23:18.049+02:00,2419,0.14655259457787576,0.3,0,0.129444,499.9366300788104
2026-08-25T16:23:18.305+02:00,2420,0.105512220211891,0.3,0,0.126369,499.952335254172
2026-08-25T16:23:18.562+02:00,2421,0.09878832142500116,0.3,0,0.130963,499.9578381979296
2026-08-25T16:23:18.819+02:00,2422,0.13841191715070492,0.3,0,0.124166,499.9484738116876
2026-08-25T16:23:19.076+02:00,2423,0.11590395578009532,0.3,0,0.113796,499.93181835636886
2026-08-25T16:23:19.333+02:00,2424,0.12664152754513816,0.3,0,0.124926,499.9535358189402
2026-08-25T16:23:19.589+02:00,2425,0.13218358062109536,0.3,0,0.127315,499.9227402873961
2026-08-25T16:23:19.846+02:00,2426,0.12007719651430608,0.3,0,0.125648,499.9431127725667
2026-08-25T16:23:20.103+02:00,2427,0.11530932463539385,0.3,0,0.127833,499.9714327334833
2026-08-25T16:23:20.360+02:00,2428,0.1030959070110183,0.3,0,0.12763,499.93396344314664
2026-08-25T16:23:20.617+02:00,2429,0.1481887564073836,0.3,0,0.231684,499.9254343449268
2026-08-25T16:23:20.874+02:00,2430,0.16698040797261915,0.3,0,0.127204,500.0495521534243
2026-08-25T16:23:21.131+02:00,2431,0.13201652384262,0.3,0,0.128814,500.0034330994963
2026-08-25T16:23:21.388+02:00,2432,0.11637272937495154,0.3,0,0.126518,499.91574057857326
2026-08-25T16:23:21.645+02:00,2433,0.14381824084477043,0.3,0,0.15074,499.9295138777133
2026-08-25T16:23:21.902+02:00,2434,0.08499585906145324,0.3,0,0.160888,499.93556342113123
2026-08-25T16:23:22.158+02:00,2435,0.11168022474965063,0.3,0,0.128518,499.96738007707387
2026-08-25T16:23:22.415+02:00,2436,0.12751095114255065,0.3,0,0.137721,499.9568816729286
2026-08-25T16:23:22.672+02:00,2437,0.08613160921657692,0.3,0,0.126684,499.9485367973331
2026-08-25T16:23:22.929+02:00,2438,0.125096090097182,0.3,0,0.13687,499.903857076953
2026-08-25T16:23:23.186+02:00,2439,0.12232543867129819,0.3,0,0.115555,499.9920178488987
2026-08-25T16:23:23.443+02:00,2440,0.13220049708484924,0.3,0,0.127277,499.95815507852143
2026-08-25T16:23:23.699+02:00,2441,0.12504512546982957,0.3,0,0.127259,499.9405149509381
2026-08-25T16:23:23.956+02:00,2442,0.1022161249319744,0.3,0,0.146296,499.9042899735058
2026-08-25T16:23:24.213+02:00,2443,0.10723116388192662,0.3,0,0.135389,499.98847861313163
2026-08-25T16:23:24.470+02:00,2444,0.08313889061767658,0.3,0,0.128925,499.94415781129686
2026-08-25T16:23:24.727+02:00,2445,0.149776420738152,0.3,0,0.125777,499.91871990581393
2026-08-25T16:23:24.984+02:00,2446,0.13483429263823066,0.3,0,0.127463,499.9402217195949
2026-08-25T16:23:25.240+02:00,2447,0.07789528250416715,0.3,0,0.133074,499.9649670200289
2026-08-25T16:23:25.497+02:00,2448,0.1506666566043385,0.3,0,0.126685,499.9331113156445
2026-08-25T16:23:25.754+02:00,2449,0.10195349575469714,0.3,0,0.125481,499.95268361039535
2026-08-25T16:23:26.011+02:00,2450,0.18123474392165898,0.3,0,0.123537,499.9698876403637
2026-08-25T16:23:26.268+02:00,2451,0.09199403650412959,0.3,0,0.133277,499.91430602689957
2026-08-25T16:23:26.525+02:00,2452,0.08039119161157197,0.3,0,0.137222,499.9589482555456
2026-08-25T16:23:26.781+02:00,2453,0.08916138518585681,0.3,0,0.126203,499.95424828020106
2026-08-25T16:23:27.038+02:00,2454,0.10589702227499131,0.3,0,0.176703,499.8797238219909
2026-08-25T16:23:27.295+02:00,2455,0.05921678915746914,0.3,0,0.130073,499.9742906857723
2026-08-25T16:23:27.552+02:00,2456,0.11914108834309782,0.3,0,0.122722,499.9509280440307
2026-08-25T16:23:27.809+02:00,2457,0.13394684293191497,0.3,0,0.126666,499.9432741532966
2026-08-25T16:23:28.066+02:00,2458,0.11621878561127692,0.3,0,0.128537,499.95296702563826
2026-08-25T16:23:28.323+02:00,2459,0.10908019584950752,0.3,0,0.129203,499.95952689343403
2026-08-25T16:23:28.579+02:00,2460,0.13521017617142927,0.3,0,0.12787,499.93171798844304
2026-08-25T16:23:28.836+02:00,2461,0.11896723237294538,0.3,0,0.112721,499.92727435507754
2026-08-25T16:23:29.093+02:00,2462,0.11180673764849776,0.3,0,0.128,499.959015174781
2026-08-25T16:23:29.350+02:00,2463,0.115283090207709,0.3,0,0.126221,499.9449824327057
2026-08-25T16:23:29.607+02:00,2464,0.10982242416497494,0.3,0,0.127092,499.9414832268178
2026-08-25T16:23:29.863+02:00,2465,0.09679326536261364,0.3,0,0.12863,499.95183338091465
2026-08-25T16:23:30.120+02:00,2466,0.13000963520238193,0.3,0,0.122777,499.96047162847555
2026-08-25T16:23:30.377+02:00,2467,0.12603748545372775,0.3,0,0.125222,499.911234260128
2026-08-25T16:23:30.634+02:00,2468,0.13776049921654274,0.3,0,0.127796,499.96134353998775
2026-08-25T16:23:30.891+02:00,2469,0.13882604633776122,0.3,0,0.130962,499.96025119332126
2026-08-25T16:23:31.147+02:00,2470,0.08790720946477604,0.3,0,0.127055,499.9179367000871
2026-08-25T16:23:31.404+02:00,2471,0.5080442141954737,0.3,1,0.126555,499.9496802648561
2026-08-25T16:23:31.661+02:00,2472,0.10660992014582978,0.3,0,0.126536,499.9719858227019
2026-08-25T16:23:31.918+02:00,2473,0.7713740768798157,0.3,1,0.129759,499.90882568233917
2026-08-25T16:23:32.175+02:00,2474,2.232374028718103,0.3,1,0.157184,499.92482232374385
2026-08-25T16:23:32.432+02:00,2475,0.0826533588876754,0.3,0,0.151592,499.9441735628047
2026-08-25T16:23:32.689+02:00,2476,0.10389231301339404,0.3,0,0.150203,499.9831363941553
2026-08-25T16:23:32.946+02:00,2477,0.0727493996832198,0.3,0,0.279833,499.951898329246
2026-08-25T16:23:33.203+02:00,2478,0.13926357852508062,0.3,0,0.124629,500.09644970922733
2026-08-25T16:23:33.460+02:00,2479,0.10375659340166858,0.3,0,0.12937,499.92044572903086
2026-08-25T16:23:33.717+02:00,2480,0.12166147236919463,0.3,0,0.127111,499.9555059344765
2026-08-25T16:23:33.974+02:00,2481,0.08805992255406424,0.3,0,0.126463,499.9382674613304
2026-08-25T16:23:34.231+02:00,2482,0.11228293969816687,0.3,0,0.124222,499.92565476369873
2026-08-25T16:23:34.488+02:00,2483,0.1468581774858091,0.3,0,0.127703,499.95207742233447
2026-08-25T16:23:34.744+02:00,2484,0.14483981228528978,0.3,0,0.123629,499.965124476661
2026-08-25T16:23:35.001+02:00,2485,0.12719491543857764,0.3,0,0.127296,499.9423826227223
2026-08-25T16:23:35.258+02:00,2486,0.12133307131409587,0.3,0,0.140685,499.955535448415
2026-08-25T16:23:35.515+02:00,2487,0.08513525636313031,0.3,0,0.127629,500.0352958041014
2026-08-25T16:23:35.772+02:00,2488,0.11338403631405518,0.3,0,0.138815,499.9329774839007
2026-08-25T16:23:36.029+02:00,2489,0.10545846761202633,0.3,0,0.127684,499.95878095753545
2026-08-25T16:23:36.285+02:00,2490,0.1195271390305435,0.3,0,0.12774,499.9466415213141
2026-08-25T16:23:36.542+02:00,2491,0.10185911874515785,0.3,0,0.126833,499.94307144651543
2026-08-25T16:23:36.799+02:00,2492,0.10120767316472538,0.3,0,0.130333,499.95327404784393
2026-08-25T16:23:37.056+02:00,2493,0.10960691499438076,0.3,0,0.137129,499.960272845879
2026-08-25T16:23:37.313+02:00,2494,0.08484996037576194,0.3,0,0.129592,499.9504301115742
2026-08-25T16:23:37.570+02:00,2495,0.08625511569690418,0.3,0,0.129778,499.9147507537898
2026-08-25T16:23:37.826+02:00,2496,0.1225603820271836,0.3,0,0.135129,499.95513001513086
2026-08-25T16:23:38.083+02:00,2497,0.12635820998655292,0.3,0,0.157833,499.9795874523568
2026-08-25T16:23:38.340+02:00,2498,0.10525782121288789,0.3,0,0.157962,499.8915373065391
2026-08-25T16:23:38.597+02:00,2499,0.1394631289436777,0.3,0,0.154925,499.9421897541187
2026-08-25T16:23:38.854+02:00,2500,0.11935237100448622,0.3,0,0.185425,499.95381725897477
2026-08-25T16:23:39.111+02:00,2501,0.11619399796285214,0.3,0,0.12687,499.96846655466265
2026-08-25T16:23:39.368+02:00,2502,0.12688425409061246,0.3,0,0.126147,499.9501703198758
2026-08-25T16:23:39.625+02:00,2503,0.1217392516323595,0.3,0,0.127,499.96314445419944
2026-08-25T16:23:39.882+02:00,2504,0.11244120513544686,0.3,0,0.128888,499.92859287829424
2026-08-25T16:23:40.139+02:00,2505,0.0781429773312207,0.3,0,0.249036,499.65687342386485
2026-08-25T16:23:40.396+02:00,2506,0.08549053134244745,0.3,0,0.112518,500.10781064357354
2026-08-25T16:23:40.654+02:00,2507,0.11292234805578645,0.3,0,0.22811,499.8526556332544
2026-08-25T16:23:40.911+02:00,2508,0.13296358601492378,0.3,0,0.128407,499.98727197986466
2026-08-25T16:23:41.167+02:00,2509,0.11601972152441958,0.3,0,0.128037,499.9493633950071
2026-08-25T16:23:41.424+02:00,2510,0.10708986362851325,0.3,0,0.128333,499.9491449386258
2026-08-25T16:23:41.681+02:00,2511,0.13051834052649883,0.3,0,0.127,499.91922171259205
2026-08-25T16:23:41.938+02:00,2512,0.16066911499496683,0.3,0,0.141037,499.94400429858536
2026-08-25T16:23:42.195+02:00,2513,0.12057360529444534,0.3,0,0.129296,499.99867717407807
2026-08-25T16:23:42.452+02:00,2514,0.14332221716798088,0.3,0,0.136518,499.91532142884955
2026-08-25T16:23:42.708+02:00,2515,0.12604748593728246,0.3,0,0.127573,499.9424003358831
2026-08-25T16:23:42.965+02:00,2516,0.08199433024801432,0.3,0,0.130999,499.9521305710417
2026-08-25T16:23:43.222+02:00,2517,0.1152315410450973,0.3,0,0.127167,499.9419594976393
2026-08-25T16:23:43.479+02:00,2518,0.12638000737542784,0.3,0,0.12674,499.9490642463527
2026-08-25T16:23:43.736+02:00,2519,0.1334422719074642,0.3,0,0.125166,499.95223684701
2026-08-25T16:23:43.993+02:00,2520,0.142668485504287,0.3,0,0.157425,499.9241394637386
2026-08-25T16:23:44.250+02:00,2521,0.12806140781528694,0.3,0,0.158648,499.9435595196454
2026-08-25T16:23:44.507+02:00,2522,0.13807998199754312,0.3,0,0.128315,499.97920558915274
2026-08-25T16:23:44.763+02:00,2523,0.10885166026971878,0.3,0,0.130907,499.9656106309039
2026-08-25T16:23:45.020+02:00,2524,0.11500462327552019,0.3,0,0.126647,499.9097407029248
2026-08-25T16:23:45.277+02:00,2525,0.1273139163515786,0.3,0,0.131592,499.94669072378895
2026-08-25T16:23:45.534+02:00,2526,0.11104846210810433,0.3,0,0.127537,499.9457794986764
2026-08-25T16:23:45.791+02:00,2527,0.11966946407302388,0.3,0,0.127204,499.9287601489424
2026-08-25T16:23:46.047+02:00,2528,0.10402545155912168,0.3,0,0.125555,499.9422822577143
2026-08-25T16:23:46.304+02:00,2529,0.12142242147734687,0.3,0,0.129833,499.9548898944566
2026-08-25T16:23:46.561+02:00,2530,0.09274616860736884,0.3,0,0.124778,499.9400209770351
2026-08-25T16:23:46.818+02:00,2531,0.1410615740857882,0.3,0,0.127074,499.9502962848776
2026-08-25T16:23:47.075+02:00,2532,0.1718842239816986,0.3,0,0.126703,499.9596627084533
2026-08-25T16:23:47.332+02:00,2533,0.09941924574691996,0.3,0,0.135111,499.9257315036695
2026-08-25T16:23:47.588+02:00,2534,0.08941354183881367,0.3,0,0.135722,499.9506584140265
2026-08-25T16:23:47.845+02:00,2535,0.11640645580841429,0.3,0,0.130463,499.96859055259296
2026-08-25T16:23:48.102+02:00,2536,0.1483643879911523,0.3,0,0.127351,499.96647862927256
2026-08-25T16:23:48.359+02:00,2537,0.11685780258299443,0.3,0,0.139425,500.11541245627234
2026-08-25T16:23:48.616+02:00,2538,0.12585537071472688,0.3,0,0.231555,499.9331998710169
2026-08-25T16:23:48.873+02:00,2539,0.12010758411448509,0.3,0,0.125721,499.9873605544255
2026-08-25T16:23:49.130+02:00,2540,0.1416046057946375,0.3,0,0.135277,499.9010195943401
2026-08-25T16:23:49.387+02:00,2541,0.11090178334322302,0.3,0,0.165666,499.92594600915925
2026-08-25T16:23:49.644+02:00,2542,0.12023154784156276,0.3,0,0.123407,499.97686131116507
2026-08-25T16:23:49.901+02:00,2543,0.08408024736088777,0.3,0,0.136204,499.9124621748312
2026-08-25T16:23:50.157+02:00,2544,0.11888231426201763,0.3,0,0.125759,500.64676466511145
2026-08-25T16:23:50.414+02:00,2545,0.14009141148345472,0.3,0,0.122907,499.9457696610805
2026-08-25T16:23:50.671+02:00,2546,0.14755027250257102,0.3,0,0.127259,499.92692800306526
2026-08-25T16:23:50.928+02:00,2547,0.10524942274185405,0.3,0,0.150111,499.9254343449268
2026-08-25T16:23:51.185+02:00,2548,0.11158363619729712,0.3,0,0.128944,500.00853361056323
2026-08-25T16:23:51.442+02:00,2549,0.11060486750905667,0.3,0,0.233554,499.9097229920782
2026-08-25T16:23:51.699+02:00,2550,0.08870103254314587,0.3,0,0.132518,499.99996653328986
2026-08-25T16:23:51.956+02:00,2551,0.11125879912951464,0.3,0,0.135777,499.94627546007405
2026-08-25T16:23:52.213+02:00,2552,0.11551791487362569,0.3,0,0.133721,499.9650811778674
2026-08-25T16:23:52.470+02:00,2553,0.0829202973774993,0.3,0,0.126888,499.9053860129161
2026-08-25T16:23:52.727+02:00,2554,0.08648352276427489,0.3,0,0.126444,499.91872187455203
2026-08-25T16:23:52.983+02:00,2555,0.11943372981855997,0.3,0,0.127055,499.9896124240482
2026-08-25T16:23:53.240+02:00,2556,0.16845562003668357,0.3,0,0.126444,499.91744473236963
2026-08-25T16:23:53.497+02:00,2557,0.09774763722879258,0.3,0,0.116629,499.95418136224174
2026-08-25T16:23:53.754+02:00,2558,0.10482814219886667,0.3,0,0.125333,499.9553465077161
2026-08-25T16:23:54.011+02:00,2559,0.13723132064631058,0.3,0,0.128166,499.925135224908
2026-08-25T16:23:54.267+02:00,2560,0.09495791540814243,0.3,0,0.127055,499.94747205064994
2026-08-25T16:23:54.524+02:00,2561,0.0915559922841438,0.3,0,0.130703,499.9665337358355
2026-08-25T16:23:54.781+02:00,2562,0.1429083982471185,0.3,0,0.157518,499.90745807578526
2026-08-25T16:23:55.038+02:00,2563,0.1506290305069722,0.3,0,0.15687,499.9646737528407
2026-08-25T16:23:55.295+02:00,2564,0.14647993202514867,0.3,0,0.126963,499.9753142081483
2026-08-25T16:23:55.552+02:00,2565,0.23207970719384927,0.3,0,0.126314,499.94980228448526
2026-08-25T16:23:55.809+02:00,2566,0.45736257327737206,0.3,1,0.125629,499.92308860237836
2026-08-25T16:23:56.066+02:00,2567,0.7138142940457445,0.3,1,0.125851,499.9239623522856
2026-08-25T16:23:56.322+02:00,2568,0.17308668693714946,0.3,0,0.140777,499.94178237355965
2026-08-25T16:23:56.579+02:00,2569,0.17193085337685646,0.3,0,0.12524,499.9200619945717
2026-08-25T16:23:56.836+02:00,2570,0.16712948860762303,0.3,0,0.128407,499.9484521673118
2026-08-25T16:23:57.093+02:00,2571,0.15924848060990907,0.3,0,0.132203,499.95745243702095
2026-08-25T16:23:57.350+02:00,2572,0.20675079990113332,0.3,0,0.130759,499.91820235732996
2026-08-25T16:23:57.606+02:00,2573,0.1691457770508847,0.3,0,0.127999,499.9572694019982
2026-08-25T16:23:57.863+02:00,2574,0.1411627258200653,0.3,0,0.125629,499.9583637046853
2026-08-25T16:23:58.120+02:00,2575,0.17482770148910168,0.3,0,0.127796,499.9069759719191
2026-08-25T16:23:58.377+02:00,2576,0.1643253330742526,0.3,0,0.121037,499.9434532473662
2026-08-25T16:23:58.634+02:00,2577,0.1958908234472669,0.3,0,0.125073,499.9576669697329
2026-08-25T16:23:58.891+02:00,2578,0.11040886770263825,0.3,0,0.138037,499.9351442453258
2026-08-25T16:23:59.147+02:00,2579,0.10773854559551192,0.3,0,0.127073,499.96575825671914
2026-08-25T16:23:59.404+02:00,2580,0.19146814012975324,0.3,0,0.12687,499.9385311784468
2026-08-25T16:23:59.661+02:00,2581,0.14861093088208813,0.3,0,0.134518,500.01241566130915
2026-08-25T16:23:59.918+02:00,2582,0.1982965265887051,0.3,0,0.128444,499.95165231184353
2026-08-25T16:24:00.175+02:00,2583,0.10999539867809593,0.3,0,0.159389,499.94855057298395
2026-08-25T16:24:00.432+02:00,2584,0.12863749999219673,0.3,0,0.128667,499.9585388714627
2026-08-25T16:24:00.688+02:00,2585,0.19991552122798031,0.3,0,0.137703,499.92380492157923
2026-08-25T16:24:00.945+02:00,2586,0.13358280224812433,0.3,0,0.126888,499.93955061661336
2026-08-25T16:24:01.202+02:00,2587,0.1291632657129247,0.3,0,0.129518,499.9193948903583
2026-08-25T16:24:01.459+02:00,2588,0.11249148298393823,0.3,0,0.128425,499.9337528756491
2026-08-25T16:24:01.716+02:00,2589,0.14899081964869035,0.3,0,0.135036,499.9519750915939
2026-08-25T16:24:01.973+02:00,2590,0.21519609747232385,0.3,0,0.125685,499.90102746873475
2026-08-25T16:24:02.229+02:00,2591,0.21022783598431027,0.3,0,0.128518,499.9025209810327
2026-08-25T16:24:02.486+02:00,2592,0.18243105884906277,0.3,0,0.131759,499.94880051812385
2026-08-25T16:24:02.743+02:00,2593,0.2528523671180765,0.3,0,0.133111,499.95918836579784
2026-08-25T16:24:03.000+02:00,2594,0.26846333578941045,0.3,0,0.13124,499.9385233100301
2026-08-25T16:24:03.257+02:00,2595,0.1740959751648378,0.3,0,0.136463,499.95667107896463
2026-08-25T16:24:03.514+02:00,2596,0.18993763124378127,0.3,0,0.136092,499.9438429245438
2026-08-25T16:24:03.770+02:00,2597,0.24868293545395007,0.3,0,0.153111,499.90987845240596
2026-08-25T16:24:04.027+02:00,2598,0.14645448882436854,0.3,0,0.112518,499.9487257257251
2026-08-25T16:24:04.284+02:00,2599,0.17358432590932385,0.3,0,0.135703,499.95528549654097
2026-08-25T16:24:04.541+02:00,2600,0.12539107154040716,0.3,0,0.128981,499.9442424398643
2026-08-25T16:24:04.798+02:00,2601,0.20936845254541106,0.3,0,0.125907,499.9440220118611
2026-08-25T16:24:05.055+02:00,2602,0.19563006400322194,0.3,0,0.124333,499.94675567078417
2026-08-25T16:24:05.311+02:00,2603,0.1350595271922775,0.3,0,0.169258,499.90120062673736
2026-08-25T16:24:05.568+02:00,2604,0.12305033034537871,0.3,0,0.129018,499.96501228790544
2026-08-25T16:24:05.825+02:00,2605,0.245039847269745,0.3,0,0.126389,499.94773774644386
2026-08-25T16:24:06.082+02:00,2606,0.19254969112242523,0.3,0,0.127796,499.9415048777499
2026-08-25T16:24:06.339+02:00,2607,0.18961390309101459,0.3,0,0.128889,499.9488280694553
2026-08-25T16:24:06.596+02:00,2608,0.15913309450782562,0.3,0,0.13137,499.9220062595292
2026-08-25T16:24:06.852+02:00,2609,0.18869463946065443,0.3,0,0.126389,499.95575391754124
2026-08-25T16:24:07.109+02:00,2610,0.2202167687938975,0.3,0,0.128,499.91610069610596
2026-08-25T16:24:07.366+02:00,2611,0.19869178112780142,0.3,0,0.129426,499.9474051416645
2026-08-25T16:24:07.623+02:00,2612,0.33865074751625723,0.3,1,0.225759,499.9615108397129
2026-08-25T16:24:07.880+02:00,2613,0.6470489969980379,0.3,1,0.123148,499.91190922445844
2026-08-25T16:24:08.137+02:00,2614,0.18765472897196922,0.3,0,0.113574,499.94882413866486
2026-08-25T16:24:08.394+02:00,2615,0.11216427848582351,0.3,0,0.125425,499.94044016817816
2026-08-25T16:24:08.651+02:00,2616,0.13068079118421658,0.3,0,0.125795,499.92411585268917
2026-08-25T16:24:08.908+02:00,2617,0.17768021352257657,0.3,0,0.13037,499.9440869653227
2026-08-25T16:24:09.164+02:00,2618,0.15035785322975448,0.3,0,0.132018,499.9635105329826
2026-08-25T16:24:09.421+02:00,2619,0.09701062256876791,0.3,0,0.136036,499.92928755623376
2026-08-25T16:24:09.678+02:00,2620,0.15459996268591011,0.3,0,0.128074,499.9320564788793
2026-08-25T16:24:09.935+02:00,2621,0.2155510383523307,0.3,0,0.125907,499.94390196398984
2026-08-25T16:24:10.192+02:00,2622,0.10741342939735314,0.3,0,0.13611,499.93883425228915
2026-08-25T16:24:10.449+02:00,2623,0.12959315062946664,0.3,0,0.158758,499.9179504740517
2026-08-25T16:24:10.706+02:00,2624,0.123550529049074,0.3,0,0.126314,499.9815498962849
2026-08-25T16:24:10.962+02:00,2625,0.16695750513041796,0.3,0,0.126833,499.94192997814395
2026-08-25T16:24:11.219+02:00,2626,0.1176504280105218,0.3,0,0.128999,499.93194233612144
2026-08-25T16:24:11.476+02:00,2627,0.1558314217843312,0.3,0,0.127462,499.9583282761026
2026-08-25T16:24:11.733+02:00,2628,0.1581366045890702,0.3,0,0.123703,499.9448800977097
2026-08-25T16:24:11.990+02:00,2629,0.13332000242814956,0.3,0,0.125907,499.8831493590715
2026-08-25T16:24:12.246+02:00,2630,0.0907092469918843,0.3,0,0.146333,499.91382784722424
2026-08-25T16:24:12.503+02:00,2631,0.14096990658207087,0.3,0,0.128573,499.9882168126036
2026-08-25T16:24:12.760+02:00,2632,0.16751173182292792,0.3,0,0.142166,499.6583241986504
2026-08-25T16:24:13.017+02:00,2633,0.15025723575257732,0.3,0,0.122407,500.01344327159285
2026-08-25T16:24:13.274+02:00,2634,0.1501193179860322,0.3,0,0.12987,499.9418886451285
2026-08-25T16:24:13.531+02:00,2635,0.13937173304118713,0.3,0,0.137852,499.9424692196138
2026-08-25T16:24:13.788+02:00,2636,0.06875338335935789,0.3,0,0.117018,500.12487172782704
2026-08-25T16:24:14.044+02:00,2637,0.1868881156406097,0.3,0,0.13337,499.9608022887316
2026-08-25T16:24:14.301+02:00,2638,0.1313932297985514,0.3,0,0.134129,499.94173907164924
2026-08-25T16:24:14.558+02:00,2639,0.14763100870455284,0.3,0,0.128777,499.95405737145865
2026-08-25T16:24:14.815+02:00,2640,0.12015435830288308,0.3,0,0.125111,499.9437071252791
2026-08-25T16:24:15.072+02:00,2641,0.0986356430318495,0.3,0,0.13424,499.9437425517897
2026-08-25T16:24:15.329+02:00,2642,0.1340076423003985,0.3,0,0.134518,499.9431954246897
2026-08-25T16:24:15.586+02:00,2643,0.1489585127107639,0.3,0,0.159222,500.3933722310331
2026-08-25T16:24:15.842+02:00,2644,0.13009175763977984,0.3,0,0.138444,499.9646245539866
2026-08-25T16:24:16.099+02:00,2645,0.12639001664946706,0.3,0,0.126296,499.93393589345345
2026-08-25T16:24:16.356+02:00,2646,0.12716326409884787,0.3,0,0.127333,499.9560570051055
2026-08-25T16:24:16.613+02:00,2647,0.10060807364246534,0.3,0,0.123851,499.9526678655113
2026-08-25T16:24:16.870+02:00,2648,0.1109669487962433,0.3,0,0.187406,499.6590810312677
2026-08-25T16:24:17.127+02:00,2649,0.10802423005621146,0.3,0,0.141073,500.09404721252065
2026-08-25T16:24:17.384+02:00,2650,0.07531452940081469,0.3,0,0.12237,499.9579129930548
2026-08-25T16:24:17.641+02:00,2651,0.12169397985389822,0.3,0,0.145055,499.9056182115012
2026-08-25T16:24:17.897+02:00,2652,0.08023584615860808,0.3,0,0.109185,499.945631891819
2026-08-25T16:24:18.154+02:00,2653,0.10121345191519764,0.3,0,0.126407,499.9896616349814
2026-08-25T16:24:18.411+02:00,2654,0.14296426999862177,0.3,0,0.127463,499.92868340088245
2026-08-25T16:24:18.668+02:00,2655,0.17888582173554202,0.3,0,0.125221,499.94818057100804
2026-08-25T16:24:18.925+02:00,2656,0.09065317122627548,0.3,0,0.128018,499.9572201974411
2026-08-25T16:24:19.181+02:00,2657,0.10973012725421814,0.3,0,0.136814,499.95860382153626
2026-08-25T16:24:19.438+02:00,2658,0.11853278859043066,0.3,0,0.128629,499.9561967491459
2026-08-25T16:24:19.695+02:00,2659,0.11863631613621022,0.3,0,0.134666,499.9357149597871
2026-08-25T16:24:19.952+02:00,2660,0.10765129162185572,0.3,0,0.23187,499.91078757081874
2026-08-25T16:24:20.209+02:00,2661,0.09688700869184193,0.3,0,0.126037,499.97609563163934
2026-08-25T16:24:20.466+02:00,2662,0.1437610037886882,0.3,0,0.126833,499.95244153022736
2026-08-25T16:24:20.723+02:00,2663,0.08955349936188044,0.3,0,0.133814,499.9475192914832
2026-08-25T16:24:20.980+02:00,2664,0.16084715366167016,0.3,0,0.127593,499.91698032775986
2026-08-25T16:24:21.237+02:00,2665,0.09194877590302071,0.3,0,0.141407,499.94627939082443
2026-08-25T16:24:21.494+02:00,2666,0.1597642692352151,0.3,0,0.12737,499.9604932810523
2026-08-25T16:24:21.750+02:00,2667,0.13970241748003062,0.3,0,0.146814,499.907247523456
2026-08-25T16:24:22.007+02:00,2668,0.09585275088329374,0.3,0,0.124777,499.93811592828666
2026-08-25T16:24:22.264+02:00,2669,0.13100081323660717,0.3,0,0.127388,499.9563345242301
2026-08-25T16:24:22.521+02:00,2670,0.16254751630431874,0.3,0,0.129333,499.92583186919165
2026-08-25T16:24:22.778+02:00,2671,0.08444195268620858,0.3,0,0.112296,499.9448190819292
2026-08-25T16:24:23.035+02:00,2672,0.13487891557897314,0.3,0,0.125203,499.9718618159269
2026-08-25T16:24:23.291+02:00,2673,0.15479159871816514,0.3,0,0.135981,499.96220167813726
2026-08-25T16:24:23.548+02:00,2674,0.13073675944368368,0.3,0,0.127889,499.93523279425887
2026-08-25T16:24:23.805+02:00,2675,0.11634272632770999,0.3,0,0.124073,500.01615012383496
2026-08-25T16:24:24.062+02:00,2676,0.12294125667780416,0.3,0,0.13511,499.9302006900577
2026-08-25T16:24:24.319+02:00,2677,0.11604382954374141,0.3,0,0.126333,499.94244559967325
2026-08-25T16:24:24.575+02:00,2678,0.12496191626737636,0.3,0,0.126722,499.953124474712
2026-08-25T16:24:24.832+02:00,2679,0.1211948924420279,0.3,0,0.126666,499.95436243314475
2026-08-25T16:24:25.089+02:00,2680,0.10731465907461968,0.3,0,0.126852,499.9073124673624
2026-08-25T16:24:25.346+02:00,2681,0.11010717623766425,0.3,0,0.126518,499.948639133826
2026-08-25T16:24:25.603+02:00,2682,0.12382700618238711,0.3,0,0.126593,499.9545061142777
2026-08-25T16:24:25.860+02:00,2683,0.107464596698487,0.3,0,0.171425,499.854115418105
2026-08-25T16:24:26.117+02:00,2684,0.09517423819999256,0.3,0,0.158203,499.9703974192888
2026-08-25T16:24:26.374+02:00,2685,0.15161285520621479,0.3,0,0.125907,499.97622750295716
2026-08-25T16:24:26.630+02:00,2686,0.12980265970086968,0.3,0,0.164221,499.90301094360484
2026-08-25T16:24:26.887+02:00,2687,0.1344806233444301,0.3,0,0.133833,499.9601173542066
2026-08-25T16:24:27.144+02:00,2688,0.14335809945181843,0.3,0,0.128111,499.9455020055892
2026-08-25T16:24:27.401+02:00,2689,0.14094296793194722,0.3,0,0.128629,499.9453189721566
2026-08-25T16:24:27.658+02:00,2690,0.0867047250562063,0.3,0,0.112815,499.9555236414072
2026-08-25T16:24:27.915+02:00,2691,0.09198440170796414,0.3,0,0.134944,499.9493988223193
2026-08-25T16:24:28.171+02:00,2692,0.10419605399006986,0.3,0,0.136722,499.94735593904903
2026-08-25T16:24:28.428+02:00,2693,0.09722647046536122,0.3,0,0.136185,499.95661399837905
2026-08-25T16:24:28.685+02:00,2694,0.11090353638394708,0.3,0,0.127166,499.9536971992393
2026-08-25T16:24:28.942+02:00,2695,0.14286118738275988,0.3,0,0.129389,499.9208983418657
2026-08-25T16:24:29.199+02:00,2696,0.152147519585452,0.3,0,0.126222,499.93613020595876
2026-08-25T16:24:29.456+02:00,2697,0.11331885318730635,0.3,0,0.125314,499.9516897084779
2026-08-25T16:24:29.712+02:00,2698,0.09105900682199575,0.3,0,0.124796,499.94589561670495
2026-08-25T16:24:29.969+02:00,2699,0.10137226895797248,0.3,0,0.127185,499.9087607451984
2026-08-25T16:24:30.226+02:00,2700,0.1414195242413451,0.3,0,0.12874,499.9647013059218
2026-08-25T16:24:30.483+02:00,2701,0.09424079749439802,0.3,0,0.125222,499.97334000532095
2026-08-25T16:24:30.740+02:00,2702,0.076567734707558,0.3,0,0.127925,499.89316259679373
2026-08-25T16:24:30.997+02:00,2703,0.09810283126893775,0.3,0,0.160999,499.8995752985317
2026-08-25T16:24:31.254+02:00,2704,0.1115865515325029,0.3,0,0.155926,499.9876262854574
2026-08-25T16:24:31.511+02:00,2705,0.13884837285797355,0.3,0,0.128814,499.970968221402
2026-08-25T16:24:31.767+02:00,2706,0.09147708746181198,0.3,0,0.138963,499.958759305107
2026-08-25T16:24:32.024+02:00,2707,0.11898139396611218,0.3,0,0.131333,499.9981240258038
2026-08-25T16:24:32.281+02:00,2708,0.12888574811343692,0.3,0,0.126741,499.93954864771126
2026-08-25T16:24:32.538+02:00,2709,0.13539553023845782,0.3,0,0.113925,499.951540129134
2026-08-25T16:24:32.795+02:00,2710,0.15897353986542126,0.3,0,0.127388,499.96152658515393
2026-08-25T16:24:33.051+02:00,2711,0.10556654727878545,0.3,0,0.127907,499.9367048604306
2026-08-25T16:24:33.308+02:00,2712,0.10627683109246859,0.3,0,0.122759,499.9420244434053
2026-08-25T16:24:33.565+02:00,2713,0.1194832975973766,0.3,0,0.124537,499.9500423931126
2026-08-25T16:24:33.822+02:00,2714,0.13371867515656968,0.3,0,0.127777,499.95117209172673
2026-08-25T16:24:34.079+02:00,2715,0.08222950389444887,0.3,0,0.128518,499.9182613978793
2026-08-25T16:24:34.336+02:00,2716,0.13808109619294498,0.3,0,0.125425,499.9474897713313
2026-08-25T16:24:34.592+02:00,2717,0.13279941386889496,0.3,0,0.138185,499.95160704638624
2026-08-25T16:24:34.849+02:00,2718,0.1269697123919311,0.3,0,0.127889,499.9335304880409
2026-08-25T16:24:35.106+02:00,2719,0.10385280745747849,0.3,0,0.136833,499.95517921211643
2026-08-25T16:24:35.363+02:00,2720,0.1583703959045145,0.3,0,0.128833,499.9593320497046
2026-08-25T16:24:35.620+02:00,2721,0.1593628252304032,0.3,0,0.231036,499.7702040827047
2026-08-25T16:24:35.877+02:00,2722,0.13162144739122464,0.3,0,0.151704,500.0203886287379
2026-08-25T16:24:36.134+02:00,2723,0.11958900039943617,0.3,0,0.133036,500.0097068872069
2026-08-25T16:24:36.391+02:00,2724,0.11082920743542053,0.3,0,0.162777,499.91741718449697
2026-08-25T16:24:36.648+02:00,2725,0.12838868099086417,0.3,0,0.120425,499.96997424678403
2026-08-25T16:24:36.905+02:00,2726,0.1110239305596115,0.3,0,0.125463,499.94048740052284
2026-08-25T16:24:37.162+02:00,2727,0.08177685358707398,0.3,0,0.12737,499.9316294335956
2026-08-25T16:24:37.418+02:00,2728,0.09605093014938855,0.3,0,0.147611,499.9287483431991
2026-08-25T16:24:37.675+02:00,2729,0.10563088863127353,0.3,0,0.127,499.9575036106673
2026-08-25T16:24:37.932+02:00,2730,0.09718122887290075,0.3,0,0.127889,500.61405635388195
2026-08-25T16:24:38.189+02:00,2731,0.10547544076730005,0.3,0,0.127407,499.93804114624436
2026-08-25T16:24:38.446+02:00,2732,0.12627806809592532,0.3,0,0.131018,499.94015480539036
2026-08-25T16:24:38.703+02:00,2733,0.09320467501584313,0.3,0,0.136592,499.95932614253087
2026-08-25T16:24:38.959+02:00,2734,0.0961959507825479,0.3,0,0.129074,499.93286530957175
2026-08-25T16:24:39.216+02:00,2735,0.11502950617499315,0.3,0,0.124555,499.940662554774
2026-08-25T16:24:39.473+02:00,2736,0.12783877423060644,0.3,0,0.129352,499.95717296193465
2026-08-25T16:24:39.730+02:00,2737,0.11393895354290977,0.3,0,0.127036,499.8553961588961
2026-08-25T16:24:39.987+02:00,2738,0.10006529097629561,0.3,0,0.150666,499.99971062885925
2026-08-25T16:24:40.244+02:00,2739,0.1303653280918057,0.3,0,0.128537,499.9598673905909
2026-08-25T16:24:40.500+02:00,2740,0.10663492584533092,0.3,0,0.126703,499.91627977070743
2026-08-25T16:24:40.757+02:00,2741,0.14406991282667705,0.3,0,0.140221,499.9461278529238
2026-08-25T16:24:41.014+02:00,2742,0.2373333255295035,0.3,0,0.151499,499.85218741258194
2026-08-25T16:24:41.271+02:00,2743,0.11866912111200219,0.3,0,0.132444,499.965368538217
2026-08-25T16:24:41.528+02:00,2744,0.11530318274922413,0.3,0,0.12363,499.960011074888
2026-08-25T16:24:41.785+02:00,2745,0.11823726380728906,0.3,0,0.127925,500.0684306275461
2026-08-25T16:24:42.042+02:00,2746,0.12462189465432309,0.3,0,0.125629,499.93573661021964
2026-08-25T16:24:42.298+02:00,2747,0.09122043900006727,0.3,0,0.147925,499.92433034963324
2026-08-25T16:24:42.555+02:00,2748,0.08612530337786121,0.3,0,0.128962,499.94316985006935
2026-08-25T16:24:42.812+02:00,2749,0.10699291152430312,0.3,0,0.128704,499.9307438438908
2026-08-25T16:24:43.069+02:00,2750,0.14526975984207136,0.3,0,0.134944,499.9323457701129
2026-08-25T16:24:43.326+02:00,2751,0.1099716825532151,0.3,0,0.126722,499.9638333208847
2026-08-25T16:24:43.583+02:00,2752,0.12497946646062157,0.3,0,0.128222,499.9495090350873
2026-08-25T16:24:43.839+02:00,2753,0.12920794958764867,0.3,0,0.125,499.86886707321725
2026-08-25T16:24:44.097+02:00,2754,0.13659738195238744,0.3,0,0.263518,499.82981188871474
2026-08-25T16:24:44.355+02:00,2755,0.15135570840297718,0.3,0,0.319462,501.00744510204413
2026-08-25T16:24:44.612+02:00,2756,0.10747254261965707,0.3,0,0.221889,500.07093919740623
2026-08-25T16:24:44.870+02:00,2757,0.1382533903114004,0.3,0,0.240388,500.0283894105385
2026-08-25T16:24:45.127+02:00,2758,0.13221101694565693,0.3,0,0.124463,500.00640756378044
2026-08-25T16:24:45.384+02:00,2759,0.14046863947243496,0.3,0,0.238147,499.8944415834584
2026-08-25T16:24:45.641+02:00,2760,0.1135108478836419,0.3,0,0.22937,499.9018007856145
2026-08-25T16:24:45.899+02:00,2761,0.133577306725303,0.3,0,0.295314,500.03148623842236
2026-08-25T16:24:46.156+02:00,2762,0.1171443409776556,0.3,0,0.137666,500.19060215852977
2026-08-25T16:24:46.413+02:00,2763,0.20049370969285304,0.3,0,0.136851,499.9148097935239
2026-08-25T16:24:46.670+02:00,2764,0.10505159192907361,0.3,0,0.15711,499.928730638165
2026-08-25T16:24:46.927+02:00,2765,0.09494912782247544,0.3,0,0.132592,499.97253890598364
2026-08-25T16:24:47.184+02:00,2766,0.15923508277100926,0.3,0,0.138204,499.9124739869641
2026-08-25T16:24:47.441+02:00,2767,0.13701886692029688,0.3,0,0.261962,499.9632782877745
2026-08-25T16:24:47.698+02:00,2768,0.09332776570395795,0.3,0,0.11287,499.959158851428
2026-08-25T16:24:47.955+02:00,2769,0.09971919685511328,0.3,0,0.227573,499.85373964405886
2026-08-25T16:24:48.212+02:00,2770,0.13183607529900807,0.3,0,0.127074,499.9457460479878
2026-08-25T16:24:48.469+02:00,2771,0.10539479785948824,0.3,0,0.133574,499.94694854291066
2026-08-25T16:24:48.727+02:00,2772,0.11162031110221632,0.3,0,0.305369,499.9283606583659
2026-08-25T16:24:48.984+02:00,2773,0.12937613351856347,0.3,0,0.127426,499.9726077980198
2026-08-25T16:24:49.240+02:00,2774,0.21043820531308674,0.3,0,0.130648,499.93043684935617
2026-08-25T16:24:49.497+02:00,2775,0.2379848116633904,0.3,0,0.12963,500.0053386389079
2026-08-25T16:24:49.754+02:00,2776,0.19007544652647734,0.3,0,0.12837,499.92435003029726
2026-08-25T16:24:50.011+02:00,2777,0.40514206654412926,0.3,1,0.128666,499.93553783297267
2026-08-25T16:24:50.268+02:00,2778,0.25063361969664166,0.3,0,0.124963,499.9414045059346
2026-08-25T16:24:50.525+02:00,2779,0.1845492320773817,0.3,0,0.127444,499.9364470518739
2026-08-25T16:24:50.781+02:00,2780,0.14385305663582468,0.3,0,0.126166,499.87442721701404
2026-08-25T16:24:51.038+02:00,2781,0.1305730456546841,0.3,0,0.117592,499.9665534198226
2026-08-25T16:24:51.295+02:00,2782,0.10818333240527937,0.3,0,0.123666,499.95510639399396
2026-08-25T16:24:51.552+02:00,2783,0.11128170942908462,0.3,0,0.128795,499.92682370665847
2026-08-25T16:24:51.809+02:00,2784,0.11371461364740713,0.3,0,0.157944,499.93498680757676
2026-08-25T16:24:52.066+02:00,2785,0.10819189872020966,0.3,0,0.125129,499.9672423030623
2026-08-25T16:24:52.322+02:00,2786,0.07125211561907523,0.3,0,0.140499,499.89763316945766
2026-08-25T16:24:52.579+02:00,2787,0.14508215554173778,0.3,0,0.1275,499.9108603831906
2026-08-25T16:24:52.836+02:00,2788,0.1557046368812515,0.3,0,0.126684,499.9515696497643
2026-08-25T16:24:53.093+02:00,2789,0.1126782965704886,0.3,0,0.127444,499.9280241417456
2026-08-25T16:24:53.350+02:00,2790,0.13142868423920598,0.3,0,0.12737,499.9584542380551
2026-08-25T16:24:53.606+02:00,2791,0.12893029459866298,0.3,0,0.145259,499.95830859276316
2026-08-25T16:24:53.863+02:00,2792,0.14030553790406172,0.3,0,0.125722,499.93582122877655
2026-08-25T16:24:54.120+02:00,2793,0.13892558847870576,0.3,0,0.125185,499.9529493045686
2026-08-25T16:24:54.377+02:00,2794,0.131502536060678,0.3,0,0.12574,499.94773577747725
2026-08-25T16:24:54.634+02:00,2795,0.16365285764894658,0.3,0,0.143259,499.9325012373519
2026-08-25T16:24:54.891+02:00,2796,0.12177772672266007,0.3,0,0.124296,500.1201489434585
2026-08-25T16:24:55.148+02:00,2797,0.10248456787731126,0.3,0,0.123222,499.9529099530585
2026-08-25T16:24:55.405+02:00,2798,0.11990532627272839,0.3,0,0.127907,499.9542935532967
2026-08-25T16:24:55.661+02:00,2799,0.11934285619180034,0.3,0,0.129037,499.9260857363674
2026-08-25T16:24:55.918+02:00,2800,0.1676682137965481,0.3,0,0.124944,499.94562205422886
2026-08-25T16:24:56.175+02:00,2801,0.13476773937532197,0.3,0,0.129907,499.9570627386275
2026-08-25T16:24:56.432+02:00,2802,0.11136008862950975,0.3,0,0.124833,499.91147040150787
2026-08-25T16:24:56.689+02:00,2803,0.08006256435951971,0.3,0,0.120648,499.9474051345046
2026-08-25T16:24:56.945+02:00,2804,0.10228368340691492,0.3,0,0.125722,499.94791487474345
2026-08-25T16:24:57.202+02:00,2805,0.13184098376925343,0.3,0,0.126147,499.9563325480356
2026-08-25T16:24:57.460+02:00,2806,0.12794366317368078,0.3,0,0.240536,499.96165451063405
2026-08-25T16:24:57.717+02:00,2807,0.0930564505192586,0.3,0,0.125351,500.0509303864462
2026-08-25T16:24:57.973+02:00,2808,0.12523073379836594,0.3,0,0.126036,500.5833175200737
2026-08-25T16:24:58.231+02:00,2809,0.09462136096835616,0.3,0,0.140648,499.9254599320511
2026-08-25T16:24:58.487+02:00,2810,0.11049442061637495,0.3,0,0.126129,500.0013464623788
2026-08-25T16:24:58.744+02:00,2811,0.11426323092055964,0.3,0,0.127129,499.9214887113998
2026-08-25T16:24:59.001+02:00,2812,0.15769854305697942,0.3,0,0.12424,499.92320077231994
2026-08-25T16:24:59.258+02:00,2813,0.11400668882288123,0.3,0,0.12724,499.9553071486685
2026-08-25T16:24:59.515+02:00,2814,0.10882419196091912,0.3,0,0.127741,499.9631798763045
2026-08-25T16:24:59.772+02:00,2815,0.12928664432361892,0.3,0,0.12687,500.46338574701235
2026-08-25T16:25:00.028+02:00,2816,0.1543943314963503,0.3,0,0.117185,499.9545061071176
2026-08-25T16:25:00.285+02:00,2817,0.11536699289036785,0.3,0,0.127999,499.95166018783345
2026-08-25T16:25:00.542+02:00,2818,0.1025270369551543,0.3,0,0.138852,499.9164549008377
2026-08-25T16:25:00.799+02:00,2819,0.1294899804248999,0.3,0,0.119888,499.9654000367465
2026-08-25T16:25:01.056+02:00,2820,0.0902934616011117,0.3,0,0.124222,499.9468127419588
2026-08-25T16:25:01.312+02:00,2821,0.1247509433698643,0.3,0,0.133259,500.72577835708034
2026-08-25T16:25:01.569+02:00,2822,0.1036391799844824,0.3,0,0.127666,499.96113294226484
2026-08-25T16:25:01.826+02:00,2823,0.1299461763099369,0.3,0,0.133092,499.95665139575567
2026-08-25T16:25:02.083+02:00,2824,0.14389545257276173,0.3,0,0.164962,499.90847148125954
2026-08-25T16:25:02.340+02:00,2825,0.12702063197227176,0.3,0,0.135926,499.95289617000736
2026-08-25T16:25:02.597+02:00,2826,0.11464310147716834,0.3,0,0.125666,499.95810587379003
2026-08-25T16:25:02.854+02:00,2827,0.12896495088454904,0.3,0,0.134166,499.9027492325731
2026-08-25T16:25:03.110+02:00,2828,0.13371208784090763,0.3,0,0.144647,499.9431265550784
2026-08-25T16:25:03.367+02:00,2829,0.1504531880557426,0.3,0,0.12811,499.94837343707405
2026-08-25T16:25:03.624+02:00,2830,0.09135903095711656,0.3,0,0.125055,499.922681252948
2026-08-25T16:25:03.881+02:00,2831,0.14998591201793907,0.3,0,0.127759,499.93864335531833
2026-08-25T16:25:04.138+02:00,2832,0.11367276934102104,0.3,0,0.125815,499.95453169721793
2026-08-25T16:25:04.395+02:00,2833,0.10857236342748422,0.3,0,0.127222,499.9601803356257
2026-08-25T16:25:04.652+02:00,2834,0.1063518783294543,0.3,0,0.128407,499.88900889703575
2026-08-25T16:25:04.908+02:00,2835,0.0954503875034997,0.3,0,0.118907,499.95110517459085
2026-08-25T16:25:05.165+02:00,2836,0.11198063911680285,0.3,0,0.126018,499.9624752587578
2026-08-25T16:25:05.422+02:00,2837,0.1062724441658166,0.3,0,0.126184,499.93572283527493
2026-08-25T16:25:05.679+02:00,2838,0.10234544234477778,0.3,0,0.119129,499.94268373230756
2026-08-25T16:25:05.936+02:00,2839,0.12732461342624748,0.3,0,0.127944,499.950737137824
2026-08-25T16:25:06.193+02:00,2840,0.18080085258951092,0.3,0,0.130019,499.94548822294655
2026-08-25T16:25:06.449+02:00,2841,0.15250841628556644,0.3,0,0.125184,499.95711391935413
2026-08-25T16:25:06.706+02:00,2842,0.15132091730534766,0.3,0,0.127684,499.95930252815765
2026-08-25T16:25:06.963+02:00,2843,0.09894337866453078,0.3,0,0.126833,499.8555555219181
2026-08-25T16:25:07.220+02:00,2844,0.11670303285488141,0.3,0,0.124093,499.94789125428827
2026-08-25T16:25:07.477+02:00,2845,0.1069537985762213,0.3,0,0.163407,499.9294489351977
2026-08-25T16:25:07.734+02:00,2846,0.13090278955853382,0.3,0,0.138499,499.92183505587536
2026-08-25T16:25:07.991+02:00,2847,0.11178351670670228,0.3,0,0.125814,499.9482927522099
2026-08-25T16:25:08.247+02:00,2848,0.14493806363295972,0.3,0,0.125963,499.96020789537175
2026-08-25T16:25:08.504+02:00,2849,0.112838533449846,0.3,0,0.124648,499.94482891948775
2026-08-25T16:25:08.761+02:00,2850,0.13491307485359938,0.3,0,0.127611,499.9148353724017
2026-08-25T16:25:09.018+02:00,2851,0.10433100839731486,0.3,0,0.127814,499.953720813083
2026-08-25T16:25:09.275+02:00,2852,0.12729235322345042,0.3,0,0.126926,499.96684078186456
2026-08-25T16:25:09.532+02:00,2853,0.11441622457187602,0.3,0,0.127462,499.894646219355
2026-08-25T16:25:09.788+02:00,2854,0.10174620037369426,0.3,0,0.125444,499.9475232222532
2026-08-25T16:25:10.045+02:00,2855,0.14180617571484713,0.3,0,0.127777,499.9530988847557
2026-08-25T16:25:10.302+02:00,2856,0.08669471799748922,0.3,0,0.127278,499.9288959400871
2026-08-25T16:25:10.559+02:00,2857,0.09475565344791903,0.3,0,0.134629,499.8973025927529
2026-08-25T16:25:10.816+02:00,2858,0.13323207283517402,0.3,0,0.125351,500.01922121055327
2026-08-25T16:25:11.072+02:00,2859,0.12539512722544513,0.3,0,0.127203,499.9237222687083
2026-08-25T16:25:11.329+02:00,2860,0.17175409008275333,0.3,0,0.127388,499.95699385803533
2026-08-25T16:25:11.586+02:00,2861,0.0868271538557277,0.3,0,0.126092,499.96016655933397
2026-08-25T16:25:11.843+02:00,2862,0.16550795570106955,0.3,0,0.123536,499.92069564606993
2026-08-25T16:25:12.100+02:00,2863,0.07153441275097872,0.3,0,0.12737,499.95531698663984
2026-08-25T16:25:12.357+02:00,2864,0.12729890266674093,0.3,0,0.126352,499.9555334865471
2026-08-25T16:25:12.613+02:00,2865,0.08805854223584793,0.3,0,0.123036,499.90425848983455
2026-08-25T16:25:12.870+02:00,2866,0.0973063329873547,0.3,0,0.213166,499.94022761915755
2026-08-25T16:25:13.128+02:00,2867,0.10556241003362066,0.3,0,0.280092,499.915335209829
2026-08-25T16:25:13.385+02:00,2868,0.10110492569203548,0.3,0,0.124981,500.0193235831476
2026-08-25T16:25:13.642+02:00,2869,0.14978879907760698,0.3,0,0.127444,499.92342511235415
2026-08-25T16:25:13.899+02:00,2870,0.13337413739360215,0.3,0,0.125555,499.95422072827216
2026-08-25T16:25:14.155+02:00,2871,0.10285317831357406,0.3,0,0.130648,499.9626012228
2026-08-25T16:25:14.413+02:00,2872,0.1401566153815835,0.3,0,0.164499,499.9273944021229
2026-08-25T16:25:14.669+02:00,2873,0.12710948967492186,0.3,0,0.135,500.09209963905016
2026-08-25T16:25:14.926+02:00,2874,0.13312737694251622,0.3,0,0.125796,499.95031792941313
2026-08-25T16:25:15.183+02:00,2875,0.14696715711324662,0.3,0,0.128055,499.9237478484981
2026-08-25T16:25:15.440+02:00,2876,0.13220736337518701,0.3,0,0.126166,499.94477578665254
2026-08-25T16:25:15.697+02:00,2877,0.1450669215007483,0.3,0,0.129481,499.9577889932606
2026-08-25T16:25:15.954+02:00,2878,0.10456975510741784,0.3,0,0.130129,499.90523842990973
2026-08-25T16:25:16.210+02:00,2879,0.09182380161089505,0.3,0,0.145462,499.9373405301637
2026-08-25T16:25:16.467+02:00,2880,0.09500585991604893,0.3,0,0.125444,499.95833418325276
2026-08-25T16:25:16.724+02:00,2881,0.09616577912784535,0.3,0,0.125129,499.93147395973944
2026-08-25T16:25:16.981+02:00,2882,0.12604759523676337,0.3,0,0.126685,499.9057067642926
2026-08-25T16:25:17.238+02:00,2883,0.09000964346898048,0.3,0,0.124592,499.9684291626789
2026-08-25T16:25:17.494+02:00,2884,0.13148671353804384,0.3,0,0.131759,499.96532917043106
2026-08-25T16:25:17.751+02:00,2885,0.13563982017219978,0.3,0,0.129074,499.9319088801251
2026-08-25T16:25:18.008+02:00,2886,0.09406087161099215,0.3,0,0.127426,499.97422180759366
2026-08-25T16:25:18.265+02:00,2887,0.1323358854470813,0.3,0,0.15687,499.91073443806016
2026-08-25T16:25:18.522+02:00,2888,0.10583263230779331,0.3,0,0.155018,499.93777349902825
2026-08-25T16:25:18.779+02:00,2889,0.10459499906142329,0.3,0,0.12937,500.0073918432465
2026-08-25T16:25:19.036+02:00,2890,0.13779296023815504,0.3,0,0.127185,499.9980964618775
2026-08-25T16:25:19.293+02:00,2891,0.1787328541924801,0.3,0,0.127129,499.93478410035635
2026-08-25T16:25:19.549+02:00,2892,0.1264385700231306,0.3,0,0.125388,499.937991945472
2026-08-25T16:25:19.806+02:00,2893,0.13532486656064804,0.3,0,0.127814,499.9664904367978
2026-08-25T16:25:20.063+02:00,2894,0.11876453751243037,0.3,0,0.12674,499.84696811407304
2026-08-25T16:25:20.320+02:00,2895,0.17361640635916428,0.3,0,0.125759,499.93970018878315
2026-08-25T16:25:20.577+02:00,2896,0.11288613043638958,0.3,0,0.13411,499.95453366623804
2026-08-25T16:25:20.834+02:00,2897,0.12269290932905248,0.3,0,0.127203,499.91324340186856
2026-08-25T16:25:21.090+02:00,2898,0.09101258013768944,0.3,0,0.143592,499.9250486340213
2026-08-25T16:25:21.347+02:00,2899,0.12447758799914273,0.3,0,0.127648,499.95285680418556
2026-08-25T16:25:21.604+02:00,2900,0.14357901641249762,0.3,0,0.138426,499.94203231193217
2026-08-25T16:25:21.861+02:00,2901,0.1076817124218253,0.3,0,0.128092,499.93922589116585
2026-08-25T16:25:22.118+02:00,2902,0.09280549057658642,0.3,0,0.126629,499.96364437391395
2026-08-25T16:25:22.374+02:00,2903,0.09874333274495939,0.3,0,0.142722,499.95187077757606
2026-08-25T16:25:22.631+02:00,2904,0.10040102393858892,0.3,0,0.127499,499.90846558244635
2026-08-25T16:25:22.888+02:00,2905,0.1332149234103793,0.3,0,0.126851,499.94403382548546
2026-08-25T16:25:23.145+02:00,2906,0.11852605685826252,0.3,0,0.124333,499.94545477229696
2026-08-25T16:25:23.402+02:00,2907,0.1225303060242356,0.3,0,0.125092,499.90795198534175
2026-08-25T16:25:23.659+02:00,2908,0.1319783902276969,0.3,0,0.168777,499.9250447036047
2026-08-25T16:25:23.916+02:00,2909,0.10986887356547559,0.3,0,0.145259,499.97891230526034
2026-08-25T16:25:24.172+02:00,2910,0.11858800979094763,0.3,0,0.12537,499.9450158904518
2026-08-25T16:25:24.429+02:00,2911,0.09986841943333562,0.3,0,0.112055,499.9400937907633
2026-08-25T16:25:24.686+02:00,2912,0.16623004607530767,0.3,0,0.137314,499.9500069728691
2026-08-25T16:25:24.943+02:00,2913,0.1120657850356445,0.3,0,0.128536,499.89782009796414
2026-08-25T16:25:25.200+02:00,2914,0.10058534064953761,0.3,0,0.13311,499.9500423931126
2026-08-25T16:25:25.457+02:00,2915,0.09355637483273065,0.3,0,0.127093,499.95193572591717
2026-08-25T16:25:25.713+02:00,2916,0.1498794209277925,0.3,0,0.127352,499.9418768316055
2026-08-25T16:25:25.971+02:00,2917,0.10592847076623313,0.3,0,0.283851,499.9290140190921
2026-08-25T16:25:26.228+02:00,2918,0.09591875215834023,0.3,0,0.130389,500.13682483181293
2026-08-25T16:25:26.485+02:00,2919,0.11911616883542875,0.3,0,0.137185,499.94034570351545
2026-08-25T16:25:26.742+02:00,2920,0.09785848770481594,0.3,0,0.135981,499.907802439327
2026-08-25T16:25:26.999+02:00,2921,0.14491914409402687,0.3,0,0.144277,499.96523863457145
2026-08-25T16:25:27.255+02:00,2922,0.11685329177989397,0.3,0,0.127314,499.9654905655041
2026-08-25T16:25:27.512+02:00,2923,0.13367723703423331,0.3,0,0.128537,499.9037547516338
2026-08-25T16:25:27.769+02:00,2924,0.1122014532844211,0.3,0,0.125185,499.94471477805735
2026-08-25T16:25:28.026+02:00,2925,0.1531642367237004,0.3,0,0.12637,499.96060743684785
2026-08-25T16:25:28.283+02:00,2926,0.10477194005401107,0.3,0,0.133092,499.92656393949295
2026-08-25T16:25:28.540+02:00,2927,0.276708876478762,0.3,0,0.146907,499.94978063283446
2026-08-25T16:25:28.797+02:00,2928,0.09813161302137985,0.3,0,0.124185,500.019768496906
2026-08-25T16:25:29.054+02:00,2929,0.09988662658981173,0.3,0,0.156296,499.86720653958696
2026-08-25T16:25:29.310+02:00,2930,0.144176284933739,0.3,0,0.141388,499.9640655737688
2026-08-25T16:25:29.567+02:00,2931,0.15386290730688015,0.3,0,0.126389,499.90772175324
2026-08-25T16:25:29.824+02:00,2932,0.17890272127291004,0.3,0,0.164981,499.9759854071491
2026-08-25T16:25:30.081+02:00,2933,0.1317771262446025,0.3,0,0.12974,499.9841855387237
2026-08-25T16:25:30.338+02:00,2934,0.09732426555678204,0.3,0,0.136314,500.04743560656425
2026-08-25T16:25:30.595+02:00,2935,0.09534633327469066,0.3,0,0.13124,499.95706470766754
2026-08-25T16:25:30.851+02:00,2936,0.11784580894931644,0.3,0,0.124296,499.92699688253236
2026-08-25T16:25:31.108+02:00,2937,0.1223786369883146,0.3,0,0.128907,499.96628770402924
2026-08-25T16:25:31.365+02:00,2938,0.119207867151788,0.3,0,0.124499,499.9291084794725
2026-08-25T16:25:31.622+02:00,2939,0.09028393477538726,0.3,0,0.278518,499.8829034164827
2026-08-25T16:25:31.879+02:00,2940,0.12419679028493087,0.3,0,0.114221,500.0393023034291
2026-08-25T16:25:32.136+02:00,2941,0.07583800893196224,0.3,0,0.126184,499.98243172035654
2026-08-25T16:25:32.393+02:00,2942,0.15518665509367213,0.3,0,0.126981,499.9124188923174
2026-08-25T16:25:32.650+02:00,2943,0.11636148684513559,0.3,0,0.144647,499.9402610762673
2026-08-25T16:25:32.907+02:00,2944,0.08407075864013962,0.3,0,0.12613,499.95997761513473
2026-08-25T16:25:33.164+02:00,2945,0.1255991379654693,0.3,0,0.126722,499.94517924135687
2026-08-25T16:25:33.420+02:00,2946,0.12115845458774836,0.3,0,0.127222,499.950280532984
2026-08-25T16:25:33.677+02:00,2947,0.11387123469713778,0.3,0,0.125777,499.94415781129686
2026-08-25T16:25:33.935+02:00,2948,0.11849025108777415,0.3,0,0.284685,499.7413110798274
2026-08-25T16:25:34.192+02:00,2949,0.12366138644512843,0.3,0,0.16074,499.94932994383896
2026-08-25T16:25:34.449+02:00,2950,0.09861502570492202,0.3,0,0.149629,499.99682482216673
2026-08-25T16:25:34.705+02:00,2951,0.1231517993155175,0.3,0,0.126703,500.00083464379304
2026-08-25T16:25:34.962+02:00,2952,0.1527440514083859,0.3,0,0.17313,499.9344613499628
2026-08-25T16:25:35.219+02:00,2953,0.12819326982708557,0.3,0,0.116926,500.03076370174267
2026-08-25T16:25:35.476+02:00,2954,0.10586003612014765,0.3,0,0.126222,499.94991249743117
2026-08-25T16:25:35.733+02:00,2955,0.11665880284707697,0.3,0,0.126241,499.90476026758097
2026-08-25T16:25:35.990+02:00,2956,0.123280993349681,0.3,0,0.145852,499.9664235155613
2026-08-25T16:25:36.247+02:00,2957,0.11943534888632479,0.3,0,0.127703,499.97724513282657
2026-08-25T16:25:36.503+02:00,2958,0.09727847701127186,0.3,0,0.127037,499.9225395588748
2026-08-25T16:25:36.760+02:00,2959,0.09976359671950778,0.3,0,0.13887,499.94506312366116
2026-08-25T16:25:37.017+02:00,2960,0.15122164047552053,0.3,0,0.127018,500.0037834963392
2026-08-25T16:25:37.274+02:00,2961,0.10876446035379443,0.3,0,0.128333,499.92600110678757
2026-08-25T16:25:37.531+02:00,2962,0.17493649964421823,0.3,0,0.12874,499.9440751516958
2026-08-25T16:25:37.788+02:00,2963,0.10997060984777955,0.3,0,0.126481,499.95974733510985
2026-08-25T16:25:38.044+02:00,2964,0.12690101644453802,0.3,0,0.13237,499.9401764490477
2026-08-25T16:25:38.301+02:00,2965,0.12004270186095163,0.3,0,0.1265,499.95617509694125
2026-08-25T16:25:38.558+02:00,2966,0.1359975107710462,0.3,0,0.126203,499.951982960434
2026-08-25T16:25:38.815+02:00,2967,0.12126252587216395,0.3,0,0.126981,499.9485210527102
2026-08-25T16:25:39.072+02:00,2968,0.11578318875824707,0.3,0,0.12811,499.9193279817288
2026-08-25T16:25:39.328+02:00,2969,0.11208841078359673,0.3,0,0.136888,499.9449844016506
2026-08-25T16:25:39.585+02:00,2970,0.1250175256749273,0.3,0,0.129056,499.9480467383559
2026-08-25T16:25:39.842+02:00,2971,0.1061995193253682,0.3,0,0.135352,499.92851218549595
2026-08-25T16:25:40.099+02:00,2972,0.08405492882711722,0.3,0,0.130944,499.9871558426151
2026-08-25T16:25:40.356+02:00,2973,0.09852496066809446,0.3,0,0.125592,499.9673977991665
2026-08-25T16:25:40.613+02:00,2974,0.08899228130522856,0.3,0,0.130055,499.9027079131946
2026-08-25T16:25:40.869+02:00,2975,0.12293972456663838,0.3,0,0.114795,499.95015654413567
2026-08-25T16:25:41.126+02:00,2976,0.10646800142592265,0.3,0,0.12887,499.98051847863945
2026-08-25T16:25:41.383+02:00,2977,0.11407472590080514,0.3,0,0.127944,499.90773553380046
2026-08-25T16:25:41.640+02:00,2978,0.1703897764406399,0.3,0,0.126241,499.9472752473534
2026-08-25T16:25:41.897+02:00,2979,0.12520399764375156,0.3,0,0.128185,499.96338654473243
2026-08-25T16:25:42.154+02:00,2980,0.14277855086176516,0.3,0,0.125704,499.92861452095053
2026-08-25T16:25:42.410+02:00,2981,0.11240456431086387,0.3,0,0.147203,499.93331598320196
2026-08-25T16:25:42.667+02:00,2982,0.12773204233720403,0.3,0,0.128388,499.9592651303844
2026-08-25T16:25:42.924+02:00,2983,0.11191567497419024,0.3,0,0.12913,499.96801188656383
2026-08-25T16:25:43.181+02:00,2984,0.1344038618107608,0.3,0,0.126573,499.9420618314396
2026-08-25T16:25:43.438+02:00,2985,0.09761211971720189,0.3,0,0.127684,499.94570471434145
2026-08-25T16:25:43.695+02:00,2986,0.10808413404086026,0.3,0,0.124444,499.95026085027826
2026-08-25T16:25:43.951+02:00,2987,0.10604037071606327,0.3,0,0.130241,499.93856267359473
2026-08-25T16:25:44.208+02:00,2988,0.11424388677297448,0.3,0,0.125018,499.97628261882994
2026-08-25T16:25:44.465+02:00,2989,0.11332693727041103,0.3,0,0.155796,499.8242586413703
2026-08-25T16:25:44.722+02:00,2990,0.1167684243218045,0.3,0,0.136184,500.600835318695
2026-08-25T16:25:44.979+02:00,2991,0.14463869205468724,0.3,0,0.134482,499.9212486301983
2026-08-25T16:25:45.236+02:00,2992,0.19042772316480003,0.3,0,0.126444,499.9641797311956
2026-08-25T16:25:45.493+02:00,2993,0.11668552632470981,0.3,0,0.127074,499.92988384490064
2026-08-25T16:25:45.749+02:00,2994,0.08991154589114576,0.3,0,0.126889,499.9547777102941
2026-08-25T16:25:46.006+02:00,2995,0.15589025761278386,0.3,0,0.126593,500.0162347839392
2026-08-25T16:25:46.263+02:00,2996,0.13055918039171757,0.3,0,0.128499,499.9311571201278
2026-08-25T16:25:46.520+02:00,2997,0.13891850873796466,0.3,0,0.124296,499.95543114007154
2026-08-25T16:25:46.777+02:00,2998,0.1154664666990306,0.3,0,0.126444,499.95025691946523
2026-08-25T16:25:47.034+02:00,2999,0.14745663952424604,0.3,0,0.130537,499.937244104948
2026-08-25T16:25:47.290+02:00,3000,0.1449028601509985,0.3,0,0.140592,499.9514554980959
2026-08-25T16:25:47.547+02:00,3001,0.10678783273059962,0.3,0,0.127258,499.9685866214917
2026-08-25T16:25:47.804+02:00,3002,0.16192962117863305,0.3,0,0.132444,499.91745456885087
2026-08-25T16:25:48.061+02:00,3003,0.1419825415864775,0.3,0,0.135093,499.952803669644
2026-08-25T16:25:48.318+02:00,3004,0.12473290219202345,0.3,0,0.127389,499.9631897145856
2026-08-25T16:25:48.574+02:00,3005,0.09738672840828737,0.3,0,0.128667,499.9478086006126
2026-08-25T16:25:48.831+02:00,3006,0.09457996501391246,0.3,0,0.127185,499.949449994317
2026-08-25T16:25:49.088+02:00,3007,0.16989689431648633,0.3,0,0.125388,499.96712420599823
2026-08-25T16:25:49.345+02:00,3008,0.1516388066179489,0.3,0,0.128647,499.9525458444833
2026-08-25T16:25:49.602+02:00,3009,0.14679526298671455,0.3,0,0.16311,499.89715305310955
2026-08-25T16:25:49.859+02:00,3010,0.11532439297927088,0.3,0,0.133536,499.9569190631852
2026-08-25T16:25:50.116+02:00,3011,0.12562546007583522,0.3,0,0.129777,499.96745290593213
2026-08-25T16:25:50.372+02:00,3012,0.13293940386951095,0.3,0,0.13237,499.82800013394075
2026-08-25T16:25:50.629+02:00,3013,0.102256388933883,0.3,0,0.138203,499.9853468855264
2026-08-25T16:25:50.886+02:00,3014,0.13088375922520848,0.3,0,0.202499,499.4921718193259
2026-08-25T16:25:51.143+02:00,3015,0.11851530318542963,0.3,0,0.129388,500.106977611212
2026-08-25T16:25:51.400+02:00,3016,0.13457937565091468,0.3,0,0.11824,499.9484580670687
2026-08-25T16:25:51.657+02:00,3017,0.11359648282328223,0.3,0,0.12711,499.9619084141932
2026-08-25T16:25:51.914+02:00,3018,0.0950298646564756,0.3,0,0.126852,499.9225848262279
2026-08-25T16:25:52.171+02:00,3019,0.13846647823841662,0.3,0,0.126888,499.9483498237355
2026-08-25T16:25:52.427+02:00,3020,0.10141134285460189,0.3,0,0.128944,499.95811571187147
2026-08-25T16:25:52.684+02:00,3021,0.1105294018312571,0.3,0,0.126981,499.9398576295008
2026-08-25T16:25:52.941+02:00,3022,0.1066001381644881,0.3,0,0.147258,500.0231841505949
2026-08-25T16:25:53.198+02:00,3023,0.1234309002018875,0.3,0,0.129666,500.0036791607008
2026-08-25T16:25:53.455+02:00,3024,0.08282270894375014,0.3,0,0.126056,500.1323204379907
2026-08-25T16:25:53.712+02:00,3025,0.1392970614957433,0.3,0,0.125351,499.95137087424644
2026-08-25T16:25:53.968+02:00,3026,0.1506621725980184,0.3,0,0.126945,499.9598280308315
2026-08-25T16:25:54.225+02:00,3027,0.08647641119965839,0.3,0,0.12824,499.9381769352714
2026-08-25T16:25:54.482+02:00,3028,0.11128376304886124,0.3,0,0.127018,499.9229055925159
2026-08-25T16:25:54.739+02:00,3029,0.10393906618498032,0.3,0,0.126407,499.94969403341
2026-08-25T16:25:54.996+02:00,3030,0.09573129253192929,0.3,0,0.125759,499.938249755622
2026-08-25T16:25:55.252+02:00,3031,0.08690949051572272,0.3,0,0.128944,499.92403319255624
2026-08-25T16:25:55.509+02:00,3032,0.11985059104535149,0.3,0,0.126518,499.94790503706344
2026-08-25T16:25:55.766+02:00,3033,0.12869679651995133,0.3,0,0.123518,499.95647032319465
2026-08-25T16:25:56.023+02:00,3034,0.11491767954946219,0.3,0,0.124499,499.90854625445587
2026-08-25T16:25:56.280+02:00,3035,0.08922084563666155,0.3,0,0.136629,499.9387555322402
2026-08-25T16:25:56.537+02:00,3036,0.12309345498356372,0.3,0,0.126852,499.9520951433423
2026-08-25T16:25:56.793+02:00,3037,0.1468834156568596,0.3,0,0.123537,499.92764039565213
2026-08-25T16:25:57.050+02:00,3038,0.13965063375054312,0.3,0,0.113166,499.948851689999
2026-08-25T16:25:57.307+02:00,3039,0.07973797664329496,0.3,0,0.138796,499.94720833126075
2026-08-25T16:25:57.564+02:00,3040,0.0838431989954594,0.3,0,0.126981,499.9360199990893
2026-08-25T16:25:57.821+02:00,3041,0.0926667800831417,0.3,0,0.125982,499.9420342808538
2026-08-25T16:25:58.077+02:00,3042,0.13201598595344574,0.3,0,0.126093,499.95067022080457
2026-08-25T16:25:58.334+02:00,3043,0.13253919419707336,0.3,0,0.127296,499.9521994502938
2026-08-25T16:25:58.591+02:00,3044,0.12807626828896498,0.3,0,0.136796,499.951654280841
2026-08-25T16:25:58.848+02:00,3045,0.12168324633796661,0.3,0,0.135166,499.9514712429036
2026-08-25T16:25:59.105+02:00,3046,0.12764881940055842,0.3,0,0.132685,499.94994004888525
2026-08-25T16:25:59.362+02:00,3047,0.10628523917695853,0.3,0,0.127685,499.92213221033927
2026-08-25T16:25:59.619+02:00,3048,0.11818394960300409,0.3,0,0.229203,499.9099965224276
2026-08-25T16:25:59.876+02:00,3049,0.09245861386287164,0.3,0,0.158666,499.9644808741981
2026-08-25T16:26:00.133+02:00,3050,0.09473332983614986,0.3,0,0.127333,499.93991470626025
2026-08-25T16:26:00.390+02:00,3051,0.1320178223204375,0.3,0,0.138314,499.93944040823595
2026-08-25T16:26:00.647+02:00,3052,0.09286131348351927,0.3,0,0.1265,499.9471669973725
2026-08-25T16:26:00.903+02:00,3053,0.1287030240005442,0.3,0,0.128981,499.90412665647835
2026-08-25T16:26:01.160+02:00,3054,0.14004478998053038,0.3,0,0.115203,499.94487025298935
2026-08-25T16:26:01.417+02:00,3055,0.11025847345588435,0.3,0,0.130037,499.97858359741923
2026-08-25T16:26:01.674+02:00,3056,0.11863546853747375,0.3,0,0.127315,499.93575825349444
2026-08-25T16:26:01.931+02:00,3057,0.08224019526020683,0.3,0,0.143352,499.9446517933749
2026-08-25T16:26:02.188+02:00,3058,0.11764629336766201,0.3,0,0.133888,499.98991752912576
2026-08-25T16:26:02.444+02:00,3059,0.12602943839679595,0.3,0,0.137074,499.9379801321332
2026-08-25T16:26:02.701+02:00,3060,0.10354157660008963,0.3,0,0.16461,499.86025363469577
2026-08-25T16:26:02.958+02:00,3061,0.11180409857281433,0.3,0,0.134962,500.02156195385624
2026-08-25T16:26:03.215+02:00,3062,0.13402356890682274,0.3,0,0.124518,499.9494224429169
2026-08-25T16:26:03.472+02:00,3063,0.11911366280659585,0.3,0,0.125129,499.7922045059439
2026-08-25T16:26:03.729+02:00,3064,0.1155609388004167,0.3,0,0.128037,499.9602098644366
2026-08-25T16:26:03.986+02:00,3065,0.11327507739545399,0.3,0,0.127407,499.9502962848776
2026-08-25T16:26:04.242+02:00,3066,0.1118509428489712,0.3,0,0.142685,499.92430870018865
2026-08-25T16:26:04.499+02:00,3067,0.11381212127311358,0.3,0,0.126944,499.95649001354946
2026-08-25T16:26:04.756+02:00,3068,0.14979980377789845,0.3,0,0.122037,499.9511681537394
2026-08-25T16:26:05.013+02:00,3069,0.14659441986326982,0.3,0,0.152555,499.89646829296925
2026-08-25T16:26:05.270+02:00,3070,0.08048367730220063,0.3,0,0.164832,499.9451890789296
2026-08-25T16:26:05.527+02:00,3071,0.13074152741083975,0.3,0,0.126148,499.9809810392384
2026-08-25T16:26:05.784+02:00,3072,0.14357628863817387,0.3,0,0.128462,499.88946932697905
2026-08-25T16:26:06.040+02:00,3073,0.10791417329710384,0.3,0,0.110259,499.9421267772322
2026-08-25T16:26:06.297+02:00,3074,0.1000427071091412,0.3,0,0.12574,499.9512370398863
2026-08-25T16:26:06.554+02:00,3075,0.10156209587305313,0.3,0,0.129092,499.92335624103043
2026-08-25T16:26:06.811+02:00,3076,0.11427493626907825,0.3,0,0.132925,499.88848353606767
2026-08-25T16:26:07.071+02:00,3077,0.14703947354358637,0.3,0,0.624239,499.6932178769775
2026-08-25T16:26:07.328+02:00,3078,0.13247673635402712,0.3,0,0.135499,500.0717563573272
2026-08-25T16:26:07.585+02:00,3079,0.09598617379613354,0.3,0,0.128166,500.35754289207046
2026-08-25T16:26:07.841+02:00,3080,0.18862666745549875,0.3,0,0.159518,499.9420519868303
2026-08-25T16:26:08.098+02:00,3081,0.17246559863364905,0.3,0,0.127629,500.01294521460295
2026-08-25T16:26:08.356+02:00,3082,0.11572107507368734,0.3,0,0.23174,499.8172557933932
2026-08-25T16:26:08.613+02:00,3083,0.11328302289529472,0.3,0,0.134685,499.95086900292523
2026-08-25T16:26:08.870+02:00,3084,0.18236042235873492,0.3,0,0.160592,500.019764557838
2026-08-25T16:26:09.128+02:00,3085,0.11751970167743549,0.3,0,0.291166,499.95032186022706
2026-08-25T16:26:09.385+02:00,3086,0.14494828055703063,0.3,0,0.13313,500.13137899420724
2026-08-25T16:26:09.642+02:00,3087,0.11145824395073563,0.3,0,0.135295,499.97022027505807
2026-08-25T16:26:09.898+02:00,3088,0.10296698274305416,0.3,0,0.160425,499.9577929313522
2026-08-25T16:26:10.155+02:00,3089,0.12488455901078659,0.3,0,0.129518,499.92342314357904
2026-08-25T16:26:10.412+02:00,3090,0.087461281916782,0.3,0,0.14824,499.93643327689006
2026-08-25T16:26:10.669+02:00,3091,0.15353716117428062,0.3,0,0.161277,499.9378915750673
2026-08-25T16:26:10.927+02:00,3092,0.4266182706241611,0.3,1,0.206685,499.7332290231927
2026-08-25T16:26:11.184+02:00,3093,0.10013204967948808,0.3,0,0.167203,500.0228927846639
2026-08-25T16:26:11.442+02:00,3094,0.11494192539899473,0.3,0,0.26811,499.8316020152073
2026-08-25T16:26:11.700+02:00,3095,0.1043749718942865,0.3,0,0.236722,500.0355438663256
2026-08-25T16:26:11.956+02:00,3096,0.10457723152152809,0.3,0,0.125852,499.92604440597177
2026-08-25T16:26:12.214+02:00,3097,0.09962641780056199,0.3,0,0.23174,499.8906597400949
2026-08-25T16:26:12.472+02:00,3098,0.120269045557943,0.3,0,0.313092,500.0382391469444
2026-08-25T16:26:12.729+02:00,3099,0.1086459610111959,0.3,0,0.217166,500.1765308076913
2026-08-25T16:26:12.987+02:00,3100,0.09681457720251589,0.3,0,0.267943,499.8583413207631
2026-08-25T16:26:13.244+02:00,3101,0.13163716905952283,0.3,0,0.232814,499.93332975801405
2026-08-25T16:26:13.501+02:00,3102,0.14122344910373844,0.3,0,0.253018,499.9869452231459
2026-08-25T16:26:13.759+02:00,3103,0.1199973208343265,0.3,0,0.133074,500.12951188046196
2026-08-25T16:26:14.015+02:00,3104,0.1332740748495341,0.3,0,0.12424,499.9581117737748
2026-08-25T16:26:14.309+02:00,3105,0.1647970627261056,0.3,0,0.169481,434.88513796291033
2026-08-25T16:26:14.566+02:00,3106,0.08437438961971229,0.3,0,0.126536,500.26905611856625
2026-08-25T16:26:14.823+02:00,3107,0.09998782516587128,0.3,0,0.125759,499.9207192639554
2026-08-25T16:26:15.080+02:00,3108,0.17407245007870623,0.3,0,0.128907,499.9323064146867
2026-08-25T16:26:15.337+02:00,3109,0.11276012154827757,0.3,0,0.174796,499.87305586190513
2026-08-25T16:26:15.594+02:00,3110,0.13882616572775394,0.3,0,0.140259,499.85374554873783
2026-08-25T16:26:15.851+02:00,3111,0.08897146996646514,0.3,0,0.27298,499.94196342832186
2026-08-25T16:26:16.108+02:00,3112,0.13963269840871817,0.3,0,0.247703,499.97884734991004
2026-08-25T16:26:16.365+02:00,3113,0.11011970532830147,0.3,0,0.12387,499.95526384441524
2026-08-25T16:26:16.622+02:00,3114,0.1709883709591399,0.3,0,0.146055,499.8820908033894
2026-08-25T16:26:16.879+02:00,3115,0.11875852428741585,0.3,0,0.127278,500.09044745808757
2026-08-25T16:26:17.136+02:00,3116,0.124535902582329,0.3,0,0.132722,499.84536280578845
2026-08-25T16:26:17.393+02:00,3117,0.18012816651274668,0.3,0,0.127019,499.92155168308693
2026-08-25T16:26:17.650+02:00,3118,0.1756775247495348,0.3,0,0.197296,499.7368570666705
2026-08-25T16:26:17.907+02:00,3119,0.1343169328167739,0.3,0,0.21637,500.25865144771603
2026-08-25T16:26:18.164+02:00,3120,0.15439637084748978,0.3,0,0.13237,499.85931518317426
2026-08-25T16:26:18.421+02:00,3121,0.25545690118242764,0.3,0,0.145296,500.0129274964429
2026-08-25T16:26:18.678+02:00,3122,0.19197567715071293,0.3,0,0.125611,499.9525635583644
2026-08-25T16:26:18.935+02:00,3123,0.10197374095754697,0.3,0,0.126574,499.83953183027097
2026-08-25T16:26:19.192+02:00,3124,0.10185251582582895,0.3,0,0.138648,499.94662184605477
2026-08-25T16:26:19.449+02:00,3125,0.1032344311352041,0.3,0,0.12837,500.0166442553527
2026-08-25T16:26:19.705+02:00,3126,0.10683192586161883,0.3,0,0.124093,499.92909272891393
2026-08-25T16:26:19.962+02:00,3127,0.12657376674486573,0.3,0,0.182092,499.94323085828756
2026-08-25T16:26:20.219+02:00,3128,0.11604222665717738,0.3,0,0.131629,500.00811233577997
2026-08-25T16:26:20.476+02:00,3129,0.09952141205340585,0.3,0,0.129277,499.92136472967286
2026-08-25T16:26:20.733+02:00,3130,0.11812241646281123,0.3,0,0.138925,499.93029121322814
2026-08-25T16:26:20.990+02:00,3131,0.12262339558649016,0.3,0,0.147351,499.9500463310822
2026-08-25T16:26:21.247+02:00,3132,0.14289580746965327,0.3,0,0.154351,499.9563502693451
2026-08-25T16:26:21.504+02:00,3133,0.12665899870750952,0.3,0,0.128777,499.85351733478734
2026-08-25T16:26:21.761+02:00,3134,0.141459428899071,0.3,0,0.126999,499.9798945072587
2026-08-25T16:26:22.018+02:00,3135,0.13202728706211886,0.3,0,0.14113,499.79049530270976
2026-08-25T16:26:22.274+02:00,3136,0.11823642246594979,0.3,0,0.130963,500.05109183679036
2026-08-25T16:26:22.531+02:00,3137,0.1274436248242199,0.3,0,0.136907,499.94833014118177
2026-08-25T16:26:22.788+02:00,3138,0.18840244103995887,0.3,0,0.125722,499.94803886963973
2026-08-25T16:26:23.045+02:00,3139,0.255418905165324,0.3,0,0.126592,500.00325986350157
2026-08-25T16:26:23.302+02:00,3140,0.09805175507196633,0.3,0,0.129722,499.92853778009464
2026-08-25T16:26:23.559+02:00,3141,0.13419361957856155,0.3,0,0.124704,499.95853296430766
2026-08-25T16:26:23.815+02:00,3142,0.09745342605444758,0.3,0,0.127907,499.851180139909
2026-08-25T16:26:24.072+02:00,3143,0.14277880714164995,0.3,0,0.126833,499.95208136033614
2026-08-25T16:26:24.329+02:00,3144,0.1224974289155606,0.3,0,0.126315,499.8813470598266
2026-08-25T16:26:24.590+02:00,3145,0.08774685775875884,0.3,0,0.243462,499.2445211809122
2026-08-25T16:26:24.846+02:00,3146,0.08979831810423278,0.3,0,0.127815,500.5415327317459
2026-08-25T16:26:25.104+02:00,3147,0.17657222505906608,0.3,0,0.1695,499.88130968087285
2026-08-25T16:26:25.362+02:00,3148,0.1583927247598599,0.3,0,0.133222,500.13156808231054
2026-08-25T16:26:25.618+02:00,3149,0.09980601707369634,0.3,0,0.138907,500.01149238694313
2026-08-25T16:26:25.875+02:00,3150,0.12267230617802483,0.3,0,0.127425,499.8700869135363
2026-08-25T16:26:26.132+02:00,3151,0.13099736043346913,0.3,0,0.145741,499.95685215167106
2026-08-25T16:26:26.389+02:00,3152,0.1202949868205585,0.3,0,0.167166,500.03861518411856
2026-08-25T16:26:26.646+02:00,3153,0.2577712044868939,0.3,0,0.142926,499.9431088347063
2026-08-25T16:26:26.903+02:00,3154,0.28547775539361037,0.3,0,0.129482,499.94660806335037
2026-08-25T16:26:27.160+02:00,3155,0.1709071155361522,0.3,0,0.133574,499.95502766882055
2026-08-25T16:26:27.417+02:00,3156,0.15701648151591416,0.3,0,0.130444,499.9464604560037
2026-08-25T16:26:27.674+02:00,3157,0.2077259564765804,0.3,0,0.136241,499.90411485189856
2026-08-25T16:26:27.930+02:00,3158,0.10164245934690097,0.3,0,0.157481,499.953933373577
2026-08-25T16:26:28.187+02:00,3159,0.10573607266866898,0.3,0,0.127166,499.96012719952745
2026-08-25T16:26:28.444+02:00,3160,0.12494309261481334,0.3,0,0.125722,499.9000337721905
2026-08-25T16:26:28.701+02:00,3161,0.1322946024469497,0.3,0,0.110704,499.94216024175586
2026-08-25T16:26:28.958+02:00,3162,0.09759371111916271,0.3,0,0.122741,499.9451477525351
2026-08-25T16:26:29.215+02:00,3163,0.12120651471769832,0.3,0,0.137981,499.86424947055457
2026-08-25T16:26:29.472+02:00,3164,0.13160994759471176,0.3,0,0.276943,499.945618116329
2026-08-25T16:26:29.729+02:00,3165,0.09235840537879081,0.3,0,0.138,500.1086594334201
2026-08-25T16:26:29.986+02:00,3166,0.11085152540184588,0.3,0,0.129222,499.88006224202314
2026-08-25T16:26:30.243+02:00,3167,0.13846418908516256,0.3,0,0.124574,499.9405523459063
2026-08-25T16:26:30.499+02:00,3168,0.07907254633618936,0.3,0,0.133999,499.96227449832656
2026-08-25T16:26:30.756+02:00,3169,0.09384441537358057,0.3,0,0.128037,499.9073163975001
2026-08-25T16:26:31.013+02:00,3170,0.095482109063452,0.3,0,0.125667,499.91908593386177
2026-08-25T16:26:31.270+02:00,3171,0.11047788185638745,0.3,0,0.1255,499.9515204463291
2026-08-25T16:26:31.527+02:00,3172,0.13978652626474286,0.3,0,0.124759,499.9209790250471
2026-08-25T16:26:31.784+02:00,3173,0.11756315162198838,0.3,0,0.157703,499.8553922295747
2026-08-25T16:26:32.041+02:00,3174,0.09890065412613393,0.3,0,0.127722,500.01450829213314
2026-08-25T16:26:32.297+02:00,3175,0.1369423836091989,0.3,0,0.12487,499.94834785476405
2026-08-25T16:26:32.554+02:00,3176,0.13304234524724726,0.3,0,0.125666,499.92312796351246
2026-08-25T16:26:32.811+02:00,3177,0.13731443970604085,0.3,0,0.110907,499.9709091755632
2026-08-25T16:26:33.068+02:00,3178,0.1649630387729288,0.3,0,0.138036,499.9471079571553
2026-08-25T16:26:33.325+02:00,3179,0.14715456571165653,0.3,0,0.136259,499.8931370201337
2026-08-25T16:26:33.581+02:00,3180,0.13318149988926262,0.3,0,0.141852,499.95253796846555
2026-08-25T16:26:33.838+02:00,3181,0.11540206742177055,0.3,0,0.128166,499.9784517176978
2026-08-25T16:26:34.096+02:00,3182,0.08183306520602736,0.3,0,0.236907,499.60150879107204
2026-08-25T16:26:34.353+02:00,3183,0.11857510549721473,0.3,0,0.238055,499.993068992903
2026-08-25T16:26:34.610+02:00,3184,0.12391334463742691,0.3,0,0.127018,500.08808047318416
2026-08-25T16:26:34.867+02:00,3185,0.09563050178718391,0.3,0,0.122795,499.9125212140247
2026-08-25T16:26:35.124+02:00,3186,0.11582481175647176,0.3,0,0.126814,499.9253831850045
2026-08-25T16:26:35.381+02:00,3187,0.09240044509214929,0.3,0,0.172703,499.8373521423386
2026-08-25T16:26:35.638+02:00,3188,0.09682069187798763,0.3,0,0.12663,500.0406411003033
2026-08-25T16:26:35.895+02:00,3189,0.09774012886281651,0.3,0,0.125982,499.90938453188403
2026-08-25T16:26:36.152+02:00,3190,0.11420855538374967,0.3,0,0.142148,499.95078437211436
2026-08-25T16:26:36.408+02:00,3191,0.12373181002378826,0.3,0,0.126944,499.956466392284
2026-08-25T16:26:36.665+02:00,3192,0.10284209475471928,0.3,0,0.128666,499.9300826176515
2026-08-25T16:26:36.922+02:00,3193,0.19168730224632627,0.3,0,0.166036,499.92323029676277
2026-08-25T16:26:37.179+02:00,3194,0.23155171690644885,0.3,0,0.13063,499.981689647416
2026-08-25T16:26:37.436+02:00,3195,0.10114644137869522,0.3,0,0.134944,499.8967378645257
2026-08-25T16:26:37.693+02:00,3196,0.12370196069698618,0.3,0,0.125981,499.9277466612088
2026-08-25T16:26:37.950+02:00,3197,0.2008758156209831,0.3,0,0.135111,499.9462242815664
2026-08-25T16:26:38.207+02:00,3198,0.15641011435630028,0.3,0,0.132241,499.9632074363812
2026-08-25T16:26:38.463+02:00,3199,0.09976040040724048,0.3,0,0.127833,499.92643405601143
2026-08-25T16:26:38.720+02:00,3200,0.13241553254866903,0.3,0,0.134499,499.90413255518916
2026-08-25T16:26:38.978+02:00,3201,0.10800930526071777,0.3,0,0.263629,499.8124660332411
2026-08-25T16:26:39.235+02:00,3202,0.15399606457346596,0.3,0,0.125314,500.05514584326454
2026-08-25T16:26:39.492+02:00,3203,0.09537325802327874,0.3,0,0.264184,499.92708741170185
2026-08-25T16:26:39.749+02:00,3204,0.1592051084882475,0.3,0,0.123852,500.0673240235278
2026-08-25T16:26:40.006+02:00,3205,0.07232247699024019,0.3,0,0.124629,499.939843854329
2026-08-25T16:26:40.263+02:00,3206,0.1478815963660356,0.3,0,0.127351,499.94115456103015
2026-08-25T16:26:40.519+02:00,3207,0.11810312688328306,0.3,0,0.128203,499.95970599914824
2026-08-25T16:26:40.777+02:00,3208,0.1229630315649816,0.3,0,0.218222,499.8038289636527
2026-08-25T16:26:41.034+02:00,3209,0.10934637263922713,0.3,0,0.129074,499.9743930399695
2026-08-25T16:26:41.290+02:00,3210,0.10673608301010347,0.3,0,0.127796,499.96360304446824
2026-08-25T16:26:41.547+02:00,3211,0.08242750866709773,0.3,0,0.137592,499.92974412988815
2026-08-25T16:26:41.804+02:00,3212,0.1277740471321079,0.3,0,0.146018,499.8220043321531
2026-08-25T16:26:42.061+02:00,3213,0.12893276930389116,0.3,0,0.137444,499.967358431061
2026-08-25T16:26:42.319+02:00,3214,0.11050532863957822,0.3,0,0.241518,499.7299687436548
2026-08-25T16:26:42.576+02:00,3215,0.11494064178342711,0.3,0,0.286017,499.87002001810475
2026-08-25T16:26:42.836+02:00,3216,0.13266299734528175,0.3,0,0.53885,499.35972646346636
2026-08-25T16:26:43.093+02:00,3217,0.1306577429951632,0.3,0,0.138611,500.8869011165896
2026-08-25T16:26:43.351+02:00,3218,0.11373346652465981,0.3,0,0.265907,499.6937349597283
2026-08-25T16:26:43.608+02:00,3219,0.10341095310185366,0.3,0,0.130519,500.26849252158974
2026-08-25T16:26:43.865+02:00,3220,0.08603381036970485,0.3,0,0.125,499.89727110996176
2026-08-25T16:26:44.122+02:00,3221,0.19674017406685232,0.3,0,0.182333,499.9358999479014
2026-08-25T16:26:44.379+02:00,3222,0.07448439657402472,0.3,0,0.128148,499.9937067681458
2026-08-25T16:26:44.636+02:00,3223,0.11963717451829285,0.3,0,0.173721,499.9477790732666
2026-08-25T16:26:44.893+02:00,3224,0.10663151567946845,0.3,0,0.15237,499.74238279649717
2026-08-25T16:26:45.149+02:00,3225,0.08419219121470671,0.3,0,0.132685,500.0444173344231
2026-08-25T16:26:45.406+02:00,3226,0.11648953637287078,0.3,0,0.128185,499.9289726882123
2026-08-25T16:26:45.663+02:00,3227,0.13636248096644618,0.3,0,0.138426,499.91220833580934
2026-08-25T16:26:45.920+02:00,3228,0.06907915801111623,0.3,0,0.138203,500.0451438428671
2026-08-25T16:26:46.177+02:00,3229,0.12611382600725415,0.3,0,0.135796,499.8763534185436
2026-08-25T16:26:46.434+02:00,3230,0.12170943531817476,0.3,0,0.28774,499.70807605142244
2026-08-25T16:26:46.692+02:00,3231,0.6516071759840284,0.3,1,0.297444,500.02629468677674
2026-08-25T16:26:46.950+02:00,3232,0.5581178436509653,0.3,1,0.302,500.17778366103374
2026-08-25T16:26:47.208+02:00,3233,0.18326327634136738,0.3,0,0.204944,500.03008252190614
2026-08-25T16:26:47.467+02:00,3234,0.15470393936294347,0.3,0,0.50348,499.8384242781335
2026-08-25T16:26:47.725+02:00,3235,0.12833450178877306,0.3,0,0.204221,504.22069445822683
2026-08-25T16:26:47.982+02:00,3236,0.14531312420856798,0.3,0,0.233555,500.2175493388847
2026-08-25T16:26:48.240+02:00,3237,0.11456463662609495,0.3,0,0.419907,497.29498351005367
2026-08-25T16:26:48.508+02:00,3238,0.10933706457696542,0.3,0,0.264073,480.23124125116124
2026-08-25T16:26:48.765+02:00,3239,0.12134609847613653,0.3,0,0.163444,499.96650815166697
2026-08-25T16:26:49.022+02:00,3240,0.1518973770720018,0.3,0,0.25174,500.00795288262896
2026-08-25T16:26:49.280+02:00,3241,0.12909720684191214,0.3,0,0.235425,504.523786711647
2026-08-25T16:26:49.537+02:00,3242,0.2514306836357019,0.3,0,0.231555,500.0533403409265
2026-08-25T16:26:49.796+02:00,3243,0.10678112115882261,0.3,0,0.281574,499.92069368447545
2026-08-25T16:26:50.053+02:00,3244,0.12734413776569506,0.3,0,0.237592,500.09629610297617
2026-08-25T16:26:50.311+02:00,3245,0.09111959036763088,0.3,0,0.227555,500.00404924482814
2026-08-25T16:26:50.568+02:00,3246,0.12147305226607963,0.3,0,0.292759,499.59911497990225
2026-08-25T16:26:50.826+02:00,3247,0.11356996329101794,0.3,0,0.271518,500.15767766427473
2026-08-25T16:26:51.084+02:00,3248,0.1225080253603726,0.3,0,0.361333,499.99012421249813
2026-08-25T16:26:51.342+02:00,3249,0.1000280234556552,0.3,0,0.214444,500.0568765482056
2026-08-25T16:26:51.599+02:00,3250,0.13868839810905875,0.3,0,0.263333,500.07379435465975
2026-08-25T16:26:51.857+02:00,3251,0.1412182366928736,0.3,0,0.227888,499.59372801985216
2026-08-25T16:26:52.114+02:00,3252,0.13843846897807222,0.3,0,0.241018,500.10387787798754
2026-08-25T16:26:52.371+02:00,3253,0.14858823318957648,0.3,0,0.130852,499.934282255176
2026-08-25T16:26:52.629+02:00,3254,0.11768509322460712,0.3,0,0.272388,500.5192374758771
2026-08-25T16:26:52.886+02:00,3255,0.10579253754898532,0.3,0,0.135296,500.2092213683981
2026-08-25T16:26:53.144+02:00,3256,0.09464637340179038,0.3,0,0.28648,499.59208503588553
2026-08-25T16:26:53.401+02:00,3257,0.11644912409553292,0.3,0,0.136074,500.22830104047375
2026-08-25T16:26:53.658+02:00,3258,0.11875286036849797,0.3,0,0.135111,500.2258933487773
2026-08-25T16:26:53.915+02:00,3259,0.14037045865590583,0.3,0,0.133963,499.85171131278815
2026-08-25T16:26:54.172+02:00,3260,0.1342750913602965,0.3,0,0.185795,499.8592522271652
2026-08-25T16:26:54.429+02:00,3261,0.0919604982798798,0.3,0,0.265721,501.2189091392628
2026-08-25T16:26:54.686+02:00,3262,0.09831416507168915,0.3,0,0.18087,500.0682475040924
2026-08-25T16:26:54.943+02:00,3263,0.13780738920306165,0.3,0,0.145555,499.9131430485598
2026-08-25T16:26:55.200+02:00,3264,0.09412565585247407,0.3,0,0.138463,499.9819868730395
2026-08-25T16:26:55.457+02:00,3265,0.1145040827048837,0.3,0,0.132629,499.98275256344857
2026-08-25T16:26:55.714+02:00,3266,0.08839422477599213,0.3,0,0.170963,499.7375197491846
2026-08-25T16:26:55.973+02:00,3267,0.10633010621433907,0.3,0,0.359851,505.1740362317138
2026-08-25T16:26:56.231+02:00,3268,0.09401008221784872,0.3,0,0.401999,509.0712794156156
2026-08-25T16:26:56.489+02:00,3269,0.12334945016287151,0.3,0,0.31811,499.9975137888284
2026-08-25T16:26:56.747+02:00,3270,0.10286407033177862,0.3,0,0.255666,500.1674064204279
2026-08-25T16:26:57.005+02:00,3271,0.145603423262716,0.3,0,0.275369,500.07856155918864
2026-08-25T16:26:57.263+02:00,3272,0.1024472550170702,0.3,0,0.34498,497.0396125012317
2026-08-25T16:26:57.521+02:00,3273,0.13367070627992028,0.3,0,0.245832,500.2954402156721
2026-08-25T16:26:57.778+02:00,3274,0.11449856676930044,0.3,0,0.136222,500.1015698426379
2026-08-25T16:26:58.036+02:00,3275,0.11114396370029474,0.3,0,0.305406,499.75652609265626
2026-08-25T16:26:58.293+02:00,3276,0.13900068511921154,0.3,0,0.133555,499.37431544047075
2026-08-25T16:26:58.550+02:00,3277,0.12819383568855694,0.3,0,0.184777,499.98825027613674
2026-08-25T16:26:58.807+02:00,3278,0.07430935917708974,0.3,0,0.138481,499.9171436603449
2026-08-25T16:26:59.064+02:00,3279,0.11149536819359451,0.3,0,0.144666,499.96874998063953
2026-08-25T16:26:59.320+02:00,3280,0.14033078435180713,0.3,0,0.139333,500.0126007133517
2026-08-25T16:26:59.577+02:00,3281,0.15507007994529567,0.3,0,0.12574,499.9543151981783
2026-08-25T16:26:59.834+02:00,3282,0.17996293952535788,0.3,0,0.205536,499.94560434799956
2026-08-25T16:27:00.091+02:00,3283,0.0639164307920315,0.3,0,0.128666,500.1373822207755
2026-08-25T16:27:00.348+02:00,3284,0.16350458163400963,0.3,0,0.126796,499.9580291095595
2026-08-25T16:27:00.605+02:00,3285,0.11652922569403353,0.3,0,0.131759,499.903073910637
2026-08-25T16:27:00.862+02:00,3286,0.12557721329427185,0.3,0,0.113129,499.9464053538656
2026-08-25T16:27:01.119+02:00,3287,0.18104996261341225,0.3,0,0.128333,499.9753063385737
2026-08-25T16:27:01.375+02:00,3288,0.08188370826564235,0.3,0,0.124944,499.9048212735839
2026-08-25T16:27:01.632+02:00,3289,0.34306043015443094,0.3,1,0.146482,499.9560609503299
2026-08-25T16:27:01.889+02:00,3290,0.16291801109279727,0.3,0,0.128,500.0055984879442
2026-08-25T16:27:02.146+02:00,3291,0.12027997767354466,0.3,0,0.132518,499.877018446639
2026-08-25T16:27:02.403+02:00,3292,0.19693773743959006,0.3,0,0.15711,499.93790928790986
2026-08-25T16:27:02.660+02:00,3293,0.16067211151279745,0.3,0,0.137444,500.0633840223263
2026-08-25T16:27:02.919+02:00,3294,0.09112201763898546,0.3,0,0.284981,495.72316981526023
2026-08-25T16:27:03.177+02:00,3295,0.1669558217428531,0.3,0,0.357351,500.2826932082028
2026-08-25T16:27:03.435+02:00,3296,0.1155469262918422,0.3,0,0.140963,500.04270837542254
2026-08-25T16:27:03.691+02:00,3297,0.10881006350637064,0.3,0,0.126203,500.09412204124186
2026-08-25T16:27:03.948+02:00,3298,0.11707876845137884,0.3,0,0.127352,499.9300727735139
2026-08-25T16:27:04.205+02:00,3299,0.10298567466196067,0.3,0,0.124999,499.91567564679497
2026-08-25T16:27:04.462+02:00,3300,0.08945931713142015,0.3,0,0.116055,499.96411084148207
2026-08-25T16:27:04.719+02:00,3301,0.1305495728252497,0.3,0,0.125796,499.9656795210307
2026-08-25T16:27:04.976+02:00,3302,0.1478855227191259,0.3,0,0.212703,499.9383068248547
2026-08-25T16:27:05.233+02:00,3303,0.09287515095458805,0.3,0,0.234777,499.9998307106953
2026-08-25T16:27:05.490+02:00,3304,0.0904957684797029,0.3,0,0.144278,500.02188678627203
2026-08-25T16:27:05.747+02:00,3305,0.10570926237105295,0.3,0,0.130722,499.88069186240637
2026-08-25T16:27:06.004+02:00,3306,0.1052004359721117,0.3,0,0.127722,499.9411840875936
2026-08-25T16:27:06.261+02:00,3307,0.1050942291088162,0.3,0,0.138221,499.95645260903683
2026-08-25T16:27:06.518+02:00,3308,0.15983122467122612,0.3,0,0.12687,499.94920004136776
2026-08-25T16:27:06.775+02:00,3309,0.12908831265947016,0.3,0,0.157647,499.9393616879961
2026-08-25T16:27:07.031+02:00,3310,0.15234771596070354,0.3,0,0.129851,499.96079047431476
2026-08-25T16:27:07.288+02:00,3311,0.10462999690884016,0.3,0,0.130611,499.96621881373477
2026-08-25T16:27:07.545+02:00,3312,0.1791329971057817,0.3,0,0.150815,499.9052482730693
2026-08-25T16:27:07.802+02:00,3313,0.14009918790582918,0.3,0,0.114111,499.9730723203083
2026-08-25T16:27:08.059+02:00,3314,0.11600616624752207,0.3,0,0.132389,499.9448623772134
2026-08-25T16:27:08.316+02:00,3315,0.12674358132647967,0.3,0,0.131167,499.8690657902928
2026-08-25T16:27:08.573+02:00,3316,0.10815415172378957,0.3,0,0.129166,499.9680040172192
2026-08-25T16:27:08.830+02:00,3317,0.09594662617316392,0.3,0,0.250777,499.8448729490565
2026-08-25T16:27:09.087+02:00,3318,0.15304882561429187,0.3,0,0.1455,500.0277495700536
2026-08-25T16:27:09.344+02:00,3319,0.13210986156818907,0.3,0,0.145092,500.03398459656773
2026-08-25T16:27:09.602+02:00,3320,0.10640233493854885,0.3,0,0.212981,499.9083061928439
2026-08-25T16:27:09.859+02:00,3321,0.10680403837063894,0.3,0,0.281073,499.96581533223235
2026-08-25T16:27:10.116+02:00,3322,0.1023590928675393,0.3,0,0.137222,500.0325985784151
2026-08-25T16:27:10.373+02:00,3323,0.1385015927116866,0.3,0,0.143388,500.0036141989151
2026-08-25T16:27:10.630+02:00,3324,0.1826228861073235,0.3,0,0.133037,499.9869196368883
2026-08-25T16:27:10.888+02:00,3325,0.12805240964106326,0.3,0,0.154648,495.97296508310365
2026-08-25T16:27:11.145+02:00,3326,0.11230013715379528,0.3,0,0.139388,499.90582482518494
2026-08-25T16:27:11.402+02:00,3327,0.16090239695505973,0.3,0,0.12637,499.9629692770345
2026-08-25T16:27:11.659+02:00,3328,0.11705145758736772,0.3,0,0.127111,499.9782430747686
2026-08-25T16:27:11.916+02:00,3329,0.14226465413207143,0.3,0,0.232111,499.4392830579024
2026-08-25T16:27:12.173+02:00,3330,0.08984250103270845,0.3,0,0.136277,500.04386014549203
2026-08-25T16:27:12.430+02:00,3331,0.12267933560999171,0.3,0,0.127203,499.97222595263776
2026-08-25T16:27:12.687+02:00,3332,0.11018632449627101,0.3,0,0.174074,499.9252828196625
2026-08-25T16:27:12.944+02:00,3333,0.12479186502942137,0.3,0,0.127518,502.43130662984237
2026-08-25T16:27:13.201+02:00,3334,0.11967338523305004,0.3,0,0.126962,499.9969035605038
2026-08-25T16:27:13.458+02:00,3335,0.18170450892820375,0.3,0,0.13487,499.932751173604
2026-08-25T16:27:13.715+02:00,3336,0.08700848507984915,0.3,0,0.135463,499.9570253483494
2026-08-25T16:27:13.972+02:00,3337,0.1268235531124704,0.3,0,0.127315,499.93300700233885
2026-08-25T16:27:14.228+02:00,3338,0.10729930427657663,0.3,0,0.12987,499.95465371921523
2026-08-25T16:27:14.485+02:00,3339,0.10765419114288181,0.3,0,0.138222,499.8948882435566
2026-08-25T16:27:14.742+02:00,3340,0.11320643636435647,0.3,0,0.120573,499.95159327056695
2026-08-25T16:27:14.999+02:00,3341,0.10993386007531906,0.3,0,0.134666,499.8463208722854
2026-08-25T16:27:15.256+02:00,3342,0.13534593767220096,0.3,0,0.127796,499.92852202957204
2026-08-25T16:27:15.514+02:00,3343,0.10374659378541178,0.3,0,0.273074,499.4566992600681
2026-08-25T16:27:15.771+02:00,3344,0.1679316570437266,0.3,0,0.136981,500.2624546183479
2026-08-25T16:27:16.028+02:00,3345,0.1008838948300772,0.3,0,0.126444,499.99008287867446
2026-08-25T16:27:16.285+02:00,3346,0.11175316690511099,0.3,0,0.127907,499.87225902064694
2026-08-25T16:27:16.542+02:00,3347,0.10254178203796964,0.3,0,0.129296,499.98231558535554
2026-08-25T16:27:16.798+02:00,3348,0.11977376345858175,0.3,0,0.143222,499.96806503149855
2026-08-25T16:27:17.055+02:00,3349,0.10976304635705485,0.3,0,0.12824,499.9447383910525
2026-08-25T16:27:17.312+02:00,3350,0.10101902738224637,0.3,0,0.114018,499.9484167401337
2026-08-25T16:27:17.569+02:00,3351,0.1482078091643757,0.3,0,0.123092,499.95545278505165
2026-08-25T16:27:17.826+02:00,3352,0.14293376960204895,0.3,0,0.152889,499.8879227647568
2026-08-25T16:27:18.083+02:00,3353,0.1272829616951867,0.3,0,0.140037,499.98078420239864
2026-08-25T16:27:18.339+02:00,3354,0.12494989282985243,0.3,0,0.127721,499.97502290516337
2026-08-25T16:27:18.596+02:00,3355,0.11269300478202249,0.3,0,0.127944,499.9339457305837
2026-08-25T16:27:18.853+02:00,3356,0.18463467295579758,0.3,0,0.160148,499.9527898937588
2026-08-25T16:27:19.110+02:00,3357,0.08132978238040107,0.3,0,0.197833,499.9537011372664
2026-08-25T16:27:19.367+02:00,3358,0.08740025050098588,0.3,0,0.128777,500.0854890249758
2026-08-25T16:27:19.624+02:00,3359,0.10840339042112264,0.3,0,0.130259,499.9570509315475
2026-08-25T16:27:19.881+02:00,3360,0.10990900321703408,0.3,0,0.127315,499.96426830473524
2026-08-25T16:27:20.138+02:00,3361,0.08959202616148115,0.3,0,0.125518,499.93846229580123
2026-08-25T16:27:20.395+02:00,3362,0.11754895633361151,0.3,0,0.128129,499.94101483255827
2026-08-25T16:27:20.652+02:00,3363,0.14818742515244368,0.3,0,0.129703,499.958216090397
2026-08-25T16:27:20.909+02:00,3364,0.15258993757890593,0.3,0,0.127814,499.9560668502664
2026-08-25T16:27:21.165+02:00,3365,0.13590944395948412,0.3,0,0.151203,499.82335967042513
2026-08-25T16:27:21.423+02:00,3366,0.16065686216056108,0.3,0,0.248092,499.93532726414884
2026-08-25T16:27:21.680+02:00,3367,0.18496203643434228,0.3,0,0.246814,499.83341182087054
2026-08-25T16:27:21.938+02:00,3368,0.13528399482831213,0.3,0,0.212851,499.92115219687173
2026-08-25T16:27:22.195+02:00,3369,0.10466387669912436,0.3,0,0.221573,500.0571167596922
2026-08-25T16:27:22.453+02:00,3370,0.09716826840133279,0.3,0,0.231258,499.9489933918281
2026-08-25T16:27:22.710+02:00,3371,0.11786013400432231,0.3,0,0.12624,500.01336453520815
2026-08-25T16:27:22.966+02:00,3372,0.13124587371082952,0.3,0,0.142759,499.9062085449464
2026-08-25T16:27:23.223+02:00,3373,0.15428199228629236,0.3,0,0.129166,499.88427088869037
2026-08-25T16:27:23.480+02:00,3374,0.14359899212166383,0.3,0,0.128111,499.96604954890836
2026-08-25T16:27:23.737+02:00,3375,0.1374507759162242,0.3,0,0.126333,499.9248282372615
2026-08-25T16:27:23.994+02:00,3376,0.11091936512553102,0.3,0,0.12787,499.9411565371046
2026-08-25T16:27:24.251+02:00,3377,0.1410427382432756,0.3,0,0.125815,499.95099496111914
2026-08-25T16:27:24.507+02:00,3378,0.13385834541065558,0.3,0,0.127425,499.9359058545216
2026-08-25T16:27:24.764+02:00,3379,0.09318769437884218,0.3,0,0.128926,499.9414812579004
2026-08-25T16:27:25.021+02:00,3380,0.12526116348272595,0.3,0,0.123926,499.9878447826305
2026-08-25T16:27:25.278+02:00,3381,0.13562030623796018,0.3,0,0.123647,499.93032860666693
2026-08-25T16:27:25.535+02:00,3382,0.14848658679716184,0.3,0,0.125074,499.91822991244817
2026-08-25T16:27:25.792+02:00,3383,0.11082416889329494,0.3,0,0.127129,499.9489520648046
2026-08-25T16:27:26.051+02:00,3384,0.1387418723709863,0.3,0,0.139,492.6536209740015
2026-08-25T16:27:26.308+02:00,3385,0.09699388760771928,0.3,0,0.136185,499.9653134247505
2026-08-25T16:27:26.565+02:00,3386,0.13225999321228565,0.3,0,0.149555,499.89177343646924
2026-08-25T16:27:26.823+02:00,3387,0.34222546322308744,0.3,1,0.27861,499.86987246313697
2026-08-25T16:27:27.081+02:00,3388,3.6745354682767926,0.3,1,0.229703,496.47399477960647
2026-08-25T16:27:27.338+02:00,3389,3.3706554366739474,0.3,1,0.206388,500.52002059333967
2026-08-25T16:27:27.595+02:00,3390,2.435083974513379,0.3,1,0.126815,499.93717718438097
2026-08-25T16:27:27.852+02:00,3391,3.3115950116907764,0.3,1,0.126204,499.9756645727421
2026-08-25T16:27:28.109+02:00,3392,1.7564547880377301,0.3,1,0.147018,499.8542413275512
2026-08-25T16:27:28.366+02:00,3393,1.395692861508363,0.3,1,0.133685,498.1868079264616
2026-08-25T16:27:28.624+02:00,3394,1.1934418807596139,0.3,1,0.270814,499.3055151700842
2026-08-25T16:27:28.880+02:00,3395,1.6133477078111962,0.3,1,0.124814,500.2365626527186
2026-08-25T16:27:29.137+02:00,3396,0.9916062714426417,0.3,1,0.126555,499.9370276137209
2026-08-25T16:27:29.395+02:00,3397,1.2267717093310755,0.3,1,0.309611,499.9769734980777
2026-08-25T16:27:29.652+02:00,3398,1.472676199602797,0.3,1,0.128426,501.1012548403071
2026-08-25T16:27:29.909+02:00,3399,1.5268593493664753,0.3,1,0.125482,499.9953465010634
2026-08-25T16:27:30.166+02:00,3400,0.8272970172959617,0.3,1,0.130258,498.7339442510137
2026-08-25T16:27:30.422+02:00,3401,1.1519616760582962,0.3,1,0.140111,500.8438390467527
2026-08-25T16:27:30.680+02:00,3402,0.9374478323932784,0.3,1,0.231462,498.13122345558327
2026-08-25T16:27:30.937+02:00,3403,1.9123542260109765,0.3,1,0.130777,500.0340219983578
2026-08-25T16:27:31.194+02:00,3404,1.293774972938473,0.3,1,0.247481,498.5015279600804
2026-08-25T16:27:31.451+02:00,3405,0.7543972089505503,0.3,1,0.126759,501.2950899438601
2026-08-25T16:27:31.709+02:00,3406,1.8373238413313497,0.3,1,0.239889,498.3577503214247
2026-08-25T16:27:31.966+02:00,3407,0.8168335290186803,0.3,1,0.126536,499.8883753187029
2026-08-25T16:27:32.222+02:00,3408,1.5370086206325908,0.3,1,0.148759,499.9649768583804
2026-08-25T16:27:32.479+02:00,3409,1.6078001728509743,0.3,1,0.131314,500.3026102025847
2026-08-25T16:27:32.737+02:00,3410,1.2851544089124556,0.3,1,0.223129,498.07532712394175
2026-08-25T16:27:32.994+02:00,3411,1.0339928612954548,0.3,1,0.133259,500.2704572341101
2026-08-25T16:27:33.251+02:00,3412,1.3989533425675955,0.3,1,0.154499,499.9427782050135
2026-08-25T16:27:33.507+02:00,3413,1.2855282932330894,0.3,1,0.124129,499.9669077032128
2026-08-25T16:27:33.765+02:00,3414,1.6213597810950755,0.3,1,0.318314,498.42663586591533
2026-08-25T16:27:34.022+02:00,3415,1.3730947100507411,0.3,1,0.124741,500.9789127921027
2026-08-25T16:27:34.280+02:00,3416,1.253232059060527,0.3,1,0.234629,499.12940434725436
2026-08-25T16:27:34.536+02:00,3417,1.510334147641231,0.3,1,0.123166,500.8885704082733
2026-08-25T16:27:34.794+02:00,3418,1.2463190289704944,0.3,1,0.362795,499.4746392020584
2026-08-25T16:27:35.052+02:00,3419,0.9611153727912823,0.3,1,0.135944,500.1923338012357
2026-08-25T16:27:35.309+02:00,3420,1.9364886534968757,0.3,1,0.240685,498.8237539431619
2026-08-25T16:27:35.566+02:00,3421,1.5202271863299377,0.3,1,0.12361,501.1575654574095
2026-08-25T16:27:35.823+02:00,3422,1.7931298300748182,0.3,1,0.149203,499.97495991284404
2026-08-25T16:27:36.081+02:00,3423,20.62526444882037,0.3,1,0.340333,498.46840284707565
2026-08-25T16:27:36.338+02:00,3424,1.2794170571713337,0.3,1,0.251851,499.8119329687144
2026-08-25T16:27:36.595+02:00,3425,1.1004348879249288,0.3,1,0.127963,501.47421969536157
2026-08-25T16:27:36.853+02:00,3426,1.4819251304724539,0.3,1,0.205333,498.5330840656606
2026-08-25T16:27:37.109+02:00,3427,1.4118753941829993,0.3,1,0.124,501.776149279528
2026-08-25T16:27:37.367+02:00,3428,5.087349234271467,0.3,1,0.236777,499.2713684805794
2026-08-25T16:27:37.624+02:00,3429,1.6973693398741858,0.3,1,0.130944,500.6200770963508
2026-08-25T16:27:37.881+02:00,3430,5.867642859098392,0.3,1,0.120814,499.96212688172886
2026-08-25T16:27:38.137+02:00,3431,2.2332878182470677,0.3,1,0.129352,498.9088470664878
2026-08-25T16:27:38.394+02:00,3432,0.6444600314261765,0.3,1,0.130296,500.62205049425916
2026-08-25T16:27:38.652+02:00,3433,10.896268476692725,0.3,1,0.230037,499.9759007678347
2026-08-25T16:27:38.909+02:00,3434,4.5116793493796505,0.3,1,0.123777,500.1324327018445
2026-08-25T16:27:39.165+02:00,3435,3.2633045462896937,0.3,1,0.130889,498.3942463376201
2026-08-25T16:27:39.422+02:00,3436,4.395400568675162,0.3,1,0.12661,501.1676654169645
2026-08-25T16:27:39.679+02:00,3437,4.838480199349918,0.3,1,0.154426,500.0240188662341
2026-08-25T16:27:39.936+02:00,3438,53.06280788188277,0.3,1,0.127685,501.15766828946295
2026-08-25T16:27:40.193+02:00,3439,5.596022061496872,0.3,1,0.134407,498.3433223745865
2026-08-25T16:27:40.450+02:00,3440,4.064715235177744,0.3,1,0.122315,501.2787344273775
2026-08-25T16:27:40.706+02:00,3441,6.431366806899334,0.3,1,0.146259,498.80060057320924
2026-08-25T16:27:40.963+02:00,3442,4.591230673854227,0.3,1,0.14887,500.7057486947869
2026-08-25T16:27:41.220+02:00,3443,4.916958744753913,0.3,1,0.132722,499.1599099408052
2026-08-25T16:27:41.477+02:00,3444,5.317751003758336,0.3,1,0.129648,500.0451615561477
2026-08-25T16:27:41.734+02:00,3445,4.1978564599666965,0.3,1,0.139093,498.64711344668456
2026-08-25T16:27:41.991+02:00,3446,5.821469147832356,0.3,1,0.129185,500.7941570073808
2026-08-25T16:27:42.248+02:00,3447,4.2395240847789255,0.3,1,0.238221,498.41658936704084
2026-08-25T16:27:42.506+02:00,3448,5.484969545619241,0.3,1,0.243666,499.8646744324206
2026-08-25T16:27:42.763+02:00,3449,16.613889288157452,0.3,1,0.278258,499.85611425236755
2026-08-25T16:27:43.020+02:00,3450,5.229132623900341,0.3,1,0.130018,500.1883445435412
2026-08-25T16:27:43.278+02:00,3451,4.8352250858966155,0.3,1,0.213278,499.8593545342667
2026-08-25T16:27:43.535+02:00,3452,6.62376256647849,0.3,1,0.130573,500.32018522091244
2026-08-25T16:27:43.792+02:00,3453,4.7806708534276865,0.3,1,0.126796,499.98256556425764
2026-08-25T16:27:44.049+02:00,3454,4.246969572896532,0.3,1,0.128611,499.93532923301774
2026-08-25T16:27:44.305+02:00,3455,6.253263575155397,0.3,1,0.127351,501.3323380593072
2026-08-25T16:27:44.563+02:00,3456,5.638829917166146,0.3,1,0.22137,499.4191185427128
2026-08-25T16:27:44.820+02:00,3457,6.560315179286846,0.3,1,0.125814,500.73111277054835
2026-08-25T16:27:45.078+02:00,3458,5.360019521185264,0.3,1,0.355814,499.9129501953568
2026-08-25T16:27:45.335+02:00,3459,5.871993603393993,0.3,1,0.128629,500.3364624839883
2026-08-25T16:27:45.592+02:00,3460,5.271798358238556,0.3,1,0.246092,499.4664007793665
2026-08-25T16:27:45.849+02:00,3461,4.763476982881381,0.3,1,0.122222,500.61283091279626
2026-08-25T16:27:46.107+02:00,3462,5.640295419957302,0.3,1,0.256333,499.5950585404206
2026-08-25T16:27:46.364+02:00,3463,5.197242374174429,0.3,1,0.125962,502.5628807424404
2026-08-25T16:27:46.622+02:00,3464,4.49309209822195,0.3,1,0.249906,498.2489257262713
2026-08-25T16:27:46.879+02:00,3465,5.138855019479526,0.3,1,0.1265,500.0549253246177
2026-08-25T16:27:47.136+02:00,3466,6.3176673217428485,0.3,1,0.129518,499.53093651447523
2026-08-25T16:27:47.392+02:00,3467,4.70649751896923,0.3,1,0.122462,500.23835767235937
2026-08-25T16:27:47.649+02:00,3468,5.899362867868031,0.3,1,0.134759,499.98284901338076
2026-08-25T16:27:47.906+02:00,3469,5.946788318366316,0.3,1,0.124703,500.1548136666926
2026-08-25T16:27:48.164+02:00,3470,5.207010590249943,0.3,1,0.325111,498.98273921483843
2026-08-25T16:27:48.421+02:00,3471,5.3639820080339105,0.3,1,0.126426,500.4366033512922
2026-08-25T16:27:48.678+02:00,3472,5.39332015355253,0.3,1,0.128148,499.9325169809658
2026-08-25T16:27:48.935+02:00,3473,5.963923942545159,0.3,1,0.25287,499.75316718747393
2026-08-25T16:27:49.192+02:00,3474,6.610475373147115,0.3,1,0.128629,498.9134392054186
2026-08-25T16:27:49.449+02:00,3475,5.982536900208895,0.3,1,0.127352,501.40622534263565
2026-08-25T16:27:49.706+02:00,3476,5.64365208993533,0.3,1,0.344906,499.93586649137535
2026-08-25T16:27:49.969+02:00,3477,3.665947111180703,0.3,1,3.705638,500.218396537341
2026-08-25T16:27:50.226+02:00,3478,0.9001615581157338,0.3,1,0.216925,500.01332122089684
2026-08-25T16:27:50.483+02:00,3479,0.6109460380865434,0.3,1,0.114296,500.04784709883637
2026-08-25T16:27:50.740+02:00,3480,0.34125827882744125,0.3,1,0.122074,499.9692873179917
2026-08-25T16:27:50.997+02:00,3481,0.42593899375581135,0.3,1,0.12587,499.9290868296141
2026-08-25T16:27:51.254+02:00,3482,0.2587545077905135,0.3,0,0.129981,499.9405287261469
2026-08-25T16:27:51.511+02:00,3483,0.33825113517988176,0.3,1,0.13424,499.9529571805994
2026-08-25T16:27:51.767+02:00,3484,0.2233416743424043,0.3,0,0.127056,499.9480723206351
2026-08-25T16:27:52.024+02:00,3485,0.1675045738387079,0.3,0,0.127648,499.9544490270264
2026-08-25T16:27:52.281+02:00,3486,0.14786012836074272,0.3,0,0.129666,499.9611919857946
2026-08-25T16:27:52.538+02:00,3487,0.12111473761394564,0.3,0,0.128481,499.95255372050144
2026-08-25T16:27:52.795+02:00,3488,0.07933378031243905,0.3,0,0.125611,499.9247829766614
2026-08-25T16:27:53.052+02:00,3489,0.43955209582651844,0.3,1,0.127277,499.94971174708894
2026-08-25T16:27:53.308+02:00,3490,0.18230274920357914,0.3,0,0.130092,499.8910729429039
2026-08-25T16:27:53.565+02:00,3491,0.13269627689571747,0.3,0,0.127315,499.84418242768226
2026-08-25T16:27:53.822+02:00,3492,0.12066557660637149,0.3,0,0.125573,499.95838338802906
2026-08-25T16:27:54.079+02:00,3493,0.16429163723710719,0.3,0,0.243647,499.90029154319313
2026-08-25T16:27:54.336+02:00,3494,0.1223858717908195,0.3,0,0.127704,500.0181640480215
2026-08-25T16:27:54.593+02:00,3495,0.14450835302572843,0.3,0,0.113574,499.95193178791783
2026-08-25T16:27:54.850+02:00,3496,0.0719411296651371,0.3,0,0.124759,499.9672757637879
2026-08-25T16:27:55.107+02:00,3497,0.1426125216575748,0.3,0,0.130222,499.9271484088357
2026-08-25T16:27:55.364+02:00,3498,0.09756171966593463,0.3,0,0.141647,499.9538979456221
2026-08-25T16:27:55.621+02:00,3499,0.12604240359231925,0.3,0,0.217796,499.94919611057145
2026-08-25T16:27:55.878+02:00,3500,0.08849308272534717,0.3,0,0.128592,499.94296319835496
2026-08-25T16:27:56.135+02:00,3501,0.09838056074473224,0.3,0,0.126314,499.92113251645947
2026-08-25T16:27:56.392+02:00,3502,0.07509354671862194,0.3,0,0.236352,499.76961604514645
2026-08-25T16:27:56.650+02:00,3503,0.10066255601552021,0.3,0,0.126277,500.27009267002705
2026-08-25T16:27:56.906+02:00,3504,0.08754059903119564,0.3,0,0.149092,499.93038961175114
2026-08-25T16:27:57.163+02:00,3505,0.09128543670244411,0.3,0,0.113741,499.9487552531829
2026-08-25T16:27:57.420+02:00,3506,0.11119460038235236,0.3,0,0.131241,499.9518550327432
2026-08-25T16:27:57.677+02:00,3507,0.07624846446135525,0.3,0,0.129426,499.83670885448134
2026-08-25T16:27:57.934+02:00,3508,0.1138464184158412,0.3,0,0.145388,499.8701538089857
2026-08-25T16:27:58.191+02:00,3509,0.08368765997114617,0.3,0,0.127815,500.26673277231356
2026-08-25T16:27:58.447+02:00,3510,0.09518443368351844,0.3,0,0.13037,499.904404103637
2026-08-25T16:27:58.704+02:00,3511,0.10701530975584635,0.3,0,0.154296,499.9153725938715
2026-08-25T16:27:58.962+02:00,3512,0.08407453641718758,0.3,0,0.249888,499.82989451053606
2026-08-25T16:27:59.219+02:00,3513,0.10016992062435526,0.3,0,0.127908,500.00583471132006
2026-08-25T16:27:59.476+02:00,3514,0.07229238084172766,0.3,0,0.125056,499.93293615952496
2026-08-25T16:27:59.733+02:00,3515,0.10938946941551819,0.3,0,0.128666,499.93909600110493
2026-08-25T16:27:59.990+02:00,3516,0.12332923769556141,0.3,0,0.233296,499.9279434634495
2026-08-25T16:28:00.247+02:00,3517,0.09909392732849298,0.3,0,0.130222,499.93985959840535
2026-08-25T16:28:00.504+02:00,3518,0.06433891284202368,0.3,0,0.267166,499.9205795469062
2026-08-25T16:28:00.761+02:00,3519,0.06927777388774851,0.3,0,0.126129,500.08327370796997
2026-08-25T16:28:01.018+02:00,3520,0.08425398975045262,0.3,0,0.126093,499.9172263038816
2026-08-25T16:28:01.275+02:00,3521,0.05439703317104253,0.3,0,0.144407,499.9373798863825
2026-08-25T16:28:01.531+02:00,3522,0.09388116447487027,0.3,0,0.126944,499.9649335667727
2026-08-25T16:28:01.789+02:00,3523,0.11977842906716529,0.3,0,0.256962,499.9317297943265
2026-08-25T16:28:02.046+02:00,3524,0.08402752190424027,0.3,0,0.237092,499.9107403440857
2026-08-25T16:28:02.303+02:00,3525,0.10044775914733028,0.3,0,0.121907,500.04235988657075
2026-08-25T16:28:02.560+02:00,3526,0.08403159887656086,0.3,0,0.127147,499.95002467941026
2026-08-25T16:28:02.817+02:00,3527,0.09813821920832251,0.3,0,0.128852,499.90975447643774
2026-08-25T16:28:03.074+02:00,3528,0.09303855231197337,0.3,0,0.121333,499.94670843725504
2026-08-25T16:28:03.330+02:00,3529,0.10186696968699849,0.3,0,0.141999,499.98082159623044
2026-08-25T16:28:03.587+02:00,3530,0.08231597422908006,0.3,0,0.127759,499.8933180468219
2026-08-25T16:28:03.844+02:00,3531,0.09567808408430016,0.3,0,0.144852,499.9168583169925
2026-08-25T16:28:04.101+02:00,3532,0.07943369769328375,0.3,0,0.160815,499.9846107117036
2026-08-25T16:28:04.358+02:00,3533,0.060884264271887055,0.3,0,0.138018,499.9760090230983
2026-08-25T16:28:04.615+02:00,3534,0.07824657081493643,0.3,0,0.129758,499.8475543654955
2026-08-25T16:28:04.872+02:00,3535,0.07703501395165535,0.3,0,0.135092,499.9940512576846
2026-08-25T16:28:05.129+02:00,3536,0.09552103475700797,0.3,0,0.128426,499.93835799458174
2026-08-25T16:28:05.385+02:00,3537,0.08845128131907092,0.3,0,0.13111,499.9444431858142
2026-08-25T16:28:05.642+02:00,3538,0.12637470757609007,0.3,0,0.136074,499.9187868142807
2026-08-25T16:28:05.899+02:00,3539,0.10948076463892216,0.3,0,0.137241,499.98271516216704
2026-08-25T16:28:06.156+02:00,3540,0.08723175127111205,0.3,0,0.131611,499.94364021014155
2026-08-25T16:28:06.413+02:00,3541,0.07063008271595865,0.3,0,0.128185,499.9506013348139
2026-08-25T16:28:06.669+02:00,3542,0.09786428148548794,0.3,0,0.12987,499.93802737117267
2026-08-25T16:28:06.926+02:00,3543,0.08557707528081515,0.3,0,0.129093,499.9210459341185
2026-08-25T16:28:07.183+02:00,3544,0.1008174231999807,0.3,0,0.128074,499.95450020721796
2026-08-25T16:28:07.440+02:00,3545,0.09154558364189332,0.3,0,0.129203,499.9542069523088
2026-08-25T16:28:07.697+02:00,3546,0.08830729389871698,0.3,0,0.180555,499.82044638672085
2026-08-25T16:28:07.954+02:00,3547,0.06485013316148273,0.3,0,0.133371,500.0368846127431
2026-08-25T16:28:08.211+02:00,3548,0.07033313847914702,0.3,0,0.126981,499.9916773079484
2026-08-25T16:28:08.467+02:00,3549,0.06400616472024856,0.3,0,0.133092,499.8889380595326
2026-08-25T16:28:08.724+02:00,3550,0.08020579026886347,0.3,0,0.125796,499.95887149105636
2026-08-25T16:28:08.982+02:00,3551,0.07629737433361627,0.3,0,0.20937,499.89280054377355
2026-08-25T16:28:09.239+02:00,3552,0.07768016389905814,0.3,0,0.155481,499.9360199990893
2026-08-25T16:28:09.496+02:00,3553,0.06909398084618035,0.3,0,0.129926,499.97458003304723
2026-08-25T16:28:09.752+02:00,3554,0.10941561600742726,0.3,0,0.137926,499.96058184612554
2026-08-25T16:28:10.009+02:00,3555,0.13737395876874578,0.3,0,0.132259,499.9289864699444
2026-08-25T16:28:10.266+02:00,3556,0.08447272105001667,0.3,0,0.13874,499.8052530492799
2026-08-25T16:28:10.523+02:00,3557,0.06622233047088925,0.3,0,0.129852,500.07614939162255
2026-08-25T16:28:10.780+02:00,3558,0.07598602989524395,0.3,0,0.127722,499.9498672322889
2026-08-25T16:28:11.037+02:00,3559,0.09797761974783196,0.3,0,0.136,499.9027098818066
2026-08-25T16:28:11.294+02:00,3560,0.07179957161743629,0.3,0,0.137426,499.4346812338869
2026-08-25T16:28:11.550+02:00,3561,0.1478231715734483,0.3,0,0.15437,500.03749690117377
2026-08-25T16:28:11.807+02:00,3562,0.07325241591114184,0.3,0,0.126167,499.899718933859
2026-08-25T16:28:12.064+02:00,3563,0.0862158374085281,0.3,0,0.175926,499.80976925736354
2026-08-25T16:28:12.321+02:00,3564,0.07425319450271411,0.3,0,0.129296,500.23744538372733
2026-08-25T16:28:12.578+02:00,3565,0.10853805190427934,0.3,0,0.12613,499.93874766381646
2026-08-25T16:28:12.835+02:00,3566,0.08490011065606629,0.3,0,0.133814,499.9498632943222
2026-08-25T16:28:13.092+02:00,3567,0.10187892896047653,0.3,0,0.223129,499.7741807777482
2026-08-25T16:28:13.349+02:00,3568,0.08927651623145012,0.3,0,0.125648,500.10579206392504
2026-08-25T16:28:13.607+02:00,3569,0.09132163631896846,0.3,0,0.231444,499.9060944068326
2026-08-25T16:28:13.864+02:00,3570,0.1906797387195769,0.3,0,0.113444,500.0227648135197
2026-08-25T16:28:14.120+02:00,3571,0.10134314002518134,0.3,0,0.126926,499.894650156452
2026-08-25T16:28:14.377+02:00,3572,0.12846701291483628,0.3,0,0.135555,499.8817523806105
2026-08-25T16:28:14.634+02:00,3573,0.07123173183478715,0.3,0,0.145388,499.9661892985349
2026-08-25T16:28:14.892+02:00,3574,0.13015008769219127,0.3,0,0.275166,499.9505167112536
2026-08-25T16:28:15.149+02:00,3575,0.11402772596244994,0.3,0,0.126147,500.0757417855553
2026-08-25T16:28:15.405+02:00,3576,0.06838544839822706,0.3,0,0.128944,499.93167271943594
2026-08-25T16:28:15.662+02:00,3577,0.08714706337244671,0.3,0,0.193925,499.94326233970816
2026-08-25T16:28:15.919+02:00,3578,0.08505958692931474,0.3,0,0.150777,499.97329670510436
2026-08-25T16:28:16.176+02:00,3579,0.03763807941043481,0.3,0,0.132796,499.68157496853667
2026-08-25T16:28:16.434+02:00,3580,0.08021729896034624,0.3,0,0.357222,499.94963893055916
2026-08-25T16:28:16.692+02:00,3581,0.06655365041763817,0.3,0,0.267018,500.0179140263595
2026-08-25T16:28:16.951+02:00,3582,0.07209365351487894,0.3,0,0.434369,501.15435182771836
2026-08-25T16:28:17.208+02:00,3583,0.09448142170521501,0.3,0,0.244759,500.33385860087844
2026-08-25T16:28:17.466+02:00,3584,0.08344749133810199,0.3,0,0.225759,500.15243424897034
2026-08-25T16:28:17.723+02:00,3585,0.12925646499305785,0.3,0,0.252055,499.76459513735364
2026-08-25T16:28:17.981+02:00,3586,0.09004593120528614,0.3,0,0.240055,499.9751528138934
2026-08-25T16:28:18.238+02:00,3587,0.10308863224277125,0.3,0,0.228629,499.9996082714572
2026-08-25T16:28:18.496+02:00,3588,0.09709847630289703,0.3,0,0.304962,500.0186030583038
2026-08-25T16:28:18.754+02:00,3589,0.06998382960728182,0.3,0,0.251406,500.29221004384914
2026-08-25T16:28:19.013+02:00,3590,0.07986558521380378,0.3,0,0.23824,493.70542493614704
2026-08-25T16:28:19.271+02:00,3591,0.06755020061033257,0.3,0,0.26324,499.75504919217315
2026-08-25T16:28:19.529+02:00,3592,0.1124087684176603,0.3,0,0.240444,499.79540658604907
2026-08-25T16:28:19.787+02:00,3593,0.06581144166043391,0.3,0,0.294425,500.1196053708215
2026-08-25T16:28:20.045+02:00,3594,0.0910195565257419,0.3,0,0.251629,500.15516624634006
2026-08-25T16:28:20.302+02:00,3595,0.08219286156204486,0.3,0,0.236999,500.059798483934
2026-08-25T16:28:20.560+02:00,3596,0.10773461735958871,0.3,0,0.243796,499.53281684576046
2026-08-25T16:28:20.817+02:00,3597,0.10761839022822357,0.3,0,0.23237,500.08659964234784
2026-08-25T16:28:21.075+02:00,3598,0.10451591915600145,0.3,0,0.273666,499.9437642029175
2026-08-25T16:28:21.332+02:00,3599,0.09294754211619664,0.3,0,0.234277,500.2005075391301
2026-08-25T16:28:21.590+02:00,3600,0.06055143468477967,0.3,0,0.225259,499.3698954613847
2026-08-25T16:28:21.848+02:00,3601,0.08919290863831075,0.3,0,0.280518,500.05101111160525
2026-08-25T16:28:22.106+02:00,3602,0.08691024213412923,0.3,0,0.306999,500.15749841668963
2026-08-25T16:28:22.363+02:00,3603,0.09307553490849403,0.3,0,0.23724,500.2198801127649
2026-08-25T16:28:22.621+02:00,3604,0.09058233499320717,0.3,0,0.276351,499.70017006266033
2026-08-25T16:28:22.879+02:00,3605,0.18463059989221028,0.3,0,0.298611,499.8348144333891
2026-08-25T16:28:23.136+02:00,3606,0.1495158092673563,0.3,0,0.232629,500.0622380575944
2026-08-25T16:28:23.394+02:00,3607,0.07101543638726467,0.3,0,0.130648,500.0058721160606
2026-08-25T16:28:23.651+02:00,3608,0.1594426343745965,0.3,0,0.278536,499.6372240330242
2026-08-25T16:28:23.909+02:00,3609,0.09791829658426583,0.3,0,0.228258,500.06424250363506
2026-08-25T16:28:24.167+02:00,3610,0.13862267627665462,0.3,0,0.366647,499.868548344614
2026-08-25T16:28:24.424+02:00,3611,0.07356582602781388,0.3,0,0.201203,500.067997432342
2026-08-25T16:28:24.682+02:00,3612,0.11413939481076696,0.3,0,0.419092,499.8971884658643
2026-08-25T16:28:24.940+02:00,3613,0.0862305260964688,0.3,0,0.232722,500.1832502031625
2026-08-25T16:28:25.197+02:00,3614,0.10386976070517194,0.3,0,0.236481,499.8112779532443
2026-08-25T16:28:25.455+02:00,3615,0.10704531575081588,0.3,0,0.264759,499.7403298078367
2026-08-25T16:28:25.713+02:00,3616,0.10630172859506819,0.3,0,0.26174,498.2772143748452
2026-08-25T16:28:25.970+02:00,3617,0.11103737974155574,0.3,0,0.256499,500.0508220915733
2026-08-25T16:28:26.228+02:00,3618,0.08566130682119304,0.3,0,0.238185,499.89492563169944
2026-08-25T16:28:26.486+02:00,3619,0.06079678316294801,0.3,0,0.307888,499.9868034926414
2026-08-25T16:28:26.743+02:00,3620,0.08469317773508811,0.3,0,0.242203,500.21874329333303
2026-08-25T16:28:27.001+02:00,3621,0.06867163722167509,0.3,0,0.263962,500.089581006466
2026-08-25T16:28:27.259+02:00,3622,0.07880989632696189,0.3,0,0.264018,499.59805370154646
2026-08-25T16:28:27.516+02:00,3623,0.08186140736188996,0.3,0,0.216222,500.0086733767793
2026-08-25T16:28:27.773+02:00,3624,0.08806300454221094,0.3,0,0.142648,500.095815604949
2026-08-25T16:28:28.031+02:00,3625,0.07630360146548786,0.3,0,0.220463,499.8961987217035
2026-08-25T16:28:28.289+02:00,3626,0.07390174239249776,0.3,0,0.311648,495.98278353782626
2026-08-25T16:28:28.547+02:00,3627,0.13301955500690768,0.3,0,0.145648,508.84242730734644
2026-08-25T16:28:28.804+02:00,3628,0.14221572615593145,0.3,0,0.134777,499.98228016053895
2026-08-25T16:28:29.061+02:00,3629,0.08644958450456641,0.3,0,0.144463,499.9672993860747
2026-08-25T16:28:29.318+02:00,3630,0.06049909706187565,0.3,0,0.247555,499.64198487690317
2026-08-25T16:28:29.579+02:00,3631,0.08825124122741605,0.3,0,0.493517,494.43847620787096
2026-08-25T16:28:29.837+02:00,3632,0.1294283147550551,0.3,0,0.30674,500.4786526603045
2026-08-25T16:28:30.094+02:00,3633,0.08918453212986217,0.3,0,0.209685,500.11747444593396
2026-08-25T16:28:30.352+02:00,3634,0.062056785853037866,0.3,0,0.315462,499.97593422971926
2026-08-25T16:28:30.611+02:00,3635,0.08361829416473517,0.3,0,0.26787,496.42671464222457
2026-08-25T16:28:30.868+02:00,3636,0.07657839959050947,0.3,0,0.263925,500.14264107733396
2026-08-25T16:28:31.126+02:00,3637,0.10209380550767584,0.3,0,0.302463,499.99219106994235
2026-08-25T16:28:31.384+02:00,3638,0.10631879722047059,0.3,0,0.229925,500.1224689651956
2026-08-25T16:28:31.641+02:00,3639,0.0740755679844842,0.3,0,0.141648,500.0701023480129
2026-08-25T16:28:31.898+02:00,3640,0.11064242389614876,0.3,0,0.13363,499.95479345531106
2026-08-25T16:28:32.155+02:00,3641,0.0890731398721306,0.3,0,0.15063,499.9538822078216
2026-08-25T16:28:32.412+02:00,3642,0.06118376598454724,0.3,0,0.296184,499.95245924410096
2026-08-25T16:28:32.670+02:00,3643,0.08466202984005496,0.3,0,0.261518,499.98278602625027
2026-08-25T16:28:32.928+02:00,3644,0.06789195587765162,0.3,0,0.25087,499.8093011098765
2026-08-25T16:28:33.186+02:00,3645,0.08717661033637492,0.3,0,0.305259,499.9682776041899
2026-08-25T16:28:33.444+02:00,3646,0.10272930611151161,0.3,0,0.298962,502.1673642263689
2026-08-25T16:28:33.701+02:00,3647,0.08301665388069919,0.3,0,0.255703,500.08975429511736
2026-08-25T16:28:33.959+02:00,3648,0.08480846680444971,0.3,0,0.243296,500.0882222539482
2026-08-25T16:28:34.217+02:00,3649,0.1093646210760603,0.3,0,0.292722,499.88015669106375
2026-08-25T16:28:34.474+02:00,3650,0.07824547224526014,0.3,0,0.136333,500.16473930014706
2026-08-25T16:28:34.731+02:00,3651,0.096536560985097,0.3,0,0.133851,499.9985295359834
2026-08-25T16:28:34.988+02:00,3652,0.10377667397203116,0.3,0,0.181833,499.88292702363935
2026-08-25T16:28:35.245+02:00,3653,0.0776691212988105,0.3,0,0.164092,500.10408465558737
2026-08-25T16:28:35.502+02:00,3654,0.08867562458048923,0.3,0,0.127481,500.05718960753313
2026-08-25T16:28:35.758+02:00,3655,0.0797248485235615,0.3,0,0.151741,499.9127671929172
2026-08-25T16:28:36.015+02:00,3656,0.10344368554930351,0.3,0,0.130611,499.95628335082307
2026-08-25T16:28:36.272+02:00,3657,0.06145328465041189,0.3,0,0.126573,499.9617115995308
2026-08-25T16:28:36.529+02:00,3658,0.10652584483187355,0.3,0,0.126204,499.9162659968349
2026-08-25T16:28:36.786+02:00,3659,0.10745602907157448,0.3,0,0.124777,499.94232161471115
2026-08-25T16:28:37.043+02:00,3660,0.08603605668044616,0.3,0,0.127833,499.9547127683747
2026-08-25T16:28:37.299+02:00,3661,0.10783587161832149,0.3,0,0.127907,499.9329538720164
2026-08-25T16:28:37.556+02:00,3662,0.08707081608540317,0.3,0,0.125981,499.9536558642781
2026-08-25T16:28:37.813+02:00,3663,0.07099241539339886,0.3,0,0.125722,499.95114060214996
2026-08-25T16:28:38.070+02:00,3664,0.09022493419479138,0.3,0,0.127499,499.92857910374323
2026-08-25T16:28:38.327+02:00,3665,0.06634505242629866,0.3,0,0.128833,499.9283232723808
2026-08-25T16:28:38.584+02:00,3666,0.05816919016508707,0.3,0,0.140259,499.960140975817
2026-08-25T16:28:38.840+02:00,3667,0.12143989322487243,0.3,0,0.126981,499.95332719680556
2026-08-25T16:28:39.097+02:00,3668,0.08079736175310577,0.3,0,0.130592,499.922820971172
2026-08-25T16:28:39.354+02:00,3669,0.10560118947746729,0.3,0,0.124333,499.9561298378251
2026-08-25T16:28:39.611+02:00,3670,0.1242818221684302,0.3,0,0.12787,499.9569682748431
2026-08-25T16:28:39.868+02:00,3671,0.08449920660184877,0.3,0,0.160055,499.9396568872334
2026-08-25T16:28:40.125+02:00,3672,0.10107999717473633,0.3,0,0.154074,499.96914166638805
2026-08-25T16:28:40.382+02:00,3673,0.08516945415226711,0.3,0,0.130685,499.98084325056993
2026-08-25T16:28:40.639+02:00,3674,0.10120473916037535,0.3,0,0.12937,499.91210599991246
2026-08-25T16:28:40.895+02:00,3675,0.10409794020195189,0.3,0,0.130815,499.9581334261472
2026-08-25T16:28:41.152+02:00,3676,0.07816256868897191,0.3,0,0.129092,499.9688857935093
2026-08-25T16:28:41.409+02:00,3677,0.075477107564707,0.3,0,0.129166,499.9300334112863
2026-08-25T16:28:41.666+02:00,3678,0.08961421749330493,0.3,0,0.129055,499.9483281793704
2026-08-25T16:28:41.923+02:00,3679,0.11562146495161363,0.3,0,0.12937,499.97581022098564
2026-08-25T16:28:42.180+02:00,3680,0.06733839505292469,0.3,0,0.127222,499.9571473715639
2026-08-25T16:28:42.436+02:00,3681,0.08604851394525896,0.3,0,0.127981,499.95182551207927
2026-08-25T16:28:42.693+02:00,3682,0.0972609817911911,0.3,0,0.127407,499.9625421789374
2026-08-25T16:28:42.950+02:00,3683,0.1166366111837065,0.3,0,0.128333,499.9313794984651
2026-08-25T16:28:43.207+02:00,3684,0.1135300812499039,0.3,0,0.135556,499.93648247735564
2026-08-25T16:28:43.464+02:00,3685,0.059638873346026244,0.3,0,0.128129,499.9713244802015
2026-08-25T16:28:43.721+02:00,3686,0.08141864214432608,0.3,0,0.127685,499.96756903402866
2026-08-25T16:28:43.977+02:00,3687,0.08977802673402469,0.3,0,0.128259,499.93148773445
2026-08-25T16:28:44.234+02:00,3688,0.06085831164848767,0.3,0,0.119573,499.96822445921
2026-08-25T16:28:44.491+02:00,3689,0.07467927782378642,0.3,0,0.138796,499.9725999285304
2026-08-25T16:28:44.748+02:00,3690,0.08694378157721168,0.3,0,0.12437,499.8961396935237
2026-08-25T16:28:45.005+02:00,3691,0.09473420258271907,0.3,0,0.272351,499.5733918628113
2026-08-25T16:28:45.267+02:00,3692,0.10741918264715415,0.3,0,0.131314,500.18814360167295
2026-08-25T16:28:45.525+02:00,3693,0.07619169691868673,0.3,0,0.215666,499.95524810652876
2026-08-25T16:28:45.782+02:00,3694,0.13529323432111448,0.3,0,0.141647,499.8538006304526
2026-08-25T16:28:46.039+02:00,3695,0.07116800750900636,0.3,0,0.128593,499.9958543625609
2026-08-25T16:28:46.295+02:00,3696,0.1163970410970161,0.3,0,0.129093,499.9433646883613
2026-08-25T16:28:46.552+02:00,3697,0.08434986116272232,0.3,0,0.129389,499.9728518668819
2026-08-25T16:28:46.809+02:00,3698,0.09668418826380094,0.3,0,0.127259,499.9395388103605
2026-08-25T16:28:47.066+02:00,3699,0.1069088687388875,0.3,0,0.126555,499.8881195284863
2026-08-25T16:28:47.323+02:00,3700,0.10745868101547651,0.3,0,0.128277,499.96493946691857
2026-08-25T16:28:47.580+02:00,3701,0.1117498886199918,0.3,0,0.126592,499.93410710539547
2026-08-25T16:28:47.836+02:00,3702,0.09188496818741321,0.3,0,0.128629,499.9713540031682
2026-08-25T16:28:48.093+02:00,3703,0.08108186604384231,0.3,0,0.126277,499.9739422994377
2026-08-25T16:28:48.350+02:00,3704,0.07737071742207598,0.3,0,0.1305,499.9324284258353
2026-08-25T16:28:48.607+02:00,3705,0.07215663226400852,0.3,0,0.128333,499.91890881883035
2026-08-25T16:28:48.864+02:00,3706,0.12354540216574052,0.3,0,0.248481,499.63708054135077
2026-08-25T16:28:49.122+02:00,3707,0.12150467235149975,0.3,0,0.237499,500.05261380150233
2026-08-25T16:28:49.379+02:00,3708,0.09599596807604686,0.3,0,0.203092,499.93042306754415
2026-08-25T16:28:49.636+02:00,3709,0.11102549648943565,0.3,0,0.130055,499.9818136519053
2026-08-25T16:28:49.893+02:00,3710,0.07927706764972957,0.3,0,0.16437,499.91916267897494
2026-08-25T16:28:50.150+02:00,3711,0.45114347653851183,0.3,1,0.151981,501.0283211761378
2026-08-25T16:28:50.407+02:00,3712,0.11595287767402358,0.3,0,0.128388,499.93978677758577
2026-08-25T16:28:50.664+02:00,3713,0.06986636366385834,0.3,0,0.127741,499.92382657098017
2026-08-25T16:28:50.921+02:00,3714,0.0857030017807024,0.3,0,0.12963,499.93946008293005
2026-08-25T16:28:51.178+02:00,3715,0.07070033408383065,0.3,0,0.12687,499.9220023291605
2026-08-25T16:28:51.434+02:00,3716,0.08719316287904426,0.3,0,0.13613,499.9591765657776
2026-08-25T16:28:51.691+02:00,3717,0.10352877948945478,0.3,0,0.126685,499.95764532456104
2026-08-25T16:28:51.948+02:00,3718,0.09850277150070956,0.3,0,0.125814,499.87116902442597
2026-08-25T16:28:52.205+02:00,3719,0.10611810169895529,0.3,0,0.114629,499.96183559411054
2026-08-25T16:28:52.462+02:00,3720,0.08844522472346801,0.3,0,0.126073,499.95148502587614
2026-08-25T16:28:52.718+02:00,3721,0.1302679897848933,0.3,0,0.152777,499.92258481906873
2026-08-25T16:28:52.975+02:00,3722,0.11463689732564852,0.3,0,0.144389,499.9410974911473
2026-08-25T16:28:53.232+02:00,3723,0.2177859092111705,0.3,0,0.124962,500.00535636369165
2026-08-25T16:28:53.489+02:00,3724,0.16251624922397245,0.3,0,0.128037,499.872988965679
2026-08-25T16:28:53.746+02:00,3725,0.07554645338124089,0.3,0,0.178036,499.9457243966884
2026-08-25T16:28:54.003+02:00,3726,0.10777651786199167,0.3,0,0.12887,500.01210068856665
2026-08-25T16:28:54.260+02:00,3727,0.1652252638251105,0.3,0,0.233148,499.9335501694293
2026-08-25T16:28:54.518+02:00,3728,1.1317831031609822,0.3,1,0.224981,499.93508127021425
2026-08-25T16:28:54.775+02:00,3729,0.14550780700433089,0.3,0,0.111667,500.1378667396104
2026-08-25T16:28:55.032+02:00,3730,0.06824048514337529,0.3,0,0.127611,499.9381789041627
2026-08-25T16:28:55.289+02:00,3731,0.10063261129125116,0.3,0,0.161259,499.8936466425579
2026-08-25T16:28:55.545+02:00,3732,0.09199508906883376,0.3,0,0.140592,499.9772864645277
2026-08-25T16:28:55.802+02:00,3733,0.14671672975553737,0.3,0,0.148185,499.7494661489411
2026-08-25T16:28:56.060+02:00,3734,0.061033081496814155,0.3,0,0.260406,499.9071648760598
2026-08-25T16:28:56.317+02:00,3735,0.0929946392303473,0.3,0,0.137092,499.99459848894014
2026-08-25T16:28:56.574+02:00,3736,0.10288697120175654,0.3,0,0.127925,499.95093198201425
2026-08-25T16:28:56.830+02:00,3737,0.06761297602416468,0.3,0,0.153277,499.88220296209204
2026-08-25T16:28:57.087+02:00,3738,0.07750453284718826,0.3,0,0.13063,499.9422940640967
2026-08-25T16:28:57.344+02:00,3739,0.07666263497778898,0.3,0,0.129259,499.9563975046961
2026-08-25T16:28:57.601+02:00,3740,0.19711074538241988,0.3,0,0.127074,499.9853390084751
2026-08-25T16:28:57.858+02:00,3741,0.20365407686826398,0.3,0,0.266666,499.9127002789029
2026-08-25T16:28:58.115+02:00,3742,0.11814228238172075,0.3,0,0.142999,500.0318563637144
2026-08-25T16:28:58.372+02:00,3743,0.11485296387286055,0.3,0,0.127203,499.9746193951294
2026-08-25T16:28:58.629+02:00,3744,0.10125951432227749,0.3,0,0.125907,499.83651409931247
2026-08-25T16:28:58.886+02:00,3745,0.08952042046062658,0.3,0,0.129296,499.9469938075244
2026-08-25T16:28:59.143+02:00,3746,0.09358516245763789,0.3,0,0.126981,499.96408525756146
2026-08-25T16:28:59.400+02:00,3747,0.0794259923958202,0.3,0,0.128055,499.9320486106664
2026-08-25T16:28:59.657+02:00,3748,0.10919357929462627,0.3,0,0.232073,499.9540632785079
2026-08-25T16:28:59.914+02:00,3749,0.11342295417296484,0.3,0,0.130444,500.0111813542966
2026-08-25T16:29:00.171+02:00,3750,0.07565531411355113,0.3,0,0.128555,499.9476472097953
2026-08-25T16:29:00.428+02:00,3751,0.07347837667008372,0.3,0,0.158018,499.8417567899303
2026-08-25T16:29:00.685+02:00,3752,0.11377949157180822,0.3,0,0.130629,499.97006281521624
2026-08-25T16:29:00.942+02:00,3753,0.11291321047804355,0.3,0,0.130258,499.94648014557004
2026-08-25T16:29:01.199+02:00,3754,0.07189225243888568,0.3,0,0.128074,499.9161597289999
2026-08-25T16:29:01.456+02:00,3755,0.08613877762208914,0.3,0,0.263407,499.96196943414515
2026-08-25T16:29:01.713+02:00,3756,0.10385247853865975,0.3,0,0.126481,500.11695845614076
2026-08-25T16:29:01.970+02:00,3757,0.06405398117407435,0.3,0,0.13237,499.89487643941305
2026-08-25T16:29:02.227+02:00,3758,0.07792715536612849,0.3,0,0.127204,499.94881035583904
2026-08-25T16:29:02.484+02:00,3759,0.09397684435787908,0.3,0,0.127926,499.986279902529
2026-08-25T16:29:02.740+02:00,3760,0.08759111046171293,0.3,0,0.125185,499.92031191122715
2026-08-25T16:29:02.997+02:00,3761,0.09246257928295587,0.3,0,0.12687,499.9334655516412
2026-08-25T16:29:03.255+02:00,3762,0.07482841012631174,0.3,0,0.257907,499.94746221298743
2026-08-25T16:29:03.512+02:00,3763,0.07459192747131049,0.3,0,0.132463,500.0031201003119
2026-08-25T16:29:03.768+02:00,3764,0.179960225205645,0.3,0,0.124907,499.9099965152688
2026-08-25T16:29:04.025+02:00,3765,0.10664778339267933,0.3,0,0.15,499.94789716119186
2026-08-25T16:29:04.282+02:00,3766,0.08744915559160422,0.3,0,0.140537,500.01507525597697
2026-08-25T16:29:04.539+02:00,3767,0.13946542576702706,0.3,0,0.128833,499.9079185325562
2026-08-25T16:29:04.796+02:00,3768,0.06933352936550104,0.3,0,0.126963,499.95788346451525
2026-08-25T16:29:05.053+02:00,3769,0.09858800013971702,0.3,0,0.258314,499.9478243451906
2026-08-25T16:29:05.310+02:00,3770,0.1033135970393116,0.3,0,0.14087,499.9994724418958
2026-08-25T16:29:05.567+02:00,3771,0.08124912710544478,0.3,0,0.128833,499.956460485178
2026-08-25T16:29:05.824+02:00,3772,0.10532430266031767,0.3,0,0.167833,499.94804280041785
2026-08-25T16:29:06.081+02:00,3773,0.103119293296011,0.3,0,0.131036,499.9999822811532
2026-08-25T16:29:06.338+02:00,3774,0.0830932285214962,0.3,0,0.130666,499.93772626003675
2026-08-25T16:29:06.595+02:00,3775,0.12043921021933575,0.3,0,0.130926,499.961815910495
2026-08-25T16:29:06.852+02:00,3776,0.07538941781093673,0.3,0,0.201222,499.9344082121718
2026-08-25T16:29:07.109+02:00,3777,0.09285028993980819,0.3,0,0.127259,499.94814908180814
2026-08-25T16:29:07.366+02:00,3778,0.12131957449997621,0.3,0,0.146203,499.9365946533078
2026-08-25T16:29:07.623+02:00,3779,0.0912071839964123,0.3,0,0.23687,499.96403998985284
2026-08-25T16:29:07.880+02:00,3780,0.11789537644876986,0.3,0,0.138352,499.9538330039312
2026-08-25T16:29:08.137+02:00,3781,0.07474933555855652,0.3,0,0.128184,499.966370378136
2026-08-25T16:29:08.394+02:00,3782,0.08400865687347399,0.3,0,0.125462,499.9625421717771
2026-08-25T16:29:08.651+02:00,3783,0.10241126427187226,0.3,0,0.236295,499.92551503673155
2026-08-25T16:29:08.908+02:00,3784,0.057355575318957054,0.3,0,0.125704,499.96199697976783
2026-08-25T16:29:09.165+02:00,3785,0.10171471881535277,0.3,0,0.1155,499.95765713166907
2026-08-25T16:29:09.422+02:00,3786,0.11335289690155011,0.3,0,0.12974,499.96662427932466
2026-08-25T16:29:09.679+02:00,3787,0.09900703223555733,0.3,0,0.128704,499.8970172792083
2026-08-25T16:29:09.935+02:00,3788,0.08532842713761209,0.3,0,0.142944,499.95488793259375
2026-08-25T16:29:10.192+02:00,3789,0.09676715623032493,0.3,0,0.130759,500.02170369690526
2026-08-25T16:29:10.450+02:00,3790,0.1012645998289771,0.3,0,0.205629,499.7049851880633
2026-08-25T16:29:10.707+02:00,3791,0.10220184515927382,0.3,0,0.125222,499.9944351057393
2026-08-25T16:29:10.964+02:00,3792,0.10736207867998875,0.3,0,0.159981,499.9417292342123
2026-08-25T16:29:11.220+02:00,3793,0.08303013111466108,0.3,0,0.126796,499.962904332987
2026-08-25T16:29:11.477+02:00,3794,0.08751325231220441,0.3,0,0.130944,499.94613769769364
2026-08-25T16:29:11.734+02:00,3795,0.10756164752383753,0.3,0,0.126444,499.9692459876131
2026-08-25T16:29:11.991+02:00,3796,0.11107412019478446,0.3,0,0.127444,499.95732844461537
2026-08-25T16:29:12.248+02:00,3797,0.057974081893452954,0.3,0,0.231407,499.70443663067465
2026-08-25T16:29:12.505+02:00,3798,0.09838630766516432,0.3,0,0.112111,500.04937298333135
2026-08-25T16:29:12.762+02:00,3799,0.13272454231425712,0.3,0,0.138018,499.97628065679913
2026-08-25T16:29:13.019+02:00,3800,0.12301666841221248,0.3,0,0.127741,499.9324697501271
2026-08-25T16:29:13.276+02:00,3801,1.225984345338073,0.3,1,0.139185,499.9637408164741
2026-08-25T16:29:13.533+02:00,3802,4.100151222117671,0.3,1,0.125241,499.98484495315085
2026-08-25T16:29:13.790+02:00,3803,0.15104576152484603,0.3,0,0.141259,499.9377892358146
2026-08-25T16:29:14.047+02:00,3804,0.08127376609870689,0.3,0,0.241685,499.910785609302
2026-08-25T16:29:14.304+02:00,3805,0.08886023748947325,0.3,0,0.13113,500.06629028206305
2026-08-25T16:29:14.561+02:00,3806,0.08690333299736375,0.3,0,0.137241,499.9732888284327
2026-08-25T16:29:14.818+02:00,3807,0.10455858637975297,0.3,0,0.129055,499.9373503745875
2026-08-25T16:29:15.074+02:00,3808,0.0638589456113156,0.3,0,0.145037,499.9498140912229
2026-08-25T16:29:15.331+02:00,3809,0.11191021292496946,0.3,0,0.126555,499.9343235940932
2026-08-25T16:29:15.588+02:00,3810,0.10565871874878852,0.3,0,0.125519,499.9205126379596
2026-08-25T16:29:15.845+02:00,3811,0.12411985170673938,0.3,0,0.132184,499.9308993101335
2026-08-25T16:29:16.102+02:00,3812,0.06396055114146144,0.3,0,0.16037,499.93694889424086
2026-08-25T16:29:16.359+02:00,3813,0.11618397559590282,0.3,0,0.127759,499.9339595125899
2026-08-25T16:29:16.616+02:00,3814,0.06312221695519533,0.3,0,0.251592,499.9277269802773
2026-08-25T16:29:16.873+02:00,3815,0.06730703522960184,0.3,0,0.128944,500.0628228513796
2026-08-25T16:29:17.130+02:00,3816,0.10984731683931086,0.3,0,0.128222,499.86723801859137
2026-08-25T16:29:17.386+02:00,3817,0.09609023715958909,0.3,0,0.167278,499.94456323394536
2026-08-25T16:29:17.644+02:00,3818,0.08521145648717014,0.3,0,0.233944,499.75260671971563
2026-08-25T16:29:17.901+02:00,3819,0.11339351289312476,0.3,0,0.14187,500.0541436618611
2026-08-25T16:29:18.158+02:00,3820,0.12420738377524465,0.3,0,0.129444,499.9338847246316
2026-08-25T16:29:18.415+02:00,3821,0.08833193069222707,0.3,0,0.14087,499.9607452072027
2026-08-25T16:29:18.671+02:00,3822,0.11026561833274424,0.3,0,0.127907,499.9580094334038
2026-08-25T16:29:18.928+02:00,3823,0.09772423245495436,0.3,0,0.132667,499.8900084481277
2026-08-25T16:29:19.185+02:00,3824,0.06265325209175872,0.3,0,0.129222,499.97156854781065
2026-08-25T16:29:19.442+02:00,3825,0.06793032709979514,0.3,0,0.129778,499.8178714871204
2026-08-25T16:29:19.699+02:00,3826,0.09586894650212156,0.3,0,0.127962,499.93180458164005
2026-08-25T16:29:19.956+02:00,3827,0.09757706552334426,0.3,0,0.115019,499.9663192026745
2026-08-25T16:29:20.212+02:00,3828,0.09100142845295511,0.3,0,0.128296,499.9846894461939
2026-08-25T16:29:20.469+02:00,3829,0.17187418751819952,0.3,0,0.127925,499.89835137713146
2026-08-25T16:29:20.726+02:00,3830,0.1288450088084797,0.3,0,0.150555,499.9389818622922
2026-08-25T16:29:20.983+02:00,3831,0.07882714388800904,0.3,0,0.128167,500.0199397748051
2026-08-25T16:29:21.240+02:00,3832,0.06438106701676549,0.3,0,0.237518,499.7998380364749
2026-08-25T16:29:21.497+02:00,3833,0.10396468840420862,0.3,0,0.158129,500.07896916268896
2026-08-25T16:29:21.754+02:00,3834,0.07029479854834975,0.3,0,0.124796,499.99540555983566
2026-08-25T16:29:22.011+02:00,3835,0.10352562056988364,0.3,0,0.127481,499.9604854047841
2026-08-25T16:29:22.268+02:00,3836,0.09535644415048046,0.3,0,0.127778,499.9106281868945
2026-08-25T16:29:22.525+02:00,3837,0.07989638152162011,0.3,0,0.129907,499.9567301214405
2026-08-25T16:29:22.781+02:00,3838,0.09653742268659204,0.3,0,0.124,499.9189737586076
2026-08-25T16:29:23.038+02:00,3839,0.09152079854917157,0.3,0,0.198944,499.9083691612101
2026-08-25T16:29:23.295+02:00,3840,0.12187374574392902,0.3,0,0.119871,500.0310924853606
2026-08-25T16:29:23.552+02:00,3841,0.08265371693904973,0.3,0,0.127907,499.9510795920013
2026-08-25T16:29:23.809+02:00,3842,0.09004015491131175,0.3,0,0.130407,499.9176966222972
2026-08-25T16:29:24.066+02:00,3843,0.06762840864957553,0.3,0,0.114889,499.9549056466407
2026-08-25T16:29:24.323+02:00,3844,0.11221717623541434,0.3,0,0.126648,500.31825361833046
2026-08-25T16:29:24.579+02:00,3845,0.27959911481474126,0.3,0,0.129222,499.87947197748593
2026-08-25T16:29:24.836+02:00,3846,0.05894251876544132,0.3,0,0.154962,499.9589147959346
2026-08-25T16:29:25.093+02:00,3847,0.11263994173638614,0.3,0,0.127444,500.0041850768762
2026-08-25T16:29:25.350+02:00,3848,0.056760527677245154,0.3,0,0.127889,499.91244643248035
2026-08-25T16:29:25.607+02:00,3849,0.08183305077883885,0.3,0,0.128241,499.9449529128533
2026-08-25T16:29:25.864+02:00,3850,0.1120774206775833,0.3,0,0.127852,499.9789595448747
2026-08-25T16:29:26.120+02:00,3851,0.09122317212354887,0.3,0,0.127962,499.9229055925159
2026-08-25T16:29:26.377+02:00,3852,0.11083276061667968,0.3,0,0.127536,499.9609538355283
2026-08-25T16:29:26.634+02:00,3853,0.08847879089118438,0.3,0,0.159092,499.9686063056404
2026-08-25T16:29:26.891+02:00,3854,0.08938603666496137,0.3,0,0.169444,500.6574973308438
2026-08-25T16:29:27.148+02:00,3855,0.08833233063211783,0.3,0,0.128073,499.9739285223875
2026-08-25T16:29:27.405+02:00,3856,0.09706344786181968,0.3,0,0.127296,499.94313048577925
2026-08-25T16:29:27.662+02:00,3857,0.10110631374389305,0.3,0,0.135981,499.96189857596255
2026-08-25T16:29:27.919+02:00,3858,0.07587778458003085,0.3,0,0.128722,499.8990715554522
2026-08-25T16:29:28.176+02:00,3859,0.07586954972145954,0.3,0,0.115296,499.9465903498914
2026-08-25T16:29:28.432+02:00,3860,0.10239521712586146,0.3,0,0.125741,499.9590919321542
2026-08-25T16:29:28.689+02:00,3861,0.07488145493212887,0.3,0,0.13813,499.9208609569967
2026-08-25T16:29:28.946+02:00,3862,0.11769010572702736,0.3,0,0.125351,499.9468442381502
2026-08-25T16:29:29.203+02:00,3863,0.13298557407782527,0.3,0,0.132667,499.98887032979235
2026-08-25T16:29:29.460+02:00,3864,0.13283842010289545,0.3,0,0.127129,499.91368025923344
2026-08-25T16:29:29.716+02:00,3865,0.0938345001479692,0.3,0,0.130593,499.9406113845752
2026-08-25T16:29:29.973+02:00,3866,0.08162300717728321,0.3,0,0.130037,499.9497963775367
2026-08-25T16:29:30.230+02:00,3867,0.17414692545504254,0.3,0,0.136277,499.94090266178216
2026-08-25T16:29:30.487+02:00,3868,0.19468351091948874,0.3,0,0.130278,499.9924410587196
2026-08-25T16:29:30.744+02:00,3869,0.1705614980240143,0.3,0,0.125704,499.9700962763194
2026-08-25T16:29:31.001+02:00,3870,0.07224833527859024,0.3,0,0.125185,499.90435097939394
2026-08-25T16:29:31.257+02:00,3871,0.09628218589922947,0.3,0,0.130889,499.96856496821385
2026-08-25T16:29:31.514+02:00,3872,0.11083381550275344,0.3,0,0.12887,499.96506543220244
2026-08-25T16:29:31.771+02:00,3873,0.12401794472526066,0.3,0,0.134722,499.91098238387144
2026-08-25T16:29:32.029+02:00,3874,0.0701213898084605,0.3,0,0.2545,499.8847824615081
2026-08-25T16:29:32.286+02:00,3875,0.13052783714772612,0.3,0,0.131203,500.06768829214167
2026-08-25T16:29:32.543+02:00,3876,0.07727092933063776,0.3,0,0.12837,499.9901419290421
2026-08-25T16:29:32.799+02:00,3877,0.08894028541471262,0.3,0,0.126759,499.9249010465643
2026-08-25T16:29:33.056+02:00,3878,0.09119203599792709,0.3,0,0.15,499.95114060214996
2026-08-25T16:29:33.313+02:00,3879,0.11455108275169283,0.3,0,0.129241,499.99382094627026
2026-08-25T16:29:33.570+02:00,3880,0.10166944616302387,0.3,0,0.129315,499.92548355038673
2026-08-25T16:29:33.827+02:00,3881,0.08886882058336394,0.3,0,0.139315,499.9416997147441
2026-08-25T16:29:34.084+02:00,3882,0.06617594432725915,0.3,0,0.129296,500.0121951803477
2026-08-25T16:29:34.340+02:00,3883,0.07997959100422687,0.3,0,0.126315,499.92373211259576
2026-08-25T16:29:34.597+02:00,3884,0.05303699264876483,0.3,0,0.128018,499.9489520648046
2026-08-25T16:29:34.854+02:00,3885,0.08374925362642378,0.3,0,0.126407,499.9740643380707
2026-08-25T16:29:35.111+02:00,3886,0.08276778632534425,0.3,0,0.12524,499.931967923912
2026-08-25T16:29:35.368+02:00,3887,0.0661046146563972,0.3,0,0.129444,499.9404224551562
2026-08-25T16:29:35.625+02:00,3888,0.09575816708368452,0.3,0,0.226222,499.96691754880106
2026-08-25T16:29:35.882+02:00,3889,0.09956251227263646,0.3,0,0.127296,501.7820790581017
2026-08-25T16:29:36.139+02:00,3890,0.09777891408101184,0.3,0,0.124499,499.906674905345
2026-08-25T16:29:36.396+02:00,3891,0.06657268537611631,0.3,0,0.112815,499.943663830195
2026-08-25T16:29:36.653+02:00,3892,0.11032017265820171,0.3,0,0.125814,499.9595918509246
2026-08-25T16:29:36.909+02:00,3893,0.09265049785353179,0.3,0,0.130426,499.9230000434289
2026-08-25T16:29:37.166+02:00,3894,0.08722558514692969,0.3,0,0.133518,499.939036962794
2026-08-25T16:29:37.423+02:00,3895,0.08593353077619918,0.3,0,0.15587,499.990027759759
2026-08-25T16:29:37.680+02:00,3896,0.09085087529931164,0.3,0,0.148463,499.93313098984044
2026-08-25T16:29:37.937+02:00,3897,0.09719280578580906,0.3,0,0.140407,499.95492532255207
2026-08-25T16:29:38.194+02:00,3898,0.06201569373660698,0.3,0,0.132592,500.00322049690965
2026-08-25T16:29:38.451+02:00,3899,0.17663780418675165,0.3,0,0.127481,499.9307615562269
2026-08-25T16:29:38.708+02:00,3900,0.08971877926299028,0.3,0,0.125814,499.959554453108
2026-08-25T16:29:38.964+02:00,3901,0.07669467735887787,0.3,0,0.13924,499.9430419268887
2026-08-25T16:29:39.221+02:00,3902,0.3309003638621196,0.3,1,0.130925,499.9524454682347
2026-08-25T16:29:39.478+02:00,3903,0.14389545616758367,0.3,0,0.126982,499.9242732835914
2026-08-25T16:29:39.735+02:00,3904,0.12909064788735827,0.3,0,0.127277,499.93586256078873
2026-08-25T16:29:39.992+02:00,3905,0.08793674443012504,0.3,0,0.1395,499.94515562116027
2026-08-25T16:29:40.249+02:00,3906,0.12924836957986854,0.3,0,0.130036,499.936407695802
2026-08-25T16:29:40.505+02:00,3907,4.425436928031375,0.3,1,0.129425,499.95725365682523
2026-08-25T16:29:40.762+02:00,3908,0.1312118913140751,0.3,0,0.126352,499.9493811086626
2026-08-25T16:29:41.019+02:00,3909,2.593889149080054,0.3,1,0.128352,499.9126825750054
2026-08-25T16:29:41.276+02:00,3910,0.2839763675786041,0.3,0,0.114111,499.95900139139326
2026-08-25T16:29:41.533+02:00,3911,0.1274737427612812,0.3,0,0.127815,499.96771270843163
2026-08-25T16:29:41.790+02:00,3912,0.12256950503001117,0.3,0,0.127221,499.90553950191224
2026-08-25T16:29:42.046+02:00,3913,0.1294833399224391,0.3,0,0.156648,499.94726737150165
2026-08-25T16:29:42.303+02:00,3914,0.09908895584750595,0.3,0,0.138574,499.9920985550379
2026-08-25T16:29:42.560+02:00,3915,0.08837497692168188,0.3,0,0.129982,499.9312299384335
2026-08-25T16:29:42.817+02:00,3916,0.09762461153071754,0.3,0,0.155166,499.93286924727073
2026-08-25T16:29:43.074+02:00,3917,0.09710630166409277,0.3,0,0.147295,499.96392189430156
2026-08-25T16:29:43.331+02:00,3918,0.08884843854476632,0.3,0,0.153648,499.9189462177255
2026-08-25T16:29:43.588+02:00,3919,0.11205932974882508,0.3,0,0.155981,499.96115065675434
2026-08-25T16:29:43.845+02:00,3920,0.06828612402025236,0.3,0,0.125555,499.98640981710895
2026-08-25T16:29:44.102+02:00,3921,0.1202317260920438,0.3,0,0.140667,499.9409597316205
2026-08-25T16:29:44.359+02:00,3922,0.07150462479973448,0.3,0,0.13174,499.9217150186591
2026-08-25T16:29:44.615+02:00,3923,0.0913094592679909,0.3,0,0.131166,499.9458405146913
2026-08-25T16:29:44.872+02:00,3924,0.0924574329926291,0.3,0,0.128537,500.0210422228688
2026-08-25T16:29:45.129+02:00,3925,0.07797973943431763,0.3,0,0.125925,499.9103448124931
2026-08-25T16:29:45.386+02:00,3926,0.09358476066281429,0.3,0,0.120241,499.9455866346117
2026-08-25T16:29:45.643+02:00,3927,0.09272188828582688,0.3,0,0.126888,499.9668703043018
2026-08-25T16:29:45.900+02:00,3928,0.07617858637347588,0.3,0,0.130019,499.89802670520197
2026-08-25T16:29:46.156+02:00,3929,0.0621389526185285,0.3,0,0.131129,499.9475527424091
2026-08-25T16:29:46.413+02:00,3930,0.07991801742390574,0.3,0,0.12761,499.9738320830575
2026-08-25T16:29:46.670+02:00,3931,0.07926525284708048,0.3,0,0.128148,499.8839993621149
2026-08-25T16:29:46.927+02:00,3932,0.08550618094073226,0.3,0,0.147814,499.96439033148533
2026-08-25T16:29:47.184+02:00,3933,0.0642351333989073,0.3,0,0.125889,500.0106478658145
2026-08-25T16:29:47.441+02:00,3934,0.07794027643266456,0.3,0,0.127111,499.94186699416315
2026-08-25T16:29:47.697+02:00,3935,0.07208655831057346,0.3,0,0.128907,499.954913508413
2026-08-25T16:29:47.954+02:00,3936,0.10897514036821952,0.3,0,0.149,499.9522899814311
2026-08-25T16:29:48.211+02:00,3937,0.08259652269750968,0.3,0,0.129407,499.9500640447861
2026-08-25T16:29:48.468+02:00,3938,0.07541798575365045,0.3,0,0.125981,499.95184912574615
2026-08-25T16:29:48.725+02:00,3939,0.08053235968347912,0.3,0,0.165166,499.9360318123355
2026-08-25T16:29:48.982+02:00,3940,0.07736856836902994,0.3,0,0.154722,499.91883010505614
2026-08-25T16:29:49.239+02:00,3941,0.12130034525034213,0.3,0,0.167296,499.94795030185037
2026-08-25T16:29:49.496+02:00,3942,0.08781404672914073,0.3,0,0.127667,499.9932914263227
2026-08-25T16:29:49.753+02:00,3943,0.11947382503504782,0.3,0,0.129147,499.95673209047794
2026-08-25T16:29:50.010+02:00,3944,0.15478431430042905,0.3,0,0.126055,499.89911681139694
2026-08-25T16:29:50.266+02:00,3945,0.0665061005850986,0.3,0,0.128722,499.9458346078364
2026-08-25T16:29:50.523+02:00,3946,0.09948958137325596,0.3,0,0.126537,499.9808255418457
2026-08-25T16:29:50.780+02:00,3947,0.1072603615930839,0.3,0,0.138666,499.9096462498632
2026-08-25T16:29:51.037+02:00,3948,0.08543397484129696,0.3,0,0.1505,499.95538192871624
2026-08-25T16:29:51.294+02:00,3949,0.10891749971849325,0.3,0,0.129852,499.9681024305883
2026-08-25T16:29:51.551+02:00,3950,0.0803172596971143,0.3,0,0.12487,499.89900465942117
2026-08-25T16:29:51.808+02:00,3951,0.08965090808245584,0.3,0,0.127629,499.9527938246116
2026-08-25T16:29:52.064+02:00,3952,0.10070561905355176,0.3,0,0.130037,499.95785985743845
2026-08-25T16:29:52.321+02:00,3953,0.09504404796111506,0.3,0,0.127073,499.93708468983414
2026-08-25T16:29:52.578+02:00,3954,0.07656838325961975,0.3,0,0.127203,499.9447383910525
2026-08-25T16:29:52.835+02:00,3955,0.07216656009944211,0.3,0,0.126629,499.95844243090943
2026-08-25T16:29:53.092+02:00,3956,0.08181848464071621,0.3,0,0.128408,499.925314305982
2026-08-25T16:29:53.349+02:00,3957,0.11267503777749192,0.3,0,0.127221,499.94922169296825
2026-08-25T16:29:53.605+02:00,3958,0.12167759506843072,0.3,0,0.126573,499.9637998606198
2026-08-25T16:29:53.862+02:00,3959,0.07325068779610415,0.3,0,0.12824,499.947653123853
2026-08-25T16:29:54.119+02:00,3960,0.07659795032255808,0.3,0,0.130888,499.9449568507427
2026-08-25T16:29:54.376+02:00,3961,0.07899072644716776,0.3,0,0.159629,499.942587297871
2026-08-25T16:29:54.633+02:00,3962,0.07560459161616813,0.3,0,0.158833,499.9645281110855
2026-08-25T16:29:54.890+02:00,3963,0.10928015703191891,0.3,0,0.156222,499.8571372909504
2026-08-25T16:29:55.147+02:00,3964,0.06350921985609048,0.3,0,0.138888,499.9910611859464
2026-08-25T16:29:55.404+02:00,3965,0.09693932461304573,0.3,0,0.189703,499.99667521581387
2026-08-25T16:29:55.661+02:00,3966,0.08245887791276958,0.3,0,0.130184,499.9308501107668
2026-08-25T16:29:55.918+02:00,3967,0.10086401882024461,0.3,0,0.130185,499.94797785308816
2026-08-25T16:29:56.174+02:00,3968,0.06911438604528719,0.3,0,0.148333,499.9543565332485
2026-08-25T16:29:56.431+02:00,3969,0.0891587946839086,0.3,0,0.130407,499.92927968810807
2026-08-25T16:29:56.688+02:00,3970,0.1155348410108618,0.3,0,0.12687,499.95694268449336
2026-08-25T16:29:56.945+02:00,3971,0.08854032970849753,0.3,0,0.128166,499.9372263921525
2026-08-25T16:29:57.202+02:00,3972,0.0806100106871277,0.3,0,0.128666,499.9530437739943
2026-08-25T16:29:57.459+02:00,3973,0.06903608907448226,0.3,0,0.126314,499.93697054478025
2026-08-25T16:29:57.715+02:00,3974,0.0716762669906091,0.3,0,0.126111,499.9702104365003
2026-08-25T16:29:57.972+02:00,3975,0.09328784731243056,0.3,0,0.129129,499.920532318323
2026-08-25T16:29:58.229+02:00,3976,0.06684670718286896,0.3,0,0.12724,499.9215536446882
2026-08-25T16:29:58.486+02:00,3977,0.10955545677540142,0.3,0,0.130184,499.95471669925774
2026-08-25T16:29:58.743+02:00,3978,0.0796364168459585,0.3,0,0.127889,499.9684212861606
2026-08-25T16:29:59.000+02:00,3979,0.09672254678006549,0.3,0,0.127759,499.90810744456803
2026-08-25T16:29:59.256+02:00,3980,0.098799079184826,0.3,0,0.113796,499.9461514732123
2026-08-25T16:29:59.513+02:00,3981,0.07418222428621772,0.3,0,0.131462,499.97137368753476
2026-08-25T16:29:59.770+02:00,3982,0.11156902210966561,0.3,0,0.128833,499.87910010932427
2026-08-25T16:30:00.027+02:00,3983,0.08251584295019858,0.3,0,0.175666,499.938934630232
2026-08-25T16:30:00.284+02:00,3984,0.09751391003501175,0.3,0,0.129796,500.00888008282
2026-08-25T16:30:00.541+02:00,3985,0.05346253238241516,0.3,0,0.240888,499.9007421437797
2026-08-25T16:30:00.798+02:00,3986,0.07712864960813921,0.3,0,0.127092,499.99320678831
2026-08-25T16:30:01.055+02:00,3987,0.05776696468661402,0.3,0,0.128815,499.9540239125023
2026-08-25T16:30:01.312+02:00,3988,0.48445873048678206,0.3,1,0.124481,499.95478754824455
2026-08-25T16:30:01.569+02:00,3989,0.08083252080373704,0.3,0,0.131444,499.9398792731325
2026-08-25T16:30:01.826+02:00,3990,0.09442051429553011,0.3,0,0.12687,499.96269569587326
2026-08-25T16:30:02.082+02:00,3991,0.09372247125966075,0.3,0,0.14337,499.9422133740351
2026-08-25T16:30:02.339+02:00,3992,0.08545408820235141,0.3,0,0.126259,499.9121099372844
2026-08-25T16:30:02.596+02:00,3993,0.06950163073839984,0.3,0,0.129499,499.9542030142737
2026-08-25T16:30:02.853+02:00,3994,0.07695496886969326,0.3,0,0.127259,499.9754145935799
2026-08-25T16:30:03.110+02:00,3995,0.061174126529476215,0.3,0,0.124592,499.93481361900785
2026-08-25T16:30:03.367+02:00,3996,0.06017554336000863,0.3,0,0.118093,499.95784607411446
2026-08-25T16:30:03.624+02:00,3997,0.09041103697483004,0.3,0,0.251851,499.96768713130285
2026-08-25T16:30:03.881+02:00,3998,0.06517073656055983,0.3,0,0.128333,499.86233515775405
2026-08-25T16:30:04.138+02:00,3999,0.0967204094605257,0.3,0,0.128537,499.9484049334621
2026-08-25T16:30:04.395+02:00,4000,0.07740286281896787,0.3,0,0.135185,499.97227909130777
2026-08-25T16:30:04.651+02:00,4001,0.08625097370803692,0.3,0,0.128926,499.94753109095313
2026-08-25T16:30:04.908+02:00,4002,0.1190515081013525,0.3,0,0.126685,499.92085307481807
2026-08-25T16:30:05.165+02:00,4003,0.08348461853425171,0.3,0,0.157685,499.9141112184154
2026-08-25T16:30:05.422+02:00,4004,0.10743698963728295,0.3,0,0.128241,499.96367587222613
2026-08-25T16:30:05.679+02:00,4005,0.11091401083673702,0.3,0,0.128981,499.9365611966888
2026-08-25T16:30:05.936+02:00,4006,0.08936909900291508,0.3,0,0.136722,499.9484757878199
2026-08-25T16:30:06.193+02:00,4007,0.08260273276966723,0.3,0,0.128111,499.9351383315641
2026-08-25T16:30:06.449+02:00,4008,0.10062454928262314,0.3,0,0.127648,499.9245684721697
2026-08-25T16:30:06.706+02:00,4009,0.06976034907189355,0.3,0,0.127407,499.95518118114165
2026-08-25T16:30:06.963+02:00,4010,0.11142067018019208,0.3,0,0.128222,499.93448102426504
2026-08-25T16:30:07.220+02:00,4011,0.09718802168807184,0.3,0,0.128778,499.90241078898055
2026-08-25T16:30:07.477+02:00,4012,0.09366653136800569,0.3,0,0.117204,499.9509162372405
2026-08-25T16:30:07.734+02:00,4013,0.11592565928597054,0.3,0,0.126019,499.9471630594483
2026-08-25T16:30:07.990+02:00,4014,0.09922760161245762,0.3,0,0.142648,499.91010081181344
2026-08-25T16:30:08.247+02:00,4015,0.0933436133639433,0.3,0,0.148296,499.936120361583
2026-08-25T16:30:08.504+02:00,4016,0.06925474296987855,0.3,0,0.128537,499.9785422583428
2026-08-25T16:30:08.761+02:00,4017,0.08714731475779895,0.3,0,0.127185,499.86101895945404
2026-08-25T16:30:09.018+02:00,4018,0.08958866366137408,0.3,0,0.129889,499.94595859454097
2026-08-25T16:30:09.275+02:00,4019,0.09426052982280246,0.3,0,0.126573,499.9712890497818
2026-08-25T16:30:09.531+02:00,4020,0.06587737062658287,0.3,0,0.128518,499.82083391135745
2026-08-25T16:30:09.788+02:00,4021,0.0894425451289466,0.3,0,0.150944,499.93126929369015
2026-08-25T16:30:10.045+02:00,4022,0.10726775789786913,0.3,0,0.161907,500.00420476382806
2026-08-25T16:30:10.302+02:00,4023,0.09711830507158581,0.3,0,0.157296,499.8049875049105
2026-08-25T16:30:10.559+02:00,4024,0.10177923001251406,0.3,0,0.160296,500.0249835336107
2026-08-25T16:30:10.816+02:00,4025,0.08678326714202811,0.3,0,0.125759,500.00329135964415
2026-08-25T16:30:11.073+02:00,4026,0.08633398476106417,0.3,0,0.128944,500.03716024477427
2026-08-25T16:30:11.330+02:00,4027,0.080527796169241,0.3,0,0.129555,499.8978889694106
2026-08-25T16:30:11.587+02:00,4028,0.0735109968363739,0.3,0,0.239907,499.7475861465277
2026-08-25T16:30:11.847+02:00,4029,0.1302399345321117,0.3,0,0.177277,499.6880530090916
2026-08-25T16:30:12.104+02:00,4030,0.06711937011351547,0.3,0,0.127092,499.95721822839977
2026-08-25T16:30:12.361+02:00,4031,0.13077760829141558,0.3,0,0.131388,499.94376616469305
2026-08-25T16:30:12.618+02:00,4032,0.10697522810303688,0.3,0,0.318315,499.8927120027128
2026-08-25T16:30:12.876+02:00,4033,0.09929550590899187,0.3,0,0.235795,500.0914872097278
2026-08-25T16:30:13.134+02:00,4034,0.08954211247950387,0.3,0,0.242037,499.75122620298765
2026-08-25T16:30:13.391+02:00,4035,0.09569904498736204,0.3,0,0.2245,499.96330190252326
2026-08-25T16:30:13.649+02:00,4036,0.10263471501927768,0.3,0,0.247851,500.049554123193
2026-08-25T16:30:13.906+02:00,4037,0.07239865116290994,0.3,0,0.137111,500.1394463549169
2026-08-25T16:30:14.163+02:00,4038,0.07189582094648529,0.3,0,0.127074,499.87631407193254
2026-08-25T16:30:14.420+02:00,4039,0.08587578925854444,0.3,0,0.130777,499.93749796939517
2026-08-25T16:30:14.676+02:00,4040,0.0759058543060482,0.3,0,0.138962,499.9399009239256
2026-08-25T16:30:14.933+02:00,4041,0.06081002885028793,0.3,0,0.135796,499.9322119459384
2026-08-25T16:30:15.190+02:00,4042,0.08573130374254904,0.3,0,0.128018,499.9083435758352
2026-08-25T16:30:15.447+02:00,4043,0.08275277833233356,0.3,0,0.142277,500.19499924490515
2026-08-25T16:30:15.704+02:00,4044,0.11335996443732309,0.3,0,0.229185,499.927508542804
2026-08-25T16:30:15.961+02:00,4045,0.08543435859546882,0.3,0,0.12837,500.00860841369587
2026-08-25T16:30:16.218+02:00,4046,0.11633495332298811,0.3,0,0.134277,500.0376642590309
2026-08-25T16:30:16.476+02:00,4047,0.095522255291701,0.3,0,0.316555,499.7250764440508
2026-08-25T16:30:16.735+02:00,4048,0.08843408705372773,0.3,0,0.282055,500.25600502524105
2026-08-25T16:30:16.992+02:00,4049,0.08363708599969015,0.3,0,0.138167,500.12999638404784
2026-08-25T16:30:17.249+02:00,4050,0.10047420064147912,0.3,0,0.228833,499.9389503670915
2026-08-25T16:30:17.506+02:00,4051,0.10561417298926823,0.3,0,0.128556,500.0113053734153
2026-08-25T16:30:17.763+02:00,4052,0.07535955526486167,0.3,0,0.127611,499.92466489965506
2026-08-25T16:30:18.020+02:00,4053,0.08175717879022466,0.3,0,0.157055,499.88086500632136
2026-08-25T16:30:18.278+02:00,4054,0.14338449604876446,0.3,0,0.289759,499.45364883492783
2026-08-25T16:30:18.535+02:00,4055,0.07172167998821811,0.3,0,0.189444,499.8713913565566
2026-08-25T16:30:18.793+02:00,4056,0.08281686067182227,0.3,0,0.228129,500.0511528713509
2026-08-25T16:30:19.050+02:00,4057,0.07822609065402893,0.3,0,0.137389,500.32315557451847
2026-08-25T16:30:19.306+02:00,4058,0.10908303583150299,0.3,0,0.129444,499.9719700766021
2026-08-25T16:30:19.563+02:00,4059,0.10546997864564893,0.3,0,0.127574,499.94933584361655
2026-08-25T16:30:19.820+02:00,4060,0.09182820673531762,0.3,0,0.133555,499.82406389590346
2026-08-25T16:30:20.078+02:00,4061,0.03864360800714062,0.3,0,0.304573,499.58848660578894
2026-08-25T16:30:20.335+02:00,4062,0.08574128364435607,0.3,0,0.136796,500.0960026745349
2026-08-25T16:30:20.592+02:00,4063,0.1102459782839476,0.3,0,0.148889,499.9852386190581
2026-08-25T16:30:20.849+02:00,4064,0.13979549900165641,0.3,0,0.128722,499.96938180075233
2026-08-25T16:30:21.106+02:00,4065,0.05525007403380703,0.3,0,0.130777,500.80359852105454
2026-08-25T16:30:21.363+02:00,4066,0.09852839366202426,0.3,0,0.2525,499.9795854831393
2026-08-25T16:30:21.621+02:00,4067,0.049976002918119544,0.3,0,0.242684,499.8952522609957
2026-08-25T16:30:21.878+02:00,4068,0.07628962316793213,0.3,0,0.15211,500.0463724083315
2026-08-25T16:30:22.134+02:00,4069,0.10159591672910852,0.3,0,0.147333,499.99930708613675
2026-08-25T16:30:22.391+02:00,4070,0.09177766538667669,0.3,0,0.129388,499.9205775781535
2026-08-25T16:30:22.648+02:00,4071,0.06038585163644431,0.3,0,0.131093,499.93497302551384
2026-08-25T16:30:22.905+02:00,4072,0.07449644708134844,0.3,0,0.131018,500.00583077963313
2026-08-25T16:30:23.162+02:00,4073,0.07556562649261304,0.3,0,0.125777,499.93613807430006
2026-08-25T16:30:23.419+02:00,4074,0.08374999474250829,0.3,0,0.125667,499.9472535959215
2026-08-25T16:30:23.676+02:00,4075,0.07529588556767071,0.3,0,0.127055,499.95053441783085
2026-08-25T16:30:23.932+02:00,4076,0.09700177096004514,0.3,0,0.131648,499.9344967680036
2026-08-25T16:30:24.189+02:00,4077,0.129953711035913,0.3,0,0.127944,499.908987048093
2026-08-25T16:30:24.446+02:00,4078,0.10120248017793247,0.3,0,0.127259,499.95694662257165
2026-08-25T16:30:24.703+02:00,4079,0.11659871935947515,0.3,0,0.221814,499.64045754456083
2026-08-25T16:30:24.960+02:00,4080,0.11592547266929924,0.3,0,0.130907,500.03634319075286
2026-08-25T16:30:25.218+02:00,4081,0.09225519704534542,0.3,0,0.270796,499.7229547743077
2026-08-25T16:30:25.475+02:00,4082,0.0675239604487225,0.3,0,0.126444,500.08407121495964
2026-08-25T16:30:25.732+02:00,4083,0.07230301597273418,0.3,0,0.186425,499.8480284891892
2026-08-25T16:30:25.989+02:00,4084,0.06513576976628836,0.3,0,0.148777,500.0509618885948
2026-08-25T16:30:26.246+02:00,4085,0.08372719539924445,0.3,0,0.129852,499.9830419133569
2026-08-25T16:30:26.503+02:00,4086,0.08135143679054273,0.3,0,0.124629,499.93453219320895
2026-08-25T16:30:26.760+02:00,4087,0.08225608543494208,0.3,0,0.127,499.9179130896236
2026-08-25T16:30:27.016+02:00,4088,0.08113961677240754,0.3,0,0.129593,499.93934200615007
2026-08-25T16:30:27.274+02:00,4089,0.06313876415989277,0.3,0,0.244963,499.83553246056954
2026-08-25T16:30:27.531+02:00,4090,0.06525686707559275,0.3,0,0.188166,499.46480576097315
2026-08-25T16:30:27.788+02:00,4091,0.10281574808832289,0.3,0,0.130556,500.0957368282918
2026-08-25T16:30:28.045+02:00,4092,0.08175643092164615,0.3,0,0.127796,499.96197533422105
2026-08-25T16:30:28.302+02:00,4093,0.07217469157324607,0.3,0,0.127555,499.92027846394654
2026-08-25T16:30:28.559+02:00,4094,0.06089360423336979,0.3,0,0.135759,499.9545375971183
2026-08-25T16:30:28.815+02:00,4095,0.07090927271697807,0.3,0,0.127889,499.9350753636136
2026-08-25T16:30:29.072+02:00,4096,0.08743627014237425,0.3,0,0.163648,499.86933927615206
2026-08-25T16:30:29.329+02:00,4097,0.08068351375616052,0.3,0,0.131889,500.060656960095
2026-08-25T16:30:29.586+02:00,4098,0.0710145009301179,0.3,0,0.135444,499.67521701475806
2026-08-25T16:30:29.843+02:00,4099,0.05650058477433225,0.3,0,0.126463,500.01435277388543
2026-08-25T16:30:30.100+02:00,4100,0.0942311280072845,0.3,0,0.131203,499.946663172693
2026-08-25T16:30:30.357+02:00,4101,0.10648092904913693,0.3,0,0.129703,499.94812152339153
2026-08-25T16:30:30.614+02:00,4102,0.06637825887593023,0.3,0,0.123981,499.95045372510924
2026-08-25T16:30:30.870+02:00,4103,0.0967643207766135,0.3,0,0.160129,499.8671868634218
2026-08-25T16:30:31.127+02:00,4104,0.0644699727555289,0.3,0,0.153629,499.9506721897943
2026-08-25T16:30:31.384+02:00,4105,0.13445381743086018,0.3,0,0.128314,499.99014586764343
2026-08-25T16:30:31.641+02:00,4106,0.09105201282984339,0.3,0,0.1275,499.8957894403772
2026-08-25T16:30:31.898+02:00,4107,0.07084376396112284,0.3,0,0.16287,499.71988732579985
2026-08-25T16:30:32.155+02:00,4108,0.10220353543981843,0.3,0,0.122574,500.09875966030904
2026-08-25T16:30:32.412+02:00,4109,0.0778608400712552,0.3,0,0.128278,500.0671074267906
2026-08-25T16:30:32.669+02:00,4110,0.09740380846581183,0.3,0,0.12613,499.9277820854575
2026-08-25T16:30:32.926+02:00,4111,0.06683698986882369,0.3,0,0.127389,499.9678367131485
2026-08-25T16:30:33.183+02:00,4112,0.09057046419878771,0.3,0,0.127777,499.96061924409577
2026-08-25T16:30:33.439+02:00,4113,0.09210576351072024,0.3,0,0.128685,499.9481175854523
2026-08-25T16:30:33.696+02:00,4114,0.10179460793237578,0.3,0,0.126481,499.96717931986393
2026-08-25T16:30:33.953+02:00,4115,0.09392375281095704,0.3,0,0.154259,499.9752354837713
2026-08-25T16:30:34.211+02:00,4116,0.08754848465599983,0.3,0,0.2415,499.92657771393294
2026-08-25T16:30:34.468+02:00,4117,0.04907048834790947,0.3,0,0.113481,500.1318733534968
2026-08-25T16:30:34.724+02:00,4118,0.10310773982601314,0.3,0,0.128093,499.98223292029706
2026-08-25T16:30:34.981+02:00,4119,0.11383793449335296,0.3,0,0.138055,499.8711159072464
2026-08-25T16:30:35.238+02:00,4120,0.05974437116754672,0.3,0,0.14661,499.98092002180647
2026-08-25T16:30:35.495+02:00,4121,0.07268413912965659,0.3,0,0.130259,499.96878147243456
2026-08-25T16:30:35.752+02:00,4122,0.07472536766458264,0.3,0,0.128796,499.89155699177957
2026-08-25T16:30:36.009+02:00,4123,0.06773425134087112,0.3,0,0.13737,499.9414832268178
2026-08-25T16:30:36.266+02:00,4124,0.06807312330893674,0.3,0,0.330722,499.72756584668906
2026-08-25T16:30:36.523+02:00,4125,0.08667362412038433,0.3,0,0.137536,500.08033770781753
2026-08-25T16:30:36.780+02:00,4126,0.08983777735792102,0.3,0,0.138167,499.94159146717766
2026-08-25T16:30:37.037+02:00,4127,0.07262330318988235,0.3,0,0.129759,499.9604696594086
2026-08-25T16:30:37.294+02:00,4128,0.07793484934441193,0.3,0,0.26174,499.6584244568314
2026-08-25T16:30:37.551+02:00,4129,0.08766973412803629,0.3,0,0.132481,499.98773258367805
2026-08-25T16:30:37.808+02:00,4130,0.08434335107680917,0.3,0,0.138222,499.88171696288475
2026-08-25T16:30:38.065+02:00,4131,0.09244126803824552,0.3,0,0.155184,499.92657377633304
2026-08-25T16:30:38.322+02:00,4132,0.06857679375034076,0.3,0,0.173333,499.6995271350123
2026-08-25T16:30:38.579+02:00,4133,0.23270158498201823,0.3,0,0.137167,500.0282338764937
2026-08-25T16:30:38.837+02:00,4134,0.1291978258273961,0.3,0,0.296055,499.73142387031527
2026-08-25T16:30:39.111+02:00,4135,0.1634356944866043,0.3,0,0.308591,474.1305062502478
2026-08-25T16:30:39.401+02:00,4136,0.49820301213406143,0.3,1,0.191018,442.4384894951812
2026-08-25T16:30:39.658+02:00,4137,0.18752794935796493,0.3,0,0.290815,499.9955689365095
2026-08-25T16:30:39.916+02:00,4138,0.0639516338297017,0.3,0,0.301332,499.9185920023043
2026-08-25T16:30:40.174+02:00,4139,0.34138254815576613,0.3,1,0.215166,500.1573979581268
2026-08-25T16:30:40.432+02:00,4140,0.10128023125379393,0.3,0,0.308295,499.8389042816784
2026-08-25T16:30:40.691+02:00,4141,0.10064705070279108,0.3,0,0.259851,500.03924323428635
2026-08-25T16:30:40.949+02:00,4142,0.0844609045631799,0.3,0,0.356462,500.10352733367637
2026-08-25T16:30:41.207+02:00,4143,0.08139234094097621,0.3,0,0.23487,501.43940154311076
2026-08-25T16:30:41.464+02:00,4144,0.10522887130124799,0.3,0,0.240129,500.0945198338219
2026-08-25T16:30:41.722+02:00,4145,0.08483277709678483,0.3,0,0.249481,499.97916228792013
2026-08-25T16:30:41.980+02:00,4146,0.14106162768137395,0.3,0,0.526573,500.02684592779343
2026-08-25T16:30:42.238+02:00,4147,0.12211269762791517,0.3,0,0.201315,500.2476915377125
2026-08-25T16:30:42.495+02:00,4148,0.11628985009898862,0.3,0,0.234963,500.08084180911976
2026-08-25T16:30:42.753+02:00,4149,0.08522209219805925,0.3,0,0.219684,498.79310723137036
2026-08-25T16:30:43.011+02:00,4150,0.07404273148911426,0.3,0,0.900609,500.0801860814739
2026-08-25T16:30:43.269+02:00,4151,0.07688378500129645,0.3,0,0.268833,500.1520698568816
2026-08-25T16:30:43.527+02:00,4152,0.12461349634106285,0.3,0,0.228518,500.2756794729006
2026-08-25T16:30:43.784+02:00,4153,0.08740793429373532,0.3,0,0.227573,500.00059448637575
2026-08-25T16:30:44.042+02:00,4154,0.11286159545181255,0.3,0,0.226351,499.7088055170322
2026-08-25T16:30:44.299+02:00,4155,0.14674673024651716,0.3,0,0.233962,499.84910067794254
2026-08-25T16:30:44.557+02:00,4156,0.10189736169769519,0.3,0,0.25011,499.9252198470354
2026-08-25T16:30:44.815+02:00,4157,0.05781778449146461,0.3,0,0.270685,499.7790150311875
2026-08-25T16:30:45.072+02:00,4158,0.11872208858785764,0.3,0,0.283648,499.7612793871988
2026-08-25T16:30:45.330+02:00,4159,0.1008479030141037,0.3,0,0.377573,500.20722560781917
2026-08-25T16:30:45.588+02:00,4160,0.08260790520056431,0.3,0,0.118129,500.2023732120318
2026-08-25T16:30:45.844+02:00,4161,0.08794697279973344,0.3,0,0.14587,498.615478309802
2026-08-25T16:30:46.101+02:00,4162,0.08833840090183538,0.3,0,0.138555,500.204160102366
2026-08-25T16:30:46.360+02:00,4163,0.07641556141258239,0.3,0,0.346314,499.91330047255116
2026-08-25T16:30:46.617+02:00,4164,0.06473105754068875,0.3,0,0.281869,500.20944793623727
2026-08-25T16:30:46.874+02:00,4165,0.0663401627780721,0.3,0,0.130259,500.12139166985475
2026-08-25T16:30:47.131+02:00,4166,0.21514370932563423,0.3,0,0.133111,499.8695006021
2026-08-25T16:30:47.388+02:00,4167,0.07376058670012385,0.3,0,0.13424,499.9844040328895
2026-08-25T16:30:47.645+02:00,4168,0.060840371243614653,0.3,0,0.135185,500.0063504718374
2026-08-25T16:30:47.902+02:00,4169,0.11324833539389208,0.3,0,0.129981,499.9076489489412
2026-08-25T16:30:48.159+02:00,4170,0.06251572019746754,0.3,0,0.160759,499.68269558668663
2026-08-25T16:30:48.416+02:00,4171,0.10307443272027934,0.3,0,0.128148,500.03518554634474
2026-08-25T16:30:48.673+02:00,4172,0.10302486542340006,0.3,0,0.128185,499.95116225391854
2026-08-25T16:30:48.930+02:00,4173,0.09376015719988118,0.3,0,0.126944,499.901891305659
2026-08-25T16:30:49.187+02:00,4174,0.0662231870157542,0.3,0,0.129796,499.98068381481073
2026-08-25T16:30:49.444+02:00,4175,0.07761286326550969,0.3,0,0.125944,500.0196897513673
2026-08-25T16:30:49.701+02:00,4176,0.06927549590272974,0.3,0,0.152833,499.87427177873445
2026-08-25T16:30:49.958+02:00,4177,0.0797905437119244,0.3,0,0.150945,500.0536337049804
2026-08-25T16:30:50.216+02:00,4178,0.08075160773034562,0.3,0,0.398795,499.8018108693519
2026-08-25T16:30:50.475+02:00,4179,0.08313435627887304,0.3,0,0.131796,501.7083187972811
2026-08-25T16:30:50.732+02:00,4180,0.07814503622773523,0.3,0,0.232666,499.8711001674995
2026-08-25T16:30:50.989+02:00,4181,0.0754152206718366,0.3,0,0.141277,500.07120699438826
2026-08-25T16:30:51.246+02:00,4182,0.11384421445645658,0.3,0,0.127574,499.989539588734
2026-08-25T16:30:51.503+02:00,4183,0.0659862017607175,0.3,0,0.165278,499.6969633017787
2026-08-25T16:30:51.762+02:00,4184,0.08593181960490999,0.3,0,0.126463,503.26394606441676
2026-08-25T16:30:52.019+02:00,4185,0.07118426297636023,0.3,0,0.136685,499.95232540915805
2026-08-25T16:30:52.276+02:00,4186,0.08966958227152666,0.3,0,0.132073,499.9790776475301
2026-08-25T16:30:52.532+02:00,4187,0.09831483327045347,0.3,0,0.129834,499.90819205377227
2026-08-25T16:30:52.789+02:00,4188,0.10097742686360552,0.3,0,0.121944,499.9595406768508
2026-08-25T16:30:53.047+02:00,4189,0.09669173974487773,0.3,0,0.237018,499.892340114852
2026-08-25T16:30:53.304+02:00,4190,0.10572382615235054,0.3,0,0.230389,499.9195601861067
2026-08-25T16:30:53.562+02:00,4191,0.08967185066602035,0.3,0,0.227129,499.8440643959038
2026-08-25T16:30:53.819+02:00,4192,0.13869837087106163,0.3,0,0.285777,500.04761476810614
2026-08-25T16:30:54.076+02:00,4193,0.0917574052932828,0.3,0,0.123074,500.43443028250937
2026-08-25T16:30:54.333+02:00,4194,0.11136978873064507,0.3,0,0.125018,499.91919416452356
2026-08-25T16:30:54.591+02:00,4195,0.10770293724976793,0.3,0,0.238592,499.5183640024821
2026-08-25T16:30:54.848+02:00,4196,0.05694710328404512,0.3,0,0.119518,500.1844124749121
2026-08-25T16:30:55.105+02:00,4197,0.08007038837998692,0.3,0,0.122148,499.96591571384965
2026-08-25T16:30:55.362+02:00,4198,0.1776452630418904,0.3,0,0.127055,499.9180272259753
2026-08-25T16:30:55.619+02:00,4199,0.09316057601768672,0.3,0,0.288333,499.8847588541762
2026-08-25T16:30:55.876+02:00,4200,0.10831926768538717,0.3,0,0.12387,500.11233626164534
2026-08-25T16:30:56.133+02:00,4201,0.1058590445074709,0.3,0,0.123204,499.9405129820284
2026-08-25T16:30:56.390+02:00,4202,0.07628044119055223,0.3,0,0.124925,499.96555158633043
2026-08-25T16:30:56.647+02:00,4203,0.08277778686375886,0.3,0,0.150962,499.94933191281814
2026-08-25T16:30:56.904+02:00,4204,0.0647158878015195,0.3,0,0.157851,499.9082235450977
2026-08-25T16:30:57.161+02:00,4205,0.06561411862412837,0.3,0,0.13187,499.9405110202784
2026-08-25T16:30:57.418+02:00,4206,0.08237359339301638,0.3,0,0.291351,499.8809299362151
2026-08-25T16:30:57.676+02:00,4207,0.12381815007665657,0.3,0,0.289499,499.63383134871526
2026-08-25T16:30:57.934+02:00,4208,0.0891871309817261,0.3,0,0.203241,499.3521417134335
2026-08-25T16:30:58.191+02:00,4209,0.09575990045751108,0.3,0,0.128888,499.82635363357497
2026-08-25T16:30:58.447+02:00,4210,0.17880107838770676,0.3,0,0.120296,501.0376845518332
2026-08-25T16:30:58.704+02:00,4211,0.0818592303702695,0.3,0,0.122,499.9754638017184
2026-08-25T16:30:58.962+02:00,4212,0.11682394820732912,0.3,0,0.324425,499.73864848755966
2026-08-25T16:30:59.219+02:00,4213,0.13217537447851177,0.3,0,0.131592,500.207320180531
2026-08-25T16:30:59.477+02:00,4214,0.1588224811750781,0.3,0,0.315184,499.93835799458174
2026-08-25T16:30:59.734+02:00,4215,0.14284124718884086,0.3,0,0.151555,498.5311916749295
2026-08-25T16:30:59.991+02:00,4216,0.13795802381942104,0.3,0,0.123222,501.10182427134305
2026-08-25T16:31:00.248+02:00,4217,0.13529702501997573,0.3,0,0.125963,499.9315408716202
2026-08-25T16:31:00.505+02:00,4218,0.15190897915274157,0.3,0,0.237221,498.6232579965613
2026-08-25T16:31:00.763+02:00,4219,0.17794055890040048,0.3,0,0.283888,500.8533337982399
2026-08-25T16:31:01.020+02:00,4220,0.17240105008099013,0.3,0,0.120889,500.10259387903545
2026-08-25T16:31:01.278+02:00,4221,0.19466013527581558,0.3,0,0.221536,499.59531795604306
2026-08-25T16:31:01.535+02:00,4222,0.1784217006440786,0.3,0,0.124685,501.2628310582227
2026-08-25T16:31:01.792+02:00,4223,0.14453089514438489,0.3,0,0.124185,499.80405713223377
2026-08-25T16:31:02.049+02:00,4224,0.24060693494286292,0.3,0,0.277685,499.8029654727567
2026-08-25T16:31:02.307+02:00,4225,0.4191708415924899,0.3,1,0.233518,501.6939538307717
2026-08-25T16:31:02.565+02:00,4226,0.4074725810196013,0.3,1,0.222537,499.85749928515605
2026-08-25T16:31:02.822+02:00,4227,1.3005796612125273,0.3,1,0.187166,499.6961532672417
2026-08-25T16:31:03.079+02:00,4228,2.000935893265096,0.3,1,0.122925,500.0551163104013
2026-08-25T16:31:03.336+02:00,4229,1.5611636963637245,0.3,1,0.360444,498.6386967249832
2026-08-25T16:31:03.594+02:00,4230,1.1126971462554938,0.3,1,0.35974,499.787371957893
2026-08-25T16:31:03.851+02:00,4231,2.0041060656716922,0.3,1,0.128703,500.1682810245666
2026-08-25T16:31:04.108+02:00,4232,4.214527349751776,0.3,1,0.149148,499.9930985184377
2026-08-25T16:31:04.366+02:00,4233,12.83771463417751,0.3,1,0.617017,498.5919664740517
2026-08-25T16:31:04.623+02:00,4234,17.780660835180015,0.3,1,0.222388,500.56562536204734
2026-08-25T16:31:04.881+02:00,4235,11.760262832637713,0.3,1,0.287129,498.19966528871157
2026-08-25T16:31:05.138+02:00,4236,12.831029459357005,0.3,1,0.118537,501.74478786856537
2026-08-25T16:31:05.395+02:00,4237,11.278570888212103,0.3,1,0.233333,499.5127135497951
2026-08-25T16:31:05.652+02:00,4238,14.545836695233826,0.3,1,0.140574,500.6459436504163
2026-08-25T16:31:05.910+02:00,4239,13.525787951263206,0.3,1,0.372869,499.5299226734086
2026-08-25T16:31:06.168+02:00,4240,10.74287589500913,0.3,1,0.299037,499.7309578439944
2026-08-25T16:31:06.427+02:00,4241,0.7050770934647067,0.3,1,0.14374,502.2092123980317
2026-08-25T16:31:06.684+02:00,4242,0.8154688893856274,0.3,1,0.124147,499.9843489152262
2026-08-25T16:31:06.941+02:00,4243,0.6807938300411683,0.3,1,0.126759,499.8448158939963
2026-08-25T16:31:07.198+02:00,4244,0.41846929678054795,0.3,1,0.139389,500.00060629551245
2026-08-25T16:31:07.455+02:00,4245,0.218576807097955,0.3,0,0.126537,499.9652839096575
2026-08-25T16:31:07.711+02:00,4246,0.1971339231230651,0.3,0,0.120408,499.94283330635204
2026-08-25T16:31:07.972+02:00,4247,0.17321187389768214,0.3,0,0.238815,492.4154890069803
2026-08-25T16:31:08.229+02:00,4248,0.15523965688426947,0.3,0,0.290333,500.52937878760895
2026-08-25T16:31:08.487+02:00,4249,0.2567006689562183,0.3,0,0.121889,500.22741244256264
2026-08-25T16:31:08.743+02:00,4250,0.13984634232109336,0.3,0,0.122703,499.93444954395034
2026-08-25T16:31:09.000+02:00,4251,0.0954551439719813,0.3,0,0.168444,499.94520089260914
2026-08-25T16:31:09.257+02:00,4252,0.10367572445565172,0.3,0,0.120129,500.0622183732355
2026-08-25T16:31:09.514+02:00,4253,0.1244391690804963,0.3,0,0.129296,499.9140777576466
2026-08-25T16:31:09.771+02:00,4254,0.1463074481481955,0.3,0,0.138111,497.83840524772035
2026-08-25T16:31:10.028+02:00,4255,0.12494006766535219,0.3,0,0.143333,500.00636425783597
2026-08-25T16:31:10.285+02:00,4256,0.12890708651952076,0.3,0,0.123611,500.1537185038629
2026-08-25T16:31:10.542+02:00,4257,0.09399860053142654,0.3,0,0.123833,499.9067516466477
2026-08-25T16:31:10.799+02:00,4258,0.07672229972516575,0.3,0,0.107259,499.9296732736803
2026-08-25T16:31:11.056+02:00,4259,0.39895918733322944,0.3,1,0.216814,499.90390823246963
2026-08-25T16:31:11.313+02:00,4260,0.10848355783162589,0.3,0,0.124611,499.8973852368881
2026-08-25T16:31:11.570+02:00,4261,0.09504981593279178,0.3,0,0.122389,499.9405326639666
2026-08-25T16:31:11.826+02:00,4262,0.08150259029101337,0.3,0,0.135166,499.97800096268713
2026-08-25T16:31:12.083+02:00,4263,0.10586790252160642,0.3,0,0.121667,499.93058247125026
2026-08-25T16:31:12.340+02:00,4264,0.13171474692176152,0.3,0,0.121445,499.95496468869965
2026-08-25T16:31:12.597+02:00,4265,0.08472704044714696,0.3,0,0.156703,499.94501392150664
2026-08-25T16:31:12.854+02:00,4266,0.08219773123155132,0.3,0,0.154703,499.92653639061524
2026-08-25T16:31:13.111+02:00,4267,0.11514828145706109,0.3,0,0.14274,499.92926985116145
2026-08-25T16:31:13.368+02:00,4268,0.08697693050435144,0.3,0,0.158926,499.9532150061843
2026-08-25T16:31:13.625+02:00,4269,0.07648943126881998,0.3,0,0.245481,499.961487217973
2026-08-25T16:31:13.883+02:00,4270,0.1026403137749629,0.3,0,0.140926,499.9147664962857
2026-08-25T16:31:14.139+02:00,4271,0.08706722765713797,0.3,0,0.139351,499.86167607359323
2026-08-25T16:31:14.396+02:00,4272,0.06539124477354519,0.3,0,0.153037,499.97078123818653
2026-08-25T16:31:14.653+02:00,4273,0.10684116122628258,0.3,0,0.132722,499.8726426888809
2026-08-25T16:31:14.910+02:00,4274,0.07916685148082496,0.3,0,0.137777,499.9023753611687
2026-08-25T16:31:15.167+02:00,4275,0.06503781395036165,0.3,0,0.139574,499.9867090104571
2026-08-25T16:31:15.424+02:00,4276,0.08198289463646342,0.3,0,0.14587,499.93353049520033
2026-08-25T16:31:15.681+02:00,4277,0.09172312423749769,0.3,0,0.133814,499.98284507489444
2026-08-25T16:31:15.938+02:00,4278,0.1018813397680584,0.3,0,0.154037,499.94271522797874
2026-08-25T16:31:16.196+02:00,4279,0.09606500611584556,0.3,0,0.295629,499.9378679555593
2026-08-25T16:31:16.453+02:00,4280,0.09814271349231822,0.3,0,0.165333,499.84272861958044
2026-08-25T16:31:16.712+02:00,4281,0.07791971828372013,0.3,0,0.217944,500.0466421415852
2026-08-25T16:31:16.969+02:00,4282,0.12425727495635834,0.3,0,0.130481,499.9722357912749
2026-08-25T16:31:17.226+02:00,4283,0.08912721626913134,0.3,0,0.124648,500.0459471303042
2026-08-25T16:31:17.482+02:00,4284,0.09221881884773353,0.3,0,0.178203,499.8704528632141
2026-08-25T16:31:17.739+02:00,4285,0.04796853161862158,0.3,0,0.140334,499.96607514019036
2026-08-25T16:31:17.996+02:00,4286,0.08863952710918299,0.3,0,0.127166,499.99191942611435
2026-08-25T16:31:18.253+02:00,4287,0.0721831375734185,0.3,0,0.123389,499.9142489631463
2026-08-25T16:31:18.510+02:00,4288,0.08275689124978343,0.3,0,0.12337,499.94814317489863
2026-08-25T16:31:18.767+02:00,4289,0.10559458523995247,0.3,0,0.121444,499.9695746903369
2026-08-25T16:31:19.023+02:00,4290,0.07100410615270676,0.3,0,0.133685,499.9418374746787
2026-08-25T16:31:19.280+02:00,4291,0.09506963698403596,0.3,0,0.130574,499.952223063996
2026-08-25T16:31:19.537+02:00,4292,0.12105837281066556,0.3,0,0.121704,499.95765319357963
2026-08-25T16:31:19.794+02:00,4293,0.10071971207634227,0.3,0,0.131259,499.9111870404694
2026-08-25T16:31:20.051+02:00,4294,0.07777169241634097,0.3,0,0.138425,499.9337450002234
2026-08-25T16:31:20.308+02:00,4295,0.1004224243581675,0.3,0,0.121463,500.0690626852941
2026-08-25T16:31:20.565+02:00,4296,0.09062735857666719,0.3,0,0.124185,499.91905838580817
2026-08-25T16:31:20.821+02:00,4297,0.10542749972591992,0.3,0,0.121537,499.9113346269881
2026-08-25T16:31:21.078+02:00,4298,0.08885963361115364,0.3,0,0.122888,499.9555019892608
2026-08-25T16:31:21.335+02:00,4299,0.06453953545439761,0.3,0,0.124241,499.9831304935799
2026-08-25T16:31:21.592+02:00,4300,0.08080189596473719,0.3,0,0.144074,499.9139183644655
2026-08-25T16:31:21.849+02:00,4301,0.09799188507474517,0.3,0,0.147963,499.95076468936895
2026-08-25T16:31:22.106+02:00,4302,0.10428469666994238,0.3,0,0.155703,499.9770423984967
2026-08-25T16:31:22.363+02:00,4303,0.10146811120768007,0.3,0,0.130759,499.9165434574683
2026-08-25T16:31:22.621+02:00,4304,0.07924505276069449,0.3,0,0.255759,499.88965034385274
2026-08-25T16:31:22.878+02:00,4305,0.07477688669125888,0.3,0,0.126111,500.18088234685433
2026-08-25T16:31:23.135+02:00,4306,0.2843139171778213,0.3,0,0.260555,499.6255070715799
2026-08-25T16:31:23.393+02:00,4307,0.11007874363103332,0.3,0,0.212222,499.952803669644
2026-08-25T16:31:23.651+02:00,4308,0.29324759308357023,0.3,0,0.287073,499.7229292150618
2026-08-25T16:31:23.915+02:00,4309,0.07639707570293423,0.3,0,0.303667,492.7335286795201
2026-08-25T16:31:24.173+02:00,4310,0.12580462666592615,0.3,0,0.22824,500.2970976876789
2026-08-25T16:31:24.430+02:00,4311,0.07191962540623864,0.3,0,0.227444,499.8814139582899
2026-08-25T16:31:24.688+02:00,4312,0.07411393388105747,0.3,0,0.239333,498.6478848477087
2026-08-25T16:31:24.946+02:00,4313,0.6323196841856481,0.3,1,0.26574,499.6862639178318
2026-08-25T16:31:25.206+02:00,4314,0.3388341756157351,0.3,1,0.237352,499.08494347476176
2026-08-25T16:31:25.464+02:00,4315,0.11831283645793185,0.3,0,0.267389,499.8697898209408
2026-08-25T16:31:25.721+02:00,4316,0.09056335669655032,0.3,0,0.303685,500.1036986689621
2026-08-25T16:31:25.979+02:00,4317,0.10552717915148335,0.3,0,0.127611,500.2894312296485
2026-08-25T16:31:26.236+02:00,4318,0.04135431374487789,0.3,0,0.126796,500.0778428264397
2026-08-25T16:31:26.493+02:00,4319,0.14022554604034246,0.3,0,0.223833,499.8330636308393
2026-08-25T16:31:26.750+02:00,4320,0.06594391617506308,0.3,0,0.139055,499.85295664192336
2026-08-25T16:31:27.007+02:00,4321,0.07179908905253747,0.3,0,0.138648,499.88006224202314
2026-08-25T16:31:27.264+02:00,4322,0.24871492956950067,0.3,0,0.145944,499.92481051818663
2026-08-25T16:31:27.521+02:00,4323,0.13122530284393955,0.3,0,0.236296,499.82392029689225
2026-08-25T16:31:27.778+02:00,4324,0.10367760120636937,0.3,0,0.160907,500.15414002403884
2026-08-25T16:31:28.035+02:00,4325,0.14613025754333575,0.3,0,0.12774,500.02045359488244
2026-08-25T16:31:28.296+02:00,4326,0.10252979617120317,0.3,0,0.219333,492.12066761015944
2026-08-25T16:31:28.553+02:00,4327,0.1038495180966142,0.3,0,0.127093,500.03423265749103
2026-08-25T16:31:28.810+02:00,4328,0.08623541621947044,0.3,0,0.132351,499.9716768011982
2026-08-25T16:31:29.067+02:00,4329,0.10592230991601055,0.3,0,0.226056,499.8470527025829
2026-08-25T16:31:29.325+02:00,4330,0.09256317435749882,0.3,0,0.278167,499.897949966578
2026-08-25T16:31:29.582+02:00,4331,0.06511082437694682,0.3,0,0.176481,500.0467760270292
2026-08-25T16:31:29.840+02:00,4332,0.12019815604625499,0.3,0,0.318258,498.9795965517041
2026-08-25T16:31:30.098+02:00,4333,0.06847200671201963,0.3,0,0.141259,507.3043761226794
2026-08-25T16:31:30.356+02:00,4334,0.09968257571698776,0.3,0,0.236314,500.07959141137803
2026-08-25T16:31:30.613+02:00,4335,0.09537919233623586,0.3,0,0.144796,499.7537669909589
2026-08-25T16:31:30.870+02:00,4336,0.07896469408503122,0.3,0,0.157296,499.8863250601754
2026-08-25T16:31:31.128+02:00,4337,0.11709671804730386,0.3,0,0.277315,499.9657346345779
2026-08-25T16:31:31.385+02:00,4338,0.14483331522671375,0.3,0,0.225981,500.1012488470357
2026-08-25T16:31:31.643+02:00,4339,0.04078496946801854,0.3,0,0.247036,499.63346967839533
2026-08-25T16:31:31.901+02:00,4340,0.07785070748230272,0.3,0,0.282963,499.87105688499
2026-08-25T16:31:32.159+02:00,4341,0.08701204968860932,0.3,0,0.296,500.15252879379904
2026-08-25T16:31:32.417+02:00,4342,0.09044523367834138,0.3,0,0.2205,500.15500866998354
2026-08-25T16:31:32.677+02:00,4343,0.08197469187870714,0.3,0,0.373221,494.9923436990364
2026-08-25T16:31:32.935+02:00,4344,0.12536046658570812,0.3,0,0.293555,505.42750942985697
2026-08-25T16:31:33.193+02:00,4345,0.08978395061041256,0.3,0,0.246092,500.0906739183431
2026-08-25T16:31:33.450+02:00,4346,0.09566600788156043,0.3,0,0.137,499.9492590820791
2026-08-25T16:31:33.708+02:00,4347,0.0947676392358403,0.3,0,0.255073,500.0006889809694
2026-08-25T16:31:33.965+02:00,4348,0.05931098549552649,0.3,0,0.305666,499.9937264614337
2026-08-25T16:31:34.223+02:00,4349,0.06711110590674145,0.3,0,0.247666,500.04866615305167
2026-08-25T16:31:34.481+02:00,4350,0.07322586759456347,0.3,0,0.294536,499.76192050625787
2026-08-25T16:31:34.739+02:00,4351,0.07750057689166467,0.3,0,0.230055,499.9838115454989
2026-08-25T16:31:34.997+02:00,4352,0.09348027482975023,0.3,0,0.274463,501.076780469666
2026-08-25T16:31:35.254+02:00,4353,0.08814249068786677,0.3,0,0.239055,500.0913651137646
2026-08-25T16:31:35.512+02:00,4354,0.09175253617312262,0.3,0,0.281203,499.92141195841333
2026-08-25T16:31:35.770+02:00,4355,0.09099415065532208,0.3,0,0.223129,500.07699611117926
2026-08-25T16:31:36.027+02:00,4356,0.08280041089998869,0.3,0,0.213852,500.09143797874844
2026-08-25T16:31:36.285+02:00,4357,0.06332196564431843,0.3,0,0.235462,499.9964586874345
2026-08-25T16:31:36.543+02:00,4358,0.10324909858143087,0.3,0,0.294499,499.87626291490534
2026-08-25T16:31:36.801+02:00,4359,0.09436996039780511,0.3,0,0.254832,499.8209971739664
2026-08-25T16:31:37.058+02:00,4360,0.10084434197829821,0.3,0,0.352166,500.0380914854854
2026-08-25T16:31:37.316+02:00,4361,0.09295909952164132,0.3,0,0.230426,500.0915423510153
2026-08-25T16:31:37.574+02:00,4362,0.08074846666767425,0.3,0,0.273314,499.70900606680044
2026-08-25T16:31:37.831+02:00,4363,0.07527035427482216,0.3,0,0.126222,500.1862307561191
2026-08-25T16:31:38.088+02:00,4364,0.12480239647335001,0.3,0,0.240611,499.86828274014096
2026-08-25T16:31:38.346+02:00,4365,0.08042174041841788,0.3,0,0.219166,499.8552033574022
2026-08-25T16:31:38.603+02:00,4366,0.06738903526447788,0.3,0,0.13487,500.10937628451364
2026-08-25T16:31:38.860+02:00,4367,0.10241470690278269,0.3,0,0.149315,499.9528981390146
2026-08-25T16:31:39.117+02:00,4368,0.06780916728468434,0.3,0,0.136055,499.95173103595397
2026-08-25T16:31:39.374+02:00,4369,0.09363496568866563,0.3,0,0.136703,499.86430849120336
2026-08-25T16:31:39.631+02:00,4370,0.06771851431752947,0.3,0,0.151444,499.98085309670705
2026-08-25T16:31:39.887+02:00,4371,0.07740372329829914,0.3,0,0.122537,500.0134767456646
2026-08-25T16:31:40.144+02:00,4372,0.09642610309724649,0.3,0,0.123759,499.93966673174845
2026-08-25T16:31:40.401+02:00,4373,0.08208554627183003,0.3,0,0.122537,499.95675768080616
2026-08-25T16:31:40.658+02:00,4374,0.08393347037378145,0.3,0,0.123796,499.9593832165755
2026-08-25T16:31:40.915+02:00,4375,0.0835029914850924,0.3,0,0.123926,499.9445120629481
2026-08-25T16:31:41.171+02:00,4376,0.08270224857326379,0.3,0,0.124463,499.94032011486735
2026-08-25T16:31:41.428+02:00,4377,0.09469634060792236,0.3,0,0.124647,499.95493516766845
2026-08-25T16:31:41.685+02:00,4378,0.07060410147496529,0.3,0,0.124185,499.94698986960293
2026-08-25T16:31:41.942+02:00,4379,0.10929038412430438,0.3,0,0.121259,499.9400308144048
2026-08-25T16:31:42.199+02:00,4380,0.11075302687594431,0.3,0,0.125518,499.9724306522227
2026-08-25T16:31:42.456+02:00,4381,0.09800090096268477,0.3,0,0.15713,499.9494677079786
2026-08-25T16:31:42.713+02:00,4382,0.07528691196919073,0.3,0,0.152852,499.92038472637347
2026-08-25T16:31:42.970+02:00,4383,0.06933541353027121,0.3,0,0.163944,499.9430163379646
2026-08-25T16:31:43.227+02:00,4384,0.09287407479600795,0.3,0,0.150092,500.0089548788947
2026-08-25T16:31:43.484+02:00,4385,0.08142583122304892,0.3,0,0.155426,499.9088335569798
2026-08-25T16:31:43.741+02:00,4386,0.1095090159895354,0.3,0,0.173851,499.9608731394432
2026-08-25T16:31:43.998+02:00,4387,0.0899870892955912,0.3,0,0.146296,500.0267435521189
2026-08-25T16:31:44.255+02:00,4388,0.08010665055027759,0.3,0,0.147055,499.9393341305483
2026-08-25T16:31:44.512+02:00,4389,0.10600791554271982,0.3,0,0.150167,499.9343058743452
2026-08-25T16:31:44.769+02:00,4390,0.08008135417542366,0.3,0,0.149222,499.95948754088846
2026-08-25T16:31:45.026+02:00,4391,0.07924992375567959,0.3,0,0.203647,499.6652360928746
2026-08-25T16:31:45.283+02:00,4392,0.09069987776884453,0.3,0,0.12787,500.1738931298239
2026-08-25T16:31:45.540+02:00,4393,0.057745378803884896,0.3,0,0.146499,499.95387433176165
2026-08-25T16:31:45.797+02:00,4394,0.1153596796311247,0.3,0,0.121185,499.9944075422196
2026-08-25T16:31:46.053+02:00,4395,0.09385558638154512,0.3,0,0.123703,499.91305645466844
2026-08-25T16:31:46.310+02:00,4396,0.19533840926451518,0.3,0,0.125481,499.9740663072447
2026-08-25T16:31:46.567+02:00,4397,0.11903721401454319,0.3,0,0.124333,499.97034821214766
2026-08-25T16:31:46.824+02:00,4398,0.07730943529512806,0.3,0,0.121167,499.91637225755613
2026-08-25T16:31:47.081+02:00,4399,0.092035072718286,0.3,0,0.136944,499.9554764062213
2026-08-25T16:31:47.338+02:00,4400,0.07251266226241881,0.3,0,0.122018,499.9648804225037
2026-08-25T16:31:47.594+02:00,4401,0.06303303333036918,0.3,0,0.142481,499.9311689259848
2026-08-25T16:31:47.851+02:00,4402,0.09118957634037805,0.3,0,0.124537,499.96090659931633
2026-08-25T16:31:48.108+02:00,4403,0.0877709852602256,0.3,0,0.123685,499.96211113625003
2026-08-25T16:31:48.365+02:00,4404,0.09282834487468501,0.3,0,0.122814,499.94217204813253
2026-08-25T16:31:48.622+02:00,4405,0.08958696659014043,0.3,0,0.123,499.94268373946727
2026-08-25T16:31:48.878+02:00,4406,0.10745275721210464,0.3,0,0.145777,499.954454941245
2026-08-25T16:31:49.135+02:00,4407,0.09451845537628427,0.3,0,0.122315,499.95015457515
2026-08-25T16:31:49.392+02:00,4408,0.10412716865683465,0.3,0,0.124093,499.9254815815954
2026-08-25T16:31:49.649+02:00,4409,0.06015514628106145,0.3,0,0.122889,499.95573029634534
2026-08-25T16:31:49.906+02:00,4410,0.11072791992956448,0.3,0,0.12087,499.96615386884304
2026-08-25T16:31:50.163+02:00,4411,0.08084821501774697,0.3,0,0.149166,499.8697642466724
2026-08-25T16:31:50.420+02:00,4412,0.07808413603296079,0.3,0,0.14787,499.95372278209675
2026-08-25T16:31:50.677+02:00,4413,0.13670928466890567,0.3,0,0.147426,499.99141353475994
2026-08-25T16:31:50.934+02:00,4414,0.0995687683164499,0.3,0,0.161666,499.8851405659668
2026-08-25T16:31:51.191+02:00,4415,0.057271548347879765,0.3,0,0.151222,499.9809515079738
2026-08-25T16:31:51.448+02:00,4416,0.06341955676176998,0.3,0,0.15613,499.9770856922014
2026-08-25T16:31:51.705+02:00,4417,0.0822975966128973,0.3,0,0.153,499.94894812685226
2026-08-25T16:31:51.962+02:00,4418,0.08117074174951237,0.3,0,0.167148,499.9459959903235
2026-08-25T16:31:52.219+02:00,4419,0.06996389887234035,0.3,0,0.150499,500.0420488155207
2026-08-25T16:31:52.476+02:00,4420,0.07682535610729176,0.3,0,0.153407,499.95882425523786
2026-08-25T16:31:52.733+02:00,4421,0.11323639273908981,0.3,0,0.152814,499.89858356918165
2026-08-25T16:31:52.990+02:00,4422,0.06889287940977577,0.3,0,0.138389,499.9642919195776
2026-08-25T16:31:53.247+02:00,4423,0.10889427128475981,0.3,0,0.154777,499.9831718262541
2026-08-25T16:31:53.504+02:00,4424,0.05358431026463236,0.3,0,0.160074,499.91429028443264
2026-08-25T16:31:53.761+02:00,4425,0.11887836150086055,0.3,0,0.192351,499.9629436932308
2026-08-25T16:31:54.018+02:00,4426,0.08119865786622815,0.3,0,0.152074,499.81128975344006
2026-08-25T16:31:54.275+02:00,4427,0.09373625801259096,0.3,0,0.128704,500.05779802035
2026-08-25T16:31:54.532+02:00,4428,0.10402646264769395,0.3,0,0.12313,499.941219506587
2026-08-25T16:31:54.789+02:00,4429,0.09046552648866779,0.3,0,0.133926,499.9669510023228
2026-08-25T16:31:55.051+02:00,4430,0.08202059930716432,0.3,0,0.12874,499.94457307149383
2026-08-25T16:31:55.308+02:00,4431,0.05903898715052236,0.3,0,0.121574,499.9896950915469
2026-08-25T16:31:55.565+02:00,4432,0.07402006564279122,0.3,0,0.121778,499.92853580412
2026-08-25T16:31:55.822+02:00,4433,0.07404796194288832,0.3,0,0.120722,499.94096366228734
2026-08-25T16:31:56.078+02:00,4434,0.09938858052349057,0.3,0,0.121833,499.9625756390339
2026-08-25T16:31:56.335+02:00,4435,0.07514481607608252,0.3,0,0.122352,499.9448623772134
2026-08-25T16:31:56.592+02:00,4436,0.08438231878958129,0.3,0,0.129833,499.9135582572358
2026-08-25T16:31:56.849+02:00,4437,0.09171241648421656,0.3,0,0.133111,499.9682244663705
2026-08-25T16:31:57.106+02:00,4438,0.06542395894378676,0.3,0,0.130722,499.95379167610764
2026-08-25T16:31:57.363+02:00,4439,0.11393803427908004,0.3,0,0.12824,499.92026271394434
2026-08-25T16:31:57.620+02:00,4440,0.07599365803249765,0.3,0,0.179555,499.9553209246925
2026-08-25T16:31:57.877+02:00,4441,0.06579208976476769,0.3,0,0.123889,499.9984429196699
2026-08-25T16:31:58.134+02:00,4442,0.08039571613642031,0.3,0,0.130629,499.9174545760099
2026-08-25T16:31:58.390+02:00,4443,0.09711146456787649,0.3,0,0.151704,499.9666557708519
2026-08-25T16:31:58.647+02:00,4444,0.08037636565573554,0.3,0,0.123352,499.96745684417596
2026-08-25T16:31:58.904+02:00,4445,0.10835410343724187,0.3,0,0.131093,499.9382989564451
2026-08-25T16:31:59.161+02:00,4446,0.07352870344287747,0.3,0,0.158611,499.9164706506
2026-08-25T16:31:59.418+02:00,4447,0.07583680003528522,0.3,0,0.160351,499.9562302155532
2026-08-25T16:31:59.675+02:00,4448,0.069836498191672,0.3,0,0.1605,499.9616249888128
2026-08-25T16:31:59.932+02:00,4449,0.0689719264892122,0.3,0,0.171648,499.9524041406405
2026-08-25T16:32:00.189+02:00,4450,0.05564797606988018,0.3,0,0.155056,499.97981183584
2026-08-25T16:32:00.446+02:00,4451,0.14341993049224863,0.3,0,0.159721,499.99617916157644
2026-08-25T16:32:00.703+02:00,4452,0.07735135985121744,0.3,0,0.159852,499.92178979581723
2026-08-25T16:32:00.960+02:00,4453,0.09459621734211232,0.3,0,0.177851,499.9627901689823
2026-08-25T16:32:01.217+02:00,4454,0.10625171677454726,0.3,0,0.159148,500.0058386501686
2026-08-25T16:32:01.474+02:00,4455,0.10645631394978923,0.3,0,0.185999,499.96063892761714
2026-08-25T16:32:01.732+02:00,4456,0.09673375001408595,0.3,0,0.192093,499.99256900718154
2026-08-25T16:32:01.989+02:00,4457,0.1132061539054993,0.3,0,0.153944,500.02618050098255
2026-08-25T16:32:02.246+02:00,4458,0.08380935359552606,0.3,0,0.151722,499.9364017963295
2026-08-25T16:32:02.503+02:00,4459,0.0937899324099661,0.3,0,0.151499,499.91402463134756
2026-08-25T16:32:02.760+02:00,4460,0.1071305145802774,0.3,0,0.146648,499.9603102366428
2026-08-25T16:32:03.017+02:00,4461,0.08950740225901099,0.3,0,0.162481,499.9575036106673
2026-08-25T16:32:03.274+02:00,4462,0.06845667013451884,0.3,0,0.158259,499.90662767938903
2026-08-25T16:32:03.531+02:00,4463,0.07554643374400734,0.3,0,0.175999,499.95403965747175
2026-08-25T16:32:03.788+02:00,4464,0.13215322731955825,0.3,0,0.151129,499.9917658840701
2026-08-25T16:32:04.045+02:00,4465,0.07581641865212714,0.3,0,0.154704,499.9423393278676
2026-08-25T16:32:04.302+02:00,4466,0.08753145203998558,0.3,0,0.152426,499.9585211643184
2026-08-25T16:32:04.559+02:00,4467,0.0693070628040604,0.3,0,0.152314,499.97660149199686
2026-08-25T16:32:04.816+02:00,4468,0.08148183228604866,0.3,0,0.161259,499.94802705582606
2026-08-25T16:32:05.073+02:00,4469,0.09937424186413664,0.3,0,0.2445,499.92014661498166
2026-08-25T16:32:05.330+02:00,4470,0.1013997799412527,0.3,0,0.168092,499.98633108207684
2026-08-25T16:32:05.587+02:00,4471,0.08048183131618754,0.3,0,0.159388,499.97488708179867
2026-08-25T16:32:05.844+02:00,4472,0.11057835718423864,0.3,0,0.159611,499.903235265519
2026-08-25T16:32:06.101+02:00,4473,0.07331620990143893,0.3,0,0.154,499.96577399526734
2026-08-25T16:32:06.358+02:00,4474,0.11258977611540259,0.3,0,0.168926,499.97317269767905
2026-08-25T16:32:06.616+02:00,4475,0.09115853871336554,0.3,0,0.243906,499.90108650522745
2026-08-25T16:32:06.873+02:00,4476,0.1009561196705429,0.3,0,0.151926,499.97845761816274
2026-08-25T16:32:07.130+02:00,4477,0.06823066293572566,0.3,0,0.146278,499.9767806027841
2026-08-25T16:32:07.387+02:00,4478,0.13601598345184346,0.3,0,0.151037,499.9822486670434
2026-08-25T16:32:07.644+02:00,4479,0.09620760939917439,0.3,0,0.151351,499.88308443575914
2026-08-25T16:32:07.901+02:00,4480,0.0823882077963483,0.3,0,0.149036,499.9550197998846
2026-08-25T16:32:08.158+02:00,4481,0.08302063809775835,0.3,0,0.152796,499.91595113805687
2026-08-25T16:32:08.415+02:00,4482,0.05417009706000039,0.3,0,0.151796,499.9441597802353
2026-08-25T16:32:08.672+02:00,4483,0.10919285794317186,0.3,0,0.153074,499.962711441389
2026-08-25T16:32:08.929+02:00,4484,0.1249454160278083,0.3,0,0.151389,499.97116701250354
2026-08-25T16:32:09.186+02:00,4485,0.08355033570667143,0.3,0,0.153074,499.957570529516
2026-08-25T16:32:09.443+02:00,4486,0.0922456929763058,0.3,0,0.152278,499.9452874833172
2026-08-25T16:32:09.700+02:00,4487,0.10030071238102038,0.3,0,0.144073,499.9644592212759
2026-08-25T16:32:09.957+02:00,4488,0.1257132271032925,0.3,0,0.15,499.9539255046755
2026-08-25T16:32:10.214+02:00,4489,0.0746402243818108,0.3,0,0.159389,499.92425754049674
2026-08-25T16:32:10.471+02:00,4490,0.09962652750396177,0.3,0,0.153537,499.9634377124332
2026-08-25T16:32:10.728+02:00,4491,0.15537057227132936,0.3,0,0.150963,499.9164234227932
2026-08-25T16:32:10.985+02:00,4492,0.06442351214764451,0.3,0,0.154704,499.9180626416876
2026-08-25T16:32:11.242+02:00,4493,0.08572300969719458,0.3,0,0.150518,499.98486856277606
2026-08-25T16:32:11.499+02:00,4494,0.052916238145787574,0.3,0,0.159852,499.9687952563616
2026-08-25T16:32:11.756+02:00,4495,0.07739354368410804,0.3,0,0.150592,499.9172243351553
2026-08-25T16:32:12.013+02:00,4496,0.08215446213911075,0.3,0,0.149925,499.9139085281234
2026-08-25T16:32:12.270+02:00,4497,0.08351611892480933,0.3,0,0.135555,499.9531205366939
2026-08-25T16:32:12.527+02:00,4498,0.12083362515855829,0.3,0,0.151944,499.9701415522853
2026-08-25T16:32:12.784+02:00,4499,0.06719107670927826,0.3,0,0.148926,499.8545501967462
2026-08-25T16:32:13.041+02:00,4500,0.08769182460697571,0.3,0,0.156574,499.9754638017184
2026-08-25T16:32:13.298+02:00,4501,0.07945785900489911,0.3,0,0.154685,499.9712713345738
2026-08-25T16:32:13.555+02:00,4502,0.09406175978867642,0.3,0,0.157241,499.92203381506675
2026-08-25T16:32:13.812+02:00,4503,0.0918654725171552,0.3,0,0.152259,499.95680097815807
2026-08-25T16:32:14.070+02:00,4504,0.0971068499692902,0.3,0,0.248758,499.95118783651657
2026-08-25T16:32:14.327+02:00,4505,0.07347847964476628,0.3,0,0.1575,500.0238731899018
2026-08-25T16:32:14.584+02:00,4506,0.12782129583298207,0.3,0,0.152518,499.9093117271008
2026-08-25T16:32:14.841+02:00,4507,0.10187386482531118,0.3,0,0.159425,499.95621839419226
2026-08-25T16:32:15.098+02:00,4508,0.05320604255297077,0.3,0,0.149963,499.9770640453481
2026-08-25T16:32:15.355+02:00,4509,0.08513620388298422,0.3,0,0.157185,499.9126274731539
2026-08-25T16:32:15.612+02:00,4510,0.06867399383891071,0.3,0,0.170167,499.9705037030233
2026-08-25T16:32:15.869+02:00,4511,0.09645366977306587,0.3,0,0.148407,500.0394381546317
2026-08-25T16:32:16.126+02:00,4512,0.07762117986169274,0.3,0,0.194889,499.8793598200088
2026-08-25T16:32:16.383+02:00,4513,0.09451846808352915,0.3,0,0.152963,499.95665336479254
2026-08-25T16:32:16.640+02:00,4514,0.09346668102986315,0.3,0,0.15263,499.9647800413021
2026-08-25T16:32:16.897+02:00,4515,0.09453997096979612,0.3,0,0.151963,499.97214328375503
2026-08-25T16:32:17.154+02:00,4516,0.08310207909776561,0.3,0,0.152,499.93445544337675
2026-08-25T16:32:17.411+02:00,4517,0.11473906443025077,0.3,0,0.176648,499.97035608872665
2026-08-25T16:32:17.668+02:00,4518,0.07135548854294216,0.3,0,0.152222,499.9983504024518
2026-08-25T16:32:17.925+02:00,4519,0.09007893503585152,0.3,0,0.158518,499.9477593979177
2026-08-25T16:32:18.182+02:00,4520,0.10074723230774237,0.3,0,0.151925,499.92304727963744
2026-08-25T16:32:18.439+02:00,4521,0.07775126740260134,0.3,0,0.162036,499.9957264124175
2026-08-25T16:32:18.696+02:00,4522,0.09041688460656654,0.3,0,0.153684,499.95883803861585
2026-08-25T16:32:18.953+02:00,4523,0.09996308185278953,0.3,0,0.15187,499.9174368646167
2026-08-25T16:32:19.210+02:00,4524,0.09851745515712389,0.3,0,0.150222,499.9816542155272
2026-08-25T16:32:19.467+02:00,4525,0.07466077688911461,0.3,0,0.149185,499.9756035566079
2026-08-25T16:32:19.724+02:00,4526,0.09404339570115165,0.3,0,0.154036,499.9239229910201
2026-08-25T16:32:19.981+02:00,4527,0.09683288128836631,0.3,0,0.209315,499.9512901812548
2026-08-25T16:32:20.238+02:00,4528,0.07752837950499804,0.3,0,0.190184,499.9589462864907
2026-08-25T16:32:20.495+02:00,4529,0.07224641875352732,0.3,0,0.156259,499.92668987828097
2026-08-25T16:32:20.752+02:00,4530,0.0769611528434635,0.3,0,0.161519,499.95493516050834
2026-08-25T16:32:21.009+02:00,4531,0.07735205728142029,0.3,0,0.150055,499.98657319506503
2026-08-25T16:32:21.266+02:00,4532,0.06335363422179752,0.3,0,0.157444,499.93700400145406
2026-08-25T16:32:21.523+02:00,4533,0.07560053569291192,0.3,0,0.156314,499.9194736043104
2026-08-25T16:32:21.780+02:00,4534,0.10063873284321605,0.3,0,0.139351,499.96448480523475
2026-08-25T16:32:22.037+02:00,4535,0.11323845437524212,0.3,0,0.149777,499.9618611706406
2026-08-25T16:32:22.294+02:00,4536,0.0960138663949716,0.3,0,0.162296,499.9190367296612
2026-08-25T16:32:22.551+02:00,4537,0.11224134735011641,0.3,0,0.162721,499.9901438911817
2026-08-25T16:32:22.808+02:00,4538,0.07501214373793852,0.3,0,0.158685,499.9636443810743
2026-08-25T16:32:23.065+02:00,4539,0.09142557175766679,0.3,0,0.150074,499.975089828702
2026-08-25T16:32:23.322+02:00,4540,0.0677431527050606,0.3,0,0.150704,499.9940453425292
2026-08-25T16:32:23.579+02:00,4541,0.09113625238069811,0.3,0,0.149333,499.9729739049826
2026-08-25T16:32:23.836+02:00,4542,0.0650006691288872,0.3,0,0.160556,499.9132394644787
2026-08-25T16:32:24.093+02:00,4543,0.09578217559192896,0.3,0,0.15524,499.96776389133885
2026-08-25T16:32:24.350+02:00,4544,0.0809954154876708,0.3,0,0.155407,499.95631877911603
2026-08-25T16:32:24.607+02:00,4545,0.08599066919481047,0.3,0,0.152981,499.95813933329276
2026-08-25T16:32:24.864+02:00,4546,0.08708127583029206,0.3,0,0.149536,499.9064623778753
2026-08-25T16:32:25.121+02:00,4547,0.08041045987243482,0.3,0,0.162555,499.95573423440453
2026-08-25T16:32:25.378+02:00,4548,0.0837202710705816,0.3,0,0.155574,499.97625506447235
2026-08-25T16:32:25.635+02:00,4549,0.0827866952964671,0.3,0,0.150481,499.9465470543079
2026-08-25T16:32:25.892+02:00,4550,0.1133135900366425,0.3,0,0.152666,499.96564802962644
2026-08-25T16:32:26.149+02:00,4551,0.05165707077737854,0.3,0,0.146463,499.95186880857693
2026-08-25T16:32:26.406+02:00,4552,0.0800650357201061,0.3,0,0.150759,499.95070171032205
2026-08-25T16:32:26.663+02:00,4553,0.07586475581970831,0.3,0,0.153037,499.85315337097023
2026-08-25T16:32:26.920+02:00,4554,0.1014629502929029,0.3,0,0.162371,499.96098138819934
2026-08-25T16:32:27.177+02:00,4555,0.10063765386036809,0.3,0,0.160222,499.9663034569316
2026-08-25T16:32:27.434+02:00,4556,0.07771068416075921,0.3,0,0.154296,499.9309485166692
2026-08-25T16:32:27.691+02:00,4557,0.07827443290095355,0.3,0,0.170351,499.9659373597376
2026-08-25T16:32:27.948+02:00,4558,0.06687011711408648,0.3,0,0.152092,499.9604696665688
2026-08-25T16:32:28.205+02:00,4559,0.08130436015313751,0.3,0,0.151629,499.93404413770475
2026-08-25T16:32:28.462+02:00,4560,0.07534099822455549,0.3,0,0.149222,499.95573029634534
2026-08-25T16:32:28.719+02:00,4561,0.09499952430844288,0.3,0,0.154074,499.97322584371096
2026-08-25T16:32:28.976+02:00,4562,0.08421307949170138,0.3,0,0.154889,499.9192866524506
2026-08-25T16:32:29.233+02:00,4563,0.1032855114157969,0.3,0,0.151759,499.94738349022134
2026-08-25T16:32:29.490+02:00,4564,0.08085418783508953,0.3,0,0.153684,499.9654610503903
2026-08-25T16:32:29.747+02:00,4565,0.12770167389865072,0.3,0,0.152333,499.9478223762233
2026-08-25T16:32:30.004+02:00,4566,0.09376728096603597,0.3,0,0.149574,499.90922711035887
2026-08-25T16:32:30.261+02:00,4567,0.05612100173271924,0.3,0,0.156944,499.9440653070072
2026-08-25T16:32:30.518+02:00,4568,0.10959187121267651,0.3,0,0.150148,499.9731136513195
2026-08-25T16:32:30.775+02:00,4569,0.08621997569937949,0.3,0,0.152074,499.8664864459181
2026-08-25T16:32:31.032+02:00,4570,0.07615408803061789,0.3,0,0.151851,500.0076713744802
2026-08-25T16:32:31.289+02:00,4571,0.06718209332813803,0.3,0,0.153259,499.98051454018986
2026-08-25T16:32:31.546+02:00,4572,0.0901964727329491,0.3,0,0.150296,499.93280234219384
2026-08-25T16:32:31.803+02:00,4573,0.0847716241932992,0.3,0,0.149629,499.9530673949363
2026-08-25T16:32:32.060+02:00,4574,0.08968916601221222,0.3,0,0.167055,499.95773191957994
2026-08-25T16:32:32.317+02:00,4575,0.07161656975293047,0.3,0,0.157018,500.0034055349846
2026-08-25T16:32:32.574+02:00,4576,0.055161690229637315,0.3,0,0.148796,499.9280654724686
2026-08-25T16:32:32.831+02:00,4577,0.06418282340187105,0.3,0,0.157852,499.95842471661183
2026-08-25T16:32:33.088+02:00,4578,0.056594671818524254,0.3,0,0.150962,499.9884589274181
2026-08-25T16:32:33.345+02:00,4579,0.09320116281033945,0.3,0,0.153315,499.9310154212499
2026-08-25T16:32:33.602+02:00,4580,0.1040424481025705,0.3,0,0.150982,499.9572201974411
2026-08-25T16:32:33.859+02:00,4581,0.11273486501836012,0.3,0,0.147296,499.9762826259906
2026-08-25T16:32:34.116+02:00,4582,0.08353868614991444,0.3,0,0.160907,499.9186982640143
2026-08-25T16:32:34.373+02:00,4583,0.0793527676314083,0.3,0,0.154352,499.89967564639335
2026-08-25T16:32:34.630+02:00,4584,0.08244395890962997,0.3,0,0.160537,499.94602944820537
2026-08-25T16:32:34.887+02:00,4585,0.09352199064731644,0.3,0,0.149574,499.9715449322809
2026-08-25T16:32:35.144+02:00,4586,0.045062906161247085,0.3,0,0.14987,499.91640177403343
2026-08-25T16:32:35.401+02:00,4587,0.07111852941057369,0.3,0,0.171796,499.969210557488
2026-08-25T16:32:35.658+02:00,4588,0.09445230642985732,0.3,0,0.15213,499.9628669346749
2026-08-25T16:32:35.915+02:00,4589,0.09320959309798009,0.3,0,0.148777,499.93826746849
2026-08-25T16:32:36.172+02:00,4590,0.06940645557734197,0.3,0,0.149778,499.9638156133654
2026-08-25T16:32:36.429+02:00,4591,0.07784183192054724,0.3,0,0.156314,500.0055158151866
2026-08-25T16:32:36.686+02:00,4592,0.10390531679994412,0.3,0,0.152296,499.96130023468874
2026-08-25T16:32:36.943+02:00,4593,0.10518002639545306,0.3,0,0.1735,499.9503297361751
2026-08-25T16:32:37.200+02:00,4594,0.10577477513001732,0.3,0,0.158463,499.9771919859402
2026-08-25T16:32:37.457+02:00,4595,0.0752374449414952,0.3,0,0.152425,499.95871010741683
2026-08-25T16:32:37.714+02:00,4596,0.08213156451101793,0.3,0,0.151203,499.93028530674064
2026-08-25T16:32:37.971+02:00,4597,0.09404204363015599,0.3,0,0.163685,499.9511661847458
2026-08-25T16:32:38.228+02:00,4598,0.05857444504682771,0.3,0,0.148036,499.997385844997
2026-08-25T16:32:38.485+02:00,4599,0.10266848894721647,0.3,0,0.173722,499.8850598943531
2026-08-25T16:32:38.742+02:00,4600,0.10205114654100762,0.3,0,0.198833,500.00179528293086
2026-08-25T16:32:38.999+02:00,4601,0.13612501763195453,0.3,0,0.153018,499.99957282986736
2026-08-25T16:32:39.256+02:00,4602,0.07392041207752402,0.3,0,0.1535,499.94956217608853
2026-08-25T16:32:39.513+02:00,4603,0.09571651429978063,0.3,0,0.158833,499.93283382946055
2026-08-25T16:32:39.771+02:00,4604,0.059349624460624195,0.3,0,0.185945,499.97554844088484
2026-08-25T16:32:40.027+02:00,4605,0.07058893996940944,0.3,0,0.150278,499.97963075366306
2026-08-25T16:32:40.285+02:00,4606,0.09499002097079001,0.3,0,0.160315,499.85022794506597
2026-08-25T16:32:40.542+02:00,4607,0.11626573425965721,0.3,0,0.161425,499.9563384551387
2026-08-25T16:32:40.799+02:00,4608,0.08241389513628976,0.3,0,0.170574,499.9902029487249
2026-08-25T16:32:41.056+02:00,4609,0.05895026282395891,0.3,0,0.150648,499.95170939129616
2026-08-25T16:32:41.313+02:00,4610,0.08089886100079291,0.3,0,0.172759,499.9503966531033
2026-08-25T16:32:41.570+02:00,4611,0.09412777705639408,0.3,0,0.160407,499.96352037843707
2026-08-25T16:32:41.827+02:00,4612,0.07882564302711792,0.3,0,0.157888,499.94934175055425
2026-08-25T16:32:42.084+02:00,4613,0.09479098216430515,0.3,0,0.1545,499.9261998764509
2026-08-25T16:32:42.341+02:00,4614,0.16436277870542768,0.3,0,0.1485,499.95608259536453
2026-08-25T16:32:42.598+02:00,4615,0.10786385530186952,0.3,0,0.158037,499.9613671545538
2026-08-25T16:32:42.855+02:00,4616,0.14421340884097278,0.3,0,0.161907,499.92470228509296
2026-08-25T16:32:43.112+02:00,4617,0.054306127160540875,0.3,0,0.157962,499.9516365670244
2026-08-25T16:32:43.369+02:00,4618,0.10245706544791222,0.3,0,0.1515,499.9752177611231
2026-08-25T16:32:43.626+02:00,4619,0.1060383552866521,0.3,0,0.311963,499.8417725349862
2026-08-25T16:32:43.884+02:00,4620,0.06620509111430432,0.3,0,0.151685,500.03901485092234
2026-08-25T16:32:44.141+02:00,4621,0.11720876149319019,0.3,0,0.150259,499.9996751944163
2026-08-25T16:32:44.398+02:00,4622,0.09447721264878835,0.3,0,0.159685,499.9657031431667
2026-08-25T16:32:44.655+02:00,4623,0.1155582603888708,0.3,0,0.149833,499.8970802447306
2026-08-25T16:32:44.912+02:00,4624,0.10446960985066707,0.3,0,0.163222,499.9578303289052
2026-08-25T16:32:45.169+02:00,4625,0.13230950321530255,0.3,0,0.152704,499.9703324733115
2026-08-25T16:32:45.426+02:00,4626,0.11803379483384153,0.3,0,0.157055,499.941902420413
2026-08-25T16:32:45.683+02:00,4627,0.09362047659452581,0.3,0,0.151777,499.96380773699246
2026-08-25T16:32:45.940+02:00,4628,0.07026092261952566,0.3,0,0.149629,499.9615108397129
2026-08-25T16:32:46.197+02:00,4629,0.057873451018342376,0.3,0,0.150647,499.9503946841158
2026-08-25T16:32:46.454+02:00,4630,0.06421630737121475,0.3,0,0.151092,499.93767509043903
2026-08-25T16:32:46.711+02:00,4631,0.11524570805836361,0.3,0,0.154074,499.9674509368102
2026-08-25T16:32:46.968+02:00,4632,0.1270173935746429,0.3,0,0.152907,499.94627546007405
2026-08-25T16:32:47.225+02:00,4633,0.07497669395400068,0.3,0,0.149963,499.93136966143584
2026-08-25T16:32:47.482+02:00,4634,0.06267388315194052,0.3,0,0.169721,499.9573186065649
2026-08-25T16:32:47.739+02:00,4635,0.061812037339464575,0.3,0,0.150592,499.97962484600964
2026-08-25T16:32:47.996+02:00,4636,0.09969700343540418,0.3,0,0.150259,499.8980247366269
2026-08-25T16:32:48.253+02:00,4637,0.10725905551990249,0.3,0,0.172833,499.94707449912914
2026-08-25T16:32:48.510+02:00,4638,0.0824798316331794,0.3,0,0.150796,499.9833411026743
2026-08-25T16:32:48.767+02:00,4639,0.07591515732559591,0.3,0,0.151796,499.9343196563713
2026-08-25T16:32:49.024+02:00,4640,0.09164380559686484,0.3,0,0.153963,499.94197326576796
2026-08-25T16:32:49.281+02:00,4641,0.07251955483851329,0.3,0,0.153407,499.95195737775464
2026-08-25T16:32:49.538+02:00,4642,0.11745193993343639,0.3,0,0.151851,499.96110735864903
2026-08-25T16:32:49.795+02:00,4643,0.08414697075507194,0.3,0,0.159314,499.9123421421159
2026-08-25T16:32:50.052+02:00,4644,0.09388855510745979,0.3,0,0.170519,499.96365815039735
2026-08-25T16:32:50.309+02:00,4645,0.09973266440351525,0.3,0,0.154185,499.9676674400661
2026-08-25T16:32:50.566+02:00,4646,0.06487974823114066,0.3,0,0.15274,499.89824118691746
2026-08-25T16:32:50.823+02:00,4647,0.11172368349692725,0.3,0,0.145463,499.92440513473304
2026-08-25T16:32:51.080+02:00,4648,0.09963622378968247,0.3,0,0.151814,499.9586628644687
2026-08-25T16:32:51.337+02:00,4649,0.07626894413749093,0.3,0,0.154555,499.9573520588021
2026-08-25T16:32:51.594+02:00,4650,0.09562254462666712,0.3,0,0.151685,499.870075110564
2026-08-25T16:32:51.851+02:00,4651,0.06536619576870113,0.3,0,0.152536,499.9589561246052
2026-08-25T16:32:52.108+02:00,4652,0.06651606446066927,0.3,0,0.151944,499.9698522173082
2026-08-25T16:32:52.365+02:00,4653,0.062213186428200146,0.3,0,0.151222,499.9263336902475
2026-08-25T16:32:52.622+02:00,4654,0.08780904619900398,0.3,0,0.321499,499.9522112571446
2026-08-25T16:32:52.879+02:00,4655,0.07341528947178884,0.3,0,0.151314,500.0344472561011
2026-08-25T16:32:53.136+02:00,4656,0.084480789851245,0.3,0,0.154648,499.9266997222854
2026-08-25T16:32:53.393+02:00,4657,0.0771804011797476,0.3,0,0.16087,499.95665730286623
2026-08-25T16:32:53.650+02:00,4658,0.06541686444225245,0.3,0,0.173555,499.97772343382996
2026-08-25T16:32:53.907+02:00,4659,0.07412486566427778,0.3,0,0.151315,499.9556712541056
2026-08-25T16:32:54.164+02:00,4660,0.10169385568335006,0.3,0,0.150907,499.9141249921692
2026-08-25T16:32:54.421+02:00,4661,0.11453121375703905,0.3,0,0.136148,499.96339835211165
2026-08-25T16:32:54.678+02:00,4662,0.0676536229066722,0.3,0,0.153278,499.9946378470132
2026-08-25T16:32:54.935+02:00,4663,0.07362328230710524,0.3,0,0.153333,499.91868055253303
2026-08-25T16:32:55.192+02:00,4664,0.06953617532886609,0.3,0,0.15137,499.96616764546474
2026-08-25T16:32:55.449+02:00,4665,0.08895957749492199,0.3,0,0.151593,499.96638808583623
2026-08-25T16:32:55.706+02:00,4666,0.08763125181062976,0.3,0,0.15174,499.9444805813701
2026-08-25T16:32:55.963+02:00,4667,0.0929855885652963,0.3,0,0.173148,499.9484167401337
2026-08-25T16:32:56.220+02:00,4668,0.14710468652433897,0.3,0,0.152537,500.02412714949793
2026-08-25T16:32:56.478+02:00,4669,0.06718267552976946,0.3,0,0.250815,499.96106406055117
2026-08-25T16:32:56.735+02:00,4670,0.08967322586964244,0.3,0,0.151241,499.94739529684466
2026-08-25T16:32:56.992+02:00,4671,0.0712066919903916,0.3,0,0.16487,499.9661302466644
2026-08-25T16:32:57.249+02:00,4672,0.08369376237703023,0.3,0,0.152611,499.9677697915515
2026-08-25T16:32:57.506+02:00,4673,0.06415227999614477,0.3,0,0.153796,499.9375196199821
2026-08-25T16:32:57.763+02:00,4674,0.04913067204046251,0.3,0,0.150574,499.96799024049625
2026-08-25T16:32:58.020+02:00,4675,0.09016066898200274,0.3,0,0.150981,499.9854492442505
2026-08-25T16:32:58.278+02:00,4676,0.06735416990975558,0.3,0,0.242407,499.9344574050793
2026-08-25T16:32:58.535+02:00,4677,0.08139287159457631,0.3,0,0.155574,499.90544898054657
2026-08-25T16:32:58.792+02:00,4678,0.06995170034494541,0.3,0,0.157389,499.9632133364864
2026-08-25T16:32:59.049+02:00,4679,0.07251177585149489,0.3,0,0.154851,499.9414556762958
2026-08-25T16:32:59.306+02:00,4680,0.0873450551538042,0.3,0,0.152888,499.89717666161215
2026-08-25T16:32:59.563+02:00,4681,0.05974825938798711,0.3,0,0.182389,499.95628728889096
2026-08-25T16:32:59.820+02:00,4682,0.0926360897109113,0.3,0,0.15263,500.06809588508037
2026-08-25T16:33:00.077+02:00,4683,0.06649979473427292,0.3,0,0.242148,499.8373147556506
2026-08-25T16:33:00.335+02:00,4684,0.07231201727526548,0.3,0,0.154204,499.93922982896504
2026-08-25T16:33:00.592+02:00,4685,0.09106449013683537,0.3,0,0.1365,499.9658369781116
2026-08-25T16:33:00.849+02:00,4686,0.11990494356410153,0.3,0,0.151148,499.9711217435125
2026-08-25T16:33:01.106+02:00,4687,0.0791355611213674,0.3,0,0.150388,499.91499476616764
2026-08-25T16:33:01.363+02:00,4688,0.08455226286059507,0.3,0,0.153703,499.969736088151
2026-08-25T16:33:01.620+02:00,4689,0.08065335723554741,0.3,0,0.229259,499.90202116922956
2026-08-25T16:33:01.878+02:00,4690,0.10842872724760229,0.3,0,0.258221,499.9065765161571
2026-08-25T16:33:02.135+02:00,4691,0.06892402619356404,0.3,0,0.153741,499.98529767544255
2026-08-25T16:33:02.392+02:00,4692,0.08663585015240116,0.3,0,0.13824,499.9590545344124
2026-08-25T16:33:02.649+02:00,4693,0.0876827239425949,0.3,0,0.154944,499.97494613573775
2026-08-25T16:33:02.906+02:00,4694,0.08233050938242255,0.3,0,0.151518,499.89597243754537
2026-08-25T16:33:03.163+02:00,4695,0.042354886821998505,0.3,0,0.153407,499.9476452479893
2026-08-25T16:33:03.420+02:00,4696,0.05893189712007896,0.3,0,0.149703,499.9905828594237
2026-08-25T16:33:03.677+02:00,4697,0.060964468611854894,0.3,0,0.154907,499.9419240713814
2026-08-25T16:33:03.934+02:00,4698,0.1004827695410115,0.3,0,0.164204,499.96532327743637
2026-08-25T16:33:04.191+02:00,4699,0.10867684239193758,0.3,0,0.149351,500.052814627329
2026-08-25T16:33:04.448+02:00,4700,0.08479306966646649,0.3,0,0.153814,499.9644474138466
2026-08-25T16:33:04.705+02:00,4701,0.06509684805307236,0.3,0,0.151185,499.9045693966309
2026-08-25T16:33:04.962+02:00,4702,0.0892634001817848,0.3,0,0.136685,499.95067022080457
2026-08-25T16:33:05.219+02:00,4703,0.10252773826293886,0.3,0,0.148871,500.0169730132412
2026-08-25T16:33:05.476+02:00,4704,0.06263346589707804,0.3,0,0.239092,499.880337701193
2026-08-25T16:33:05.733+02:00,4705,0.07203077637733764,0.3,0,0.172425,499.99346070959524
2026-08-25T16:33:05.990+02:00,4706,0.05477248754882299,0.3,0,0.177388,499.9987480355248
2026-08-25T16:33:06.247+02:00,4707,0.08816244319246946,0.3,0,0.153777,499.93383159412264
2026-08-25T16:33:06.505+02:00,4708,0.07352783397682695,0.3,0,0.15987,499.9318990359156
2026-08-25T16:33:06.761+02:00,4709,0.09682850600527655,0.3,0,0.136463,499.9682382359458
2026-08-25T16:33:07.018+02:00,4710,0.11767830175040735,0.3,0,0.172296,499.9945532085447
2026-08-25T16:33:07.276+02:00,4711,0.11522344431782287,0.3,0,0.249907,499.8397501980271
2026-08-25T16:33:07.533+02:00,4712,0.0841899607036279,0.3,0,0.153629,500.0510622972431
2026-08-25T16:33:07.790+02:00,4713,0.05540491112534651,0.3,0,0.152907,499.96320546013243
2026-08-25T16:33:08.047+02:00,4714,0.08581316320927475,0.3,0,0.15363,499.945637805829
2026-08-25T16:33:08.304+02:00,4715,0.06421928702901851,0.3,0,0.153815,499.92836262717987
2026-08-25T16:33:08.561+02:00,4716,0.09467409864246856,0.3,0,0.157611,500.00461224612405
2026-08-25T16:33:08.818+02:00,4717,0.09240016875900574,0.3,0,0.148944,499.9805558724316
2026-08-25T16:33:09.076+02:00,4718,0.09264118849400371,0.3,0,0.239333,499.88441649084893
2026-08-25T16:33:09.333+02:00,4719,0.07437543480566837,0.3,0,0.153611,499.98350644787325
2026-08-25T16:33:09.590+02:00,4720,0.06788200906864361,0.3,0,0.153056,499.9714780025307
2026-08-25T16:33:09.847+02:00,4721,0.07325549292503301,0.3,0,0.150667,499.8860909181897
2026-08-25T16:33:10.104+02:00,4722,0.0653431748613094,0.3,0,0.146962,499.95554922445154
2026-08-25T16:33:10.361+02:00,4723,0.0787135969549697,0.3,0,0.153778,499.9504458563173
2026-08-25T16:33:10.618+02:00,4724,0.07895732800961068,0.3,0,0.231795,499.9438507931279
2026-08-25T16:33:10.876+02:00,4725,0.10282154197382871,0.3,0,0.281129,499.89826086552745
2026-08-25T16:33:11.133+02:00,4726,0.07128411558231847,0.3,0,0.154925,500.2050092192956
2026-08-25T16:33:11.390+02:00,4727,0.08336614007353511,0.3,0,0.152907,499.96072552367303
2026-08-25T16:33:11.647+02:00,4728,0.12708924345761477,0.3,0,0.151796,499.94855057298395
2026-08-25T16:33:11.904+02:00,4729,0.06835977180035761,0.3,0,0.152851,499.9568974180781
2026-08-25T16:33:12.161+02:00,4730,0.07332410330875987,0.3,0,0.152167,499.9579523525127
2026-08-25T16:33:12.418+02:00,4731,0.07766529826052931,0.3,0,0.159018,499.97621373294174
2026-08-25T16:33:12.675+02:00,4732,0.08214279744860709,0.3,0,0.150666,499.90467369091095
2026-08-25T16:33:12.932+02:00,4733,0.09575270486840844,0.3,0,0.160166,499.9524494062421
2026-08-25T16:33:13.189+02:00,4734,0.09321154116121777,0.3,0,0.149111,500.064585113327
2026-08-25T16:33:13.446+02:00,4735,0.11529634537536225,0.3,0,0.150259,499.8737720305756
2026-08-25T16:33:13.703+02:00,4736,0.11111789138574867,0.3,0,0.158277,499.9533606485086
2026-08-25T16:33:13.960+02:00,4737,0.06285992623201819,0.3,0,0.154185,499.9784005397631
2026-08-25T16:33:14.217+02:00,4738,0.07426875335792922,0.3,0,0.152203,500.00810839689564
2026-08-25T16:33:14.475+02:00,4739,0.09029126414199477,0.3,0,0.251055,499.9194303062644
2026-08-25T16:33:14.732+02:00,4740,0.061493066231294656,0.3,0,0.140703,500.094411520068
2026-08-25T16:33:14.989+02:00,4741,0.06815209516460834,0.3,0,0.151278,499.98251832396187
2026-08-25T16:33:15.246+02:00,4742,0.09345291387328958,0.3,0,0.149778,499.88331660646924
2026-08-25T16:33:15.503+02:00,4743,0.10102808398576192,0.3,0,0.152722,499.9540888614028
2026-08-25T16:33:15.760+02:00,4744,0.09313125563968623,0.3,0,0.153092,499.98415798349504
2026-08-25T16:33:16.017+02:00,4745,0.09343837026230621,0.3,0,0.146648,499.94260698713225
2026-08-25T16:33:16.274+02:00,4746,0.08395293839226763,0.3,0,0.282407,499.9515361911409
2026-08-25T16:33:16.532+02:00,4747,0.10510642249738766,0.3,0,0.153629,500.11880775049195
2026-08-25T16:33:16.789+02:00,4748,0.08587505019469337,0.3,0,0.158703,500.0396783493648
2026-08-25T16:33:17.046+02:00,4749,0.10155783983009305,0.3,0,0.149648,499.8868130296716
2026-08-25T16:33:17.303+02:00,4750,0.10132621442054561,0.3,0,0.159074,499.9625402098542
2026-08-25T16:33:17.560+02:00,4751,0.08921029663186723,0.3,0,0.148815,499.9853606703668
2026-08-25T16:33:17.817+02:00,4752,0.1049694716276619,0.3,0,0.154111,499.91804296151855
2026-08-25T16:33:18.074+02:00,4753,0.10200028953846847,0.3,0,0.253203,499.9417292342123
2026-08-25T16:33:18.331+02:00,4754,0.07549595650489642,0.3,0,0.151463,500.02075479851754
2026-08-25T16:33:18.589+02:00,4755,0.08284453663634572,0.3,0,0.24537,499.8832772516039
2026-08-25T16:33:18.846+02:00,4756,0.0746219917565441,0.3,0,0.151,499.85722581940956
2026-08-25T16:33:19.103+02:00,4757,0.07054391885233002,0.3,0,0.165796,499.96946446156136
2026-08-25T16:33:19.360+02:00,4758,0.11758210566767142,0.3,0,0.150073,499.9768278419957
2026-08-25T16:33:19.617+02:00,4759,0.06181227985495897,0.3,0,0.15274,499.8403600428116
2026-08-25T16:33:19.874+02:00,4760,0.08511018647907975,0.3,0,0.330314,499.9787961718943
2026-08-25T16:33:20.132+02:00,4761,0.0789380973975519,0.3,0,0.151593,500.13040407856454
2026-08-25T16:33:20.389+02:00,4762,0.06375581013737897,0.3,0,0.151685,499.9587120693097
2026-08-25T16:33:20.646+02:00,4763,0.08407887469122118,0.3,0,0.152722,499.8839324558016
2026-08-25T16:33:20.903+02:00,4764,0.06342809629935388,0.3,0,0.166537,499.95426599420273
2026-08-25T16:33:21.160+02:00,4765,0.1050178646662061,0.3,0,0.152537,499.9969842682203
2026-08-25T16:33:21.417+02:00,4766,0.08286705196555566,0.3,0,0.1485,499.9254382825087
2026-08-25T16:33:21.674+02:00,4767,0.10692585701844089,0.3,0,0.247074,499.94376814078817
2026-08-25T16:33:21.931+02:00,4768,0.09769050397196437,0.3,0,0.151481,500.02636753279984
2026-08-25T16:33:22.188+02:00,4769,0.06149867203624713,0.3,0,0.156129,499.9567065001524
2026-08-25T16:33:22.445+02:00,4770,0.06148066865907342,0.3,0,0.150074,499.8661500125914
2026-08-25T16:33:22.702+02:00,4771,0.07213319468119318,0.3,0,0.149685,499.97037577301467
2026-08-25T16:33:22.959+02:00,4772,0.06917205600454501,0.3,0,0.159425,499.98615589582425
2026-08-25T16:33:23.216+02:00,4773,0.07955933314015222,0.3,0,0.156981,499.89693857232777
2026-08-25T16:33:23.474+02:00,4774,0.08681155604778068,0.3,0,0.263203,499.9448978038877
2026-08-25T16:33:23.731+02:00,4775,0.10052222655421106,0.3,0,0.1615,500.1048723850966
2026-08-25T16:33:23.988+02:00,4776,0.07253073493556646,0.3,0,0.151018,499.90943766435566
2026-08-25T16:33:24.245+02:00,4777,0.06947338885010061,0.3,0,0.151796,499.8902701529775
2026-08-25T16:33:24.502+02:00,4778,0.08152111882726458,0.3,0,0.137019,499.9579799048529
2026-08-25T16:33:24.759+02:00,4779,0.07171660956898636,0.3,0,0.152851,499.9533134137314
2026-08-25T16:33:25.016+02:00,4780,0.10783793832447335,0.3,0,0.162185,499.8934046195586
2026-08-25T16:33:25.274+02:00,4781,0.07668244089293617,0.3,0,0.263333,499.96085739404333
2026-08-25T16:33:25.531+02:00,4782,0.1173622334483541,0.3,0,0.166759,500.04926075676303
2026-08-25T16:33:25.788+02:00,4783,0.07400774975782494,0.3,0,0.162852,499.9212427239245
2026-08-25T16:33:26.045+02:00,4784,0.08107023484118041,0.3,0,0.153259,499.9162128629118
2026-08-25T16:33:26.302+02:00,4785,0.06785287652382133,0.3,0,0.147055,499.9623512567006
2026-08-25T16:33:26.559+02:00,4786,0.06279748272126673,0.3,0,0.154611,499.9741627538257
2026-08-25T16:33:26.816+02:00,4787,0.10752570353512603,0.3,0,0.152222,499.9343609809757
2026-08-25T16:33:27.073+02:00,4788,0.07030350605087204,0.3,0,0.273981,499.94762752729696
2026-08-25T16:33:27.331+02:00,4789,0.1145547082824085,0.3,0,0.161055,500.0468528113521
2026-08-25T16:33:27.588+02:00,4790,0.06900128791164543,0.3,0,0.240444,499.91009097562153
2026-08-25T16:33:27.845+02:00,4791,0.10417868202186131,0.3,0,0.149741,499.9563364861043
2026-08-25T16:33:28.102+02:00,4792,0.07356277139145595,0.3,0,0.133259,499.9735781673874
2026-08-25T16:33:28.359+02:00,4793,0.08390139093081135,0.3,0,0.160722,499.9813766826144
2026-08-25T16:33:28.616+02:00,4794,0.07415155953101313,0.3,0,0.158203,499.8956241603478
2026-08-25T16:33:28.874+02:00,4795,0.06868136780853625,0.3,0,0.279129,499.98152234134676
2026-08-25T16:33:29.131+02:00,4796,0.06795029701926876,0.3,0,0.151852,500.20692812150617
2026-08-25T16:33:29.388+02:00,4797,0.12236503824734883,0.3,0,0.150667,499.9451477525351
2026-08-25T16:33:29.645+02:00,4798,0.08418669926910205,0.3,0,0.150037,499.80490686632083
2026-08-25T16:33:29.902+02:00,4799,0.08365063449659915,0.3,0,0.137611,499.95812161901665
2026-08-25T16:33:30.159+02:00,4800,0.0839309569293819,0.3,0,0.153518,499.9474071034686
2026-08-25T16:33:30.416+02:00,4801,0.08975249991156031,0.3,0,0.153871,499.896167231893
2026-08-25T16:33:30.674+02:00,4802,0.06225629981677786,0.3,0,0.265759,499.95294537371336
2026-08-25T16:33:30.931+02:00,4803,0.0725311638482387,0.3,0,0.153481,500.07536371540397
2026-08-25T16:33:31.188+02:00,4804,0.10477007319603644,0.3,0,0.159536,499.94252039019295
2026-08-25T16:33:31.445+02:00,4805,0.08975699352953992,0.3,0,0.150778,499.91730304842383
2026-08-25T16:33:31.702+02:00,4806,0.13643952167949014,0.3,0,0.159648,499.9795165820194
2026-08-25T16:33:31.959+02:00,4807,0.07158709421527551,0.3,0,0.146629,499.9673052862765
2026-08-25T16:33:32.216+02:00,4808,0.07116438156859317,0.3,0,0.153648,499.92695752794833
2026-08-25T16:33:32.473+02:00,4809,0.07031102473189206,0.3,0,0.295,499.96315035430314
2026-08-25T16:33:32.730+02:00,4810,0.06358396224389777,0.3,0,0.16937,500.0968415879225
2026-08-25T16:33:32.987+02:00,4811,0.1006776789278342,0.3,0,0.150296,499.91631715489126
2026-08-25T16:33:33.244+02:00,4812,0.062333435303739804,0.3,0,0.152,499.9389464292967
2026-08-25T16:33:33.501+02:00,4813,0.07953250983535416,0.3,0,0.14763,499.9799870248077
2026-08-25T16:33:33.758+02:00,4814,0.059186332456247236,0.3,0,0.180944,499.96129039648196
2026-08-25T16:33:34.015+02:00,4815,0.0734261241353007,0.3,0,0.154185,499.93005506122665
2026-08-25T16:33:34.273+02:00,4816,0.07699564107084546,0.3,0,0.277555,499.95228605058617
2026-08-25T16:33:34.530+02:00,4817,0.0764864457621511,0.3,0,0.152741,500.0633269173711
2026-08-25T16:33:34.787+02:00,4818,0.08130076287461395,0.3,0,0.149796,499.8933219838979
2026-08-25T16:33:35.044+02:00,4819,0.10138352086284226,0.3,0,0.154777,499.95020771628845
2026-08-25T16:33:35.301+02:00,4820,0.09141162881399618,0.3,0,0.157574,499.97342660577675
2026-08-25T16:33:35.558+02:00,4821,0.11741525534936519,0.3,0,0.154611,499.9504989975176
2026-08-25T16:33:35.815+02:00,4822,0.09481272800192524,0.3,0,0.153278,499.93796241928555
2026-08-25T16:33:36.072+02:00,4823,0.05854141070370655,0.3,0,0.203574,499.94929647835545
2026-08-25T16:33:36.330+02:00,4824,0.09755302390628007,0.3,0,0.159666,500.023804276575
2026-08-25T16:33:36.587+02:00,4825,0.0676296372651062,0.3,0,0.250796,499.79291650746666
2026-08-25T16:33:36.844+02:00,4826,0.07420591607426741,0.3,0,0.153999,499.9978838709904
2026-08-25T16:33:37.101+02:00,4827,0.11921897685552052,0.3,0,0.153259,499.99507682314623
2026-08-25T16:33:37.358+02:00,4828,0.06014133971642618,0.3,0,0.154018,499.9256429509429
2026-08-25T16:33:37.615+02:00,4829,0.07694228489821557,0.3,0,0.157203,499.8659926182942
2026-08-25T16:33:37.873+02:00,4830,0.09601237505794646,0.3,0,0.276481,499.95869829309885
2026-08-25T16:33:38.130+02:00,4831,0.06530024941170125,0.3,0,0.159518,500.0884132723307
2026-08-25T16:33:38.387+02:00,4832,0.10332399474640064,0.3,0,0.158055,499.96780915256136
2026-08-25T16:33:38.644+02:00,4833,0.08219034701565171,0.3,0,0.151778,499.9734600673301
2026-08-25T16:33:38.901+02:00,4834,0.06695297223899803,0.3,0,0.154944,499.98443158814524
2026-08-25T16:33:39.158+02:00,4835,0.06899505785871445,0.3,0,0.152704,499.95210104318517
2026-08-25T16:33:39.415+02:00,4836,0.05465359642020015,0.3,0,0.152426,499.9099355223203
2026-08-25T16:33:39.672+02:00,4837,0.08544546728192516,0.3,0,0.212796,499.96387268843506
2026-08-25T16:33:39.930+02:00,4838,0.09259638502321528,0.3,0,0.151148,500.06853695296445
2026-08-25T16:33:40.187+02:00,4839,0.14245839934846405,0.3,0,0.153759,499.9246570245157
2026-08-25T16:33:40.444+02:00,4840,0.11167785726684083,0.3,0,0.16187,499.9589521936555
2026-08-25T16:33:40.701+02:00,4841,0.09360949594238906,0.3,0,0.151962,499.98767353387944
2026-08-25T16:33:40.958+02:00,4842,0.1250838112049788,0.3,0,0.150315,499.9424396928986
2026-08-25T16:33:41.215+02:00,4843,0.07382521861884106,0.3,0,0.15361,499.9610286315857
2026-08-25T16:33:41.472+02:00,4844,0.10529463281916544,0.3,0,0.225796,499.9631070558514
2026-08-25T16:33:41.729+02:00,4845,0.07806834958261599,0.3,0,0.151944,500.0526039597015
2026-08-25T16:33:41.986+02:00,4846,0.0831645918043203,0.3,0,0.148148,499.9159452390671
2026-08-25T16:33:42.243+02:00,4847,0.09282532790146332,0.3,0,0.168981,500.0028366353657
2026-08-25T16:33:42.500+02:00,4848,0.0960866516241173,0.3,0,0.160537,500.00283662820425
2026-08-25T16:33:42.757+02:00,4849,0.07442004498244204,0.3,0,0.151926,499.87972578326395
2026-08-25T16:33:43.014+02:00,4850,0.09319261541108026,0.3,0,0.166389,499.95136889809123
2026-08-25T16:33:43.272+02:00,4851,0.06532304867388856,0.3,0,0.230777,500.00812217582956
2026-08-25T16:33:43.529+02:00,4852,0.07385939557261649,0.3,0,0.151944,499.9456830630455
2026-08-25T16:33:43.786+02:00,4853,0.06427379420991208,0.3,0,0.152,499.91987898692526
2026-08-25T16:33:44.043+02:00,4854,0.08209070310859705,0.3,0,0.137833,499.97374744447217
2026-08-25T16:33:44.300+02:00,4855,0.08209028031175587,0.3,0,0.15837,499.9991535467165
2026-08-25T16:33:44.557+02:00,4856,0.09145661708261521,0.3,0,0.155852,499.9409439874749
2026-08-25T16:33:44.814+02:00,4857,0.08282928960705785,0.3,0,0.159129,499.9264025695509
2026-08-25T16:33:45.071+02:00,4858,0.0926109263362207,0.3,0,0.217037,499.9578913407015
2026-08-25T16:33:45.328+02:00,4859,0.08648383825999373,0.3,0,0.158593,499.96736826950655
2026-08-25T16:33:45.586+02:00,4860,0.060869540509638324,0.3,0,0.248203,499.9124090488755
2026-08-25T16:33:45.843+02:00,4861,0.07965812310819231,0.3,0,0.154684,500.0106734545007
2026-08-25T16:33:46.100+02:00,4862,0.08749994287575431,0.3,0,0.150851,500.00866747560116
2026-08-25T16:33:46.357+02:00,4863,0.0903148751874383,0.3,0,0.153463,499.9166694055258
2026-08-25T16:33:46.614+02:00,4864,0.07592636174653815,0.3,0,0.154296,499.9457893434326
2026-08-25T16:33:46.871+02:00,4865,0.06753864498661089,0.3,0,0.219,499.9073065542591
2026-08-25T16:33:47.128+02:00,4866,0.09060016780825157,0.3,0,0.152444,499.9857366280141
2026-08-25T16:33:47.385+02:00,4867,0.08158841924255607,0.3,0,0.156666,499.91951295771617
2026-08-25T16:33:47.642+02:00,4868,0.055541640007390265,0.3,0,0.175574,499.9537345961796
2026-08-25T16:33:47.899+02:00,4869,0.0794911797569124,0.3,0,0.152351,499.98172704138324
2026-08-25T16:33:48.156+02:00,4870,0.07620394623143145,0.3,0,0.155963,499.90424275515903
2026-08-25T16:33:48.413+02:00,4871,0.0816256529845858,0.3,0,0.160092,499.9516562498385
2026-08-25T16:33:48.671+02:00,4872,0.062356829212490084,0.3,0,0.24874,499.9846048039325
2026-08-25T16:33:48.928+02:00,4873,0.09790884492099276,0.3,0,0.155167,499.9387909580491
2026-08-25T16:33:49.185+02:00,4874,0.08549490691971544,0.3,0,0.160759,499.96091250652745
2026-08-25T16:33:49.442+02:00,4875,0.10696731618741183,0.3,0,0.155129,499.97538310810995
2026-08-25T16:33:49.699+02:00,4876,0.061604077116063895,0.3,0,0.154814,499.9922953936252
2026-08-25T16:33:49.956+02:00,4877,0.06876247255137295,0.3,0,0.153351,499.9344160804589
2026-08-25T16:33:50.213+02:00,4878,0.07141746163202416,0.3,0,0.139184,499.98522484854635
2026-08-25T16:33:50.470+02:00,4879,0.11613659714840319,0.3,0,0.22424,499.95405934047506
2026-08-25T16:33:50.727+02:00,4880,0.079190361801954,0.3,0,0.149703,499.9773140189989
2026-08-25T16:33:50.985+02:00,4881,0.0777234506186133,0.3,0,0.186703,499.94702726553976
2026-08-25T16:33:51.242+02:00,4882,0.07094167624389473,0.3,0,0.153333,500.0333073329124
2026-08-25T16:33:51.499+02:00,4883,0.0695073945942269,0.3,0,0.15274,499.9498298430871
2026-08-25T16:33:51.756+02:00,4884,0.08982718985668244,0.3,0,0.162629,499.93324907084605
2026-08-25T16:33:52.013+02:00,4885,0.10458031418206588,0.3,0,0.145851,499.96856496821385
2026-08-25T16:33:52.270+02:00,4886,0.11433824527533233,0.3,0,0.268037,499.7704322205862
2026-08-25T16:33:52.527+02:00,4887,0.06413119083082108,0.3,0,0.150018,499.98613424102456
2026-08-25T16:33:52.784+02:00,4888,0.08710918044576062,0.3,0,0.172445,499.9639356708003
2026-08-25T16:33:53.041+02:00,4889,0.10553270846836087,0.3,0,0.154037,499.993752048388
2026-08-25T16:33:53.298+02:00,4890,0.11877271583411282,0.3,0,0.187796,499.95562401889185
2026-08-25T16:33:53.555+02:00,4891,0.12696834681420074,0.3,0,0.163166,499.9438153737617
2026-08-25T16:33:53.812+02:00,4892,0.12602656661804423,0.3,0,0.151129,499.9646658764408
2026-08-25T16:33:54.070+02:00,4893,0.06073515488136257,0.3,0,0.244981,499.9081389287241
2026-08-25T16:33:54.327+02:00,4894,0.06896145779587896,0.3,0,0.1585,499.8510070094002
2026-08-25T16:33:54.585+02:00,4895,0.09624032637302453,0.3,0,0.257185,499.95682656849334
2026-08-25T16:33:54.842+02:00,4896,0.07101821177022256,0.3,0,0.156703,500.0569316818608
2026-08-25T16:33:55.099+02:00,4897,0.054143641690510606,0.3,0,0.158722,499.9666321486259
2026-08-25T16:33:55.356+02:00,4898,0.11518777821238875,0.3,0,0.1625,499.9496094101569
2026-08-25T16:33:55.613+02:00,4899,0.09925384141899778,0.3,0,0.144333,499.96706909930504
2026-08-25T16:33:55.870+02:00,4900,0.07812351294540469,0.3,0,0.230981,499.8477255182766
2026-08-25T16:33:56.127+02:00,4901,0.08465261535157032,0.3,0,0.162278,499.9621111434103
2026-08-25T16:33:56.384+02:00,4902,0.07850106992410637,0.3,0,0.162407,499.95784607411446
2026-08-25T16:33:56.641+02:00,4903,0.08324718703498085,0.3,0,0.149814,499.9613455090616
2026-08-25T16:33:56.898+02:00,4904,0.08633879001380891,0.3,0,0.177925,499.95008372031634
2026-08-25T16:33:57.155+02:00,4905,0.08562241364610353,0.3,0,0.162296,499.9397316769187
2026-08-25T16:33:57.412+02:00,4906,0.10259545249711503,0.3,0,0.160518,499.954018005454
2026-08-25T16:33:57.670+02:00,4907,0.09121414798294081,0.3,0,0.27174,499.9399146991006
2026-08-25T16:33:57.927+02:00,4908,0.10288128732332293,0.3,0,0.160463,500.02936392850233
2026-08-25T16:33:58.184+02:00,4909,0.06683568274867875,0.3,0,0.182574,499.9653154010159
2026-08-25T16:33:58.441+02:00,4910,0.15328374806069864,0.3,0,0.160185,499.97031081988246
2026-08-25T16:33:58.698+02:00,4911,0.10843003628549575,0.3,0,0.156407,499.95522054732953
2026-08-25T16:33:58.955+02:00,4912,0.08112934937385985,0.3,0,0.179147,499.94166231960423
2026-08-25T16:33:59.212+02:00,4913,0.09999546513556119,0.3,0,0.151537,499.99228949283366
2026-08-25T16:33:59.470+02:00,4914,0.05994465960623511,0.3,0,0.223611,499.9044532977985
2026-08-25T16:33:59.727+02:00,4915,0.07721390983117744,0.3,0,0.151889,499.94359297720115
2026-08-25T16:33:59.984+02:00,4916,0.104405128634381,0.3,0,0.171777,499.9562400464007
2026-08-25T16:34:00.241+02:00,4917,0.10692073795476098,0.3,0,0.152944,500.00902181151747
2026-08-25T16:34:00.498+02:00,4918,0.06810468027916022,0.3,0,0.152666,499.9189186625283
2026-08-25T16:34:00.755+02:00,4919,0.09645910328749178,0.3,0,0.154444,499.95893644121634
2026-08-25T16:34:01.012+02:00,4920,0.055542051537040636,0.3,0,0.151982,499.9848154214299
2026-08-25T16:34:01.269+02:00,4921,0.07357857404711876,0.3,0,0.234944,499.8467025253758
2026-08-25T16:34:01.527+02:00,4922,0.11705439942211811,0.3,0,0.156852,499.9545257901576
2026-08-25T16:34:01.784+02:00,4923,0.14000988704318118,0.3,0,0.165296,499.95270329329185
2026-08-25T16:34:02.041+02:00,4924,0.05850282280035427,0.3,0,0.150685,499.97767028684194
2026-08-25T16:34:02.297+02:00,4925,0.08291096758361223,0.3,0,0.151314,499.90266658666434
2026-08-25T16:34:02.555+02:00,4926,0.07060745460599849,0.3,0,0.178296,499.94971371607113
2026-08-25T16:34:02.811+02:00,4927,0.09023989978448732,0.3,0,0.142352,499.77636384999346
2026-08-25T16:34:03.069+02:00,4928,0.08735630610792226,0.3,0,0.215314,500.00216536426944
2026-08-25T16:34:03.326+02:00,4929,0.09909986040968732,0.3,0,0.123407,499.98229983860506
2026-08-25T16:34:03.583+02:00,4930,0.08061503398573004,0.3,0,0.202167,499.94974914343305
2026-08-25T16:34:03.840+02:00,4931,0.0695092617593996,0.3,0,0.132204,500.0215599843081
2026-08-25T16:34:04.097+02:00,4932,0.08236084685386065,0.3,0,0.131203,499.92769943843075
2026-08-25T16:34:04.353+02:00,4933,0.07392345483236802,0.3,0,0.130129,499.9692499187247
2026-08-25T16:34:04.610+02:00,4934,0.07333666021083125,0.3,0,0.125296,499.98619722899866
2026-08-25T16:34:04.868+02:00,4935,0.07793731879565942,0.3,0,0.218832,499.8628388124836
2026-08-25T16:34:05.125+02:00,4936,0.0862152801619045,0.3,0,0.127333,500.02192221670134
2026-08-25T16:34:05.381+02:00,4937,0.07151051020844072,0.3,0,0.122611,499.9605011573208
2026-08-25T16:34:05.638+02:00,4938,0.10099142687760222,0.3,0,0.130093,499.9387043695914
2026-08-25T16:34:05.895+02:00,4939,0.10494184772680626,0.3,0,0.12424,499.9512055503013
2026-08-25T16:34:06.152+02:00,4940,0.10126966341954946,0.3,0,0.122611,499.9587868646963
2026-08-25T16:34:06.409+02:00,4941,0.11145905513529068,0.3,0,0.122259,499.9471965246462
2026-08-25T16:34:06.666+02:00,4942,0.08610147087905921,0.3,0,0.213462,499.8874308632689
2026-08-25T16:34:06.923+02:00,4943,0.07646964130540741,0.3,0,0.13074,500.005588647994
2026-08-25T16:34:07.180+02:00,4944,0.08900460639138251,0.3,0,0.132407,499.94639354728895
2026-08-25T16:34:07.437+02:00,4945,0.05229453415485966,0.3,0,0.132129,499.9515676807675
2026-08-25T16:34:07.693+02:00,4946,0.08512172666019069,0.3,0,0.109537,499.9727081823646
2026-08-25T16:34:07.950+02:00,4947,0.05663304410456652,0.3,0,0.212684,499.82301935917974
2026-08-25T16:34:08.207+02:00,4948,0.10477295788171699,0.3,0,0.151981,500.0272810141346
2026-08-25T16:34:08.465+02:00,4949,0.08897177458601024,0.3,0,0.296999,499.92973822341355
2026-08-25T16:34:08.723+02:00,4950,0.07625346196069611,0.3,0,0.155963,500.16315952506886
2026-08-25T16:34:08.980+02:00,4951,0.07578676830209385,0.3,0,0.151407,499.9255110991484
2026-08-25T16:34:09.236+02:00,4952,0.09061755815458104,0.3,0,0.153574,499.9153056863187
2026-08-25T16:34:09.493+02:00,4953,0.05481774740421805,0.3,0,0.134314,499.95124097071465
2026-08-25T16:34:09.750+02:00,4954,0.05767372012198487,0.3,0,0.173537,499.96658294222584
2026-08-25T16:34:10.007+02:00,4955,0.08549397741683744,0.3,0,0.154,499.9129738125104
2026-08-25T16:34:10.265+02:00,4956,0.08439003660458688,0.3,0,0.337888,499.9475940763611
2026-08-25T16:34:10.523+02:00,4957,0.08609586911142747,0.3,0,0.157926,500.1940181684936
2026-08-25T16:34:10.780+02:00,4958,0.08926702346177251,0.3,0,0.149722,499.95411838233406
2026-08-25T16:34:11.036+02:00,4959,0.09029238145876024,0.3,0,0.152907,499.92729601193827
2026-08-25T16:34:11.293+02:00,4960,0.0888145216087608,0.3,0,0.136407,499.97292469017367
2026-08-25T16:34:11.550+02:00,4961,0.0847927463102387,0.3,0,0.1825,499.9785009192733
2026-08-25T16:34:11.807+02:00,4962,0.06795500668429909,0.3,0,0.151815,499.9490504706735
2026-08-25T16:34:12.065+02:00,4963,0.0955369354671541,0.3,0,0.296259,499.9515302841514
2026-08-25T16:34:12.322+02:00,4964,0.08345144742038269,0.3,0,0.175722,500.1660019478496
2026-08-25T16:34:12.580+02:00,4965,0.06992781878445314,0.3,0,0.179148,499.90098418104253
2026-08-25T16:34:12.837+02:00,4966,0.08775673246690996,0.3,0,0.149055,499.98597283262313
2026-08-25T16:34:13.094+02:00,4967,0.06036276595417622,0.3,0,0.137259,499.9620993289316
2026-08-25T16:34:13.351+02:00,4968,0.11818482957934151,0.3,0,0.156074,500.00121063187305
2026-08-25T16:34:13.607+02:00,4969,0.10147724489669059,0.3,0,0.150666,499.9027295536098
2026-08-25T16:34:13.865+02:00,4970,0.061803735632701695,0.3,0,0.349111,499.942563685079
2026-08-25T16:34:14.122+02:00,4971,0.06016383112153193,0.3,0,0.174166,500.28545618170034
2026-08-25T16:34:14.379+02:00,4972,0.06975466468609996,0.3,0,0.153777,499.9695687757606
2026-08-25T16:34:14.636+02:00,4973,0.075583048024166,0.3,0,0.14937,499.90666506212926
2026-08-25T16:34:14.893+02:00,4974,0.09972324419206857,0.3,0,0.136962,499.95812358806506
2026-08-25T16:34:15.150+02:00,4975,0.07315825764080845,0.3,0,0.183259,499.9774419668797
2026-08-25T16:34:15.407+02:00,4976,0.112101035821857,0.3,0,0.156314,499.93337698901524
2026-08-25T16:34:15.665+02:00,4977,0.1355082643306821,0.3,0,0.256944,499.8437791431267
2026-08-25T16:34:15.922+02:00,4978,0.11488278952282964,0.3,0,0.152981,500.0332896204716
2026-08-25T16:34:16.179+02:00,4979,0.09527246301423764,0.3,0,0.152092,499.9537483721169
2026-08-25T16:34:16.436+02:00,4980,0.08301291139848173,0.3,0,0.153185,499.9654866344517
2026-08-25T16:34:16.693+02:00,4981,0.09516517837771277,0.3,0,0.152259,499.964758388354
2026-08-25T16:34:16.950+02:00,4982,0.055499501185190425,0.3,0,0.149944,499.92124075516654
2026-08-25T16:34:17.207+02:00,4983,0.13736812672047893,0.3,0,0.152204,499.93046046100267
2026-08-25T16:34:17.464+02:00,4984,0.09646186489728177,0.3,0,0.294851,499.9523273781608
2026-08-25T16:34:17.721+02:00,4985,0.072018912192222,0.3,0,0.154259,500.2161603390057
2026-08-25T16:34:17.978+02:00,4986,0.08705267082088246,0.3,0,0.176611,499.8556893050563
2026-08-25T16:34:18.235+02:00,4987,0.09030471513212773,0.3,0,0.153666,499.9603102366428
2026-08-25T16:34:18.492+02:00,4988,0.07356168096822498,0.3,0,0.150555,499.9755799335363
2026-08-25T16:34:18.749+02:00,4989,0.07644108072360704,0.3,0,0.152666,499.94452781447825
2026-08-25T16:34:19.006+02:00,4990,0.07042219791751776,0.3,0,0.152629,499.9390231805078
2026-08-25T16:34:19.263+02:00,4991,0.11959373813880193,0.3,0,0.149055,499.95677145691
2026-08-25T16:34:19.520+02:00,4992,0.1146042450183475,0.3,0,0.156333,500.1023477204658
2026-08-25T16:34:19.777+02:00,4993,0.10656360606480868,0.3,0,0.148833,499.9224765869388
2026-08-25T16:34:20.034+02:00,4994,0.09637976584783677,0.3,0,0.166519,499.96070780921366
2026-08-25T16:34:20.291+02:00,4995,0.07189872113543094,0.3,0,0.150315,499.97853045024834
2026-08-25T16:34:20.548+02:00,4996,0.06920655127586366,0.3,0,0.15237,499.9422665063256
2026-08-25T16:34:20.805+02:00,4997,0.06677435442206085,0.3,0,0.150482,499.9626031918837
2026-08-25T16:34:21.062+02:00,4998,0.12135172051931327,0.3,0,0.157222,499.90979580413995
2026-08-25T16:34:21.319+02:00,4999,0.06882049234437161,0.3,0,0.149741,499.9687637645648
2026-08-25T16:34:21.576+02:00,5000,0.09537348854188199,0.3,0,0.155741,499.9387299509145
2026-08-25T16:34:21.833+02:00,5001,0.06912798100369215,0.3,0,0.149907,499.99985629827427
2026-08-25T16:34:22.090+02:00,5002,0.07609578035613912,0.3,0,0.148667,499.948460036041
2026-08-25T16:34:22.347+02:00,5003,0.099579318086355,0.3,0,0.158999,499.92036110851967
2026-08-25T16:34:22.604+02:00,5004,0.07875293253849402,0.3,0,0.164481,499.955785400539
2026-08-25T16:34:22.861+02:00,5005,0.09652056436885559,0.3,0,0.152981,499.9227658670855
2026-08-25T16:34:23.118+02:00,5006,0.06292586059368095,0.3,0,0.153833,499.9437956844053
2026-08-25T16:34:23.375+02:00,5007,0.10005761763252785,0.3,0,0.152426,500.00331891698175
2026-08-25T16:34:23.632+02:00,5008,0.07859309474426415,0.3,0,0.152555,499.9736076977809
2026-08-25T16:34:23.889+02:00,5009,0.08063127843369038,0.3,0,0.151945,499.9397119950436
2026-08-25T16:34:24.146+02:00,5010,0.08262138957909611,0.3,0,0.151074,499.9251706487866
2026-08-25T16:34:24.403+02:00,5011,0.09165311225767366,0.3,0,0.153833,499.9533803314584
2026-08-25T16:34:24.661+02:00,5012,0.1044371966180065,0.3,0,0.270092,499.8105481884294
2026-08-25T16:34:24.918+02:00,5013,0.10274043269678727,0.3,0,0.154278,500.13144793718914
2026-08-25T16:34:25.175+02:00,5014,0.10102010039511693,0.3,0,0.159703,499.961542330596
2026-08-25T16:34:25.432+02:00,5015,0.09237951628517053,0.3,0,0.151278,500.0055020292348
2026-08-25T16:34:25.689+02:00,5016,0.0718056763046091,0.3,0,0.153796,499.9237872097361
2026-08-25T16:34:25.946+02:00,5017,0.07741373714957038,0.3,0,0.165573,499.939601786595
2026-08-25T16:34:26.203+02:00,5018,0.06393616490881726,0.3,0,0.153018,500.0062677916695
2026-08-25T16:34:26.460+02:00,5019,0.09065433745932776,0.3,0,0.154888,499.83484394023634
2026-08-25T16:34:26.717+02:00,5020,0.07718082001156885,0.3,0,0.150463,499.912741614251
2026-08-25T16:34:26.974+02:00,5021,0.07164357556888054,0.3,0,0.152037,499.94251842126744
2026-08-25T16:34:27.231+02:00,5022,0.0778151106749471,0.3,0,0.153148,499.9864728123135
2026-08-25T16:34:27.488+02:00,5023,0.07911636097803913,0.3,0,0.151981,499.908479355889
2026-08-25T16:34:27.745+02:00,5024,0.1006263600318995,0.3,0,0.184278,499.955454754079
2026-08-25T16:34:28.002+02:00,5025,0.09783743262681455,0.3,0,0.150204,500.00349608466763
2026-08-25T16:34:28.259+02:00,5026,0.10671325245491421,0.3,0,0.161019,499.9136881268681
2026-08-25T16:34:28.516+02:00,5027,0.08321103919971762,0.3,0,0.151574,499.98712827989806
2026-08-25T16:34:28.773+02:00,5028,0.09622574819853706,0.3,0,0.153666,499.9618336178726
2026-08-25T16:34:29.030+02:00,5029,0.08733952281224215,0.3,0,0.155463,499.95672815240306
2026-08-25T16:34:29.287+02:00,5030,0.07545064979309946,0.3,0,0.1645,499.92593420354893
2026-08-25T16:34:29.544+02:00,5031,0.11242367328254115,0.3,0,0.167351,499.97950871231257
2026-08-25T16:34:29.801+02:00,5032,0.24938473308187437,0.3,0,0.149277,499.98078420239864
2026-08-25T16:34:30.059+02:00,5033,0.3466612084303089,0.3,1,0.239629,499.84449522791004
2026-08-25T16:34:30.316+02:00,5034,0.21311002409838067,0.3,0,0.128148,500.0598595277831
2026-08-25T16:34:30.573+02:00,5035,0.11279940323284506,0.3,0,0.131519,499.9430596329365
2026-08-25T16:34:30.829+02:00,5036,0.08588820572438156,0.3,0,0.120647,499.91150188608754
2026-08-25T16:34:31.086+02:00,5037,0.2028190718370381,0.3,0,0.171555,499.8352432813692
2026-08-25T16:34:31.344+02:00,5038,0.07540559854851774,0.3,0,0.316296,499.93726574835335
2026-08-25T16:34:31.602+02:00,5039,0.0841700288794565,0.3,0,0.19713,500.0215777030799
2026-08-25T16:34:31.859+02:00,5040,0.12715982903203224,0.3,0,0.227537,499.14763075035177
2026-08-25T16:34:32.117+02:00,5041,0.12894819692418405,0.3,0,0.206685,500.0779432530471
2026-08-25T16:34:32.374+02:00,5042,0.12144716226912687,0.3,0,0.165685,499.9854118425655
2026-08-25T16:34:32.632+02:00,5043,0.08226499623791976,0.3,0,0.254796,499.6409273423564
2026-08-25T16:34:32.889+02:00,5044,0.08153275854339874,0.3,0,0.218148,500.0698128901653
2026-08-25T16:34:33.147+02:00,5045,0.08634622226736006,0.3,0,0.273333,501.2410353109423
2026-08-25T16:34:33.405+02:00,5046,0.07519844906730921,0.3,0,0.302518,499.915907840621
2026-08-25T16:34:33.662+02:00,5047,0.08594432473466025,0.3,0,0.249629,499.7062022687521
2026-08-25T16:34:33.920+02:00,5048,0.0581544907872078,0.3,0,0.356092,500.0891753557474
2026-08-25T16:34:34.177+02:00,5049,0.10383549404600452,0.3,0,0.208241,499.7410495380757
2026-08-25T16:34:34.434+02:00,5050,0.09377680944047122,0.3,0,0.120833,500.0342602182394
2026-08-25T16:34:34.691+02:00,5051,0.08500641890519638,0.3,0,0.126222,499.9959468788553
2026-08-25T16:34:34.949+02:00,5052,0.08887433037528562,0.3,0,0.34187,499.6419809509363
2026-08-25T16:34:35.207+02:00,5053,0.06709799348180812,0.3,0,0.275407,500.1420560968486
2026-08-25T16:34:35.464+02:00,5054,0.05740631154188591,0.3,0,0.141851,500.09394874956354
2026-08-25T16:34:35.721+02:00,5055,0.11321215487287543,0.3,0,0.126055,499.9830419133569
2026-08-25T16:34:35.977+02:00,5056,0.07309590650470697,0.3,0,0.12737,499.8886134069886
2026-08-25T16:34:36.235+02:00,5057,0.11777413436930502,0.3,0,0.247277,499.9161616977178
2026-08-25T16:34:36.492+02:00,5058,0.07942882075375153,0.3,0,0.244389,500.011437270469
2026-08-25T16:34:36.750+02:00,5059,0.10003802670586359,0.3,0,0.2245,499.9901497990837
2026-08-25T16:34:37.007+02:00,5060,0.078508047131202,0.3,0,0.213648,499.8643104595129
2026-08-25T16:34:37.264+02:00,5061,0.08244577664526646,0.3,0,0.117277,500.08913399838116
2026-08-25T16:34:37.521+02:00,5062,0.07927161913399061,0.3,0,0.1565,499.97954020546297
2026-08-25T16:34:37.779+02:00,5063,0.1075703290688838,0.3,0,0.220648,499.64656693710805
2026-08-25T16:34:38.036+02:00,5064,0.08953113821627194,0.3,0,0.248259,500.0484042966527
2026-08-25T16:34:38.294+02:00,5065,0.06283223314286364,0.3,0,0.21574,500.02580055050936
2026-08-25T16:34:38.551+02:00,5066,0.07233118319810543,0.3,0,0.203907,500.00075590421784
2026-08-25T16:34:38.808+02:00,5067,0.06765784573335883,0.3,0,0.123222,500.03721143473905
2026-08-25T16:34:39.065+02:00,5068,0.12073325447438361,0.3,0,0.122278,499.9402492628212
2026-08-25T16:34:39.322+02:00,5069,0.06710067382657554,0.3,0,0.122314,499.9533330966775
2026-08-25T16:34:39.579+02:00,5070,0.07695545236021113,0.3,0,0.125851,499.9249423696116
2026-08-25T16:34:39.836+02:00,5071,0.09081037386473027,0.3,0,0.124296,499.9359117539824
2026-08-25T16:34:40.092+02:00,5072,0.07976228376465766,0.3,0,0.124241,499.97356045917786
2026-08-25T16:34:40.349+02:00,5073,0.10200290561190432,0.3,0,0.14287,499.9075584268116
