round,method,window_index,processing_ms
1,rms,1,0.059593
1,rms,2,0.076778
1,rms,3,0.071481
1,rms,4,0.04337
1,rms,5,0.038334
1,rms,6,0.036315
1,rms,7,0.03613
1,rms,8,0.036907
1,rms,9,0.03413
1,rms,10,0.035389
1,rms,11,0.035129
1,rms,12,0.034426
1,rms,13,0.034611
1,rms,14,0.033815
1,rms,15,0.032741
1,rms,16,0.033723
1,rms,17,0.033537
1,rms,18,0.032982
1,rms,19,0.032481
1,rms,20,0.032629
1,rms,21,0.033518
1,rms,22,0.032833
1,rms,23,0.033223
1,rms,24,0.03387
1,rms,25,0.03437
1,rms,26,0.033351
1,rms,27,0.032685
1,rms,28,0.032704
1,rms,29,0.032851
1,rms,30,0.035093
1,rms,31,0.032907
1,rms,32,0.033314
1,rms,33,0.033741
1,rms,34,0.033555
1,rms,35,0.033518
1,rms,36,0.033056
1,rms,37,0.032666
1,rms,38,0.032945
1,rms,39,0.0325
1,rms,40,0.032685
1,rms,41,0.032945
1,rms,42,0.032592
1,rms,43,0.033352
1,rms,44,0.065518
1,rms,45,0.048315
1,rms,46,0.034352
1,rms,47,0.035278
1,rms,48,0.038666
1,rms,49,0.039037
1,rms,50,0.033074
1,rms,51,0.033018
1,rms,52,0.032852
1,rms,53,0.032852
1,rms,54,0.033111
1,rms,55,0.033815
1,rms,56,0.033555
1,rms,57,0.033537
1,rms,58,0.033037
1,rms,59,0.032778
1,rms,60,0.033278
1,rms,61,0.033852
1,rms,62,0.033408
1,rms,63,0.033222
1,rms,64,0.032611
1,rms,65,0.032685
1,rms,66,0.033185
1,rms,67,0.03274
1,rms,68,0.032592
1,rms,69,0.033037
1,rms,70,0.032686
1,rms,71,0.032685
1,rms,72,0.032537
1,rms,73,0.032759
1,rms,74,0.032815
1,rms,75,0.033093
1,rms,76,0.033185
1,rms,77,0.032796
1,rms,78,0.034018
1,rms,79,0.032704
1,rms,80,0.033889
1,rms,81,0.032889
1,rms,82,0.032722
1,rms,83,0.032574
1,rms,84,0.032926
1,rms,85,0.0335
1,rms,86,0.033648
1,rms,87,0.033129
1,rms,88,0.03263
1,rms,89,0.032944
1,rms,90,0.032463
1,rms,91,0.032593
1,rms,92,0.032518
1,rms,93,0.032796
1,rms,94,0.033463
1,rms,95,0.034111
1,rms,96,0.033111
1,rms,97,0.032926
1,rms,98,0.033445
1,rms,99,0.032704
1,rms,100,0.032389
1,rms,101,0.032963
1,rms,102,0.032389
1,rms,103,0.033444
1,rms,104,0.032704
1,rms,105,0.034
1,rms,106,0.032592
1,rms,107,0.033
1,rms,108,0.032463
1,rms,109,0.032815
1,rms,110,0.034074
1,rms,111,0.032834
1,rms,112,0.033259
1,rms,113,0.032962
1,rms,114,0.032981
1,rms,115,0.03287
1,rms,116,0.032555
1,rms,117,0.033129
1,rms,118,0.032852
1,rms,119,0.0325
1,rms,120,0.03263
1,rms,121,0.03337
1,rms,122,0.033389
1,rms,123,0.033241
1,rms,124,0.033037
1,rms,125,0.032982
1,rms,126,0.032944
1,rms,127,0.033149
1,rms,128,0.033704
1,rms,129,0.033518
1,rms,130,0.033037
1,rms,131,0.033167
1,rms,132,0.032482
1,rms,133,0.032704
1,rms,134,0.032389
1,rms,135,0.032408
1,rms,136,0.032722
1,rms,137,0.032648
1,rms,138,0.032445
1,rms,139,0.03287
1,rms,140,0.03287
1,rms,141,0.033222
1,rms,142,0.032981
1,rms,143,0.032907
1,rms,144,0.032462
1,rms,145,0.033241
1,rms,146,0.032722
1,rms,147,0.032482
1,rms,148,0.032629
1,rms,149,0.032667
1,rms,150,0.03363
1,rms,151,0.032777
1,rms,152,0.033277
1,rms,153,0.034
1,rms,154,0.032815
1,rms,155,0.032463
1,rms,156,0.032555
1,rms,157,0.032704
1,rms,158,0.032463
1,rms,159,0.032612
1,rms,160,0.033445
1,rms,161,0.050593
1,rms,162,0.034629
1,rms,163,0.033444
1,rms,164,0.033167
1,rms,165,0.03363
1,rms,166,0.03237
1,rms,167,0.032908
1,rms,168,0.032833
1,rms,169,0.034204
1,rms,170,0.035889
1,rms,171,0.032685
1,rms,172,0.032704
1,rms,173,0.032648
1,rms,174,0.033407
1,rms,175,0.033018
1,rms,176,0.033185
1,rms,177,0.032741
1,rms,178,0.032686
1,rms,179,0.033611
1,rms,180,0.032982
1,rms,181,0.032537
1,rms,182,0.032407
1,rms,183,0.032185
1,rms,184,0.032314
1,rms,185,0.032796
1,rms,186,0.032629
1,rms,187,0.033074
1,rms,188,0.032407
1,rms,189,0.034111
1,rms,190,0.032574
1,rms,191,0.033685
1,rms,192,0.034019
1,rms,193,0.033277
1,rms,194,0.034278
1,rms,195,0.032815
1,rms,196,0.032333
1,rms,197,0.032445
1,rms,198,0.032259
1,rms,199,0.0325
1,rms,200,0.033371
1,rms,201,0.032462
1,rms,202,0.033185
1,rms,203,0.033815
1,rms,204,0.032778
1,rms,205,0.033333
1,rms,206,0.033093
1,rms,207,0.032722
1,rms,208,0.032278
1,rms,209,0.033463
1,rms,210,0.033241
1,rms,211,0.033778
1,rms,212,0.033592
1,rms,213,0.034037
1,rms,214,0.03237
1,rms,215,0.032815
1,rms,216,0.032537
1,rms,217,0.032648
1,rms,218,0.033704
1,rms,219,0.033833
1,rms,220,0.032945
1,rms,221,0.033482
1,rms,222,0.032759
1,rms,223,0.032537
1,rms,224,0.032574
1,rms,225,0.032518
1,rms,226,0.032704
1,rms,227,0.03324
1,rms,228,0.033223
1,rms,229,0.0335
1,rms,230,0.034075
1,rms,231,0.032444
1,rms,232,0.033074
1,rms,233,0.0335
1,rms,234,0.034222
1,rms,235,0.033222
1,rms,236,0.033296
1,rms,237,0.032592
1,rms,238,0.032555
1,rms,239,0.032648
1,rms,240,0.032629
1,rms,241,0.032648
1,rms,242,0.032408
1,rms,243,0.033537
1,rms,244,0.033778
1,rms,245,0.032777
1,rms,246,0.033111
1,rms,247,0.032574
1,rms,248,0.032759
1,rms,249,0.033222
1,rms,250,0.033019
1,rms,251,0.032888
1,rms,252,0.033592
1,rms,253,0.032629
1,rms,254,0.0325
1,rms,255,0.032852
1,rms,256,0.032555
1,rms,257,0.032889
1,rms,258,0.032463
1,rms,259,0.03274
1,rms,260,0.032407
1,rms,261,0.032574
1,rms,262,0.032611
1,rms,263,0.033074
1,rms,264,0.033852
1,rms,265,0.032297
1,rms,266,0.032741
1,rms,267,0.032296
1,rms,268,0.032352
1,rms,269,0.032685
1,rms,270,0.032629
1,rms,271,0.032611
1,rms,272,0.032759
1,rms,273,0.0325
1,rms,274,0.032704
1,rms,275,0.032556
1,rms,276,0.032722
1,rms,277,0.035852
1,rms,278,0.042426
1,rms,279,0.034852
1,rms,280,0.0325
1,rms,281,0.032685
1,rms,282,0.032926
1,rms,283,0.032444
1,rms,284,0.032796
1,rms,285,0.032482
1,rms,286,0.032333
1,rms,287,0.032648
1,rms,288,0.033037
1,rms,289,0.033074
1,rms,290,0.033815
1,rms,291,0.032834
1,rms,292,0.032574
1,rms,293,0.033297
1,rms,294,0.032408
1,rms,295,0.03263
1,rms,296,0.0325
1,rms,297,0.032593
1,rms,298,0.032481
1,rms,299,0.032649
1,rms,300,0.033148
1,rms,301,0.032908
1,rms,302,0.033926
1,rms,303,0.032481
1,rms,304,0.032352
1,rms,305,0.033333
1,rms,306,0.032611
1,rms,307,0.032351
1,rms,308,0.032463
1,rms,309,0.032777
1,rms,310,0.033333
1,rms,311,0.03313
1,rms,312,0.032814
1,rms,313,0.03363
1,rms,314,0.032593
1,rms,315,0.03237
1,rms,316,0.032704
1,rms,317,0.032982
1,rms,318,0.032352
1,rms,319,0.032315
1,rms,320,0.032537
1,rms,321,0.032519
1,rms,322,0.032389
1,rms,323,0.032537
1,rms,324,0.032111
1,rms,325,0.032259
1,rms,326,0.032241
1,rms,327,0.032426
1,rms,328,0.032685
1,rms,329,0.033037
1,rms,330,0.032167
1,rms,331,0.032167
1,rms,332,0.032315
1,rms,333,0.033592
1,rms,334,0.033018
1,rms,335,0.033074
1,rms,336,0.03224
1,rms,337,0.032408
1,rms,338,0.032519
1,rms,339,0.032537
1,rms,340,0.033111
1,rms,341,0.032333
1,rms,342,0.032204
1,rms,343,0.03263
1,rms,344,0.032611
1,rms,345,0.032408
1,rms,346,0.032277
1,rms,347,0.032796
1,rms,348,0.032555
1,rms,349,0.032723
1,rms,350,0.032334
1,rms,351,0.032778
1,rms,352,0.032888
1,rms,353,0.032574
1,rms,354,0.034389
1,rms,355,0.032574
1,rms,356,0.033019
1,rms,357,0.032686
1,rms,358,0.032722
1,rms,359,0.032611
1,rms,360,0.032537
1,rms,361,0.032722
1,rms,362,0.032574
1,rms,363,0.032741
1,rms,364,0.032333
1,rms,365,0.033111
1,rms,366,0.032463
1,rms,367,0.032889
1,rms,368,0.032278
1,rms,369,0.033037
1,rms,370,0.032426
1,rms,371,0.032352
1,rms,372,0.032815
1,rms,373,0.032666
1,rms,374,0.03237
1,rms,375,0.032426
1,rms,376,0.032222
1,rms,377,0.032482
1,rms,378,0.03224
1,rms,379,0.032315
1,rms,380,0.032593
1,rms,381,0.032463
1,rms,382,0.032148
1,rms,383,0.032259
1,rms,384,0.032388
1,rms,385,0.032259
1,rms,386,0.032204
1,rms,387,0.03237
1,rms,388,0.032389
1,rms,389,0.032574
1,rms,390,0.03224
1,rms,391,0.032315
1,rms,392,0.032204
1,rms,393,0.032482
1,rms,394,0.032444
1,rms,395,0.033278
1,rms,396,0.032926
1,rms,397,0.052
1,rms,398,0.035981
1,rms,399,0.032592
1,rms,400,0.032611
1,rms,401,0.032556
1,rms,402,0.034241
1,rms,403,0.032667
1,rms,404,0.032982
1,rms,405,0.032593
1,rms,406,0.032463
1,rms,407,0.032389
1,rms,408,0.032241
1,rms,409,0.031944
1,rms,410,0.032407
1,rms,411,0.032426
1,rms,412,0.032204
1,rms,413,0.032629
1,rms,414,0.032445
1,rms,415,0.032259
1,rms,416,0.032018
1,rms,417,0.032371
1,rms,418,0.032241
1,rms,419,0.032222
1,rms,420,0.032278
1,rms,421,0.032741
1,rms,422,0.032499
1,rms,423,0.032722
1,rms,424,0.033333
1,rms,425,0.033333
1,rms,426,0.032759
1,rms,427,0.032555
1,rms,428,0.032704
1,rms,429,0.032425
1,rms,430,0.032314
1,rms,431,0.032963
1,rms,432,0.032592
1,rms,433,0.032444
1,rms,434,0.032426
1,rms,435,0.032278
1,rms,436,0.032389
1,rms,437,0.032407
1,rms,438,0.032296
1,rms,439,0.032667
1,rms,440,0.032185
1,rms,441,0.03337
1,rms,442,0.033833
1,rms,443,0.032575
1,rms,444,0.032388
1,rms,445,0.032351
1,rms,446,0.032222
1,rms,447,0.032351
1,rms,448,0.03237
1,rms,449,0.032426
1,rms,450,0.033203
1,rms,451,0.032796
1,rms,452,0.0325
1,rms,453,0.034277
1,rms,454,0.03887
1,rms,455,0.036408
1,rms,456,0.038908
1,rms,457,0.036408
1,rms,458,0.034722
1,rms,459,0.034926
1,rms,460,0.035834
1,rms,461,0.034667
1,rms,462,0.036982
1,rms,463,0.036685
1,rms,464,0.033296
1,rms,465,0.033
1,rms,466,0.0335
1,rms,467,0.032741
1,rms,468,0.032667
1,rms,469,0.03287
1,rms,470,0.032648
1,rms,471,0.032889
1,rms,472,0.032111
1,rms,473,0.0325
1,rms,474,0.032463
1,rms,475,0.032592
1,rms,476,0.032222
1,rms,477,0.032444
1,rms,478,0.032129
1,rms,479,0.032351
1,rms,480,0.032315
1,rms,481,0.033203
1,rms,482,0.032852
1,rms,483,0.034648
1,rms,484,0.033352
1,rms,485,0.032648
1,rms,486,0.032519
1,rms,487,0.032334
1,rms,488,0.032259
1,rms,489,0.032277
1,rms,490,0.032352
1,rms,491,0.032371
1,rms,492,0.032981
1,rms,493,0.033148
1,rms,494,0.032759
1,rms,495,0.033315
1,rms,496,0.032907
1,rms,497,0.033574
1,rms,498,0.032778
1,rms,499,0.032499
1,rms,500,0.032574
1,rms,501,0.0325
1,rms,502,0.032815
1,rms,503,0.033037
1,rms,504,0.033129
1,rms,505,0.033574
1,rms,506,0.032334
1,rms,507,0.032463
1,rms,508,0.032167
1,rms,509,0.032833
1,rms,510,0.032037
1,rms,511,0.032389
1,rms,512,0.032204
1,rms,513,0.032352
1,rms,514,0.032426
1,rms,515,0.056889
1,rms,516,0.034093
1,rms,517,0.032741
1,rms,518,0.032592
1,rms,519,0.032445
1,rms,520,0.032592
1,rms,521,0.032481
1,rms,522,0.033741
1,rms,523,0.034093
1,rms,524,0.033222
1,rms,525,0.032407
1,rms,526,0.032889
1,rms,527,0.032278
1,rms,528,0.032556
1,rms,529,0.032277
1,rms,530,0.032612
1,rms,531,0.032871
1,rms,532,0.03313
1,rms,533,0.0325
1,rms,534,0.033425
1,rms,535,0.032759
1,rms,536,0.03263
1,rms,537,0.032945
1,rms,538,0.032667
1,rms,539,0.032296
1,rms,540,0.032407
1,rms,541,0.032648
1,rms,542,0.032389
1,rms,543,0.0325
1,rms,544,0.032555
1,rms,545,0.032463
1,rms,546,0.032555
1,rms,547,0.03237
1,rms,548,0.033129
1,rms,549,0.033593
1,rms,550,0.032611
1,rms,551,0.032666
1,rms,552,0.03237
1,rms,553,0.033203
1,rms,554,0.032278
1,rms,555,0.03237
1,rms,556,0.032518
1,rms,557,0.032463
1,rms,558,0.032611
1,rms,559,0.032408
1,rms,560,0.032555
1,rms,561,0.032648
1,rms,562,0.032463
1,rms,563,0.033167
1,rms,564,0.032611
1,rms,565,0.033462
1,rms,566,0.032482
1,rms,567,0.032852
1,rms,568,0.032444
1,rms,569,0.032426
1,rms,570,0.032574
1,rms,571,0.032945
1,rms,572,0.033037
1,rms,573,0.032593
1,rms,574,0.032778
1,rms,575,0.033055
1,rms,576,0.033611
1,rms,577,0.032555
1,rms,578,0.032593
1,rms,579,0.032685
1,rms,580,0.033111
1,rms,581,0.03287
1,rms,582,0.032445
1,rms,583,0.032389
1,rms,584,0.032426
1,rms,585,0.032703
1,rms,586,0.032537
1,rms,587,0.032445
1,rms,588,0.03263
1,rms,589,0.033499
1,rms,590,0.033259
1,rms,591,0.032259
1,rms,592,0.032592
1,rms,593,0.032426
1,rms,594,0.034092
1,rms,595,0.033259
1,rms,596,0.035482
1,rms,597,0.0395
1,rms,598,0.036352
1,rms,599,0.039241
1,rms,600,0.034704
1,rms,601,0.040333
1,rms,602,0.039074
1,rms,603,0.038037
1,rms,604,0.039259
1,rms,605,0.038129
1,rms,606,0.037019
1,rms,607,0.033722
1,rms,608,0.033888
1,rms,609,0.034148
1,rms,610,0.033
1,rms,611,0.0335
1,rms,612,0.034556
1,rms,613,0.035055
1,rms,614,0.034574
1,rms,615,0.034981
1,rms,616,0.033556
1,rms,617,0.033815
1,rms,618,0.033629
1,rms,619,0.034388
1,rms,620,0.032852
1,rms,621,0.032963
1,rms,622,0.032444
1,rms,623,0.033592
1,rms,624,0.032518
1,rms,625,0.034667
1,rms,626,0.033259
1,rms,627,0.033741
1,rms,628,0.033815
1,rms,629,0.033888
1,rms,630,0.054815
1,rms,631,0.037
1,rms,632,0.034296
1,rms,633,0.037518
1,rms,634,0.041815
1,rms,635,0.040222
1,rms,636,0.03713
1,rms,637,0.032519
1,rms,638,0.033148
1,rms,639,0.032833
1,rms,640,0.033444
1,rms,641,0.03287
1,rms,642,0.032648
1,rms,643,0.033019
1,rms,644,0.032555
1,rms,645,0.032518
1,rms,646,0.03237
1,rms,647,0.032444
1,rms,648,0.032592
1,rms,649,0.032815
1,rms,650,0.03237
1,rms,651,0.032722
1,rms,652,0.032167
1,rms,653,0.0325
1,rms,654,0.032241
1,rms,655,0.032833
1,rms,656,0.03224
1,rms,657,0.032333
1,rms,658,0.032796
1,rms,659,0.032574
1,rms,660,0.0325
1,rms,661,0.032982
1,rms,662,0.032537
1,rms,663,0.03463
1,rms,664,0.036463
1,rms,665,0.035926
1,rms,666,0.032833
1,rms,667,0.034278
1,rms,668,0.032519
1,rms,669,0.032518
1,rms,670,0.032574
1,rms,671,0.032666
1,rms,672,0.032111
1,rms,673,0.032722
1,rms,674,0.035129
1,rms,675,0.033574
1,rms,676,0.032463
1,rms,677,0.032611
1,rms,678,0.032408
1,rms,679,0.03237
1,rms,680,0.0325
1,rms,681,0.033166
1,rms,682,0.032722
1,rms,683,0.033834
1,rms,684,0.032185
1,rms,685,0.032704
1,rms,686,0.032944
1,rms,687,0.034629
1,rms,688,0.034259
1,rms,689,0.032574
1,rms,690,0.032592
1,rms,691,0.033426
1,rms,692,0.032463
1,rms,693,0.032408
1,rms,694,0.0325
1,rms,695,0.03287
1,rms,696,0.032408
1,rms,697,0.032352
1,rms,698,0.032537
1,rms,699,0.033056
1,rms,700,0.03213
1,rms,701,0.034037
1,rms,702,0.032685
1,rms,703,0.032445
1,rms,704,0.03237
1,rms,705,0.032482
1,rms,706,0.032537
1,rms,707,0.032426
1,rms,708,0.032277
1,rms,709,0.032852
1,rms,710,0.032482
1,rms,711,0.032278
1,rms,712,0.032222
1,rms,713,0.032352
1,rms,714,0.032593
1,rms,715,0.032519
1,rms,716,0.032129
1,rms,717,0.032592
1,rms,718,0.032352
1,rms,719,0.032278
1,rms,720,0.032371
1,rms,721,0.032333
1,rms,722,0.032462
1,rms,723,0.032518
1,rms,724,0.03324
1,rms,725,0.032815
1,rms,726,0.033704
1,rms,727,0.033334
1,rms,728,0.03263
1,rms,729,0.033
1,rms,730,0.032518
1,rms,731,0.032259
1,rms,732,0.032203
1,rms,733,0.032426
1,rms,734,0.032574
1,rms,735,0.032611
1,rms,736,0.032519
1,rms,737,0.033203
1,rms,738,0.033519
1,rms,739,0.032574
1,rms,740,0.032592
1,rms,741,0.032444
1,rms,742,0.032314
1,rms,743,0.032333
1,rms,744,0.032537
1,rms,745,0.033297
1,rms,746,0.032704
1,rms,747,0.045685
1,rms,748,0.036278
1,rms,749,0.032648
1,rms,750,0.032777
1,rms,751,0.03263
1,rms,752,0.032389
1,rms,753,0.032463
1,rms,754,0.032481
1,rms,755,0.0325
1,rms,756,0.032667
1,rms,757,0.032667
1,rms,758,0.032611
1,rms,759,0.033759
1,rms,761,0.034333
1,rms,762,0.032796
1,rms,763,0.033074
1,rms,764,0.032778
1,rms,765,0.033
1,rms,766,0.034074
1,rms,767,0.033611
1,rms,768,0.032611
1,rms,769,0.032722
1,rms,770,0.032519
1,rms,771,0.03237
1,rms,772,0.032944
1,rms,773,0.032704
1,rms,774,0.034408
1,rms,775,0.033055
1,rms,776,0.033074
1,rms,777,0.032556
1,rms,778,0.032741
1,rms,779,0.032463
1,rms,780,0.032481
1,rms,781,0.032889
1,rms,782,0.034055
1,rms,783,0.036445
1,rms,784,0.035944
1,rms,785,0.040722
1,rms,786,0.035074
1,rms,787,0.037
1,rms,788,0.034537
1,rms,789,0.036037
1,rms,790,0.037407
1,rms,791,0.0385
1,rms,792,0.034074
1,rms,793,0.032611
1,rms,794,0.032333
1,rms,795,0.032574
1,rms,796,0.033537
1,rms,797,0.034982
1,rms,798,0.03374
1,rms,799,0.032889
1,rms,800,0.033334
1,rms,801,0.032814
1,rms,802,0.032852
1,rms,803,0.032407
1,rms,804,0.032371
1,rms,805,0.032408
1,rms,806,0.032982
1,rms,807,0.032667
1,rms,808,0.032537
1,rms,809,0.033204
1,rms,810,0.033093
1,rms,811,0.034074
1,rms,812,0.032648
1,rms,813,0.032592
1,rms,814,0.032519
1,rms,815,0.032723
1,rms,816,0.03263
1,rms,817,0.032592
1,rms,818,0.032741
1,rms,819,0.032648
1,rms,820,0.033092
1,rms,821,0.033796
1,rms,822,0.032907
1,rms,823,0.032445
1,rms,824,0.033129
1,rms,825,0.032371
1,rms,826,0.032407
1,rms,827,0.0325
1,rms,828,0.032259
1,rms,829,0.032408
1,rms,830,0.032407
1,rms,831,0.032444
1,rms,832,0.032204
1,rms,833,0.032352
1,rms,834,0.032296
1,rms,835,0.031982
1,rms,836,0.032574
1,rms,837,0.032203
1,rms,838,0.032241
1,rms,839,0.032944
1,rms,840,0.03237
1,rms,841,0.03287
1,rms,842,0.032463
1,rms,843,0.032537
1,rms,844,0.035018
1,rms,845,0.036963
1,rms,846,0.032481
1,rms,847,0.033111
1,rms,848,0.032445
1,rms,849,0.032241
1,rms,850,0.032444
1,rms,851,0.032981
1,rms,852,0.032278
1,rms,853,0.032315
1,rms,854,0.032407
1,rms,855,0.032371
1,rms,856,0.032556
1,rms,857,0.032519
1,rms,858,0.032463
1,rms,859,0.032352
1,rms,860,0.033223
1,rms,861,0.033241
1,rms,862,0.034019
1,rms,863,0.034741
1,rms,864,0.033759
1,rms,865,0.046019
1,rms,866,0.034834
1,rms,867,0.032907
1,rms,868,0.032167
1,rms,869,0.032314
1,rms,870,0.0325
1,rms,871,0.033482
1,rms,872,0.033166
1,rms,873,0.034074
1,rms,874,0.04687
1,rms,875,0.053667
1,rms,876,0.063611
1,rms,877,0.051685
1,rms,878,0.052592
1,rms,879,0.047518
1,rms,880,0.045574
1,rms,881,0.032741
1,rms,882,0.033166
1,rms,883,0.032815
1,rms,884,0.032222
1,rms,885,0.033111
1,rms,886,0.032852
1,rms,887,0.032111
1,rms,888,0.032074
1,rms,889,0.033778
1,rms,890,0.032166
1,rms,891,0.03224
1,rms,892,0.032203
1,rms,893,0.032555
1,rms,894,0.032907
1,rms,895,0.03363
1,rms,896,0.033537
1,rms,897,0.033037
1,rms,898,0.032426
1,rms,899,0.033203
1,rms,900,0.032407
1,rms,901,0.032537
1,rms,902,0.032648
1,rms,903,0.032555
1,rms,904,0.032278
1,rms,905,0.032703
1,rms,906,0.033055
1,rms,907,0.033129
1,rms,908,0.036834
1,rms,909,0.035093
1,rms,910,0.034889
1,rms,911,0.037093
1,rms,912,0.038926
1,rms,913,0.04
1,rms,914,0.045518
1,rms,915,0.040778
1,rms,916,0.04074
1,rms,917,0.037518
1,rms,918,0.045796
1,rms,919,0.03987
1,rms,920,0.035296
1,rms,921,0.036259
1,rms,922,0.034111
1,rms,923,0.035111
1,rms,924,0.034445
1,rms,925,0.034519
1,rms,926,0.035463
1,rms,927,0.034796
1,rms,928,0.034
1,rms,929,0.033926
1,rms,930,0.032833
1,rms,931,0.032259
1,rms,932,0.032352
1,rms,933,0.032778
1,rms,934,0.034296
1,rms,935,0.033241
1,rms,936,0.032574
1,rms,937,0.032611
1,rms,938,0.03237
1,rms,939,0.032796
1,rms,940,0.032297
1,rms,941,0.032963
1,rms,942,0.032833
1,rms,943,0.032463
1,rms,944,0.032315
1,rms,945,0.032333
1,rms,946,0.032167
1,rms,947,0.032908
1,rms,948,0.032592
1,rms,949,0.033056
1,rms,950,0.032333
1,rms,951,0.032852
1,rms,952,0.032278
1,rms,953,0.032778
1,rms,954,0.033241
1,rms,955,0.032556
1,rms,956,0.032314
1,rms,957,0.032777
1,rms,958,0.032314
1,rms,959,0.033093
1,rms,960,0.032314
1,rms,961,0.03337
1,rms,962,0.033907
1,rms,963,0.032518
1,rms,964,0.032204
1,rms,965,0.032796
1,rms,966,0.032222
1,rms,967,0.032296
1,rms,968,0.032408
1,rms,969,0.033296
1,rms,970,0.0325
1,rms,971,0.032518
1,rms,972,0.032574
1,rms,973,0.032407
1,rms,974,0.032982
1,rms,975,0.035686
1,rms,976,0.058445
1,rms,977,0.035981
1,rms,978,0.032722
1,rms,979,0.032408
1,rms,980,0.032944
1,rms,981,0.032463
1,rms,982,0.032815
1,rms,983,0.032685
1,rms,984,0.032407
1,rms,985,0.033259
1,rms,986,0.035407
1,rms,987,0.035556
1,rms,988,0.035167
1,rms,989,0.03463
1,rms,990,0.03763
1,rms,991,0.035185
1,rms,992,0.0375
1,rms,993,0.037648
1,rms,994,0.037
1,rms,995,0.033889
1,rms,996,0.033055
1,rms,997,0.03374
1,rms,998,0.035055
1,rms,999,0.033611
1,rms,1000,0.0325
1,rms,1001,0.034111
1,rms,1002,0.034259
1,rms,1003,0.034148
1,rms,1004,0.033296
1,rms,1005,0.034315
1,rms,1006,0.03363
1,rms,1007,0.032518
1,rms,1008,0.032778
1,rms,1009,0.032278
1,rms,1010,0.032352
1,rms,1011,0.03324
1,rms,1012,0.032407
1,rms,1013,0.032296
1,rms,1014,0.032019
1,rms,1015,0.032371
1,rms,1016,0.032519
1,rms,1017,0.032444
1,rms,1018,0.03226
1,rms,1019,0.032481
1,rms,1020,0.032112
1,rms,1021,0.032297
1,rms,1022,0.032241
1,rms,1023,0.032389
1,rms,1024,0.032648
1,rms,1025,0.032815
1,rms,1026,0.03213
1,rms,1027,0.032185
1,rms,1028,0.032444
1,rms,1029,0.032314
1,rms,1030,0.033481
1,rms,1031,0.032592
1,rms,1032,0.033574
1,rms,1033,0.032482
1,rms,1034,0.032297
1,rms,1035,0.032481
1,rms,1036,0.032352
1,rms,1037,0.032537
1,rms,1038,0.032315
1,rms,1039,0.032297
1,rms,1040,0.032093
1,rms,1041,0.032334
1,rms,1042,0.032148
1,rms,1043,0.032704
1,rms,1044,0.032333
1,rms,1045,0.032241
1,rms,1046,0.033074
1,rms,1047,0.032463
1,rms,1048,0.032351
1,rms,1049,0.032907
1,rms,1050,0.032463
1,rms,1051,0.032259
1,rms,1052,0.032259
1,rms,1053,0.032499
1,rms,1054,0.032389
1,rms,1055,0.032389
1,rms,1056,0.032204
1,rms,1057,0.032593
1,rms,1058,0.032352
1,rms,1059,0.032426
1,rms,1060,0.032111
1,rms,1061,0.033278
1,rms,1062,0.03263
1,rms,1063,0.033
1,rms,1064,0.033037
1,rms,1065,0.032426
1,rms,1066,0.032203
1,rms,1067,0.032648
1,rms,1068,0.032185
1,rms,1069,0.032111
1,rms,1070,0.03224
1,rms,1071,0.032351
1,rms,1072,0.032093
1,rms,1073,0.032574
1,rms,1074,0.032593
1,rms,1075,0.032388
1,rms,1076,0.033556
1,rms,1077,0.034222
1,rms,1078,0.035037
1,rms,1079,0.032611
1,rms,1080,0.032185
1,rms,1081,0.032148
1,rms,1082,0.032334
1,rms,1083,0.032629
1,rms,1084,0.032481
1,rms,1085,0.033204
1,rms,1086,0.032167
1,rms,1087,0.032185
1,rms,1088,0.032129
1,rms,1089,0.032889
1,rms,1090,0.032111
1,rms,1091,0.032185
1,rms,1092,0.032037
1,rms,1093,0.0325
1,rms,1094,0.058185
1,rms,1095,0.033389
1,rms,1096,0.03263
1,rms,1097,0.032537
1,rms,1098,0.033222
1,rms,1099,0.032944
1,rms,1100,0.032389
1,rms,1101,0.032871
1,rms,1102,0.03387
1,rms,1103,0.034074
1,rms,1104,0.033722
1,rms,1105,0.0325
1,rms,1106,0.0325
1,rms,1107,0.032852
1,rms,1108,0.032092
1,rms,1109,0.032389
1,rms,1110,0.032148
1,rms,1111,0.032871
1,rms,1112,0.032389
1,rms,1113,0.032834
1,rms,1114,0.032129
1,rms,1115,0.032574
1,rms,1116,0.032056
1,rms,1117,0.032426
1,rms,1118,0.032352
1,rms,1119,0.032371
1,rms,1120,0.032111
1,rms,1121,0.032519
1,rms,1122,0.0325
1,rms,1123,0.032796
1,rms,1124,0.033259
1,rms,1125,0.033297
1,rms,1126,0.033629
1,rms,1127,0.032463
1,rms,1128,0.033555
1,rms,1129,0.033203
1,rms,1130,0.032462
1,rms,1131,0.033
1,rms,1132,0.033666
1,rms,1133,0.033296
1,rms,1134,0.032445
1,rms,1135,0.032815
1,rms,1136,0.032352
1,rms,1137,0.032111
1,rms,1138,0.032425
1,rms,1139,0.032574
1,rms,1140,0.033167
1,rms,1141,0.032518
1,rms,1142,0.032074
1,rms,1143,0.032315
1,rms,1144,0.032463
1,rms,1145,0.032593
1,rms,1146,0.032111
1,rms,1147,0.032407
1,rms,1148,0.032296
1,rms,1149,0.032297
1,rms,1150,0.031925
1,rms,1151,0.032203
1,rms,1152,0.032037
1,rms,1153,0.0325
1,rms,1154,0.032166
1,rms,1155,0.032166
1,rms,1156,0.032296
1,rms,1157,0.032555
1,rms,1158,0.03287
1,rms,1159,0.032223
1,rms,1160,0.032333
1,rms,1161,0.032111
1,rms,1162,0.032278
1,rms,1163,0.032352
1,rms,1164,0.032388
1,rms,1165,0.032796
1,rms,1166,0.032333
1,rms,1167,0.032963
1,rms,1168,0.03324
1,rms,1169,0.03276
1,rms,1170,0.03413
1,rms,1171,0.033352
1,rms,1172,0.033148
1,rms,1173,0.033223
1,rms,1174,0.032815
1,rms,1175,0.032297
1,rms,1176,0.033777
1,rms,1177,0.032481
1,rms,1178,0.03224
1,rms,1179,0.032481
1,rms,1180,0.032333
1,rms,1181,0.032518
1,rms,1182,0.03213
1,rms,1183,0.033111
1,rms,1184,0.032778
1,rms,1185,0.032148
1,rms,1186,0.032333
1,rms,1187,0.032315
1,rms,1188,0.032204
1,rms,1189,0.032129
1,rms,1190,0.032074
1,rms,1191,0.032074
1,rms,1192,0.032851
1,rms,1193,0.032204
1,rms,1194,0.032185
1,rms,1195,0.032055
1,rms,1196,0.032093
1,rms,1197,0.033926
1,rms,1198,0.032056
1,rms,1199,0.032074
1,rms,1200,0.032241
1,rms,1201,0.032278
1,rms,1202,0.032111
1,rms,1203,0.03237
1,rms,1204,0.032314
1,rms,1205,0.032
1,rms,1206,0.032
1,rms,1207,0.032203
1,rms,1208,0.032481
1,rms,1209,0.031962
1,rms,1210,0.032092
1,rms,1211,0.032296
1,rms,1212,0.042
1,rms,1213,0.035981
1,rms,1214,0.032685
1,rms,1215,0.032537
1,rms,1216,0.032518
1,rms,1217,0.032537
1,rms,1218,0.032463
1,rms,1219,0.032296
1,rms,1220,0.033463
1,rms,1221,0.034
1,rms,1222,0.032741
1,rms,1223,0.032426
1,rms,1224,0.032352
1,rms,1225,0.032315
1,rms,1226,0.032574
1,rms,1227,0.032334
1,rms,1228,0.03287
1,rms,1229,0.032519
1,rms,1230,0.032111
1,rms,1231,0.033055
1,rms,1232,0.032371
1,rms,1233,0.0325
1,rms,1234,0.032537
1,rms,1235,0.032278
1,rms,1236,0.032297
1,rms,1237,0.032445
1,rms,1238,0.032907
1,rms,1239,0.032593
1,rms,1240,0.032334
1,rms,1241,0.032574
1,rms,1242,0.032648
1,rms,1243,0.032148
1,rms,1244,0.032278
1,rms,1245,0.032407
1,rms,1246,0.032482
1,rms,1247,0.034167
1,rms,1248,0.032797
1,rms,1249,0.033889
1,rms,1250,0.0325
1,rms,1251,0.032574
1,rms,1252,0.032278
1,rms,1253,0.032963
1,rms,1254,0.03224
1,rms,1255,0.033037
1,rms,1256,0.032667
1,rms,1257,0.032277
1,rms,1258,0.032223
1,rms,1259,0.032334
1,rms,1260,0.032204
1,rms,1261,0.033
1,rms,1262,0.032574
1,rms,1263,0.0325
1,rms,1264,0.032778
1,rms,1265,0.033056
1,rms,1266,0.032296
1,rms,1267,0.032629
1,rms,1268,0.032925
1,rms,1269,0.032722
1,rms,1270,0.032574
1,rms,1271,0.032574
1,rms,1272,0.032648
1,rms,1273,0.03263
1,rms,1274,0.032222
1,rms,1275,0.032408
1,rms,1276,0.032351
1,rms,1277,0.032685
1,rms,1278,0.032685
1,rms,1279,0.033408
1,rms,1280,0.032333
1,rms,1281,0.033185
1,rms,1282,0.032667
1,rms,1283,0.033167
1,rms,1284,0.033296
1,rms,1285,0.032426
1,rms,1286,0.032222
1,rms,1287,0.0325
1,rms,1288,0.03274
1,rms,1289,0.032704
1,rms,1290,0.032889
1,rms,1291,0.033241
1,rms,1292,0.033111
1,rms,1293,0.032481
1,rms,1294,0.032241
1,rms,1295,0.032834
1,rms,1296,0.032425
1,rms,1297,0.03237
1,rms,1298,0.032222
1,rms,1299,0.032777
1,rms,1300,0.032723
1,rms,1301,0.032278
1,rms,1302,0.032352
1,rms,1303,0.032389
1,rms,1304,0.032463
1,rms,1305,0.032408
1,rms,1306,0.032111
1,rms,1307,0.032148
1,rms,1308,0.032259
1,rms,1309,0.032462
1,rms,1310,0.032407
1,rms,1311,0.032167
1,rms,1312,0.032574
1,rms,1313,0.032574
1,rms,1314,0.032185
1,rms,1315,0.032944
1,rms,1316,0.033222
1,rms,1317,0.033629
1,rms,1318,0.032481
1,rms,1319,0.032444
1,rms,1320,0.032481
1,rms,1321,0.032277
1,rms,1322,0.032333
1,rms,1323,0.032426
1,rms,1324,0.032426
1,rms,1325,0.032407
1,rms,1326,0.032371
1,rms,1327,0.032333
1,rms,1328,0.032574
1,rms,1329,0.032796
1,rms,1330,0.032166
1,rms,1331,0.051667
1,rms,1332,0.035167
1,rms,1333,0.033111
1,rms,1334,0.033389
1,rms,1335,0.032481
1,rms,1336,0.032593
1,rms,1337,0.032407
1,rms,1338,0.032352
1,rms,1339,0.03213
1,rms,1340,0.032481
1,rms,1341,0.032481
1,rms,1342,0.032333
1,rms,1343,0.032333
1,rms,1344,0.032277
1,rms,1345,0.032389
1,rms,1346,0.03237
1,rms,1347,0.032296
1,rms,1348,0.032944
1,rms,1349,0.032315
1,rms,1350,0.03237
1,rms,1351,0.032333
1,rms,1352,0.032222
1,rms,1353,0.032741
1,rms,1354,0.032296
1,rms,1355,0.0325
1,rms,1356,0.032333
1,rms,1357,0.033444
1,rms,1358,0.032796
1,rms,1359,0.033278
1,rms,1360,0.032555
1,rms,1361,0.032204
1,rms,1362,0.032259
1,rms,1363,0.032
1,rms,1364,0.03276
1,rms,1365,0.0325
1,rms,1366,0.032352
1,rms,1367,0.032019
1,rms,1368,0.032352
1,rms,1369,0.032277
1,rms,1370,0.032241
1,rms,1371,0.032056
1,rms,1372,0.032278
1,rms,1373,0.032574
1,rms,1374,0.032482
1,rms,1375,0.032315
1,rms,1376,0.033074
1,rms,1377,0.03287
1,rms,1378,0.032222
1,rms,1379,0.032389
1,rms,1380,0.032408
1,rms,1381,0.031981
1,rms,1382,0.032722
1,rms,1383,0.032333
1,rms,1384,0.032444
1,rms,1385,0.032129
1,rms,1386,0.032222
1,rms,1387,0.032241
1,rms,1388,0.032574
1,rms,1389,0.033055
1,rms,1390,0.03237
1,rms,1391,0.033055
1,rms,1392,0.032741
1,rms,1393,0.031908
1,rms,1394,0.032352
1,rms,1395,0.032407
1,rms,1396,0.032519
1,rms,1397,0.032778
1,rms,1398,0.032074
1,rms,1399,0.032111
1,rms,1400,0.032297
1,rms,1401,0.033352
1,rms,1402,0.032186
1,rms,1403,0.032092
1,rms,1404,0.032833
1,rms,1405,0.032666
1,rms,1406,0.032518
1,rms,1407,0.035926
1,rms,1408,0.032722
1,rms,1409,0.033926
1,rms,1410,0.032944
1,rms,1411,0.033482
1,rms,1412,0.032686
1,rms,1413,0.032444
1,rms,1414,0.032185
1,rms,1415,0.032556
1,rms,1416,0.03237
1,rms,1417,0.033074
1,rms,1418,0.032371
1,rms,1419,0.032555
1,rms,1420,0.032444
1,rms,1421,0.0325
1,rms,1422,0.032871
1,rms,1423,0.032296
1,rms,1424,0.032444
1,rms,1425,0.033111
1,rms,1426,0.033778
1,rms,1427,0.032889
1,rms,1428,0.03237
1,rms,1429,0.033259
1,rms,1430,0.032703
1,rms,1431,0.035796
1,rms,1432,0.035963
1,rms,1433,0.033815
1,rms,1434,0.033074
1,rms,1435,0.032204
1,rms,1436,0.032129
1,rms,1437,0.032481
1,rms,1438,0.032241
1,rms,1439,0.032074
1,rms,1440,0.032241
1,rms,1441,0.033241
1,rms,1442,0.032444
1,rms,1443,0.032444
1,rms,1444,0.032129
1,rms,1445,0.032129
1,rms,1446,0.032482
1,rms,1447,0.032148
1,rms,1448,0.032259
1,rms,1449,0.032203
1,rms,1450,0.048352
1,rms,1451,0.067074
1,rms,1452,0.047462
1,rms,1453,0.034185
1,rms,1454,0.035926
1,rms,1455,0.032833
1,rms,1456,0.033185
1,rms,1457,0.033463
1,rms,1458,0.033796
1,rms,1459,0.03287
1,rms,1460,0.0325
1,rms,1461,0.038186
1,rms,1462,0.033852
1,rms,1463,0.032907
1,rms,1464,0.032778
1,rms,1465,0.032371
1,rms,1466,0.032445
1,rms,1467,0.032
1,rms,1468,0.032389
1,rms,1469,0.032241
1,rms,1470,0.032481
1,rms,1471,0.032185
1,rms,1472,0.032963
1,rms,1473,0.032648
1,rms,1474,0.032666
1,rms,1475,0.032518
1,rms,1476,0.033408
1,rms,1477,0.032704
1,rms,1478,0.032222
1,rms,1479,0.032074
1,rms,1480,0.03224
1,rms,1481,0.032222
1,rms,1482,0.032537
1,rms,1483,0.0325
1,rms,1484,0.032296
1,rms,1485,0.032777
1,rms,1486,0.032463
1,rms,1487,0.032241
1,rms,1488,0.032204
1,rms,1489,0.032481
1,rms,1490,0.032092
1,rms,1491,0.03237
1,rms,1492,0.032074
1,rms,1493,0.032926
1,rms,1494,0.03226
1,rms,1495,0.032759
1,rms,1496,0.032611
1,rms,1497,0.032518
1,rms,1498,0.032111
1,rms,1499,0.032388
1,rms,1500,0.032037
1,rms,1501,0.032351
1,rms,1502,0.032518
1,rms,1503,0.03263
1,rms,1504,0.032592
1,rms,1505,0.032963
1,rms,1506,0.032167
1,rms,1507,0.033018
1,rms,1508,0.03337
1,rms,1509,0.032815
1,rms,1510,0.032055
1,rms,1511,0.032167
1,rms,1512,0.032149
1,rms,1513,0.032148
1,rms,1514,0.032167
1,rms,1515,0.032241
1,rms,1516,0.032315
1,rms,1517,0.032445
1,rms,1518,0.032296
1,rms,1519,0.032241
1,rms,1520,0.032148
1,rms,1521,0.032481
1,rms,1522,0.0335
1,rms,1523,0.032352
1,rms,1524,0.032371
1,rms,1525,0.032611
1,rms,1526,0.032315
1,rms,1527,0.03237
1,rms,1528,0.032371
1,rms,1529,0.032315
1,rms,1530,0.032445
1,rms,1531,0.032426
1,rms,1532,0.032667
1,rms,1533,0.032445
1,rms,1534,0.032204
1,rms,1535,0.0325
1,rms,1536,0.032519
1,rms,1537,0.032203
1,rms,1538,0.032592
1,rms,1539,0.032259
1,rms,1540,0.03224
1,rms,1541,0.032407
1,rms,1542,0.03187
1,rms,1543,0.032815
1,rms,1544,0.032388
1,rms,1545,0.033833
1,rms,1546,0.032352
1,rms,1547,0.03213
1,rms,1548,0.032259
1,rms,1549,0.032463
1,rms,1550,0.03274
1,rms,1551,0.032314
1,rms,1552,0.032167
1,rms,1553,0.032278
1,rms,1554,0.032722
1,rms,1555,0.032314
1,rms,1556,0.032185
1,rms,1557,0.0325
1,rms,1558,0.032555
1,rms,1559,0.032666
1,rms,1560,0.032537
1,rms,1561,0.032407
1,rms,1562,0.032204
1,rms,1563,0.032722
1,rms,1564,0.032426
1,rms,1565,0.032389
1,rms,1566,0.032334
1,rms,1567,0.032389
1,rms,1568,0.038704
1,rms,1569,0.032741
1,rms,1570,0.03363
1,rms,1571,0.033074
1,rms,1572,0.032371
1,rms,1573,0.032314
1,rms,1574,0.032536
1,rms,1575,0.032389
1,rms,1576,0.032945
1,rms,1577,0.032204
1,rms,1578,0.03287
1,rms,1579,0.032389
1,rms,1580,0.032407
1,rms,1581,0.032
1,rms,1582,0.032408
1,rms,1583,0.032555
1,rms,1584,0.032481
1,rms,1585,0.032204
1,rms,1586,0.033037
1,rms,1587,0.033259
1,rms,1588,0.032759
1,rms,1589,0.03263
1,rms,1590,0.033371
1,rms,1591,0.032315
1,rms,1592,0.033648
1,rms,1593,0.0325
1,rms,1594,0.0325
1,rms,1595,0.032408
1,rms,1596,0.032167
1,rms,1597,0.032223
1,rms,1598,0.032574
1,rms,1599,0.032537
1,rms,1600,0.032111
1,rms,1601,0.033148
1,rms,1602,0.032518
1,rms,1603,0.032444
1,rms,1604,0.032203
1,rms,1605,0.032536
1,rms,1606,0.032203
1,rms,1607,0.032759
1,rms,1608,0.032389
1,rms,1609,0.032389
1,rms,1610,0.032185
1,rms,1611,0.03237
1,rms,1612,0.032426
1,rms,1613,0.032314
1,rms,1614,0.032204
1,rms,1615,0.032111
1,rms,1616,0.032389
1,rms,1617,0.032463
1,rms,1618,0.032222
1,rms,1619,0.032351
1,rms,1620,0.032148
1,rms,1621,0.032296
1,rms,1622,0.032519
1,rms,1623,0.032408
1,rms,1624,0.032963
1,rms,1625,0.03263
1,rms,1626,0.033611
1,rms,1627,0.032778
1,rms,1628,0.0325
1,rms,1629,0.032167
1,rms,1630,0.032407
1,rms,1631,0.03337
1,rms,1632,0.032426
1,rms,1633,0.032593
1,rms,1634,0.032445
1,rms,1635,0.032222
1,rms,1636,0.032407
1,rms,1637,0.032574
1,rms,1638,0.032574
1,rms,1639,0.032241
1,rms,1640,0.032278
1,rms,1641,0.033074
1,rms,1642,0.032315
1,rms,1643,0.0325
1,rms,1644,0.032482
1,rms,1645,0.033222
1,rms,1646,0.032648
1,rms,1647,0.032426
1,rms,1648,0.032185
1,rms,1649,0.032537
1,rms,1650,0.032352
1,rms,1651,0.032166
1,rms,1652,0.032371
1,rms,1653,0.032389
1,rms,1654,0.032389
1,rms,1655,0.032426
1,rms,1656,0.03213
1,rms,1657,0.032167
1,rms,1658,0.033296
1,rms,1659,0.032482
1,rms,1660,0.032445
1,rms,1661,0.032463
1,rms,1662,0.032389
1,rms,1663,0.032018
1,rms,1664,0.032371
1,rms,1665,0.03237
1,rms,1666,0.032296
1,rms,1667,0.032204
1,rms,1668,0.032222
1,rms,1669,0.032334
1,rms,1670,0.032185
1,rms,1671,0.032389
1,rms,1672,0.032241
1,rms,1673,0.032371
1,rms,1674,0.032278
1,rms,1675,0.032222
1,rms,1676,0.032204
1,rms,1677,0.032333
1,rms,1678,0.032536
1,rms,1679,0.032518
1,rms,1680,0.03237
1,rms,1681,0.033186
1,rms,1682,0.033444
1,rms,1683,0.033777
1,rms,1684,0.032315
1,rms,1685,0.032445
1,rms,1686,0.032074
1,rms,1687,0.052352
1,rms,1688,0.036167
1,rms,1689,0.034222
1,rms,1690,0.032796
1,rms,1691,0.033259
1,rms,1692,0.032704
1,rms,1693,0.032778
1,rms,1694,0.032574
1,rms,1695,0.033185
1,rms,1696,0.033797
1,rms,1697,0.032593
1,rms,1698,0.032963
1,rms,1699,0.033241
1,rms,1700,0.032463
1,rms,1701,0.0325
1,rms,1702,0.032796
1,rms,1703,0.032463
1,rms,1704,0.032426
1,rms,1705,0.032277
1,rms,1706,0.032408
1,rms,1707,0.03226
1,rms,1708,0.032759
1,rms,1709,0.033241
1,rms,1710,0.033945
1,rms,1711,0.032722
1,rms,1712,0.0325
1,rms,1713,0.032592
1,rms,1714,0.033111
1,rms,1715,0.032537
1,rms,1716,0.032481
1,rms,1717,0.032574
1,rms,1718,0.032611
1,rms,1719,0.032611
1,rms,1720,0.032982
1,rms,1721,0.033759
1,rms,1722,0.032407
1,rms,1723,0.032426
1,rms,1724,0.032259
1,rms,1725,0.032777
1,rms,1726,0.032315
1,rms,1727,0.03213
1,rms,1728,0.032148
1,rms,1729,0.032611
1,rms,1730,0.03237
1,rms,1731,0.032352
1,rms,1732,0.03237
1,rms,1733,0.033222
1,rms,1734,0.032352
1,rms,1735,0.032463
1,rms,1736,0.032222
1,rms,1737,0.032444
1,rms,1738,0.032185
1,rms,1739,0.032611
1,rms,1740,0.032333
1,rms,1741,0.032574
1,rms,1742,0.03237
1,rms,1743,0.032333
1,rms,1744,0.033
1,rms,1745,0.032889
1,rms,1746,0.0335
1,rms,1747,0.032537
1,rms,1748,0.032648
1,rms,1749,0.032518
1,rms,1750,0.032111
1,rms,1751,0.032389
1,rms,1752,0.032278
1,rms,1753,0.032444
1,rms,1754,0.033259
1,rms,1755,0.032686
1,rms,1756,0.0325
1,rms,1757,0.03237
1,rms,1758,0.032389
1,rms,1759,0.032296
1,rms,1760,0.033093
1,rms,1761,0.032889
1,rms,1762,0.033259
1,rms,1763,0.033
1,rms,1764,0.032574
1,rms,1765,0.032315
1,rms,1766,0.032296
1,rms,1767,0.032111
1,rms,1768,0.032574
1,rms,1769,0.032167
1,rms,1770,0.032204
1,rms,1771,0.032259
1,rms,1772,0.032185
1,rms,1773,0.032388
1,rms,1774,0.033019
1,rms,1775,0.032241
1,rms,1776,0.032167
1,rms,1777,0.032389
1,rms,1778,0.032481
1,rms,1779,0.032241
1,rms,1780,0.032222
1,rms,1781,0.032722
1,rms,1782,0.0325
1,rms,1783,0.032259
1,rms,1784,0.032592
1,rms,1785,0.032426
1,rms,1786,0.032388
1,rms,1787,0.033296
1,rms,1788,0.032259
1,rms,1789,0.032407
1,rms,1790,0.032704
1,rms,1791,0.03337
1,rms,1792,0.03237
1,rms,1793,0.032425
1,rms,1794,0.033666
1,rms,1795,0.032888
1,rms,1796,0.033407
1,rms,1797,0.032463
1,rms,1798,0.032259
1,rms,1799,0.032408
1,rms,1800,0.032222
1,rms,1801,0.032519
1,rms,1802,0.033018
1,rms,1803,0.032407
1,rms,1804,0.032333
1,rms,1805,0.046593
1,isolation_forest,1,14.582013
1,isolation_forest,2,13.372848
1,isolation_forest,3,14.777938
1,isolation_forest,4,16.806083
1,isolation_forest,5,14.358384
1,isolation_forest,6,19.966688
1,isolation_forest,7,22.925703
1,isolation_forest,8,18.463191
1,isolation_forest,9,15.283104
1,isolation_forest,10,15.436733
1,isolation_forest,11,18.960895
1,isolation_forest,12,14.81229
1,isolation_forest,13,18.445544
1,isolation_forest,14,14.79192
1,isolation_forest,15,16.323565
1,isolation_forest,16,15.565585
1,isolation_forest,17,15.89864
1,isolation_forest,18,15.62277
1,isolation_forest,19,14.590828
1,isolation_forest,20,14.742883
1,isolation_forest,21,14.442069
1,isolation_forest,22,14.057347
1,isolation_forest,23,13.114959
1,isolation_forest,24,13.316404
1,isolation_forest,25,13.384163
1,isolation_forest,26,14.645439
1,isolation_forest,27,15.866825
1,isolation_forest,28,14.841031
1,isolation_forest,29,13.99481
1,isolation_forest,30,14.088124
1,isolation_forest,31,13.695533
1,isolation_forest,32,13.316237
1,isolation_forest,33,13.105885
1,isolation_forest,34,13.166997
1,isolation_forest,35,13.134922
1,isolation_forest,36,16.504676
1,isolation_forest,37,16.057955
1,isolation_forest,38,13.654255
1,isolation_forest,39,13.351626
1,isolation_forest,40,13.299275
1,isolation_forest,41,13.335441
1,isolation_forest,42,13.117515
1,isolation_forest,43,13.128367
1,isolation_forest,44,13.093552
1,isolation_forest,45,13.984403
1,isolation_forest,46,16.968064
1,isolation_forest,47,17.914915
1,isolation_forest,48,20.346169
1,isolation_forest,49,15.90377
1,isolation_forest,50,15.334548
1,isolation_forest,51,14.663772
1,isolation_forest,52,14.200143
1,isolation_forest,53,13.246403
1,isolation_forest,54,13.09557
1,isolation_forest,55,15.480678
1,isolation_forest,56,15.4024
1,isolation_forest,57,13.32646
1,isolation_forest,58,13.327089
1,isolation_forest,59,13.272644
1,isolation_forest,60,13.263534
1,isolation_forest,61,13.208867
1,isolation_forest,62,13.228608
1,isolation_forest,63,13.231867
1,isolation_forest,64,13.176478
1,isolation_forest,65,13.872125
1,isolation_forest,66,15.608511
1,isolation_forest,67,14.478439
1,isolation_forest,68,17.714878
1,isolation_forest,69,15.418789
1,isolation_forest,70,17.536248
1,isolation_forest,71,21.428168
1,isolation_forest,72,14.33518
1,isolation_forest,73,13.516626
1,isolation_forest,74,13.218478
1,isolation_forest,75,13.350959
1,isolation_forest,76,13.228052
1,isolation_forest,77,13.077126
1,isolation_forest,78,12.979386
1,isolation_forest,79,13.061978
1,isolation_forest,80,13.045515
1,isolation_forest,81,13.193219
1,isolation_forest,82,13.098886
1,isolation_forest,83,13.3867
1,isolation_forest,84,13.247126
1,isolation_forest,85,13.085589
1,isolation_forest,86,13.033515
1,isolation_forest,87,14.946124
1,isolation_forest,88,15.058734
1,isolation_forest,89,14.462309
1,isolation_forest,90,13.862921
1,isolation_forest,91,13.632441
1,isolation_forest,92,13.174867
1,isolation_forest,93,13.017478
1,isolation_forest,94,12.952497
1,isolation_forest,95,13.042979
1,isolation_forest,96,13.189107
1,isolation_forest,97,13.285218
1,isolation_forest,98,14.017551
1,isolation_forest,99,13.746717
1,isolation_forest,100,13.255515
1,isolation_forest,101,13.123793
1,isolation_forest,102,13.313108
1,isolation_forest,103,14.622161
1,isolation_forest,104,14.003588
1,isolation_forest,105,13.19109
1,isolation_forest,106,13.2127
1,isolation_forest,107,13.003997
1,isolation_forest,108,12.990182
1,isolation_forest,109,12.903312
1,isolation_forest,110,13.056886
1,isolation_forest,111,13.876365
1,isolation_forest,112,15.16129
1,isolation_forest,113,14.39905
1,isolation_forest,114,17.225231
1,isolation_forest,115,13.434737
1,isolation_forest,116,13.27007
1,isolation_forest,117,13.086923
1,isolation_forest,118,13.067997
1,isolation_forest,119,13.050515
1,isolation_forest,120,16.492732
1,isolation_forest,121,14.71392
1,isolation_forest,122,13.484366
1,isolation_forest,123,13.362515
1,isolation_forest,124,13.363848
1,isolation_forest,125,13.095422
1,isolation_forest,126,13.480514
1,isolation_forest,127,13.317589
1,isolation_forest,128,13.184774
1,isolation_forest,129,13.233293
1,isolation_forest,130,13.102812
1,isolation_forest,131,13.002904
1,isolation_forest,132,13.067719
1,isolation_forest,133,12.867071
1,isolation_forest,134,12.948034
1,isolation_forest,135,13.101719
1,isolation_forest,136,13.041904
1,isolation_forest,137,12.923071
1,isolation_forest,138,12.865034
1,isolation_forest,139,13.263737
1,isolation_forest,140,13.385052
1,isolation_forest,141,13.22046
1,isolation_forest,142,13.062015
1,isolation_forest,143,12.996108
1,isolation_forest,144,12.951497
1,isolation_forest,145,12.883238
1,isolation_forest,146,12.86072
1,isolation_forest,147,13.647829
1,isolation_forest,148,12.980257
1,isolation_forest,149,12.8722
1,isolation_forest,150,12.832682
1,isolation_forest,151,12.798423
1,isolation_forest,152,12.937034
1,isolation_forest,153,12.776145
1,isolation_forest,154,12.786423
1,isolation_forest,155,12.816109
1,isolation_forest,156,14.442717
1,isolation_forest,157,14.532457
1,isolation_forest,158,14.34218
1,isolation_forest,159,13.887347
1,isolation_forest,160,13.061237
1,isolation_forest,161,13.031775
1,isolation_forest,162,13.040237
1,isolation_forest,163,12.963942
1,isolation_forest,164,12.996238
1,isolation_forest,165,12.774423
1,isolation_forest,166,12.654313
1,isolation_forest,167,12.67872
1,isolation_forest,168,12.746998
1,isolation_forest,169,12.774127
1,isolation_forest,170,12.870015
1,isolation_forest,171,12.834201
1,isolation_forest,172,13.324923
1,isolation_forest,173,14.052995
1,isolation_forest,174,13.668885
1,isolation_forest,175,13.060275
1,isolation_forest,176,12.986441
1,isolation_forest,177,12.970497
1,isolation_forest,178,12.941052
1,isolation_forest,179,12.90146
1,isolation_forest,180,12.793831
1,isolation_forest,181,12.869405
1,isolation_forest,182,12.747572
1,isolation_forest,183,12.758978
1,isolation_forest,184,12.77996
1,isolation_forest,185,12.944145
1,isolation_forest,186,12.8927
1,isolation_forest,187,12.850849
1,isolation_forest,188,12.865905
1,isolation_forest,189,12.787627
1,isolation_forest,190,12.704294
1,isolation_forest,191,12.733979
1,isolation_forest,192,12.75872
1,isolation_forest,193,12.743923
1,isolation_forest,194,13.123886
1,isolation_forest,195,12.988682
1,isolation_forest,196,12.899108
1,isolation_forest,197,12.749182
1,isolation_forest,198,12.817035
1,isolation_forest,199,12.693831
1,isolation_forest,200,12.78322
1,isolation_forest,201,13.328534
1,isolation_forest,202,15.198234
1,isolation_forest,203,14.856975
1,isolation_forest,204,14.288402
1,isolation_forest,205,13.538274
1,isolation_forest,206,13.158163
1,isolation_forest,207,12.947497
1,isolation_forest,208,12.974016
1,isolation_forest,209,12.860923
1,isolation_forest,210,12.885978
1,isolation_forest,211,12.802127
1,isolation_forest,212,12.76433
1,isolation_forest,213,12.805108
1,isolation_forest,214,12.749164
1,isolation_forest,215,12.773349
1,isolation_forest,216,13.504015
1,isolation_forest,217,14.314773
1,isolation_forest,218,13.953644
1,isolation_forest,219,13.188885
1,isolation_forest,220,13.056163
1,isolation_forest,221,12.955552
1,isolation_forest,222,12.969645
1,isolation_forest,223,13.009905
1,isolation_forest,224,13.262848
1,isolation_forest,225,13.022423
1,isolation_forest,226,12.967071
1,isolation_forest,227,12.928256
1,isolation_forest,228,12.994997
1,isolation_forest,229,13.55394
1,isolation_forest,230,12.863905
1,isolation_forest,231,12.864479
1,isolation_forest,232,12.853923
1,isolation_forest,233,12.823368
1,isolation_forest,234,12.818108
1,isolation_forest,235,12.843867
1,isolation_forest,236,12.764831
1,isolation_forest,237,13.129219
1,isolation_forest,238,13.206719
1,isolation_forest,239,13.041904
1,isolation_forest,240,12.956238
1,isolation_forest,241,12.853238
1,isolation_forest,242,12.871127
1,isolation_forest,243,12.964405
1,isolation_forest,244,12.843404
1,isolation_forest,245,12.801219
1,isolation_forest,246,12.82646
1,isolation_forest,247,12.987368
1,isolation_forest,248,15.265753
1,isolation_forest,249,14.891772
1,isolation_forest,250,14.038013
1,isolation_forest,251,13.531552
1,isolation_forest,252,13.830551
1,isolation_forest,253,13.154182
1,isolation_forest,254,12.965257
1,isolation_forest,255,13.008015
1,isolation_forest,256,12.956237
1,isolation_forest,257,13.030978
1,isolation_forest,258,12.886589
1,isolation_forest,259,12.836145
1,isolation_forest,260,12.798312
1,isolation_forest,261,12.948664
1,isolation_forest,262,12.918312
1,isolation_forest,263,12.859794
1,isolation_forest,264,13.048052
1,isolation_forest,265,12.938071
1,isolation_forest,266,12.891683
1,isolation_forest,267,12.887645
1,isolation_forest,268,12.954664
1,isolation_forest,269,12.910312
1,isolation_forest,270,12.970849
1,isolation_forest,271,12.956145
1,isolation_forest,272,12.993126
1,isolation_forest,273,12.820923
1,isolation_forest,274,12.809775
1,isolation_forest,275,12.867868
1,isolation_forest,276,12.84333
1,isolation_forest,277,12.96046
1,isolation_forest,278,12.826756
1,isolation_forest,279,12.919423
1,isolation_forest,280,12.957886
1,isolation_forest,281,12.818627
1,isolation_forest,282,12.803404
1,isolation_forest,283,12.77172
1,isolation_forest,284,12.769071
1,isolation_forest,285,12.848867
1,isolation_forest,286,12.754109
1,isolation_forest,287,12.728813
1,isolation_forest,288,12.727739
1,isolation_forest,289,12.653794
1,isolation_forest,290,12.673164
1,isolation_forest,291,12.683257
1,isolation_forest,292,12.648202
1,isolation_forest,293,12.78009
1,isolation_forest,294,15.267494
1,isolation_forest,295,14.694179
1,isolation_forest,296,14.032921
1,isolation_forest,297,13.206404
1,isolation_forest,298,13.03459
1,isolation_forest,299,13.063812
1,isolation_forest,300,12.920775
1,isolation_forest,301,12.913089
1,isolation_forest,302,12.972071
1,isolation_forest,303,12.868275
1,isolation_forest,304,12.831164
1,isolation_forest,305,12.917682
1,isolation_forest,306,12.855515
1,isolation_forest,307,12.869367
1,isolation_forest,308,12.888794
1,isolation_forest,309,13.128348
1,isolation_forest,310,13.374459
1,isolation_forest,311,13.78907
1,isolation_forest,312,13.1542
1,isolation_forest,313,12.981127
1,isolation_forest,314,12.887812
1,isolation_forest,315,12.841182
1,isolation_forest,316,12.933812
1,isolation_forest,317,12.828256
1,isolation_forest,318,13.036811
1,isolation_forest,319,13.124126
1,isolation_forest,320,13.016275
1,isolation_forest,321,13.033497
1,isolation_forest,322,12.876404
1,isolation_forest,323,12.928219
1,isolation_forest,324,12.921015
1,isolation_forest,325,13.148756
1,isolation_forest,326,14.405846
1,isolation_forest,327,13.820607
1,isolation_forest,328,13.288793
1,isolation_forest,329,13.105497
1,isolation_forest,330,13.142756
1,isolation_forest,331,14.27781
1,isolation_forest,332,13.627792
1,isolation_forest,333,13.213145
1,isolation_forest,334,13.11372
1,isolation_forest,335,12.966089
1,isolation_forest,336,12.985923
1,isolation_forest,337,12.978349
1,isolation_forest,338,12.99233
1,isolation_forest,339,14.671069
1,isolation_forest,340,15.048716
1,isolation_forest,341,14.323254
1,isolation_forest,342,13.763922
1,isolation_forest,343,13.197552
1,isolation_forest,344,13.019312
1,isolation_forest,345,13.061552
1,isolation_forest,346,13.117941
1,isolation_forest,347,13.065719
1,isolation_forest,348,12.939237
1,isolation_forest,349,13.081331
1,isolation_forest,350,13.02922
1,isolation_forest,351,12.803201
1,isolation_forest,352,12.860127
1,isolation_forest,353,12.993942
1,isolation_forest,354,13.220534
1,isolation_forest,355,13.149237
1,isolation_forest,356,13.059831
1,isolation_forest,357,13.05246
1,isolation_forest,358,12.959405
1,isolation_forest,359,12.944201
1,isolation_forest,360,12.842479
1,isolation_forest,361,12.908534
1,isolation_forest,362,12.950404
1,isolation_forest,363,12.826387
1,isolation_forest,364,12.724609
1,isolation_forest,365,12.755664
1,isolation_forest,366,12.675794
1,isolation_forest,367,12.77972
1,isolation_forest,368,12.783127
1,isolation_forest,369,12.874146
1,isolation_forest,370,12.787534
1,isolation_forest,371,12.88933
1,isolation_forest,372,12.814275
1,isolation_forest,373,12.763682
1,isolation_forest,374,12.711775
1,isolation_forest,375,12.747738
1,isolation_forest,376,12.913738
1,isolation_forest,377,12.826146
1,isolation_forest,378,12.822257
1,isolation_forest,379,12.783757
1,isolation_forest,380,12.781201
1,isolation_forest,381,12.807034
1,isolation_forest,382,12.74235
1,isolation_forest,383,12.830034
1,isolation_forest,384,12.91809
1,isolation_forest,385,14.794272
1,isolation_forest,386,14.946494
1,isolation_forest,387,14.244124
1,isolation_forest,388,13.685903
1,isolation_forest,389,13.039682
1,isolation_forest,390,13.002441
1,isolation_forest,391,12.917664
1,isolation_forest,392,12.853516
1,isolation_forest,393,15.010031
1,isolation_forest,394,13.108238
1,isolation_forest,395,12.912367
1,isolation_forest,396,12.899404
1,isolation_forest,397,12.826775
1,isolation_forest,398,12.830868
1,isolation_forest,399,12.91309
1,isolation_forest,400,13.010701
1,isolation_forest,401,13.470349
1,isolation_forest,402,14.324513
1,isolation_forest,403,13.194144
1,isolation_forest,404,13.115811
1,isolation_forest,405,12.967627
1,isolation_forest,406,12.902109
1,isolation_forest,407,12.91996
1,isolation_forest,408,12.769183
1,isolation_forest,409,12.864886
1,isolation_forest,410,12.770757
1,isolation_forest,411,12.814683
1,isolation_forest,412,12.685627
1,isolation_forest,413,12.735775
1,isolation_forest,414,12.827534
1,isolation_forest,415,12.858553
1,isolation_forest,416,12.908701
1,isolation_forest,417,12.884405
1,isolation_forest,418,12.829016
1,isolation_forest,419,12.871664
1,isolation_forest,420,12.752386
1,isolation_forest,421,12.719387
1,isolation_forest,422,12.797127
1,isolation_forest,423,12.864072
1,isolation_forest,424,12.891405
1,isolation_forest,425,12.930256
1,isolation_forest,426,12.843386
1,isolation_forest,427,12.815498
1,isolation_forest,428,13.035016
1,isolation_forest,429,12.902386
1,isolation_forest,430,12.812294
1,isolation_forest,431,14.911531
1,isolation_forest,432,14.767401
1,isolation_forest,433,14.36055
1,isolation_forest,434,13.704089
1,isolation_forest,435,13.356607
1,isolation_forest,436,13.258348
1,isolation_forest,437,13.166627
1,isolation_forest,438,13.133626
1,isolation_forest,439,13.036219
1,isolation_forest,440,13.010775
1,isolation_forest,441,12.875979
1,isolation_forest,442,12.856609
1,isolation_forest,443,12.812645
1,isolation_forest,444,12.729405
1,isolation_forest,445,13.699792
1,isolation_forest,446,14.510772
1,isolation_forest,447,13.730348
1,isolation_forest,448,13.105145
1,isolation_forest,449,13.052867
1,isolation_forest,450,12.962646
1,isolation_forest,451,13.154997
1,isolation_forest,452,13.049571
1,isolation_forest,453,13.074182
1,isolation_forest,454,12.890794
1,isolation_forest,455,12.948719
1,isolation_forest,456,12.855034
1,isolation_forest,457,12.866905
1,isolation_forest,458,12.825034
1,isolation_forest,459,12.803923
1,isolation_forest,460,12.868479
1,isolation_forest,461,12.879609
1,isolation_forest,462,12.971016
1,isolation_forest,463,13.225034
1,isolation_forest,464,13.075923
1,isolation_forest,465,12.974034
1,isolation_forest,466,12.854201
1,isolation_forest,467,13.043849
1,isolation_forest,468,12.924183
1,isolation_forest,469,12.848849
1,isolation_forest,470,12.88283
1,isolation_forest,471,12.811423
1,isolation_forest,472,12.74735
1,isolation_forest,473,12.724683
1,isolation_forest,474,12.772016
1,isolation_forest,475,13.523385
1,isolation_forest,476,13.834162
1,isolation_forest,477,15.422326
1,isolation_forest,478,14.595995
1,isolation_forest,479,14.466291
1,isolation_forest,480,13.993662
1,isolation_forest,481,13.149053
1,isolation_forest,482,13.07146
1,isolation_forest,483,12.950979
1,isolation_forest,484,12.867646
1,isolation_forest,485,12.840127
1,isolation_forest,486,12.850294
1,isolation_forest,487,12.874978
1,isolation_forest,488,12.824608
1,isolation_forest,489,12.72196
1,isolation_forest,490,12.878701
1,isolation_forest,491,12.963108
1,isolation_forest,492,12.948515
1,isolation_forest,493,12.931738
1,isolation_forest,494,12.897423
1,isolation_forest,495,15.749233
1,isolation_forest,496,14.362791
1,isolation_forest,497,13.267367
1,isolation_forest,498,13.260367
1,isolation_forest,499,13.195349
1,isolation_forest,500,13.021608
1,isolation_forest,501,13.028849
1,isolation_forest,502,12.940442
1,isolation_forest,503,12.870294
1,isolation_forest,504,12.843886
1,isolation_forest,505,13.4132
1,isolation_forest,506,13.442903
1,isolation_forest,507,13.107034
1,isolation_forest,508,13.074997
1,isolation_forest,509,13.049108
1,isolation_forest,510,12.949423
1,isolation_forest,511,13.041237
1,isolation_forest,512,12.838201
1,isolation_forest,513,12.927979
1,isolation_forest,514,12.838164
1,isolation_forest,515,12.886386
1,isolation_forest,516,13.18909
1,isolation_forest,517,13.400256
1,isolation_forest,518,13.176701
1,isolation_forest,519,13.032774
1,isolation_forest,520,13.005793
1,isolation_forest,521,13.270644
1,isolation_forest,522,15.822066
1,isolation_forest,523,14.516309
1,isolation_forest,524,13.961589
1,isolation_forest,525,13.193496
1,isolation_forest,526,13.157701
1,isolation_forest,527,13.027312
1,isolation_forest,528,13.143886
1,isolation_forest,529,13.112683
1,isolation_forest,530,13.061571
1,isolation_forest,531,12.935516
1,isolation_forest,532,12.938997
1,isolation_forest,533,12.824053
1,isolation_forest,534,12.786108
1,isolation_forest,535,12.788368
1,isolation_forest,536,12.868794
1,isolation_forest,537,12.884572
1,isolation_forest,538,13.049201
1,isolation_forest,539,12.942349
1,isolation_forest,540,12.888127
1,isolation_forest,541,12.705609
1,isolation_forest,542,12.684498
1,isolation_forest,543,12.749608
1,isolation_forest,544,12.738145
1,isolation_forest,545,12.734923
1,isolation_forest,546,12.695572
1,isolation_forest,547,12.734554
1,isolation_forest,548,12.694739
1,isolation_forest,549,12.629479
1,isolation_forest,550,12.61035
1,isolation_forest,551,12.719424
1,isolation_forest,552,12.84509
1,isolation_forest,553,12.989164
1,isolation_forest,554,13.972829
1,isolation_forest,555,13.575441
1,isolation_forest,556,12.984424
1,isolation_forest,557,13.711681
1,isolation_forest,558,13.174052
1,isolation_forest,559,14.296791
1,isolation_forest,560,14.021069
1,isolation_forest,561,13.19833
1,isolation_forest,562,13.15159
1,isolation_forest,563,12.87883
1,isolation_forest,564,12.718756
1,isolation_forest,565,12.773794
1,isolation_forest,566,12.782978
1,isolation_forest,567,13.713811
1,isolation_forest,568,15.249309
1,isolation_forest,569,14.380328
1,isolation_forest,570,13.896866
1,isolation_forest,571,13.158404
1,isolation_forest,572,13.010368
1,isolation_forest,573,12.964979
1,isolation_forest,574,12.968164
1,isolation_forest,575,12.974201
1,isolation_forest,576,12.893757
1,isolation_forest,577,12.871164
1,isolation_forest,578,12.886201
1,isolation_forest,579,12.846423
1,isolation_forest,580,12.795275
1,isolation_forest,581,12.829534
1,isolation_forest,582,13.026182
1,isolation_forest,583,13.070423
1,isolation_forest,584,12.922424
1,isolation_forest,585,12.955553
1,isolation_forest,586,12.903294
1,isolation_forest,587,12.75872
1,isolation_forest,588,12.734776
1,isolation_forest,589,12.845053
1,isolation_forest,590,12.792442
1,isolation_forest,591,12.901886
1,isolation_forest,592,12.851553
1,isolation_forest,593,12.809664
1,isolation_forest,594,12.768535
1,isolation_forest,595,12.726794
1,isolation_forest,596,12.773887
1,isolation_forest,597,12.787554
1,isolation_forest,598,12.863627
1,isolation_forest,599,12.849683
1,isolation_forest,600,12.76259
1,isolation_forest,601,12.841276
1,isolation_forest,602,12.778146
1,isolation_forest,603,12.758368
1,isolation_forest,604,12.847738
1,isolation_forest,605,12.76359
1,isolation_forest,606,12.696665
1,isolation_forest,607,12.740554
1,isolation_forest,608,12.740331
1,isolation_forest,609,12.722127
1,isolation_forest,610,12.664202
1,isolation_forest,611,12.839294
1,isolation_forest,612,12.772312
1,isolation_forest,613,13.400219
1,isolation_forest,614,14.741087
1,isolation_forest,615,14.430087
1,isolation_forest,616,14.074236
1,isolation_forest,617,13.112423
1,isolation_forest,618,13.346404
1,isolation_forest,619,13.279719
1,isolation_forest,620,13.165775
1,isolation_forest,621,13.014349
1,isolation_forest,622,13.099516
1,isolation_forest,623,12.997516
1,isolation_forest,624,12.925664
1,isolation_forest,625,12.887979
1,isolation_forest,626,12.798905
1,isolation_forest,627,12.75972
1,isolation_forest,628,12.776201
1,isolation_forest,629,12.990497
1,isolation_forest,630,13.899681
1,isolation_forest,631,13.981588
1,isolation_forest,632,13.090756
1,isolation_forest,633,13.020349
1,isolation_forest,634,12.925664
1,isolation_forest,635,12.97059
1,isolation_forest,636,12.881257
1,isolation_forest,637,12.877405
1,isolation_forest,638,12.911312
1,isolation_forest,639,13.688811
1,isolation_forest,640,12.925294
1,isolation_forest,641,12.77809
1,isolation_forest,642,12.850053
1,isolation_forest,643,12.908127
1,isolation_forest,644,12.912683
1,isolation_forest,645,12.896738
1,isolation_forest,646,12.813072
1,isolation_forest,647,12.813128
1,isolation_forest,648,12.810998
1,isolation_forest,649,13.39907
1,isolation_forest,650,13.794421
1,isolation_forest,651,13.465552
1,isolation_forest,652,13.390849
1,isolation_forest,653,13.218478
1,isolation_forest,654,13.129923
1,isolation_forest,655,13.071497
1,isolation_forest,656,13.062553
1,isolation_forest,657,13.039775
1,isolation_forest,658,12.95272
1,isolation_forest,659,14.421532
1,isolation_forest,660,15.010457
1,isolation_forest,661,14.259125
1,isolation_forest,662,13.831088
1,isolation_forest,663,13.057626
1,isolation_forest,664,12.927405
1,isolation_forest,665,13.083608
1,isolation_forest,666,13.060793
1,isolation_forest,667,12.914256
1,isolation_forest,668,12.889016
1,isolation_forest,669,12.827257
1,isolation_forest,670,12.941775
1,isolation_forest,671,12.793072
1,isolation_forest,672,12.877887
1,isolation_forest,673,13.131479
1,isolation_forest,674,14.341291
1,isolation_forest,675,14.247903
1,isolation_forest,676,13.165812
1,isolation_forest,677,13.041072
1,isolation_forest,678,13.018645
1,isolation_forest,679,12.89609
1,isolation_forest,680,12.875794
1,isolation_forest,681,12.924331
1,isolation_forest,682,12.785683
1,isolation_forest,683,12.915905
1,isolation_forest,684,12.859053
1,isolation_forest,685,12.997535
1,isolation_forest,686,12.935367
1,isolation_forest,687,12.803924
1,isolation_forest,688,12.913016
1,isolation_forest,689,12.911368
1,isolation_forest,690,12.817016
1,isolation_forest,691,12.797757
1,isolation_forest,692,12.874535
1,isolation_forest,693,12.894645
1,isolation_forest,694,12.770627
1,isolation_forest,695,12.815794
1,isolation_forest,696,12.774424
1,isolation_forest,697,12.785701
1,isolation_forest,698,12.74509
1,isolation_forest,699,12.784479
1,isolation_forest,700,12.705868
1,isolation_forest,701,12.649516
1,isolation_forest,702,12.641035
1,isolation_forest,703,12.637183
1,isolation_forest,704,12.774701
1,isolation_forest,705,14.788754
1,isolation_forest,706,15.089956
1,isolation_forest,707,14.295162
1,isolation_forest,708,14.47368
1,isolation_forest,709,13.646515
1,isolation_forest,710,13.083256
1,isolation_forest,711,13.024757
1,isolation_forest,712,12.911942
1,isolation_forest,713,12.969719
1,isolation_forest,714,12.881905
1,isolation_forest,715,12.788535
1,isolation_forest,716,12.760701
1,isolation_forest,717,12.826942
1,isolation_forest,718,12.783942
1,isolation_forest,719,12.842812
1,isolation_forest,720,13.003145
1,isolation_forest,721,13.708181
1,isolation_forest,722,13.06246
1,isolation_forest,723,12.902627
1,isolation_forest,724,12.897368
1,isolation_forest,725,12.886053
1,isolation_forest,726,12.840164
1,isolation_forest,727,12.943868
1,isolation_forest,728,13.109978
1,isolation_forest,729,12.98909
1,isolation_forest,730,12.875998
1,isolation_forest,731,12.866256
1,isolation_forest,732,12.836423
1,isolation_forest,733,12.754072
1,isolation_forest,734,12.81435
1,isolation_forest,735,12.866146
1,isolation_forest,736,12.792294
1,isolation_forest,737,12.768109
1,isolation_forest,738,12.747053
1,isolation_forest,739,12.673775
1,isolation_forest,740,12.884924
1,isolation_forest,741,12.720701
1,isolation_forest,742,12.713443
1,isolation_forest,743,12.74772
1,isolation_forest,744,13.769737
1,isolation_forest,745,14.452254
1,isolation_forest,746,13.46083
1,isolation_forest,747,13.418219
1,isolation_forest,748,13.263812
1,isolation_forest,749,13.286849
1,isolation_forest,750,13.770144
1,isolation_forest,751,14.921124
1,isolation_forest,752,14.805809
1,isolation_forest,753,14.034366
1,isolation_forest,754,13.140886
1,isolation_forest,755,13.092663
1,isolation_forest,756,13.183553
1,isolation_forest,757,13.083257
1,isolation_forest,758,13.010775
1,isolation_forest,759,12.900534
1,isolation_forest,761,12.815739
1,isolation_forest,762,12.794072
1,isolation_forest,763,12.721831
1,isolation_forest,764,12.79959
1,isolation_forest,765,13.006312
1,isolation_forest,766,12.983683
1,isolation_forest,767,14.359273
1,isolation_forest,768,13.769607
1,isolation_forest,769,13.353423
1,isolation_forest,770,13.14796
1,isolation_forest,771,13.081164
1,isolation_forest,772,13.035238
1,isolation_forest,773,12.894109
1,isolation_forest,774,12.984979
1,isolation_forest,775,13.2247
1,isolation_forest,776,17.448471
1,isolation_forest,777,13.6977
1,isolation_forest,778,13.465626
1,isolation_forest,779,13.357515
1,isolation_forest,780,13.278812
1,isolation_forest,781,13.369219
1,isolation_forest,782,13.416348
1,isolation_forest,783,14.101348
1,isolation_forest,784,13.666774
1,isolation_forest,785,13.155109
1,isolation_forest,786,13.101775
1,isolation_forest,787,12.888183
1,isolation_forest,788,14.024792
1,isolation_forest,789,14.077791
1,isolation_forest,790,13.207237
1,isolation_forest,791,13.418071
1,isolation_forest,792,13.65507
1,isolation_forest,793,13.550071
1,isolation_forest,794,13.364237
1,isolation_forest,795,13.157941
1,isolation_forest,796,14.82029
1,isolation_forest,797,14.947457
1,isolation_forest,798,14.25518
1,isolation_forest,799,13.820848
1,isolation_forest,800,13.1167
1,isolation_forest,801,13.035775
1,isolation_forest,802,12.871609
1,isolation_forest,803,12.969016
1,isolation_forest,804,13.773126
1,isolation_forest,805,13.072516
1,isolation_forest,806,12.936887
1,isolation_forest,807,12.856534
1,isolation_forest,808,12.916719
1,isolation_forest,809,12.852812
1,isolation_forest,810,12.90746
1,isolation_forest,811,13.097257
1,isolation_forest,812,12.987942
1,isolation_forest,813,13.189775
1,isolation_forest,814,13.199293
1,isolation_forest,815,13.032683
1,isolation_forest,816,12.969386
1,isolation_forest,817,13.149812
1,isolation_forest,818,13.033127
1,isolation_forest,819,12.977979
1,isolation_forest,820,13.032849
1,isolation_forest,821,12.918979
1,isolation_forest,822,12.843072
1,isolation_forest,823,12.917183
1,isolation_forest,824,12.822868
1,isolation_forest,825,12.803201
1,isolation_forest,826,12.954682
1,isolation_forest,827,12.824942
1,isolation_forest,828,12.888664
1,isolation_forest,829,12.889942
1,isolation_forest,830,12.810942
1,isolation_forest,831,12.86822
1,isolation_forest,832,12.717739
1,isolation_forest,833,12.789442
1,isolation_forest,834,12.729053
1,isolation_forest,835,12.707646
1,isolation_forest,836,12.855239
1,isolation_forest,837,12.790257
1,isolation_forest,838,12.730294
1,isolation_forest,839,12.747961
1,isolation_forest,840,12.84509
1,isolation_forest,841,12.821942
1,isolation_forest,842,14.737643
1,isolation_forest,843,14.969272
1,isolation_forest,844,14.476699
1,isolation_forest,845,13.552867
1,isolation_forest,846,13.079386
1,isolation_forest,847,13.129016
1,isolation_forest,848,12.948609
1,isolation_forest,849,12.973461
1,isolation_forest,850,12.837961
1,isolation_forest,851,12.926942
1,isolation_forest,852,12.813386
1,isolation_forest,853,12.899867
1,isolation_forest,854,12.830905
1,isolation_forest,855,12.728035
1,isolation_forest,856,12.843627
1,isolation_forest,857,13.131627
1,isolation_forest,858,13.484182
1,isolation_forest,859,14.336347
1,isolation_forest,860,13.148331
1,isolation_forest,861,12.975571
1,isolation_forest,862,12.942757
1,isolation_forest,863,12.918571
1,isolation_forest,864,12.949571
1,isolation_forest,865,12.799405
1,isolation_forest,866,12.850627
1,isolation_forest,867,12.80472
1,isolation_forest,868,12.791739
1,isolation_forest,869,12.797035
1,isolation_forest,870,12.803571
1,isolation_forest,871,12.885387
1,isolation_forest,872,12.881591
1,isolation_forest,873,12.829368
1,isolation_forest,874,12.842164
1,isolation_forest,875,12.793479
1,isolation_forest,876,12.894034
1,isolation_forest,877,12.77685
1,isolation_forest,878,12.74972
1,isolation_forest,879,12.739164
1,isolation_forest,880,12.879164
1,isolation_forest,881,12.952905
1,isolation_forest,882,12.879516
1,isolation_forest,883,12.84059
1,isolation_forest,884,12.799979
1,isolation_forest,885,12.814312
1,isolation_forest,886,13.47283
1,isolation_forest,887,13.061238
1,isolation_forest,888,14.963457
1,isolation_forest,889,14.671273
1,isolation_forest,890,14.131495
1,isolation_forest,891,13.205626
1,isolation_forest,892,13.212812
1,isolation_forest,893,13.092793
1,isolation_forest,894,13.055182
1,isolation_forest,895,12.983497
1,isolation_forest,896,13.055849
1,isolation_forest,897,13.154127
1,isolation_forest,898,13.166053
1,isolation_forest,899,12.989738
1,isolation_forest,900,12.947257
1,isolation_forest,901,12.807924
1,isolation_forest,902,13.655385
1,isolation_forest,903,14.696531
1,isolation_forest,904,13.823663
1,isolation_forest,905,13.14196
1,isolation_forest,906,13.118942
1,isolation_forest,907,12.987609
1,isolation_forest,908,13.017108
1,isolation_forest,909,12.867461
1,isolation_forest,910,12.858923
1,isolation_forest,911,12.771683
1,isolation_forest,912,12.86972
1,isolation_forest,913,12.795442
1,isolation_forest,914,12.87872
1,isolation_forest,915,12.779034
1,isolation_forest,916,12.810498
1,isolation_forest,917,12.76059
1,isolation_forest,918,12.84435
1,isolation_forest,919,12.771331
1,isolation_forest,920,12.826794
1,isolation_forest,921,12.959664
1,isolation_forest,922,12.908664
1,isolation_forest,923,12.745942
1,isolation_forest,924,12.765943
1,isolation_forest,925,12.930645
1,isolation_forest,926,12.747535
1,isolation_forest,927,12.743183
1,isolation_forest,928,12.702442
1,isolation_forest,929,12.697368
1,isolation_forest,930,12.690257
1,isolation_forest,931,12.615332
1,isolation_forest,932,12.726017
1,isolation_forest,933,12.868034
1,isolation_forest,934,15.451234
1,isolation_forest,935,14.906643
1,isolation_forest,936,14.408087
1,isolation_forest,937,14.088218
1,isolation_forest,938,13.166015
1,isolation_forest,939,13.024109
1,isolation_forest,940,12.99359
1,isolation_forest,941,12.950516
1,isolation_forest,942,13.036534
1,isolation_forest,943,12.901961
1,isolation_forest,944,12.871387
1,isolation_forest,945,12.829757
1,isolation_forest,946,12.791017
1,isolation_forest,947,12.750405
1,isolation_forest,948,12.907294
1,isolation_forest,949,13.00535
1,isolation_forest,950,12.933442
1,isolation_forest,951,12.982386
1,isolation_forest,952,12.879682
1,isolation_forest,953,12.774831
1,isolation_forest,954,12.771035
1,isolation_forest,955,12.700683
1,isolation_forest,956,12.888498
1,isolation_forest,957,13.015849
1,isolation_forest,958,12.865164
1,isolation_forest,959,12.765239
1,isolation_forest,960,12.751923
1,isolation_forest,961,12.76072
1,isolation_forest,962,12.744553
1,isolation_forest,963,13.455849
1,isolation_forest,964,13.742644
1,isolation_forest,965,13.228942
1,isolation_forest,966,13.153368
1,isolation_forest,967,13.069812
1,isolation_forest,968,13.601941
1,isolation_forest,969,12.955997
1,isolation_forest,970,12.898535
1,isolation_forest,971,12.940405
1,isolation_forest,972,12.831682
1,isolation_forest,973,12.786905
1,isolation_forest,974,12.956109
1,isolation_forest,975,12.810553
1,isolation_forest,976,12.777776
1,isolation_forest,977,12.771165
1,isolation_forest,978,12.761775
1,isolation_forest,979,13.70557
1,isolation_forest,980,15.088512
1,isolation_forest,981,14.643254
1,isolation_forest,982,13.992755
1,isolation_forest,983,13.224293
1,isolation_forest,984,13.090516
1,isolation_forest,985,13.009849
1,isolation_forest,986,12.919627
1,isolation_forest,987,12.93122
1,isolation_forest,988,12.951923
1,isolation_forest,989,12.826646
1,isolation_forest,990,12.835646
1,isolation_forest,991,12.808979
1,isolation_forest,992,12.777443
1,isolation_forest,993,12.738683
1,isolation_forest,994,12.882997
1,isolation_forest,995,13.118609
1,isolation_forest,996,12.898646
1,isolation_forest,997,12.946683
1,isolation_forest,998,12.865461
1,isolation_forest,999,13.096405
1,isolation_forest,1000,13.257627
1,isolation_forest,1001,13.17596
1,isolation_forest,1002,13.005794
1,isolation_forest,1003,12.872757
1,isolation_forest,1004,12.952368
1,isolation_forest,1005,12.806943
1,isolation_forest,1006,12.784517
1,isolation_forest,1007,12.780442
1,isolation_forest,1008,12.765109
1,isolation_forest,1009,12.908201
1,isolation_forest,1010,12.909646
1,isolation_forest,1011,13.375256
1,isolation_forest,1012,14.315699
1,isolation_forest,1013,13.19309
1,isolation_forest,1014,13.099479
1,isolation_forest,1015,13.018608
1,isolation_forest,1016,13.072627
1,isolation_forest,1017,14.251292
1,isolation_forest,1018,14.068552
1,isolation_forest,1019,13.232886
1,isolation_forest,1020,13.186867
1,isolation_forest,1021,13.041609
1,isolation_forest,1022,12.875127
1,isolation_forest,1023,12.895183
1,isolation_forest,1024,13.067664
1,isolation_forest,1025,14.943531
1,isolation_forest,1026,14.740736
1,isolation_forest,1027,14.135552
1,isolation_forest,1028,13.530515
1,isolation_forest,1029,13.010813
1,isolation_forest,1030,12.958886
1,isolation_forest,1031,12.968183
1,isolation_forest,1032,13.020868
1,isolation_forest,1033,13.048831
1,isolation_forest,1034,12.815146
1,isolation_forest,1035,12.698813
1,isolation_forest,1036,12.667461
1,isolation_forest,1037,12.673516
1,isolation_forest,1038,12.719238
1,isolation_forest,1039,12.741812
1,isolation_forest,1040,13.048608
1,isolation_forest,1041,12.951534
1,isolation_forest,1042,12.88185
1,isolation_forest,1043,12.89709
1,isolation_forest,1044,12.884405
1,isolation_forest,1045,12.869368
1,isolation_forest,1046,12.748609
1,isolation_forest,1047,12.848461
1,isolation_forest,1048,12.844276
1,isolation_forest,1049,12.896534
1,isolation_forest,1050,13.584774
1,isolation_forest,1051,12.948164
1,isolation_forest,1052,12.982108
1,isolation_forest,1053,12.800868
1,isolation_forest,1054,12.76785
1,isolation_forest,1055,12.793165
1,isolation_forest,1056,12.874868
1,isolation_forest,1057,12.90372
1,isolation_forest,1058,12.812312
1,isolation_forest,1059,12.774534
1,isolation_forest,1060,12.81248
1,isolation_forest,1061,12.845609
1,isolation_forest,1062,13.090627
1,isolation_forest,1063,13.218645
1,isolation_forest,1064,13.014349
1,isolation_forest,1065,12.887683
1,isolation_forest,1066,12.923294
1,isolation_forest,1067,12.833202
1,isolation_forest,1068,12.814368
1,isolation_forest,1069,12.786183
1,isolation_forest,1070,12.78872
1,isolation_forest,1071,14.743976
1,isolation_forest,1072,15.129717
1,isolation_forest,1073,14.482273
1,isolation_forest,1074,13.749441
1,isolation_forest,1075,13.193701
1,isolation_forest,1076,13.126108
1,isolation_forest,1077,12.951979
1,isolation_forest,1078,13.076349
1,isolation_forest,1079,12.881165
1,isolation_forest,1080,12.906312
1,isolation_forest,1081,12.855442
1,isolation_forest,1082,12.777683
1,isolation_forest,1083,12.777924
1,isolation_forest,1084,12.784016
1,isolation_forest,1085,12.96885
1,isolation_forest,1086,13.116942
1,isolation_forest,1087,13.462515
1,isolation_forest,1088,14.218107
1,isolation_forest,1089,13.332497
1,isolation_forest,1090,13.013349
1,isolation_forest,1091,12.782665
1,isolation_forest,1092,12.838109
1,isolation_forest,1093,12.81209
1,isolation_forest,1094,12.75072
1,isolation_forest,1095,12.76998
1,isolation_forest,1096,12.715498
1,isolation_forest,1097,12.74548
1,isolation_forest,1098,12.721183
1,isolation_forest,1099,12.732516
1,isolation_forest,1100,12.698923
1,isolation_forest,1101,12.836146
1,isolation_forest,1102,12.91196
1,isolation_forest,1103,12.839257
1,isolation_forest,1104,12.822498
1,isolation_forest,1105,12.809294
1,isolation_forest,1106,12.846812
1,isolation_forest,1107,12.732665
1,isolation_forest,1108,12.835906
1,isolation_forest,1109,12.832683
1,isolation_forest,1110,12.878702
1,isolation_forest,1111,12.822423
1,isolation_forest,1112,12.758405
1,isolation_forest,1113,12.793239
1,isolation_forest,1114,12.86722
1,isolation_forest,1115,12.683664
1,isolation_forest,1116,12.871109
1,isolation_forest,1117,14.808606
1,isolation_forest,1118,14.639883
1,isolation_forest,1119,14.059385
1,isolation_forest,1120,13.438052
1,isolation_forest,1121,12.976331
1,isolation_forest,1122,12.783757
1,isolation_forest,1123,12.748702
1,isolation_forest,1124,12.785553
1,isolation_forest,1125,12.767572
1,isolation_forest,1126,12.782054
1,isolation_forest,1127,12.619795
1,isolation_forest,1128,12.774775
1,isolation_forest,1129,12.737831
1,isolation_forest,1130,12.757442
1,isolation_forest,1131,12.80809
1,isolation_forest,1132,15.275031
1,isolation_forest,1133,14.248921
1,isolation_forest,1134,13.276183
1,isolation_forest,1135,13.111831
1,isolation_forest,1136,13.010923
1,isolation_forest,1137,13.057331
1,isolation_forest,1138,13.066553
1,isolation_forest,1139,13.122534
1,isolation_forest,1140,13.157756
1,isolation_forest,1141,12.988738
1,isolation_forest,1142,12.84335
1,isolation_forest,1143,12.870239
1,isolation_forest,1144,12.802405
1,isolation_forest,1145,12.865757
1,isolation_forest,1146,12.969368
1,isolation_forest,1147,13.088775
1,isolation_forest,1148,12.903108
1,isolation_forest,1149,12.921035
1,isolation_forest,1150,12.987665
1,isolation_forest,1151,13.084016
1,isolation_forest,1152,13.388886
1,isolation_forest,1153,13.360756
1,isolation_forest,1154,13.069183
1,isolation_forest,1155,13.076461
1,isolation_forest,1156,12.927479
1,isolation_forest,1157,13.018294
1,isolation_forest,1158,13.036479
1,isolation_forest,1159,12.87085
1,isolation_forest,1160,12.80585
1,isolation_forest,1161,12.828072
1,isolation_forest,1162,13.027424
1,isolation_forest,1163,15.369901
1,isolation_forest,1164,14.800309
1,isolation_forest,1165,14.490606
1,isolation_forest,1166,14.265014
1,isolation_forest,1167,13.214942
1,isolation_forest,1168,13.057164
1,isolation_forest,1169,12.949646
1,isolation_forest,1170,12.924719
1,isolation_forest,1171,12.93685
1,isolation_forest,1172,12.835294
1,isolation_forest,1173,12.838554
1,isolation_forest,1174,12.790609
1,isolation_forest,1175,12.800479
1,isolation_forest,1176,12.792905
1,isolation_forest,1177,12.987331
1,isolation_forest,1178,13.111868
1,isolation_forest,1179,13.065701
1,isolation_forest,1180,12.953035
1,isolation_forest,1181,12.900665
1,isolation_forest,1182,12.844386
1,isolation_forest,1183,12.907924
1,isolation_forest,1184,12.887294
1,isolation_forest,1185,12.971535
1,isolation_forest,1186,13.017719
1,isolation_forest,1187,12.878498
1,isolation_forest,1188,12.828035
1,isolation_forest,1189,12.808202
1,isolation_forest,1190,12.834683
1,isolation_forest,1191,12.826831
1,isolation_forest,1192,12.850923
1,isolation_forest,1193,12.968719
1,isolation_forest,1194,12.865924
1,isolation_forest,1195,13.025035
1,isolation_forest,1196,13.294164
1,isolation_forest,1197,13.064794
1,isolation_forest,1198,13.036793
1,isolation_forest,1199,13.091035
1,isolation_forest,1200,13.03296
1,isolation_forest,1201,12.938572
1,isolation_forest,1202,12.891312
1,isolation_forest,1203,12.904961
1,isolation_forest,1204,12.889831
1,isolation_forest,1205,12.865776
1,isolation_forest,1206,12.793794
1,isolation_forest,1207,12.727109
1,isolation_forest,1208,13.510922
1,isolation_forest,1209,15.267568
1,isolation_forest,1210,14.744643
1,isolation_forest,1211,14.177977
1,isolation_forest,1212,13.172367
1,isolation_forest,1213,13.134145
1,isolation_forest,1214,13.770089
1,isolation_forest,1215,13.11046
1,isolation_forest,1216,13.058256
1,isolation_forest,1217,12.979553
1,isolation_forest,1218,13.003331
1,isolation_forest,1219,12.956034
1,isolation_forest,1220,12.854924
1,isolation_forest,1221,12.870998
1,isolation_forest,1222,12.845368
1,isolation_forest,1223,12.970572
1,isolation_forest,1224,13.052572
1,isolation_forest,1225,13.028072
1,isolation_forest,1226,12.992405
1,isolation_forest,1227,12.952405
1,isolation_forest,1228,13.034386
1,isolation_forest,1229,12.980979
1,isolation_forest,1230,12.856054
1,isolation_forest,1231,12.83109
1,isolation_forest,1232,12.740869
1,isolation_forest,1233,12.779053
1,isolation_forest,1234,12.797535
1,isolation_forest,1235,12.733553
1,isolation_forest,1236,12.796423
1,isolation_forest,1237,12.856294
1,isolation_forest,1238,12.878905
1,isolation_forest,1239,12.971368
1,isolation_forest,1240,13.470108
1,isolation_forest,1241,14.309569
1,isolation_forest,1242,13.31846
1,isolation_forest,1243,13.107979
1,isolation_forest,1244,13.040534
1,isolation_forest,1245,12.988442
1,isolation_forest,1246,14.449292
1,isolation_forest,1247,13.371608
1,isolation_forest,1248,13.16033
1,isolation_forest,1249,13.091424
1,isolation_forest,1250,13.051627
1,isolation_forest,1251,12.920053
1,isolation_forest,1252,13.032682
1,isolation_forest,1253,13.069053
1,isolation_forest,1254,15.080847
1,isolation_forest,1255,14.744199
1,isolation_forest,1256,14.318218
1,isolation_forest,1257,13.461867
1,isolation_forest,1258,13.21122
1,isolation_forest,1259,13.060479
1,isolation_forest,1260,13.095812
1,isolation_forest,1261,13.199572
1,isolation_forest,1262,13.205701
1,isolation_forest,1263,13.053627
1,isolation_forest,1264,12.92896
1,isolation_forest,1265,12.906683
1,isolation_forest,1266,12.792943
1,isolation_forest,1267,12.762961
1,isolation_forest,1268,12.806646
1,isolation_forest,1269,13.071776
1,isolation_forest,1270,13.029109
1,isolation_forest,1271,12.903313
1,isolation_forest,1272,12.851146
1,isolation_forest,1273,12.916517
1,isolation_forest,1274,12.959683
1,isolation_forest,1275,12.918868
1,isolation_forest,1276,12.851869
1,isolation_forest,1277,12.782313
1,isolation_forest,1278,12.847535
1,isolation_forest,1279,12.927572
1,isolation_forest,1280,12.939349
1,isolation_forest,1281,12.835164
1,isolation_forest,1282,12.932479
1,isolation_forest,1283,12.714535
1,isolation_forest,1284,12.95822
1,isolation_forest,1285,12.911534
1,isolation_forest,1286,12.898368
1,isolation_forest,1287,13.024701
1,isolation_forest,1288,12.814498
1,isolation_forest,1289,12.87572
1,isolation_forest,1290,12.834757
1,isolation_forest,1291,12.823628
1,isolation_forest,1292,12.771757
1,isolation_forest,1293,12.859498
1,isolation_forest,1294,12.84696
1,isolation_forest,1295,12.76885
1,isolation_forest,1296,13.493108
1,isolation_forest,1297,12.892702
1,isolation_forest,1298,12.878146
1,isolation_forest,1299,12.809924
1,isolation_forest,1300,14.99742
1,isolation_forest,1301,14.718291
1,isolation_forest,1302,14.505828
1,isolation_forest,1303,13.263072
1,isolation_forest,1304,13.134831
1,isolation_forest,1305,13.091072
1,isolation_forest,1306,13.057572
1,isolation_forest,1307,12.997757
1,isolation_forest,1308,12.811924
1,isolation_forest,1309,12.785498
1,isolation_forest,1310,12.68698
1,isolation_forest,1311,12.68922
1,isolation_forest,1312,12.71485
1,isolation_forest,1313,12.858313
1,isolation_forest,1314,12.933794
1,isolation_forest,1315,13.221812
1,isolation_forest,1316,13.574959
1,isolation_forest,1317,14.185366
1,isolation_forest,1318,13.277441
1,isolation_forest,1319,13.219441
1,isolation_forest,1320,12.999128
1,isolation_forest,1321,12.980979
1,isolation_forest,1322,12.958812
1,isolation_forest,1323,12.892146
1,isolation_forest,1324,12.864349
1,isolation_forest,1325,12.881275
1,isolation_forest,1326,12.756832
1,isolation_forest,1327,12.849572
1,isolation_forest,1328,12.847405
1,isolation_forest,1329,12.793146
1,isolation_forest,1330,12.88898
1,isolation_forest,1331,12.838369
1,isolation_forest,1332,12.905535
1,isolation_forest,1333,12.945349
1,isolation_forest,1334,12.927609
1,isolation_forest,1335,12.806665
1,isolation_forest,1336,12.84022
1,isolation_forest,1337,12.846757
1,isolation_forest,1338,12.915554
1,isolation_forest,1339,12.936072
1,isolation_forest,1340,12.920535
1,isolation_forest,1341,12.77559
1,isolation_forest,1342,12.78048
1,isolation_forest,1343,12.746387
1,isolation_forest,1344,12.691535
1,isolation_forest,1345,12.760943
1,isolation_forest,1346,15.240309
1,isolation_forest,1347,14.676069
1,isolation_forest,1348,14.075477
1,isolation_forest,1349,13.272997
1,isolation_forest,1350,13.117867
1,isolation_forest,1351,12.956609
1,isolation_forest,1352,12.975313
1,isolation_forest,1353,12.993461
1,isolation_forest,1354,12.873183
1,isolation_forest,1355,12.852943
1,isolation_forest,1356,12.844517
1,isolation_forest,1357,12.861017
1,isolation_forest,1358,12.765443
1,isolation_forest,1359,12.644258
1,isolation_forest,1360,13.569256
1,isolation_forest,1361,14.266533
1,isolation_forest,1362,13.925367
1,isolation_forest,1363,13.170776
1,isolation_forest,1364,13.097701
1,isolation_forest,1365,13.159423
1,isolation_forest,1366,12.995146
1,isolation_forest,1367,12.997257
1,isolation_forest,1368,12.962331
1,isolation_forest,1369,12.861257
1,isolation_forest,1370,12.874516
1,isolation_forest,1371,12.808924
1,isolation_forest,1372,12.86472
1,isolation_forest,1373,12.780961
1,isolation_forest,1374,12.846739
1,isolation_forest,1375,12.757294
1,isolation_forest,1376,12.916683
1,isolation_forest,1377,12.854683
1,isolation_forest,1378,13.671311
1,isolation_forest,1379,13.05322
1,isolation_forest,1380,13.188831
1,isolation_forest,1381,13.22059
1,isolation_forest,1382,13.044165
1,isolation_forest,1383,12.947331
1,isolation_forest,1384,12.92735
1,isolation_forest,1385,12.913331
1,isolation_forest,1386,12.88796
1,isolation_forest,1387,12.805794
1,isolation_forest,1388,12.743535
1,isolation_forest,1389,12.820738
1,isolation_forest,1390,12.820405
1,isolation_forest,1391,13.547682
1,isolation_forest,1392,15.441012
1,isolation_forest,1393,14.581255
1,isolation_forest,1394,14.376143
1,isolation_forest,1395,13.998219
1,isolation_forest,1396,13.13522
1,isolation_forest,1397,13.045423
1,isolation_forest,1398,13.001219
1,isolation_forest,1399,12.955739
1,isolation_forest,1400,12.928831
1,isolation_forest,1401,12.982812
1,isolation_forest,1402,12.912609
1,isolation_forest,1403,12.799832
1,isolation_forest,1404,12.837276
1,isolation_forest,1405,12.836516
1,isolation_forest,1406,12.998794
1,isolation_forest,1407,13.088905
1,isolation_forest,1408,12.951961
1,isolation_forest,1409,13.000257
1,isolation_forest,1410,12.945295
1,isolation_forest,1411,12.837442
1,isolation_forest,1412,12.814405
1,isolation_forest,1413,12.809516
1,isolation_forest,1414,13.144646
1,isolation_forest,1415,12.987886
1,isolation_forest,1416,12.915201
1,isolation_forest,1417,12.845701
1,isolation_forest,1418,12.833127
1,isolation_forest,1419,12.821332
1,isolation_forest,1420,12.782405
1,isolation_forest,1421,12.869479
1,isolation_forest,1422,12.860442
1,isolation_forest,1423,12.836202
1,isolation_forest,1424,12.785368
1,isolation_forest,1425,12.788554
1,isolation_forest,1426,12.773036
1,isolation_forest,1427,13.965866
1,isolation_forest,1428,16.645844
1,isolation_forest,1429,13.587775
1,isolation_forest,1430,13.616478
1,isolation_forest,1431,13.492904
1,isolation_forest,1432,13.320646
1,isolation_forest,1433,13.331812
1,isolation_forest,1434,13.370368
1,isolation_forest,1435,13.165034
1,isolation_forest,1436,13.123386
1,isolation_forest,1437,15.251698
1,isolation_forest,1438,14.615106
1,isolation_forest,1439,14.059237
1,isolation_forest,1440,13.204942
1,isolation_forest,1441,13.056387
1,isolation_forest,1442,13.161294
1,isolation_forest,1443,12.950331
1,isolation_forest,1444,12.848887
1,isolation_forest,1445,12.886832
1,isolation_forest,1446,12.83061
1,isolation_forest,1447,12.902665
1,isolation_forest,1448,12.810905
1,isolation_forest,1449,12.828127
1,isolation_forest,1450,12.732294
1,isolation_forest,1451,12.768332
1,isolation_forest,1452,13.087479
1,isolation_forest,1453,13.01509
1,isolation_forest,1454,12.980091
1,isolation_forest,1455,12.924035
1,isolation_forest,1456,12.89722
1,isolation_forest,1457,12.850813
1,isolation_forest,1458,12.851091
1,isolation_forest,1459,12.826813
1,isolation_forest,1460,13.39709
1,isolation_forest,1461,12.851202
1,isolation_forest,1462,12.88022
1,isolation_forest,1463,12.778239
1,isolation_forest,1464,12.818072
1,isolation_forest,1465,13.851274
1,isolation_forest,1466,14.036292
1,isolation_forest,1467,13.439405
1,isolation_forest,1468,13.676256
1,isolation_forest,1469,14.835865
1,isolation_forest,1470,13.580275
1,isolation_forest,1471,13.191571
1,isolation_forest,1472,13.154793
1,isolation_forest,1473,13.076831
1,isolation_forest,1474,14.312217
1,isolation_forest,1475,13.928293
1,isolation_forest,1476,13.15972
1,isolation_forest,1477,13.157998
1,isolation_forest,1478,13.045442
1,isolation_forest,1479,12.946016
1,isolation_forest,1480,12.95422
1,isolation_forest,1481,12.965275
1,isolation_forest,1482,14.877977
1,isolation_forest,1483,14.875106
1,isolation_forest,1484,14.246995
1,isolation_forest,1485,13.639312
1,isolation_forest,1486,13.169775
1,isolation_forest,1487,12.997683
1,isolation_forest,1488,13.010349
1,isolation_forest,1489,13.01435
1,isolation_forest,1490,13.153868
1,isolation_forest,1491,12.975794
1,isolation_forest,1492,12.971183
1,isolation_forest,1493,12.90222
1,isolation_forest,1494,12.965331
1,isolation_forest,1495,12.950905
1,isolation_forest,1496,12.860295
1,isolation_forest,1497,13.103664
1,isolation_forest,1498,13.10959
1,isolation_forest,1499,12.983665
1,isolation_forest,1500,13.040553
1,isolation_forest,1501,12.929683
1,isolation_forest,1502,12.876832
1,isolation_forest,1503,12.822091
1,isolation_forest,1504,12.74298
1,isolation_forest,1505,12.750665
1,isolation_forest,1506,12.780091
1,isolation_forest,1507,12.79135
1,isolation_forest,1508,12.930461
1,isolation_forest,1509,12.834998
1,isolation_forest,1510,12.72385
1,isolation_forest,1511,12.78772
1,isolation_forest,1512,12.869591
1,isolation_forest,1513,12.924647
1,isolation_forest,1514,12.80072
1,isolation_forest,1515,12.744238
1,isolation_forest,1516,12.836868
1,isolation_forest,1517,12.839424
1,isolation_forest,1518,12.829202
1,isolation_forest,1519,12.805757
1,isolation_forest,1520,13.093868
1,isolation_forest,1521,12.918998
1,isolation_forest,1522,12.881924
1,isolation_forest,1523,12.849053
1,isolation_forest,1524,12.869998
1,isolation_forest,1525,12.79872
1,isolation_forest,1526,12.831887
1,isolation_forest,1527,12.928831
1,isolation_forest,1528,15.252124
1,isolation_forest,1529,14.765421
1,isolation_forest,1530,14.215588
1,isolation_forest,1531,13.630015
1,isolation_forest,1532,13.128053
1,isolation_forest,1533,13.143145
1,isolation_forest,1534,12.983776
1,isolation_forest,1535,12.923294
1,isolation_forest,1536,12.798035
1,isolation_forest,1537,12.71535
1,isolation_forest,1538,12.686554
1,isolation_forest,1539,12.802961
1,isolation_forest,1540,12.649184
1,isolation_forest,1541,12.70359
1,isolation_forest,1542,13.636905
1,isolation_forest,1543,13.060312
1,isolation_forest,1544,13.496812
1,isolation_forest,1545,14.130199
1,isolation_forest,1546,13.498164
1,isolation_forest,1547,13.169424
1,isolation_forest,1548,12.953739
1,isolation_forest,1549,12.857498
1,isolation_forest,1550,12.771443
1,isolation_forest,1551,12.648721
1,isolation_forest,1552,12.775442
1,isolation_forest,1553,12.705776
1,isolation_forest,1554,12.716924
1,isolation_forest,1555,12.703998
1,isolation_forest,1556,12.726739
1,isolation_forest,1557,12.646313
1,isolation_forest,1558,12.810943
1,isolation_forest,1559,12.962812
1,isolation_forest,1560,12.876146
1,isolation_forest,1561,12.950905
1,isolation_forest,1562,12.919368
1,isolation_forest,1563,12.895035
1,isolation_forest,1564,12.80535
1,isolation_forest,1565,12.805499
1,isolation_forest,1566,12.920813
1,isolation_forest,1567,13.147053
1,isolation_forest,1568,12.971591
1,isolation_forest,1569,12.901369
1,isolation_forest,1570,12.898331
1,isolation_forest,1571,12.916016
1,isolation_forest,1572,12.809998
1,isolation_forest,1573,12.814387
1,isolation_forest,1574,14.984087
1,isolation_forest,1575,14.604958
1,isolation_forest,1576,14.299477
1,isolation_forest,1577,13.462516
1,isolation_forest,1578,13.051313
1,isolation_forest,1579,13.081368
1,isolation_forest,1580,13.138405
1,isolation_forest,1581,13.058683
1,isolation_forest,1582,12.992998
1,isolation_forest,1583,12.923258
1,isolation_forest,1584,12.942739
1,isolation_forest,1585,12.816535
1,isolation_forest,1586,12.884554
1,isolation_forest,1587,12.847535
1,isolation_forest,1588,13.486034
1,isolation_forest,1589,14.382051
1,isolation_forest,1590,13.849719
1,isolation_forest,1591,13.199887
1,isolation_forest,1592,13.024776
1,isolation_forest,1593,12.969016
1,isolation_forest,1594,13.003868
1,isolation_forest,1595,12.870665
1,isolation_forest,1596,12.862368
1,isolation_forest,1597,12.801665
1,isolation_forest,1598,13.029831
1,isolation_forest,1599,12.897387
1,isolation_forest,1600,12.908091
1,isolation_forest,1601,12.811869
1,isolation_forest,1602,12.870628
1,isolation_forest,1603,12.744628
1,isolation_forest,1604,12.832979
1,isolation_forest,1605,12.812239
1,isolation_forest,1606,12.937109
1,isolation_forest,1607,13.051312
1,isolation_forest,1608,12.803183
1,isolation_forest,1609,12.865906
1,isolation_forest,1610,12.747072
1,isolation_forest,1611,12.863276
1,isolation_forest,1612,12.936202
1,isolation_forest,1613,12.844332
1,isolation_forest,1614,12.813054
1,isolation_forest,1615,12.704276
1,isolation_forest,1616,12.690572
1,isolation_forest,1617,12.626128
1,isolation_forest,1618,12.67585
1,isolation_forest,1619,12.750702
1,isolation_forest,1620,15.294883
1,isolation_forest,1621,14.753532
1,isolation_forest,1622,14.169366
1,isolation_forest,1623,14.027496
1,isolation_forest,1624,14.200959
1,isolation_forest,1625,13.077294
1,isolation_forest,1626,12.975331
1,isolation_forest,1627,12.899628
1,isolation_forest,1628,12.935109
1,isolation_forest,1629,12.824794
1,isolation_forest,1630,12.754776
1,isolation_forest,1631,12.811998
1,isolation_forest,1632,12.681258
1,isolation_forest,1633,12.728258
1,isolation_forest,1634,12.710628
1,isolation_forest,1635,12.949924
1,isolation_forest,1636,12.939721
1,isolation_forest,1637,12.899924
1,isolation_forest,1638,13.068054
1,isolation_forest,1639,12.837405
1,isolation_forest,1640,12.816664
1,isolation_forest,1641,12.910109
1,isolation_forest,1642,12.803331
1,isolation_forest,1643,12.930165
1,isolation_forest,1644,12.982405
1,isolation_forest,1645,12.798276
1,isolation_forest,1646,12.759517
1,isolation_forest,1647,12.826665
1,isolation_forest,1648,12.748054
1,isolation_forest,1649,12.742035
1,isolation_forest,1650,12.763091
1,isolation_forest,1651,12.927442
1,isolation_forest,1652,12.864516
1,isolation_forest,1653,12.794442
1,isolation_forest,1654,12.884368
1,isolation_forest,1655,12.897776
1,isolation_forest,1656,12.765405
1,isolation_forest,1657,12.837553
1,isolation_forest,1658,12.74359
1,isolation_forest,1659,12.74911
1,isolation_forest,1660,12.851887
1,isolation_forest,1661,13.100998
1,isolation_forest,1662,12.937312
1,isolation_forest,1663,12.94672
1,isolation_forest,1664,12.973221
1,isolation_forest,1665,12.881739
1,isolation_forest,1666,15.381513
1,isolation_forest,1667,14.666273
1,isolation_forest,1668,13.940256
1,isolation_forest,1669,13.111386
1,isolation_forest,1670,13.014627
1,isolation_forest,1671,12.913461
1,isolation_forest,1672,12.91735
1,isolation_forest,1673,12.870905
1,isolation_forest,1674,12.750072
1,isolation_forest,1675,12.78135
1,isolation_forest,1676,12.75848
1,isolation_forest,1677,12.86135
1,isolation_forest,1678,12.725443
1,isolation_forest,1679,12.795202
1,isolation_forest,1680,12.793609
1,isolation_forest,1681,13.123757
1,isolation_forest,1682,13.079701
1,isolation_forest,1683,12.935979
1,isolation_forest,1684,13.018794
1,isolation_forest,1685,12.897405
1,isolation_forest,1686,12.823221
1,isolation_forest,1687,12.767665
1,isolation_forest,1688,12.718573
1,isolation_forest,1689,12.646609
1,isolation_forest,1690,12.612684
1,isolation_forest,1691,12.639462
1,isolation_forest,1692,12.673165
1,isolation_forest,1693,12.685499
1,isolation_forest,1694,12.624517
1,isolation_forest,1695,12.681165
1,isolation_forest,1696,12.731073
1,isolation_forest,1697,12.886072
1,isolation_forest,1698,13.738071
1,isolation_forest,1699,13.849607
1,isolation_forest,1700,13.04609
1,isolation_forest,1701,12.901683
1,isolation_forest,1702,12.791498
1,isolation_forest,1703,12.68448
1,isolation_forest,1704,14.321311
1,isolation_forest,1705,13.799626
1,isolation_forest,1706,13.829015
1,isolation_forest,1707,13.062146
1,isolation_forest,1708,12.990016
1,isolation_forest,1709,12.892517
1,isolation_forest,1710,12.782536
1,isolation_forest,1711,13.301664
1,isolation_forest,1712,14.902625
1,isolation_forest,1713,14.1632
1,isolation_forest,1714,13.651534
1,isolation_forest,1715,13.008053
1,isolation_forest,1716,12.936238
1,isolation_forest,1717,12.910813
1,isolation_forest,1718,12.802683
1,isolation_forest,1719,12.90409
1,isolation_forest,1720,12.988998
1,isolation_forest,1721,12.937257
1,isolation_forest,1722,12.841054
1,isolation_forest,1723,12.766721
1,isolation_forest,1724,12.740332
1,isolation_forest,1725,12.793553
1,isolation_forest,1726,13.120998
1,isolation_forest,1727,13.35996
1,isolation_forest,1728,13.015924
1,isolation_forest,1729,12.927924
1,isolation_forest,1730,13.028702
1,isolation_forest,1731,12.936961
1,isolation_forest,1732,12.831368
1,isolation_forest,1733,12.836072
1,isolation_forest,1734,12.826628
1,isolation_forest,1735,12.729017
1,isolation_forest,1736,12.721943
1,isolation_forest,1737,12.802406
1,isolation_forest,1738,12.684072
1,isolation_forest,1739,12.756924
1,isolation_forest,1740,12.772314
1,isolation_forest,1741,12.73948
1,isolation_forest,1742,12.95635
1,isolation_forest,1743,12.910498
1,isolation_forest,1744,12.811609
1,isolation_forest,1745,12.754146
1,isolation_forest,1746,12.927683
1,isolation_forest,1747,12.762665
1,isolation_forest,1748,12.821942
1,isolation_forest,1749,12.766369
1,isolation_forest,1750,12.748128
1,isolation_forest,1751,12.738498
1,isolation_forest,1752,12.725591
1,isolation_forest,1753,12.829887
1,isolation_forest,1754,12.686499
1,isolation_forest,1755,12.813535
1,isolation_forest,1756,12.889313
1,isolation_forest,1757,12.715813
1,isolation_forest,1758,14.802699
1,isolation_forest,1759,14.518458
1,isolation_forest,1760,13.918996
1,isolation_forest,1761,13.439183
1,isolation_forest,1762,13.318664
1,isolation_forest,1763,13.143665
1,isolation_forest,1764,12.837536
1,isolation_forest,1765,12.750591
1,isolation_forest,1766,12.696202
1,isolation_forest,1767,12.692721
1,isolation_forest,1768,12.815221
1,isolation_forest,1769,12.673128
1,isolation_forest,1770,12.645146
1,isolation_forest,1771,12.958979
1,isolation_forest,1772,13.118812
1,isolation_forest,1773,13.150145
1,isolation_forest,1774,13.464775
1,isolation_forest,1775,14.140107
1,isolation_forest,1776,13.408164
1,isolation_forest,1777,13.018368
1,isolation_forest,1778,12.862776
1,isolation_forest,1779,12.697035
1,isolation_forest,1780,12.74159
1,isolation_forest,1781,12.747572
1,isolation_forest,1782,12.764758
1,isolation_forest,1783,12.891239
1,isolation_forest,1784,12.743665
1,isolation_forest,1785,12.65398
1,isolation_forest,1786,12.619517
1,isolation_forest,1787,12.675887
1,isolation_forest,1788,13.604682
1,isolation_forest,1789,13.168831
1,isolation_forest,1790,12.839813
1,isolation_forest,1791,12.747925
1,isolation_forest,1792,12.82309
1,isolation_forest,1793,12.856758
1,isolation_forest,1794,12.756036
1,isolation_forest,1795,12.706461
1,isolation_forest,1796,12.795924
1,isolation_forest,1797,13.117368
1,isolation_forest,1798,12.94759
1,isolation_forest,1799,12.804572
1,isolation_forest,1800,12.768387
1,isolation_forest,1801,12.754091
1,isolation_forest,1802,12.808387
1,isolation_forest,1803,12.927924
1,isolation_forest,1804,14.746051
1,isolation_forest,1805,14.595255
1,tflite_autoencoder,1,0.085519
1,tflite_autoencoder,2,0.068648
1,tflite_autoencoder,3,0.060611
1,tflite_autoencoder,4,0.060352
1,tflite_autoencoder,5,0.058481
1,tflite_autoencoder,6,0.05737
1,tflite_autoencoder,7,0.062908
1,tflite_autoencoder,8,0.060722
1,tflite_autoencoder,9,0.058685
1,tflite_autoencoder,10,0.059148
1,tflite_autoencoder,11,0.056944
1,tflite_autoencoder,12,0.058555
1,tflite_autoencoder,13,0.056519
1,tflite_autoencoder,14,0.057222
1,tflite_autoencoder,15,0.058111
1,tflite_autoencoder,16,0.058981
1,tflite_autoencoder,17,0.058296
1,tflite_autoencoder,18,0.05987
1,tflite_autoencoder,19,0.057426
1,tflite_autoencoder,20,0.058944
1,tflite_autoencoder,21,0.059778
1,tflite_autoencoder,22,0.061148
1,tflite_autoencoder,23,0.059834
1,tflite_autoencoder,24,0.060203
1,tflite_autoencoder,25,0.061074
1,tflite_autoencoder,26,0.060833
1,tflite_autoencoder,27,0.058352
1,tflite_autoencoder,28,0.060907
1,tflite_autoencoder,29,0.059482
1,tflite_autoencoder,30,0.059518
1,tflite_autoencoder,31,0.059426
1,tflite_autoencoder,32,0.06087
1,tflite_autoencoder,33,0.058519
1,tflite_autoencoder,34,0.059537
1,tflite_autoencoder,35,0.0585
1,tflite_autoencoder,36,0.064778
1,tflite_autoencoder,37,0.059203
1,tflite_autoencoder,38,0.057852
1,tflite_autoencoder,39,0.057685
1,tflite_autoencoder,40,0.058203
1,tflite_autoencoder,41,0.058111
1,tflite_autoencoder,42,0.058297
1,tflite_autoencoder,43,0.058778
1,tflite_autoencoder,44,0.058815
1,tflite_autoencoder,45,0.058055
1,tflite_autoencoder,46,0.058333
1,tflite_autoencoder,47,0.058277
1,tflite_autoencoder,48,0.058796
1,tflite_autoencoder,49,0.058648
1,tflite_autoencoder,50,0.059278
1,tflite_autoencoder,51,0.059833
1,tflite_autoencoder,52,0.058519
1,tflite_autoencoder,53,0.063204
1,tflite_autoencoder,54,0.0595
1,tflite_autoencoder,55,0.060074
1,tflite_autoencoder,56,0.05813
1,tflite_autoencoder,57,0.058592
1,tflite_autoencoder,58,0.059685
1,tflite_autoencoder,59,0.062241
1,tflite_autoencoder,60,0.057814
1,tflite_autoencoder,61,0.0575
1,tflite_autoencoder,62,0.057852
1,tflite_autoencoder,63,0.058259
1,tflite_autoencoder,64,0.057963
1,tflite_autoencoder,65,0.05837
1,tflite_autoencoder,66,0.057333
1,tflite_autoencoder,67,0.0865
1,tflite_autoencoder,68,0.066019
1,tflite_autoencoder,69,0.058926
1,tflite_autoencoder,70,0.057518
1,tflite_autoencoder,71,0.058518
1,tflite_autoencoder,72,0.057537
1,tflite_autoencoder,73,0.058
1,tflite_autoencoder,74,0.059555
1,tflite_autoencoder,75,0.057814
1,tflite_autoencoder,76,0.058371
1,tflite_autoencoder,77,0.058407
1,tflite_autoencoder,78,0.058925
1,tflite_autoencoder,79,0.058871
1,tflite_autoencoder,80,0.060648
1,tflite_autoencoder,81,0.057592
1,tflite_autoencoder,82,0.060019
1,tflite_autoencoder,83,0.057241
1,tflite_autoencoder,84,0.060871
1,tflite_autoencoder,85,0.061185
1,tflite_autoencoder,86,0.058611
1,tflite_autoencoder,87,0.058648
1,tflite_autoencoder,88,0.060407
1,tflite_autoencoder,89,0.058167
1,tflite_autoencoder,90,0.057519
1,tflite_autoencoder,91,0.057814
1,tflite_autoencoder,92,0.05737
1,tflite_autoencoder,93,0.057834
1,tflite_autoencoder,94,0.057815
1,tflite_autoencoder,95,0.058296
1,tflite_autoencoder,96,0.057351
1,tflite_autoencoder,97,0.057333
1,tflite_autoencoder,98,0.058055
1,tflite_autoencoder,99,0.060092
1,tflite_autoencoder,100,0.057333
1,tflite_autoencoder,101,0.06013
1,tflite_autoencoder,102,0.057519
1,tflite_autoencoder,103,0.058334
1,tflite_autoencoder,104,0.05713
1,tflite_autoencoder,105,0.058555
1,tflite_autoencoder,106,0.059963
1,tflite_autoencoder,107,0.057981
1,tflite_autoencoder,108,0.057852
1,tflite_autoencoder,109,0.059408
1,tflite_autoencoder,110,0.057593
1,tflite_autoencoder,111,0.058148
1,tflite_autoencoder,112,0.059667
1,tflite_autoencoder,113,0.05774
1,tflite_autoencoder,114,0.058333
1,tflite_autoencoder,115,0.058351
1,tflite_autoencoder,116,0.058759
1,tflite_autoencoder,117,0.057296
1,tflite_autoencoder,118,0.057926
1,tflite_autoencoder,119,0.058296
1,tflite_autoencoder,120,0.057481
1,tflite_autoencoder,121,0.058519
1,tflite_autoencoder,122,0.057741
1,tflite_autoencoder,123,0.058296
1,tflite_autoencoder,124,0.058908
1,tflite_autoencoder,125,0.058889
1,tflite_autoencoder,126,0.05813
1,tflite_autoencoder,127,0.059444
1,tflite_autoencoder,128,0.057759
1,tflite_autoencoder,129,0.058333
1,tflite_autoencoder,130,0.058018
1,tflite_autoencoder,131,0.058444
1,tflite_autoencoder,132,0.057796
1,tflite_autoencoder,133,0.058407
1,tflite_autoencoder,134,0.078574
1,tflite_autoencoder,135,0.061796
1,tflite_autoencoder,136,0.061241
1,tflite_autoencoder,137,0.06024
1,tflite_autoencoder,138,0.057352
1,tflite_autoencoder,139,0.059908
1,tflite_autoencoder,140,0.059704
1,tflite_autoencoder,141,0.058814
1,tflite_autoencoder,142,0.058797
1,tflite_autoencoder,143,0.059333
1,tflite_autoencoder,144,0.060666
1,tflite_autoencoder,145,0.057611
1,tflite_autoencoder,146,0.058388
1,tflite_autoencoder,147,0.058611
1,tflite_autoencoder,148,0.059278
1,tflite_autoencoder,149,0.058686
1,tflite_autoencoder,150,0.059463
1,tflite_autoencoder,151,0.057963
1,tflite_autoencoder,152,0.057611
1,tflite_autoencoder,153,0.058463
1,tflite_autoencoder,154,0.058518
1,tflite_autoencoder,155,0.058852
1,tflite_autoencoder,156,0.058648
1,tflite_autoencoder,157,0.058537
1,tflite_autoencoder,158,0.058351
1,tflite_autoencoder,159,0.056629
1,tflite_autoencoder,160,0.059759
1,tflite_autoencoder,161,0.057815
1,tflite_autoencoder,162,0.058056
1,tflite_autoencoder,163,0.057685
1,tflite_autoencoder,164,0.058722
1,tflite_autoencoder,165,0.058537
1,tflite_autoencoder,166,0.058092
1,tflite_autoencoder,167,0.059408
1,tflite_autoencoder,168,0.057815
1,tflite_autoencoder,169,0.058
1,tflite_autoencoder,170,0.058278
1,tflite_autoencoder,171,0.058797
1,tflite_autoencoder,172,0.058611
1,tflite_autoencoder,173,0.058482
1,tflite_autoencoder,174,0.058778
1,tflite_autoencoder,175,0.05913
1,tflite_autoencoder,176,0.057778
1,tflite_autoencoder,177,0.059574
1,tflite_autoencoder,178,0.058204
1,tflite_autoencoder,179,0.058056
1,tflite_autoencoder,180,0.057944
1,tflite_autoencoder,181,0.057296
1,tflite_autoencoder,182,0.057833
1,tflite_autoencoder,183,0.057834
1,tflite_autoencoder,184,0.058426
1,tflite_autoencoder,185,0.057981
1,tflite_autoencoder,186,0.058408
1,tflite_autoencoder,187,0.058537
1,tflite_autoencoder,188,0.058573
1,tflite_autoencoder,189,0.058111
1,tflite_autoencoder,190,0.058407
1,tflite_autoencoder,191,0.05813
1,tflite_autoencoder,192,0.058241
1,tflite_autoencoder,193,0.058352
1,tflite_autoencoder,194,0.058555
1,tflite_autoencoder,195,0.058537
1,tflite_autoencoder,196,0.058537
1,tflite_autoencoder,197,0.058259
1,tflite_autoencoder,198,0.058185
1,tflite_autoencoder,199,0.057018
1,tflite_autoencoder,200,0.080722
1,tflite_autoencoder,201,0.066037
1,tflite_autoencoder,202,0.060741
1,tflite_autoencoder,203,0.058667
1,tflite_autoencoder,204,0.061704
1,tflite_autoencoder,205,0.058778
1,tflite_autoencoder,206,0.058833
1,tflite_autoencoder,207,0.059926
1,tflite_autoencoder,208,0.060962
1,tflite_autoencoder,209,0.061148
1,tflite_autoencoder,210,0.058259
1,tflite_autoencoder,211,0.058277
1,tflite_autoencoder,212,0.058704
1,tflite_autoencoder,213,0.066796
1,tflite_autoencoder,214,0.059593
1,tflite_autoencoder,215,0.059648
1,tflite_autoencoder,216,0.060963
1,tflite_autoencoder,217,0.059371
1,tflite_autoencoder,218,0.059
1,tflite_autoencoder,219,0.058037
1,tflite_autoencoder,220,0.059371
1,tflite_autoencoder,221,0.057907
1,tflite_autoencoder,222,0.059611
1,tflite_autoencoder,223,0.060408
1,tflite_autoencoder,224,0.057778
1,tflite_autoencoder,225,0.058759
1,tflite_autoencoder,226,0.060296
1,tflite_autoencoder,227,0.058371
1,tflite_autoencoder,228,0.057166
1,tflite_autoencoder,229,0.058315
1,tflite_autoencoder,230,0.058648
1,tflite_autoencoder,231,0.058481
1,tflite_autoencoder,232,0.058277
1,tflite_autoencoder,233,0.059407
1,tflite_autoencoder,234,0.059055
1,tflite_autoencoder,235,0.057185
1,tflite_autoencoder,236,0.0585
1,tflite_autoencoder,237,0.059
1,tflite_autoencoder,238,0.059741
1,tflite_autoencoder,239,0.058648
1,tflite_autoencoder,240,0.056741
1,tflite_autoencoder,241,0.057685
1,tflite_autoencoder,242,0.056481
1,tflite_autoencoder,243,0.056444
1,tflite_autoencoder,244,0.056926
1,tflite_autoencoder,245,0.057556
1,tflite_autoencoder,246,0.058389
1,tflite_autoencoder,247,0.057574
1,tflite_autoencoder,248,0.056963
1,tflite_autoencoder,249,0.056777
1,tflite_autoencoder,250,0.057926
1,tflite_autoencoder,251,0.056833
1,tflite_autoencoder,252,0.056908
1,tflite_autoencoder,253,0.057
1,tflite_autoencoder,254,0.057352
1,tflite_autoencoder,255,0.057426
1,tflite_autoencoder,256,0.058759
1,tflite_autoencoder,257,0.063722
1,tflite_autoencoder,258,0.062666
1,tflite_autoencoder,259,0.058018
1,tflite_autoencoder,260,0.057888
1,tflite_autoencoder,261,0.057574
1,tflite_autoencoder,262,0.057092
1,tflite_autoencoder,263,0.05663
1,tflite_autoencoder,264,0.057648
1,tflite_autoencoder,265,0.057296
1,tflite_autoencoder,266,0.056741
1,tflite_autoencoder,267,0.082629
1,tflite_autoencoder,268,0.063
1,tflite_autoencoder,269,0.058259
1,tflite_autoencoder,270,0.058778
1,tflite_autoencoder,271,0.058425
1,tflite_autoencoder,272,0.057074
1,tflite_autoencoder,273,0.057666
1,tflite_autoencoder,274,0.057444
1,tflite_autoencoder,275,0.058574
1,tflite_autoencoder,276,0.057426
1,tflite_autoencoder,277,0.058871
1,tflite_autoencoder,278,0.057074
1,tflite_autoencoder,279,0.058204
1,tflite_autoencoder,280,0.057185
1,tflite_autoencoder,281,0.056648
1,tflite_autoencoder,282,0.057778
1,tflite_autoencoder,283,0.057
1,tflite_autoencoder,284,0.056945
1,tflite_autoencoder,285,0.057407
1,tflite_autoencoder,286,0.056722
1,tflite_autoencoder,287,0.056723
1,tflite_autoencoder,288,0.057111
1,tflite_autoencoder,289,0.062371
1,tflite_autoencoder,290,0.071982
1,tflite_autoencoder,291,0.064166
1,tflite_autoencoder,292,0.058
1,tflite_autoencoder,293,0.0575
1,tflite_autoencoder,294,0.058148
1,tflite_autoencoder,295,0.057389
1,tflite_autoencoder,296,0.057425
1,tflite_autoencoder,297,0.057926
1,tflite_autoencoder,298,0.056889
1,tflite_autoencoder,299,0.058222
1,tflite_autoencoder,300,0.057518
1,tflite_autoencoder,301,0.057907
1,tflite_autoencoder,302,0.057129
1,tflite_autoencoder,303,0.058241
1,tflite_autoencoder,304,0.058018
1,tflite_autoencoder,305,0.057
1,tflite_autoencoder,306,0.059297
1,tflite_autoencoder,307,0.057926
1,tflite_autoencoder,308,0.058074
1,tflite_autoencoder,309,0.058018
1,tflite_autoencoder,310,0.058092
1,tflite_autoencoder,311,0.057908
1,tflite_autoencoder,312,0.056778
1,tflite_autoencoder,313,0.058074
1,tflite_autoencoder,314,0.057037
1,tflite_autoencoder,315,0.057759
1,tflite_autoencoder,316,0.057463
1,tflite_autoencoder,317,0.056852
1,tflite_autoencoder,318,0.057352
1,tflite_autoencoder,319,0.057167
1,tflite_autoencoder,320,0.058204
1,tflite_autoencoder,321,0.057037
1,tflite_autoencoder,322,0.057334
1,tflite_autoencoder,323,0.056703
1,tflite_autoencoder,324,0.058056
1,tflite_autoencoder,325,0.057
1,tflite_autoencoder,326,0.058111
1,tflite_autoencoder,327,0.057222
1,tflite_autoencoder,328,0.056444
1,tflite_autoencoder,329,0.057833
1,tflite_autoencoder,330,0.05676
1,tflite_autoencoder,331,0.056833
1,tflite_autoencoder,332,0.0585
1,tflite_autoencoder,333,0.0585
1,tflite_autoencoder,334,0.077444
1,tflite_autoencoder,335,0.064926
1,tflite_autoencoder,336,0.058593
1,tflite_autoencoder,337,0.058629
1,tflite_autoencoder,338,0.057518
1,tflite_autoencoder,339,0.057944
1,tflite_autoencoder,340,0.058537
1,tflite_autoencoder,341,0.058519
1,tflite_autoencoder,342,0.057315
1,tflite_autoencoder,343,0.057833
1,tflite_autoencoder,344,0.058426
1,tflite_autoencoder,345,0.057074
1,tflite_autoencoder,346,0.057407
1,tflite_autoencoder,347,0.058037
1,tflite_autoencoder,348,0.057499
1,tflite_autoencoder,349,0.057186
1,tflite_autoencoder,350,0.057703
1,tflite_autoencoder,351,0.057167
1,tflite_autoencoder,352,0.057407
1,tflite_autoencoder,353,0.057259
1,tflite_autoencoder,354,0.057907
1,tflite_autoencoder,355,0.056871
1,tflite_autoencoder,356,0.058296
1,tflite_autoencoder,357,0.057278
1,tflite_autoencoder,358,0.056833
1,tflite_autoencoder,359,0.057334
1,tflite_autoencoder,360,0.057945
1,tflite_autoencoder,361,0.058389
1,tflite_autoencoder,362,0.056704
1,tflite_autoencoder,363,0.058
1,tflite_autoencoder,364,0.057741
1,tflite_autoencoder,365,0.058148
1,tflite_autoencoder,366,0.058056
1,tflite_autoencoder,367,0.056778
1,tflite_autoencoder,368,0.05713
1,tflite_autoencoder,369,0.057685
1,tflite_autoencoder,370,0.0575
1,tflite_autoencoder,371,0.058111
1,tflite_autoencoder,372,0.056982
1,tflite_autoencoder,373,0.056907
1,tflite_autoencoder,374,0.056815
1,tflite_autoencoder,375,0.057222
1,tflite_autoencoder,376,0.057296
1,tflite_autoencoder,377,0.057111
1,tflite_autoencoder,378,0.058185
1,tflite_autoencoder,379,0.057981
1,tflite_autoencoder,380,0.056851
1,tflite_autoencoder,381,0.057777
1,tflite_autoencoder,382,0.056519
1,tflite_autoencoder,383,0.056925
1,tflite_autoencoder,384,0.057037
1,tflite_autoencoder,385,0.057685
1,tflite_autoencoder,386,0.056833
1,tflite_autoencoder,387,0.057574
1,tflite_autoencoder,388,0.057425
1,tflite_autoencoder,389,0.057315
1,tflite_autoencoder,390,0.057333
1,tflite_autoencoder,391,0.057186
1,tflite_autoencoder,392,0.056685
1,tflite_autoencoder,393,0.056537
1,tflite_autoencoder,394,0.057796
1,tflite_autoencoder,395,0.05663
1,tflite_autoencoder,396,0.057445
1,tflite_autoencoder,397,0.057425
1,tflite_autoencoder,398,0.056611
1,tflite_autoencoder,399,0.057037
1,tflite_autoencoder,400,0.056834
1,tflite_autoencoder,401,0.056611
1,tflite_autoencoder,402,0.075463
1,tflite_autoencoder,403,0.064074
1,tflite_autoencoder,404,0.058833
1,tflite_autoencoder,405,0.057981
1,tflite_autoencoder,406,0.057166
1,tflite_autoencoder,407,0.057166
1,tflite_autoencoder,408,0.057704
1,tflite_autoencoder,409,0.057166
1,tflite_autoencoder,410,0.056815
1,tflite_autoencoder,411,0.0565
1,tflite_autoencoder,412,0.056815
1,tflite_autoencoder,413,0.057518
1,tflite_autoencoder,414,0.056555
1,tflite_autoencoder,415,0.056593
1,tflite_autoencoder,416,0.056852
1,tflite_autoencoder,417,0.056648
1,tflite_autoencoder,418,0.057
1,tflite_autoencoder,419,0.05674
1,tflite_autoencoder,420,0.057278
1,tflite_autoencoder,421,0.057481
1,tflite_autoencoder,422,0.056852
1,tflite_autoencoder,423,0.056685
1,tflite_autoencoder,424,0.056907
1,tflite_autoencoder,425,0.056889
1,tflite_autoencoder,426,0.056704
1,tflite_autoencoder,427,0.057259
1,tflite_autoencoder,428,0.057203
1,tflite_autoencoder,429,0.057667
1,tflite_autoencoder,430,0.057018
1,tflite_autoencoder,431,0.057037
1,tflite_autoencoder,432,0.056574
1,tflite_autoencoder,433,0.057093
1,tflite_autoencoder,434,0.057018
1,tflite_autoencoder,435,0.056389
1,tflite_autoencoder,436,0.057685
1,tflite_autoencoder,437,0.057056
1,tflite_autoencoder,438,0.056574
1,tflite_autoencoder,439,0.057944
1,tflite_autoencoder,440,0.056981
1,tflite_autoencoder,441,0.057833
1,tflite_autoencoder,442,0.056759
1,tflite_autoencoder,443,0.057018
1,tflite_autoencoder,444,0.056963
1,tflite_autoencoder,445,0.057648
1,tflite_autoencoder,446,0.057796
1,tflite_autoencoder,447,0.057203
1,tflite_autoencoder,448,0.057018
1,tflite_autoencoder,449,0.056611
1,tflite_autoencoder,450,0.057426
1,tflite_autoencoder,451,0.057926
1,tflite_autoencoder,452,0.05687
1,tflite_autoencoder,453,0.056981
1,tflite_autoencoder,454,0.056963
1,tflite_autoencoder,455,0.057185
1,tflite_autoencoder,456,0.05776
1,tflite_autoencoder,457,0.056574
1,tflite_autoencoder,458,0.056926
1,tflite_autoencoder,459,0.057666
1,tflite_autoencoder,460,0.056982
1,tflite_autoencoder,461,0.057444
1,tflite_autoencoder,462,0.05687
1,tflite_autoencoder,463,0.057018
1,tflite_autoencoder,464,0.057611
1,tflite_autoencoder,465,0.057334
1,tflite_autoencoder,466,0.056611
1,tflite_autoencoder,467,0.056426
1,tflite_autoencoder,468,0.056389
1,tflite_autoencoder,469,0.056666
1,tflite_autoencoder,470,0.066908
1,tflite_autoencoder,471,0.06774
1,tflite_autoencoder,472,0.058444
1,tflite_autoencoder,473,0.059537
1,tflite_autoencoder,474,0.057315
1,tflite_autoencoder,475,0.05774
1,tflite_autoencoder,476,0.056815
1,tflite_autoencoder,477,0.057537
1,tflite_autoencoder,478,0.056944
1,tflite_autoencoder,479,0.057463
1,tflite_autoencoder,480,0.057037
1,tflite_autoencoder,481,0.056815
1,tflite_autoencoder,482,0.056945
1,tflite_autoencoder,483,0.057926
1,tflite_autoencoder,484,0.058185
1,tflite_autoencoder,485,0.05663
1,tflite_autoencoder,486,0.056723
1,tflite_autoencoder,487,0.056666
1,tflite_autoencoder,488,0.057333
1,tflite_autoencoder,489,0.056611
1,tflite_autoencoder,490,0.056574
1,tflite_autoencoder,491,0.057185
1,tflite_autoencoder,492,0.057481
1,tflite_autoencoder,493,0.057685
1,tflite_autoencoder,494,0.057741
1,tflite_autoencoder,495,0.05687
1,tflite_autoencoder,496,0.058259
1,tflite_autoencoder,497,0.056778
1,tflite_autoencoder,498,0.057852
1,tflite_autoencoder,499,0.057537
1,tflite_autoencoder,500,0.058852
1,tflite_autoencoder,501,0.057556
1,tflite_autoencoder,502,0.05713
1,tflite_autoencoder,503,0.056999
1,tflite_autoencoder,504,0.057111
1,tflite_autoencoder,505,0.057036
1,tflite_autoencoder,506,0.057259
1,tflite_autoencoder,507,0.057037
1,tflite_autoencoder,508,0.056963
1,tflite_autoencoder,509,0.058074
1,tflite_autoencoder,510,0.057148
1,tflite_autoencoder,511,0.057167
1,tflite_autoencoder,512,0.056759
1,tflite_autoencoder,513,0.056481
1,tflite_autoencoder,514,0.057351
1,tflite_autoencoder,515,0.056796
1,tflite_autoencoder,516,0.056703
1,tflite_autoencoder,517,0.056556
1,tflite_autoencoder,518,0.057166
1,tflite_autoencoder,519,0.057055
1,tflite_autoencoder,520,0.057907
1,tflite_autoencoder,521,0.057111
1,tflite_autoencoder,522,0.057222
1,tflite_autoencoder,523,0.056241
1,tflite_autoencoder,524,0.057592
1,tflite_autoencoder,525,0.056703
1,tflite_autoencoder,526,0.057611
1,tflite_autoencoder,527,0.056962
1,tflite_autoencoder,528,0.056759
1,tflite_autoencoder,529,0.057408
1,tflite_autoencoder,530,0.056889
1,tflite_autoencoder,531,0.056685
1,tflite_autoencoder,532,0.056963
1,tflite_autoencoder,533,0.056741
1,tflite_autoencoder,534,0.057296
1,tflite_autoencoder,535,0.057019
1,tflite_autoencoder,536,0.057315
1,tflite_autoencoder,537,0.057259
1,tflite_autoencoder,538,0.057111
1,tflite_autoencoder,539,0.07074
1,tflite_autoencoder,540,0.058704
1,tflite_autoencoder,541,0.05913
1,tflite_autoencoder,542,0.057259
1,tflite_autoencoder,543,0.057111
1,tflite_autoencoder,544,0.057871
1,tflite_autoencoder,545,0.058482
1,tflite_autoencoder,546,0.057926
1,tflite_autoencoder,547,0.057556
1,tflite_autoencoder,548,0.056833
1,tflite_autoencoder,549,0.057944
1,tflite_autoencoder,550,0.056685
1,tflite_autoencoder,551,0.057833
1,tflite_autoencoder,552,0.057703
1,tflite_autoencoder,553,0.057814
1,tflite_autoencoder,554,0.056704
1,tflite_autoencoder,555,0.056722
1,tflite_autoencoder,556,0.057685
1,tflite_autoencoder,557,0.057592
1,tflite_autoencoder,558,0.056834
1,tflite_autoencoder,559,0.056685
1,tflite_autoencoder,560,0.056778
1,tflite_autoencoder,561,0.058111
1,tflite_autoencoder,562,0.05687
1,tflite_autoencoder,563,0.056389
1,tflite_autoencoder,564,0.057815
1,tflite_autoencoder,565,0.056778
1,tflite_autoencoder,566,0.058222
1,tflite_autoencoder,567,0.059
1,tflite_autoencoder,568,0.058222
1,tflite_autoencoder,569,0.058666
1,tflite_autoencoder,570,0.057333
1,tflite_autoencoder,571,0.057611
1,tflite_autoencoder,572,0.056982
1,tflite_autoencoder,573,0.057056
1,tflite_autoencoder,574,0.058759
1,tflite_autoencoder,575,0.057944
1,tflite_autoencoder,576,0.058518
1,tflite_autoencoder,577,0.05687
1,tflite_autoencoder,578,0.056556
1,tflite_autoencoder,579,0.057926
1,tflite_autoencoder,580,0.056722
1,tflite_autoencoder,581,0.058203
1,tflite_autoencoder,582,0.05674
1,tflite_autoencoder,583,0.05687
1,tflite_autoencoder,584,0.056796
1,tflite_autoencoder,585,0.057426
1,tflite_autoencoder,586,0.057352
1,tflite_autoencoder,587,0.056778
1,tflite_autoencoder,588,0.056648
1,tflite_autoencoder,589,0.057871
1,tflite_autoencoder,590,0.057482
1,tflite_autoencoder,591,0.057388
1,tflite_autoencoder,592,0.056907
1,tflite_autoencoder,593,0.056723
1,tflite_autoencoder,594,0.056851
1,tflite_autoencoder,595,0.056519
1,tflite_autoencoder,596,0.057
1,tflite_autoencoder,597,0.057111
1,tflite_autoencoder,598,0.057185
1,tflite_autoencoder,599,0.057129
1,tflite_autoencoder,600,0.056815
1,tflite_autoencoder,601,0.056537
1,tflite_autoencoder,602,0.056778
1,tflite_autoencoder,603,0.056611
1,tflite_autoencoder,604,0.057037
1,tflite_autoencoder,605,0.05774
1,tflite_autoencoder,606,0.058074
1,tflite_autoencoder,607,0.069241
1,tflite_autoencoder,608,0.060426
1,tflite_autoencoder,609,0.058741
1,tflite_autoencoder,610,0.057685
1,tflite_autoencoder,611,0.057518
1,tflite_autoencoder,612,0.057204
1,tflite_autoencoder,613,0.057833
1,tflite_autoencoder,614,0.057611
1,tflite_autoencoder,615,0.057093
1,tflite_autoencoder,616,0.05687
1,tflite_autoencoder,617,0.056667
1,tflite_autoencoder,618,0.056982
1,tflite_autoencoder,619,0.057481
1,tflite_autoencoder,620,0.057037
1,tflite_autoencoder,621,0.056723
1,tflite_autoencoder,622,0.058037
1,tflite_autoencoder,623,0.056778
1,tflite_autoencoder,624,0.056722
1,tflite_autoencoder,625,0.057593
1,tflite_autoencoder,626,0.057056
1,tflite_autoencoder,627,0.057204
1,tflite_autoencoder,628,0.057926
1,tflite_autoencoder,629,0.057111
1,tflite_autoencoder,630,0.057186
1,tflite_autoencoder,631,0.056703
1,tflite_autoencoder,632,0.057037
1,tflite_autoencoder,633,0.057537
1,tflite_autoencoder,634,0.056611
1,tflite_autoencoder,635,0.056926
1,tflite_autoencoder,636,0.057056
1,tflite_autoencoder,637,0.057944
1,tflite_autoencoder,638,0.056908
1,tflite_autoencoder,639,0.056759
1,tflite_autoencoder,640,0.057537
1,tflite_autoencoder,641,0.057741
1,tflite_autoencoder,642,0.057166
1,tflite_autoencoder,643,0.056797
1,tflite_autoencoder,644,0.056851
1,tflite_autoencoder,645,0.057148
1,tflite_autoencoder,646,0.057685
1,tflite_autoencoder,647,0.056851
1,tflite_autoencoder,648,0.057037
1,tflite_autoencoder,649,0.056815
1,tflite_autoencoder,650,0.058093
1,tflite_autoencoder,651,0.057703
1,tflite_autoencoder,652,0.057518
1,tflite_autoencoder,653,0.056741
1,tflite_autoencoder,654,0.0565
1,tflite_autoencoder,655,0.058037
1,tflite_autoencoder,656,0.057037
1,tflite_autoencoder,657,0.057667
1,tflite_autoencoder,658,0.056519
1,tflite_autoencoder,659,0.056666
1,tflite_autoencoder,660,0.057148
1,tflite_autoencoder,661,0.058297
1,tflite_autoencoder,662,0.056796
1,tflite_autoencoder,663,0.057462
1,tflite_autoencoder,664,0.05787
1,tflite_autoencoder,665,0.056371
1,tflite_autoencoder,666,0.057167
1,tflite_autoencoder,667,0.057759
1,tflite_autoencoder,668,0.056741
1,tflite_autoencoder,669,0.056407
1,tflite_autoencoder,670,0.057259
1,tflite_autoencoder,671,0.057462
1,tflite_autoencoder,672,0.056908
1,tflite_autoencoder,673,0.056574
1,tflite_autoencoder,674,0.05813
1,tflite_autoencoder,675,0.064518
1,tflite_autoencoder,676,0.064852
1,tflite_autoencoder,677,0.059259
1,tflite_autoencoder,678,0.057592
1,tflite_autoencoder,679,0.056797
1,tflite_autoencoder,680,0.057222
1,tflite_autoencoder,681,0.056648
1,tflite_autoencoder,682,0.058389
1,tflite_autoencoder,683,0.057148
1,tflite_autoencoder,684,0.056852
1,tflite_autoencoder,685,0.058426
1,tflite_autoencoder,686,0.057315
1,tflite_autoencoder,687,0.056852
1,tflite_autoencoder,688,0.057462
1,tflite_autoencoder,689,0.058074
1,tflite_autoencoder,690,0.057056
1,tflite_autoencoder,691,0.058037
1,tflite_autoencoder,692,0.05687
1,tflite_autoencoder,693,0.056889
1,tflite_autoencoder,694,0.057204
1,tflite_autoencoder,695,0.056797
1,tflite_autoencoder,696,0.057093
1,tflite_autoencoder,697,0.057463
1,tflite_autoencoder,698,0.056592
1,tflite_autoencoder,699,0.056944
1,tflite_autoencoder,700,0.05663
1,tflite_autoencoder,701,0.057111
1,tflite_autoencoder,702,0.058185
1,tflite_autoencoder,703,0.057556
1,tflite_autoencoder,704,0.05674
1,tflite_autoencoder,705,0.057148
1,tflite_autoencoder,706,0.057926
1,tflite_autoencoder,707,0.05724
1,tflite_autoencoder,708,0.056796
1,tflite_autoencoder,709,0.056389
1,tflite_autoencoder,710,0.057407
1,tflite_autoencoder,711,0.056537
1,tflite_autoencoder,712,0.056592
1,tflite_autoencoder,713,0.056759
1,tflite_autoencoder,714,0.057703
1,tflite_autoencoder,715,0.058056
1,tflite_autoencoder,716,0.056833
1,tflite_autoencoder,717,0.0565
1,tflite_autoencoder,718,0.057685
1,tflite_autoencoder,719,0.058574
1,tflite_autoencoder,720,0.058649
1,tflite_autoencoder,721,0.057203
1,tflite_autoencoder,722,0.057759
1,tflite_autoencoder,723,0.05726
1,tflite_autoencoder,724,0.056963
1,tflite_autoencoder,725,0.056593
1,tflite_autoencoder,726,0.058185
1,tflite_autoencoder,727,0.056944
1,tflite_autoencoder,728,0.056889
1,tflite_autoencoder,729,0.056759
1,tflite_autoencoder,730,0.057111
1,tflite_autoencoder,731,0.05737
1,tflite_autoencoder,732,0.056852
1,tflite_autoencoder,733,0.057167
1,tflite_autoencoder,734,0.056926
1,tflite_autoencoder,735,0.057925
1,tflite_autoencoder,736,0.057574
1,tflite_autoencoder,737,0.058055
1,tflite_autoencoder,738,0.057
1,tflite_autoencoder,739,0.057481
1,tflite_autoencoder,740,0.056667
1,tflite_autoencoder,741,0.057334
1,tflite_autoencoder,742,0.0575
1,tflite_autoencoder,743,0.057203
1,tflite_autoencoder,744,0.070055
1,tflite_autoencoder,745,0.059592
1,tflite_autoencoder,746,0.058056
1,tflite_autoencoder,747,0.057481
1,tflite_autoencoder,748,0.057259
1,tflite_autoencoder,749,0.058296
1,tflite_autoencoder,750,0.058741
1,tflite_autoencoder,751,0.058593
1,tflite_autoencoder,752,0.0575
1,tflite_autoencoder,753,0.057685
1,tflite_autoencoder,754,0.056889
1,tflite_autoencoder,755,0.058
1,tflite_autoencoder,756,0.05687
1,tflite_autoencoder,757,0.058333
1,tflite_autoencoder,758,0.058074
1,tflite_autoencoder,759,0.058759
1,tflite_autoencoder,761,0.058741
1,tflite_autoencoder,762,0.058314
1,tflite_autoencoder,763,0.057148
1,tflite_autoencoder,764,0.05676
1,tflite_autoencoder,765,0.05737
1,tflite_autoencoder,766,0.060055
1,tflite_autoencoder,767,0.060777
1,tflite_autoencoder,768,0.057222
1,tflite_autoencoder,769,0.056963
1,tflite_autoencoder,770,0.056963
1,tflite_autoencoder,771,0.057241
1,tflite_autoencoder,772,0.057666
1,tflite_autoencoder,773,0.057167
1,tflite_autoencoder,774,0.056907
1,tflite_autoencoder,775,0.058037
1,tflite_autoencoder,776,0.05737
1,tflite_autoencoder,777,0.057259
1,tflite_autoencoder,778,0.057963
1,tflite_autoencoder,779,0.057166
1,tflite_autoencoder,780,0.057167
1,tflite_autoencoder,781,0.057296
1,tflite_autoencoder,782,0.057648
1,tflite_autoencoder,783,0.057278
1,tflite_autoencoder,784,0.057907
1,tflite_autoencoder,785,0.057259
1,tflite_autoencoder,786,0.057018
1,tflite_autoencoder,787,0.057037
1,tflite_autoencoder,788,0.058223
1,tflite_autoencoder,789,0.056574
1,tflite_autoencoder,790,0.056482
1,tflite_autoencoder,791,0.057833
1,tflite_autoencoder,792,0.057796
1,tflite_autoencoder,793,0.056592
1,tflite_autoencoder,794,0.058148
1,tflite_autoencoder,795,0.057222
1,tflite_autoencoder,796,0.056592
1,tflite_autoencoder,797,0.058055
1,tflite_autoencoder,798,0.056797
1,tflite_autoencoder,799,0.057407
1,tflite_autoencoder,800,0.057055
1,tflite_autoencoder,801,0.056963
1,tflite_autoencoder,802,0.056925
1,tflite_autoencoder,803,0.057611
1,tflite_autoencoder,804,0.057296
1,tflite_autoencoder,805,0.056852
1,tflite_autoencoder,806,0.057463
1,tflite_autoencoder,807,0.057371
1,tflite_autoencoder,808,0.058241
1,tflite_autoencoder,809,0.058092
1,tflite_autoencoder,810,0.057759
1,tflite_autoencoder,811,0.057296
1,tflite_autoencoder,812,0.057277
1,tflite_autoencoder,813,0.071871
1,tflite_autoencoder,814,0.058741
1,tflite_autoencoder,815,0.057537
1,tflite_autoencoder,816,0.05713
1,tflite_autoencoder,817,0.057611
1,tflite_autoencoder,818,0.057018
1,tflite_autoencoder,819,0.056537
1,tflite_autoencoder,820,0.056759
1,tflite_autoencoder,821,0.057685
1,tflite_autoencoder,822,0.057629
1,tflite_autoencoder,823,0.057259
1,tflite_autoencoder,824,0.056685
1,tflite_autoencoder,825,0.05663
1,tflite_autoencoder,826,0.056723
1,tflite_autoencoder,827,0.056518
1,tflite_autoencoder,828,0.05637
1,tflite_autoencoder,829,0.057519
1,tflite_autoencoder,830,0.056259
1,tflite_autoencoder,831,0.056445
1,tflite_autoencoder,832,0.05713
1,tflite_autoencoder,833,0.057592
1,tflite_autoencoder,834,0.057296
1,tflite_autoencoder,835,0.056611
1,tflite_autoencoder,836,0.057129
1,tflite_autoencoder,837,0.056833
1,tflite_autoencoder,838,0.057834
1,tflite_autoencoder,839,0.057685
1,tflite_autoencoder,840,0.057389
1,tflite_autoencoder,841,0.057426
1,tflite_autoencoder,842,0.057593
1,tflite_autoencoder,843,0.057611
1,tflite_autoencoder,844,0.057241
1,tflite_autoencoder,845,0.058277
1,tflite_autoencoder,846,0.058426
1,tflite_autoencoder,847,0.057055
1,tflite_autoencoder,848,0.057778
1,tflite_autoencoder,849,0.056963
1,tflite_autoencoder,850,0.057481
1,tflite_autoencoder,851,0.056926
1,tflite_autoencoder,852,0.057204
1,tflite_autoencoder,853,0.058185
1,tflite_autoencoder,854,0.05713
1,tflite_autoencoder,855,0.057148
1,tflite_autoencoder,856,0.057036
1,tflite_autoencoder,857,0.057852
1,tflite_autoencoder,858,0.057333
1,tflite_autoencoder,859,0.056982
1,tflite_autoencoder,860,0.057185
1,tflite_autoencoder,861,0.056852
1,tflite_autoencoder,862,0.058
1,tflite_autoencoder,863,0.057203
1,tflite_autoencoder,864,0.057759
1,tflite_autoencoder,865,0.057203
1,tflite_autoencoder,866,0.056982
1,tflite_autoencoder,867,0.057351
1,tflite_autoencoder,868,0.056797
1,tflite_autoencoder,869,0.056537
1,tflite_autoencoder,870,0.057148
1,tflite_autoencoder,871,0.056759
1,tflite_autoencoder,872,0.056888
1,tflite_autoencoder,873,0.056778
1,tflite_autoencoder,874,0.056963
1,tflite_autoencoder,875,0.058315
1,tflite_autoencoder,876,0.057148
1,tflite_autoencoder,877,0.057815
1,tflite_autoencoder,878,0.057333
1,tflite_autoencoder,879,0.056889
1,tflite_autoencoder,880,0.057481
1,tflite_autoencoder,881,0.074166
1,tflite_autoencoder,882,0.064685
1,tflite_autoencoder,883,0.058333
1,tflite_autoencoder,884,0.057815
1,tflite_autoencoder,885,0.057426
1,tflite_autoencoder,886,0.057093
1,tflite_autoencoder,887,0.057666
1,tflite_autoencoder,888,0.056889
1,tflite_autoencoder,889,0.05663
1,tflite_autoencoder,890,0.056574
1,tflite_autoencoder,891,0.058463
1,tflite_autoencoder,892,0.058167
1,tflite_autoencoder,893,0.057537
1,tflite_autoencoder,894,0.057278
1,tflite_autoencoder,895,0.056963
1,tflite_autoencoder,896,0.056852
1,tflite_autoencoder,897,0.056963
1,tflite_autoencoder,898,0.057889
1,tflite_autoencoder,899,0.056852
1,tflite_autoencoder,900,0.056981
1,tflite_autoencoder,901,0.057574
1,tflite_autoencoder,902,0.057352
1,tflite_autoencoder,903,0.057148
1,tflite_autoencoder,904,0.056759
1,tflite_autoencoder,905,0.05674
1,tflite_autoencoder,906,0.058463
1,tflite_autoencoder,907,0.058722
1,tflite_autoencoder,908,0.058241
1,tflite_autoencoder,909,0.057018
1,tflite_autoencoder,910,0.05687
1,tflite_autoencoder,911,0.05674
1,tflite_autoencoder,912,0.057852
1,tflite_autoencoder,913,0.056797
1,tflite_autoencoder,914,0.057408
1,tflite_autoencoder,915,0.057222
1,tflite_autoencoder,916,0.058055
1,tflite_autoencoder,917,0.05687
1,tflite_autoencoder,918,0.057704
1,tflite_autoencoder,919,0.057092
1,tflite_autoencoder,920,0.056815
1,tflite_autoencoder,921,0.057055
1,tflite_autoencoder,922,0.056222
1,tflite_autoencoder,923,0.05676
1,tflite_autoencoder,924,0.056166
1,tflite_autoencoder,925,0.056611
1,tflite_autoencoder,926,0.056926
1,tflite_autoencoder,927,0.057204
1,tflite_autoencoder,928,0.057315
1,tflite_autoencoder,929,0.056815
1,tflite_autoencoder,930,0.057036
1,tflite_autoencoder,931,0.057
1,tflite_autoencoder,932,0.056389
1,tflite_autoencoder,933,0.056722
1,tflite_autoencoder,934,0.058574
1,tflite_autoencoder,935,0.058852
1,tflite_autoencoder,936,0.058852
1,tflite_autoencoder,937,0.057463
1,tflite_autoencoder,938,0.057833
1,tflite_autoencoder,939,0.056593
1,tflite_autoencoder,940,0.056685
1,tflite_autoencoder,941,0.056704
1,tflite_autoencoder,942,0.056592
1,tflite_autoencoder,943,0.056703
1,tflite_autoencoder,944,0.056407
1,tflite_autoencoder,945,0.056648
1,tflite_autoencoder,946,0.056722
1,tflite_autoencoder,947,0.05687
1,tflite_autoencoder,948,0.057277
1,tflite_autoencoder,949,0.069148
1,tflite_autoencoder,950,0.06863
1,tflite_autoencoder,951,0.060019
1,tflite_autoencoder,952,0.057685
1,tflite_autoencoder,953,0.058592
1,tflite_autoencoder,954,0.057722
1,tflite_autoencoder,955,0.058519
1,tflite_autoencoder,956,0.057296
1,tflite_autoencoder,957,0.057296
1,tflite_autoencoder,958,0.056703
1,tflite_autoencoder,959,0.05687
1,tflite_autoencoder,960,0.057297
1,tflite_autoencoder,961,0.057556
1,tflite_autoencoder,962,0.057074
1,tflite_autoencoder,963,0.057019
1,tflite_autoencoder,964,0.056759
1,tflite_autoencoder,965,0.057222
1,tflite_autoencoder,966,0.0565
1,tflite_autoencoder,967,0.057667
1,tflite_autoencoder,968,0.057352
1,tflite_autoencoder,969,0.057407
1,tflite_autoencoder,970,0.057074
1,tflite_autoencoder,971,0.056796
1,tflite_autoencoder,972,0.057537
1,tflite_autoencoder,973,0.056315
1,tflite_autoencoder,974,0.057093
1,tflite_autoencoder,975,0.056945
1,tflite_autoencoder,976,0.056814
1,tflite_autoencoder,977,0.056741
1,tflite_autoencoder,978,0.05737
1,tflite_autoencoder,979,0.058222
1,tflite_autoencoder,980,0.056833
1,tflite_autoencoder,981,0.056463
1,tflite_autoencoder,982,0.057648
1,tflite_autoencoder,983,0.057537
1,tflite_autoencoder,984,0.056463
1,tflite_autoencoder,985,0.056574
1,tflite_autoencoder,986,0.056778
1,tflite_autoencoder,987,0.057833
1,tflite_autoencoder,988,0.057333
1,tflite_autoencoder,989,0.057296
1,tflite_autoencoder,990,0.056925
1,tflite_autoencoder,991,0.057482
1,tflite_autoencoder,992,0.057426
1,tflite_autoencoder,993,0.056667
1,tflite_autoencoder,994,0.056556
1,tflite_autoencoder,995,0.056648
1,tflite_autoencoder,996,0.056518
1,tflite_autoencoder,997,0.057444
1,tflite_autoencoder,998,0.056648
1,tflite_autoencoder,999,0.056796
1,tflite_autoencoder,1000,0.056537
1,tflite_autoencoder,1001,0.05724
1,tflite_autoencoder,1002,0.058129
1,tflite_autoencoder,1003,0.057037
1,tflite_autoencoder,1004,0.057648
1,tflite_autoencoder,1005,0.057074
1,tflite_autoencoder,1006,0.057203
1,tflite_autoencoder,1007,0.05726
1,tflite_autoencoder,1008,0.057037
1,tflite_autoencoder,1009,0.058092
1,tflite_autoencoder,1010,0.057537
1,tflite_autoencoder,1011,0.057592
1,tflite_autoencoder,1012,0.05687
1,tflite_autoencoder,1013,0.057129
1,tflite_autoencoder,1014,0.057481
1,tflite_autoencoder,1015,0.056871
1,tflite_autoencoder,1016,0.05713
1,tflite_autoencoder,1017,0.056704
1,tflite_autoencoder,1018,0.071593
1,tflite_autoencoder,1019,0.059408
1,tflite_autoencoder,1020,0.057333
1,tflite_autoencoder,1021,0.058018
1,tflite_autoencoder,1022,0.057648
1,tflite_autoencoder,1023,0.057574
1,tflite_autoencoder,1024,0.056741
1,tflite_autoencoder,1025,0.056908
1,tflite_autoencoder,1026,0.057648
1,tflite_autoencoder,1027,0.057037
1,tflite_autoencoder,1028,0.058166
1,tflite_autoencoder,1029,0.057019
1,tflite_autoencoder,1030,0.056871
1,tflite_autoencoder,1031,0.058278
1,tflite_autoencoder,1032,0.057111
1,tflite_autoencoder,1033,0.056667
1,tflite_autoencoder,1034,0.056852
1,tflite_autoencoder,1035,0.056722
1,tflite_autoencoder,1036,0.059111
1,tflite_autoencoder,1037,0.058426
1,tflite_autoencoder,1038,0.057963
1,tflite_autoencoder,1039,0.057926
1,tflite_autoencoder,1040,0.058407
1,tflite_autoencoder,1041,0.057555
1,tflite_autoencoder,1042,0.058278
1,tflite_autoencoder,1043,0.056574
1,tflite_autoencoder,1044,0.057352
1,tflite_autoencoder,1045,0.057759
1,tflite_autoencoder,1046,0.056648
1,tflite_autoencoder,1047,0.057074
1,tflite_autoencoder,1048,0.05613
1,tflite_autoencoder,1049,0.057556
1,tflite_autoencoder,1050,0.058611
1,tflite_autoencoder,1051,0.060463
1,tflite_autoencoder,1052,0.05724
1,tflite_autoencoder,1053,0.057556
1,tflite_autoencoder,1054,0.057296
1,tflite_autoencoder,1055,0.058815
1,tflite_autoencoder,1056,0.057741
1,tflite_autoencoder,1057,0.058944
1,tflite_autoencoder,1058,0.056981
1,tflite_autoencoder,1059,0.056703
1,tflite_autoencoder,1060,0.057259
1,tflite_autoencoder,1061,0.057648
1,tflite_autoencoder,1062,0.058445
1,tflite_autoencoder,1063,0.056648
1,tflite_autoencoder,1064,0.057241
1,tflite_autoencoder,1065,0.056611
1,tflite_autoencoder,1066,0.056352
1,tflite_autoencoder,1067,0.058371
1,tflite_autoencoder,1068,0.057222
1,tflite_autoencoder,1069,0.057092
1,tflite_autoencoder,1070,0.057481
1,tflite_autoencoder,1071,0.056759
1,tflite_autoencoder,1072,0.057463
1,tflite_autoencoder,1073,0.057203
1,tflite_autoencoder,1074,0.056537
1,tflite_autoencoder,1075,0.057666
1,tflite_autoencoder,1076,0.057648
1,tflite_autoencoder,1077,0.058426
1,tflite_autoencoder,1078,0.057019
1,tflite_autoencoder,1079,0.056833
1,tflite_autoencoder,1080,0.057352
1,tflite_autoencoder,1081,0.057167
1,tflite_autoencoder,1082,0.057111
1,tflite_autoencoder,1083,0.058278
1,tflite_autoencoder,1084,0.057537
1,tflite_autoencoder,1085,0.057629
1,tflite_autoencoder,1086,0.069203
1,tflite_autoencoder,1087,0.058444
1,tflite_autoencoder,1088,0.058204
1,tflite_autoencoder,1089,0.057444
1,tflite_autoencoder,1090,0.057889
1,tflite_autoencoder,1091,0.057666
1,tflite_autoencoder,1092,0.056852
1,tflite_autoencoder,1093,0.057426
1,tflite_autoencoder,1094,0.057074
1,tflite_autoencoder,1095,0.056851
1,tflite_autoencoder,1096,0.05787
1,tflite_autoencoder,1097,0.056908
1,tflite_autoencoder,1098,0.057129
1,tflite_autoencoder,1099,0.057389
1,tflite_autoencoder,1100,0.056833
1,tflite_autoencoder,1101,0.057611
1,tflite_autoencoder,1102,0.057333
1,tflite_autoencoder,1103,0.057185
1,tflite_autoencoder,1104,0.056889
1,tflite_autoencoder,1105,0.056444
1,tflite_autoencoder,1106,0.056407
1,tflite_autoencoder,1107,0.057037
1,tflite_autoencoder,1108,0.057741
1,tflite_autoencoder,1109,0.056833
1,tflite_autoencoder,1110,0.056223
1,tflite_autoencoder,1111,0.057667
1,tflite_autoencoder,1112,0.058
1,tflite_autoencoder,1113,0.057407
1,tflite_autoencoder,1114,0.057296
1,tflite_autoencoder,1115,0.057222
1,tflite_autoencoder,1116,0.056889
1,tflite_autoencoder,1117,0.057334
1,tflite_autoencoder,1118,0.057148
1,tflite_autoencoder,1119,0.057889
1,tflite_autoencoder,1120,0.057389
1,tflite_autoencoder,1121,0.057574
1,tflite_autoencoder,1122,0.057037
1,tflite_autoencoder,1123,0.057648
1,tflite_autoencoder,1124,0.058352
1,tflite_autoencoder,1125,0.05687
1,tflite_autoencoder,1126,0.058111
1,tflite_autoencoder,1127,0.05887
1,tflite_autoencoder,1128,0.058278
1,tflite_autoencoder,1129,0.058556
1,tflite_autoencoder,1130,0.057945
1,tflite_autoencoder,1131,0.057907
1,tflite_autoencoder,1132,0.056963
1,tflite_autoencoder,1133,0.057704
1,tflite_autoencoder,1134,0.057222
1,tflite_autoencoder,1135,0.058518
1,tflite_autoencoder,1136,0.057556
1,tflite_autoencoder,1137,0.057574
1,tflite_autoencoder,1138,0.056815
1,tflite_autoencoder,1139,0.057074
1,tflite_autoencoder,1140,0.056556
1,tflite_autoencoder,1141,0.058481
1,tflite_autoencoder,1142,0.057648
1,tflite_autoencoder,1143,0.057685
1,tflite_autoencoder,1144,0.057056
1,tflite_autoencoder,1145,0.057388
1,tflite_autoencoder,1146,0.057148
1,tflite_autoencoder,1147,0.057907
1,tflite_autoencoder,1148,0.057778
1,tflite_autoencoder,1149,0.057444
1,tflite_autoencoder,1150,0.057092
1,tflite_autoencoder,1151,0.056555
1,tflite_autoencoder,1152,0.057833
1,tflite_autoencoder,1153,0.058425
1,tflite_autoencoder,1154,0.066963
1,tflite_autoencoder,1155,0.059167
1,tflite_autoencoder,1156,0.057648
1,tflite_autoencoder,1157,0.058111
1,tflite_autoencoder,1158,0.057074
1,tflite_autoencoder,1159,0.057074
1,tflite_autoencoder,1160,0.058593
1,tflite_autoencoder,1161,0.057722
1,tflite_autoencoder,1162,0.057092
1,tflite_autoencoder,1163,0.056759
1,tflite_autoencoder,1164,0.057871
1,tflite_autoencoder,1165,0.057426
1,tflite_autoencoder,1166,0.057926
1,tflite_autoencoder,1167,0.05687
1,tflite_autoencoder,1168,0.057
1,tflite_autoencoder,1169,0.058296
1,tflite_autoencoder,1170,0.056889
1,tflite_autoencoder,1171,0.058
1,tflite_autoencoder,1172,0.057519
1,tflite_autoencoder,1173,0.056981
1,tflite_autoencoder,1174,0.056945
1,tflite_autoencoder,1175,0.057519
1,tflite_autoencoder,1176,0.056666
1,tflite_autoencoder,1177,0.05737
1,tflite_autoencoder,1178,0.057833
1,tflite_autoencoder,1179,0.05674
1,tflite_autoencoder,1180,0.056963
1,tflite_autoencoder,1181,0.056852
1,tflite_autoencoder,1182,0.056741
1,tflite_autoencoder,1183,0.05713
1,tflite_autoencoder,1184,0.056722
1,tflite_autoencoder,1185,0.05713
1,tflite_autoencoder,1186,0.058926
1,tflite_autoencoder,1187,0.057741
1,tflite_autoencoder,1188,0.057666
1,tflite_autoencoder,1189,0.056704
1,tflite_autoencoder,1190,0.056556
1,tflite_autoencoder,1191,0.056908
1,tflite_autoencoder,1192,0.057463
1,tflite_autoencoder,1193,0.056852
1,tflite_autoencoder,1194,0.058037
1,tflite_autoencoder,1195,0.057148
1,tflite_autoencoder,1196,0.057352
1,tflite_autoencoder,1197,0.057778
1,tflite_autoencoder,1198,0.056907
1,tflite_autoencoder,1199,0.057778
1,tflite_autoencoder,1200,0.056741
1,tflite_autoencoder,1201,0.058222
1,tflite_autoencoder,1202,0.057685
1,tflite_autoencoder,1203,0.057555
1,tflite_autoencoder,1204,0.057037
1,tflite_autoencoder,1205,0.057296
1,tflite_autoencoder,1206,0.057056
1,tflite_autoencoder,1207,0.058518
1,tflite_autoencoder,1208,0.058056
1,tflite_autoencoder,1209,0.056926
1,tflite_autoencoder,1210,0.057352
1,tflite_autoencoder,1211,0.056907
1,tflite_autoencoder,1212,0.057574
1,tflite_autoencoder,1213,0.057185
1,tflite_autoencoder,1214,0.057037
1,tflite_autoencoder,1215,0.05687
1,tflite_autoencoder,1216,0.056722
1,tflite_autoencoder,1217,0.056703
1,tflite_autoencoder,1218,0.058
1,tflite_autoencoder,1219,0.057223
1,tflite_autoencoder,1220,0.05713
1,tflite_autoencoder,1221,0.057166
1,tflite_autoencoder,1222,0.064889
1,tflite_autoencoder,1223,0.060592
1,tflite_autoencoder,1224,0.057463
1,tflite_autoencoder,1225,0.05763
1,tflite_autoencoder,1226,0.057093
1,tflite_autoencoder,1227,0.05774
1,tflite_autoencoder,1228,0.057
1,tflite_autoencoder,1229,0.056796
1,tflite_autoencoder,1230,0.057611
1,tflite_autoencoder,1231,0.056611
1,tflite_autoencoder,1232,0.057481
1,tflite_autoencoder,1233,0.057537
1,tflite_autoencoder,1234,0.056945
1,tflite_autoencoder,1235,0.057352
1,tflite_autoencoder,1236,0.057166
1,tflite_autoencoder,1237,0.058185
1,tflite_autoencoder,1238,0.057426
1,tflite_autoencoder,1239,0.058
1,tflite_autoencoder,1240,0.056851
1,tflite_autoencoder,1241,0.05724
1,tflite_autoencoder,1242,0.056852
1,tflite_autoencoder,1243,0.057074
1,tflite_autoencoder,1244,0.057259
1,tflite_autoencoder,1245,0.058389
1,tflite_autoencoder,1246,0.057389
1,tflite_autoencoder,1247,0.057203
1,tflite_autoencoder,1248,0.057704
1,tflite_autoencoder,1249,0.057667
1,tflite_autoencoder,1250,0.057167
1,tflite_autoencoder,1251,0.057259
1,tflite_autoencoder,1252,0.056796
1,tflite_autoencoder,1253,0.05737
1,tflite_autoencoder,1254,0.0575
1,tflite_autoencoder,1255,0.056944
1,tflite_autoencoder,1256,0.05737
1,tflite_autoencoder,1257,0.057019
1,tflite_autoencoder,1258,0.058259
1,tflite_autoencoder,1259,0.057685
1,tflite_autoencoder,1260,0.057185
1,tflite_autoencoder,1261,0.057
1,tflite_autoencoder,1262,0.056426
1,tflite_autoencoder,1263,0.057259
1,tflite_autoencoder,1264,0.057463
1,tflite_autoencoder,1265,0.056352
1,tflite_autoencoder,1266,0.056815
1,tflite_autoencoder,1267,0.056796
1,tflite_autoencoder,1268,0.056296
1,tflite_autoencoder,1269,0.056778
1,tflite_autoencoder,1270,0.057704
1,tflite_autoencoder,1271,0.058
1,tflite_autoencoder,1272,0.056426
1,tflite_autoencoder,1273,0.056815
1,tflite_autoencoder,1274,0.056851
1,tflite_autoencoder,1275,0.056537
1,tflite_autoencoder,1276,0.056667
1,tflite_autoencoder,1277,0.057703
1,tflite_autoencoder,1278,0.05674
1,tflite_autoencoder,1279,0.058296
1,tflite_autoencoder,1280,0.056537
1,tflite_autoencoder,1281,0.057759
1,tflite_autoencoder,1282,0.056519
1,tflite_autoencoder,1283,0.057019
1,tflite_autoencoder,1284,0.056722
1,tflite_autoencoder,1285,0.056445
1,tflite_autoencoder,1286,0.056482
1,tflite_autoencoder,1287,0.056851
1,tflite_autoencoder,1288,0.056889
1,tflite_autoencoder,1289,0.056741
1,tflite_autoencoder,1290,0.058037
1,tflite_autoencoder,1291,0.070741
1,tflite_autoencoder,1292,0.059352
1,tflite_autoencoder,1293,0.057222
1,tflite_autoencoder,1294,0.057222
1,tflite_autoencoder,1295,0.057444
1,tflite_autoencoder,1296,0.056925
1,tflite_autoencoder,1297,0.058333
1,tflite_autoencoder,1298,0.05763
1,tflite_autoencoder,1299,0.057444
1,tflite_autoencoder,1300,0.056852
1,tflite_autoencoder,1301,0.057388
1,tflite_autoencoder,1302,0.056593
1,tflite_autoencoder,1303,0.057315
1,tflite_autoencoder,1304,0.056444
1,tflite_autoencoder,1305,0.056926
1,tflite_autoencoder,1306,0.056796
1,tflite_autoencoder,1307,0.057111
1,tflite_autoencoder,1308,0.056611
1,tflite_autoencoder,1309,0.056222
1,tflite_autoencoder,1310,0.057926
1,tflite_autoencoder,1311,0.057056
1,tflite_autoencoder,1312,0.056592
1,tflite_autoencoder,1313,0.056907
1,tflite_autoencoder,1314,0.056926
1,tflite_autoencoder,1315,0.058111
1,tflite_autoencoder,1316,0.056815
1,tflite_autoencoder,1317,0.057037
1,tflite_autoencoder,1318,0.056315
1,tflite_autoencoder,1319,0.056759
1,tflite_autoencoder,1320,0.05663
1,tflite_autoencoder,1321,0.057018
1,tflite_autoencoder,1322,0.057314
1,tflite_autoencoder,1323,0.058019
1,tflite_autoencoder,1324,0.057537
1,tflite_autoencoder,1325,0.057888
1,tflite_autoencoder,1326,0.057204
1,tflite_autoencoder,1327,0.057278
1,tflite_autoencoder,1328,0.056944
1,tflite_autoencoder,1329,0.057018
1,tflite_autoencoder,1330,0.056629
1,tflite_autoencoder,1331,0.057259
1,tflite_autoencoder,1332,0.057278
1,tflite_autoencoder,1333,0.057426
1,tflite_autoencoder,1334,0.057074
1,tflite_autoencoder,1335,0.056722
1,tflite_autoencoder,1336,0.05687
1,tflite_autoencoder,1337,0.057481
1,tflite_autoencoder,1338,0.056833
1,tflite_autoencoder,1339,0.05674
1,tflite_autoencoder,1340,0.057055
1,tflite_autoencoder,1341,0.057537
1,tflite_autoencoder,1342,0.056796
1,tflite_autoencoder,1343,0.05624
1,tflite_autoencoder,1344,0.056463
1,tflite_autoencoder,1345,0.058037
1,tflite_autoencoder,1346,0.056851
1,tflite_autoencoder,1347,0.056852
1,tflite_autoencoder,1348,0.056851
1,tflite_autoencoder,1349,0.0575
1,tflite_autoencoder,1350,0.056741
1,tflite_autoencoder,1351,0.05676
1,tflite_autoencoder,1352,0.056519
1,tflite_autoencoder,1353,0.058463
1,tflite_autoencoder,1354,0.057259
1,tflite_autoencoder,1355,0.057352
1,tflite_autoencoder,1356,0.057056
1,tflite_autoencoder,1357,0.057018
1,tflite_autoencoder,1358,0.057925
1,tflite_autoencoder,1359,0.065019
1,tflite_autoencoder,1360,0.062685
1,tflite_autoencoder,1361,0.057926
1,tflite_autoencoder,1362,0.057222
1,tflite_autoencoder,1363,0.057
1,tflite_autoencoder,1364,0.057908
1,tflite_autoencoder,1365,0.058741
1,tflite_autoencoder,1366,0.057907
1,tflite_autoencoder,1367,0.057741
1,tflite_autoencoder,1368,0.056888
1,tflite_autoencoder,1369,0.05737
1,tflite_autoencoder,1370,0.056815
1,tflite_autoencoder,1371,0.056685
1,tflite_autoencoder,1372,0.056741
1,tflite_autoencoder,1373,0.057685
1,tflite_autoencoder,1374,0.057241
1,tflite_autoencoder,1375,0.057778
1,tflite_autoencoder,1376,0.057167
1,tflite_autoencoder,1377,0.058555
1,tflite_autoencoder,1378,0.057371
1,tflite_autoencoder,1379,0.05663
1,tflite_autoencoder,1380,0.056722
1,tflite_autoencoder,1381,0.057463
1,tflite_autoencoder,1382,0.057741
1,tflite_autoencoder,1383,0.066148
1,tflite_autoencoder,1384,0.067574
1,tflite_autoencoder,1385,0.059167
1,tflite_autoencoder,1386,0.058167
1,tflite_autoencoder,1387,0.057611
1,tflite_autoencoder,1388,0.058723
1,tflite_autoencoder,1389,0.058093
1,tflite_autoencoder,1390,0.058981
1,tflite_autoencoder,1391,0.057796
1,tflite_autoencoder,1392,0.057481
1,tflite_autoencoder,1393,0.057648
1,tflite_autoencoder,1394,0.057925
1,tflite_autoencoder,1395,0.057519
1,tflite_autoencoder,1396,0.0565
1,tflite_autoencoder,1397,0.056999
1,tflite_autoencoder,1398,0.056666
1,tflite_autoencoder,1399,0.057148
1,tflite_autoencoder,1400,0.056518
1,tflite_autoencoder,1401,0.057166
1,tflite_autoencoder,1402,0.057352
1,tflite_autoencoder,1403,0.05787
1,tflite_autoencoder,1404,0.056722
1,tflite_autoencoder,1405,0.056815
1,tflite_autoencoder,1406,0.057481
1,tflite_autoencoder,1407,0.057982
1,tflite_autoencoder,1408,0.057814
1,tflite_autoencoder,1409,0.05813
1,tflite_autoencoder,1410,0.058759
1,tflite_autoencoder,1411,0.05737
1,tflite_autoencoder,1412,0.057093
1,tflite_autoencoder,1413,0.057611
1,tflite_autoencoder,1414,0.057759
1,tflite_autoencoder,1415,0.057166
1,tflite_autoencoder,1416,0.059296
1,tflite_autoencoder,1417,0.058296
1,tflite_autoencoder,1418,0.056722
1,tflite_autoencoder,1419,0.056852
1,tflite_autoencoder,1420,0.057129
1,tflite_autoencoder,1421,0.056759
1,tflite_autoencoder,1422,0.05713
1,tflite_autoencoder,1423,0.058407
1,tflite_autoencoder,1424,0.058129
1,tflite_autoencoder,1425,0.0575
1,tflite_autoencoder,1426,0.056944
1,tflite_autoencoder,1427,0.076037
1,tflite_autoencoder,1428,0.066297
1,tflite_autoencoder,1429,0.058981
1,tflite_autoencoder,1430,0.057648
1,tflite_autoencoder,1431,0.057315
1,tflite_autoencoder,1432,0.056981
1,tflite_autoencoder,1433,0.057203
1,tflite_autoencoder,1434,0.0575
1,tflite_autoencoder,1435,0.056796
1,tflite_autoencoder,1436,0.05687
1,tflite_autoencoder,1437,0.058315
1,tflite_autoencoder,1438,0.059371
1,tflite_autoencoder,1439,0.057666
1,tflite_autoencoder,1440,0.057518
1,tflite_autoencoder,1441,0.057278
1,tflite_autoencoder,1442,0.056926
1,tflite_autoencoder,1443,0.056796
1,tflite_autoencoder,1444,0.057093
1,tflite_autoencoder,1445,0.056926
1,tflite_autoencoder,1446,0.056704
1,tflite_autoencoder,1447,0.056962
1,tflite_autoencoder,1448,0.056963
1,tflite_autoencoder,1449,0.057759
1,tflite_autoencoder,1450,0.05863
1,tflite_autoencoder,1451,0.057037
1,tflite_autoencoder,1452,0.056945
1,tflite_autoencoder,1453,0.056963
1,tflite_autoencoder,1454,0.056945
1,tflite_autoencoder,1455,0.057037
1,tflite_autoencoder,1456,0.057092
1,tflite_autoencoder,1457,0.057389
1,tflite_autoencoder,1458,0.056704
1,tflite_autoencoder,1459,0.056648
1,tflite_autoencoder,1460,0.056833
1,tflite_autoencoder,1461,0.05813
1,tflite_autoencoder,1462,0.057759
1,tflite_autoencoder,1463,0.056834
1,tflite_autoencoder,1464,0.056889
1,tflite_autoencoder,1465,0.057945
1,tflite_autoencoder,1466,0.057018
1,tflite_autoencoder,1467,0.056796
1,tflite_autoencoder,1468,0.056907
1,tflite_autoencoder,1469,0.05674
1,tflite_autoencoder,1470,0.057963
1,tflite_autoencoder,1471,0.056704
1,tflite_autoencoder,1472,0.057666
1,tflite_autoencoder,1473,0.05713
1,tflite_autoencoder,1474,0.056426
1,tflite_autoencoder,1475,0.056834
1,tflite_autoencoder,1476,0.056389
1,tflite_autoencoder,1477,0.056833
1,tflite_autoencoder,1478,0.056556
1,tflite_autoencoder,1479,0.057296
1,tflite_autoencoder,1480,0.057241
1,tflite_autoencoder,1481,0.056851
1,tflite_autoencoder,1482,0.056629
1,tflite_autoencoder,1483,0.057981
1,tflite_autoencoder,1484,0.056926
1,tflite_autoencoder,1485,0.056648
1,tflite_autoencoder,1486,0.056777
1,tflite_autoencoder,1487,0.057
1,tflite_autoencoder,1488,0.058074
1,tflite_autoencoder,1489,0.057259
1,tflite_autoencoder,1490,0.057426
1,tflite_autoencoder,1491,0.057055
1,tflite_autoencoder,1492,0.057444
1,tflite_autoencoder,1493,0.057481
1,tflite_autoencoder,1494,0.057278
1,tflite_autoencoder,1495,0.070852
1,tflite_autoencoder,1496,0.065537
1,tflite_autoencoder,1497,0.059204
1,tflite_autoencoder,1498,0.057796
1,tflite_autoencoder,1499,0.058093
1,tflite_autoencoder,1500,0.057185
1,tflite_autoencoder,1501,0.058093
1,tflite_autoencoder,1502,0.058408
1,tflite_autoencoder,1503,0.058481
1,tflite_autoencoder,1504,0.057296
1,tflite_autoencoder,1505,0.057592
1,tflite_autoencoder,1506,0.057222
1,tflite_autoencoder,1507,0.057889
1,tflite_autoencoder,1508,0.057704
1,tflite_autoencoder,1509,0.057
1,tflite_autoencoder,1510,0.057222
1,tflite_autoencoder,1511,0.057444
1,tflite_autoencoder,1512,0.056963
1,tflite_autoencoder,1513,0.057407
1,tflite_autoencoder,1514,0.056797
1,tflite_autoencoder,1515,0.056981
1,tflite_autoencoder,1516,0.057148
1,tflite_autoencoder,1517,0.057259
1,tflite_autoencoder,1518,0.057019
1,tflite_autoencoder,1519,0.057926
1,tflite_autoencoder,1520,0.058445
1,tflite_autoencoder,1521,0.058463
1,tflite_autoencoder,1522,0.057407
1,tflite_autoencoder,1523,0.057259
1,tflite_autoencoder,1524,0.056834
1,tflite_autoencoder,1525,0.057426
1,tflite_autoencoder,1526,0.056907
1,tflite_autoencoder,1527,0.057852
1,tflite_autoencoder,1528,0.058018
1,tflite_autoencoder,1529,0.057148
1,tflite_autoencoder,1530,0.057222
1,tflite_autoencoder,1531,0.056926
1,tflite_autoencoder,1532,0.058241
1,tflite_autoencoder,1533,0.057814
1,tflite_autoencoder,1534,0.057703
1,tflite_autoencoder,1535,0.057129
1,tflite_autoencoder,1536,0.057481
1,tflite_autoencoder,1537,0.056796
1,tflite_autoencoder,1538,0.056833
1,tflite_autoencoder,1539,0.056889
1,tflite_autoencoder,1540,0.056666
1,tflite_autoencoder,1541,0.057796
1,tflite_autoencoder,1542,0.05687
1,tflite_autoencoder,1543,0.057093
1,tflite_autoencoder,1544,0.057185
1,tflite_autoencoder,1545,0.056778
1,tflite_autoencoder,1546,0.05687
1,tflite_autoencoder,1547,0.058204
1,tflite_autoencoder,1548,0.057685
1,tflite_autoencoder,1549,0.057815
1,tflite_autoencoder,1550,0.057593
1,tflite_autoencoder,1551,0.056981
1,tflite_autoencoder,1552,0.056519
1,tflite_autoencoder,1553,0.058185
1,tflite_autoencoder,1554,0.056889
1,tflite_autoencoder,1555,0.056722
1,tflite_autoencoder,1556,0.05687
1,tflite_autoencoder,1557,0.0575
1,tflite_autoencoder,1558,0.058407
1,tflite_autoencoder,1559,0.057944
1,tflite_autoencoder,1560,0.056871
1,tflite_autoencoder,1561,0.056556
1,tflite_autoencoder,1562,0.057649
1,tflite_autoencoder,1563,0.068685
1,tflite_autoencoder,1564,0.062574
1,tflite_autoencoder,1565,0.058963
1,tflite_autoencoder,1566,0.058037
1,tflite_autoencoder,1567,0.057518
1,tflite_autoencoder,1568,0.057889
1,tflite_autoencoder,1569,0.057778
1,tflite_autoencoder,1570,0.057
1,tflite_autoencoder,1571,0.057537
1,tflite_autoencoder,1572,0.057815
1,tflite_autoencoder,1573,0.056796
1,tflite_autoencoder,1574,0.057037
1,tflite_autoencoder,1575,0.057241
1,tflite_autoencoder,1576,0.05713
1,tflite_autoencoder,1577,0.057852
1,tflite_autoencoder,1578,0.057834
1,tflite_autoencoder,1579,0.058093
1,tflite_autoencoder,1580,0.057278
1,tflite_autoencoder,1581,0.057574
1,tflite_autoencoder,1582,0.057648
1,tflite_autoencoder,1583,0.057852
1,tflite_autoencoder,1584,0.057166
1,tflite_autoencoder,1585,0.056889
1,tflite_autoencoder,1586,0.057166
1,tflite_autoencoder,1587,0.057
1,tflite_autoencoder,1588,0.057203
1,tflite_autoencoder,1589,0.057926
1,tflite_autoencoder,1590,0.057314
1,tflite_autoencoder,1591,0.057555
1,tflite_autoencoder,1592,0.058518
1,tflite_autoencoder,1593,0.057111
1,tflite_autoencoder,1594,0.057259
1,tflite_autoencoder,1595,0.056611
1,tflite_autoencoder,1596,0.056704
1,tflite_autoencoder,1597,0.057648
1,tflite_autoencoder,1598,0.057037
1,tflite_autoencoder,1599,0.057074
1,tflite_autoencoder,1600,0.057092
1,tflite_autoencoder,1601,0.057703
1,tflite_autoencoder,1602,0.058389
1,tflite_autoencoder,1603,0.056704
1,tflite_autoencoder,1604,0.056871
1,tflite_autoencoder,1605,0.057704
1,tflite_autoencoder,1606,0.057037
1,tflite_autoencoder,1607,0.057314
1,tflite_autoencoder,1608,0.057518
1,tflite_autoencoder,1609,0.057851
1,tflite_autoencoder,1610,0.056759
1,tflite_autoencoder,1611,0.057055
1,tflite_autoencoder,1612,0.058056
1,tflite_autoencoder,1613,0.057333
1,tflite_autoencoder,1614,0.057018
1,tflite_autoencoder,1615,0.056963
1,tflite_autoencoder,1616,0.05787
1,tflite_autoencoder,1617,0.0575
1,tflite_autoencoder,1618,0.057278
1,tflite_autoencoder,1619,0.058019
1,tflite_autoencoder,1620,0.057259
1,tflite_autoencoder,1621,0.056852
1,tflite_autoencoder,1622,0.056666
1,tflite_autoencoder,1623,0.057519
1,tflite_autoencoder,1624,0.05687
1,tflite_autoencoder,1625,0.057074
1,tflite_autoencoder,1626,0.057
1,tflite_autoencoder,1627,0.056926
1,tflite_autoencoder,1628,0.057111
1,tflite_autoencoder,1629,0.057111
1,tflite_autoencoder,1630,0.058019
1,tflite_autoencoder,1631,0.057019
1,tflite_autoencoder,1632,0.077204
1,tflite_autoencoder,1633,0.057944
1,tflite_autoencoder,1634,0.057667
1,tflite_autoencoder,1635,0.058333
1,tflite_autoencoder,1636,0.057259
1,tflite_autoencoder,1637,0.057611
1,tflite_autoencoder,1638,0.057778
1,tflite_autoencoder,1639,0.056722
1,tflite_autoencoder,1640,0.057463
1,tflite_autoencoder,1641,0.058074
1,tflite_autoencoder,1642,0.05763
1,tflite_autoencoder,1643,0.056908
1,tflite_autoencoder,1644,0.057203
1,tflite_autoencoder,1645,0.057036
1,tflite_autoencoder,1646,0.05776
1,tflite_autoencoder,1647,0.056815
1,tflite_autoencoder,1648,0.056593
1,tflite_autoencoder,1649,0.056574
1,tflite_autoencoder,1650,0.057018
1,tflite_autoencoder,1651,0.058333
1,tflite_autoencoder,1652,0.056796
1,tflite_autoencoder,1653,0.19574
1,tflite_autoencoder,1654,0.066167
1,tflite_autoencoder,1655,0.059185
1,tflite_autoencoder,1656,0.057445
1,tflite_autoencoder,1657,0.057852
1,tflite_autoencoder,1658,0.057574
1,tflite_autoencoder,1659,0.057019
1,tflite_autoencoder,1660,0.057981
1,tflite_autoencoder,1661,0.056778
1,tflite_autoencoder,1662,0.056648
1,tflite_autoencoder,1663,0.056814
1,tflite_autoencoder,1664,0.056759
1,tflite_autoencoder,1665,0.057166
1,tflite_autoencoder,1666,0.056741
1,tflite_autoencoder,1667,0.056611
1,tflite_autoencoder,1668,0.056796
1,tflite_autoencoder,1669,0.056666
1,tflite_autoencoder,1670,0.056666
1,tflite_autoencoder,1671,0.057667
1,tflite_autoencoder,1672,0.057592
1,tflite_autoencoder,1673,0.05726
1,tflite_autoencoder,1674,0.056277
1,tflite_autoencoder,1675,0.056333
1,tflite_autoencoder,1676,0.056352
1,tflite_autoencoder,1677,0.05687
1,tflite_autoencoder,1678,0.056759
1,tflite_autoencoder,1679,0.057852
1,tflite_autoencoder,1680,0.057481
1,tflite_autoencoder,1681,0.056574
1,tflite_autoencoder,1682,0.056537
1,tflite_autoencoder,1683,0.057278
1,tflite_autoencoder,1684,0.057185
1,tflite_autoencoder,1685,0.057
1,tflite_autoencoder,1686,0.05724
1,tflite_autoencoder,1687,0.056462
1,tflite_autoencoder,1688,0.057315
1,tflite_autoencoder,1689,0.057241
1,tflite_autoencoder,1690,0.056852
1,tflite_autoencoder,1691,0.056352
1,tflite_autoencoder,1692,0.056426
1,tflite_autoencoder,1693,0.056704
1,tflite_autoencoder,1694,0.056611
1,tflite_autoencoder,1695,0.058259
1,tflite_autoencoder,1696,0.057092
1,tflite_autoencoder,1697,0.070148
1,tflite_autoencoder,1698,0.067056
1,tflite_autoencoder,1699,0.058833
1,tflite_autoencoder,1700,0.057203
1,tflite_autoencoder,1701,0.056889
1,tflite_autoencoder,1702,0.057333
1,tflite_autoencoder,1703,0.0575
1,tflite_autoencoder,1704,0.058129
1,tflite_autoencoder,1705,0.057759
1,tflite_autoencoder,1706,0.056463
1,tflite_autoencoder,1707,0.05687
1,tflite_autoencoder,1708,0.056982
1,tflite_autoencoder,1709,0.056555
1,tflite_autoencoder,1710,0.056759
1,tflite_autoencoder,1711,0.05737
1,tflite_autoencoder,1712,0.058111
1,tflite_autoencoder,1713,0.057648
1,tflite_autoencoder,1714,0.057648
1,tflite_autoencoder,1715,0.056537
1,tflite_autoencoder,1716,0.056667
1,tflite_autoencoder,1717,0.058222
1,tflite_autoencoder,1718,0.057481
1,tflite_autoencoder,1719,0.058241
1,tflite_autoencoder,1720,0.056907
1,tflite_autoencoder,1721,0.056759
1,tflite_autoencoder,1722,0.0575
1,tflite_autoencoder,1723,0.056833
1,tflite_autoencoder,1724,0.056889
1,tflite_autoencoder,1725,0.057982
1,tflite_autoencoder,1726,0.056722
1,tflite_autoencoder,1727,0.05663
1,tflite_autoencoder,1728,0.056629
1,tflite_autoencoder,1729,0.057222
1,tflite_autoencoder,1730,0.056519
1,tflite_autoencoder,1731,0.056537
1,tflite_autoencoder,1732,0.056407
1,tflite_autoencoder,1733,0.056574
1,tflite_autoencoder,1734,0.057982
1,tflite_autoencoder,1735,0.05676
1,tflite_autoencoder,1736,0.056277
1,tflite_autoencoder,1737,0.056314
1,tflite_autoencoder,1738,0.056833
1,tflite_autoencoder,1739,0.056037
1,tflite_autoencoder,1740,0.056111
1,tflite_autoencoder,1741,0.056426
1,tflite_autoencoder,1742,0.05637
1,tflite_autoencoder,1743,0.056148
1,tflite_autoencoder,1744,0.056759
1,tflite_autoencoder,1745,0.056574
1,tflite_autoencoder,1746,0.056166
1,tflite_autoencoder,1747,0.058092
1,tflite_autoencoder,1748,0.056667
1,tflite_autoencoder,1749,0.056425
1,tflite_autoencoder,1750,0.056815
1,tflite_autoencoder,1751,0.056889
1,tflite_autoencoder,1752,0.05774
1,tflite_autoencoder,1753,0.056648
1,tflite_autoencoder,1754,0.0565
1,tflite_autoencoder,1755,0.058111
1,tflite_autoencoder,1756,0.056778
1,tflite_autoencoder,1757,0.056759
1,tflite_autoencoder,1758,0.056426
1,tflite_autoencoder,1759,0.056981
1,tflite_autoencoder,1760,0.056629
1,tflite_autoencoder,1761,0.057555
1,tflite_autoencoder,1762,0.05663
1,tflite_autoencoder,1763,0.056389
1,tflite_autoencoder,1764,0.056574
1,tflite_autoencoder,1765,0.056815
1,tflite_autoencoder,1766,0.074593
1,tflite_autoencoder,1767,0.063426
1,tflite_autoencoder,1768,0.058556
1,tflite_autoencoder,1769,0.057518
1,tflite_autoencoder,1770,0.058389
1,tflite_autoencoder,1771,0.057834
1,tflite_autoencoder,1772,0.056778
1,tflite_autoencoder,1773,0.056593
1,tflite_autoencoder,1774,0.056482
1,tflite_autoencoder,1775,0.056333
1,tflite_autoencoder,1776,0.056444
1,tflite_autoencoder,1777,0.056704
1,tflite_autoencoder,1778,0.056981
1,tflite_autoencoder,1779,0.056611
1,tflite_autoencoder,1780,0.057093
1,tflite_autoencoder,1781,0.057296
1,tflite_autoencoder,1782,0.057648
1,tflite_autoencoder,1783,0.057352
1,tflite_autoencoder,1784,0.056704
1,tflite_autoencoder,1785,0.056259
1,tflite_autoencoder,1786,0.056592
1,tflite_autoencoder,1787,0.056667
1,tflite_autoencoder,1788,0.056778
1,tflite_autoencoder,1789,0.056759
1,tflite_autoencoder,1790,0.0575
1,tflite_autoencoder,1791,0.057018
1,tflite_autoencoder,1792,0.056611
1,tflite_autoencoder,1793,0.056537
1,tflite_autoencoder,1794,0.057019
1,tflite_autoencoder,1795,0.056703
1,tflite_autoencoder,1796,0.056444
1,tflite_autoencoder,1797,0.057222
1,tflite_autoencoder,1798,0.056666
1,tflite_autoencoder,1799,0.056593
1,tflite_autoencoder,1800,0.057204
1,tflite_autoencoder,1801,0.057407
1,tflite_autoencoder,1802,0.057167
1,tflite_autoencoder,1803,0.05674
1,tflite_autoencoder,1804,0.058055
1,tflite_autoencoder,1805,0.057703
2,rms,1,0.03224
2,rms,2,0.031982
2,rms,3,0.032425
2,rms,4,0.032056
2,rms,5,0.032
2,rms,6,0.033037
2,rms,7,0.032
2,rms,8,0.031945
2,rms,9,0.032185
2,rms,10,0.032352
2,rms,11,0.032499
2,rms,12,0.03263
2,rms,13,0.032371
2,rms,14,0.032537
2,rms,15,0.032519
2,rms,16,0.032685
2,rms,17,0.032408
2,rms,18,0.032555
2,rms,19,0.032444
2,rms,20,0.032241
2,rms,21,0.033111
2,rms,22,0.033278
2,rms,23,0.032445
2,rms,24,0.038574
2,rms,25,0.035389
2,rms,26,0.033963
2,rms,27,0.03313
2,rms,28,0.03324
2,rms,29,0.032499
2,rms,30,0.032667
2,rms,31,0.03237
2,rms,32,0.032315
2,rms,33,0.032166
2,rms,34,0.032111
2,rms,35,0.032426
2,rms,36,0.032704
2,rms,37,0.032407
2,rms,38,0.032445
2,rms,39,0.032388
2,rms,40,0.032333
2,rms,41,0.032148
2,rms,42,0.032167
2,rms,43,0.032222
2,rms,44,0.032482
2,rms,45,0.032037
2,rms,46,0.032611
2,rms,47,0.032259
2,rms,48,0.032592
2,rms,49,0.032241
2,rms,50,0.032389
2,rms,51,0.032185
2,rms,52,0.032519
2,rms,53,0.032426
2,rms,54,0.032685
2,rms,55,0.032111
2,rms,56,0.032333
2,rms,57,0.033
2,rms,58,0.032315
2,rms,59,0.032222
2,rms,60,0.032296
2,rms,61,0.032296
2,rms,62,0.032296
2,rms,63,0.032482
2,rms,64,0.032481
2,rms,65,0.032241
2,rms,66,0.032111
2,rms,67,0.032166
2,rms,68,0.032019
2,rms,69,0.032352
2,rms,70,0.032204
2,rms,71,0.032278
2,rms,72,0.032241
2,rms,73,0.03237
2,rms,74,0.03224
2,rms,75,0.032333
2,rms,76,0.032407
2,rms,77,0.032352
2,rms,78,0.03213
2,rms,79,0.03226
2,rms,80,0.032408
2,rms,81,0.032166
2,rms,82,0.032686
2,rms,83,0.032203
2,rms,84,0.032592
2,rms,85,0.032315
2,rms,86,0.032778
2,rms,87,0.0325
2,rms,88,0.032425
2,rms,89,0.032426
2,rms,90,0.032371
2,rms,91,0.031945
2,rms,92,0.032185
2,rms,93,0.032204
2,rms,94,0.032315
2,rms,95,0.032481
2,rms,96,0.032296
2,rms,97,0.032111
2,rms,98,0.032223
2,rms,99,0.032019
2,rms,100,0.032444
2,rms,101,0.032537
2,rms,102,0.032111
2,rms,103,0.032352
2,rms,104,0.032019
2,rms,105,0.032278
2,rms,106,0.032389
2,rms,107,0.032722
2,rms,108,0.032037
2,rms,109,0.03237
2,rms,110,0.032537
2,rms,111,0.032371
2,rms,112,0.032352
2,rms,113,0.032407
2,rms,114,0.032223
2,rms,115,0.032222
2,rms,116,0.032037
2,rms,117,0.032389
2,rms,118,0.032592
2,rms,119,0.032388
2,rms,120,0.032371
2,rms,121,0.032315
2,rms,122,0.032204
2,rms,123,0.032703
2,rms,124,0.032612
2,rms,125,0.03224
2,rms,126,0.03213
2,rms,127,0.032462
2,rms,128,0.03237
2,rms,129,0.032482
2,rms,130,0.032408
2,rms,131,0.032463
2,rms,132,0.032129
2,rms,133,0.032241
2,rms,134,0.032704
2,rms,135,0.032315
2,rms,136,0.032167
2,rms,137,0.032667
2,rms,138,0.031889
2,rms,139,0.032463
2,rms,140,0.032296
2,rms,141,0.03237
2,rms,142,0.032389
2,rms,143,0.032204
2,rms,144,0.032222
2,rms,145,0.038241
2,rms,146,0.032981
2,rms,147,0.032704
2,rms,148,0.032129
2,rms,149,0.03226
2,rms,150,0.032129
2,rms,151,0.032407
2,rms,152,0.032482
2,rms,153,0.032
2,rms,154,0.032499
2,rms,155,0.032685
2,rms,156,0.032314
2,rms,157,0.032445
2,rms,158,0.032166
2,rms,159,0.0325
2,rms,160,0.032407
2,rms,161,0.032555
2,rms,162,0.032222
2,rms,163,0.032315
2,rms,164,0.03237
2,rms,165,0.032352
2,rms,166,0.032185
2,rms,167,0.032018
2,rms,168,0.032278
2,rms,169,0.032092
2,rms,170,0.032444
2,rms,171,0.032278
2,rms,172,0.03237
2,rms,173,0.032204
2,rms,174,0.032518
2,rms,175,0.032555
2,rms,176,0.031963
2,rms,177,0.032296
2,rms,178,0.032518
2,rms,179,0.032759
2,rms,180,0.032296
2,rms,181,0.032222
2,rms,182,0.032371
2,rms,183,0.032463
2,rms,184,0.032
2,rms,185,0.032
2,rms,186,0.031963
2,rms,187,0.032388
2,rms,188,0.032537
2,rms,189,0.032667
2,rms,190,0.032037
2,rms,191,0.032592
2,rms,192,0.03213
2,rms,193,0.032592
2,rms,194,0.032019
2,rms,195,0.032
2,rms,196,0.032056
2,rms,197,0.032148
2,rms,198,0.032037
2,rms,199,0.03213
2,rms,200,0.032315
2,rms,201,0.032482
2,rms,202,0.032333
2,rms,203,0.032445
2,rms,204,0.032074
2,rms,205,0.031963
2,rms,206,0.032611
2,rms,207,0.032222
2,rms,208,0.032352
2,rms,209,0.03224
2,rms,210,0.032315
2,rms,211,0.032296
2,rms,212,0.032426
2,rms,213,0.032167
2,rms,214,0.032426
2,rms,215,0.032352
2,rms,216,0.032481
2,rms,217,0.032518
2,rms,218,0.032074
2,rms,219,0.032333
2,rms,220,0.0325
2,rms,221,0.0325
2,rms,222,0.03237
2,rms,223,0.032408
2,rms,224,0.032092
2,rms,225,0.032408
2,rms,226,0.032537
2,rms,227,0.032074
2,rms,228,0.032185
2,rms,229,0.031981
2,rms,230,0.032259
2,rms,231,0.032093
2,rms,232,0.032722
2,rms,233,0.032315
2,rms,234,0.032574
2,rms,235,0.033241
2,rms,236,0.032463
2,rms,237,0.032408
2,rms,238,0.03226
2,rms,239,0.032296
2,rms,240,0.032241
2,rms,241,0.032204
2,rms,242,0.032037
2,rms,243,0.032314
2,rms,244,0.031963
2,rms,245,0.032222
2,rms,246,0.032593
2,rms,247,0.032963
2,rms,248,0.032241
2,rms,249,0.032388
2,rms,250,0.032129
2,rms,251,0.032204
2,rms,252,0.032296
2,rms,253,0.032074
2,rms,254,0.031944
2,rms,255,0.032593
2,rms,256,0.032241
2,rms,257,0.031963
2,rms,258,0.031999
2,rms,259,0.032148
2,rms,260,0.03237
2,rms,261,0.032463
2,rms,262,0.032333
2,rms,263,0.032074
2,rms,264,0.032241
2,rms,265,0.032278
2,rms,266,0.038704
2,rms,267,0.032759
2,rms,268,0.032278
2,rms,269,0.032112
2,rms,270,0.032445
2,rms,271,0.032426
2,rms,272,0.032166
2,rms,273,0.032186
2,rms,274,0.031981
2,rms,275,0.032333
2,rms,276,0.032315
2,rms,277,0.032445
2,rms,278,0.032167
2,rms,279,0.032185
2,rms,280,0.032018
2,rms,281,0.032722
2,rms,282,0.032241
2,rms,283,0.032278
2,rms,284,0.032259
2,rms,285,0.0325
2,rms,286,0.032648
2,rms,287,0.032296
2,rms,288,0.032444
2,rms,289,0.032223
2,rms,290,0.032018
2,rms,291,0.032351
2,rms,292,0.032278
2,rms,293,0.032148
2,rms,294,0.031889
2,rms,295,0.032426
2,rms,296,0.031889
2,rms,297,0.031981
2,rms,298,0.031945
2,rms,299,0.032481
2,rms,300,0.031741
2,rms,301,0.032111
2,rms,302,0.032259
2,rms,303,0.032055
2,rms,304,0.03226
2,rms,305,0.032
2,rms,306,0.032278
2,rms,307,0.032462
2,rms,308,0.032203
2,rms,309,0.032222
2,rms,310,0.032222
2,rms,311,0.032296
2,rms,312,0.032259
2,rms,313,0.032389
2,rms,314,0.032426
2,rms,315,0.032092
2,rms,316,0.032037
2,rms,317,0.032222
2,rms,318,0.032519
2,rms,319,0.031908
2,rms,320,0.031981
2,rms,321,0.032074
2,rms,322,0.031907
2,rms,323,0.031907
2,rms,324,0.031815
2,rms,325,0.032037
2,rms,326,0.032093
2,rms,327,0.032334
2,rms,328,0.03213
2,rms,329,0.032259
2,rms,330,0.031852
2,rms,331,0.032259
2,rms,332,0.032389
2,rms,333,0.032408
2,rms,334,0.03187
2,rms,335,0.032185
2,rms,336,0.03226
2,rms,337,0.032537
2,rms,338,0.031833
2,rms,339,0.032315
2,rms,340,0.032222
2,rms,341,0.032129
2,rms,342,0.03224
2,rms,343,0.032167
2,rms,344,0.032278
2,rms,345,0.032018
2,rms,346,0.032222
2,rms,347,0.032111
2,rms,348,0.032241
2,rms,349,0.032389
2,rms,350,0.032926
2,rms,351,0.032241
2,rms,352,0.031797
2,rms,353,0.03213
2,rms,354,0.032389
2,rms,355,0.032482
2,rms,356,0.032074
2,rms,357,0.031963
2,rms,358,0.032203
2,rms,359,0.03226
2,rms,360,0.032463
2,rms,361,0.032018
2,rms,362,0.03224
2,rms,363,0.032444
2,rms,364,0.032722
2,rms,365,0.032555
2,rms,366,0.032463
2,rms,367,0.032093
2,rms,368,0.032407
2,rms,369,0.03213
2,rms,370,0.031833
2,rms,371,0.032185
2,rms,372,0.032185
2,rms,373,0.03274
2,rms,374,0.032241
2,rms,375,0.032074
2,rms,376,0.032148
2,rms,377,0.032519
2,rms,378,0.032463
2,rms,379,0.032334
2,rms,380,0.031981
2,rms,381,0.03237
2,rms,382,0.032203
2,rms,383,0.032278
2,rms,384,0.032111
2,rms,385,0.032259
2,rms,386,0.037334
2,rms,387,0.03424
2,rms,388,0.032408
2,rms,389,0.032111
2,rms,390,0.032241
2,rms,391,0.032314
2,rms,392,0.032111
2,rms,393,0.032649
2,rms,394,0.032
2,rms,395,0.032426
2,rms,396,0.032537
2,rms,397,0.032148
2,rms,398,0.031778
2,rms,399,0.032389
2,rms,400,0.032315
2,rms,401,0.032222
2,rms,402,0.032556
2,rms,403,0.031981
2,rms,404,0.032278
2,rms,405,0.032277
2,rms,406,0.032463
2,rms,407,0.032222
2,rms,408,0.032186
2,rms,409,0.032352
2,rms,410,0.032352
2,rms,411,0.032685
2,rms,412,0.031814
2,rms,413,0.0325
2,rms,414,0.032241
2,rms,415,0.032166
2,rms,416,0.032389
2,rms,417,0.032
2,rms,418,0.032203
2,rms,419,0.03237
2,rms,420,0.032204
2,rms,421,0.031926
2,rms,422,0.032408
2,rms,423,0.032241
2,rms,424,0.032408
2,rms,425,0.03237
2,rms,426,0.032315
2,rms,427,0.032092
2,rms,428,0.032389
2,rms,429,0.032185
2,rms,430,0.032389
2,rms,431,0.032148
2,rms,432,0.032
2,rms,433,0.032371
2,rms,434,0.032278
2,rms,435,0.032203
2,rms,436,0.033241
2,rms,437,0.032981
2,rms,438,0.032445
2,rms,439,0.032425
2,rms,440,0.03224
2,rms,441,0.03213
2,rms,442,0.031944
2,rms,443,0.033093
2,rms,444,0.031981
2,rms,445,0.031907
2,rms,446,0.032351
2,rms,447,0.032777
2,rms,448,0.032055
2,rms,449,0.032592
2,rms,450,0.032111
2,rms,451,0.03187
2,rms,452,0.032
2,rms,453,0.032018
2,rms,454,0.031982
2,rms,455,0.032259
2,rms,456,0.032297
2,rms,457,0.032185
2,rms,458,0.032277
2,rms,459,0.032297
2,rms,460,0.032185
2,rms,461,0.032204
2,rms,462,0.032481
2,rms,463,0.03213
2,rms,464,0.032056
2,rms,465,0.032334
2,rms,466,0.032462
2,rms,467,0.032444
2,rms,468,0.031926
2,rms,469,0.031907
2,rms,470,0.031982
2,rms,471,0.032666
2,rms,472,0.031944
2,rms,473,0.03213
2,rms,474,0.03213
2,rms,475,0.032334
2,rms,476,0.032167
2,rms,477,0.032315
2,rms,478,0.03287
2,rms,479,0.032166
2,rms,480,0.032018
2,rms,481,0.032277
2,rms,482,0.032222
2,rms,483,0.032018
2,rms,484,0.032092
2,rms,485,0.032111
2,rms,486,0.031888
2,rms,487,0.031945
2,rms,488,0.031889
2,rms,489,0.032037
2,rms,490,0.032241
2,rms,491,0.03237
2,rms,492,0.032204
2,rms,493,0.032334
2,rms,494,0.032371
2,rms,495,0.032296
2,rms,496,0.032222
2,rms,497,0.032278
2,rms,498,0.032537
2,rms,499,0.032129
2,rms,500,0.032241
2,rms,501,0.032185
2,rms,502,0.032037
2,rms,503,0.032074
2,rms,504,0.032389
2,rms,505,0.032
2,rms,506,0.032426
2,rms,507,0.037648
2,rms,508,0.032592
2,rms,509,0.032314
2,rms,510,0.032167
2,rms,511,0.032074
2,rms,512,0.032296
2,rms,513,0.032315
2,rms,514,0.032204
2,rms,515,0.032408
2,rms,516,0.032185
2,rms,517,0.032296
2,rms,518,0.032352
2,rms,519,0.032352
2,rms,520,0.032426
2,rms,521,0.032148
2,rms,522,0.032037
2,rms,523,0.032259
2,rms,524,0.031944
2,rms,525,0.032278
2,rms,526,0.032093
2,rms,527,0.032334
2,rms,528,0.032259
2,rms,529,0.032389
2,rms,530,0.032315
2,rms,531,0.032037
2,rms,532,0.032037
2,rms,533,0.032389
2,rms,534,0.032222
2,rms,535,0.0325
2,rms,536,0.031963
2,rms,537,0.032223
2,rms,538,0.032408
2,rms,539,0.032444
2,rms,540,0.032333
2,rms,541,0.032296
2,rms,542,0.032185
2,rms,543,0.032463
2,rms,544,0.032315
2,rms,545,0.032333
2,rms,546,0.032611
2,rms,547,0.03237
2,rms,548,0.032296
2,rms,549,0.032167
2,rms,550,0.03237
2,rms,551,0.032166
2,rms,552,0.032148
2,rms,553,0.032185
2,rms,554,0.031908
2,rms,555,0.031963
2,rms,556,0.032111
2,rms,557,0.032685
2,rms,558,0.032148
2,rms,559,0.03187
2,rms,560,0.032185
2,rms,561,0.032167
2,rms,562,0.032537
2,rms,563,0.032463
2,rms,564,0.0325
2,rms,565,0.032203
2,rms,566,0.032278
2,rms,567,0.032388
2,rms,568,0.032259
2,rms,569,0.032315
2,rms,570,0.032055
2,rms,571,0.032259
2,rms,572,0.032278
2,rms,573,0.032241
2,rms,574,0.032056
2,rms,575,0.032055
2,rms,576,0.032019
2,rms,577,0.032592
2,rms,578,0.031797
2,rms,579,0.031852
2,rms,580,0.032519
2,rms,581,0.032204
2,rms,582,0.032518
2,rms,583,0.032351
2,rms,584,0.032055
2,rms,585,0.032259
2,rms,586,0.03187
2,rms,587,0.03263
2,rms,588,0.032241
2,rms,589,0.032315
2,rms,590,0.032037
2,rms,591,0.032297
2,rms,592,0.032333
2,rms,593,0.032333
2,rms,594,0.032296
2,rms,595,0.032703
2,rms,596,0.032149
2,rms,597,0.0325
2,rms,598,0.032203
2,rms,599,0.03213
2,rms,600,0.032519
2,rms,601,0.032241
2,rms,602,0.031796
2,rms,603,0.032074
2,rms,604,0.032241
2,rms,605,0.032481
2,rms,606,0.032259
2,rms,607,0.032111
2,rms,608,0.031963
2,rms,609,0.032278
2,rms,610,0.032388
2,rms,611,0.032037
2,rms,612,0.031796
2,rms,613,0.032259
2,rms,614,0.03263
2,rms,615,0.032204
2,rms,616,0.032296
2,rms,617,0.032166
2,rms,618,0.032519
2,rms,619,0.032148
2,rms,620,0.032389
2,rms,621,0.032222
2,rms,622,0.032537
2,rms,623,0.03213
2,rms,624,0.032185
2,rms,625,0.032018
2,rms,626,0.032055
2,rms,627,0.041389
2,rms,628,0.033759
2,rms,629,0.033667
2,rms,630,0.032778
2,rms,631,0.032111
2,rms,632,0.032556
2,rms,633,0.032407
2,rms,634,0.032296
2,rms,635,0.032241
2,rms,636,0.032277
2,rms,637,0.032056
2,rms,638,0.0325
2,rms,639,0.032037
2,rms,640,0.032092
2,rms,641,0.032426
2,rms,642,0.032037
2,rms,643,0.03237
2,rms,644,0.032277
2,rms,645,0.032463
2,rms,646,0.032148
2,rms,647,0.032185
2,rms,648,0.032445
2,rms,649,0.032093
2,rms,650,0.032388
2,rms,651,0.032315
2,rms,652,0.032796
2,rms,653,0.03224
2,rms,654,0.032148
2,rms,655,0.032333
2,rms,656,0.032
2,rms,657,0.032223
2,rms,658,0.032018
2,rms,659,0.032166
2,rms,660,0.032408
2,rms,661,0.0325
2,rms,662,0.032556
2,rms,663,0.032518
2,rms,664,0.032408
2,rms,665,0.031871
2,rms,666,0.032203
2,rms,667,0.032389
2,rms,668,0.032519
2,rms,669,0.032148
2,rms,670,0.032463
2,rms,671,0.032204
2,rms,672,0.032426
2,rms,673,0.032018
2,rms,674,0.032388
2,rms,675,0.032722
2,rms,676,0.031963
2,rms,677,0.032314
2,rms,678,0.032203
2,rms,679,0.032
2,rms,680,0.032297
2,rms,681,0.032278
2,rms,682,0.032296
2,rms,683,0.032297
2,rms,684,0.032296
2,rms,685,0.032537
2,rms,686,0.03226
2,rms,687,0.031963
2,rms,688,0.032352
2,rms,689,0.032537
2,rms,690,0.032222
2,rms,691,0.032519
2,rms,692,0.032241
2,rms,693,0.032556
2,rms,694,0.032833
2,rms,695,0.032186
2,rms,696,0.032555
2,rms,697,0.032074
2,rms,698,0.032556
2,rms,699,0.032203
2,rms,700,0.032352
2,rms,701,0.031963
2,rms,702,0.032741
2,rms,703,0.032167
2,rms,704,0.032315
2,rms,705,0.032093
2,rms,706,0.032593
2,rms,707,0.032093
2,rms,708,0.032204
2,rms,709,0.032093
2,rms,710,0.032574
2,rms,711,0.032185
2,rms,712,0.032463
2,rms,713,0.032111
2,rms,714,0.032018
2,rms,715,0.032315
2,rms,716,0.031963
2,rms,717,0.032334
2,rms,718,0.031889
2,rms,719,0.031944
2,rms,720,0.032315
2,rms,721,0.03237
2,rms,722,0.032297
2,rms,723,0.032055
2,rms,724,0.032241
2,rms,725,0.032093
2,rms,726,0.032555
2,rms,727,0.032259
2,rms,728,0.032166
2,rms,729,0.032056
2,rms,730,0.032445
2,rms,731,0.032167
2,rms,732,0.032148
2,rms,733,0.032259
2,rms,734,0.032241
2,rms,735,0.03187
2,rms,736,0.032425
2,rms,737,0.032037
2,rms,738,0.032222
2,rms,739,0.032444
2,rms,740,0.032592
2,rms,741,0.032296
2,rms,742,0.032093
2,rms,743,0.032185
2,rms,744,0.032278
2,rms,745,0.032445
2,rms,746,0.032037
2,rms,747,0.032074
2,rms,748,0.038074
2,rms,749,0.032796
2,rms,750,0.032722
2,rms,751,0.03237
2,rms,752,0.032166
2,rms,753,0.032278
2,rms,754,0.032278
2,rms,755,0.032129
2,rms,756,0.032074
2,rms,757,0.03237
2,rms,758,0.032222
2,rms,759,0.032519
2,rms,761,0.032296
2,rms,762,0.032204
2,rms,763,0.032315
2,rms,764,0.031945
2,rms,765,0.032667
2,rms,766,0.032277
2,rms,767,0.032093
2,rms,768,0.031833
2,rms,769,0.032074
2,rms,770,0.032185
2,rms,771,0.032222
2,rms,772,0.032371
2,rms,773,0.032241
2,rms,774,0.03237
2,rms,775,0.032074
2,rms,776,0.03213
2,rms,777,0.032333
2,rms,778,0.032408
2,rms,779,0.031944
2,rms,780,0.032389
2,rms,781,0.032352
2,rms,782,0.032463
2,rms,783,0.032296
2,rms,784,0.032519
2,rms,785,0.032223
2,rms,786,0.032296
2,rms,787,0.032055
2,rms,788,0.032482
2,rms,789,0.032333
2,rms,790,0.03263
2,rms,791,0.032093
2,rms,792,0.032148
2,rms,793,0.032148
2,rms,794,0.032148
2,rms,795,0.032185
2,rms,796,0.032222
2,rms,797,0.032407
2,rms,798,0.03237
2,rms,799,0.032074
2,rms,800,0.032222
2,rms,801,0.032537
2,rms,802,0.032223
2,rms,803,0.032037
2,rms,804,0.032241
2,rms,805,0.032296
2,rms,806,0.032204
2,rms,807,0.032352
2,rms,808,0.032111
2,rms,809,0.032018
2,rms,810,0.032334
2,rms,811,0.03226
2,rms,812,0.032222
2,rms,813,0.032296
2,rms,814,0.032037
2,rms,815,0.032315
2,rms,816,0.032425
2,rms,817,0.032166
2,rms,818,0.032426
2,rms,819,0.032111
2,rms,820,0.032556
2,rms,821,0.032315
2,rms,822,0.031907
2,rms,823,0.032148
2,rms,824,0.032481
2,rms,825,0.032241
2,rms,826,0.032111
2,rms,827,0.032296
2,rms,828,0.031963
2,rms,829,0.032407
2,rms,830,0.032
2,rms,831,0.031982
2,rms,832,0.032074
2,rms,833,0.031926
2,rms,834,0.032093
2,rms,835,0.032148
2,rms,836,0.032389
2,rms,837,0.032
2,rms,838,0.032574
2,rms,839,0.032148
2,rms,840,0.031908
2,rms,841,0.032315
2,rms,842,0.032166
2,rms,843,0.032555
2,rms,844,0.031907
2,rms,845,0.032314
2,rms,846,0.032296
2,rms,847,0.032333
2,rms,848,0.032129
2,rms,849,0.032166
2,rms,850,0.032278
2,rms,851,0.031888
2,rms,852,0.032019
2,rms,853,0.032815
2,rms,854,0.032314
2,rms,855,0.03187
2,rms,856,0.031963
2,rms,857,0.032055
2,rms,858,0.032093
2,rms,859,0.031963
2,rms,860,0.03187
2,rms,861,0.032204
2,rms,862,0.032166
2,rms,863,0.032389
2,rms,864,0.031981
2,rms,865,0.033333
2,rms,866,0.032611
2,rms,867,0.032667
2,rms,868,0.031889
2,rms,869,0.036833
2,rms,870,0.033222
2,rms,871,0.032741
2,rms,872,0.032389
2,rms,873,0.032204
2,rms,874,0.03226
2,rms,875,0.033093
2,rms,876,0.032241
2,rms,877,0.032555
2,rms,878,0.033167
2,rms,879,0.03237
2,rms,880,0.032074
2,rms,881,0.031963
2,rms,882,0.032
2,rms,883,0.03224
2,rms,884,0.031851
2,rms,885,0.032352
2,rms,886,0.032037
2,rms,887,0.032185
2,rms,888,0.032111
2,rms,889,0.032481
2,rms,890,0.032056
2,rms,891,0.031963
2,rms,892,0.031889
2,rms,893,0.032296
2,rms,894,0.032167
2,rms,895,0.032148
2,rms,896,0.032223
2,rms,897,0.032334
2,rms,898,0.031963
2,rms,899,0.032796
2,rms,900,0.032222
2,rms,901,0.032166
2,rms,902,0.032481
2,rms,903,0.032056
2,rms,904,0.034481
2,rms,905,0.032407
2,rms,906,0.032407
2,rms,907,0.032555
2,rms,908,0.032315
2,rms,909,0.03213
2,rms,910,0.032444
2,rms,911,0.03226
2,rms,912,0.032611
2,rms,913,0.03237
2,rms,914,0.032185
2,rms,915,0.032222
2,rms,916,0.032241
2,rms,917,0.032037
2,rms,918,0.032166
2,rms,919,0.031944
2,rms,920,0.032537
2,rms,921,0.032
2,rms,922,0.032315
2,rms,923,0.032185
2,rms,924,0.032
2,rms,925,0.03213
2,rms,926,0.032445
2,rms,927,0.032278
2,rms,928,0.032278
2,rms,929,0.031981
2,rms,930,0.031889
2,rms,931,0.032204
2,rms,932,0.032296
2,rms,933,0.031963
2,rms,934,0.032259
2,rms,935,0.032315
2,rms,936,0.032315
2,rms,937,0.032277
2,rms,938,0.032167
2,rms,939,0.032278
2,rms,940,0.032352
2,rms,941,0.032166
2,rms,942,0.032167
2,rms,943,0.032388
2,rms,944,0.032074
2,rms,945,0.032241
2,rms,946,0.032241
2,rms,947,0.032296
2,rms,948,0.032315
2,rms,949,0.032574
2,rms,950,0.032352
2,rms,951,0.032222
2,rms,952,0.032426
2,rms,953,0.032259
2,rms,954,0.033426
2,rms,955,0.032167
2,rms,956,0.031759
2,rms,957,0.032259
2,rms,958,0.031982
2,rms,959,0.03187
2,rms,960,0.031926
2,rms,961,0.032037
2,rms,962,0.032277
2,rms,963,0.032278
2,rms,964,0.032407
2,rms,965,0.032037
2,rms,966,0.032074
2,rms,967,0.032093
2,rms,968,0.032592
2,rms,969,0.032278
2,rms,970,0.032148
2,rms,971,0.032278
2,rms,972,0.032574
2,rms,973,0.032
2,rms,974,0.032259
2,rms,975,0.032222
2,rms,976,0.03237
2,rms,977,0.03224
2,rms,978,0.032371
2,rms,979,0.032112
2,rms,980,0.032037
2,rms,981,0.032185
2,rms,982,0.032722
2,rms,983,0.031815
2,rms,984,0.032278
2,rms,985,0.032018
2,rms,986,0.032703
2,rms,987,0.032185
2,rms,988,0.032778
2,rms,989,0.033018
2,rms,990,0.037593
2,rms,991,0.032963
2,rms,992,0.032
2,rms,993,0.032278
2,rms,994,0.032259
2,rms,995,0.032259
2,rms,996,0.032315
2,rms,997,0.032
2,rms,998,0.032055
2,rms,999,0.032314
2,rms,1000,0.032297
2,rms,1001,0.032278
2,rms,1002,0.032018
2,rms,1003,0.032407
2,rms,1004,0.032463
2,rms,1005,0.032611
2,rms,1006,0.032426
2,rms,1007,0.031945
2,rms,1008,0.032037
2,rms,1009,0.032259
2,rms,1010,0.032036
2,rms,1011,0.032167
2,rms,1012,0.032185
2,rms,1013,0.032185
2,rms,1014,0.032333
2,rms,1015,0.032389
2,rms,1016,0.032
2,rms,1017,0.032315
2,rms,1018,0.031945
2,rms,1019,0.031889
2,rms,1020,0.031851
2,rms,1021,0.031963
2,rms,1022,0.031999
2,rms,1023,0.031925
2,rms,1024,0.032611
2,rms,1025,0.032278
2,rms,1026,0.031907
2,rms,1027,0.032334
2,rms,1028,0.032611
2,rms,1029,0.032222
2,rms,1030,0.031982
2,rms,1031,0.032315
2,rms,1032,0.03187
2,rms,1033,0.032315
2,rms,1034,0.032092
2,rms,1035,0.032426
2,rms,1036,0.032296
2,rms,1037,0.032408
2,rms,1038,0.0325
2,rms,1039,0.032148
2,rms,1040,0.032129
2,rms,1041,0.032555
2,rms,1042,0.032203
2,rms,1043,0.032278
2,rms,1044,0.031796
2,rms,1045,0.032204
2,rms,1046,0.032352
2,rms,1047,0.03237
2,rms,1048,0.032093
2,rms,1049,0.031908
2,rms,1050,0.032611
2,rms,1051,0.03213
2,rms,1052,0.03226
2,rms,1053,0.032204
2,rms,1054,0.032296
2,rms,1055,0.032148
2,rms,1056,0.032204
2,rms,1057,0.032203
2,rms,1058,0.031963
2,rms,1059,0.032444
2,rms,1060,0.032204
2,rms,1061,0.032315
2,rms,1062,0.032167
2,rms,1063,0.032259
2,rms,1064,0.031944
2,rms,1065,0.032166
2,rms,1066,0.032278
2,rms,1067,0.032149
2,rms,1068,0.031926
2,rms,1069,0.032129
2,rms,1070,0.032482
2,rms,1071,0.031926
2,rms,1072,0.032204
2,rms,1073,0.0325
2,rms,1074,0.032537
2,rms,1075,0.032518
2,rms,1076,0.032056
2,rms,1077,0.032334
2,rms,1078,0.031926
2,rms,1079,0.031833
2,rms,1080,0.031963
2,rms,1081,0.032277
2,rms,1082,0.032259
2,rms,1083,0.031981
2,rms,1084,0.031686
2,rms,1085,0.031926
2,rms,1086,0.031759
2,rms,1087,0.031852
2,rms,1088,0.031963
2,rms,1089,0.032259
2,rms,1090,0.032222
2,rms,1091,0.032185
2,rms,1092,0.032278
2,rms,1093,0.032352
2,rms,1094,0.032037
2,rms,1095,0.032037
2,rms,1096,0.032222
2,rms,1097,0.032518
2,rms,1098,0.032259
2,rms,1099,0.032092
2,rms,1100,0.03213
2,rms,1101,0.03213
2,rms,1102,0.032296
2,rms,1103,0.032092
2,rms,1104,0.032018
2,rms,1105,0.032389
2,rms,1106,0.032314
2,rms,1107,0.031963
2,rms,1108,0.032055
2,rms,1109,0.032278
2,rms,1110,0.032149
2,rms,1111,0.034611
2,rms,1112,0.032759
2,rms,1113,0.03224
2,rms,1114,0.032148
2,rms,1115,0.032055
2,rms,1116,0.032278
2,rms,1117,0.032315
2,rms,1118,0.032037
2,rms,1119,0.03237
2,rms,1120,0.032018
2,rms,1121,0.032408
2,rms,1122,0.032203
2,rms,1123,0.032222
2,rms,1124,0.032241
2,rms,1125,0.03187
2,rms,1126,0.03263
2,rms,1127,0.032278
2,rms,1128,0.032111
2,rms,1129,0.031981
2,rms,1130,0.032463
2,rms,1131,0.032333
2,rms,1132,0.032111
2,rms,1133,0.03237
2,rms,1134,0.032445
2,rms,1135,0.032259
2,rms,1136,0.032055
2,rms,1137,0.031963
2,rms,1138,0.032352
2,rms,1139,0.032222
2,rms,1140,0.032223
2,rms,1141,0.032148
2,rms,1142,0.032352
2,rms,1143,0.032296
2,rms,1144,0.031907
2,rms,1145,0.032389
2,rms,1146,0.031945
2,rms,1147,0.032167
2,rms,1148,0.03226
2,rms,1149,0.032666
2,rms,1150,0.032408
2,rms,1151,0.031888
2,rms,1152,0.033537
2,rms,1153,0.031963
2,rms,1154,0.032111
2,rms,1155,0.031981
2,rms,1156,0.031981
2,rms,1157,0.032352
2,rms,1158,0.032333
2,rms,1159,0.032222
2,rms,1160,0.032074
2,rms,1161,0.032222
2,rms,1162,0.032555
2,rms,1163,0.032371
2,rms,1164,0.032166
2,rms,1165,0.032241
2,rms,1166,0.032203
2,rms,1167,0.031963
2,rms,1168,0.032167
2,rms,1169,0.032462
2,rms,1170,0.032426
2,rms,1171,0.032315
2,rms,1172,0.032278
2,rms,1173,0.031982
2,rms,1174,0.032334
2,rms,1175,0.032389
2,rms,1176,0.032481
2,rms,1177,0.032481
2,rms,1178,0.032666
2,rms,1179,0.031926
2,rms,1180,0.031963
2,rms,1181,0.032148
2,rms,1182,0.032426
2,rms,1183,0.031834
2,rms,1184,0.031889
2,rms,1185,0.031852
2,rms,1186,0.032166
2,rms,1187,0.032
2,rms,1188,0.032018
2,rms,1189,0.03226
2,rms,1190,0.032352
2,rms,1191,0.032407
2,rms,1192,0.032111
2,rms,1193,0.032222
2,rms,1194,0.032019
2,rms,1195,0.032351
2,rms,1196,0.032204
2,rms,1197,0.032111
2,rms,1198,0.032334
2,rms,1199,0.032185
2,rms,1200,0.032
2,rms,1201,0.032259
2,rms,1202,0.032407
2,rms,1203,0.032352
2,rms,1204,0.032259
2,rms,1205,0.032537
2,rms,1206,0.032241
2,rms,1207,0.032556
2,rms,1208,0.031945
2,rms,1209,0.032185
2,rms,1210,0.032092
2,rms,1211,0.032
2,rms,1212,0.031907
2,rms,1213,0.032537
2,rms,1214,0.031889
2,rms,1215,0.032111
2,rms,1216,0.031908
2,rms,1217,0.032315
2,rms,1218,0.03187
2,rms,1219,0.032389
2,rms,1220,0.031889
2,rms,1221,0.032018
2,rms,1222,0.032296
2,rms,1223,0.0325
2,rms,1224,0.032018
2,rms,1225,0.032278
2,rms,1226,0.032351
2,rms,1227,0.031999
2,rms,1228,0.032148
2,rms,1229,0.032297
2,rms,1230,0.032333
2,rms,1231,0.038537
2,rms,1232,0.033278
2,rms,1233,0.032166
2,rms,1234,0.032055
2,rms,1235,0.032278
2,rms,1236,0.032148
2,rms,1237,0.03226
2,rms,1238,0.032296
2,rms,1239,0.032056
2,rms,1240,0.031889
2,rms,1241,0.031944
2,rms,1242,0.032259
2,rms,1243,0.031871
2,rms,1244,0.031981
2,rms,1245,0.032055
2,rms,1246,0.032111
2,rms,1247,0.032315
2,rms,1248,0.032185
2,rms,1249,0.032222
2,rms,1250,0.032093
2,rms,1251,0.032426
2,rms,1252,0.032037
2,rms,1253,0.032223
2,rms,1254,0.03237
2,rms,1255,0.032185
2,rms,1256,0.032166
2,rms,1257,0.032185
2,rms,1258,0.032019
2,rms,1259,0.032223
2,rms,1260,0.032333
2,rms,1261,0.032889
2,rms,1262,0.031945
2,rms,1263,0.031945
2,rms,1264,0.032241
2,rms,1265,0.032629
2,rms,1266,0.032037
2,rms,1267,0.032223
2,rms,1268,0.032204
2,rms,1269,0.032407
2,rms,1270,0.032296
2,rms,1271,0.032148
2,rms,1272,0.032333
2,rms,1273,0.032074
2,rms,1274,0.032315
2,rms,1275,0.032166
2,rms,1276,0.032149
2,rms,1277,0.032408
2,rms,1278,0.0325
2,rms,1279,0.032056
2,rms,1280,0.031704
2,rms,1281,0.031889
2,rms,1282,0.031815
2,rms,1283,0.032315
2,rms,1284,0.032
2,rms,1285,0.032408
2,rms,1286,0.032444
2,rms,1287,0.032389
2,rms,1288,0.032111
2,rms,1289,0.032315
2,rms,1290,0.032037
2,rms,1291,0.032334
2,rms,1292,0.032241
2,rms,1293,0.032334
2,rms,1294,0.032241
2,rms,1295,0.032519
2,rms,1296,0.032167
2,rms,1297,0.032463
2,rms,1298,0.03213
2,rms,1299,0.032259
2,rms,1300,0.032296
2,rms,1301,0.03226
2,rms,1302,0.03237
2,rms,1303,0.03263
2,rms,1304,0.032037
2,rms,1305,0.032056
2,rms,1306,0.032445
2,rms,1307,0.032278
2,rms,1308,0.031963
2,rms,1309,0.032333
2,rms,1310,0.032186
2,rms,1311,0.032167
2,rms,1312,0.032186
2,rms,1313,0.032296
2,rms,1314,0.032259
2,rms,1315,0.031851
2,rms,1316,0.032703
2,rms,1317,0.031963
2,rms,1318,0.032334
2,rms,1319,0.032259
2,rms,1320,0.032074
2,rms,1321,0.032037
2,rms,1322,0.032111
2,rms,1323,0.032278
2,rms,1324,0.032667
2,rms,1325,0.032352
2,rms,1326,0.032241
2,rms,1327,0.032
2,rms,1328,0.032296
2,rms,1329,0.032203
2,rms,1330,0.031981
2,rms,1331,0.03237
2,rms,1332,0.032314
2,rms,1333,0.032389
2,rms,1334,0.032315
2,rms,1335,0.031963
2,rms,1336,0.031815
2,rms,1337,0.031981
2,rms,1338,0.031962
2,rms,1339,0.032389
2,rms,1340,0.031722
2,rms,1341,0.031945
2,rms,1342,0.031778
2,rms,1343,0.032241
2,rms,1344,0.032111
2,rms,1345,0.032074
2,rms,1346,0.032333
2,rms,1347,0.032148
2,rms,1348,0.032204
2,rms,1349,0.032241
2,rms,1350,0.032222
2,rms,1351,0.032148
2,rms,1352,0.037222
2,rms,1353,0.034056
2,rms,1354,0.032018
2,rms,1355,0.032241
2,rms,1356,0.032426
2,rms,1357,0.032482
2,rms,1358,0.032259
2,rms,1359,0.032241
2,rms,1360,0.032222
2,rms,1361,0.032444
2,rms,1362,0.032259
2,rms,1363,0.032018
2,rms,1364,0.031982
2,rms,1365,0.032186
2,rms,1366,0.032518
2,rms,1367,0.032204
2,rms,1368,0.031963
2,rms,1369,0.032222
2,rms,1370,0.032333
2,rms,1371,0.034259
2,rms,1372,0.032426
2,rms,1373,0.032055
2,rms,1374,0.032129
2,rms,1375,0.032592
2,rms,1376,0.032129
2,rms,1377,0.032259
2,rms,1378,0.032296
2,rms,1379,0.032204
2,rms,1380,0.032111
2,rms,1381,0.032648
2,rms,1382,0.031944
2,rms,1383,0.03187
2,rms,1384,0.032074
2,rms,1385,0.032278
2,rms,1386,0.03237
2,rms,1387,0.032111
2,rms,1388,0.032129
2,rms,1389,0.032389
2,rms,1390,0.032315
2,rms,1391,0.032445
2,rms,1392,0.031833
2,rms,1393,0.032445
2,rms,1394,0.032203
2,rms,1395,0.032296
2,rms,1396,0.031907
2,rms,1397,0.03213
2,rms,1398,0.032555
2,rms,1399,0.032167
2,rms,1400,0.031759
2,rms,1401,0.032481
2,rms,1402,0.032166
2,rms,1403,0.032185
2,rms,1404,0.032111
2,rms,1405,0.032278
2,rms,1406,0.032111
2,rms,1407,0.032407
2,rms,1408,0.032111
2,rms,1409,0.032371
2,rms,1410,0.031889
2,rms,1411,0.032314
2,rms,1412,0.032371
2,rms,1413,0.032278
2,rms,1414,0.032278
2,rms,1415,0.032259
2,rms,1416,0.032129
2,rms,1417,0.032834
2,rms,1418,0.031926
2,rms,1419,0.032037
2,rms,1420,0.032
2,rms,1421,0.032463
2,rms,1422,0.032426
2,rms,1423,0.032352
2,rms,1424,0.031963
2,rms,1425,0.032389
2,rms,1426,0.032093
2,rms,1427,0.032463
2,rms,1428,0.032148
2,rms,1429,0.032371
2,rms,1430,0.033019
2,rms,1431,0.032277
2,rms,1432,0.032056
2,rms,1433,0.032241
2,rms,1434,0.03224
2,rms,1435,0.032426
2,rms,1436,0.032074
2,rms,1437,0.032334
2,rms,1438,0.032278
2,rms,1439,0.032222
2,rms,1440,0.032537
2,rms,1441,0.032685
2,rms,1442,0.032055
2,rms,1443,0.032149
2,rms,1444,0.03213
2,rms,1445,0.032407
2,rms,1446,0.032333
2,rms,1447,0.03213
2,rms,1448,0.031963
2,rms,1449,0.032019
2,rms,1450,0.032333
2,rms,1451,0.032352
2,rms,1452,0.032203
2,rms,1453,0.031834
2,rms,1454,0.032074
2,rms,1455,0.031981
2,rms,1456,0.032167
2,rms,1457,0.031981
2,rms,1458,0.031944
2,rms,1459,0.031907
2,rms,1460,0.032148
2,rms,1461,0.032426
2,rms,1462,0.032167
2,rms,1463,0.03187
2,rms,1464,0.031925
2,rms,1465,0.031797
2,rms,1466,0.031982
2,rms,1467,0.031463
2,rms,1468,0.03187
2,rms,1469,0.031908
2,rms,1470,0.032166
2,rms,1471,0.032092
2,rms,1472,0.03226
2,rms,1473,0.034093
2,rms,1474,0.033834
2,rms,1475,0.032297
2,rms,1476,0.032
2,rms,1477,0.032055
2,rms,1478,0.032037
2,rms,1479,0.03213
2,rms,1480,0.032056
2,rms,1481,0.032204
2,rms,1482,0.032518
2,rms,1483,0.032019
2,rms,1484,0.032111
2,rms,1485,0.03237
2,rms,1486,0.032315
2,rms,1487,0.032444
2,rms,1488,0.032056
2,rms,1489,0.032444
2,rms,1490,0.032074
2,rms,1491,0.031908
2,rms,1492,0.032
2,rms,1493,0.032241
2,rms,1494,0.032297
2,rms,1495,0.032352
2,rms,1496,0.032241
2,rms,1497,0.031815
2,rms,1498,0.03213
2,rms,1499,0.032
2,rms,1500,0.031944
2,rms,1501,0.032351
2,rms,1502,0.032167
2,rms,1503,0.031833
2,rms,1504,0.032185
2,rms,1505,0.032371
2,rms,1506,0.032185
2,rms,1507,0.032074
2,rms,1508,0.032092
2,rms,1509,0.031944
2,rms,1510,0.032426
2,rms,1511,0.032149
2,rms,1512,0.031741
2,rms,1513,0.032407
2,rms,1514,0.032315
2,rms,1515,0.032092
2,rms,1516,0.031944
2,rms,1517,0.032334
2,rms,1518,0.032296
2,rms,1519,0.032185
2,rms,1520,0.032111
2,rms,1521,0.032037
2,rms,1522,0.032241
2,rms,1523,0.032296
2,rms,1524,0.032408
2,rms,1525,0.031852
2,rms,1526,0.032204
2,rms,1527,0.032315
2,rms,1528,0.032759
2,rms,1529,0.032296
2,rms,1530,0.032148
2,rms,1531,0.032056
2,rms,1532,0.032704
2,rms,1533,0.032166
2,rms,1534,0.032185
2,rms,1535,0.032204
2,rms,1536,0.032148
2,rms,1537,0.03213
2,rms,1538,0.032241
2,rms,1539,0.031982
2,rms,1540,0.031926
2,rms,1541,0.032111
2,rms,1542,0.032296
2,rms,1543,0.032055
2,rms,1544,0.031833
2,rms,1545,0.032278
2,rms,1546,0.032352
2,rms,1547,0.032278
2,rms,1548,0.032241
2,rms,1549,0.032314
2,rms,1550,0.032408
2,rms,1551,0.032222
2,rms,1552,0.032185
2,rms,1553,0.032111
2,rms,1554,0.032111
2,rms,1555,0.032723
2,rms,1556,0.032315
2,rms,1557,0.0325
2,rms,1558,0.032278
2,rms,1559,0.032222
2,rms,1560,0.032463
2,rms,1561,0.032055
2,rms,1562,0.031982
2,rms,1563,0.032407
2,rms,1564,0.032352
2,rms,1565,0.032167
2,rms,1566,0.03224
2,rms,1567,0.032223
2,rms,1568,0.032259
2,rms,1569,0.032407
2,rms,1570,0.032389
2,rms,1571,0.032555
2,rms,1572,0.032037
2,rms,1573,0.032259
2,rms,1574,0.032426
2,rms,1575,0.032241
2,rms,1576,0.031852
2,rms,1577,0.032297
2,rms,1578,0.032241
2,rms,1579,0.032426
2,rms,1580,0.031963
2,rms,1581,0.032259
2,rms,1582,0.032352
2,rms,1583,0.032241
2,rms,1584,0.032093
2,rms,1585,0.032223
2,rms,1586,0.032408
2,rms,1587,0.032241
2,rms,1588,0.032314
2,rms,1589,0.031815
2,rms,1590,0.032111
2,rms,1591,0.031907
2,rms,1592,0.032315
2,rms,1593,0.037519
2,rms,1594,0.033092
2,rms,1595,0.031852
2,rms,1596,0.032056
2,rms,1597,0.032648
2,rms,1598,0.032333
2,rms,1599,0.032074
2,rms,1600,0.032167
2,rms,1601,0.032352
2,rms,1602,0.03263
2,rms,1603,0.032297
2,rms,1604,0.032148
2,rms,1605,0.032371
2,rms,1606,0.032444
2,rms,1607,0.032371
2,rms,1608,0.032204
2,rms,1609,0.032167
2,rms,1610,0.032333
2,rms,1611,0.032259
2,rms,1612,0.032259
2,rms,1613,0.032222
2,rms,1614,0.032075
2,rms,1615,0.032186
2,rms,1616,0.032148
2,rms,1617,0.032278
2,rms,1618,0.032092
2,rms,1619,0.032185
2,rms,1620,0.032185
2,rms,1621,0.032351
2,rms,1622,0.032203
2,rms,1623,0.032037
2,rms,1624,0.032204
2,rms,1625,0.032129
2,rms,1626,0.032333
2,rms,1627,0.032241
2,rms,1628,0.032203
2,rms,1629,0.03224
2,rms,1630,0.03237
2,rms,1631,0.032055
2,rms,1632,0.032019
2,rms,1633,0.032333
2,rms,1634,0.032315
2,rms,1635,0.032315
2,rms,1636,0.032167
2,rms,1637,0.032185
2,rms,1638,0.03224
2,rms,1639,0.03213
2,rms,1640,0.032166
2,rms,1641,0.031963
2,rms,1642,0.032241
2,rms,1643,0.032018
2,rms,1644,0.031982
2,rms,1645,0.032167
2,rms,1646,0.032222
2,rms,1647,0.032148
2,rms,1648,0.032296
2,rms,1649,0.032
2,rms,1650,0.032445
2,rms,1651,0.032093
2,rms,1652,0.031815
2,rms,1653,0.032018
2,rms,1654,0.03237
2,rms,1655,0.032055
2,rms,1656,0.032222
2,rms,1657,0.032129
2,rms,1658,0.032223
2,rms,1659,0.032371
2,rms,1660,0.032166
2,rms,1661,0.032259
2,rms,1662,0.032278
2,rms,1663,0.032074
2,rms,1664,0.032111
2,rms,1665,0.032148
2,rms,1666,0.032167
2,rms,1667,0.032334
2,rms,1668,0.032019
2,rms,1669,0.032425
2,rms,1670,0.03224
2,rms,1671,0.032204
2,rms,1672,0.031908
2,rms,1673,0.032055
2,rms,1674,0.032333
2,rms,1675,0.032315
2,rms,1676,0.032278
2,rms,1677,0.032203
2,rms,1678,0.032277
2,rms,1679,0.032092
2,rms,1680,0.032167
2,rms,1681,0.032259
2,rms,1682,0.032055
2,rms,1683,0.032371
2,rms,1684,0.032722
2,rms,1685,0.032426
2,rms,1686,0.032259
2,rms,1687,0.032
2,rms,1688,0.032241
2,rms,1689,0.032204
2,rms,1690,0.032204
2,rms,1691,0.032519
2,rms,1692,0.032074
2,rms,1693,0.03213
2,rms,1694,0.032222
2,rms,1695,0.032259
2,rms,1696,0.032296
2,rms,1697,0.032148
2,rms,1698,0.032297
2,rms,1699,0.032278
2,rms,1700,0.032315
2,rms,1701,0.031888
2,rms,1702,0.032296
2,rms,1703,0.032314
2,rms,1704,0.032389
2,rms,1705,0.032149
2,rms,1706,0.03226
2,rms,1707,0.032297
2,rms,1708,0.032074
2,rms,1709,0.032166
2,rms,1710,0.032278
2,rms,1711,0.032407
2,rms,1712,0.031981
2,rms,1713,0.032259
2,rms,1714,0.039777
2,rms,1715,0.032481
2,rms,1716,0.031945
2,rms,1717,0.032112
2,rms,1718,0.031797
2,rms,1719,0.031834
2,rms,1720,0.031703
2,rms,1721,0.032074
2,rms,1722,0.031889
2,rms,1723,0.031815
2,rms,1724,0.031982
2,rms,1725,0.031925
2,rms,1726,0.032315
2,rms,1727,0.032111
2,rms,1728,0.032296
2,rms,1729,0.032149
2,rms,1730,0.032186
2,rms,1731,0.032166
2,rms,1732,0.032371
2,rms,1733,0.03213
2,rms,1734,0.032333
2,rms,1735,0.032204
2,rms,1736,0.032407
2,rms,1737,0.032185
2,rms,1738,0.032
2,rms,1739,0.032334
2,rms,1740,0.031778
2,rms,1741,0.032093
2,rms,1742,0.032296
2,rms,1743,0.031925
2,rms,1744,0.031871
2,rms,1745,0.032204
2,rms,1746,0.032241
2,rms,1747,0.032111
2,rms,1748,0.032203
2,rms,1749,0.032148
2,rms,1750,0.032408
2,rms,1751,0.032148
2,rms,1752,0.032167
2,rms,1753,0.032241
2,rms,1754,0.031925
2,rms,1755,0.032037
2,rms,1756,0.032185
2,rms,1757,0.03213
2,rms,1758,0.032703
2,rms,1759,0.031759
2,rms,1760,0.032333
2,rms,1761,0.032203
2,rms,1762,0.032222
2,rms,1763,0.031926
2,rms,1764,0.031778
2,rms,1765,0.031815
2,rms,1766,0.032037
2,rms,1767,0.032074
2,rms,1768,0.031852
2,rms,1769,0.031981
2,rms,1770,0.032907
2,rms,1771,0.031778
2,rms,1772,0.031945
2,rms,1773,0.032315
2,rms,1774,0.032407
2,rms,1775,0.031852
2,rms,1776,0.031833
2,rms,1777,0.031962
2,rms,1778,0.032333
2,rms,1779,0.032314
2,rms,1780,0.032296
2,rms,1781,0.03226
2,rms,1782,0.032166
2,rms,1783,0.032481
2,rms,1784,0.032055
2,rms,1785,0.032074
2,rms,1786,0.032759
2,rms,1787,0.032407
2,rms,1788,0.032074
2,rms,1789,0.032222
2,rms,1790,0.032315
2,rms,1791,0.032371
2,rms,1792,0.032407
2,rms,1793,0.032278
2,rms,1794,0.032407
2,rms,1795,0.032185
2,rms,1796,0.032445
2,rms,1797,0.032092
2,rms,1798,0.032148
2,rms,1799,0.032203
2,rms,1800,0.032056
2,rms,1801,0.032259
2,rms,1802,0.032352
2,rms,1803,0.032222
2,rms,1804,0.032408
2,rms,1805,0.032426
2,tflite_autoencoder,1,0.098981
2,tflite_autoencoder,2,0.078741
2,tflite_autoencoder,3,0.072723
2,tflite_autoencoder,4,0.073444
2,tflite_autoencoder,5,0.077351
2,tflite_autoencoder,6,0.091426
2,tflite_autoencoder,7,0.089555
2,tflite_autoencoder,8,0.073814
2,tflite_autoencoder,9,0.062334
2,tflite_autoencoder,10,0.057426
2,tflite_autoencoder,11,0.057092
2,tflite_autoencoder,12,0.057648
2,tflite_autoencoder,13,0.057667
2,tflite_autoencoder,14,0.05737
2,tflite_autoencoder,15,0.057259
2,tflite_autoencoder,16,0.057389
2,tflite_autoencoder,17,0.057871
2,tflite_autoencoder,18,0.057481
2,tflite_autoencoder,19,0.056278
2,tflite_autoencoder,20,0.056555
2,tflite_autoencoder,21,0.057407
2,tflite_autoencoder,22,0.058
2,tflite_autoencoder,23,0.065186
2,tflite_autoencoder,24,0.066592
2,tflite_autoencoder,25,0.068907
2,tflite_autoencoder,26,0.067463
2,tflite_autoencoder,27,0.066611
2,tflite_autoencoder,28,0.069685
2,tflite_autoencoder,29,0.069074
2,tflite_autoencoder,30,0.064425
2,tflite_autoencoder,31,0.070519
2,tflite_autoencoder,32,0.064166
2,tflite_autoencoder,33,0.068389
2,tflite_autoencoder,34,0.067425
2,tflite_autoencoder,35,0.075167
2,tflite_autoencoder,36,0.074759
2,tflite_autoencoder,37,0.07037
2,tflite_autoencoder,38,0.061056
2,tflite_autoencoder,39,0.057648
2,tflite_autoencoder,40,0.057333
2,tflite_autoencoder,41,0.059019
2,tflite_autoencoder,42,0.057536
2,tflite_autoencoder,43,0.057482
2,tflite_autoencoder,44,0.057241
2,tflite_autoencoder,45,0.058315
2,tflite_autoencoder,46,0.057482
2,tflite_autoencoder,47,0.056834
2,tflite_autoencoder,48,0.056926
2,tflite_autoencoder,49,0.058259
2,tflite_autoencoder,50,0.056814
2,tflite_autoencoder,51,0.057407
2,tflite_autoencoder,52,0.05613
2,tflite_autoencoder,53,0.056852
2,tflite_autoencoder,54,0.056593
2,tflite_autoencoder,55,0.057851
2,tflite_autoencoder,56,0.082148
2,tflite_autoencoder,57,0.066555
2,tflite_autoencoder,58,0.059778
2,tflite_autoencoder,59,0.058314
2,tflite_autoencoder,60,0.056963
2,tflite_autoencoder,61,0.057685
2,tflite_autoencoder,62,0.059185
2,tflite_autoencoder,63,0.059907
2,tflite_autoencoder,64,0.064907
2,tflite_autoencoder,65,0.059574
2,tflite_autoencoder,66,0.059963
2,tflite_autoencoder,67,0.059629
2,tflite_autoencoder,68,0.05963
2,tflite_autoencoder,69,0.058926
2,tflite_autoencoder,70,0.056426
2,tflite_autoencoder,71,0.057111
2,tflite_autoencoder,72,0.056815
2,tflite_autoencoder,73,0.056648
2,tflite_autoencoder,74,0.058148
2,tflite_autoencoder,75,0.0585
2,tflite_autoencoder,76,0.058056
2,tflite_autoencoder,77,0.057889
2,tflite_autoencoder,78,0.056907
2,tflite_autoencoder,79,0.057296
2,tflite_autoencoder,80,0.057629
2,tflite_autoencoder,81,0.059111
2,tflite_autoencoder,82,0.056778
2,tflite_autoencoder,83,0.058722
2,tflite_autoencoder,84,0.05837
2,tflite_autoencoder,85,0.057481
2,tflite_autoencoder,86,0.057167
2,tflite_autoencoder,87,0.058018
2,tflite_autoencoder,88,0.057
2,tflite_autoencoder,89,0.057925
2,tflite_autoencoder,90,0.058222
2,tflite_autoencoder,91,0.056722
2,tflite_autoencoder,92,0.057389
2,tflite_autoencoder,93,0.05637
2,tflite_autoencoder,94,0.068019
2,tflite_autoencoder,95,0.063741
2,tflite_autoencoder,96,0.080111
2,tflite_autoencoder,97,0.077704
2,tflite_autoencoder,98,0.067981
2,tflite_autoencoder,99,0.070555
2,tflite_autoencoder,100,0.079556
2,tflite_autoencoder,101,0.082852
2,tflite_autoencoder,102,0.064352
2,tflite_autoencoder,103,0.063555
2,tflite_autoencoder,104,0.057555
2,tflite_autoencoder,105,0.058296
2,tflite_autoencoder,106,0.058445
2,tflite_autoencoder,107,0.06113
2,tflite_autoencoder,108,0.057963
2,tflite_autoencoder,109,0.061166
2,tflite_autoencoder,110,0.058555
2,tflite_autoencoder,111,0.058611
2,tflite_autoencoder,112,0.057833
2,tflite_autoencoder,113,0.058426
2,tflite_autoencoder,114,0.074296
2,tflite_autoencoder,115,0.101277
2,tflite_autoencoder,116,0.08337
2,tflite_autoencoder,117,0.098037
2,tflite_autoencoder,118,0.126648
2,tflite_autoencoder,119,0.104981
2,tflite_autoencoder,120,0.083648
2,tflite_autoencoder,121,0.06624
2,tflite_autoencoder,122,0.058667
2,tflite_autoencoder,123,0.060648
2,tflite_autoencoder,124,0.058685
2,tflite_autoencoder,125,0.059407
2,tflite_autoencoder,126,0.058037
2,tflite_autoencoder,127,0.057722
2,tflite_autoencoder,128,0.06
2,tflite_autoencoder,129,0.059296
2,tflite_autoencoder,130,0.057407
2,tflite_autoencoder,131,0.058
2,tflite_autoencoder,132,0.057056
2,tflite_autoencoder,133,0.058592
2,tflite_autoencoder,134,0.059333
2,tflite_autoencoder,135,0.057704
2,tflite_autoencoder,136,0.059389
2,tflite_autoencoder,137,0.059055
2,tflite_autoencoder,138,0.059389
2,tflite_autoencoder,139,0.061074
2,tflite_autoencoder,140,0.058611
2,tflite_autoencoder,141,0.059833
2,tflite_autoencoder,142,0.059408
2,tflite_autoencoder,143,0.059037
2,tflite_autoencoder,144,0.061592
2,tflite_autoencoder,145,0.059074
2,tflite_autoencoder,146,0.058185
2,tflite_autoencoder,147,0.058296
2,tflite_autoencoder,148,0.05763
2,tflite_autoencoder,149,0.057185
2,tflite_autoencoder,150,0.060315
2,tflite_autoencoder,151,0.058537
2,tflite_autoencoder,152,0.058797
2,tflite_autoencoder,153,0.059167
2,tflite_autoencoder,154,0.058426
2,tflite_autoencoder,155,0.059481
2,tflite_autoencoder,156,0.057834
2,tflite_autoencoder,157,0.058092
2,tflite_autoencoder,158,0.059851
2,tflite_autoencoder,159,0.063555
2,tflite_autoencoder,160,0.06013
2,tflite_autoencoder,161,0.060833
2,tflite_autoencoder,162,0.058185
2,tflite_autoencoder,163,0.058333
2,tflite_autoencoder,164,0.060833
2,tflite_autoencoder,165,0.058574
2,tflite_autoencoder,166,0.060814
2,tflite_autoencoder,167,0.058426
2,tflite_autoencoder,168,0.058185
2,tflite_autoencoder,169,0.0585
2,tflite_autoencoder,170,0.058426
2,tflite_autoencoder,171,0.058796
2,tflite_autoencoder,172,0.058167
2,tflite_autoencoder,173,0.057722
2,tflite_autoencoder,174,0.058352
2,tflite_autoencoder,175,0.058278
2,tflite_autoencoder,176,0.058296
2,tflite_autoencoder,177,0.057908
2,tflite_autoencoder,178,0.058555
2,tflite_autoencoder,179,0.057851
2,tflite_autoencoder,180,0.058056
2,tflite_autoencoder,181,0.057593
2,tflite_autoencoder,182,0.058055
2,tflite_autoencoder,183,0.101463
2,tflite_autoencoder,184,0.063907
2,tflite_autoencoder,185,0.060018
2,tflite_autoencoder,186,0.059037
2,tflite_autoencoder,187,0.058371
2,tflite_autoencoder,188,0.058185
2,tflite_autoencoder,189,0.058037
2,tflite_autoencoder,190,0.058148
2,tflite_autoencoder,191,0.058907
2,tflite_autoencoder,192,0.057611
2,tflite_autoencoder,193,0.058815
2,tflite_autoencoder,194,0.057537
2,tflite_autoencoder,195,0.058018
2,tflite_autoencoder,196,0.058519
2,tflite_autoencoder,197,0.057926
2,tflite_autoencoder,198,0.058889
2,tflite_autoencoder,199,0.057703
2,tflite_autoencoder,200,0.058796
2,tflite_autoencoder,201,0.058111
2,tflite_autoencoder,202,0.058389
2,tflite_autoencoder,203,0.058352
2,tflite_autoencoder,204,0.058296
2,tflite_autoencoder,205,0.057945
2,tflite_autoencoder,206,0.060926
2,tflite_autoencoder,207,0.058333
2,tflite_autoencoder,208,0.058074
2,tflite_autoencoder,209,0.058056
2,tflite_autoencoder,210,0.058148
2,tflite_autoencoder,211,0.058259
2,tflite_autoencoder,212,0.058111
2,tflite_autoencoder,213,0.061259
2,tflite_autoencoder,214,0.059037
2,tflite_autoencoder,215,0.059519
2,tflite_autoencoder,216,0.061833
2,tflite_autoencoder,217,0.057963
2,tflite_autoencoder,218,0.061333
2,tflite_autoencoder,219,0.058481
2,tflite_autoencoder,220,0.05837
2,tflite_autoencoder,221,0.058925
2,tflite_autoencoder,222,0.059166
2,tflite_autoencoder,223,0.058797
2,tflite_autoencoder,224,0.064537
2,tflite_autoencoder,225,0.058741
2,tflite_autoencoder,226,0.058148
2,tflite_autoencoder,227,0.057778
2,tflite_autoencoder,228,0.057944
2,tflite_autoencoder,229,0.058204
2,tflite_autoencoder,230,0.058056
2,tflite_autoencoder,231,0.058056
2,tflite_autoencoder,232,0.058611
2,tflite_autoencoder,233,0.058222
2,tflite_autoencoder,234,0.060759
2,tflite_autoencoder,235,0.058537
2,tflite_autoencoder,236,0.059074
2,tflite_autoencoder,237,0.059204
2,tflite_autoencoder,238,0.060444
2,tflite_autoencoder,239,0.058574
2,tflite_autoencoder,240,0.060611
2,tflite_autoencoder,241,0.058593
2,tflite_autoencoder,242,0.058278
2,tflite_autoencoder,243,0.0585
2,tflite_autoencoder,244,0.058574
2,tflite_autoencoder,245,0.05863
2,tflite_autoencoder,246,0.071814
2,tflite_autoencoder,247,0.059111
2,tflite_autoencoder,248,0.104814
2,tflite_autoencoder,249,0.070389
2,tflite_autoencoder,250,0.063315
2,tflite_autoencoder,251,0.062074
2,tflite_autoencoder,252,0.058648
2,tflite_autoencoder,253,0.057797
2,tflite_autoencoder,254,0.059852
2,tflite_autoencoder,255,0.058092
2,tflite_autoencoder,256,0.061259
2,tflite_autoencoder,257,0.059296
2,tflite_autoencoder,258,0.059074
2,tflite_autoencoder,259,0.057055
2,tflite_autoencoder,260,0.059537
2,tflite_autoencoder,261,0.058204
2,tflite_autoencoder,262,0.058648
2,tflite_autoencoder,263,0.058185
2,tflite_autoencoder,264,0.061777
2,tflite_autoencoder,265,0.058611
2,tflite_autoencoder,266,0.058055
2,tflite_autoencoder,267,0.057982
2,tflite_autoencoder,268,0.060759
2,tflite_autoencoder,269,0.059204
2,tflite_autoencoder,270,0.058407
2,tflite_autoencoder,271,0.058518
2,tflite_autoencoder,272,0.057556
2,tflite_autoencoder,273,0.057259
2,tflite_autoencoder,274,0.059167
2,tflite_autoencoder,275,0.058944
2,tflite_autoencoder,276,0.057667
2,tflite_autoencoder,277,0.057074
2,tflite_autoencoder,278,0.057833
2,tflite_autoencoder,279,0.058148
2,tflite_autoencoder,280,0.057833
2,tflite_autoencoder,281,0.057019
2,tflite_autoencoder,282,0.060907
2,tflite_autoencoder,283,0.059277
2,tflite_autoencoder,284,0.058222
2,tflite_autoencoder,285,0.058759
2,tflite_autoencoder,286,0.058056
2,tflite_autoencoder,287,0.059074
2,tflite_autoencoder,288,0.05913
2,tflite_autoencoder,289,0.060222
2,tflite_autoencoder,290,0.058037
2,tflite_autoencoder,291,0.058852
2,tflite_autoencoder,292,0.056907
2,tflite_autoencoder,293,0.057722
2,tflite_autoencoder,294,0.058352
2,tflite_autoencoder,295,0.057981
2,tflite_autoencoder,296,0.057759
2,tflite_autoencoder,297,0.057352
2,tflite_autoencoder,298,0.0575
2,tflite_autoencoder,299,0.058278
2,tflite_autoencoder,300,0.057593
2,tflite_autoencoder,301,0.05913
2,tflite_autoencoder,302,0.058111
2,tflite_autoencoder,303,0.058056
2,tflite_autoencoder,304,0.057945
2,tflite_autoencoder,305,0.057796
2,tflite_autoencoder,306,0.057759
2,tflite_autoencoder,307,0.057888
2,tflite_autoencoder,308,0.056944
2,tflite_autoencoder,309,0.057648
2,tflite_autoencoder,310,0.058111
2,tflite_autoencoder,311,0.057185
2,tflite_autoencoder,312,0.06
2,tflite_autoencoder,313,0.057629
2,tflite_autoencoder,314,0.093908
2,tflite_autoencoder,315,0.061629
2,tflite_autoencoder,316,0.059296
2,tflite_autoencoder,317,0.060815
2,tflite_autoencoder,318,0.061574
2,tflite_autoencoder,319,0.058463
2,tflite_autoencoder,320,0.060593
2,tflite_autoencoder,321,0.058796
2,tflite_autoencoder,322,0.062074
2,tflite_autoencoder,323,0.057685
2,tflite_autoencoder,324,0.058388
2,tflite_autoencoder,325,0.058241
2,tflite_autoencoder,326,0.058037
2,tflite_autoencoder,327,0.057482
2,tflite_autoencoder,328,0.058444
2,tflite_autoencoder,329,0.058222
2,tflite_autoencoder,330,0.057556
2,tflite_autoencoder,331,0.05813
2,tflite_autoencoder,332,0.059481
2,tflite_autoencoder,333,0.059407
2,tflite_autoencoder,334,0.059611
2,tflite_autoencoder,335,0.058685
2,tflite_autoencoder,336,0.058259
2,tflite_autoencoder,337,0.058685
2,tflite_autoencoder,338,0.059166
2,tflite_autoencoder,339,0.058092
2,tflite_autoencoder,340,0.059111
2,tflite_autoencoder,341,0.05824
2,tflite_autoencoder,342,0.058555
2,tflite_autoencoder,343,0.058371
2,tflite_autoencoder,344,0.057555
2,tflite_autoencoder,345,0.058685
2,tflite_autoencoder,346,0.058056
2,tflite_autoencoder,347,0.058499
2,tflite_autoencoder,348,0.05776
2,tflite_autoencoder,349,0.058333
2,tflite_autoencoder,350,0.058296
2,tflite_autoencoder,351,0.057389
2,tflite_autoencoder,352,0.057481
2,tflite_autoencoder,353,0.057407
2,tflite_autoencoder,354,0.05737
2,tflite_autoencoder,355,0.0585
2,tflite_autoencoder,356,0.059815
2,tflite_autoencoder,357,0.061999
2,tflite_autoencoder,358,0.058481
2,tflite_autoencoder,359,0.058259
2,tflite_autoencoder,360,0.057148
2,tflite_autoencoder,361,0.057574
2,tflite_autoencoder,362,0.060666
2,tflite_autoencoder,363,0.058019
2,tflite_autoencoder,364,0.057277
2,tflite_autoencoder,365,0.058167
2,tflite_autoencoder,366,0.056945
2,tflite_autoencoder,367,0.056851
2,tflite_autoencoder,368,0.057037
2,tflite_autoencoder,369,0.056926
2,tflite_autoencoder,370,0.057371
2,tflite_autoencoder,371,0.057704
2,tflite_autoencoder,372,0.058315
2,tflite_autoencoder,373,0.057352
2,tflite_autoencoder,374,0.058111
2,tflite_autoencoder,375,0.058092
2,tflite_autoencoder,376,0.056833
2,tflite_autoencoder,377,0.056407
2,tflite_autoencoder,378,0.056408
2,tflite_autoencoder,379,0.058315
2,tflite_autoencoder,380,0.073444
2,tflite_autoencoder,381,0.062445
2,tflite_autoencoder,382,0.058537
2,tflite_autoencoder,383,0.057204
2,tflite_autoencoder,384,0.057759
2,tflite_autoencoder,385,0.056815
2,tflite_autoencoder,386,0.057111
2,tflite_autoencoder,387,0.058203
2,tflite_autoencoder,388,0.056648
2,tflite_autoencoder,389,0.057519
2,tflite_autoencoder,390,0.056704
2,tflite_autoencoder,391,0.057388
2,tflite_autoencoder,392,0.057296
2,tflite_autoencoder,393,0.057
2,tflite_autoencoder,394,0.05687
2,tflite_autoencoder,395,0.057667
2,tflite_autoencoder,396,0.056907
2,tflite_autoencoder,397,0.056537
2,tflite_autoencoder,398,0.056425
2,tflite_autoencoder,399,0.057926
2,tflite_autoencoder,400,0.057722
2,tflite_autoencoder,401,0.056667
2,tflite_autoencoder,402,0.057093
2,tflite_autoencoder,403,0.056833
2,tflite_autoencoder,404,0.05737
2,tflite_autoencoder,405,0.057388
2,tflite_autoencoder,406,0.056537
2,tflite_autoencoder,407,0.056852
2,tflite_autoencoder,408,0.057
2,tflite_autoencoder,409,0.05663
2,tflite_autoencoder,410,0.056759
2,tflite_autoencoder,411,0.056888
2,tflite_autoencoder,412,0.056777
2,tflite_autoencoder,413,0.056555
2,tflite_autoencoder,414,0.056963
2,tflite_autoencoder,415,0.057426
2,tflite_autoencoder,416,0.056463
2,tflite_autoencoder,417,0.056722
2,tflite_autoencoder,418,0.05663
2,tflite_autoencoder,419,0.057074
2,tflite_autoencoder,420,0.057296
2,tflite_autoencoder,421,0.056482
2,tflite_autoencoder,422,0.056334
2,tflite_autoencoder,423,0.057351
2,tflite_autoencoder,424,0.056889
2,tflite_autoencoder,425,0.056555
2,tflite_autoencoder,426,0.056759
2,tflite_autoencoder,427,0.056833
2,tflite_autoencoder,428,0.056351
2,tflite_autoencoder,429,0.057167
2,tflite_autoencoder,430,0.056593
2,tflite_autoencoder,431,0.057111
2,tflite_autoencoder,432,0.056222
2,tflite_autoencoder,433,0.056445
2,tflite_autoencoder,434,0.05787
2,tflite_autoencoder,435,0.056704
2,tflite_autoencoder,436,0.060371
2,tflite_autoencoder,437,0.057352
2,tflite_autoencoder,438,0.059852
2,tflite_autoencoder,439,0.058407
2,tflite_autoencoder,440,0.056926
2,tflite_autoencoder,441,0.057074
2,tflite_autoencoder,442,0.057055
2,tflite_autoencoder,443,0.057314
2,tflite_autoencoder,444,0.057907
2,tflite_autoencoder,445,0.057462
2,tflite_autoencoder,446,0.057074
2,tflite_autoencoder,447,0.056648
2,tflite_autoencoder,448,0.069056
2,tflite_autoencoder,449,0.06787
2,tflite_autoencoder,450,0.060945
2,tflite_autoencoder,451,0.057814
2,tflite_autoencoder,452,0.056444
2,tflite_autoencoder,453,0.058093
2,tflite_autoencoder,454,0.057167
2,tflite_autoencoder,455,0.056685
2,tflite_autoencoder,456,0.057666
2,tflite_autoencoder,457,0.056704
2,tflite_autoencoder,458,0.056667
2,tflite_autoencoder,459,0.056629
2,tflite_autoencoder,460,0.057092
2,tflite_autoencoder,461,0.0575
2,tflite_autoencoder,462,0.058482
2,tflite_autoencoder,463,0.056852
2,tflite_autoencoder,464,0.05663
2,tflite_autoencoder,465,0.057111
2,tflite_autoencoder,466,0.057982
2,tflite_autoencoder,467,0.058092
2,tflite_autoencoder,468,0.056722
2,tflite_autoencoder,469,0.057296
2,tflite_autoencoder,470,0.057333
2,tflite_autoencoder,471,0.056852
2,tflite_autoencoder,472,0.057852
2,tflite_autoencoder,473,0.056815
2,tflite_autoencoder,474,0.056648
2,tflite_autoencoder,475,0.056815
2,tflite_autoencoder,476,0.057407
2,tflite_autoencoder,477,0.057629
2,tflite_autoencoder,478,0.056499
2,tflite_autoencoder,479,0.057685
2,tflite_autoencoder,480,0.056666
2,tflite_autoencoder,481,0.056889
2,tflite_autoencoder,482,0.056833
2,tflite_autoencoder,483,0.056834
2,tflite_autoencoder,484,0.056407
2,tflite_autoencoder,485,0.056592
2,tflite_autoencoder,486,0.05676
2,tflite_autoencoder,487,0.056722
2,tflite_autoencoder,488,0.056629
2,tflite_autoencoder,489,0.056389
2,tflite_autoencoder,490,0.057037
2,tflite_autoencoder,491,0.056815
2,tflite_autoencoder,492,0.058037
2,tflite_autoencoder,493,0.056926
2,tflite_autoencoder,494,0.056908
2,tflite_autoencoder,495,0.057388
2,tflite_autoencoder,496,0.056741
2,tflite_autoencoder,497,0.057519
2,tflite_autoencoder,498,0.056926
2,tflite_autoencoder,499,0.056722
2,tflite_autoencoder,500,0.05637
2,tflite_autoencoder,501,0.057425
2,tflite_autoencoder,502,0.058055
2,tflite_autoencoder,503,0.0575
2,tflite_autoencoder,504,0.057537
2,tflite_autoencoder,505,0.056814
2,tflite_autoencoder,506,0.057796
2,tflite_autoencoder,507,0.05763
2,tflite_autoencoder,508,0.057759
2,tflite_autoencoder,509,0.056833
2,tflite_autoencoder,510,0.056685
2,tflite_autoencoder,511,0.056778
2,tflite_autoencoder,512,0.056518
2,tflite_autoencoder,513,0.056537
2,tflite_autoencoder,514,0.058074
2,tflite_autoencoder,515,0.056334
2,tflite_autoencoder,516,0.056055
2,tflite_autoencoder,517,0.077704
2,tflite_autoencoder,518,0.061389
2,tflite_autoencoder,519,0.057963
2,tflite_autoencoder,520,0.057463
2,tflite_autoencoder,521,0.057074
2,tflite_autoencoder,522,0.056648
2,tflite_autoencoder,523,0.058093
2,tflite_autoencoder,524,0.057407
2,tflite_autoencoder,525,0.056852
2,tflite_autoencoder,526,0.057296
2,tflite_autoencoder,527,0.057204
2,tflite_autoencoder,528,0.057667
2,tflite_autoencoder,529,0.057759
2,tflite_autoencoder,530,0.056759
2,tflite_autoencoder,531,0.05713
2,tflite_autoencoder,532,0.056722
2,tflite_autoencoder,533,0.057963
2,tflite_autoencoder,534,0.057093
2,tflite_autoencoder,535,0.056907
2,tflite_autoencoder,536,0.057296
2,tflite_autoencoder,537,0.057129
2,tflite_autoencoder,538,0.057426
2,tflite_autoencoder,539,0.056944
2,tflite_autoencoder,540,0.057259
2,tflite_autoencoder,541,0.057037
2,tflite_autoencoder,542,0.05687
2,tflite_autoencoder,543,0.057352
2,tflite_autoencoder,544,0.057389
2,tflite_autoencoder,545,0.057129
2,tflite_autoencoder,546,0.058185
2,tflite_autoencoder,547,0.056908
2,tflite_autoencoder,548,0.057556
2,tflite_autoencoder,549,0.057018
2,tflite_autoencoder,550,0.057148
2,tflite_autoencoder,551,0.057963
2,tflite_autoencoder,552,0.056686
2,tflite_autoencoder,553,0.057148
2,tflite_autoencoder,554,0.056389
2,tflite_autoencoder,555,0.058203
2,tflite_autoencoder,556,0.056926
2,tflite_autoencoder,557,0.057185
2,tflite_autoencoder,558,0.057203
2,tflite_autoencoder,559,0.056759
2,tflite_autoencoder,560,0.056685
2,tflite_autoencoder,561,0.058185
2,tflite_autoencoder,562,0.056648
2,tflite_autoencoder,563,0.057055
2,tflite_autoencoder,564,0.056407
2,tflite_autoencoder,565,0.058426
2,tflite_autoencoder,566,0.056667
2,tflite_autoencoder,567,0.056704
2,tflite_autoencoder,568,0.05663
2,tflite_autoencoder,569,0.057889
2,tflite_autoencoder,570,0.057203
2,tflite_autoencoder,571,0.056463
2,tflite_autoencoder,572,0.056648
2,tflite_autoencoder,573,0.056963
2,tflite_autoencoder,574,0.057204
2,tflite_autoencoder,575,0.056926
2,tflite_autoencoder,576,0.056815
2,tflite_autoencoder,577,0.056888
2,tflite_autoencoder,578,0.056574
2,tflite_autoencoder,579,0.057111
2,tflite_autoencoder,580,0.056926
2,tflite_autoencoder,581,0.056796
2,tflite_autoencoder,582,0.057888
2,tflite_autoencoder,583,0.056833
2,tflite_autoencoder,584,0.05687
2,tflite_autoencoder,585,0.076185
2,tflite_autoencoder,586,0.065982
2,tflite_autoencoder,587,0.059648
2,tflite_autoencoder,588,0.058055
2,tflite_autoencoder,589,0.057611
2,tflite_autoencoder,590,0.05737
2,tflite_autoencoder,591,0.057241
2,tflite_autoencoder,592,0.057777
2,tflite_autoencoder,593,0.057963
2,tflite_autoencoder,594,0.057222
2,tflite_autoencoder,595,0.057759
2,tflite_autoencoder,596,0.057592
2,tflite_autoencoder,597,0.057519
2,tflite_autoencoder,598,0.057407
2,tflite_autoencoder,599,0.0575
2,tflite_autoencoder,600,0.056833
2,tflite_autoencoder,601,0.056778
2,tflite_autoencoder,602,0.056852
2,tflite_autoencoder,603,0.056907
2,tflite_autoencoder,604,0.056685
2,tflite_autoencoder,605,0.058425
2,tflite_autoencoder,606,0.057389
2,tflite_autoencoder,607,0.057445
2,tflite_autoencoder,608,0.056889
2,tflite_autoencoder,609,0.057092
2,tflite_autoencoder,610,0.057019
2,tflite_autoencoder,611,0.056463
2,tflite_autoencoder,612,0.056778
2,tflite_autoencoder,613,0.056537
2,tflite_autoencoder,614,0.056666
2,tflite_autoencoder,615,0.056667
2,tflite_autoencoder,616,0.056278
2,tflite_autoencoder,617,0.056871
2,tflite_autoencoder,618,0.057241
2,tflite_autoencoder,619,0.057722
2,tflite_autoencoder,620,0.056741
2,tflite_autoencoder,621,0.057018
2,tflite_autoencoder,622,0.057037
2,tflite_autoencoder,623,0.056888
2,tflite_autoencoder,624,0.056982
2,tflite_autoencoder,625,0.056686
2,tflite_autoencoder,626,0.056555
2,tflite_autoencoder,627,0.056611
2,tflite_autoencoder,628,0.057444
2,tflite_autoencoder,629,0.056759
2,tflite_autoencoder,630,0.057351
2,tflite_autoencoder,631,0.056944
2,tflite_autoencoder,632,0.056926
2,tflite_autoencoder,633,0.058222
2,tflite_autoencoder,634,0.057518
2,tflite_autoencoder,635,0.056593
2,tflite_autoencoder,636,0.057574
2,tflite_autoencoder,637,0.056629
2,tflite_autoencoder,638,0.057463
2,tflite_autoencoder,639,0.057166
2,tflite_autoencoder,640,0.057056
2,tflite_autoencoder,641,0.058241
2,tflite_autoencoder,642,0.056778
2,tflite_autoencoder,643,0.056537
2,tflite_autoencoder,644,0.056407
2,tflite_autoencoder,645,0.056389
2,tflite_autoencoder,646,0.056315
2,tflite_autoencoder,647,0.056741
2,tflite_autoencoder,648,0.05687
2,tflite_autoencoder,649,0.057722
2,tflite_autoencoder,650,0.057093
2,tflite_autoencoder,651,0.056851
2,tflite_autoencoder,652,0.056482
2,tflite_autoencoder,653,0.058
2,tflite_autoencoder,654,0.081277
2,tflite_autoencoder,655,0.060685
2,tflite_autoencoder,656,0.058518
2,tflite_autoencoder,657,0.057852
2,tflite_autoencoder,658,0.057407
2,tflite_autoencoder,659,0.057889
2,tflite_autoencoder,660,0.056945
2,tflite_autoencoder,661,0.057889
2,tflite_autoencoder,662,0.057333
2,tflite_autoencoder,663,0.057222
2,tflite_autoencoder,664,0.056833
2,tflite_autoencoder,665,0.056982
2,tflite_autoencoder,666,0.056704
2,tflite_autoencoder,667,0.056518
2,tflite_autoencoder,668,0.05687
2,tflite_autoencoder,669,0.057
2,tflite_autoencoder,670,0.056815
2,tflite_autoencoder,671,0.056834
2,tflite_autoencoder,672,0.056611
2,tflite_autoencoder,673,0.057963
2,tflite_autoencoder,674,0.058592
2,tflite_autoencoder,675,0.057703
2,tflite_autoencoder,676,0.056592
2,tflite_autoencoder,677,0.057111
2,tflite_autoencoder,678,0.05776
2,tflite_autoencoder,679,0.05813
2,tflite_autoencoder,680,0.057352
2,tflite_autoencoder,681,0.056944
2,tflite_autoencoder,682,0.057259
2,tflite_autoencoder,683,0.056889
2,tflite_autoencoder,684,0.058222
2,tflite_autoencoder,685,0.057481
2,tflite_autoencoder,686,0.056981
2,tflite_autoencoder,687,0.057092
2,tflite_autoencoder,688,0.056685
2,tflite_autoencoder,689,0.058277
2,tflite_autoencoder,690,0.057741
2,tflite_autoencoder,691,0.058519
2,tflite_autoencoder,692,0.056667
2,tflite_autoencoder,693,0.056889
2,tflite_autoencoder,694,0.056445
2,tflite_autoencoder,695,0.056686
2,tflite_autoencoder,696,0.056778
2,tflite_autoencoder,697,0.057074
2,tflite_autoencoder,698,0.056908
2,tflite_autoencoder,699,0.05813
2,tflite_autoencoder,700,0.056389
2,tflite_autoencoder,701,0.056815
2,tflite_autoencoder,702,0.056833
2,tflite_autoencoder,703,0.057685
2,tflite_autoencoder,704,0.056852
2,tflite_autoencoder,705,0.056482
2,tflite_autoencoder,706,0.056852
2,tflite_autoencoder,707,0.057148
2,tflite_autoencoder,708,0.057203
2,tflite_autoencoder,709,0.057056
2,tflite_autoencoder,710,0.056759
2,tflite_autoencoder,711,0.058
2,tflite_autoencoder,712,0.058408
2,tflite_autoencoder,713,0.056759
2,tflite_autoencoder,714,0.057463
2,tflite_autoencoder,715,0.057333
2,tflite_autoencoder,716,0.057074
2,tflite_autoencoder,717,0.058
2,tflite_autoencoder,718,0.057889
2,tflite_autoencoder,719,0.057463
2,tflite_autoencoder,720,0.056871
2,tflite_autoencoder,721,0.056352
2,tflite_autoencoder,722,0.071185
2,tflite_autoencoder,723,0.060277
2,tflite_autoencoder,724,0.058148
2,tflite_autoencoder,725,0.057777
2,tflite_autoencoder,726,0.057222
2,tflite_autoencoder,727,0.057611
2,tflite_autoencoder,728,0.057352
2,tflite_autoencoder,729,0.056574
2,tflite_autoencoder,730,0.057648
2,tflite_autoencoder,731,0.05663
2,tflite_autoencoder,732,0.058296
2,tflite_autoencoder,733,0.057
2,tflite_autoencoder,734,0.056759
2,tflite_autoencoder,735,0.056815
2,tflite_autoencoder,736,0.056908
2,tflite_autoencoder,737,0.056426
2,tflite_autoencoder,738,0.056611
2,tflite_autoencoder,739,0.057722
2,tflite_autoencoder,740,0.056945
2,tflite_autoencoder,741,0.056815
2,tflite_autoencoder,742,0.057278
2,tflite_autoencoder,743,0.056741
2,tflite_autoencoder,744,0.056963
2,tflite_autoencoder,745,0.057611
2,tflite_autoencoder,746,0.056703
2,tflite_autoencoder,747,0.056592
2,tflite_autoencoder,748,0.057778
2,tflite_autoencoder,749,0.0575
2,tflite_autoencoder,750,0.056759
2,tflite_autoencoder,751,0.057426
2,tflite_autoencoder,752,0.056796
2,tflite_autoencoder,753,0.057074
2,tflite_autoencoder,754,0.056388
2,tflite_autoencoder,755,0.057371
2,tflite_autoencoder,756,0.057278
2,tflite_autoencoder,757,0.058074
2,tflite_autoencoder,758,0.05824
2,tflite_autoencoder,759,0.057667
2,tflite_autoencoder,761,0.058
2,tflite_autoencoder,762,0.057167
2,tflite_autoencoder,763,0.056908
2,tflite_autoencoder,764,0.056389
2,tflite_autoencoder,765,0.056611
2,tflite_autoencoder,766,0.056778
2,tflite_autoencoder,767,0.056963
2,tflite_autoencoder,768,0.057852
2,tflite_autoencoder,769,0.058833
2,tflite_autoencoder,770,0.057148
2,tflite_autoencoder,771,0.056741
2,tflite_autoencoder,772,0.056463
2,tflite_autoencoder,773,0.057277
2,tflite_autoencoder,774,0.057222
2,tflite_autoencoder,775,0.057148
2,tflite_autoencoder,776,0.056593
2,tflite_autoencoder,777,0.058167
2,tflite_autoencoder,778,0.057759
2,tflite_autoencoder,779,0.057722
2,tflite_autoencoder,780,0.05674
2,tflite_autoencoder,781,0.056574
2,tflite_autoencoder,782,0.056852
2,tflite_autoencoder,783,0.056722
2,tflite_autoencoder,784,0.05724
2,tflite_autoencoder,785,0.056907
2,tflite_autoencoder,786,0.057129
2,tflite_autoencoder,787,0.056667
2,tflite_autoencoder,788,0.056574
2,tflite_autoencoder,789,0.056685
2,tflite_autoencoder,790,0.057759
2,tflite_autoencoder,791,0.0715
2,tflite_autoencoder,792,0.065222
2,tflite_autoencoder,793,0.059648
2,tflite_autoencoder,794,0.057056
2,tflite_autoencoder,795,0.056908
2,tflite_autoencoder,796,0.057723
2,tflite_autoencoder,797,0.056944
2,tflite_autoencoder,798,0.057407
2,tflite_autoencoder,799,0.056926
2,tflite_autoencoder,800,0.056852
2,tflite_autoencoder,801,0.057315
2,tflite_autoencoder,802,0.057574
2,tflite_autoencoder,803,0.056629
2,tflite_autoencoder,804,0.056759
2,tflite_autoencoder,805,0.056593
2,tflite_autoencoder,806,0.057111
2,tflite_autoencoder,807,0.056536
2,tflite_autoencoder,808,0.056481
2,tflite_autoencoder,809,0.057129
2,tflite_autoencoder,810,0.057185
2,tflite_autoencoder,811,0.056667
2,tflite_autoencoder,812,0.0565
2,tflite_autoencoder,813,0.057037
2,tflite_autoencoder,814,0.056444
2,tflite_autoencoder,815,0.056445
2,tflite_autoencoder,816,0.056611
2,tflite_autoencoder,817,0.056463
2,tflite_autoencoder,818,0.057519
2,tflite_autoencoder,819,0.056611
2,tflite_autoencoder,820,0.061056
2,tflite_autoencoder,821,0.065111
2,tflite_autoencoder,822,0.058518
2,tflite_autoencoder,823,0.057111
2,tflite_autoencoder,824,0.057111
2,tflite_autoencoder,825,0.057445
2,tflite_autoencoder,826,0.056926
2,tflite_autoencoder,827,0.057574
2,tflite_autoencoder,828,0.058074
2,tflite_autoencoder,829,0.056481
2,tflite_autoencoder,830,0.0565
2,tflite_autoencoder,831,0.056463
2,tflite_autoencoder,832,0.057074
2,tflite_autoencoder,833,0.057908
2,tflite_autoencoder,834,0.056723
2,tflite_autoencoder,835,0.057037
2,tflite_autoencoder,836,0.05674
2,tflite_autoencoder,837,0.056815
2,tflite_autoencoder,838,0.056537
2,tflite_autoencoder,839,0.056482
2,tflite_autoencoder,840,0.056482
2,tflite_autoencoder,841,0.056648
2,tflite_autoencoder,842,0.0575
2,tflite_autoencoder,843,0.058129
2,tflite_autoencoder,844,0.05713
2,tflite_autoencoder,845,0.057759
2,tflite_autoencoder,846,0.058407
2,tflite_autoencoder,847,0.05724
2,tflite_autoencoder,848,0.058
2,tflite_autoencoder,849,0.056685
2,tflite_autoencoder,850,0.057018
2,tflite_autoencoder,851,0.057241
2,tflite_autoencoder,852,0.057667
2,tflite_autoencoder,853,0.057537
2,tflite_autoencoder,854,0.057
2,tflite_autoencoder,855,0.05687
2,tflite_autoencoder,856,0.0585
2,tflite_autoencoder,857,0.057981
2,tflite_autoencoder,858,0.056722
2,tflite_autoencoder,859,0.064074
2,tflite_autoencoder,860,0.075463
2,tflite_autoencoder,861,0.061407
2,tflite_autoencoder,862,0.058333
2,tflite_autoencoder,863,0.057963
2,tflite_autoencoder,864,0.057315
2,tflite_autoencoder,865,0.057481
2,tflite_autoencoder,866,0.05787
2,tflite_autoencoder,867,0.058296
2,tflite_autoencoder,868,0.057907
2,tflite_autoencoder,869,0.056741
2,tflite_autoencoder,870,0.056833
2,tflite_autoencoder,871,0.058055
2,tflite_autoencoder,872,0.057074
2,tflite_autoencoder,873,0.05724
2,tflite_autoencoder,874,0.057444
2,tflite_autoencoder,875,0.058499
2,tflite_autoencoder,876,0.057111
2,tflite_autoencoder,877,0.056833
2,tflite_autoencoder,878,0.057315
2,tflite_autoencoder,879,0.057426
2,tflite_autoencoder,880,0.057611
2,tflite_autoencoder,881,0.0575
2,tflite_autoencoder,882,0.056611
2,tflite_autoencoder,883,0.058555
2,tflite_autoencoder,884,0.057426
2,tflite_autoencoder,885,0.057185
2,tflite_autoencoder,886,0.056888
2,tflite_autoencoder,887,0.056703
2,tflite_autoencoder,888,0.056555
2,tflite_autoencoder,889,0.056555
2,tflite_autoencoder,890,0.057462
2,tflite_autoencoder,891,0.056389
2,tflite_autoencoder,892,0.057444
2,tflite_autoencoder,893,0.057481
2,tflite_autoencoder,894,0.056759
2,tflite_autoencoder,895,0.056963
2,tflite_autoencoder,896,0.058
2,tflite_autoencoder,897,0.057851
2,tflite_autoencoder,898,0.057555
2,tflite_autoencoder,899,0.057555
2,tflite_autoencoder,900,0.05726
2,tflite_autoencoder,901,0.057851
2,tflite_autoencoder,902,0.056537
2,tflite_autoencoder,903,0.056685
2,tflite_autoencoder,904,0.056759
2,tflite_autoencoder,905,0.057981
2,tflite_autoencoder,906,0.056741
2,tflite_autoencoder,907,0.058629
2,tflite_autoencoder,908,0.058278
2,tflite_autoencoder,909,0.057093
2,tflite_autoencoder,910,0.05663
2,tflite_autoencoder,911,0.056481
2,tflite_autoencoder,912,0.056648
2,tflite_autoencoder,913,0.057722
2,tflite_autoencoder,914,0.057259
2,tflite_autoencoder,915,0.056778
2,tflite_autoencoder,916,0.057518
2,tflite_autoencoder,917,0.057574
2,tflite_autoencoder,918,0.056944
2,tflite_autoencoder,919,0.057333
2,tflite_autoencoder,920,0.057426
2,tflite_autoencoder,921,0.056963
2,tflite_autoencoder,922,0.057204
2,tflite_autoencoder,923,0.056722
2,tflite_autoencoder,924,0.05737
2,tflite_autoencoder,925,0.056741
2,tflite_autoencoder,926,0.056537
2,tflite_autoencoder,927,0.058074
2,tflite_autoencoder,928,0.069481
2,tflite_autoencoder,929,0.0585
2,tflite_autoencoder,930,0.0575
2,tflite_autoencoder,931,0.057963
2,tflite_autoencoder,932,0.057685
2,tflite_autoencoder,933,0.057407
2,tflite_autoencoder,934,0.056704
2,tflite_autoencoder,935,0.057648
2,tflite_autoencoder,936,0.057667
2,tflite_autoencoder,937,0.056574
2,tflite_autoencoder,938,0.057222
2,tflite_autoencoder,939,0.0575
2,tflite_autoencoder,940,0.0565
2,tflite_autoencoder,941,0.057666
2,tflite_autoencoder,942,0.056685
2,tflite_autoencoder,943,0.057741
2,tflite_autoencoder,944,0.057259
2,tflite_autoencoder,945,0.056519
2,tflite_autoencoder,946,0.056555
2,tflite_autoencoder,947,0.057518
2,tflite_autoencoder,948,0.056907
2,tflite_autoencoder,949,0.05737
2,tflite_autoencoder,950,0.056629
2,tflite_autoencoder,951,0.056888
2,tflite_autoencoder,952,0.056259
2,tflite_autoencoder,953,0.05663
2,tflite_autoencoder,954,0.056778
2,tflite_autoencoder,955,0.056574
2,tflite_autoencoder,956,0.056685
2,tflite_autoencoder,957,0.056704
2,tflite_autoencoder,958,0.056593
2,tflite_autoencoder,959,0.057222
2,tflite_autoencoder,960,0.055907
2,tflite_autoencoder,961,0.056685
2,tflite_autoencoder,962,0.05663
2,tflite_autoencoder,963,0.056648
2,tflite_autoencoder,964,0.056593
2,tflite_autoencoder,965,0.057444
2,tflite_autoencoder,966,0.056333
2,tflite_autoencoder,967,0.057685
2,tflite_autoencoder,968,0.056518
2,tflite_autoencoder,969,0.058074
2,tflite_autoencoder,970,0.056815
2,tflite_autoencoder,971,0.056519
2,tflite_autoencoder,972,0.057907
2,tflite_autoencoder,973,0.056815
2,tflite_autoencoder,974,0.057981
2,tflite_autoencoder,975,0.056537
2,tflite_autoencoder,976,0.056611
2,tflite_autoencoder,977,0.056444
2,tflite_autoencoder,978,0.058426
2,tflite_autoencoder,979,0.057352
2,tflite_autoencoder,980,0.057852
2,tflite_autoencoder,981,0.056648
2,tflite_autoencoder,982,0.057037
2,tflite_autoencoder,983,0.057352
2,tflite_autoencoder,984,0.056519
2,tflite_autoencoder,985,0.056815
2,tflite_autoencoder,986,0.056704
2,tflite_autoencoder,987,0.057982
2,tflite_autoencoder,988,0.056852
2,tflite_autoencoder,989,0.056814
2,tflite_autoencoder,990,0.056685
2,tflite_autoencoder,991,0.056907
2,tflite_autoencoder,992,0.0575
2,tflite_autoencoder,993,0.056611
2,tflite_autoencoder,994,0.056519
2,tflite_autoencoder,995,0.056851
2,tflite_autoencoder,996,0.065482
2,tflite_autoencoder,997,0.060389
2,tflite_autoencoder,998,0.05937
2,tflite_autoencoder,999,0.057815
2,tflite_autoencoder,1000,0.056759
2,tflite_autoencoder,1001,0.057148
2,tflite_autoencoder,1002,0.057
2,tflite_autoencoder,1003,0.057093
2,tflite_autoencoder,1004,0.056963
2,tflite_autoencoder,1005,0.056574
2,tflite_autoencoder,1006,0.05724
2,tflite_autoencoder,1007,0.05676
2,tflite_autoencoder,1008,0.057481
2,tflite_autoencoder,1009,0.056907
2,tflite_autoencoder,1010,0.0565
2,tflite_autoencoder,1011,0.056463
2,tflite_autoencoder,1012,0.056834
2,tflite_autoencoder,1013,0.057537
2,tflite_autoencoder,1014,0.056444
2,tflite_autoencoder,1015,0.056611
2,tflite_autoencoder,1016,0.056722
2,tflite_autoencoder,1017,0.056426
2,tflite_autoencoder,1018,0.056685
2,tflite_autoencoder,1019,0.058296
2,tflite_autoencoder,1020,0.056463
2,tflite_autoencoder,1021,0.057426
2,tflite_autoencoder,1022,0.056888
2,tflite_autoencoder,1023,0.057333
2,tflite_autoencoder,1024,0.056389
2,tflite_autoencoder,1025,0.056259
2,tflite_autoencoder,1026,0.056185
2,tflite_autoencoder,1027,0.056759
2,tflite_autoencoder,1028,0.056852
2,tflite_autoencoder,1029,0.056407
2,tflite_autoencoder,1030,0.057111
2,tflite_autoencoder,1031,0.056574
2,tflite_autoencoder,1032,0.057314
2,tflite_autoencoder,1033,0.056462
2,tflite_autoencoder,1034,0.057185
2,tflite_autoencoder,1035,0.056463
2,tflite_autoencoder,1036,0.057334
2,tflite_autoencoder,1037,0.0565
2,tflite_autoencoder,1038,0.056741
2,tflite_autoencoder,1039,0.056667
2,tflite_autoencoder,1040,0.056666
2,tflite_autoencoder,1041,0.056685
2,tflite_autoencoder,1042,0.056889
2,tflite_autoencoder,1043,0.056871
2,tflite_autoencoder,1044,0.0565
2,tflite_autoencoder,1045,0.056649
2,tflite_autoencoder,1046,0.05676
2,tflite_autoencoder,1047,0.057185
2,tflite_autoencoder,1048,0.058111
2,tflite_autoencoder,1049,0.057148
2,tflite_autoencoder,1050,0.056611
2,tflite_autoencoder,1051,0.056111
2,tflite_autoencoder,1052,0.056611
2,tflite_autoencoder,1053,0.056574
2,tflite_autoencoder,1054,0.056426
2,tflite_autoencoder,1055,0.056593
2,tflite_autoencoder,1056,0.056278
2,tflite_autoencoder,1057,0.056222
2,tflite_autoencoder,1058,0.056352
2,tflite_autoencoder,1059,0.057222
2,tflite_autoencoder,1060,0.05624
2,tflite_autoencoder,1061,0.056889
2,tflite_autoencoder,1062,0.0565
2,tflite_autoencoder,1063,0.056537
2,tflite_autoencoder,1064,0.057537
2,tflite_autoencoder,1065,0.07237
2,tflite_autoencoder,1066,0.064759
2,tflite_autoencoder,1067,0.058889
2,tflite_autoencoder,1068,0.057926
2,tflite_autoencoder,1069,0.058389
2,tflite_autoencoder,1070,0.057648
2,tflite_autoencoder,1071,0.057407
2,tflite_autoencoder,1072,0.056944
2,tflite_autoencoder,1073,0.057852
2,tflite_autoencoder,1074,0.058389
2,tflite_autoencoder,1075,0.056852
2,tflite_autoencoder,1076,0.056852
2,tflite_autoencoder,1077,0.05724
2,tflite_autoencoder,1078,0.057851
2,tflite_autoencoder,1079,0.056833
2,tflite_autoencoder,1080,0.056389
2,tflite_autoencoder,1081,0.056574
2,tflite_autoencoder,1082,0.057703
2,tflite_autoencoder,1083,0.056759
2,tflite_autoencoder,1084,0.056389
2,tflite_autoencoder,1085,0.057592
2,tflite_autoencoder,1086,0.056704
2,tflite_autoencoder,1087,0.057111
2,tflite_autoencoder,1088,0.056703
2,tflite_autoencoder,1089,0.05724
2,tflite_autoencoder,1090,0.056481
2,tflite_autoencoder,1091,0.058833
2,tflite_autoencoder,1092,0.058685
2,tflite_autoencoder,1093,0.057963
2,tflite_autoencoder,1094,0.05713
2,tflite_autoencoder,1095,0.056593
2,tflite_autoencoder,1096,0.057444
2,tflite_autoencoder,1097,0.056333
2,tflite_autoencoder,1098,0.056556
2,tflite_autoencoder,1099,0.056056
2,tflite_autoencoder,1100,0.056593
2,tflite_autoencoder,1101,0.057111
2,tflite_autoencoder,1102,0.05687
2,tflite_autoencoder,1103,0.057055
2,tflite_autoencoder,1104,0.056407
2,tflite_autoencoder,1105,0.056871
2,tflite_autoencoder,1106,0.056686
2,tflite_autoencoder,1107,0.056592
2,tflite_autoencoder,1108,0.057
2,tflite_autoencoder,1109,0.056593
2,tflite_autoencoder,1110,0.056444
2,tflite_autoencoder,1111,0.057963
2,tflite_autoencoder,1112,0.057685
2,tflite_autoencoder,1113,0.057592
2,tflite_autoencoder,1114,0.056408
2,tflite_autoencoder,1115,0.057555
2,tflite_autoencoder,1116,0.056074
2,tflite_autoencoder,1117,0.057481
2,tflite_autoencoder,1118,0.056499
2,tflite_autoencoder,1119,0.056463
2,tflite_autoencoder,1120,0.057315
2,tflite_autoencoder,1121,0.056833
2,tflite_autoencoder,1122,0.056592
2,tflite_autoencoder,1123,0.056629
2,tflite_autoencoder,1124,0.056741
2,tflite_autoencoder,1125,0.057018
2,tflite_autoencoder,1126,0.056704
2,tflite_autoencoder,1127,0.056537
2,tflite_autoencoder,1128,0.0565
2,tflite_autoencoder,1129,0.056296
2,tflite_autoencoder,1130,0.056426
2,tflite_autoencoder,1131,0.056852
2,tflite_autoencoder,1132,0.05687
2,tflite_autoencoder,1133,0.057352
2,tflite_autoencoder,1134,0.074574
2,tflite_autoencoder,1135,0.061074
2,tflite_autoencoder,1136,0.058944
2,tflite_autoencoder,1137,0.05737
2,tflite_autoencoder,1138,0.057019
2,tflite_autoencoder,1139,0.057092
2,tflite_autoencoder,1140,0.056908
2,tflite_autoencoder,1141,0.057315
2,tflite_autoencoder,1142,0.058259
2,tflite_autoencoder,1143,0.056648
2,tflite_autoencoder,1144,0.05676
2,tflite_autoencoder,1145,0.057778
2,tflite_autoencoder,1146,0.057222
2,tflite_autoencoder,1147,0.056907
2,tflite_autoencoder,1148,0.057333
2,tflite_autoencoder,1149,0.057203
2,tflite_autoencoder,1150,0.05713
2,tflite_autoencoder,1151,0.058315
2,tflite_autoencoder,1152,0.056592
2,tflite_autoencoder,1153,0.057297
2,tflite_autoencoder,1154,0.056592
2,tflite_autoencoder,1155,0.057148
2,tflite_autoencoder,1156,0.05687
2,tflite_autoencoder,1157,0.056814
2,tflite_autoencoder,1158,0.056722
2,tflite_autoencoder,1159,0.057019
2,tflite_autoencoder,1160,0.05674
2,tflite_autoencoder,1161,0.057315
2,tflite_autoencoder,1162,0.056962
2,tflite_autoencoder,1163,0.056963
2,tflite_autoencoder,1164,0.057093
2,tflite_autoencoder,1165,0.056852
2,tflite_autoencoder,1166,0.057074
2,tflite_autoencoder,1167,0.057686
2,tflite_autoencoder,1168,0.05737
2,tflite_autoencoder,1169,0.057
2,tflite_autoencoder,1170,0.057111
2,tflite_autoencoder,1171,0.057259
2,tflite_autoencoder,1172,0.057722
2,tflite_autoencoder,1173,0.058408
2,tflite_autoencoder,1174,0.056944
2,tflite_autoencoder,1175,0.056537
2,tflite_autoencoder,1176,0.057204
2,tflite_autoencoder,1177,0.057556
2,tflite_autoencoder,1178,0.05713
2,tflite_autoencoder,1179,0.056703
2,tflite_autoencoder,1180,0.057741
2,tflite_autoencoder,1181,0.057092
2,tflite_autoencoder,1182,0.057482
2,tflite_autoencoder,1183,0.058259
2,tflite_autoencoder,1184,0.057407
2,tflite_autoencoder,1185,0.05663
2,tflite_autoencoder,1186,0.056667
2,tflite_autoencoder,1187,0.057778
2,tflite_autoencoder,1188,0.057167
2,tflite_autoencoder,1189,0.056463
2,tflite_autoencoder,1190,0.056592
2,tflite_autoencoder,1191,0.057
2,tflite_autoencoder,1192,0.057852
2,tflite_autoencoder,1193,0.057389
2,tflite_autoencoder,1194,0.057277
2,tflite_autoencoder,1195,0.056982
2,tflite_autoencoder,1196,0.057833
2,tflite_autoencoder,1197,0.058166
2,tflite_autoencoder,1198,0.057778
2,tflite_autoencoder,1199,0.057204
2,tflite_autoencoder,1200,0.057111
2,tflite_autoencoder,1201,0.056555
2,tflite_autoencoder,1202,0.073093
2,tflite_autoencoder,1203,0.064277
2,tflite_autoencoder,1204,0.059166
2,tflite_autoencoder,1205,0.057222
2,tflite_autoencoder,1206,0.058333
2,tflite_autoencoder,1207,0.057278
2,tflite_autoencoder,1208,0.057018
2,tflite_autoencoder,1209,0.057
2,tflite_autoencoder,1210,0.056889
2,tflite_autoencoder,1211,0.058037
2,tflite_autoencoder,1212,0.056815
2,tflite_autoencoder,1213,0.056834
2,tflite_autoencoder,1214,0.057408
2,tflite_autoencoder,1215,0.058037
2,tflite_autoencoder,1216,0.058093
2,tflite_autoencoder,1217,0.057222
2,tflite_autoencoder,1218,0.056648
2,tflite_autoencoder,1219,0.05687
2,tflite_autoencoder,1220,0.056944
2,tflite_autoencoder,1221,0.056666
2,tflite_autoencoder,1222,0.056833
2,tflite_autoencoder,1223,0.056352
2,tflite_autoencoder,1224,0.056518
2,tflite_autoencoder,1225,0.056426
2,tflite_autoencoder,1226,0.056907
2,tflite_autoencoder,1227,0.057851
2,tflite_autoencoder,1228,0.057519
2,tflite_autoencoder,1229,0.057574
2,tflite_autoencoder,1230,0.056519
2,tflite_autoencoder,1231,0.056611
2,tflite_autoencoder,1232,0.057259
2,tflite_autoencoder,1233,0.057278
2,tflite_autoencoder,1234,0.05687
2,tflite_autoencoder,1235,0.056592
2,tflite_autoencoder,1236,0.058351
2,tflite_autoencoder,1237,0.058167
2,tflite_autoencoder,1238,0.05713
2,tflite_autoencoder,1239,0.057778
2,tflite_autoencoder,1240,0.056703
2,tflite_autoencoder,1241,0.056722
2,tflite_autoencoder,1242,0.058185
2,tflite_autoencoder,1243,0.057259
2,tflite_autoencoder,1244,0.056482
2,tflite_autoencoder,1245,0.056556
2,tflite_autoencoder,1246,0.057703
2,tflite_autoencoder,1247,0.056908
2,tflite_autoencoder,1248,0.056334
2,tflite_autoencoder,1249,0.056722
2,tflite_autoencoder,1250,0.056944
2,tflite_autoencoder,1251,0.057037
2,tflite_autoencoder,1252,0.057
2,tflite_autoencoder,1253,0.057259
2,tflite_autoencoder,1254,0.057314
2,tflite_autoencoder,1255,0.05737
2,tflite_autoencoder,1256,0.056685
2,tflite_autoencoder,1257,0.056537
2,tflite_autoencoder,1258,0.056241
2,tflite_autoencoder,1259,0.05637
2,tflite_autoencoder,1260,0.056815
2,tflite_autoencoder,1261,0.058129
2,tflite_autoencoder,1262,0.057055
2,tflite_autoencoder,1263,0.056408
2,tflite_autoencoder,1264,0.056555
2,tflite_autoencoder,1265,0.0565
2,tflite_autoencoder,1266,0.0565
2,tflite_autoencoder,1267,0.056777
2,tflite_autoencoder,1268,0.056814
2,tflite_autoencoder,1269,0.05713
2,tflite_autoencoder,1270,0.056796
2,tflite_autoencoder,1271,0.080555
2,tflite_autoencoder,1272,0.060037
2,tflite_autoencoder,1273,0.05826
2,tflite_autoencoder,1274,0.057963
2,tflite_autoencoder,1275,0.057
2,tflite_autoencoder,1276,0.05737
2,tflite_autoencoder,1277,0.057222
2,tflite_autoencoder,1278,0.05724
2,tflite_autoencoder,1279,0.05787
2,tflite_autoencoder,1280,0.056852
2,tflite_autoencoder,1281,0.056945
2,tflite_autoencoder,1282,0.056629
2,tflite_autoencoder,1283,0.058222
2,tflite_autoencoder,1284,0.056944
2,tflite_autoencoder,1285,0.057241
2,tflite_autoencoder,1286,0.057315
2,tflite_autoencoder,1287,0.058037
2,tflite_autoencoder,1288,0.056592
2,tflite_autoencoder,1289,0.057018
2,tflite_autoencoder,1290,0.057574
2,tflite_autoencoder,1291,0.057056
2,tflite_autoencoder,1292,0.056944
2,tflite_autoencoder,1293,0.057797
2,tflite_autoencoder,1294,0.056315
2,tflite_autoencoder,1295,0.056537
2,tflite_autoencoder,1296,0.057
2,tflite_autoencoder,1297,0.056425
2,tflite_autoencoder,1298,0.05674
2,tflite_autoencoder,1299,0.056778
2,tflite_autoencoder,1300,0.056555
2,tflite_autoencoder,1301,0.056555
2,tflite_autoencoder,1302,0.05674
2,tflite_autoencoder,1303,0.056574
2,tflite_autoencoder,1304,0.056722
2,tflite_autoencoder,1305,0.056796
2,tflite_autoencoder,1306,0.056666
2,tflite_autoencoder,1307,0.057037
2,tflite_autoencoder,1308,0.056981
2,tflite_autoencoder,1309,0.056611
2,tflite_autoencoder,1310,0.057537
2,tflite_autoencoder,1311,0.056462
2,tflite_autoencoder,1312,0.05763
2,tflite_autoencoder,1313,0.057833
2,tflite_autoencoder,1314,0.056444
2,tflite_autoencoder,1315,0.056408
2,tflite_autoencoder,1316,0.057018
2,tflite_autoencoder,1317,0.056556
2,tflite_autoencoder,1318,0.058092
2,tflite_autoencoder,1319,0.056314
2,tflite_autoencoder,1320,0.057314
2,tflite_autoencoder,1321,0.056704
2,tflite_autoencoder,1322,0.056907
2,tflite_autoencoder,1323,0.056556
2,tflite_autoencoder,1324,0.058408
2,tflite_autoencoder,1325,0.056777
2,tflite_autoencoder,1326,0.056889
2,tflite_autoencoder,1327,0.057574
2,tflite_autoencoder,1328,0.056889
2,tflite_autoencoder,1329,0.057685
2,tflite_autoencoder,1330,0.056963
2,tflite_autoencoder,1331,0.056889
2,tflite_autoencoder,1332,0.056444
2,tflite_autoencoder,1333,0.058259
2,tflite_autoencoder,1334,0.056648
2,tflite_autoencoder,1335,0.056648
2,tflite_autoencoder,1336,0.056981
2,tflite_autoencoder,1337,0.057759
2,tflite_autoencoder,1338,0.057537
2,tflite_autoencoder,1339,0.075834
2,tflite_autoencoder,1340,0.063703
2,tflite_autoencoder,1341,0.058481
2,tflite_autoencoder,1342,0.057278
2,tflite_autoencoder,1343,0.05863
2,tflite_autoencoder,1344,0.056908
2,tflite_autoencoder,1345,0.056741
2,tflite_autoencoder,1346,0.057204
2,tflite_autoencoder,1347,0.056815
2,tflite_autoencoder,1348,0.057537
2,tflite_autoencoder,1349,0.0575
2,tflite_autoencoder,1350,0.057741
2,tflite_autoencoder,1351,0.056352
2,tflite_autoencoder,1352,0.056037
2,tflite_autoencoder,1353,0.056111
2,tflite_autoencoder,1354,0.05674
2,tflite_autoencoder,1355,0.056555
2,tflite_autoencoder,1356,0.057148
2,tflite_autoencoder,1357,0.056556
2,tflite_autoencoder,1358,0.056297
2,tflite_autoencoder,1359,0.057648
2,tflite_autoencoder,1360,0.05663
2,tflite_autoencoder,1361,0.056722
2,tflite_autoencoder,1362,0.05674
2,tflite_autoencoder,1363,0.057352
2,tflite_autoencoder,1364,0.056666
2,tflite_autoencoder,1365,0.056759
2,tflite_autoencoder,1366,0.056481
2,tflite_autoencoder,1367,0.05624
2,tflite_autoencoder,1368,0.05637
2,tflite_autoencoder,1369,0.056315
2,tflite_autoencoder,1370,0.057056
2,tflite_autoencoder,1371,0.05713
2,tflite_autoencoder,1372,0.056926
2,tflite_autoencoder,1373,0.056592
2,tflite_autoencoder,1374,0.056519
2,tflite_autoencoder,1375,0.056648
2,tflite_autoencoder,1376,0.056648
2,tflite_autoencoder,1377,0.056667
2,tflite_autoencoder,1378,0.056593
2,tflite_autoencoder,1379,0.056703
2,tflite_autoencoder,1380,0.056315
2,tflite_autoencoder,1381,0.056834
2,tflite_autoencoder,1382,0.057463
2,tflite_autoencoder,1383,0.05724
2,tflite_autoencoder,1384,0.057537
2,tflite_autoencoder,1385,0.056945
2,tflite_autoencoder,1386,0.056223
2,tflite_autoencoder,1387,0.056074
2,tflite_autoencoder,1388,0.056278
2,tflite_autoencoder,1389,0.055945
2,tflite_autoencoder,1390,0.056444
2,tflite_autoencoder,1391,0.057963
2,tflite_autoencoder,1392,0.057055
2,tflite_autoencoder,1393,0.056445
2,tflite_autoencoder,1394,0.056222
2,tflite_autoencoder,1395,0.05663
2,tflite_autoencoder,1396,0.056278
2,tflite_autoencoder,1397,0.05637
2,tflite_autoencoder,1398,0.057
2,tflite_autoencoder,1399,0.056278
2,tflite_autoencoder,1400,0.056463
2,tflite_autoencoder,1401,0.057999
2,tflite_autoencoder,1402,0.058204
2,tflite_autoencoder,1403,0.056666
2,tflite_autoencoder,1404,0.056722
2,tflite_autoencoder,1405,0.056981
2,tflite_autoencoder,1406,0.057703
2,tflite_autoencoder,1407,0.057314
2,tflite_autoencoder,1408,0.078851
2,tflite_autoencoder,1409,0.061778
2,tflite_autoencoder,1410,0.058426
2,tflite_autoencoder,1411,0.058241
2,tflite_autoencoder,1412,0.057
2,tflite_autoencoder,1413,0.057611
2,tflite_autoencoder,1414,0.056555
2,tflite_autoencoder,1415,0.056685
2,tflite_autoencoder,1416,0.056685
2,tflite_autoencoder,1417,0.057648
2,tflite_autoencoder,1418,0.056999
2,tflite_autoencoder,1419,0.056759
2,tflite_autoencoder,1420,0.056629
2,tflite_autoencoder,1421,0.05713
2,tflite_autoencoder,1422,0.057592
2,tflite_autoencoder,1423,0.056574
2,tflite_autoencoder,1424,0.056722
2,tflite_autoencoder,1425,0.057129
2,tflite_autoencoder,1426,0.05787
2,tflite_autoencoder,1427,0.057055
2,tflite_autoencoder,1428,0.057667
2,tflite_autoencoder,1429,0.056778
2,tflite_autoencoder,1430,0.058315
2,tflite_autoencoder,1431,0.056982
2,tflite_autoencoder,1432,0.057019
2,tflite_autoencoder,1433,0.057593
2,tflite_autoencoder,1434,0.056963
2,tflite_autoencoder,1435,0.05787
2,tflite_autoencoder,1436,0.057333
2,tflite_autoencoder,1437,0.056777
2,tflite_autoencoder,1438,0.056963
2,tflite_autoencoder,1439,0.056944
2,tflite_autoencoder,1440,0.058889
2,tflite_autoencoder,1441,0.057815
2,tflite_autoencoder,1442,0.057334
2,tflite_autoencoder,1443,0.057185
2,tflite_autoencoder,1444,0.05676
2,tflite_autoencoder,1445,0.056778
2,tflite_autoencoder,1446,0.057444
2,tflite_autoencoder,1447,0.057389
2,tflite_autoencoder,1448,0.056777
2,tflite_autoencoder,1449,0.057296
2,tflite_autoencoder,1450,0.05763
2,tflite_autoencoder,1451,0.057296
2,tflite_autoencoder,1452,0.056963
2,tflite_autoencoder,1453,0.057574
2,tflite_autoencoder,1454,0.056777
2,tflite_autoencoder,1455,0.058352
2,tflite_autoencoder,1456,0.057389
2,tflite_autoencoder,1457,0.057555
2,tflite_autoencoder,1458,0.057296
2,tflite_autoencoder,1459,0.05763
2,tflite_autoencoder,1460,0.057944
2,tflite_autoencoder,1461,0.056833
2,tflite_autoencoder,1462,0.057815
2,tflite_autoencoder,1463,0.058352
2,tflite_autoencoder,1464,0.057129
2,tflite_autoencoder,1465,0.056945
2,tflite_autoencoder,1466,0.057204
2,tflite_autoencoder,1467,0.056759
2,tflite_autoencoder,1468,0.056463
2,tflite_autoencoder,1469,0.05663
2,tflite_autoencoder,1470,0.057037
2,tflite_autoencoder,1471,0.056703
2,tflite_autoencoder,1472,0.056425
2,tflite_autoencoder,1473,0.056833
2,tflite_autoencoder,1474,0.057278
2,tflite_autoencoder,1475,0.057222
2,tflite_autoencoder,1476,0.067092
2,tflite_autoencoder,1477,0.060314
2,tflite_autoencoder,1478,0.056797
2,tflite_autoencoder,1479,0.057426
2,tflite_autoencoder,1480,0.056203
2,tflite_autoencoder,1481,0.056519
2,tflite_autoencoder,1482,0.056889
2,tflite_autoencoder,1483,0.056186
2,tflite_autoencoder,1484,0.056463
2,tflite_autoencoder,1485,0.056741
2,tflite_autoencoder,1486,0.056703
2,tflite_autoencoder,1487,0.057185
2,tflite_autoencoder,1488,0.056481
2,tflite_autoencoder,1489,0.057111
2,tflite_autoencoder,1490,0.056574
2,tflite_autoencoder,1491,0.057222
2,tflite_autoencoder,1492,0.056389
2,tflite_autoencoder,1493,0.0565
2,tflite_autoencoder,1494,0.057
2,tflite_autoencoder,1495,0.057426
2,tflite_autoencoder,1496,0.056685
2,tflite_autoencoder,1497,0.057167
2,tflite_autoencoder,1498,0.056408
2,tflite_autoencoder,1499,0.056574
2,tflite_autoencoder,1500,0.056759
2,tflite_autoencoder,1501,0.056277
2,tflite_autoencoder,1502,0.057462
2,tflite_autoencoder,1503,0.05687
2,tflite_autoencoder,1504,0.056889
2,tflite_autoencoder,1505,0.057241
2,tflite_autoencoder,1506,0.056815
2,tflite_autoencoder,1507,0.05663
2,tflite_autoencoder,1508,0.058351
2,tflite_autoencoder,1509,0.058037
2,tflite_autoencoder,1510,0.056611
2,tflite_autoencoder,1511,0.056926
2,tflite_autoencoder,1512,0.056537
2,tflite_autoencoder,1513,0.0565
2,tflite_autoencoder,1514,0.056056
2,tflite_autoencoder,1515,0.056592
2,tflite_autoencoder,1516,0.057963
2,tflite_autoencoder,1517,0.056814
2,tflite_autoencoder,1518,0.056685
2,tflite_autoencoder,1519,0.056574
2,tflite_autoencoder,1520,0.057833
2,tflite_autoencoder,1521,0.056555
2,tflite_autoencoder,1522,0.056296
2,tflite_autoencoder,1523,0.056574
2,tflite_autoencoder,1524,0.058093
2,tflite_autoencoder,1525,0.058334
2,tflite_autoencoder,1526,0.05663
2,tflite_autoencoder,1527,0.056667
2,tflite_autoencoder,1528,0.056833
2,tflite_autoencoder,1529,0.056537
2,tflite_autoencoder,1530,0.057167
2,tflite_autoencoder,1531,0.056796
2,tflite_autoencoder,1532,0.056333
2,tflite_autoencoder,1533,0.057278
2,tflite_autoencoder,1534,0.057018
2,tflite_autoencoder,1535,0.056926
2,tflite_autoencoder,1536,0.057685
2,tflite_autoencoder,1537,0.056685
2,tflite_autoencoder,1538,0.057519
2,tflite_autoencoder,1539,0.056537
2,tflite_autoencoder,1540,0.056334
2,tflite_autoencoder,1541,0.056296
2,tflite_autoencoder,1542,0.056074
2,tflite_autoencoder,1543,0.056278
2,tflite_autoencoder,1544,0.05637
2,tflite_autoencoder,1545,0.067537
2,tflite_autoencoder,1546,0.058593
2,tflite_autoencoder,1547,0.057148
2,tflite_autoencoder,1548,0.058074
2,tflite_autoencoder,1549,0.05826
2,tflite_autoencoder,1550,0.056555
2,tflite_autoencoder,1551,0.056611
2,tflite_autoencoder,1552,0.057667
2,tflite_autoencoder,1553,0.056907
2,tflite_autoencoder,1554,0.058222
2,tflite_autoencoder,1555,0.057537
2,tflite_autoencoder,1556,0.056593
2,tflite_autoencoder,1557,0.056519
2,tflite_autoencoder,1558,0.057685
2,tflite_autoencoder,1559,0.058814
2,tflite_autoencoder,1560,0.057611
2,tflite_autoencoder,1561,0.05726
2,tflite_autoencoder,1562,0.056444
2,tflite_autoencoder,1563,0.05776
2,tflite_autoencoder,1564,0.057111
2,tflite_autoencoder,1565,0.058093
2,tflite_autoencoder,1566,0.05687
2,tflite_autoencoder,1567,0.056963
2,tflite_autoencoder,1568,0.057519
2,tflite_autoencoder,1569,0.056944
2,tflite_autoencoder,1570,0.058704
2,tflite_autoencoder,1571,0.058092
2,tflite_autoencoder,1572,0.058148
2,tflite_autoencoder,1573,0.058297
2,tflite_autoencoder,1574,0.057518
2,tflite_autoencoder,1575,0.057277
2,tflite_autoencoder,1576,0.056889
2,tflite_autoencoder,1577,0.057407
2,tflite_autoencoder,1578,0.057537
2,tflite_autoencoder,1579,0.057334
2,tflite_autoencoder,1580,0.056593
2,tflite_autoencoder,1581,0.058167
2,tflite_autoencoder,1582,0.056555
2,tflite_autoencoder,1583,0.058222
2,tflite_autoencoder,1584,0.056518
2,tflite_autoencoder,1585,0.057074
2,tflite_autoencoder,1586,0.059092
2,tflite_autoencoder,1587,0.058371
2,tflite_autoencoder,1588,0.057981
2,tflite_autoencoder,1589,0.056685
2,tflite_autoencoder,1590,0.057944
2,tflite_autoencoder,1591,0.056907
2,tflite_autoencoder,1592,0.056722
2,tflite_autoencoder,1593,0.05637
2,tflite_autoencoder,1594,0.058093
2,tflite_autoencoder,1595,0.057777
2,tflite_autoencoder,1596,0.058296
2,tflite_autoencoder,1597,0.058
2,tflite_autoencoder,1598,0.057222
2,tflite_autoencoder,1599,0.056926
2,tflite_autoencoder,1600,0.056426
2,tflite_autoencoder,1601,0.057519
2,tflite_autoencoder,1602,0.057703
2,tflite_autoencoder,1603,0.056611
2,tflite_autoencoder,1604,0.056518
2,tflite_autoencoder,1605,0.057629
2,tflite_autoencoder,1606,0.056666
2,tflite_autoencoder,1607,0.057222
2,tflite_autoencoder,1608,0.056722
2,tflite_autoencoder,1609,0.05787
2,tflite_autoencoder,1610,0.057537
2,tflite_autoencoder,1611,0.0565
2,tflite_autoencoder,1612,0.056519
2,tflite_autoencoder,1613,0.073944
2,tflite_autoencoder,1614,0.063648
2,tflite_autoencoder,1615,0.058444
2,tflite_autoencoder,1616,0.059
2,tflite_autoencoder,1617,0.056833
2,tflite_autoencoder,1618,0.058574
2,tflite_autoencoder,1619,0.057426
2,tflite_autoencoder,1620,0.056925
2,tflite_autoencoder,1621,0.056259
2,tflite_autoencoder,1622,0.057593
2,tflite_autoencoder,1623,0.057796
2,tflite_autoencoder,1624,0.057833
2,tflite_autoencoder,1625,0.056703
2,tflite_autoencoder,1626,0.056815
2,tflite_autoencoder,1627,0.057167
2,tflite_autoencoder,1628,0.058037
2,tflite_autoencoder,1629,0.056907
2,tflite_autoencoder,1630,0.057167
2,tflite_autoencoder,1631,0.056759
2,tflite_autoencoder,1632,0.056851
2,tflite_autoencoder,1633,0.058185
2,tflite_autoencoder,1634,0.056778
2,tflite_autoencoder,1635,0.05737
2,tflite_autoencoder,1636,0.056981
2,tflite_autoencoder,1637,0.05687
2,tflite_autoencoder,1638,0.057315
2,tflite_autoencoder,1639,0.057
2,tflite_autoencoder,1640,0.057408
2,tflite_autoencoder,1641,0.057055
2,tflite_autoencoder,1642,0.056851
2,tflite_autoencoder,1643,0.056926
2,tflite_autoencoder,1644,0.056629
2,tflite_autoencoder,1645,0.05674
2,tflite_autoencoder,1646,0.056407
2,tflite_autoencoder,1647,0.056871
2,tflite_autoencoder,1648,0.057981
2,tflite_autoencoder,1649,0.057481
2,tflite_autoencoder,1650,0.057167
2,tflite_autoencoder,1651,0.056463
2,tflite_autoencoder,1652,0.056444
2,tflite_autoencoder,1653,0.056648
2,tflite_autoencoder,1654,0.056556
2,tflite_autoencoder,1655,0.057796
2,tflite_autoencoder,1656,0.057222
2,tflite_autoencoder,1657,0.058426
2,tflite_autoencoder,1658,0.058222
2,tflite_autoencoder,1659,0.056852
2,tflite_autoencoder,1660,0.056241
2,tflite_autoencoder,1661,0.057333
2,tflite_autoencoder,1662,0.056463
2,tflite_autoencoder,1663,0.05663
2,tflite_autoencoder,1664,0.056741
2,tflite_autoencoder,1665,0.057777
2,tflite_autoencoder,1666,0.056759
2,tflite_autoencoder,1667,0.057129
2,tflite_autoencoder,1668,0.057574
2,tflite_autoencoder,1669,0.056704
2,tflite_autoencoder,1670,0.056463
2,tflite_autoencoder,1671,0.057574
2,tflite_autoencoder,1672,0.057056
2,tflite_autoencoder,1673,0.056833
2,tflite_autoencoder,1674,0.056389
2,tflite_autoencoder,1675,0.057074
2,tflite_autoencoder,1676,0.056296
2,tflite_autoencoder,1677,0.05763
2,tflite_autoencoder,1678,0.056574
2,tflite_autoencoder,1679,0.058259
2,tflite_autoencoder,1680,0.056981
2,tflite_autoencoder,1681,0.065074
2,tflite_autoencoder,1682,0.071314
2,tflite_autoencoder,1683,0.060222
2,tflite_autoencoder,1684,0.057963
2,tflite_autoencoder,1685,0.058963
2,tflite_autoencoder,1686,0.057352
2,tflite_autoencoder,1687,0.057203
2,tflite_autoencoder,1688,0.0575
2,tflite_autoencoder,1689,0.057778
2,tflite_autoencoder,1690,0.056907
2,tflite_autoencoder,1691,0.057519
2,tflite_autoencoder,1692,0.057481
2,tflite_autoencoder,1693,0.058037
2,tflite_autoencoder,1694,0.058037
2,tflite_autoencoder,1695,0.056963
2,tflite_autoencoder,1696,0.057815
2,tflite_autoencoder,1697,0.057426
2,tflite_autoencoder,1698,0.056963
2,tflite_autoencoder,1699,0.057315
2,tflite_autoencoder,1700,0.056741
2,tflite_autoencoder,1701,0.057222
2,tflite_autoencoder,1702,0.057963
2,tflite_autoencoder,1703,0.056704
2,tflite_autoencoder,1704,0.058037
2,tflite_autoencoder,1705,0.056648
2,tflite_autoencoder,1706,0.057796
2,tflite_autoencoder,1707,0.056981
2,tflite_autoencoder,1708,0.056685
2,tflite_autoencoder,1709,0.057019
2,tflite_autoencoder,1710,0.05763
2,tflite_autoencoder,1711,0.057223
2,tflite_autoencoder,1712,0.056463
2,tflite_autoencoder,1713,0.056833
2,tflite_autoencoder,1714,0.057685
2,tflite_autoencoder,1715,0.057352
2,tflite_autoencoder,1716,0.056388
2,tflite_autoencoder,1717,0.056685
2,tflite_autoencoder,1718,0.057555
2,tflite_autoencoder,1719,0.057148
2,tflite_autoencoder,1720,0.057297
2,tflite_autoencoder,1721,0.056981
2,tflite_autoencoder,1722,0.057093
2,tflite_autoencoder,1723,0.057481
2,tflite_autoencoder,1724,0.057241
2,tflite_autoencoder,1725,0.05674
2,tflite_autoencoder,1726,0.05663
2,tflite_autoencoder,1727,0.057185
2,tflite_autoencoder,1728,0.057685
2,tflite_autoencoder,1729,0.057018
2,tflite_autoencoder,1730,0.057074
2,tflite_autoencoder,1731,0.057815
2,tflite_autoencoder,1732,0.056889
2,tflite_autoencoder,1733,0.057741
2,tflite_autoencoder,1734,0.056759
2,tflite_autoencoder,1735,0.057592
2,tflite_autoencoder,1736,0.05663
2,tflite_autoencoder,1737,0.0575
2,tflite_autoencoder,1738,0.056407
2,tflite_autoencoder,1739,0.056648
2,tflite_autoencoder,1740,0.057574
2,tflite_autoencoder,1741,0.057241
2,tflite_autoencoder,1742,0.056389
2,tflite_autoencoder,1743,0.056833
2,tflite_autoencoder,1744,0.057778
2,tflite_autoencoder,1745,0.057482
2,tflite_autoencoder,1746,0.057111
2,tflite_autoencoder,1747,0.057204
2,tflite_autoencoder,1748,0.057203
2,tflite_autoencoder,1749,0.057315
2,tflite_autoencoder,1750,0.068685
2,tflite_autoencoder,1751,0.058463
2,tflite_autoencoder,1752,0.057241
2,tflite_autoencoder,1753,0.057666
2,tflite_autoencoder,1754,0.057667
2,tflite_autoencoder,1755,0.058092
2,tflite_autoencoder,1756,0.057296
2,tflite_autoencoder,1757,0.05687
2,tflite_autoencoder,1758,0.057611
2,tflite_autoencoder,1759,0.056611
2,tflite_autoencoder,1760,0.058296
2,tflite_autoencoder,1761,0.057
2,tflite_autoencoder,1762,0.056851
2,tflite_autoencoder,1763,0.057518
2,tflite_autoencoder,1764,0.057018
2,tflite_autoencoder,1765,0.058518
2,tflite_autoencoder,1766,0.057611
2,tflite_autoencoder,1767,0.057185
2,tflite_autoencoder,1768,0.056778
2,tflite_autoencoder,1769,0.056833
2,tflite_autoencoder,1770,0.057926
2,tflite_autoencoder,1771,0.056944
2,tflite_autoencoder,1772,0.057259
2,tflite_autoencoder,1773,0.05737
2,tflite_autoencoder,1774,0.056426
2,tflite_autoencoder,1775,0.057555
2,tflite_autoencoder,1776,0.057593
2,tflite_autoencoder,1777,0.056371
2,tflite_autoencoder,1778,0.056481
2,tflite_autoencoder,1779,0.0565
2,tflite_autoencoder,1780,0.056777
2,tflite_autoencoder,1781,0.056815
2,tflite_autoencoder,1782,0.056907
2,tflite_autoencoder,1783,0.057685
2,tflite_autoencoder,1784,0.056982
2,tflite_autoencoder,1785,0.057852
2,tflite_autoencoder,1786,0.057037
2,tflite_autoencoder,1787,0.057926
2,tflite_autoencoder,1788,0.056574
2,tflite_autoencoder,1789,0.056537
2,tflite_autoencoder,1790,0.057889
2,tflite_autoencoder,1791,0.056648
2,tflite_autoencoder,1792,0.057482
2,tflite_autoencoder,1793,0.05763
2,tflite_autoencoder,1794,0.057444
2,tflite_autoencoder,1795,0.056797
2,tflite_autoencoder,1796,0.056407
2,tflite_autoencoder,1797,0.056982
2,tflite_autoencoder,1798,0.056871
2,tflite_autoencoder,1799,0.056815
2,tflite_autoencoder,1800,0.057352
2,tflite_autoencoder,1801,0.056574
2,tflite_autoencoder,1802,0.056851
2,tflite_autoencoder,1803,0.056704
2,tflite_autoencoder,1804,0.057611
2,tflite_autoencoder,1805,0.057482
2,isolation_forest,1,12.682054
2,isolation_forest,2,12.628276
2,isolation_forest,3,12.743202
2,isolation_forest,4,14.940866
2,isolation_forest,5,15.038717
2,isolation_forest,6,14.077793
2,isolation_forest,7,13.939885
2,isolation_forest,8,13.641515
2,isolation_forest,9,13.039849
2,isolation_forest,10,12.889202
2,isolation_forest,11,12.79485
2,isolation_forest,12,12.796109
2,isolation_forest,13,12.755499
2,isolation_forest,14,12.765721
2,isolation_forest,15,12.70948
2,isolation_forest,16,12.693091
2,isolation_forest,17,12.709869
2,isolation_forest,18,12.607665
2,isolation_forest,19,12.91348
2,isolation_forest,20,13.022591
2,isolation_forest,21,12.980405
2,isolation_forest,22,12.941646
2,isolation_forest,23,12.98085
2,isolation_forest,24,12.961035
2,isolation_forest,25,12.889165
2,isolation_forest,26,12.743831
2,isolation_forest,27,13.031831
2,isolation_forest,28,13.139127
2,isolation_forest,29,12.906202
2,isolation_forest,30,12.707813
2,isolation_forest,31,12.664591
2,isolation_forest,32,12.661924
2,isolation_forest,33,12.688536
2,isolation_forest,34,12.655258
2,isolation_forest,35,12.703573
2,isolation_forest,36,12.829072
2,isolation_forest,37,12.764573
2,isolation_forest,38,12.768314
2,isolation_forest,39,12.750387
2,isolation_forest,40,12.731054
2,isolation_forest,41,12.76248
2,isolation_forest,42,12.736869
2,isolation_forest,43,12.702165
2,isolation_forest,44,12.720813
2,isolation_forest,45,12.788795
2,isolation_forest,46,12.687406
2,isolation_forest,47,12.716832
2,isolation_forest,48,12.67235
2,isolation_forest,49,12.71874
2,isolation_forest,50,14.729773
2,isolation_forest,51,14.810162
2,isolation_forest,52,14.341107
2,isolation_forest,53,13.694311
2,isolation_forest,54,13.186665
2,isolation_forest,55,13.180146
2,isolation_forest,56,13.096739
2,isolation_forest,57,13.129183
2,isolation_forest,58,13.02385
2,isolation_forest,59,12.973053
2,isolation_forest,60,12.931795
2,isolation_forest,61,12.852554
2,isolation_forest,62,12.789554
2,isolation_forest,63,12.713017
2,isolation_forest,64,12.651369
2,isolation_forest,65,12.87498
2,isolation_forest,66,13.118646
2,isolation_forest,67,13.180312
2,isolation_forest,68,12.950294
2,isolation_forest,69,12.941164
2,isolation_forest,70,12.888442
2,isolation_forest,71,12.796313
2,isolation_forest,72,13.580052
2,isolation_forest,73,12.92272
2,isolation_forest,74,12.886813
2,isolation_forest,75,12.881165
2,isolation_forest,76,12.836961
2,isolation_forest,77,12.762665
2,isolation_forest,78,12.794776
2,isolation_forest,79,12.779924
2,isolation_forest,80,12.843388
2,isolation_forest,81,12.913961
2,isolation_forest,82,13.738256
2,isolation_forest,83,14.081552
2,isolation_forest,84,13.171942
2,isolation_forest,85,13.053923
2,isolation_forest,86,13.010035
2,isolation_forest,87,13.237497
2,isolation_forest,88,14.343052
2,isolation_forest,89,14.044015
2,isolation_forest,90,13.194739
2,isolation_forest,91,12.965017
2,isolation_forest,92,12.902406
2,isolation_forest,93,12.782517
2,isolation_forest,94,12.823664
2,isolation_forest,95,13.155091
2,isolation_forest,96,15.279068
2,isolation_forest,97,14.440422
2,isolation_forest,98,14.062089
2,isolation_forest,99,13.199386
2,isolation_forest,100,13.105146
2,isolation_forest,101,12.975387
2,isolation_forest,102,12.926535
2,isolation_forest,103,12.93648
2,isolation_forest,104,13.03585
2,isolation_forest,105,12.947646
2,isolation_forest,106,12.882073
2,isolation_forest,107,12.831739
2,isolation_forest,108,12.833406
2,isolation_forest,109,12.693129
2,isolation_forest,110,12.738387
2,isolation_forest,111,12.933387
2,isolation_forest,112,13.044054
2,isolation_forest,113,12.90572
2,isolation_forest,114,12.924646
2,isolation_forest,115,12.829313
2,isolation_forest,116,12.775851
2,isolation_forest,117,12.963221
2,isolation_forest,118,13.21272
2,isolation_forest,119,13.069091
2,isolation_forest,120,12.955257
2,isolation_forest,121,12.81098
2,isolation_forest,122,12.785628
2,isolation_forest,123,12.801221
2,isolation_forest,124,12.778091
2,isolation_forest,125,12.764165
2,isolation_forest,126,12.677906
2,isolation_forest,127,12.844258
2,isolation_forest,128,12.91735
2,isolation_forest,129,12.816313
2,isolation_forest,130,12.709073
2,isolation_forest,131,12.690869
2,isolation_forest,132,12.758443
2,isolation_forest,133,12.959073
2,isolation_forest,134,12.811776
2,isolation_forest,135,12.80898
2,isolation_forest,136,12.815313
2,isolation_forest,137,12.802554
2,isolation_forest,138,12.766443
2,isolation_forest,139,12.748703
2,isolation_forest,140,12.766868
2,isolation_forest,141,12.737592
2,isolation_forest,142,15.272939
2,isolation_forest,143,14.829681
2,isolation_forest,144,14.135071
2,isolation_forest,145,13.372386
2,isolation_forest,146,13.076665
2,isolation_forest,147,12.916035
2,isolation_forest,148,12.947017
2,isolation_forest,149,12.920276
2,isolation_forest,150,12.840054
2,isolation_forest,151,12.855536
2,isolation_forest,152,12.860573
2,isolation_forest,153,12.822128
2,isolation_forest,154,13.446201
2,isolation_forest,155,12.801054
2,isolation_forest,156,12.867665
2,isolation_forest,157,13.111628
2,isolation_forest,158,13.643404
2,isolation_forest,159,14.006589
2,isolation_forest,160,13.073998
2,isolation_forest,161,12.905832
2,isolation_forest,162,12.898498
2,isolation_forest,163,12.808091
2,isolation_forest,164,12.781036
2,isolation_forest,165,12.799073
2,isolation_forest,166,12.775869
2,isolation_forest,167,12.691888
2,isolation_forest,168,12.726054
2,isolation_forest,169,12.719814
2,isolation_forest,170,12.705257
2,isolation_forest,171,12.708887
2,isolation_forest,172,12.760684
2,isolation_forest,173,12.773573
2,isolation_forest,174,12.799924
2,isolation_forest,175,12.810035
2,isolation_forest,176,12.838091
2,isolation_forest,177,12.788202
2,isolation_forest,178,12.699147
2,isolation_forest,179,12.800814
2,isolation_forest,180,12.776313
2,isolation_forest,181,12.93422
2,isolation_forest,182,12.988553
2,isolation_forest,183,12.909257
2,isolation_forest,184,12.881905
2,isolation_forest,185,12.853925
2,isolation_forest,186,12.758702
2,isolation_forest,187,12.767758
2,isolation_forest,188,14.942144
2,isolation_forest,189,14.789551
2,isolation_forest,190,14.045237
2,isolation_forest,191,13.244164
2,isolation_forest,192,13.182517
2,isolation_forest,193,12.942628
2,isolation_forest,194,12.90359
2,isolation_forest,195,12.912164
2,isolation_forest,196,12.886813
2,isolation_forest,197,12.937479
2,isolation_forest,198,12.994702
2,isolation_forest,199,12.844942
2,isolation_forest,200,12.860813
2,isolation_forest,201,12.844184
2,isolation_forest,202,13.319923
2,isolation_forest,203,14.408366
2,isolation_forest,204,14.210349
2,isolation_forest,205,13.217813
2,isolation_forest,206,13.219609
2,isolation_forest,207,13.101868
2,isolation_forest,208,13.011591
2,isolation_forest,209,13.036905
2,isolation_forest,210,12.944758
2,isolation_forest,211,12.881906
2,isolation_forest,212,12.895591
2,isolation_forest,213,12.846165
2,isolation_forest,214,12.768758
2,isolation_forest,215,12.774794
2,isolation_forest,216,12.808591
2,isolation_forest,217,12.880943
2,isolation_forest,218,12.793054
2,isolation_forest,219,12.885516
2,isolation_forest,220,12.81674
2,isolation_forest,221,12.834017
2,isolation_forest,222,12.810443
2,isolation_forest,223,13.050498
2,isolation_forest,224,12.81835
2,isolation_forest,225,12.777536
2,isolation_forest,226,12.721869
2,isolation_forest,227,12.748369
2,isolation_forest,228,12.811202
2,isolation_forest,229,12.726609
2,isolation_forest,230,12.815146
2,isolation_forest,231,12.694795
2,isolation_forest,232,12.717221
2,isolation_forest,233,12.686683
2,isolation_forest,234,15.192106
2,isolation_forest,235,14.925514
2,isolation_forest,236,15.469327
2,isolation_forest,237,14.278737
2,isolation_forest,238,12.997739
2,isolation_forest,239,13.014387
2,isolation_forest,240,12.957721
2,isolation_forest,241,12.890758
2,isolation_forest,242,12.857183
2,isolation_forest,243,12.868498
2,isolation_forest,244,12.751258
2,isolation_forest,245,12.756924
2,isolation_forest,246,12.756832
2,isolation_forest,247,12.678666
2,isolation_forest,248,12.721202
2,isolation_forest,249,12.980998
2,isolation_forest,250,13.046349
2,isolation_forest,251,13.004609
2,isolation_forest,252,12.938499
2,isolation_forest,253,12.85848
2,isolation_forest,254,12.811388
2,isolation_forest,255,12.770017
2,isolation_forest,256,12.776869
2,isolation_forest,257,12.936868
2,isolation_forest,258,12.928091
2,isolation_forest,259,12.839202
2,isolation_forest,260,12.770054
2,isolation_forest,261,12.847554
2,isolation_forest,262,12.776221
2,isolation_forest,263,12.785128
2,isolation_forest,264,12.817406
2,isolation_forest,265,12.873979
2,isolation_forest,266,12.844739
2,isolation_forest,267,12.786832
2,isolation_forest,268,12.747092
2,isolation_forest,269,12.914573
2,isolation_forest,270,12.880887
2,isolation_forest,271,12.819536
2,isolation_forest,272,12.877646
2,isolation_forest,273,12.759128
2,isolation_forest,274,12.735573
2,isolation_forest,275,12.790647
2,isolation_forest,276,12.74148
2,isolation_forest,277,12.718017
2,isolation_forest,278,12.758535
2,isolation_forest,279,12.819147
2,isolation_forest,280,15.287569
2,isolation_forest,281,14.630385
2,isolation_forest,282,13.999404
2,isolation_forest,283,13.248979
2,isolation_forest,284,13.095221
2,isolation_forest,285,12.94085
2,isolation_forest,286,12.879053
2,isolation_forest,287,12.88648
2,isolation_forest,288,12.822924
2,isolation_forest,289,12.797369
2,isolation_forest,290,12.812072
2,isolation_forest,291,12.92098
2,isolation_forest,292,12.838369
2,isolation_forest,293,12.785906
2,isolation_forest,294,12.788424
2,isolation_forest,295,12.952461
2,isolation_forest,296,13.029221
2,isolation_forest,297,12.941091
2,isolation_forest,298,12.81711
2,isolation_forest,299,13.096294
2,isolation_forest,300,13.310331
2,isolation_forest,301,14.067812
2,isolation_forest,302,13.536627
2,isolation_forest,303,13.169405
2,isolation_forest,304,13.083164
2,isolation_forest,305,12.957368
2,isolation_forest,306,12.871647
2,isolation_forest,307,12.714461
2,isolation_forest,308,12.708813
2,isolation_forest,309,12.776739
2,isolation_forest,310,12.741332
2,isolation_forest,311,13.140609
2,isolation_forest,312,13.869738
2,isolation_forest,313,13.501368
2,isolation_forest,314,12.994035
2,isolation_forest,315,12.879146
2,isolation_forest,316,12.839702
2,isolation_forest,317,13.70446
2,isolation_forest,318,15.555235
2,isolation_forest,319,13.328034
2,isolation_forest,320,13.182535
2,isolation_forest,321,12.976684
2,isolation_forest,322,12.974127
2,isolation_forest,323,12.930795
2,isolation_forest,324,12.887443
2,isolation_forest,325,14.223311
2,isolation_forest,326,15.263162
2,isolation_forest,327,14.159978
2,isolation_forest,328,13.825608
2,isolation_forest,329,13.214257
2,isolation_forest,330,13.132869
2,isolation_forest,331,12.997664
2,isolation_forest,332,13.066461
2,isolation_forest,333,13.320683
2,isolation_forest,334,13.189349
2,isolation_forest,335,13.073535
2,isolation_forest,336,12.977072
2,isolation_forest,337,12.930924
2,isolation_forest,338,12.874887
2,isolation_forest,339,12.830777
2,isolation_forest,340,13.050387
2,isolation_forest,341,13.277017
2,isolation_forest,342,13.013183
2,isolation_forest,343,13.016165
2,isolation_forest,344,13.104535
2,isolation_forest,345,13.062368
2,isolation_forest,346,12.990498
2,isolation_forest,347,13.027424
2,isolation_forest,348,12.965184
2,isolation_forest,349,12.942628
2,isolation_forest,350,12.844721
2,isolation_forest,351,12.83661
2,isolation_forest,352,12.814925
2,isolation_forest,353,12.772462
2,isolation_forest,354,12.847017
2,isolation_forest,355,12.759332
2,isolation_forest,356,12.763776
2,isolation_forest,357,12.847813
2,isolation_forest,358,12.83822
2,isolation_forest,359,12.784647
2,isolation_forest,360,12.88385
2,isolation_forest,361,12.756999
2,isolation_forest,362,12.765517
2,isolation_forest,363,12.754592
2,isolation_forest,364,12.690554
2,isolation_forest,365,12.866609
2,isolation_forest,366,12.777554
2,isolation_forest,367,12.794424
2,isolation_forest,368,12.874054
2,isolation_forest,369,12.695924
2,isolation_forest,370,12.681795
2,isolation_forest,371,14.222478
2,isolation_forest,372,15.238198
2,isolation_forest,373,14.3347
2,isolation_forest,374,13.799886
2,isolation_forest,375,13.242831
2,isolation_forest,376,13.125757
2,isolation_forest,377,12.969073
2,isolation_forest,378,12.958758
2,isolation_forest,379,12.916924
2,isolation_forest,380,13.158165
2,isolation_forest,381,12.905165
2,isolation_forest,382,12.878073
2,isolation_forest,383,12.824591
2,isolation_forest,384,12.786943
2,isolation_forest,385,12.792406
2,isolation_forest,386,12.887776
2,isolation_forest,387,13.32272
2,isolation_forest,388,14.064052
2,isolation_forest,389,13.567942
2,isolation_forest,390,13.106016
2,isolation_forest,391,13.048091
2,isolation_forest,392,13.036665
2,isolation_forest,393,12.881109
2,isolation_forest,394,12.971016
2,isolation_forest,395,12.972239
2,isolation_forest,396,12.865369
2,isolation_forest,397,12.72224
2,isolation_forest,398,12.732554
2,isolation_forest,399,12.738332
2,isolation_forest,400,13.568738
2,isolation_forest,401,12.861887
2,isolation_forest,402,13.031017
2,isolation_forest,403,12.890628
2,isolation_forest,404,12.787314
2,isolation_forest,405,12.908757
2,isolation_forest,406,12.894239
2,isolation_forest,407,12.960128
2,isolation_forest,408,12.829092
2,isolation_forest,409,12.749128
2,isolation_forest,410,12.757739
2,isolation_forest,411,12.877128
2,isolation_forest,412,12.946517
2,isolation_forest,413,12.919294
2,isolation_forest,414,12.799276
2,isolation_forest,415,12.807183
2,isolation_forest,416,12.782628
2,isolation_forest,417,14.670163
2,isolation_forest,418,15.07568
2,isolation_forest,419,14.209144
2,isolation_forest,420,13.595571
2,isolation_forest,421,13.088665
2,isolation_forest,422,13.012276
2,isolation_forest,423,12.899943
2,isolation_forest,424,12.868184
2,isolation_forest,425,12.904554
2,isolation_forest,426,12.978795
2,isolation_forest,427,12.973924
2,isolation_forest,428,12.89698
2,isolation_forest,429,12.749924
2,isolation_forest,430,12.641999
2,isolation_forest,431,12.684647
2,isolation_forest,432,14.220182
2,isolation_forest,433,14.354718
2,isolation_forest,434,13.279868
2,isolation_forest,435,13.190276
2,isolation_forest,436,13.171665
2,isolation_forest,437,13.051684
2,isolation_forest,438,13.048831
2,isolation_forest,439,12.951868
2,isolation_forest,440,12.874166
2,isolation_forest,441,12.980554
2,isolation_forest,442,12.883757
2,isolation_forest,443,12.866073
2,isolation_forest,444,12.791462
2,isolation_forest,445,12.778907
2,isolation_forest,446,12.814517
2,isolation_forest,447,12.831387
2,isolation_forest,448,12.835017
2,isolation_forest,449,12.989702
2,isolation_forest,450,12.910702
2,isolation_forest,451,12.93648
2,isolation_forest,452,12.868147
2,isolation_forest,453,12.778832
2,isolation_forest,454,12.702943
2,isolation_forest,455,12.713721
2,isolation_forest,456,12.738129
2,isolation_forest,457,12.63848
2,isolation_forest,458,12.856091
2,isolation_forest,459,12.77198
2,isolation_forest,460,12.657591
2,isolation_forest,461,12.673406
2,isolation_forest,462,12.721758
2,isolation_forest,463,15.213347
2,isolation_forest,464,15.35205
2,isolation_forest,465,14.177089
2,isolation_forest,466,14.215478
2,isolation_forest,467,13.703367
2,isolation_forest,468,13.165332
2,isolation_forest,469,12.981516
2,isolation_forest,470,12.887184
2,isolation_forest,471,12.810184
2,isolation_forest,472,12.754943
2,isolation_forest,473,12.760517
2,isolation_forest,474,12.613999
2,isolation_forest,475,12.676907
2,isolation_forest,476,12.721351
2,isolation_forest,477,12.711943
2,isolation_forest,478,12.974331
2,isolation_forest,479,13.116147
2,isolation_forest,480,12.969554
2,isolation_forest,481,12.889165
2,isolation_forest,482,13.619015
2,isolation_forest,483,13.03535
2,isolation_forest,484,12.786795
2,isolation_forest,485,12.845868
2,isolation_forest,486,12.821924
2,isolation_forest,487,12.985925
2,isolation_forest,488,12.947313
2,isolation_forest,489,12.774962
2,isolation_forest,490,12.709591
2,isolation_forest,491,12.687554
2,isolation_forest,492,12.755276
2,isolation_forest,493,12.693147
2,isolation_forest,494,12.838906
2,isolation_forest,495,13.111905
2,isolation_forest,496,13.09748
2,isolation_forest,497,12.990721
2,isolation_forest,498,12.921554
2,isolation_forest,499,13.00048
2,isolation_forest,500,13.070221
2,isolation_forest,501,12.998794
2,isolation_forest,502,12.845221
2,isolation_forest,503,12.728925
2,isolation_forest,504,12.727406
2,isolation_forest,505,12.751276
2,isolation_forest,506,12.887702
2,isolation_forest,507,12.790295
2,isolation_forest,508,12.77011
2,isolation_forest,509,14.690106
2,isolation_forest,510,14.698922
2,isolation_forest,511,13.727849
2,isolation_forest,512,13.219442
2,isolation_forest,513,13.072795
2,isolation_forest,514,12.970257
2,isolation_forest,515,12.84185
2,isolation_forest,516,12.877351
2,isolation_forest,517,12.741998
2,isolation_forest,518,12.827739
2,isolation_forest,519,12.655555
2,isolation_forest,520,12.835165
2,isolation_forest,521,12.793073
2,isolation_forest,522,12.825647
2,isolation_forest,523,12.741277
2,isolation_forest,524,12.888017
2,isolation_forest,525,12.997424
2,isolation_forest,526,13.125553
2,isolation_forest,527,13.025406
2,isolation_forest,528,12.92798
2,isolation_forest,529,12.906777
2,isolation_forest,530,12.806332
2,isolation_forest,531,12.883924
2,isolation_forest,532,12.793776
2,isolation_forest,533,12.804295
2,isolation_forest,534,12.80061
2,isolation_forest,535,12.758147
2,isolation_forest,536,12.746184
2,isolation_forest,537,12.961165
2,isolation_forest,538,12.835888
2,isolation_forest,539,12.732629
2,isolation_forest,540,12.784073
2,isolation_forest,541,13.754979
2,isolation_forest,542,14.005885
2,isolation_forest,543,13.021109
2,isolation_forest,544,12.992443
2,isolation_forest,545,12.947276
2,isolation_forest,546,13.134054
2,isolation_forest,547,14.41744
2,isolation_forest,548,13.261127
2,isolation_forest,549,12.979795
2,isolation_forest,550,12.948091
2,isolation_forest,551,12.821813
2,isolation_forest,552,12.783183
2,isolation_forest,553,12.809795
2,isolation_forest,554,12.692351
2,isolation_forest,555,15.006014
2,isolation_forest,556,14.548107
2,isolation_forest,557,13.650127
2,isolation_forest,558,13.068924
2,isolation_forest,559,12.981758
2,isolation_forest,560,12.817276
2,isolation_forest,561,12.738258
2,isolation_forest,562,12.732629
2,isolation_forest,563,13.024869
2,isolation_forest,564,13.712275
2,isolation_forest,565,13.01822
2,isolation_forest,566,12.969257
2,isolation_forest,567,12.888147
2,isolation_forest,568,12.835757
2,isolation_forest,569,12.833036
2,isolation_forest,570,12.960684
2,isolation_forest,571,13.043609
2,isolation_forest,572,13.060591
2,isolation_forest,573,12.910146
2,isolation_forest,574,12.798813
2,isolation_forest,575,12.811739
2,isolation_forest,576,12.802925
2,isolation_forest,577,12.835295
2,isolation_forest,578,12.725518
2,isolation_forest,579,12.706184
2,isolation_forest,580,12.94235
2,isolation_forest,581,13.081109
2,isolation_forest,582,12.943813
2,isolation_forest,583,12.991758
2,isolation_forest,584,12.938073
2,isolation_forest,585,12.736647
2,isolation_forest,586,12.810517
2,isolation_forest,587,12.932517
2,isolation_forest,588,12.918017
2,isolation_forest,589,12.858869
2,isolation_forest,590,12.895795
2,isolation_forest,591,12.87961
2,isolation_forest,592,12.839036
2,isolation_forest,593,12.762999
2,isolation_forest,594,12.740998
2,isolation_forest,595,12.698758
2,isolation_forest,596,12.788387
2,isolation_forest,597,12.740351
2,isolation_forest,598,12.69124
2,isolation_forest,599,12.716795
2,isolation_forest,600,12.841166
2,isolation_forest,601,14.675181
2,isolation_forest,602,14.649292
2,isolation_forest,603,14.0372
2,isolation_forest,604,13.477609
2,isolation_forest,605,13.171109
2,isolation_forest,606,13.079868
2,isolation_forest,607,12.852831
2,isolation_forest,608,12.762073
2,isolation_forest,609,12.773314
2,isolation_forest,610,12.750906
2,isolation_forest,611,12.815757
2,isolation_forest,612,12.711166
2,isolation_forest,613,12.714054
2,isolation_forest,614,12.643702
2,isolation_forest,615,12.719091
2,isolation_forest,616,13.082924
2,isolation_forest,617,13.455423
2,isolation_forest,618,14.137793
2,isolation_forest,619,13.259479
2,isolation_forest,620,12.986851
2,isolation_forest,621,12.87498
2,isolation_forest,622,12.851758
2,isolation_forest,623,13.035165
2,isolation_forest,624,12.841017
2,isolation_forest,625,12.850017
2,isolation_forest,626,12.789443
2,isolation_forest,627,12.804184
2,isolation_forest,628,12.746295
2,isolation_forest,629,12.703869
2,isolation_forest,630,12.633036
2,isolation_forest,631,12.692721
2,isolation_forest,632,12.808424
2,isolation_forest,633,12.915424
2,isolation_forest,634,12.807721
2,isolation_forest,635,12.859054
2,isolation_forest,636,12.897055
2,isolation_forest,637,12.813202
2,isolation_forest,638,12.735684
2,isolation_forest,639,12.678369
2,isolation_forest,640,12.73624
2,isolation_forest,641,12.943128
2,isolation_forest,642,12.882517
2,isolation_forest,643,12.796776
2,isolation_forest,644,12.653666
2,isolation_forest,645,12.745073
2,isolation_forest,646,13.527683
2,isolation_forest,647,14.701755
2,isolation_forest,648,14.820588
2,isolation_forest,649,14.08096
2,isolation_forest,650,13.456183
2,isolation_forest,651,13.025331
2,isolation_forest,652,12.874554
2,isolation_forest,653,12.818629
2,isolation_forest,654,12.792128
2,isolation_forest,655,12.736814
2,isolation_forest,656,12.728369
2,isolation_forest,657,12.742091
2,isolation_forest,658,12.692017
2,isolation_forest,659,12.749851
2,isolation_forest,660,12.918554
2,isolation_forest,661,12.787962
2,isolation_forest,662,14.354866
2,isolation_forest,663,14.372682
2,isolation_forest,664,13.308683
2,isolation_forest,665,13.163739
2,isolation_forest,666,13.015702
2,isolation_forest,667,12.943091
2,isolation_forest,668,12.856313
2,isolation_forest,669,12.877424
2,isolation_forest,670,12.831758
2,isolation_forest,671,12.972165
2,isolation_forest,672,12.89948
2,isolation_forest,673,12.791721
2,isolation_forest,674,12.749351
2,isolation_forest,675,12.717147
2,isolation_forest,676,12.736592
2,isolation_forest,677,12.741443
2,isolation_forest,678,12.766332
2,isolation_forest,679,12.852369
2,isolation_forest,680,12.886387
2,isolation_forest,681,12.81685
2,isolation_forest,682,13.310887
2,isolation_forest,683,13.199924
2,isolation_forest,684,13.12911
2,isolation_forest,685,12.881165
2,isolation_forest,686,12.833498
2,isolation_forest,687,12.911665
2,isolation_forest,688,12.863295
2,isolation_forest,689,12.767851
2,isolation_forest,690,12.707999
2,isolation_forest,691,12.818739
2,isolation_forest,692,12.749999
2,isolation_forest,693,14.750329
2,isolation_forest,694,15.330051
2,isolation_forest,695,14.217682
2,isolation_forest,696,14.231626
2,isolation_forest,697,13.783349
2,isolation_forest,698,12.949887
2,isolation_forest,699,12.856184
2,isolation_forest,700,12.838073
2,isolation_forest,701,12.778184
2,isolation_forest,702,12.655277
2,isolation_forest,703,12.64548
2,isolation_forest,704,12.69448
2,isolation_forest,705,12.668629
2,isolation_forest,706,12.727462
2,isolation_forest,707,12.703036
2,isolation_forest,708,12.882554
2,isolation_forest,709,13.044794
2,isolation_forest,710,12.951924
2,isolation_forest,711,12.857406
2,isolation_forest,712,12.87135
2,isolation_forest,713,12.709258
2,isolation_forest,714,12.731406
2,isolation_forest,715,12.721036
2,isolation_forest,716,12.745054
2,isolation_forest,717,12.974924
2,isolation_forest,718,13.035702
2,isolation_forest,719,12.873184
2,isolation_forest,720,12.70574
2,isolation_forest,721,12.730906
2,isolation_forest,722,12.711462
2,isolation_forest,723,12.643592
2,isolation_forest,724,12.774221
2,isolation_forest,725,12.867462
2,isolation_forest,726,12.777314
2,isolation_forest,727,12.75161
2,isolation_forest,728,13.509534
2,isolation_forest,729,12.876665
2,isolation_forest,730,12.87061
2,isolation_forest,731,12.819999
2,isolation_forest,732,12.741295
2,isolation_forest,733,12.944924
2,isolation_forest,734,13.154054
2,isolation_forest,735,12.957721
2,isolation_forest,736,12.896018
2,isolation_forest,737,12.762758
2,isolation_forest,738,12.740925
2,isolation_forest,739,14.817459
2,isolation_forest,740,15.046532
2,isolation_forest,741,14.28833
2,isolation_forest,742,13.586961
2,isolation_forest,743,13.08585
2,isolation_forest,744,13.037221
2,isolation_forest,745,13.122313
2,isolation_forest,746,12.974924
2,isolation_forest,747,12.880017
2,isolation_forest,748,12.765776
2,isolation_forest,749,12.852555
2,isolation_forest,750,12.875609
2,isolation_forest,751,12.892721
2,isolation_forest,752,12.850517
2,isolation_forest,753,12.769054
2,isolation_forest,754,12.928665
2,isolation_forest,755,13.040072
2,isolation_forest,756,13.011739
2,isolation_forest,757,12.889832
2,isolation_forest,758,12.815388
2,isolation_forest,759,12.914776
2,isolation_forest,761,12.836758
2,isolation_forest,762,12.720925
2,isolation_forest,763,12.780943
2,isolation_forest,764,12.690481
2,isolation_forest,765,12.718295
2,isolation_forest,766,12.732036
2,isolation_forest,767,12.658869
2,isolation_forest,768,12.730517
2,isolation_forest,769,12.715017
2,isolation_forest,770,12.664092
2,isolation_forest,771,12.797684
2,isolation_forest,772,13.802386
2,isolation_forest,773,14.383422
2,isolation_forest,774,13.151962
2,isolation_forest,775,13.102517
2,isolation_forest,776,13.127424
2,isolation_forest,777,13.056258
2,isolation_forest,778,13.963849
2,isolation_forest,779,14.259145
2,isolation_forest,780,13.181702
2,isolation_forest,781,13.186368
2,isolation_forest,782,13.018017
2,isolation_forest,783,12.934406
2,isolation_forest,784,12.84061
2,isolation_forest,785,12.856647
2,isolation_forest,786,15.154013
2,isolation_forest,787,14.845236
2,isolation_forest,788,14.240015
2,isolation_forest,789,13.267072
2,isolation_forest,790,13.244461
2,isolation_forest,791,12.894684
2,isolation_forest,792,12.907091
2,isolation_forest,793,12.80972
2,isolation_forest,794,13.019351
2,isolation_forest,795,12.998165
2,isolation_forest,796,12.874665
2,isolation_forest,797,12.879832
2,isolation_forest,798,12.761388
2,isolation_forest,799,12.760906
2,isolation_forest,800,12.731369
2,isolation_forest,801,12.922313
2,isolation_forest,802,12.991184
2,isolation_forest,803,13.008868
2,isolation_forest,804,12.927684
2,isolation_forest,805,12.947962
2,isolation_forest,806,12.858703
2,isolation_forest,807,12.835832
2,isolation_forest,808,12.847258
2,isolation_forest,809,12.694036
2,isolation_forest,810,12.670758
2,isolation_forest,811,13.527886
2,isolation_forest,812,12.999758
2,isolation_forest,813,12.915202
2,isolation_forest,814,12.744036
2,isolation_forest,815,12.69511
2,isolation_forest,816,12.719166
2,isolation_forest,817,12.792573
2,isolation_forest,818,12.790869
2,isolation_forest,819,12.86648
2,isolation_forest,820,12.82898
2,isolation_forest,821,12.851388
2,isolation_forest,822,12.857795
2,isolation_forest,823,12.843628
2,isolation_forest,824,13.042221
2,isolation_forest,825,13.02985
2,isolation_forest,826,12.948369
2,isolation_forest,827,12.875424
2,isolation_forest,828,12.89935
2,isolation_forest,829,12.776906
2,isolation_forest,830,12.652222
2,isolation_forest,831,12.732425
2,isolation_forest,832,16.305697
2,isolation_forest,833,18.897619
2,isolation_forest,834,15.631346
2,isolation_forest,835,14.092441
2,isolation_forest,836,13.216943
2,isolation_forest,837,13.089276
2,isolation_forest,838,13.066054
2,isolation_forest,839,12.979998
2,isolation_forest,840,12.891814
2,isolation_forest,841,12.907314
2,isolation_forest,842,12.825498
2,isolation_forest,843,12.854369
2,isolation_forest,844,12.799814
2,isolation_forest,845,12.729499
2,isolation_forest,846,12.757517
2,isolation_forest,847,12.959628
2,isolation_forest,848,14.271275
2,isolation_forest,849,13.808775
2,isolation_forest,850,13.17222
2,isolation_forest,851,13.199091
2,isolation_forest,852,12.939591
2,isolation_forest,853,12.822424
2,isolation_forest,854,12.758813
2,isolation_forest,855,12.716054
2,isolation_forest,856,12.748462
2,isolation_forest,857,12.671721
2,isolation_forest,858,12.635276
2,isolation_forest,859,13.134331
2,isolation_forest,860,13.182683
2,isolation_forest,861,12.888629
2,isolation_forest,862,12.914739
2,isolation_forest,863,12.921017
2,isolation_forest,864,13.051813
2,isolation_forest,865,12.873165
2,isolation_forest,866,12.769943
2,isolation_forest,867,12.820666
2,isolation_forest,868,13.059258
2,isolation_forest,869,13.218832
2,isolation_forest,870,13.085035
2,isolation_forest,871,12.99272
2,isolation_forest,872,12.980128
2,isolation_forest,873,12.954665
2,isolation_forest,874,13.140443
2,isolation_forest,875,13.051313
2,isolation_forest,876,12.996128
2,isolation_forest,877,14.762329
2,isolation_forest,878,14.92944
2,isolation_forest,879,14.544923
2,isolation_forest,880,13.722757
2,isolation_forest,881,13.196757
2,isolation_forest,882,13.197073
2,isolation_forest,883,13.146961
2,isolation_forest,884,16.667882
2,isolation_forest,885,15.408365
2,isolation_forest,886,13.570313
2,isolation_forest,887,13.616665
2,isolation_forest,888,13.356239
2,isolation_forest,889,13.165406
2,isolation_forest,890,13.127887
2,isolation_forest,891,14.189404
2,isolation_forest,892,14.287829
2,isolation_forest,893,13.902775
2,isolation_forest,894,13.188628
2,isolation_forest,895,13.015276
2,isolation_forest,896,13.076461
2,isolation_forest,897,13.075129
2,isolation_forest,898,12.934036
2,isolation_forest,899,12.913054
2,isolation_forest,900,12.776961
2,isolation_forest,901,12.677128
2,isolation_forest,902,12.717221
2,isolation_forest,903,12.665407
2,isolation_forest,904,12.842388
2,isolation_forest,905,12.796813
2,isolation_forest,906,12.885313
2,isolation_forest,907,12.870832
2,isolation_forest,908,12.94061
2,isolation_forest,909,13.013036
2,isolation_forest,910,12.886702
2,isolation_forest,911,12.848314
2,isolation_forest,912,12.794999
2,isolation_forest,913,12.793944
2,isolation_forest,914,12.77898
2,isolation_forest,915,12.79798
2,isolation_forest,916,12.77637
2,isolation_forest,917,16.399494
2,isolation_forest,918,14.285422
2,isolation_forest,919,13.791979
2,isolation_forest,920,13.221462
2,isolation_forest,921,13.639108
2,isolation_forest,922,15.25455
2,isolation_forest,923,14.725051
2,isolation_forest,924,14.287719
2,isolation_forest,925,14.215497
2,isolation_forest,926,13.256665
2,isolation_forest,927,13.168091
2,isolation_forest,928,13.247053
2,isolation_forest,929,13.067165
2,isolation_forest,930,13.02361
2,isolation_forest,931,13.001462
2,isolation_forest,932,12.942777
2,isolation_forest,933,12.845221
2,isolation_forest,934,12.85274
2,isolation_forest,935,13.024258
2,isolation_forest,936,12.96185
2,isolation_forest,937,13.113351
2,isolation_forest,938,12.902943
2,isolation_forest,939,12.979999
2,isolation_forest,940,12.96898
2,isolation_forest,941,12.876388
2,isolation_forest,942,12.970887
2,isolation_forest,943,12.828832
2,isolation_forest,944,12.86335
2,isolation_forest,945,12.969776
2,isolation_forest,946,13.10635
2,isolation_forest,947,12.911721
2,isolation_forest,948,12.885387
2,isolation_forest,949,12.881184
2,isolation_forest,950,12.77411
2,isolation_forest,951,12.77198
2,isolation_forest,952,12.801703
2,isolation_forest,953,12.685851
2,isolation_forest,954,12.793832
2,isolation_forest,955,12.92111
2,isolation_forest,956,12.841776
2,isolation_forest,957,12.830166
2,isolation_forest,958,12.802518
2,isolation_forest,959,12.810462
2,isolation_forest,960,12.708314
2,isolation_forest,961,12.683702
2,isolation_forest,962,12.872961
2,isolation_forest,963,12.969758
2,isolation_forest,964,12.832239
2,isolation_forest,965,12.791851
2,isolation_forest,966,12.825128
2,isolation_forest,967,13.466387
2,isolation_forest,968,15.057477
2,isolation_forest,969,14.5912
2,isolation_forest,970,14.006737
2,isolation_forest,971,13.132406
2,isolation_forest,972,13.092554
2,isolation_forest,973,12.986665
2,isolation_forest,974,13.015758
2,isolation_forest,975,13.759812
2,isolation_forest,976,13.110998
2,isolation_forest,977,13.047887
2,isolation_forest,978,12.938313
2,isolation_forest,979,12.921036
2,isolation_forest,980,12.921739
2,isolation_forest,981,12.862017
2,isolation_forest,982,12.827628
2,isolation_forest,983,12.925776
2,isolation_forest,984,12.97398
2,isolation_forest,985,13.001443
2,isolation_forest,986,12.965369
2,isolation_forest,987,13.055351
2,isolation_forest,988,12.994128
2,isolation_forest,989,12.892813
2,isolation_forest,990,12.831444
2,isolation_forest,991,12.799499
2,isolation_forest,992,12.759665
2,isolation_forest,993,12.818869
2,isolation_forest,994,12.732796
2,isolation_forest,995,12.769221
2,isolation_forest,996,12.748128
2,isolation_forest,997,12.773036
2,isolation_forest,998,12.785462
2,isolation_forest,999,13.322628
2,isolation_forest,1000,14.27333
2,isolation_forest,1001,13.130165
2,isolation_forest,1002,13.081535
2,isolation_forest,1003,13.068461
2,isolation_forest,1004,13.243239
2,isolation_forest,1005,13.815868
2,isolation_forest,1006,14.173145
2,isolation_forest,1007,13.240221
2,isolation_forest,1008,13.175146
2,isolation_forest,1009,13.070573
2,isolation_forest,1010,12.976887
2,isolation_forest,1011,12.922869
2,isolation_forest,1012,12.871184
2,isolation_forest,1013,14.721236
2,isolation_forest,1014,14.628681
2,isolation_forest,1015,14.168219
2,isolation_forest,1016,13.530127
2,isolation_forest,1017,13.154461
2,isolation_forest,1018,13.14648
2,isolation_forest,1019,12.958739
2,isolation_forest,1020,12.882406
2,isolation_forest,1021,13.040851
2,isolation_forest,1022,13.055869
2,isolation_forest,1023,12.941369
2,isolation_forest,1024,12.821128
2,isolation_forest,1025,12.798147
2,isolation_forest,1026,12.675628
2,isolation_forest,1027,12.737073
2,isolation_forest,1028,12.865091
2,isolation_forest,1029,13.061017
2,isolation_forest,1030,12.946277
2,isolation_forest,1031,12.922777
2,isolation_forest,1032,12.902739
2,isolation_forest,1033,12.928962
2,isolation_forest,1034,12.790536
2,isolation_forest,1035,12.757036
2,isolation_forest,1036,12.700388
2,isolation_forest,1037,12.764388
2,isolation_forest,1038,12.671018
2,isolation_forest,1039,12.629981
2,isolation_forest,1040,12.657092
2,isolation_forest,1041,12.773962
2,isolation_forest,1042,12.849388
2,isolation_forest,1043,12.773388
2,isolation_forest,1044,12.832481
2,isolation_forest,1045,12.823406
2,isolation_forest,1046,12.961739
2,isolation_forest,1047,12.886536
2,isolation_forest,1048,12.798906
2,isolation_forest,1049,12.774091
2,isolation_forest,1050,12.798592
2,isolation_forest,1051,12.837758
2,isolation_forest,1052,12.787573
2,isolation_forest,1053,12.772314
2,isolation_forest,1054,12.651777
2,isolation_forest,1055,12.749147
2,isolation_forest,1056,12.736406
2,isolation_forest,1057,13.536424
2,isolation_forest,1058,12.92674
2,isolation_forest,1059,14.035609
2,isolation_forest,1060,15.003995
2,isolation_forest,1061,14.246293
2,isolation_forest,1062,13.74722
2,isolation_forest,1063,13.419127
2,isolation_forest,1064,13.296998
2,isolation_forest,1065,12.922592
2,isolation_forest,1066,12.779536
2,isolation_forest,1067,12.689722
2,isolation_forest,1068,12.764925
2,isolation_forest,1069,12.841573
2,isolation_forest,1070,12.782369
2,isolation_forest,1071,12.703851
2,isolation_forest,1072,12.766388
2,isolation_forest,1073,12.728592
2,isolation_forest,1074,12.767388
2,isolation_forest,1075,13.168924
2,isolation_forest,1076,13.974182
2,isolation_forest,1077,13.53548
2,isolation_forest,1078,13.04161
2,isolation_forest,1079,13.101184
2,isolation_forest,1080,12.892073
2,isolation_forest,1081,12.876776
2,isolation_forest,1082,12.823869
2,isolation_forest,1083,12.857314
2,isolation_forest,1084,12.938629
2,isolation_forest,1085,12.873629
2,isolation_forest,1086,12.81911
2,isolation_forest,1087,12.803221
2,isolation_forest,1088,12.879128
2,isolation_forest,1089,12.846314
2,isolation_forest,1090,12.773147
2,isolation_forest,1091,12.774332
2,isolation_forest,1092,12.898739
2,isolation_forest,1093,13.027499
2,isolation_forest,1094,12.893091
2,isolation_forest,1095,12.879517
2,isolation_forest,1096,12.805147
2,isolation_forest,1097,12.892684
2,isolation_forest,1098,12.774277
2,isolation_forest,1099,13.056184
2,isolation_forest,1100,12.97011
2,isolation_forest,1101,12.835388
2,isolation_forest,1102,12.83774
2,isolation_forest,1103,12.75024
2,isolation_forest,1104,12.782906
2,isolation_forest,1105,14.578144
2,isolation_forest,1106,14.887496
2,isolation_forest,1107,14.324219
2,isolation_forest,1108,13.743887
2,isolation_forest,1109,13.106629
2,isolation_forest,1110,12.997369
2,isolation_forest,1111,12.906369
2,isolation_forest,1112,12.854888
2,isolation_forest,1113,12.875981
2,isolation_forest,1114,12.807814
2,isolation_forest,1115,12.782721
2,isolation_forest,1116,12.817017
2,isolation_forest,1117,12.817388
2,isolation_forest,1118,12.815332
2,isolation_forest,1119,12.71648
2,isolation_forest,1120,14.037423
2,isolation_forest,1121,14.441385
2,isolation_forest,1122,13.235239
2,isolation_forest,1123,13.185257
2,isolation_forest,1124,12.864758
2,isolation_forest,1125,12.788369
2,isolation_forest,1126,12.752314
2,isolation_forest,1127,12.785462
2,isolation_forest,1128,12.833258
2,isolation_forest,1129,12.736814
2,isolation_forest,1130,12.674369
2,isolation_forest,1131,12.706777
2,isolation_forest,1132,12.765555
2,isolation_forest,1133,12.683351
2,isolation_forest,1134,12.674814
2,isolation_forest,1135,12.666111
2,isolation_forest,1136,12.595925
2,isolation_forest,1137,12.627185
2,isolation_forest,1138,12.769591
2,isolation_forest,1139,13.702276
2,isolation_forest,1140,13.160184
2,isolation_forest,1141,13.013888
2,isolation_forest,1142,12.951758
2,isolation_forest,1143,12.908518
2,isolation_forest,1144,12.861684
2,isolation_forest,1145,12.933925
2,isolation_forest,1146,12.819406
2,isolation_forest,1147,12.756277
2,isolation_forest,1148,12.776184
2,isolation_forest,1149,12.723555
2,isolation_forest,1150,12.701647
2,isolation_forest,1151,14.38296
2,isolation_forest,1152,15.254384
2,isolation_forest,1153,14.467237
2,isolation_forest,1154,14.293386
2,isolation_forest,1155,13.809127
2,isolation_forest,1156,13.195369
2,isolation_forest,1157,12.993017
2,isolation_forest,1158,13.031313
2,isolation_forest,1159,13.039351
2,isolation_forest,1160,12.965536
2,isolation_forest,1161,12.875555
2,isolation_forest,1162,12.822536
2,isolation_forest,1163,12.940073
2,isolation_forest,1164,12.709185
2,isolation_forest,1165,12.765499
2,isolation_forest,1166,12.932666
2,isolation_forest,1167,13.072924
2,isolation_forest,1168,13.117628
2,isolation_forest,1169,13.100776
2,isolation_forest,1170,12.974147
2,isolation_forest,1171,12.948258
2,isolation_forest,1172,12.984129
2,isolation_forest,1173,12.898388
2,isolation_forest,1174,12.876665
2,isolation_forest,1175,12.968055
2,isolation_forest,1176,13.063739
2,isolation_forest,1177,12.88848
2,isolation_forest,1178,12.903554
2,isolation_forest,1179,12.905369
2,isolation_forest,1180,12.929888
2,isolation_forest,1181,12.844814
2,isolation_forest,1182,12.785869
2,isolation_forest,1183,12.813499
2,isolation_forest,1184,12.851203
2,isolation_forest,1185,12.805944
2,isolation_forest,1186,12.840647
2,isolation_forest,1187,12.874388
2,isolation_forest,1188,12.791684
2,isolation_forest,1189,12.732665
2,isolation_forest,1190,12.761277
2,isolation_forest,1191,12.816573
2,isolation_forest,1192,12.728147
2,isolation_forest,1193,12.824499
2,isolation_forest,1194,12.770981
2,isolation_forest,1195,12.769888
2,isolation_forest,1196,12.702332
2,isolation_forest,1197,14.74807
2,isolation_forest,1198,14.873162
2,isolation_forest,1199,14.259423
2,isolation_forest,1200,13.646905
2,isolation_forest,1201,13.201239
2,isolation_forest,1202,13.10648
2,isolation_forest,1203,13.078924
2,isolation_forest,1204,12.97561
2,isolation_forest,1205,12.982462
2,isolation_forest,1206,12.901203
2,isolation_forest,1207,12.912425
2,isolation_forest,1208,12.910776
2,isolation_forest,1209,12.812962
2,isolation_forest,1210,12.761222
2,isolation_forest,1211,12.684925
2,isolation_forest,1212,12.924851
2,isolation_forest,1213,13.109184
2,isolation_forest,1214,12.863591
2,isolation_forest,1215,13.007702
2,isolation_forest,1216,13.001888
2,isolation_forest,1217,12.973944
2,isolation_forest,1218,12.818481
2,isolation_forest,1219,12.832999
2,isolation_forest,1220,12.838443
2,isolation_forest,1221,13.559257
2,isolation_forest,1222,12.954499
2,isolation_forest,1223,13.112147
2,isolation_forest,1224,13.219887
2,isolation_forest,1225,13.02311
2,isolation_forest,1226,12.970221
2,isolation_forest,1227,12.980184
2,isolation_forest,1228,12.922147
2,isolation_forest,1229,13.745738
2,isolation_forest,1230,13.834998
2,isolation_forest,1231,13.065128
2,isolation_forest,1232,13.031517
2,isolation_forest,1233,12.976888
2,isolation_forest,1234,12.999258
2,isolation_forest,1235,14.126664
2,isolation_forest,1236,14.128312
2,isolation_forest,1237,13.25511
2,isolation_forest,1238,13.070425
2,isolation_forest,1239,13.069684
2,isolation_forest,1240,12.85411
2,isolation_forest,1241,12.970535
2,isolation_forest,1242,13.46685
2,isolation_forest,1243,15.0372
2,isolation_forest,1244,14.623682
2,isolation_forest,1245,14.099312
2,isolation_forest,1246,13.261443
2,isolation_forest,1247,13.179572
2,isolation_forest,1248,13.072739
2,isolation_forest,1249,13.044739
2,isolation_forest,1250,12.947277
2,isolation_forest,1251,13.045906
2,isolation_forest,1252,12.977518
2,isolation_forest,1253,12.910018
2,isolation_forest,1254,12.833406
2,isolation_forest,1255,12.844147
2,isolation_forest,1256,12.826776
2,isolation_forest,1257,12.853814
2,isolation_forest,1258,13.051295
2,isolation_forest,1259,13.253591
2,isolation_forest,1260,13.118925
2,isolation_forest,1261,13.051666
2,isolation_forest,1262,13.036999
2,isolation_forest,1263,13.08648
2,isolation_forest,1264,13.094332
2,isolation_forest,1265,13.050591
2,isolation_forest,1266,12.962259
2,isolation_forest,1267,12.858554
2,isolation_forest,1268,12.895591
2,isolation_forest,1269,12.887166
2,isolation_forest,1270,12.91161
2,isolation_forest,1271,12.839499
2,isolation_forest,1272,12.781536
2,isolation_forest,1273,12.812259
2,isolation_forest,1274,12.767611
2,isolation_forest,1275,12.761518
2,isolation_forest,1276,12.769555
2,isolation_forest,1277,12.761592
2,isolation_forest,1278,12.741444
2,isolation_forest,1279,12.763111
2,isolation_forest,1280,12.77424
2,isolation_forest,1281,12.893165
2,isolation_forest,1282,12.844832
2,isolation_forest,1283,12.862517
2,isolation_forest,1284,12.810925
2,isolation_forest,1285,12.898258
2,isolation_forest,1286,12.852832
2,isolation_forest,1287,12.828259
2,isolation_forest,1288,13.330646
2,isolation_forest,1289,14.93907
2,isolation_forest,1290,14.762292
2,isolation_forest,1291,14.056238
2,isolation_forest,1292,13.293183
2,isolation_forest,1293,13.134109
2,isolation_forest,1294,13.022388
2,isolation_forest,1295,13.044591
2,isolation_forest,1296,13.09548
2,isolation_forest,1297,13.04361
2,isolation_forest,1298,13.086999
2,isolation_forest,1299,12.976629
2,isolation_forest,1300,12.850295
2,isolation_forest,1301,12.774518
2,isolation_forest,1302,12.772185
2,isolation_forest,1303,13.815664
2,isolation_forest,1304,13.305665
2,isolation_forest,1305,13.844646
2,isolation_forest,1306,13.81046
2,isolation_forest,1307,13.056332
2,isolation_forest,1308,13.104461
2,isolation_forest,1309,13.023184
2,isolation_forest,1310,12.919073
2,isolation_forest,1311,12.916221
2,isolation_forest,1312,12.815814
2,isolation_forest,1313,12.790073
2,isolation_forest,1314,12.754222
2,isolation_forest,1315,12.948573
2,isolation_forest,1316,12.744073
2,isolation_forest,1317,12.776073
2,isolation_forest,1318,12.695795
2,isolation_forest,1319,12.907462
2,isolation_forest,1320,12.754629
2,isolation_forest,1321,12.783239
2,isolation_forest,1322,12.80424
2,isolation_forest,1323,12.766888
2,isolation_forest,1324,12.751166
2,isolation_forest,1325,12.817795
2,isolation_forest,1326,12.734333
2,isolation_forest,1327,12.746796
2,isolation_forest,1328,12.889443
2,isolation_forest,1329,12.989517
2,isolation_forest,1330,12.848314
2,isolation_forest,1331,12.730054
2,isolation_forest,1332,12.688592
2,isolation_forest,1333,12.688388
2,isolation_forest,1334,13.408776
2,isolation_forest,1335,15.082014
2,isolation_forest,1336,14.462089
2,isolation_forest,1337,14.066849
2,isolation_forest,1338,13.15998
2,isolation_forest,1339,13.174258
2,isolation_forest,1340,13.134999
2,isolation_forest,1341,13.045276
2,isolation_forest,1342,13.032832
2,isolation_forest,1343,12.992869
2,isolation_forest,1344,13.156591
2,isolation_forest,1345,13.15711
2,isolation_forest,1346,13.011184
2,isolation_forest,1347,12.995295
2,isolation_forest,1348,12.875222
2,isolation_forest,1349,14.030775
2,isolation_forest,1350,14.771237
2,isolation_forest,1351,13.416702
2,isolation_forest,1352,13.211925
2,isolation_forest,1353,13.101499
2,isolation_forest,1354,13.106462
2,isolation_forest,1355,13.027906
2,isolation_forest,1356,13.093073
2,isolation_forest,1357,13.056147
2,isolation_forest,1358,12.874054
2,isolation_forest,1359,12.853129
2,isolation_forest,1360,12.80974
2,isolation_forest,1361,12.794462
2,isolation_forest,1362,12.734944
2,isolation_forest,1363,12.921091
2,isolation_forest,1364,12.853944
2,isolation_forest,1365,12.897221
2,isolation_forest,1366,12.895517
2,isolation_forest,1367,12.757591
2,isolation_forest,1368,12.879351
2,isolation_forest,1369,12.797702
2,isolation_forest,1370,12.86848
2,isolation_forest,1371,12.856444
2,isolation_forest,1372,12.77937
2,isolation_forest,1373,12.758166
2,isolation_forest,1374,12.780573
2,isolation_forest,1375,12.837573
2,isolation_forest,1376,12.820832
2,isolation_forest,1377,12.754944
2,isolation_forest,1378,13.171554
2,isolation_forest,1379,13.202258
2,isolation_forest,1380,15.163754
2,isolation_forest,1381,15.251384
2,isolation_forest,1382,14.384719
2,isolation_forest,1383,14.124312
2,isolation_forest,1384,13.767757
2,isolation_forest,1385,13.794683
2,isolation_forest,1386,13.02361
2,isolation_forest,1387,12.830591
2,isolation_forest,1388,12.85348
2,isolation_forest,1389,12.729684
2,isolation_forest,1390,12.707296
2,isolation_forest,1391,12.695537
2,isolation_forest,1392,12.69498
2,isolation_forest,1393,12.657147
2,isolation_forest,1394,12.615407
2,isolation_forest,1395,12.812796
2,isolation_forest,1396,12.947166
2,isolation_forest,1397,13.205184
2,isolation_forest,1398,12.944258
2,isolation_forest,1399,12.916425
2,isolation_forest,1400,12.834943
2,isolation_forest,1401,12.872443
2,isolation_forest,1402,12.844259
2,isolation_forest,1403,12.73974
2,isolation_forest,1404,12.905369
2,isolation_forest,1405,13.296277
2,isolation_forest,1406,13.073777
2,isolation_forest,1407,12.890425
2,isolation_forest,1408,12.833573
2,isolation_forest,1409,13.14411
2,isolation_forest,1410,13.543535
2,isolation_forest,1411,13.332091
2,isolation_forest,1412,13.246999
2,isolation_forest,1413,13.153906
2,isolation_forest,1414,13.002517
2,isolation_forest,1415,12.948073
2,isolation_forest,1416,13.033036
2,isolation_forest,1417,13.014054
2,isolation_forest,1418,12.877073
2,isolation_forest,1419,12.707999
2,isolation_forest,1420,12.766591
2,isolation_forest,1421,12.794055
2,isolation_forest,1422,12.834092
2,isolation_forest,1423,12.773851
2,isolation_forest,1424,12.871092
2,isolation_forest,1425,12.939759
2,isolation_forest,1426,15.391292
2,isolation_forest,1427,14.55646
2,isolation_forest,1428,14.12859
2,isolation_forest,1429,13.169203
2,isolation_forest,1430,13.071425
2,isolation_forest,1431,13.024351
2,isolation_forest,1432,13.049388
2,isolation_forest,1433,12.966666
2,isolation_forest,1434,12.913981
2,isolation_forest,1435,13.006258
2,isolation_forest,1436,12.854555
2,isolation_forest,1437,12.860351
2,isolation_forest,1438,12.891332
2,isolation_forest,1439,12.785369
2,isolation_forest,1440,12.764295
2,isolation_forest,1441,12.972906
2,isolation_forest,1442,12.978517
2,isolation_forest,1443,13.017665
2,isolation_forest,1444,13.081573
2,isolation_forest,1445,13.105499
2,isolation_forest,1446,13.315684
2,isolation_forest,1447,13.083554
2,isolation_forest,1448,13.014591
2,isolation_forest,1449,12.982776
2,isolation_forest,1450,12.872943
2,isolation_forest,1451,12.829166
2,isolation_forest,1452,12.778444
2,isolation_forest,1453,12.83161
2,isolation_forest,1454,12.807055
2,isolation_forest,1455,12.787647
2,isolation_forest,1456,12.823462
2,isolation_forest,1457,12.961425
2,isolation_forest,1458,13.921757
2,isolation_forest,1459,13.611979
2,isolation_forest,1460,13.070776
2,isolation_forest,1461,13.046517
2,isolation_forest,1462,13.074221
2,isolation_forest,1463,13.619813
2,isolation_forest,1464,14.001682
2,isolation_forest,1465,13.605238
2,isolation_forest,1466,13.059758
2,isolation_forest,1467,13.887035
2,isolation_forest,1468,13.256442
2,isolation_forest,1469,12.924814
2,isolation_forest,1470,12.901259
2,isolation_forest,1471,14.412089
2,isolation_forest,1472,15.095181
2,isolation_forest,1473,14.326182
2,isolation_forest,1474,13.921887
2,isolation_forest,1475,13.466294
2,isolation_forest,1476,13.110998
2,isolation_forest,1477,13.080184
2,isolation_forest,1478,13.056055
2,isolation_forest,1479,12.931184
2,isolation_forest,1480,13.179017
2,isolation_forest,1481,13.17635
2,isolation_forest,1482,13.214703
2,isolation_forest,1483,13.004814
2,isolation_forest,1484,12.966332
2,isolation_forest,1485,12.963406
2,isolation_forest,1486,13.158388
2,isolation_forest,1487,13.175555
2,isolation_forest,1488,13.03898
2,isolation_forest,1489,13.109925
2,isolation_forest,1490,13.081647
2,isolation_forest,1491,13.158998
2,isolation_forest,1492,13.03174
2,isolation_forest,1493,13.086739
2,isolation_forest,1494,13.000851
2,isolation_forest,1495,12.994888
2,isolation_forest,1496,13.003666
2,isolation_forest,1497,12.974295
2,isolation_forest,1498,13.02911
2,isolation_forest,1499,12.974647
2,isolation_forest,1500,12.91537
2,isolation_forest,1501,12.98737
2,isolation_forest,1502,12.98011
2,isolation_forest,1503,12.920555
2,isolation_forest,1504,12.903277
2,isolation_forest,1505,12.908314
2,isolation_forest,1506,12.825481
2,isolation_forest,1507,12.986313
2,isolation_forest,1508,12.960147
2,isolation_forest,1509,12.930054
2,isolation_forest,1510,12.868333
2,isolation_forest,1511,12.906962
2,isolation_forest,1512,12.851444
2,isolation_forest,1513,13.02324
2,isolation_forest,1514,12.978702
2,isolation_forest,1515,12.801092
2,isolation_forest,1516,12.879111
2,isolation_forest,1517,14.899626
2,isolation_forest,1518,14.867348
2,isolation_forest,1519,14.261331
2,isolation_forest,1520,13.445388
2,isolation_forest,1521,13.347295
2,isolation_forest,1522,13.197406
2,isolation_forest,1523,13.058943
2,isolation_forest,1524,13.113166
2,isolation_forest,1525,12.971684
2,isolation_forest,1526,12.93374
2,isolation_forest,1527,12.927573
2,isolation_forest,1528,12.893277
2,isolation_forest,1529,12.945166
2,isolation_forest,1530,12.970832
2,isolation_forest,1531,12.825536
2,isolation_forest,1532,13.045888
2,isolation_forest,1533,13.602275
2,isolation_forest,1534,14.283256
2,isolation_forest,1535,13.26122
2,isolation_forest,1536,13.113962
2,isolation_forest,1537,12.927259
2,isolation_forest,1538,13.078591
2,isolation_forest,1539,13.030851
2,isolation_forest,1540,13.07874
2,isolation_forest,1541,13.019628
2,isolation_forest,1542,12.845795
2,isolation_forest,1543,12.822018
2,isolation_forest,1544,12.782259
2,isolation_forest,1545,12.888388
2,isolation_forest,1546,12.89548
2,isolation_forest,1547,12.886073
2,isolation_forest,1548,12.986332
2,isolation_forest,1549,13.800942
2,isolation_forest,1550,13.246943
2,isolation_forest,1551,13.210684
2,isolation_forest,1552,13.019443
2,isolation_forest,1553,13.106147
2,isolation_forest,1554,12.981203
2,isolation_forest,1555,12.929055
2,isolation_forest,1556,12.973314
2,isolation_forest,1557,13.046017
2,isolation_forest,1558,13.065832
2,isolation_forest,1559,12.943165
2,isolation_forest,1560,12.865073
2,isolation_forest,1561,13.045425
2,isolation_forest,1562,13.785035
2,isolation_forest,1563,15.251069
2,isolation_forest,1564,14.575607
2,isolation_forest,1565,14.02622
2,isolation_forest,1566,13.311888
2,isolation_forest,1567,13.135313
2,isolation_forest,1568,13.02161
2,isolation_forest,1569,13.215462
2,isolation_forest,1570,13.064666
2,isolation_forest,1571,12.991703
2,isolation_forest,1572,12.959814
2,isolation_forest,1573,12.949147
2,isolation_forest,1574,12.976073
2,isolation_forest,1575,12.952722
2,isolation_forest,1576,12.94561
2,isolation_forest,1577,14.020813
2,isolation_forest,1578,14.675497
2,isolation_forest,1579,13.575683
2,isolation_forest,1580,13.282314
2,isolation_forest,1581,13.252758
2,isolation_forest,1582,13.139425
2,isolation_forest,1583,13.18711
2,isolation_forest,1584,13.156517
2,isolation_forest,1585,13.091555
2,isolation_forest,1586,13.010795
2,isolation_forest,1587,13.166332
2,isolation_forest,1588,13.091684
2,isolation_forest,1589,12.989739
2,isolation_forest,1590,12.904776
2,isolation_forest,1591,12.948314
2,isolation_forest,1592,12.895703
2,isolation_forest,1593,12.935444
2,isolation_forest,1594,12.843517
2,isolation_forest,1595,12.908851
2,isolation_forest,1596,13.228035
2,isolation_forest,1597,13.030351
2,isolation_forest,1598,13.591072
2,isolation_forest,1599,13.47272
2,isolation_forest,1600,13.184387
2,isolation_forest,1601,13.112258
2,isolation_forest,1602,13.092906
2,isolation_forest,1603,12.926499
2,isolation_forest,1604,12.949128
2,isolation_forest,1605,12.833073
2,isolation_forest,1606,12.868036
2,isolation_forest,1607,13.466147
2,isolation_forest,1608,14.982181
2,isolation_forest,1609,14.74144
2,isolation_forest,1610,14.323219
2,isolation_forest,1611,14.584552
2,isolation_forest,1612,13.436387
2,isolation_forest,1613,13.245332
2,isolation_forest,1614,13.069166
2,isolation_forest,1615,13.089517
2,isolation_forest,1616,13.001722
2,isolation_forest,1617,13.003869
2,isolation_forest,1618,13.054147
2,isolation_forest,1619,12.852832
2,isolation_forest,1620,12.846184
2,isolation_forest,1621,12.944165
2,isolation_forest,1622,12.907481
2,isolation_forest,1623,13.183721
2,isolation_forest,1624,13.095351
2,isolation_forest,1625,13.034036
2,isolation_forest,1626,13.530443
2,isolation_forest,1627,13.243832
2,isolation_forest,1628,13.132962
2,isolation_forest,1629,13.084313
2,isolation_forest,1630,13.140795
2,isolation_forest,1631,13.717961
2,isolation_forest,1632,13.367554
2,isolation_forest,1633,13.201609
2,isolation_forest,1634,13.042332
2,isolation_forest,1635,13.002499
2,isolation_forest,1636,12.975388
2,isolation_forest,1637,12.975184
2,isolation_forest,1638,13.027814
2,isolation_forest,1639,13.089629
2,isolation_forest,1640,13.24198
2,isolation_forest,1641,13.201943
2,isolation_forest,1642,13.026184
2,isolation_forest,1643,13.041258
2,isolation_forest,1644,13.271739
2,isolation_forest,1645,13.125388
2,isolation_forest,1646,13.182072
2,isolation_forest,1647,13.121332
2,isolation_forest,1648,12.958332
2,isolation_forest,1649,13.018851
2,isolation_forest,1650,12.999258
2,isolation_forest,1651,12.895147
2,isolation_forest,1652,12.808574
2,isolation_forest,1653,14.915589
2,isolation_forest,1654,14.842626
2,isolation_forest,1655,14.196293
2,isolation_forest,1656,13.430609
2,isolation_forest,1657,13.181054
2,isolation_forest,1658,13.327517
2,isolation_forest,1659,13.201592
2,isolation_forest,1660,13.200703
2,isolation_forest,1661,12.93511
2,isolation_forest,1662,13.043517
2,isolation_forest,1663,12.876573
2,isolation_forest,1664,12.964554
2,isolation_forest,1665,12.858314
2,isolation_forest,1666,12.942943
2,isolation_forest,1667,12.967555
2,isolation_forest,1668,13.064443
2,isolation_forest,1669,13.046536
2,isolation_forest,1670,13.126518
2,isolation_forest,1671,13.04837
2,isolation_forest,1672,15.167718
2,isolation_forest,1673,13.710775
2,isolation_forest,1674,13.235462
2,isolation_forest,1675,13.131906
2,isolation_forest,1676,12.978777
2,isolation_forest,1677,13.278832
2,isolation_forest,1678,13.239388
2,isolation_forest,1679,16.11292
2,isolation_forest,1680,15.320237
2,isolation_forest,1681,13.757683
2,isolation_forest,1682,13.464665
2,isolation_forest,1683,13.499183
2,isolation_forest,1684,14.523571
2,isolation_forest,1685,13.92009
2,isolation_forest,1686,13.283924
2,isolation_forest,1687,13.127425
2,isolation_forest,1688,13.090702
2,isolation_forest,1689,13.010869
2,isolation_forest,1690,14.250256
2,isolation_forest,1691,13.798757
2,isolation_forest,1692,12.968666
2,isolation_forest,1693,12.936925
2,isolation_forest,1694,12.812629
2,isolation_forest,1695,13.159869
2,isolation_forest,1696,13.334813
2,isolation_forest,1697,14.243664
2,isolation_forest,1698,15.435551
2,isolation_forest,1699,14.361683
2,isolation_forest,1700,13.910627
2,isolation_forest,1701,13.137443
2,isolation_forest,1702,13.117258
2,isolation_forest,1703,13.064239
2,isolation_forest,1704,12.94374
2,isolation_forest,1705,12.911665
2,isolation_forest,1706,13.165314
2,isolation_forest,1707,13.038054
2,isolation_forest,1708,12.99711
2,isolation_forest,1709,12.907888
2,isolation_forest,1710,12.933851
2,isolation_forest,1711,12.829981
2,isolation_forest,1712,12.822166
2,isolation_forest,1713,13.74059
2,isolation_forest,1714,13.10948
2,isolation_forest,1715,12.923443
2,isolation_forest,1716,12.97611
2,isolation_forest,1717,13.052165
2,isolation_forest,1718,12.991259
2,isolation_forest,1719,12.867796
2,isolation_forest,1720,12.895907
2,isolation_forest,1721,12.841906
2,isolation_forest,1722,12.874462
2,isolation_forest,1723,12.99248
2,isolation_forest,1724,12.891889
2,isolation_forest,1725,12.866721
2,isolation_forest,1726,12.89324
2,isolation_forest,1727,12.794332
2,isolation_forest,1728,12.851444
2,isolation_forest,1729,12.911129
2,isolation_forest,1730,12.812259
2,isolation_forest,1731,12.845684
2,isolation_forest,1732,12.948481
2,isolation_forest,1733,12.811703
2,isolation_forest,1734,12.810166
2,isolation_forest,1735,12.801832
2,isolation_forest,1736,12.737111
2,isolation_forest,1737,12.744573
2,isolation_forest,1738,12.736888
2,isolation_forest,1739,12.781129
2,isolation_forest,1740,12.770555
2,isolation_forest,1741,12.825333
2,isolation_forest,1742,12.745444
2,isolation_forest,1743,13.992127
2,isolation_forest,1744,15.243107
2,isolation_forest,1745,14.250331
2,isolation_forest,1746,13.787091
2,isolation_forest,1747,13.209628
2,isolation_forest,1748,13.203999
2,isolation_forest,1749,13.061536
2,isolation_forest,1750,13.007999
2,isolation_forest,1751,13.060444
2,isolation_forest,1752,12.998739
2,isolation_forest,1753,12.939351
2,isolation_forest,1754,12.90424
2,isolation_forest,1755,12.874628
2,isolation_forest,1756,12.793666
2,isolation_forest,1757,12.664926
2,isolation_forest,1758,12.898981
2,isolation_forest,1759,13.205925
2,isolation_forest,1760,13.804238
2,isolation_forest,1761,13.549313
2,isolation_forest,1762,13.024462
2,isolation_forest,1763,13.020036
2,isolation_forest,1764,13.01024
2,isolation_forest,1765,12.858148
2,isolation_forest,1766,12.889222
2,isolation_forest,1767,12.808554
2,isolation_forest,1768,12.920759
2,isolation_forest,1769,12.790573
2,isolation_forest,1770,12.829796
2,isolation_forest,1771,12.836536
2,isolation_forest,1772,12.770277
2,isolation_forest,1773,12.663444
2,isolation_forest,1774,12.750258
2,isolation_forest,1775,12.715462
2,isolation_forest,1776,12.748185
2,isolation_forest,1777,12.890369
2,isolation_forest,1778,12.829148
2,isolation_forest,1779,12.899147
2,isolation_forest,1780,12.879759
2,isolation_forest,1781,12.842203
2,isolation_forest,1782,12.755741
2,isolation_forest,1783,12.858277
2,isolation_forest,1784,12.893055
2,isolation_forest,1785,13.053906
2,isolation_forest,1786,12.957795
2,isolation_forest,1787,12.783222
2,isolation_forest,1788,12.816074
2,isolation_forest,1789,14.031609
2,isolation_forest,1790,15.235422
2,isolation_forest,1791,14.199497
2,isolation_forest,1792,13.745757
2,isolation_forest,1793,13.108388
2,isolation_forest,1794,13.022703
2,isolation_forest,1795,13.687572
2,isolation_forest,1796,13.079314
2,isolation_forest,1797,12.884258
2,isolation_forest,1798,12.838499
2,isolation_forest,1799,12.796481
2,isolation_forest,1800,12.855925
2,isolation_forest,1801,12.792185
2,isolation_forest,1802,12.777943
2,isolation_forest,1803,12.807629
2,isolation_forest,1804,13.859202
2,isolation_forest,1805,14.491812
3,isolation_forest,1,13.049314
3,isolation_forest,2,13.053721
3,isolation_forest,3,12.973814
3,isolation_forest,4,12.949147
3,isolation_forest,5,12.880852
3,isolation_forest,6,13.057054
3,isolation_forest,7,13.027481
3,isolation_forest,8,13.111907
3,isolation_forest,9,12.920555
3,isolation_forest,10,14.987311
3,isolation_forest,11,15.111458
3,isolation_forest,12,14.128627
3,isolation_forest,13,14.192201
3,isolation_forest,14,13.593461
3,isolation_forest,15,13.204258
3,isolation_forest,16,13.008184
3,isolation_forest,17,13.000537
3,isolation_forest,18,12.798333
3,isolation_forest,19,12.727
3,isolation_forest,20,12.71063
3,isolation_forest,21,12.737907
3,isolation_forest,22,12.614258
3,isolation_forest,23,12.721573
3,isolation_forest,24,12.694944
3,isolation_forest,25,12.908795
3,isolation_forest,26,13.000555
3,isolation_forest,27,12.875499
3,isolation_forest,28,12.950629
3,isolation_forest,29,13.081869
3,isolation_forest,30,12.987721
3,isolation_forest,31,12.816351
3,isolation_forest,32,12.834148
3,isolation_forest,33,12.846425
3,isolation_forest,34,12.83261
3,isolation_forest,35,13.06674
3,isolation_forest,36,13.022222
3,isolation_forest,37,12.848074
3,isolation_forest,38,13.035999
3,isolation_forest,39,12.780907
3,isolation_forest,40,12.701685
3,isolation_forest,41,12.83487
3,isolation_forest,42,12.745592
3,isolation_forest,43,12.961592
3,isolation_forest,44,12.961407
3,isolation_forest,45,12.856999
3,isolation_forest,46,12.906037
3,isolation_forest,47,12.936758
3,isolation_forest,48,12.831481
3,isolation_forest,49,12.84374
3,isolation_forest,50,12.788518
3,isolation_forest,51,12.75737
3,isolation_forest,52,12.841832
3,isolation_forest,53,13.608183
3,isolation_forest,54,12.897018
3,isolation_forest,55,12.871814
3,isolation_forest,56,15.106626
3,isolation_forest,57,14.761829
3,isolation_forest,58,13.941702
3,isolation_forest,59,13.24161
3,isolation_forest,60,13.10887
3,isolation_forest,61,13.112888
3,isolation_forest,62,13.028833
3,isolation_forest,63,13.023906
3,isolation_forest,64,13.049666
3,isolation_forest,65,13.072203
3,isolation_forest,66,12.916499
3,isolation_forest,67,12.899277
3,isolation_forest,68,12.905296
3,isolation_forest,69,12.831
3,isolation_forest,70,12.824092
3,isolation_forest,71,13.00087
3,isolation_forest,72,12.977407
3,isolation_forest,73,12.932166
3,isolation_forest,74,13.010777
3,isolation_forest,75,13.169425
3,isolation_forest,76,13.012814
3,isolation_forest,77,12.978925
3,isolation_forest,78,12.935074
3,isolation_forest,79,12.850148
3,isolation_forest,80,12.893592
3,isolation_forest,81,12.848018
3,isolation_forest,82,12.707407
3,isolation_forest,83,12.711963
3,isolation_forest,84,12.740129
3,isolation_forest,85,12.742981
3,isolation_forest,86,12.82837
3,isolation_forest,87,12.924259
3,isolation_forest,88,13.80535
3,isolation_forest,89,13.50998
3,isolation_forest,90,13.112333
3,isolation_forest,91,12.987832
3,isolation_forest,92,13.127814
3,isolation_forest,93,13.17248
3,isolation_forest,94,14.264608
3,isolation_forest,95,14.094405
3,isolation_forest,96,13.234943
3,isolation_forest,97,13.067462
3,isolation_forest,98,12.992499
3,isolation_forest,99,12.990647
3,isolation_forest,100,12.925055
3,isolation_forest,101,13.753942
3,isolation_forest,102,15.365366
3,isolation_forest,103,14.41759
3,isolation_forest,104,14.033683
3,isolation_forest,105,13.20461
3,isolation_forest,106,13.061629
3,isolation_forest,107,13.015832
3,isolation_forest,108,12.896333
3,isolation_forest,109,12.878388
3,isolation_forest,110,12.843092
3,isolation_forest,111,12.978018
3,isolation_forest,112,12.927222
3,isolation_forest,113,12.85087
3,isolation_forest,114,12.908296
3,isolation_forest,115,12.918814
3,isolation_forest,116,13.065962
3,isolation_forest,117,13.066443
3,isolation_forest,118,12.940703
3,isolation_forest,119,12.933258
3,isolation_forest,120,12.831666
3,isolation_forest,121,12.837666
3,isolation_forest,122,12.845277
3,isolation_forest,123,12.862963
3,isolation_forest,124,12.838666
3,isolation_forest,125,12.847463
3,isolation_forest,126,12.770037
3,isolation_forest,127,12.762573
3,isolation_forest,128,12.757148
3,isolation_forest,129,12.766407
3,isolation_forest,130,12.779852
3,isolation_forest,131,12.763703
3,isolation_forest,132,12.755814
3,isolation_forest,133,12.727944
3,isolation_forest,134,12.713185
3,isolation_forest,135,13.603554
3,isolation_forest,136,13.050092
3,isolation_forest,137,12.909499
3,isolation_forest,138,12.896592
3,isolation_forest,139,12.971648
3,isolation_forest,140,12.833
3,isolation_forest,141,12.808648
3,isolation_forest,142,12.799221
3,isolation_forest,143,12.837629
3,isolation_forest,144,12.832907
3,isolation_forest,145,12.727925
3,isolation_forest,146,12.808555
3,isolation_forest,147,13.47335
3,isolation_forest,148,15.082626
3,isolation_forest,149,14.425645
3,isolation_forest,150,14.039646
3,isolation_forest,151,13.263962
3,isolation_forest,152,13.155443
3,isolation_forest,153,13.142666
3,isolation_forest,154,12.987573
3,isolation_forest,155,12.905536
3,isolation_forest,156,12.921999
3,isolation_forest,157,12.858721
3,isolation_forest,158,12.922036
3,isolation_forest,159,12.736888
3,isolation_forest,160,12.830889
3,isolation_forest,161,12.799129
3,isolation_forest,162,12.860166
3,isolation_forest,163,13.247092
3,isolation_forest,164,14.112868
3,isolation_forest,165,14.03446
3,isolation_forest,166,13.252055
3,isolation_forest,167,13.101999
3,isolation_forest,168,13.25761
3,isolation_forest,169,13.046888
3,isolation_forest,170,13.00987
3,isolation_forest,171,13.064758
3,isolation_forest,172,12.897407
3,isolation_forest,173,12.864925
3,isolation_forest,174,12.850795
3,isolation_forest,175,12.876221
3,isolation_forest,176,12.865221
3,isolation_forest,177,12.816407
3,isolation_forest,178,12.814963
3,isolation_forest,179,12.751759
3,isolation_forest,180,12.778407
3,isolation_forest,181,12.902703
3,isolation_forest,182,12.915314
3,isolation_forest,183,12.919703
3,isolation_forest,184,12.899536
3,isolation_forest,185,12.805795
3,isolation_forest,186,12.850426
3,isolation_forest,187,12.916851
3,isolation_forest,188,13.023406
3,isolation_forest,189,12.906703
3,isolation_forest,190,12.782241
3,isolation_forest,191,12.757388
3,isolation_forest,192,12.790796
3,isolation_forest,193,14.306238
3,isolation_forest,194,14.975737
3,isolation_forest,195,14.759922
3,isolation_forest,196,13.880202
3,isolation_forest,197,13.197407
3,isolation_forest,198,13.153517
3,isolation_forest,199,13.130277
3,isolation_forest,200,13.206258
3,isolation_forest,201,13.050758
3,isolation_forest,202,13.022536
3,isolation_forest,203,13.026851
3,isolation_forest,204,12.901684
3,isolation_forest,205,12.874463
3,isolation_forest,206,12.909388
3,isolation_forest,207,12.839462
3,isolation_forest,208,14.023312
3,isolation_forest,209,14.549256
3,isolation_forest,210,13.209648
3,isolation_forest,211,13.200276
3,isolation_forest,212,13.146813
3,isolation_forest,213,12.972944
3,isolation_forest,214,12.945833
3,isolation_forest,215,12.81674
3,isolation_forest,216,12.838166
3,isolation_forest,217,13.613517
3,isolation_forest,218,12.985462
3,isolation_forest,219,12.98887
3,isolation_forest,220,12.857222
3,isolation_forest,221,12.928962
3,isolation_forest,222,12.845648
3,isolation_forest,223,12.874222
3,isolation_forest,224,12.731055
3,isolation_forest,225,12.911592
3,isolation_forest,226,12.861315
3,isolation_forest,227,13.008073
3,isolation_forest,228,14.316646
3,isolation_forest,229,17.893085
3,isolation_forest,230,13.850979
3,isolation_forest,231,14.628053
3,isolation_forest,232,15.368885
3,isolation_forest,233,13.917146
3,isolation_forest,234,13.58911
3,isolation_forest,235,13.800165
3,isolation_forest,236,13.535332
3,isolation_forest,237,14.120276
3,isolation_forest,238,16.522216
3,isolation_forest,239,14.7367
3,isolation_forest,240,14.418868
3,isolation_forest,241,14.21072
3,isolation_forest,242,13.228777
3,isolation_forest,243,13.172961
3,isolation_forest,244,13.047499
3,isolation_forest,245,12.984332
3,isolation_forest,246,12.819129
3,isolation_forest,247,12.798129
3,isolation_forest,248,12.872944
3,isolation_forest,249,12.953518
3,isolation_forest,250,12.864055
3,isolation_forest,251,13.013684
3,isolation_forest,252,13.33261
3,isolation_forest,253,13.401573
3,isolation_forest,254,13.124795
3,isolation_forest,255,13.068017
3,isolation_forest,256,13.100888
3,isolation_forest,257,13.004851
3,isolation_forest,258,12.957203
3,isolation_forest,259,12.947647
3,isolation_forest,260,12.92237
3,isolation_forest,261,13.312684
3,isolation_forest,262,13.114703
3,isolation_forest,263,13.101055
3,isolation_forest,264,13.037536
3,isolation_forest,265,13.000851
3,isolation_forest,266,12.896425
3,isolation_forest,267,12.857352
3,isolation_forest,268,12.983129
3,isolation_forest,269,13.191407
3,isolation_forest,270,13.023277
3,isolation_forest,271,13.260962
3,isolation_forest,272,12.986851
3,isolation_forest,273,13.009573
3,isolation_forest,274,12.893666
3,isolation_forest,275,12.988037
3,isolation_forest,276,12.885036
3,isolation_forest,277,12.859777
3,isolation_forest,278,13.025981
3,isolation_forest,279,13.042999
3,isolation_forest,280,12.864129
3,isolation_forest,281,12.84824
3,isolation_forest,282,12.840444
3,isolation_forest,283,14.649497
3,isolation_forest,284,14.883256
3,isolation_forest,285,14.185757
3,isolation_forest,286,13.667831
3,isolation_forest,287,13.144555
3,isolation_forest,288,13.134739
3,isolation_forest,289,13.011314
3,isolation_forest,290,12.875463
3,isolation_forest,291,12.838481
3,isolation_forest,292,12.771407
3,isolation_forest,293,12.775389
3,isolation_forest,294,12.76437
3,isolation_forest,295,12.712926
3,isolation_forest,296,12.666296
3,isolation_forest,297,12.683074
3,isolation_forest,298,12.981147
3,isolation_forest,299,13.815053
3,isolation_forest,300,13.061481
3,isolation_forest,301,13.096425
3,isolation_forest,302,13.000259
3,isolation_forest,303,12.925388
3,isolation_forest,304,12.860499
3,isolation_forest,305,12.882833
3,isolation_forest,306,12.801314
3,isolation_forest,307,12.784055
3,isolation_forest,308,12.763777
3,isolation_forest,309,12.786611
3,isolation_forest,310,12.789907
3,isolation_forest,311,12.798962
3,isolation_forest,312,12.750851
3,isolation_forest,313,12.774926
3,isolation_forest,314,12.761314
3,isolation_forest,315,13.682572
3,isolation_forest,316,13.870943
3,isolation_forest,317,13.243665
3,isolation_forest,318,13.049555
3,isolation_forest,319,13.050166
3,isolation_forest,320,13.041888
3,isolation_forest,321,13.886665
3,isolation_forest,322,14.244182
3,isolation_forest,323,13.240684
3,isolation_forest,324,13.226425
3,isolation_forest,325,13.093777
3,isolation_forest,326,12.984351
3,isolation_forest,327,12.996185
3,isolation_forest,328,13.426554
3,isolation_forest,329,14.986645
3,isolation_forest,330,14.541219
3,isolation_forest,331,13.982553
3,isolation_forest,332,13.290795
3,isolation_forest,333,13.196314
3,isolation_forest,334,13.113091
3,isolation_forest,335,13.126832
3,isolation_forest,336,13.022147
3,isolation_forest,337,12.938796
3,isolation_forest,338,13.127128
3,isolation_forest,339,12.952129
3,isolation_forest,340,12.932
3,isolation_forest,341,12.849537
3,isolation_forest,342,12.864222
3,isolation_forest,343,13.861775
3,isolation_forest,344,13.52048
3,isolation_forest,345,13.241943
3,isolation_forest,346,13.012851
3,isolation_forest,347,13.159999
3,isolation_forest,348,13.074907
3,isolation_forest,349,13.104036
3,isolation_forest,350,12.928573
3,isolation_forest,351,12.922962
3,isolation_forest,352,12.828463
3,isolation_forest,353,12.823036
3,isolation_forest,354,12.784537
3,isolation_forest,355,12.804852
3,isolation_forest,356,12.995092
3,isolation_forest,357,12.980833
3,isolation_forest,358,12.899574
3,isolation_forest,359,12.854592
3,isolation_forest,360,12.843684
3,isolation_forest,361,12.785074
3,isolation_forest,362,12.830759
3,isolation_forest,363,13.501628
3,isolation_forest,364,13.630887
3,isolation_forest,365,13.258888
3,isolation_forest,366,13.166666
3,isolation_forest,367,13.230906
3,isolation_forest,368,13.173703
3,isolation_forest,369,13.029129
3,isolation_forest,370,12.987759
3,isolation_forest,371,12.90411
3,isolation_forest,372,12.86124
3,isolation_forest,373,12.740944
3,isolation_forest,374,14.172479
3,isolation_forest,375,14.939663
3,isolation_forest,376,14.461756
3,isolation_forest,377,13.775499
3,isolation_forest,378,13.429962
3,isolation_forest,379,13.299239
3,isolation_forest,380,13.160073
3,isolation_forest,381,13.677831
3,isolation_forest,382,12.991592
3,isolation_forest,383,12.829277
3,isolation_forest,384,12.719462
3,isolation_forest,385,12.803907
3,isolation_forest,386,12.790258
3,isolation_forest,387,12.767093
3,isolation_forest,388,12.725
3,isolation_forest,389,12.874925
3,isolation_forest,390,13.11724
3,isolation_forest,391,13.988961
3,isolation_forest,392,13.413869
3,isolation_forest,393,13.04324
3,isolation_forest,394,12.974352
3,isolation_forest,395,13.014277
3,isolation_forest,396,12.967907
3,isolation_forest,397,12.947555
3,isolation_forest,398,12.906166
3,isolation_forest,399,12.80913
3,isolation_forest,400,12.749203
3,isolation_forest,401,12.765388
3,isolation_forest,402,12.759778
3,isolation_forest,403,12.784203
3,isolation_forest,404,12.714018
3,isolation_forest,405,12.802555
3,isolation_forest,406,12.849388
3,isolation_forest,407,12.866907
3,isolation_forest,408,12.818907
3,isolation_forest,409,12.832666
3,isolation_forest,410,12.735092
3,isolation_forest,411,12.843482
3,isolation_forest,412,12.758962
3,isolation_forest,413,12.736222
3,isolation_forest,414,12.80887
3,isolation_forest,415,13.116814
3,isolation_forest,416,12.991536
3,isolation_forest,417,12.971851
3,isolation_forest,418,12.855389
3,isolation_forest,419,12.829351
3,isolation_forest,420,14.557478
3,isolation_forest,421,14.820331
3,isolation_forest,422,14.232405
3,isolation_forest,423,13.83572
3,isolation_forest,424,13.111314
3,isolation_forest,425,13.101425
3,isolation_forest,426,13.022073
3,isolation_forest,427,13.266999
3,isolation_forest,428,13.017796
3,isolation_forest,429,12.971592
3,isolation_forest,430,12.866499
3,isolation_forest,431,12.891611
3,isolation_forest,432,12.902388
3,isolation_forest,433,12.97124
3,isolation_forest,434,12.928685
3,isolation_forest,435,14.091906
3,isolation_forest,436,14.450701
3,isolation_forest,437,13.212776
3,isolation_forest,438,13.119648
3,isolation_forest,439,13.115851
3,isolation_forest,440,12.976555
3,isolation_forest,441,13.117777
3,isolation_forest,442,12.923074
3,isolation_forest,443,12.9255
3,isolation_forest,444,12.838925
3,isolation_forest,445,12.938018
3,isolation_forest,446,12.922629
3,isolation_forest,447,12.833889
3,isolation_forest,448,12.82424
3,isolation_forest,449,12.81237
3,isolation_forest,450,12.879777
3,isolation_forest,451,12.863722
3,isolation_forest,452,12.784963
3,isolation_forest,453,12.838166
3,isolation_forest,454,12.906148
3,isolation_forest,455,12.835815
3,isolation_forest,456,12.905018
3,isolation_forest,457,12.856814
3,isolation_forest,458,12.752315
3,isolation_forest,459,12.685037
3,isolation_forest,460,12.669704
3,isolation_forest,461,12.679352
3,isolation_forest,462,12.716722
3,isolation_forest,463,13.78648
3,isolation_forest,464,12.953907
3,isolation_forest,465,12.966611
3,isolation_forest,466,14.988219
3,isolation_forest,467,15.115608
3,isolation_forest,468,14.126164
3,isolation_forest,469,14.37035
3,isolation_forest,470,13.760591
3,isolation_forest,471,13.244055
3,isolation_forest,472,13.116091
3,isolation_forest,473,13.100296
3,isolation_forest,474,13.072537
3,isolation_forest,475,13.05311
3,isolation_forest,476,12.956148
3,isolation_forest,477,12.954888
3,isolation_forest,478,12.903073
3,isolation_forest,479,12.796759
3,isolation_forest,480,12.687777
3,isolation_forest,481,12.944055
3,isolation_forest,482,12.934352
3,isolation_forest,483,12.895147
3,isolation_forest,484,12.914592
3,isolation_forest,485,12.867925
3,isolation_forest,486,12.767073
3,isolation_forest,487,12.82187
3,isolation_forest,488,12.865037
3,isolation_forest,489,12.794759
3,isolation_forest,490,12.686759
3,isolation_forest,491,12.905888
3,isolation_forest,492,12.822426
3,isolation_forest,493,12.817389
3,isolation_forest,494,12.748537
3,isolation_forest,495,12.726204
3,isolation_forest,496,12.652093
3,isolation_forest,497,12.680278
3,isolation_forest,498,12.743278
3,isolation_forest,499,12.667259
3,isolation_forest,500,12.685018
3,isolation_forest,501,12.971499
3,isolation_forest,502,12.909684
3,isolation_forest,503,13.020778
3,isolation_forest,504,12.907833
3,isolation_forest,505,13.072611
3,isolation_forest,506,12.917555
3,isolation_forest,507,12.924518
3,isolation_forest,508,12.751667
3,isolation_forest,509,12.738351
3,isolation_forest,510,12.814203
3,isolation_forest,511,12.705815
3,isolation_forest,512,14.859496
3,isolation_forest,513,14.455978
3,isolation_forest,514,13.786017
3,isolation_forest,515,13.007351
3,isolation_forest,516,12.971166
3,isolation_forest,517,12.9175
3,isolation_forest,518,13.079462
3,isolation_forest,519,13.069666
3,isolation_forest,520,12.907296
3,isolation_forest,521,12.906684
3,isolation_forest,522,13.580258
3,isolation_forest,523,14.375571
3,isolation_forest,524,13.823498
3,isolation_forest,525,13.559406
3,isolation_forest,526,13.551536
3,isolation_forest,527,13.895405
3,isolation_forest,528,13.769702
3,isolation_forest,529,13.732794
3,isolation_forest,530,13.387481
3,isolation_forest,531,13.621776
3,isolation_forest,532,13.384351
3,isolation_forest,533,14.135201
3,isolation_forest,534,13.800332
3,isolation_forest,535,13.382851
3,isolation_forest,536,13.540776
3,isolation_forest,537,13.477424
3,isolation_forest,538,13.560017
3,isolation_forest,539,13.546129
3,isolation_forest,540,13.160963
3,isolation_forest,541,13.074536
3,isolation_forest,542,14.348016
3,isolation_forest,543,15.019701
3,isolation_forest,544,14.317442
3,isolation_forest,545,14.370164
3,isolation_forest,546,13.592332
3,isolation_forest,547,13.794128
3,isolation_forest,548,13.86711
3,isolation_forest,549,14.388831
3,isolation_forest,550,14.089868
3,isolation_forest,551,13.330795
3,isolation_forest,552,13.686887
3,isolation_forest,553,13.505536
3,isolation_forest,554,14.018832
3,isolation_forest,555,14.319016
3,isolation_forest,556,15.064867
3,isolation_forest,557,15.058163
3,isolation_forest,558,15.485199
3,isolation_forest,559,13.435147
3,isolation_forest,560,13.470906
3,isolation_forest,561,13.62611
3,isolation_forest,562,13.804036
3,isolation_forest,563,13.45172
3,isolation_forest,564,13.789368
3,isolation_forest,565,13.796831
3,isolation_forest,566,13.608276
3,isolation_forest,567,13.292036
3,isolation_forest,568,13.256166
3,isolation_forest,569,13.051925
3,isolation_forest,570,13.493943
3,isolation_forest,571,14.031424
3,isolation_forest,572,13.984554
3,isolation_forest,573,13.453425
3,isolation_forest,574,13.881702
3,isolation_forest,575,13.413592
3,isolation_forest,576,13.966979
3,isolation_forest,577,13.775813
3,isolation_forest,578,13.337055
3,isolation_forest,579,13.723461
3,isolation_forest,580,13.839536
3,isolation_forest,581,13.291499
3,isolation_forest,582,13.211111
3,isolation_forest,583,13.777665
3,isolation_forest,584,13.728961
3,isolation_forest,585,13.767962
3,isolation_forest,586,13.460499
3,isolation_forest,587,13.435147
3,isolation_forest,588,13.976461
3,isolation_forest,589,13.352406
3,isolation_forest,590,13.030981
3,isolation_forest,591,13.077925
3,isolation_forest,592,13.460091
3,isolation_forest,593,13.373759
3,isolation_forest,594,13.592776
3,isolation_forest,595,13.528925
3,isolation_forest,596,14.055775
3,isolation_forest,597,13.434036
3,isolation_forest,598,13.289425
3,isolation_forest,599,14.20785
3,isolation_forest,600,17.570844
3,isolation_forest,601,15.396033
3,isolation_forest,602,14.272146
3,isolation_forest,603,13.263518
3,isolation_forest,604,13.529832
3,isolation_forest,605,13.387258
3,isolation_forest,606,13.216851
3,isolation_forest,607,13.927313
3,isolation_forest,608,13.413313
3,isolation_forest,609,13.795665
3,isolation_forest,610,13.879572
3,isolation_forest,611,13.333592
3,isolation_forest,612,13.12774
3,isolation_forest,613,13.478814
3,isolation_forest,614,13.559314
3,isolation_forest,615,14.469553
3,isolation_forest,616,14.770441
3,isolation_forest,617,13.367276
3,isolation_forest,618,13.921924
3,isolation_forest,619,13.44024
3,isolation_forest,620,13.375092
3,isolation_forest,621,13.427128
3,isolation_forest,622,13.766424
3,isolation_forest,623,13.513165
3,isolation_forest,624,13.287888
3,isolation_forest,625,13.153092
3,isolation_forest,626,13.098259
3,isolation_forest,627,14.438201
3,isolation_forest,628,13.436406
3,isolation_forest,629,13.680499
3,isolation_forest,630,13.378018
3,isolation_forest,631,13.848239
3,isolation_forest,632,13.806239
3,isolation_forest,633,13.628277
3,isolation_forest,634,13.229795
3,isolation_forest,635,13.56285
3,isolation_forest,636,13.328277
3,isolation_forest,637,14.385257
3,isolation_forest,638,13.476684
3,isolation_forest,639,13.195721
3,isolation_forest,640,13.638499
3,isolation_forest,641,13.634629
3,isolation_forest,642,13.80385
3,isolation_forest,643,14.985681
3,isolation_forest,644,14.793793
3,isolation_forest,645,15.147848
3,isolation_forest,646,13.995369
3,isolation_forest,647,13.568721
3,isolation_forest,648,13.266647
3,isolation_forest,649,12.971889
3,isolation_forest,650,13.097444
3,isolation_forest,651,13.029907
3,isolation_forest,652,12.998555
3,isolation_forest,653,13.000703
3,isolation_forest,654,13.014166
3,isolation_forest,655,13.00074
3,isolation_forest,656,12.848444
3,isolation_forest,657,12.805815
3,isolation_forest,658,14.263071
3,isolation_forest,659,14.143109
3,isolation_forest,660,13.049629
3,isolation_forest,661,12.949444
3,isolation_forest,662,12.977203
3,isolation_forest,663,12.943611
3,isolation_forest,664,13.173499
3,isolation_forest,665,15.108589
3,isolation_forest,666,13.690609
3,isolation_forest,667,13.269702
3,isolation_forest,668,13.218185
3,isolation_forest,669,13.073314
3,isolation_forest,670,13.041388
3,isolation_forest,671,12.922092
3,isolation_forest,672,13.117759
3,isolation_forest,673,12.896277
3,isolation_forest,674,12.934259
3,isolation_forest,675,12.874037
3,isolation_forest,676,12.914555
3,isolation_forest,677,12.842574
3,isolation_forest,678,12.804185
3,isolation_forest,679,12.985481
3,isolation_forest,680,12.929
3,isolation_forest,681,12.881778
3,isolation_forest,682,12.926296
3,isolation_forest,683,12.855111
3,isolation_forest,684,12.799
3,isolation_forest,685,12.734666
3,isolation_forest,686,12.776741
3,isolation_forest,687,12.786666
3,isolation_forest,688,13.819962
3,isolation_forest,689,15.4407
3,isolation_forest,690,14.435071
3,isolation_forest,691,14.23809
3,isolation_forest,692,14.093942
3,isolation_forest,693,13.116314
3,isolation_forest,694,13.070537
3,isolation_forest,695,13.01587
3,isolation_forest,696,12.923389
3,isolation_forest,697,12.940815
3,isolation_forest,698,12.98111
3,isolation_forest,699,12.867129
3,isolation_forest,700,12.816185
3,isolation_forest,701,12.829407
3,isolation_forest,702,12.821296
3,isolation_forest,703,12.941777
3,isolation_forest,704,13.14237
3,isolation_forest,705,12.852129
3,isolation_forest,706,12.80774
3,isolation_forest,707,12.902388
3,isolation_forest,708,12.89311
3,isolation_forest,709,13.62248
3,isolation_forest,710,12.939925
3,isolation_forest,711,12.78813
3,isolation_forest,712,12.833259
3,isolation_forest,713,12.896574
3,isolation_forest,714,12.995851
3,isolation_forest,715,12.721796
3,isolation_forest,716,12.726722
3,isolation_forest,717,12.663204
3,isolation_forest,718,12.6355
3,isolation_forest,719,12.663426
3,isolation_forest,720,12.631611
3,isolation_forest,721,12.661907
3,isolation_forest,722,12.677426
3,isolation_forest,723,12.719944
3,isolation_forest,724,12.736074
3,isolation_forest,725,12.728186
3,isolation_forest,726,12.855018
3,isolation_forest,727,12.725981
3,isolation_forest,728,12.783129
3,isolation_forest,729,12.748278
3,isolation_forest,730,12.660037
3,isolation_forest,731,12.601815
3,isolation_forest,732,12.654963
3,isolation_forest,733,12.655352
3,isolation_forest,734,13.556887
3,isolation_forest,735,15.000923
3,isolation_forest,736,14.498349
3,isolation_forest,737,13.936035
3,isolation_forest,738,13.167333
3,isolation_forest,739,13.063741
3,isolation_forest,740,13.106629
3,isolation_forest,741,13.019833
3,isolation_forest,742,12.960721
3,isolation_forest,743,12.992574
3,isolation_forest,744,13.085684
3,isolation_forest,745,12.952629
3,isolation_forest,746,12.783555
3,isolation_forest,747,12.8475
3,isolation_forest,748,12.789574
3,isolation_forest,749,12.920185
3,isolation_forest,750,13.059778
3,isolation_forest,751,12.938241
3,isolation_forest,752,12.903333
3,isolation_forest,753,12.927648
3,isolation_forest,754,13.069592
3,isolation_forest,755,13.033055
3,isolation_forest,756,13.096648
3,isolation_forest,757,12.887926
3,isolation_forest,758,12.809055
3,isolation_forest,759,12.850907
3,isolation_forest,761,12.903851
3,isolation_forest,762,12.881296
3,isolation_forest,763,12.775463
3,isolation_forest,764,12.689649
3,isolation_forest,765,12.670019
3,isolation_forest,766,12.768723
3,isolation_forest,767,13.292943
3,isolation_forest,768,14.041609
3,isolation_forest,769,13.051056
3,isolation_forest,770,13.069777
3,isolation_forest,771,13.002518
3,isolation_forest,772,12.794111
3,isolation_forest,773,13.169425
3,isolation_forest,774,14.324275
3,isolation_forest,775,13.312573
3,isolation_forest,776,13.091444
3,isolation_forest,777,12.898944
3,isolation_forest,778,12.783629
3,isolation_forest,779,12.796185
3,isolation_forest,780,12.74337
3,isolation_forest,781,14.397924
3,isolation_forest,782,14.528776
3,isolation_forest,783,13.911591
3,isolation_forest,784,13.415314
3,isolation_forest,785,13.011741
3,isolation_forest,786,12.932222
3,isolation_forest,787,12.916278
3,isolation_forest,788,12.84261
3,isolation_forest,789,12.880296
3,isolation_forest,790,12.788167
3,isolation_forest,791,12.918481
3,isolation_forest,792,13.699554
3,isolation_forest,793,13.067092
3,isolation_forest,794,12.907425
3,isolation_forest,795,12.867963
3,isolation_forest,796,12.958888
3,isolation_forest,797,12.964018
3,isolation_forest,798,12.878648
3,isolation_forest,799,12.893185
3,isolation_forest,800,12.864777
3,isolation_forest,801,12.890722
3,isolation_forest,802,12.923814
3,isolation_forest,803,12.815407
3,isolation_forest,804,12.805444
3,isolation_forest,805,12.840259
3,isolation_forest,806,12.824055
3,isolation_forest,807,12.821852
3,isolation_forest,808,12.799277
3,isolation_forest,809,12.793593
3,isolation_forest,810,12.765389
3,isolation_forest,811,12.724685
3,isolation_forest,812,12.740111
3,isolation_forest,813,12.948592
3,isolation_forest,814,12.724649
3,isolation_forest,815,12.685686
3,isolation_forest,816,12.835963
3,isolation_forest,817,12.929926
3,isolation_forest,818,12.838222
3,isolation_forest,819,12.797999
3,isolation_forest,820,12.806037
3,isolation_forest,821,12.79326
3,isolation_forest,822,12.719667
3,isolation_forest,823,13.147518
3,isolation_forest,824,13.00313
3,isolation_forest,825,12.927148
3,isolation_forest,826,12.948704
3,isolation_forest,827,13.910628
3,isolation_forest,828,15.377496
3,isolation_forest,829,14.355534
3,isolation_forest,830,13.453147
3,isolation_forest,831,13.102351
3,isolation_forest,832,12.985388
3,isolation_forest,833,13.007129
3,isolation_forest,834,12.945796
3,isolation_forest,835,12.907371
3,isolation_forest,836,12.893111
3,isolation_forest,837,12.930481
3,isolation_forest,838,12.832593
3,isolation_forest,839,12.741315
3,isolation_forest,840,12.833167
3,isolation_forest,841,12.780499
3,isolation_forest,842,12.781166
3,isolation_forest,843,13.194277
3,isolation_forest,844,13.828739
3,isolation_forest,845,13.553758
3,isolation_forest,846,13.079796
3,isolation_forest,847,12.996093
3,isolation_forest,848,12.929648
3,isolation_forest,849,12.910629
3,isolation_forest,850,12.85537
3,isolation_forest,851,12.871426
3,isolation_forest,852,12.812351
3,isolation_forest,853,12.854315
3,isolation_forest,854,12.736833
3,isolation_forest,855,12.679148
3,isolation_forest,856,12.675351
3,isolation_forest,857,12.543018
3,isolation_forest,858,12.694018
3,isolation_forest,859,12.784296
3,isolation_forest,860,12.811945
3,isolation_forest,861,12.761759
3,isolation_forest,862,12.787278
3,isolation_forest,863,12.816722
3,isolation_forest,864,12.877204
3,isolation_forest,865,12.869055
3,isolation_forest,866,12.810963
3,isolation_forest,867,12.762537
3,isolation_forest,868,12.941277
3,isolation_forest,869,13.070019
3,isolation_forest,870,12.91224
3,isolation_forest,871,12.835351
3,isolation_forest,872,12.771963
3,isolation_forest,873,13.683943
3,isolation_forest,874,15.675532
3,isolation_forest,875,14.173609
3,isolation_forest,876,13.531555
3,isolation_forest,877,13.088092
3,isolation_forest,878,12.961111
3,isolation_forest,879,12.820518
3,isolation_forest,880,12.878167
3,isolation_forest,881,12.860574
3,isolation_forest,882,12.764889
3,isolation_forest,883,12.618981
3,isolation_forest,884,12.765018
3,isolation_forest,885,12.633963
3,isolation_forest,886,12.73476
3,isolation_forest,887,12.81376
3,isolation_forest,888,13.250018
3,isolation_forest,889,14.345979
3,isolation_forest,890,13.949073
3,isolation_forest,891,13.247073
3,isolation_forest,892,12.973518
3,isolation_forest,893,12.980185
3,isolation_forest,894,12.878722
3,isolation_forest,895,12.925388
3,isolation_forest,896,12.82987
3,isolation_forest,897,12.811203
3,isolation_forest,898,12.843592
3,isolation_forest,899,12.864129
3,isolation_forest,900,12.794167
3,isolation_forest,901,12.748351
3,isolation_forest,902,12.808426
3,isolation_forest,903,12.736593
3,isolation_forest,904,12.806241
3,isolation_forest,905,12.826925
3,isolation_forest,906,12.850593
3,isolation_forest,907,12.873167
3,isolation_forest,908,12.845999
3,isolation_forest,909,12.90937
3,isolation_forest,910,12.867296
3,isolation_forest,911,12.848815
3,isolation_forest,912,12.804518
3,isolation_forest,913,12.734555
3,isolation_forest,914,12.823796
3,isolation_forest,915,12.842167
3,isolation_forest,916,12.860741
3,isolation_forest,917,12.783037
3,isolation_forest,918,12.752648
3,isolation_forest,919,13.48048
3,isolation_forest,920,15.351404
3,isolation_forest,921,14.529368
3,isolation_forest,922,14.42559
3,isolation_forest,923,14.07685
3,isolation_forest,924,13.168241
3,isolation_forest,925,13.194462
3,isolation_forest,926,13.078499
3,isolation_forest,927,12.991833
3,isolation_forest,928,13.079592
3,isolation_forest,929,12.965981
3,isolation_forest,930,12.966833
3,isolation_forest,931,12.933018
3,isolation_forest,932,12.830759
3,isolation_forest,933,12.805389
3,isolation_forest,934,12.847463
3,isolation_forest,935,13.076425
3,isolation_forest,936,12.933185
3,isolation_forest,937,13.0045
3,isolation_forest,938,13.065832
3,isolation_forest,939,12.947926
3,isolation_forest,940,12.902796
3,isolation_forest,941,12.881499
3,isolation_forest,942,12.742334
3,isolation_forest,943,12.832111
3,isolation_forest,944,12.933722
3,isolation_forest,945,12.979315
3,isolation_forest,946,12.868907
3,isolation_forest,947,12.868444
3,isolation_forest,948,12.835129
3,isolation_forest,949,12.763407
3,isolation_forest,950,12.772574
3,isolation_forest,951,12.771796
3,isolation_forest,952,13.129111
3,isolation_forest,953,12.986259
3,isolation_forest,954,13.077314
3,isolation_forest,955,12.976425
3,isolation_forest,956,13.80561
3,isolation_forest,957,13.099926
3,isolation_forest,958,12.97074
3,isolation_forest,959,12.835389
3,isolation_forest,960,12.885852
3,isolation_forest,961,12.830037
3,isolation_forest,962,12.937888
3,isolation_forest,963,12.833148
3,isolation_forest,964,12.846926
3,isolation_forest,965,14.445442
3,isolation_forest,966,14.993775
3,isolation_forest,967,14.129794
3,isolation_forest,968,13.671777
3,isolation_forest,969,13.392018
3,isolation_forest,970,13.071556
3,isolation_forest,971,13.098555
3,isolation_forest,972,13.109352
3,isolation_forest,973,12.937518
3,isolation_forest,974,12.984611
3,isolation_forest,975,12.912574
3,isolation_forest,976,12.893778
3,isolation_forest,977,12.948093
3,isolation_forest,978,12.99224
3,isolation_forest,979,12.895907
3,isolation_forest,980,12.960611
3,isolation_forest,981,13.074703
3,isolation_forest,982,13.030037
3,isolation_forest,983,12.835648
3,isolation_forest,984,12.971056
3,isolation_forest,985,12.892352
3,isolation_forest,986,12.83113
3,isolation_forest,987,12.905333
3,isolation_forest,988,12.822815
3,isolation_forest,989,12.933111
3,isolation_forest,990,12.879
3,isolation_forest,991,12.798741
3,isolation_forest,992,12.926852
3,isolation_forest,993,12.896814
3,isolation_forest,994,12.839889
3,isolation_forest,995,12.841833
3,isolation_forest,996,12.869278
3,isolation_forest,997,13.838036
3,isolation_forest,998,13.958276
3,isolation_forest,999,12.994203
3,isolation_forest,1000,13.075758
3,isolation_forest,1001,12.987592
3,isolation_forest,1002,13.039741
3,isolation_forest,1003,13.550258
3,isolation_forest,1004,14.002258
3,isolation_forest,1005,13.118036
3,isolation_forest,1006,13.046111
3,isolation_forest,1007,12.807741
3,isolation_forest,1008,12.791871
3,isolation_forest,1009,12.765908
3,isolation_forest,1010,12.76087
3,isolation_forest,1011,14.916034
3,isolation_forest,1012,14.756423
3,isolation_forest,1013,14.106831
3,isolation_forest,1014,13.295499
3,isolation_forest,1015,13.386092
3,isolation_forest,1016,13.104369
3,isolation_forest,1017,13.018278
3,isolation_forest,1018,12.919593
3,isolation_forest,1019,12.771889
3,isolation_forest,1020,12.791333
3,isolation_forest,1021,12.901592
3,isolation_forest,1022,12.895425
3,isolation_forest,1023,12.707611
3,isolation_forest,1024,12.736241
3,isolation_forest,1025,12.68263
3,isolation_forest,1026,12.82637
3,isolation_forest,1027,12.985704
3,isolation_forest,1028,12.885851
3,isolation_forest,1029,12.692741
3,isolation_forest,1030,12.735834
3,isolation_forest,1031,12.909481
3,isolation_forest,1032,12.870297
3,isolation_forest,1033,12.982222
3,isolation_forest,1034,12.822926
3,isolation_forest,1035,12.757944
3,isolation_forest,1036,12.854741
3,isolation_forest,1037,13.001092
3,isolation_forest,1038,13.544924
3,isolation_forest,1039,12.845778
3,isolation_forest,1040,12.74676
3,isolation_forest,1041,12.740445
3,isolation_forest,1042,12.731592
3,isolation_forest,1043,12.806001
3,isolation_forest,1044,12.763222
3,isolation_forest,1045,12.678981
3,isolation_forest,1046,12.828222
3,isolation_forest,1047,12.946148
3,isolation_forest,1048,13.199518
3,isolation_forest,1049,12.901519
3,isolation_forest,1050,12.982259
3,isolation_forest,1051,12.858685
3,isolation_forest,1052,12.764519
3,isolation_forest,1053,12.831074
3,isolation_forest,1054,12.761444
3,isolation_forest,1055,12.781314
3,isolation_forest,1056,12.738667
3,isolation_forest,1057,14.784256
3,isolation_forest,1058,14.604238
3,isolation_forest,1059,13.980091
3,isolation_forest,1060,13.394925
3,isolation_forest,1061,13.058759
3,isolation_forest,1062,13.008389
3,isolation_forest,1063,12.930519
3,isolation_forest,1064,12.902926
3,isolation_forest,1065,12.847574
3,isolation_forest,1066,12.854944
3,isolation_forest,1067,12.745519
3,isolation_forest,1068,12.638611
3,isolation_forest,1069,12.734482
3,isolation_forest,1070,12.686667
3,isolation_forest,1071,12.645982
3,isolation_forest,1072,12.847815
3,isolation_forest,1073,13.292869
3,isolation_forest,1074,13.859868
3,isolation_forest,1075,13.544647
3,isolation_forest,1076,13.122795
3,isolation_forest,1077,13.022444
3,isolation_forest,1078,12.981
3,isolation_forest,1079,13.000778
3,isolation_forest,1080,12.996296
3,isolation_forest,1081,12.967444
3,isolation_forest,1082,12.909722
3,isolation_forest,1083,12.807555
3,isolation_forest,1084,12.818593
3,isolation_forest,1085,12.772389
3,isolation_forest,1086,12.790333
3,isolation_forest,1087,12.677019
3,isolation_forest,1088,12.882667
3,isolation_forest,1089,12.726111
3,isolation_forest,1090,12.856778
3,isolation_forest,1091,12.820482
3,isolation_forest,1092,12.910592
3,isolation_forest,1093,12.872889
3,isolation_forest,1094,12.841871
3,isolation_forest,1095,12.802722
3,isolation_forest,1096,12.719944
3,isolation_forest,1097,12.721482
3,isolation_forest,1098,12.941185
3,isolation_forest,1099,12.820148
3,isolation_forest,1100,12.760297
3,isolation_forest,1101,12.761075
3,isolation_forest,1102,13.480018
3,isolation_forest,1103,15.676885
3,isolation_forest,1104,14.577293
3,isolation_forest,1105,13.930887
3,isolation_forest,1106,13.313648
3,isolation_forest,1107,13.04337
3,isolation_forest,1108,12.916463
3,isolation_forest,1109,12.896444
3,isolation_forest,1110,12.919111
3,isolation_forest,1111,12.811259
3,isolation_forest,1112,12.749222
3,isolation_forest,1113,12.693371
3,isolation_forest,1114,12.698222
3,isolation_forest,1115,12.672796
3,isolation_forest,1116,12.753222
3,isolation_forest,1117,12.90837
3,isolation_forest,1118,13.621591
3,isolation_forest,1119,14.477405
3,isolation_forest,1120,14.553739
3,isolation_forest,1121,13.021037
3,isolation_forest,1122,13.157388
3,isolation_forest,1123,12.960185
3,isolation_forest,1124,12.988593
3,isolation_forest,1125,12.959037
3,isolation_forest,1126,13.042148
3,isolation_forest,1127,12.846649
3,isolation_forest,1128,12.791815
3,isolation_forest,1129,12.805241
3,isolation_forest,1130,12.756537
3,isolation_forest,1131,12.755352
3,isolation_forest,1132,12.770852
3,isolation_forest,1133,12.749889
3,isolation_forest,1134,12.806426
3,isolation_forest,1135,12.746463
3,isolation_forest,1136,12.768111
3,isolation_forest,1137,12.822537
3,isolation_forest,1138,13.445462
3,isolation_forest,1139,13.291796
3,isolation_forest,1140,13.219389
3,isolation_forest,1141,13.213796
3,isolation_forest,1142,14.706738
3,isolation_forest,1143,13.646832
3,isolation_forest,1144,13.324333
3,isolation_forest,1145,12.987759
3,isolation_forest,1146,12.867667
3,isolation_forest,1147,12.773722
3,isolation_forest,1148,13.508462
3,isolation_forest,1149,15.214182
3,isolation_forest,1150,14.806719
3,isolation_forest,1151,14.303665
3,isolation_forest,1152,14.238665
3,isolation_forest,1153,13.256129
3,isolation_forest,1154,13.100629
3,isolation_forest,1155,13.088722
3,isolation_forest,1156,13.081536
3,isolation_forest,1157,12.980185
3,isolation_forest,1158,12.949296
3,isolation_forest,1159,12.902111
3,isolation_forest,1160,12.792556
3,isolation_forest,1161,12.764704
3,isolation_forest,1162,12.782296
3,isolation_forest,1163,12.621686
3,isolation_forest,1164,12.891408
3,isolation_forest,1165,12.933537
3,isolation_forest,1166,12.850889
3,isolation_forest,1167,12.799055
3,isolation_forest,1168,12.912425
3,isolation_forest,1169,12.899166
3,isolation_forest,1170,12.798259
3,isolation_forest,1171,12.843204
3,isolation_forest,1172,12.84687
3,isolation_forest,1173,12.900074
3,isolation_forest,1174,12.961611
3,isolation_forest,1175,12.894093
3,isolation_forest,1176,12.942278
3,isolation_forest,1177,12.851815
3,isolation_forest,1178,12.76163
3,isolation_forest,1179,12.781519
3,isolation_forest,1180,12.761111
3,isolation_forest,1181,12.724537
3,isolation_forest,1182,12.71587
3,isolation_forest,1183,12.76863
3,isolation_forest,1184,12.863518
3,isolation_forest,1185,12.777075
3,isolation_forest,1186,12.883463
3,isolation_forest,1187,12.874315
3,isolation_forest,1188,12.894944
3,isolation_forest,1189,12.76089
3,isolation_forest,1190,12.785408
3,isolation_forest,1191,12.783296
3,isolation_forest,1192,12.813074
3,isolation_forest,1193,12.908018
3,isolation_forest,1194,13.529184
3,isolation_forest,1195,14.961682
3,isolation_forest,1196,14.376071
3,isolation_forest,1197,13.447036
3,isolation_forest,1198,12.997519
3,isolation_forest,1199,12.994259
3,isolation_forest,1200,12.990574
3,isolation_forest,1201,12.946833
3,isolation_forest,1202,13.67874
3,isolation_forest,1203,13.058666
3,isolation_forest,1204,13.006315
3,isolation_forest,1205,12.836796
3,isolation_forest,1206,12.808907
3,isolation_forest,1207,12.780407
3,isolation_forest,1208,12.779019
3,isolation_forest,1209,12.692389
3,isolation_forest,1210,12.971667
3,isolation_forest,1211,12.894519
3,isolation_forest,1212,12.95537
3,isolation_forest,1213,12.895797
3,isolation_forest,1214,12.982981
3,isolation_forest,1215,13.084037
3,isolation_forest,1216,12.9515
3,isolation_forest,1217,12.839333
3,isolation_forest,1218,12.778907
3,isolation_forest,1219,12.83174
3,isolation_forest,1220,12.732352
3,isolation_forest,1221,12.741093
3,isolation_forest,1222,12.687204
3,isolation_forest,1223,12.647852
3,isolation_forest,1224,12.632612
3,isolation_forest,1225,12.708908
3,isolation_forest,1226,12.972963
3,isolation_forest,1227,13.873609
3,isolation_forest,1228,13.384573
3,isolation_forest,1229,12.942833
3,isolation_forest,1230,13.026759
3,isolation_forest,1231,12.872481
3,isolation_forest,1232,12.98437
3,isolation_forest,1233,14.136147
3,isolation_forest,1234,13.865462
3,isolation_forest,1235,13.120647
3,isolation_forest,1236,14.941053
3,isolation_forest,1237,14.120739
3,isolation_forest,1238,13.398592
3,isolation_forest,1239,13.700314
3,isolation_forest,1240,15.099607
3,isolation_forest,1241,15.063015
3,isolation_forest,1242,14.532961
3,isolation_forest,1243,13.880128
3,isolation_forest,1244,13.554166
3,isolation_forest,1245,13.195907
3,isolation_forest,1246,12.990648
3,isolation_forest,1247,12.869407
3,isolation_forest,1248,12.815907
3,isolation_forest,1249,12.798741
3,isolation_forest,1250,13.028944
3,isolation_forest,1251,12.9125
3,isolation_forest,1252,12.861277
3,isolation_forest,1253,12.757389
3,isolation_forest,1254,12.811871
3,isolation_forest,1255,12.929148
3,isolation_forest,1256,12.977685
3,isolation_forest,1257,12.952963
3,isolation_forest,1258,12.840685
3,isolation_forest,1259,12.793093
3,isolation_forest,1260,12.935426
3,isolation_forest,1261,12.849352
3,isolation_forest,1262,12.899037
3,isolation_forest,1263,12.8725
3,isolation_forest,1264,12.761481
3,isolation_forest,1265,12.801352
3,isolation_forest,1266,12.942222
3,isolation_forest,1267,12.856185
3,isolation_forest,1268,13.331962
3,isolation_forest,1269,13.865165
3,isolation_forest,1270,13.618258
3,isolation_forest,1271,13.294444
3,isolation_forest,1272,13.23374
3,isolation_forest,1273,13.124704
3,isolation_forest,1274,12.914074
3,isolation_forest,1275,12.980204
3,isolation_forest,1276,12.986203
3,isolation_forest,1277,12.946167
3,isolation_forest,1278,12.8415
3,isolation_forest,1279,12.956186
3,isolation_forest,1280,12.915277
3,isolation_forest,1281,12.801352
3,isolation_forest,1282,12.919963
3,isolation_forest,1283,12.760945
3,isolation_forest,1284,13.610276
3,isolation_forest,1285,13.323092
3,isolation_forest,1286,15.009738
3,isolation_forest,1287,14.412998
3,isolation_forest,1288,14.088295
3,isolation_forest,1289,13.172926
3,isolation_forest,1290,13.222092
3,isolation_forest,1291,13.197444
3,isolation_forest,1292,13.130889
3,isolation_forest,1293,13.061648
3,isolation_forest,1294,12.957667
3,isolation_forest,1295,12.928629
3,isolation_forest,1296,12.924111
3,isolation_forest,1297,12.906797
3,isolation_forest,1298,12.838944
3,isolation_forest,1299,12.838889
3,isolation_forest,1300,12.813741
3,isolation_forest,1301,12.999907
3,isolation_forest,1302,13.744184
3,isolation_forest,1303,13.959017
3,isolation_forest,1304,13.219703
3,isolation_forest,1305,13.117222
3,isolation_forest,1306,13.070592
3,isolation_forest,1307,13.059222
3,isolation_forest,1308,12.945704
3,isolation_forest,1309,12.977666
3,isolation_forest,1310,12.889167
3,isolation_forest,1311,12.823593
3,isolation_forest,1312,12.982277
3,isolation_forest,1313,12.88387
3,isolation_forest,1314,12.828519
3,isolation_forest,1315,12.864019
3,isolation_forest,1316,12.759556
3,isolation_forest,1317,12.829333
3,isolation_forest,1318,12.712185
3,isolation_forest,1319,12.831964
3,isolation_forest,1320,12.851685
3,isolation_forest,1321,12.881037
3,isolation_forest,1322,12.756555
3,isolation_forest,1323,12.77789
3,isolation_forest,1324,12.792371
3,isolation_forest,1325,12.846741
3,isolation_forest,1326,12.989574
3,isolation_forest,1327,13.222463
3,isolation_forest,1328,13.055463
3,isolation_forest,1329,12.975463
3,isolation_forest,1330,12.862981
3,isolation_forest,1331,13.493295
3,isolation_forest,1332,15.005349
3,isolation_forest,1333,15.009979
3,isolation_forest,1334,14.083035
3,isolation_forest,1335,13.204888
3,isolation_forest,1336,13.064611
3,isolation_forest,1337,13.164241
3,isolation_forest,1338,13.176259
3,isolation_forest,1339,13.023055
3,isolation_forest,1340,12.966352
3,isolation_forest,1341,12.851075
3,isolation_forest,1342,12.950037
3,isolation_forest,1343,12.83113
3,isolation_forest,1344,12.831408
3,isolation_forest,1345,12.797075
3,isolation_forest,1346,13.149704
3,isolation_forest,1347,14.386442
3,isolation_forest,1348,14.066498
3,isolation_forest,1349,13.12924
3,isolation_forest,1350,13.077907
3,isolation_forest,1351,13.116093
3,isolation_forest,1352,13.10174
3,isolation_forest,1353,13.060259
3,isolation_forest,1354,12.910537
3,isolation_forest,1355,12.926185
3,isolation_forest,1356,12.927019
3,isolation_forest,1357,12.954315
3,isolation_forest,1358,12.879778
3,isolation_forest,1359,12.854666
3,isolation_forest,1360,13.038278
3,isolation_forest,1361,12.867778
3,isolation_forest,1362,12.898667
3,isolation_forest,1363,12.9065
3,isolation_forest,1364,12.989129
3,isolation_forest,1365,12.942185
3,isolation_forest,1366,13.527869
3,isolation_forest,1367,13.181537
3,isolation_forest,1368,12.981944
3,isolation_forest,1369,12.897259
3,isolation_forest,1370,12.844945
3,isolation_forest,1371,12.83513
3,isolation_forest,1372,12.835093
3,isolation_forest,1373,12.699297
3,isolation_forest,1374,12.670945
3,isolation_forest,1375,12.566705
3,isolation_forest,1376,12.645723
3,isolation_forest,1377,14.513164
3,isolation_forest,1378,15.197311
3,isolation_forest,1379,14.301109
3,isolation_forest,1380,14.314739
3,isolation_forest,1381,13.91911
3,isolation_forest,1382,13.103963
3,isolation_forest,1383,12.963074
3,isolation_forest,1384,12.810334
3,isolation_forest,1385,12.795074
3,isolation_forest,1386,12.895426
3,isolation_forest,1387,13.070334
3,isolation_forest,1388,13.211999
3,isolation_forest,1389,12.942019
3,isolation_forest,1390,12.824908
3,isolation_forest,1391,12.772815
3,isolation_forest,1392,12.909204
3,isolation_forest,1393,13.073518
3,isolation_forest,1394,13.050722
3,isolation_forest,1395,13.031222
3,isolation_forest,1396,13.048462
3,isolation_forest,1397,12.9215
3,isolation_forest,1398,12.913111
3,isolation_forest,1399,12.779037
3,isolation_forest,1400,12.863796
3,isolation_forest,1401,12.790704
3,isolation_forest,1402,12.886204
3,isolation_forest,1403,12.947037
3,isolation_forest,1404,12.871666
3,isolation_forest,1405,12.844407
3,isolation_forest,1406,12.754908
3,isolation_forest,1407,12.743019
3,isolation_forest,1408,12.853481
3,isolation_forest,1409,12.817612
3,isolation_forest,1410,12.819315
3,isolation_forest,1411,12.814222
3,isolation_forest,1412,12.802685
3,isolation_forest,1413,12.859556
3,isolation_forest,1414,12.820556
3,isolation_forest,1415,12.830389
3,isolation_forest,1416,12.776426
3,isolation_forest,1417,12.844445
3,isolation_forest,1418,13.041518
3,isolation_forest,1419,13.049463
3,isolation_forest,1420,12.919426
3,isolation_forest,1421,12.851056
3,isolation_forest,1422,12.838185
3,isolation_forest,1423,14.739294
3,isolation_forest,1424,14.861479
3,isolation_forest,1425,14.130943
3,isolation_forest,1426,13.526444
3,isolation_forest,1427,13.136555
3,isolation_forest,1428,13.103778
3,isolation_forest,1429,12.984722
3,isolation_forest,1430,12.955815
3,isolation_forest,1431,12.952241
3,isolation_forest,1432,12.903223
3,isolation_forest,1433,12.917389
3,isolation_forest,1434,12.850463
3,isolation_forest,1435,12.82226
3,isolation_forest,1436,12.8065
3,isolation_forest,1437,12.807908
3,isolation_forest,1438,13.047648
3,isolation_forest,1439,12.9265
3,isolation_forest,1440,12.901351
3,isolation_forest,1441,12.866056
3,isolation_forest,1442,12.796556
3,isolation_forest,1443,12.828722
3,isolation_forest,1444,12.814593
3,isolation_forest,1445,12.844648
3,isolation_forest,1446,13.056092
3,isolation_forest,1447,12.964815
3,isolation_forest,1448,13.80411
3,isolation_forest,1449,13.036555
3,isolation_forest,1450,12.949222
3,isolation_forest,1451,12.981574
3,isolation_forest,1452,12.827463
3,isolation_forest,1453,12.808186
3,isolation_forest,1454,12.869723
3,isolation_forest,1455,13.843036
3,isolation_forest,1456,13.919925
3,isolation_forest,1457,13.084981
3,isolation_forest,1458,13.183296
3,isolation_forest,1459,13.153851
3,isolation_forest,1460,13.369629
3,isolation_forest,1461,14.246498
3,isolation_forest,1462,14.246443
3,isolation_forest,1463,13.239314
3,isolation_forest,1464,13.174722
3,isolation_forest,1465,13.123074
3,isolation_forest,1466,13.041111
3,isolation_forest,1467,12.936741
3,isolation_forest,1468,13.597222
3,isolation_forest,1469,15.114627
3,isolation_forest,1470,14.548794
3,isolation_forest,1471,13.800832
3,isolation_forest,1472,13.225499
3,isolation_forest,1473,13.138518
3,isolation_forest,1474,13.029148
3,isolation_forest,1475,12.989611
3,isolation_forest,1476,12.967482
3,isolation_forest,1477,12.924333
3,isolation_forest,1478,13.033407
3,isolation_forest,1479,13.093203
3,isolation_forest,1480,12.948296
3,isolation_forest,1481,12.941722
3,isolation_forest,1482,12.832389
3,isolation_forest,1483,12.812001
3,isolation_forest,1484,12.99113
3,isolation_forest,1485,13.018907
3,isolation_forest,1486,12.96087
3,isolation_forest,1487,12.83937
3,isolation_forest,1488,12.920908
3,isolation_forest,1489,12.929667
3,isolation_forest,1490,12.833982
3,isolation_forest,1491,13.024537
3,isolation_forest,1492,12.952167
3,isolation_forest,1493,12.854038
3,isolation_forest,1494,12.83263
3,isolation_forest,1495,12.811148
3,isolation_forest,1496,12.796204
3,isolation_forest,1497,12.800945
3,isolation_forest,1498,12.865666
3,isolation_forest,1499,12.782963
3,isolation_forest,1500,12.840148
3,isolation_forest,1501,12.884686
3,isolation_forest,1502,12.870482
3,isolation_forest,1503,12.842981
3,isolation_forest,1504,12.83737
3,isolation_forest,1505,12.855093
3,isolation_forest,1506,12.790259
3,isolation_forest,1507,12.777945
3,isolation_forest,1508,12.774315
3,isolation_forest,1509,12.800204
3,isolation_forest,1510,12.77126
3,isolation_forest,1511,12.762482
3,isolation_forest,1512,12.750259
3,isolation_forest,1513,12.776648
3,isolation_forest,1514,13.453666
3,isolation_forest,1515,15.156145
3,isolation_forest,1516,14.748183
3,isolation_forest,1517,14.052165
3,isolation_forest,1518,13.24413
3,isolation_forest,1519,13.483703
3,isolation_forest,1520,13.223055
3,isolation_forest,1521,13.215389
3,isolation_forest,1522,13.221203
3,isolation_forest,1523,13.082296
3,isolation_forest,1524,12.968444
3,isolation_forest,1525,12.843056
3,isolation_forest,1526,12.802371
3,isolation_forest,1527,12.688019
3,isolation_forest,1528,12.731148
3,isolation_forest,1529,12.798389
3,isolation_forest,1530,13.853128
3,isolation_forest,1531,13.920407
3,isolation_forest,1532,13.684573
3,isolation_forest,1533,12.981851
3,isolation_forest,1534,12.994463
3,isolation_forest,1535,12.965352
3,isolation_forest,1536,12.959037
3,isolation_forest,1537,12.908815
3,isolation_forest,1538,12.828223
3,isolation_forest,1539,12.721927
3,isolation_forest,1540,12.773001
3,isolation_forest,1541,12.697519
3,isolation_forest,1542,12.851852
3,isolation_forest,1543,13.130815
3,isolation_forest,1544,12.955351
3,isolation_forest,1545,12.900945
3,isolation_forest,1546,12.904167
3,isolation_forest,1547,12.921834
3,isolation_forest,1548,12.81813
3,isolation_forest,1549,12.960722
3,isolation_forest,1550,12.919759
3,isolation_forest,1551,12.871889
3,isolation_forest,1552,12.831519
3,isolation_forest,1553,12.888981
3,isolation_forest,1554,12.876352
3,isolation_forest,1555,12.984222
3,isolation_forest,1556,13.016388
3,isolation_forest,1557,12.883982
3,isolation_forest,1558,13.030296
3,isolation_forest,1559,12.8495
3,isolation_forest,1560,13.769999
3,isolation_forest,1561,15.605459
3,isolation_forest,1562,14.403553
3,isolation_forest,1563,13.565314
3,isolation_forest,1564,13.09187
3,isolation_forest,1565,13.16237
3,isolation_forest,1566,13.02363
3,isolation_forest,1567,13.024389
3,isolation_forest,1568,12.978093
3,isolation_forest,1569,12.947574
3,isolation_forest,1570,12.868611
3,isolation_forest,1571,12.840222
3,isolation_forest,1572,12.863148
3,isolation_forest,1573,13.202445
3,isolation_forest,1574,13.233814
3,isolation_forest,1575,13.814091
3,isolation_forest,1576,14.201165
3,isolation_forest,1577,13.760536
3,isolation_forest,1578,13.068463
3,isolation_forest,1579,12.956278
3,isolation_forest,1580,12.972241
3,isolation_forest,1581,12.959667
3,isolation_forest,1582,12.97737
3,isolation_forest,1583,12.960796
3,isolation_forest,1584,13.070149
3,isolation_forest,1585,13.002741
3,isolation_forest,1586,12.903222
3,isolation_forest,1587,12.784778
3,isolation_forest,1588,12.723316
3,isolation_forest,1589,12.835518
3,isolation_forest,1590,12.740575
3,isolation_forest,1591,12.736093
3,isolation_forest,1592,12.674631
3,isolation_forest,1593,12.715204
3,isolation_forest,1594,12.806538
3,isolation_forest,1595,12.971463
3,isolation_forest,1596,13.012018
3,isolation_forest,1597,13.000833
3,isolation_forest,1598,12.889
3,isolation_forest,1599,12.936574
3,isolation_forest,1600,12.894407
3,isolation_forest,1601,12.779796
3,isolation_forest,1602,13.107277
3,isolation_forest,1603,13.036519
3,isolation_forest,1604,12.97237
3,isolation_forest,1605,12.90213
3,isolation_forest,1606,14.915812
3,isolation_forest,1607,15.017497
3,isolation_forest,1608,14.352036
3,isolation_forest,1609,14.115776
3,isolation_forest,1610,13.848739
3,isolation_forest,1611,13.207833
3,isolation_forest,1612,13.831721
3,isolation_forest,1613,13.185481
3,isolation_forest,1614,13.094926
3,isolation_forest,1615,12.99924
3,isolation_forest,1616,12.9775
3,isolation_forest,1617,13.01063
3,isolation_forest,1618,12.914593
3,isolation_forest,1619,12.842629
3,isolation_forest,1620,12.868815
3,isolation_forest,1621,13.116963
3,isolation_forest,1622,13.177129
3,isolation_forest,1623,13.05513
3,isolation_forest,1624,13.028074
3,isolation_forest,1625,13.011278
3,isolation_forest,1626,13.019352
3,isolation_forest,1627,12.989888
3,isolation_forest,1628,12.943797
3,isolation_forest,1629,12.908111
3,isolation_forest,1630,12.839
3,isolation_forest,1631,13.032148
3,isolation_forest,1632,13.048556
3,isolation_forest,1633,12.776834
3,isolation_forest,1634,12.729093
3,isolation_forest,1635,12.643352
3,isolation_forest,1636,12.705704
3,isolation_forest,1637,12.929815
3,isolation_forest,1638,12.953167
3,isolation_forest,1639,12.990408
3,isolation_forest,1640,12.811092
3,isolation_forest,1641,12.946166
3,isolation_forest,1642,12.937889
3,isolation_forest,1643,12.928278
3,isolation_forest,1644,12.863556
3,isolation_forest,1645,12.834241
3,isolation_forest,1646,12.811815
3,isolation_forest,1647,12.743167
3,isolation_forest,1648,12.745667
3,isolation_forest,1649,12.790185
3,isolation_forest,1650,12.845667
3,isolation_forest,1651,13.187907
3,isolation_forest,1652,15.230478
3,isolation_forest,1653,14.313535
3,isolation_forest,1654,13.742369
3,isolation_forest,1655,13.061185
3,isolation_forest,1656,15.891756
3,isolation_forest,1657,20.525989
3,isolation_forest,1658,15.939089
3,isolation_forest,1659,13.627296
3,isolation_forest,1660,13.634629
3,isolation_forest,1661,13.201277
3,isolation_forest,1662,13.074074
3,isolation_forest,1663,13.148389
3,isolation_forest,1664,13.07376
3,isolation_forest,1665,22.823542
3,isolation_forest,1666,13.681499
3,isolation_forest,1667,13.389666
3,isolation_forest,1668,13.281963
3,isolation_forest,1669,13.223703
3,isolation_forest,1670,13.227851
3,isolation_forest,1671,13.774018
3,isolation_forest,1672,13.381629
3,isolation_forest,1673,13.154666
3,isolation_forest,1674,13.180555
3,isolation_forest,1675,12.912074
3,isolation_forest,1676,12.969056
3,isolation_forest,1677,12.879963
3,isolation_forest,1678,13.119611
3,isolation_forest,1679,13.099555
3,isolation_forest,1680,12.988703
3,isolation_forest,1681,13.770981
3,isolation_forest,1682,14.621053
3,isolation_forest,1683,13.537
3,isolation_forest,1684,13.264814
3,isolation_forest,1685,13.137111
3,isolation_forest,1686,13.314573
3,isolation_forest,1687,13.82511
3,isolation_forest,1688,14.273295
3,isolation_forest,1689,13.315481
3,isolation_forest,1690,13.150685
3,isolation_forest,1691,13.109537
3,isolation_forest,1692,13.277537
3,isolation_forest,1693,13.312333
3,isolation_forest,1694,14.268035
3,isolation_forest,1695,15.35383
3,isolation_forest,1696,14.482553
3,isolation_forest,1697,14.104536
3,isolation_forest,1698,13.166796
3,isolation_forest,1699,13.11463
3,isolation_forest,1700,13.033982
3,isolation_forest,1701,13.350815
3,isolation_forest,1702,13.354277
3,isolation_forest,1703,13.146592
3,isolation_forest,1704,13.231204
3,isolation_forest,1705,13.1415
3,isolation_forest,1706,13.028611
3,isolation_forest,1707,13.249388
3,isolation_forest,1708,13.206241
3,isolation_forest,1709,13.087666
3,isolation_forest,1710,13.158574
3,isolation_forest,1711,13.100019
3,isolation_forest,1712,13.507796
3,isolation_forest,1713,13.223314
3,isolation_forest,1714,13.115925
3,isolation_forest,1715,13.288945
3,isolation_forest,1716,13.260222
3,isolation_forest,1717,13.074444
3,isolation_forest,1718,13.048685
3,isolation_forest,1719,12.988167
3,isolation_forest,1720,12.894723
3,isolation_forest,1721,12.868796
3,isolation_forest,1722,12.925464
3,isolation_forest,1723,12.864092
3,isolation_forest,1724,12.852019
3,isolation_forest,1725,12.907278
3,isolation_forest,1726,12.940241
3,isolation_forest,1727,12.806389
3,isolation_forest,1728,12.806093
3,isolation_forest,1729,12.848611
3,isolation_forest,1730,12.877778
3,isolation_forest,1731,12.869741
3,isolation_forest,1732,12.821667
3,isolation_forest,1733,12.795093
3,isolation_forest,1734,12.873
3,isolation_forest,1735,12.814779
3,isolation_forest,1736,12.889759
3,isolation_forest,1737,12.783037
3,isolation_forest,1738,12.756519
3,isolation_forest,1739,12.785353
3,isolation_forest,1740,13.543055
3,isolation_forest,1741,15.124275
3,isolation_forest,1742,14.76822
3,isolation_forest,1743,14.126295
3,isolation_forest,1744,13.204963
3,isolation_forest,1745,13.147
3,isolation_forest,1746,13.134611
3,isolation_forest,1747,13.118056
3,isolation_forest,1748,13.169093
3,isolation_forest,1749,12.981315
3,isolation_forest,1750,12.914982
3,isolation_forest,1751,13.034092
3,isolation_forest,1752,12.837797
3,isolation_forest,1753,12.910686
3,isolation_forest,1754,13.010908
3,isolation_forest,1755,12.93063
3,isolation_forest,1756,13.2145
3,isolation_forest,1757,13.937795
3,isolation_forest,1758,13.620221
3,isolation_forest,1759,13.077296
3,isolation_forest,1760,13.125611
3,isolation_forest,1761,13.056759
3,isolation_forest,1762,12.986593
3,isolation_forest,1763,13.009537
3,isolation_forest,1764,12.940389
3,isolation_forest,1765,12.828852
3,isolation_forest,1766,12.796037
3,isolation_forest,1767,12.738148
3,isolation_forest,1768,12.706019
3,isolation_forest,1769,12.652315
3,isolation_forest,1770,12.637778
3,isolation_forest,1771,12.648186
3,isolation_forest,1772,12.681148
3,isolation_forest,1773,12.729075
3,isolation_forest,1774,12.773556
3,isolation_forest,1775,12.913815
3,isolation_forest,1776,13.767091
3,isolation_forest,1777,13.18313
3,isolation_forest,1778,12.967259
3,isolation_forest,1779,12.927574
3,isolation_forest,1780,12.831648
3,isolation_forest,1781,12.95663
3,isolation_forest,1782,13.018907
3,isolation_forest,1783,12.926204
3,isolation_forest,1784,12.788778
3,isolation_forest,1785,12.80726
3,isolation_forest,1786,14.632683
3,isolation_forest,1787,14.889219
3,isolation_forest,1788,14.166072
3,isolation_forest,1789,13.654629
3,isolation_forest,1790,13.114277
3,isolation_forest,1791,13.005537
3,isolation_forest,1792,12.985908
3,isolation_forest,1793,13.069871
3,isolation_forest,1794,13.15513
3,isolation_forest,1795,13.055241
3,isolation_forest,1796,13.031112
3,isolation_forest,1797,13.000964
3,isolation_forest,1798,12.913593
3,isolation_forest,1799,12.872852
3,isolation_forest,1800,12.914538
3,isolation_forest,1801,13.474833
3,isolation_forest,1802,13.380185
3,isolation_forest,1803,13.086907
3,isolation_forest,1804,12.904778
3,isolation_forest,1805,12.834445
3,rms,1,0.032518
3,rms,2,0.033056
3,rms,3,0.032611
3,rms,4,0.032389
3,rms,5,0.032518
3,rms,6,0.032352
3,rms,7,0.033519
3,rms,8,0.033685
3,rms,9,0.034296
3,rms,10,0.034778
3,rms,11,0.033185
3,rms,12,0.032667
3,rms,13,0.033444
3,rms,14,0.032815
3,rms,15,0.033648
3,rms,16,0.033445
3,rms,17,0.033111
3,rms,18,0.033315
3,rms,19,0.033018
3,rms,20,0.032778
3,rms,21,0.033648
3,rms,22,0.033444
3,rms,23,0.034037
3,rms,24,0.032667
3,rms,25,0.033815
3,rms,26,0.033111
3,rms,27,0.033556
3,rms,28,0.03524
3,rms,29,0.033537
3,rms,30,0.033241
3,rms,31,0.032815
3,rms,32,0.033092
3,rms,33,0.0335
3,rms,34,0.033408
3,rms,35,0.033111
3,rms,36,0.033296
3,rms,37,0.032981
3,rms,38,0.0325
3,rms,39,0.032889
3,rms,40,0.032593
3,rms,41,0.032871
3,rms,42,0.033426
3,rms,43,0.034167
3,rms,44,0.051389
3,rms,45,0.035204
3,rms,46,0.033389
3,rms,47,0.033315
3,rms,48,0.033703
3,rms,49,0.033092
3,rms,50,0.033352
3,rms,51,0.032926
3,rms,52,0.033074
3,rms,53,0.033945
3,rms,54,0.034093
3,rms,55,0.033371
3,rms,56,0.033315
3,rms,57,0.033574
3,rms,58,0.033111
3,rms,59,0.033166
3,rms,60,0.033888
3,rms,61,0.033129
3,rms,62,0.033148
3,rms,63,0.032852
3,rms,64,0.033777
3,rms,65,0.033259
3,rms,66,0.032519
3,rms,67,0.033315
3,rms,68,0.033074
3,rms,69,0.032981
3,rms,70,0.032666
3,rms,71,0.032889
3,rms,72,0.032629
3,rms,73,0.032556
3,rms,74,0.032797
3,rms,75,0.032741
3,rms,76,0.033092
3,rms,77,0.032889
3,rms,78,0.034371
3,rms,79,0.032759
3,rms,80,0.033037
3,rms,81,0.032667
3,rms,82,0.032796
3,rms,83,0.032704
3,rms,84,0.033167
3,rms,85,0.032667
3,rms,86,0.033926
3,rms,87,0.033778
3,rms,88,0.032778
3,rms,89,0.033111
3,rms,90,0.032388
3,rms,91,0.032518
3,rms,92,0.032648
3,rms,93,0.033148
3,rms,94,0.032685
3,rms,95,0.032945
3,rms,96,0.033574
3,rms,97,0.033778
3,rms,98,0.032852
3,rms,99,0.032722
3,rms,100,0.032537
3,rms,101,0.033148
3,rms,102,0.032723
3,rms,103,0.032796
3,rms,104,0.032426
3,rms,105,0.033945
3,rms,106,0.034148
3,rms,107,0.032833
3,rms,108,0.032741
3,rms,109,0.033056
3,rms,110,0.0325
3,rms,111,0.033074
3,rms,112,0.032704
3,rms,113,0.032685
3,rms,114,0.032704
3,rms,115,0.033759
3,rms,116,0.033537
3,rms,117,0.033166
3,rms,118,0.032759
3,rms,119,0.032648
3,rms,120,0.0325
3,rms,121,0.032796
3,rms,122,0.032926
3,rms,123,0.032759
3,rms,124,0.032889
3,rms,125,0.033463
3,rms,126,0.033833
3,rms,127,0.032574
3,rms,128,0.032537
3,rms,129,0.033482
3,rms,130,0.033759
3,rms,131,0.033926
3,rms,132,0.034296
3,rms,133,0.034203
3,rms,134,0.032629
3,rms,135,0.032648
3,rms,136,0.03263
3,rms,137,0.03387
3,rms,138,0.032611
3,rms,139,0.034074
3,rms,140,0.033111
3,rms,141,0.033444
3,rms,142,0.032574
3,rms,143,0.033222
3,rms,144,0.032462
3,rms,145,0.032574
3,rms,146,0.032759
3,rms,147,0.033277
3,rms,148,0.033722
3,rms,149,0.0335
3,rms,150,0.032389
3,rms,151,0.033
3,rms,152,0.032722
3,rms,153,0.032834
3,rms,154,0.032889
3,rms,155,0.032796
3,rms,156,0.033741
3,rms,157,0.033667
3,rms,158,0.033277
3,rms,159,0.03337
3,rms,160,0.032889
3,rms,161,0.045593
3,rms,162,0.034389
3,rms,163,0.033074
3,rms,164,0.033851
3,rms,165,0.033259
3,rms,166,0.033241
3,rms,167,0.032926
3,rms,168,0.03287
3,rms,169,0.032851
3,rms,170,0.033407
3,rms,171,0.034166
3,rms,172,0.033018
3,rms,173,0.032815
3,rms,174,0.032593
3,rms,175,0.033556
3,rms,176,0.032463
3,rms,177,0.03274
3,rms,178,0.033018
3,rms,179,0.033611
3,rms,180,0.033741
3,rms,181,0.045981
3,rms,182,0.033334
3,rms,183,0.032889
3,rms,184,0.032593
3,rms,185,0.032815
3,rms,186,0.032685
3,rms,187,0.032333
3,rms,188,0.032463
3,rms,189,0.032463
3,rms,190,0.032333
3,rms,191,0.03363
3,rms,192,0.033648
3,rms,193,0.032852
3,rms,194,0.032315
3,rms,195,0.032537
3,rms,196,0.032629
3,rms,197,0.032445
3,rms,198,0.032352
3,rms,199,0.032556
3,rms,200,0.03287
3,rms,201,0.032704
3,rms,202,0.032871
3,rms,203,0.032741
3,rms,204,0.032611
3,rms,205,0.033222
3,rms,206,0.032926
3,rms,207,0.033296
3,rms,208,0.032518
3,rms,209,0.032704
3,rms,210,0.033722
3,rms,211,0.032556
3,rms,212,0.032778
3,rms,213,0.032777
3,rms,214,0.032815
3,rms,215,0.033815
3,rms,216,0.033555
3,rms,217,0.03274
3,rms,218,0.03237
3,rms,219,0.033574
3,rms,220,0.0325
3,rms,221,0.032629
3,rms,222,0.033037
3,rms,223,0.032722
3,rms,224,0.033481
3,rms,225,0.03387
3,rms,226,0.033074
3,rms,227,0.032814
3,rms,228,0.033277
3,rms,229,0.032426
3,rms,230,0.032333
3,rms,231,0.032297
3,rms,232,0.033426
3,rms,233,0.033444
3,rms,234,0.033149
3,rms,235,0.033129
3,rms,236,0.032426
3,rms,237,0.03263
3,rms,238,0.032463
3,rms,239,0.032612
3,rms,240,0.03263
3,rms,241,0.032722
3,rms,242,0.032556
3,rms,243,0.033444
3,rms,244,0.033259
3,rms,245,0.033685
3,rms,246,0.033352
3,rms,247,0.032888
3,rms,248,0.032685
3,rms,249,0.032833
3,rms,250,0.032648
3,rms,251,0.033704
3,rms,252,0.033982
3,rms,253,0.032593
3,rms,254,0.032834
3,rms,255,0.032667
3,rms,256,0.033129
3,rms,257,0.032722
3,rms,258,0.032926
3,rms,259,0.033371
3,rms,260,0.032537
3,rms,261,0.033944
3,rms,262,0.032537
3,rms,263,0.032815
3,rms,264,0.033055
3,rms,265,0.032629
3,rms,266,0.032685
3,rms,267,0.032611
3,rms,268,0.032814
3,rms,269,0.033352
3,rms,270,0.033389
3,rms,271,0.032463
3,rms,272,0.032518
3,rms,273,0.032444
3,rms,274,0.033741
3,rms,275,0.032833
3,rms,276,0.032723
3,rms,277,0.032667
3,rms,278,0.038777
3,rms,279,0.035999
3,rms,280,0.033926
3,rms,281,0.032982
3,rms,282,0.032741
3,rms,283,0.032574
3,rms,284,0.032555
3,rms,285,0.033092
3,rms,286,0.033204
3,rms,287,0.032463
3,rms,288,0.032334
3,rms,289,0.032908
3,rms,290,0.032612
3,rms,291,0.032592
3,rms,292,0.032871
3,rms,293,0.032685
3,rms,294,0.032518
3,rms,295,0.032852
3,rms,296,0.032314
3,rms,297,0.033611
3,rms,298,0.033945
3,rms,299,0.032704
3,rms,300,0.032851
3,rms,301,0.032814
3,rms,302,0.032555
3,rms,303,0.032593
3,rms,304,0.032537
3,rms,305,0.032981
3,rms,306,0.032667
3,rms,307,0.032518
3,rms,308,0.050833
3,rms,309,0.033092
3,rms,310,0.03274
3,rms,311,0.033463
3,rms,312,0.03376
3,rms,313,0.032685
3,rms,314,0.033649
3,rms,315,0.03263
3,rms,316,0.032574
3,rms,317,0.032815
3,rms,318,0.032648
3,rms,319,0.032444
3,rms,320,0.0335
3,rms,321,0.032815
3,rms,322,0.034129
3,rms,323,0.032463
3,rms,324,0.033537
3,rms,325,0.032574
3,rms,326,0.032388
3,rms,327,0.032629
3,rms,328,0.032555
3,rms,329,0.032574
3,rms,330,0.032445
3,rms,331,0.033648
3,rms,332,0.032833
3,rms,333,0.033463
3,rms,334,0.032722
3,rms,335,0.032389
3,rms,336,0.032574
3,rms,337,0.033019
3,rms,338,0.032648
3,rms,339,0.032482
3,rms,340,0.03237
3,rms,341,0.032963
3,rms,342,0.032352
3,rms,343,0.032852
3,rms,344,0.033018
3,rms,345,0.033944
3,rms,346,0.033222
3,rms,347,0.032944
3,rms,348,0.032463
3,rms,349,0.0325
3,rms,350,0.032314
3,rms,351,0.032796
3,rms,352,0.032722
3,rms,353,0.032481
3,rms,354,0.032611
3,rms,355,0.033925
3,rms,356,0.03313
3,rms,357,0.032889
3,rms,358,0.032815
3,rms,359,0.032555
3,rms,360,0.032425
3,rms,361,0.032555
3,rms,362,0.032518
3,rms,363,0.033056
3,rms,364,0.032759
3,rms,365,0.033056
3,rms,366,0.032667
3,rms,367,0.032537
3,rms,368,0.032482
3,rms,369,0.032852
3,rms,370,0.032796
3,rms,371,0.03263
3,rms,372,0.032556
3,rms,373,0.032685
3,rms,374,0.0325
3,rms,375,0.032555
3,rms,376,0.032389
3,rms,377,0.03274
3,rms,378,0.032722
3,rms,379,0.032834
3,rms,380,0.032537
3,rms,381,0.032371
3,rms,382,0.032333
3,rms,383,0.033185
3,rms,384,0.033037
3,rms,385,0.033371
3,rms,386,0.03224
3,rms,387,0.032389
3,rms,388,0.032315
3,rms,389,0.032722
3,rms,390,0.032352
3,rms,391,0.032926
3,rms,392,0.032296
3,rms,393,0.032944
3,rms,394,0.032629
3,rms,395,0.032741
3,rms,396,0.038815
3,rms,397,0.03613
3,rms,398,0.032815
3,rms,399,0.032796
3,rms,400,0.032371
3,rms,401,0.032407
3,rms,402,0.032982
3,rms,403,0.032407
3,rms,404,0.032796
3,rms,405,0.033426
3,rms,406,0.03387
3,rms,407,0.032871
3,rms,408,0.032796
3,rms,409,0.03263
3,rms,410,0.032444
3,rms,411,0.032648
3,rms,412,0.032482
3,rms,413,0.032444
3,rms,414,0.032759
3,rms,415,0.032574
3,rms,416,0.032722
3,rms,417,0.032666
3,rms,418,0.033666
3,rms,419,0.032593
3,rms,420,0.032629
3,rms,421,0.032667
3,rms,422,0.032611
3,rms,423,0.032592
3,rms,424,0.032704
3,rms,425,0.032611
3,rms,426,0.033018
3,rms,427,0.032666
3,rms,428,0.033611
3,rms,429,0.033556
3,rms,430,0.032685
3,rms,431,0.032425
3,rms,432,0.033148
3,rms,433,0.032556
3,rms,434,0.032703
3,rms,435,0.046371
3,rms,436,0.034037
3,rms,437,0.033129
3,rms,438,0.033296
3,rms,439,0.032649
3,rms,440,0.032444
3,rms,441,0.032704
3,rms,442,0.032352
3,rms,443,0.032963
3,rms,444,0.032297
3,rms,445,0.032686
3,rms,446,0.032648
3,rms,447,0.032463
3,rms,448,0.032278
3,rms,449,0.032444
3,rms,450,0.032407
3,rms,451,0.03287
3,rms,452,0.033055
3,rms,453,0.032519
3,rms,454,0.033426
3,rms,455,0.032704
3,rms,456,0.032389
3,rms,457,0.032778
3,rms,458,0.032666
3,rms,459,0.032908
3,rms,460,0.032834
3,rms,461,0.032686
3,rms,462,0.032926
3,rms,463,0.032481
3,rms,464,0.032666
3,rms,465,0.033389
3,rms,466,0.033648
3,rms,467,0.032555
3,rms,468,0.032629
3,rms,469,0.033092
3,rms,470,0.032778
3,rms,471,0.032389
3,rms,472,0.032333
3,rms,473,0.032482
3,rms,474,0.032389
3,rms,475,0.032629
3,rms,476,0.032426
3,rms,477,0.032426
3,rms,478,0.032482
3,rms,479,0.032352
3,rms,480,0.032499
3,rms,481,0.033111
3,rms,482,0.032185
3,rms,483,0.034093
3,rms,484,0.032278
3,rms,485,0.032611
3,rms,486,0.032371
3,rms,487,0.03313
3,rms,488,0.032296
3,rms,489,0.0325
3,rms,490,0.032426
3,rms,491,0.032648
3,rms,492,0.0325
3,rms,493,0.032518
3,rms,494,0.03237
3,rms,495,0.032963
3,rms,496,0.033388
3,rms,497,0.033648
3,rms,498,0.032686
3,rms,499,0.0325
3,rms,500,0.032352
3,rms,501,0.032593
3,rms,502,0.0325
3,rms,503,0.032389
3,rms,504,0.032463
3,rms,505,0.032612
3,rms,506,0.032574
3,rms,507,0.032389
3,rms,508,0.032574
3,rms,509,0.032463
3,rms,510,0.032259
3,rms,511,0.032556
3,rms,512,0.033241
3,rms,513,0.034148
3,rms,514,0.032389
3,rms,515,0.038963
3,rms,516,0.032537
3,rms,517,0.032833
3,rms,518,0.032315
3,rms,519,0.032722
3,rms,520,0.03313
3,rms,521,0.032407
3,rms,522,0.032648
3,rms,523,0.033129
3,rms,524,0.032945
3,rms,525,0.03424
3,rms,526,0.032556
3,rms,527,0.03313
3,rms,528,0.032519
3,rms,529,0.032481
3,rms,530,0.032962
3,rms,531,0.032574
3,rms,532,0.03237
3,rms,533,0.032518
3,rms,534,0.032648
3,rms,535,0.03337
3,rms,536,0.033667
3,rms,537,0.033055
3,rms,538,0.032593
3,rms,539,0.032778
3,rms,540,0.03237
3,rms,541,0.032815
3,rms,542,0.032574
3,rms,543,0.032666
3,rms,544,0.032666
3,rms,545,0.033241
3,rms,546,0.033907
3,rms,547,0.032444
3,rms,548,0.032629
3,rms,549,0.033389
3,rms,550,0.033167
3,rms,551,0.032666
3,rms,552,0.032222
3,rms,553,0.033352
3,rms,554,0.034129
3,rms,555,0.032834
3,rms,556,0.0325
3,rms,557,0.03326
3,rms,558,0.032574
3,rms,559,0.032296
3,rms,560,0.032648
3,rms,561,0.032944
3,rms,562,0.036926
3,rms,563,0.033167
3,rms,564,0.032297
3,rms,565,0.032686
3,rms,566,0.033482
3,rms,567,0.033148
3,rms,568,0.032482
3,rms,569,0.033944
3,rms,570,0.032444
3,rms,571,0.032519
3,rms,572,0.032778
3,rms,573,0.032741
3,rms,574,0.032648
3,rms,575,0.032537
3,rms,576,0.032778
3,rms,577,0.032444
3,rms,578,0.032352
3,rms,579,0.032852
3,rms,580,0.032888
3,rms,581,0.032833
3,rms,582,0.034
3,rms,583,0.032574
3,rms,584,0.032167
3,rms,585,0.032519
3,rms,586,0.032407
3,rms,587,0.032519
3,rms,588,0.032277
3,rms,589,0.032593
3,rms,590,0.032722
3,rms,591,0.032389
3,rms,592,0.032241
3,rms,593,0.032518
3,rms,594,0.032926
3,rms,595,0.032611
3,rms,596,0.032352
3,rms,597,0.032445
3,rms,598,0.033888
3,rms,599,0.032982
3,rms,600,0.03274
3,rms,601,0.032334
3,rms,602,0.032259
3,rms,603,0.032278
3,rms,604,0.032537
3,rms,605,0.032833
3,rms,606,0.0325
3,rms,607,0.032426
3,rms,608,0.032481
3,rms,609,0.032499
3,rms,610,0.032574
3,rms,611,0.03213
3,rms,612,0.032259
3,rms,613,0.03237
3,rms,614,0.032463
3,rms,615,0.032519
3,rms,616,0.0325
3,rms,617,0.032574
3,rms,618,0.03237
3,rms,619,0.032537
3,rms,620,0.032426
3,rms,621,0.032593
3,rms,622,0.033333
3,rms,623,0.033018
3,rms,624,0.033019
3,rms,625,0.032852
3,rms,626,0.032537
3,rms,627,0.032389
3,rms,628,0.032537
3,rms,629,0.032426
3,rms,630,0.032519
3,rms,631,0.032278
3,rms,632,0.032704
3,rms,633,0.037074
3,rms,634,0.034
3,rms,635,0.032796
3,rms,636,0.032426
3,rms,637,0.032852
3,rms,638,0.033574
3,rms,639,0.032463
3,rms,640,0.032296
3,rms,641,0.033852
3,rms,642,0.03263
3,rms,643,0.03263
3,rms,644,0.032352
3,rms,645,0.032815
3,rms,646,0.0325
3,rms,647,0.032518
3,rms,648,0.032592
3,rms,649,0.032722
3,rms,650,0.032666
3,rms,651,0.032704
3,rms,652,0.033222
3,rms,653,0.03413
3,rms,654,0.032426
3,rms,655,0.032592
3,rms,656,0.032463
3,rms,657,0.03274
3,rms,658,0.032296
3,rms,659,0.032593
3,rms,660,0.032463
3,rms,661,0.032407
3,rms,662,0.032518
3,rms,663,0.032704
3,rms,664,0.032537
3,rms,665,0.032722
3,rms,666,0.032833
3,rms,667,0.032963
3,rms,668,0.032574
3,rms,669,0.032556
3,rms,670,0.032944
3,rms,671,0.033389
3,rms,672,0.032722
3,rms,673,0.033759
3,rms,674,0.032759
3,rms,675,0.032425
3,rms,676,0.032297
3,rms,677,0.032981
3,rms,678,0.032555
3,rms,679,0.032889
3,rms,680,0.032759
3,rms,681,0.033612
3,rms,682,0.032778
3,rms,683,0.032963
3,rms,684,0.032389
3,rms,685,0.032722
3,rms,686,0.032667
3,rms,687,0.032556
3,rms,688,0.032481
3,rms,689,0.037667
3,rms,690,0.033074
3,rms,691,0.032704
3,rms,692,0.032445
3,rms,693,0.033315
3,rms,694,0.033241
3,rms,695,0.033
3,rms,696,0.032444
3,rms,697,0.032685
3,rms,698,0.032796
3,rms,699,0.033185
3,rms,700,0.032611
3,rms,701,0.032722
3,rms,702,0.032982
3,rms,703,0.032926
3,rms,704,0.032592
3,rms,705,0.033741
3,rms,706,0.032759
3,rms,707,0.03237
3,rms,708,0.032445
3,rms,709,0.032685
3,rms,710,0.0325
3,rms,711,0.032463
3,rms,712,0.032481
3,rms,713,0.032592
3,rms,714,0.032722
3,rms,715,0.032814
3,rms,716,0.033482
3,rms,717,0.033574
3,rms,718,0.032537
3,rms,719,0.032555
3,rms,720,0.0325
3,rms,721,0.032463
3,rms,722,0.032463
3,rms,723,0.032612
3,rms,724,0.032722
3,rms,725,0.032241
3,rms,726,0.032296
3,rms,727,0.032481
3,rms,728,0.032463
3,rms,729,0.032481
3,rms,730,0.032518
3,rms,731,0.032537
3,rms,732,0.032463
3,rms,733,0.032852
3,rms,734,0.033333
3,rms,735,0.03374
3,rms,736,0.032797
3,rms,737,0.032944
3,rms,738,0.032426
3,rms,739,0.032815
3,rms,740,0.032351
3,rms,741,0.032611
3,rms,742,0.032629
3,rms,743,0.032259
3,rms,744,0.032315
3,rms,745,0.033222
3,rms,746,0.032833
3,rms,747,0.03387
3,rms,748,0.032703
3,rms,749,0.033259
3,rms,750,0.0325
3,rms,751,0.033852
3,rms,752,0.037907
3,rms,753,0.033259
3,rms,754,0.033203
3,rms,755,0.034055
3,rms,756,0.032593
3,rms,757,0.033611
3,rms,758,0.032796
3,rms,759,0.032519
3,rms,761,0.032981
3,rms,762,0.032704
3,rms,763,0.033203
3,rms,764,0.032833
3,rms,765,0.033518
3,rms,766,0.032574
3,rms,767,0.032444
3,rms,768,0.032277
3,rms,769,0.032777
3,rms,770,0.032722
3,rms,771,0.0325
3,rms,772,0.032426
3,rms,773,0.033037
3,rms,774,0.032481
3,rms,775,0.032407
3,rms,776,0.032593
3,rms,777,0.03274
3,rms,778,0.033037
3,rms,779,0.032759
3,rms,780,0.033444
3,rms,781,0.032537
3,rms,782,0.0325
3,rms,783,0.032537
3,rms,784,0.033315
3,rms,785,0.032704
3,rms,786,0.032667
3,rms,787,0.032408
3,rms,788,0.032537
3,rms,789,0.032537
3,rms,790,0.032444
3,rms,791,0.032741
3,rms,792,0.033019
3,rms,793,0.033166
3,rms,794,0.032982
3,rms,795,0.032463
3,rms,796,0.032667
3,rms,797,0.032482
3,rms,798,0.032371
3,rms,799,0.032444
3,rms,800,0.032371
3,rms,801,0.032333
3,rms,802,0.032537
3,rms,803,0.032297
3,rms,804,0.032537
3,rms,805,0.032611
3,rms,806,0.03276
3,rms,807,0.032463
3,rms,808,0.032315
3,rms,809,0.032463
3,rms,810,0.032389
3,rms,811,0.032704
3,rms,812,0.033296
3,rms,813,0.033815
3,rms,814,0.032593
3,rms,815,0.032537
3,rms,816,0.032371
3,rms,817,0.036815
3,rms,818,0.033685
3,rms,819,0.032704
3,rms,820,0.033092
3,rms,821,0.032463
3,rms,822,0.032407
3,rms,823,0.032463
3,rms,824,0.032259
3,rms,825,0.032556
3,rms,826,0.032296
3,rms,827,0.032296
3,rms,828,0.032204
3,rms,829,0.032445
3,rms,830,0.032426
3,rms,831,0.032352
3,rms,832,0.032389
3,rms,833,0.032388
3,rms,834,0.032463
3,rms,835,0.032389
3,rms,836,0.033259
3,rms,837,0.033759
3,rms,838,0.032889
3,rms,839,0.032334
3,rms,840,0.032611
3,rms,841,0.032703
3,rms,842,0.032685
3,rms,843,0.032593
3,rms,844,0.032408
3,rms,845,0.032851
3,rms,846,0.032703
3,rms,847,0.032407
3,rms,848,0.032519
3,rms,849,0.033407
3,rms,850,0.032908
3,rms,851,0.033592
3,rms,852,0.032612
3,rms,853,0.033297
3,rms,854,0.032334
3,rms,855,0.034148
3,rms,856,0.032852
3,rms,857,0.032685
3,rms,858,0.03263
3,rms,859,0.032759
3,rms,860,0.033055
3,rms,861,0.032925
3,rms,862,0.033277
3,rms,863,0.033129
3,rms,864,0.032797
3,rms,865,0.032667
3,rms,866,0.032611
3,rms,867,0.032537
3,rms,868,0.032463
3,rms,869,0.032444
3,rms,870,0.032481
3,rms,871,0.032574
3,rms,872,0.037796
3,rms,873,0.032796
3,rms,874,0.03287
3,rms,875,0.033685
3,rms,876,0.032481
3,rms,877,0.033389
3,rms,878,0.033037
3,rms,879,0.0325
3,rms,880,0.032555
3,rms,881,0.032741
3,rms,882,0.032833
3,rms,883,0.032704
3,rms,884,0.032389
3,rms,885,0.032759
3,rms,886,0.032852
3,rms,887,0.03313
3,rms,888,0.033852
3,rms,889,0.032518
3,rms,890,0.032612
3,rms,891,0.032426
3,rms,892,0.032778
3,rms,893,0.03276
3,rms,894,0.0325
3,rms,895,0.032648
3,rms,896,0.032703
3,rms,897,0.0325
3,rms,898,0.032611
3,rms,899,0.033444
3,rms,900,0.033611
3,rms,901,0.033704
3,rms,902,0.032611
3,rms,903,0.032426
3,rms,904,0.032611
3,rms,905,0.032982
3,rms,906,0.0335
3,rms,907,0.033741
3,rms,908,0.032462
3,rms,909,0.032704
3,rms,910,0.032648
3,rms,911,0.033148
3,rms,912,0.032463
3,rms,913,0.032759
3,rms,914,0.032389
3,rms,915,0.032667
3,rms,916,0.032537
3,rms,917,0.033333
3,rms,918,0.03374
3,rms,919,0.032426
3,rms,920,0.032333
3,rms,921,0.032314
3,rms,922,0.032388
3,rms,923,0.032685
3,rms,924,0.032278
3,rms,925,0.033093
3,rms,926,0.032185
3,rms,927,0.032685
3,rms,928,0.032593
3,rms,929,0.032481
3,rms,930,0.032537
3,rms,931,0.032759
3,rms,932,0.033241
3,rms,933,0.033834
3,rms,934,0.032519
3,rms,935,0.032444
3,rms,936,0.032871
3,rms,937,0.032852
3,rms,938,0.032574
3,rms,939,0.032908
3,rms,940,0.032741
3,rms,941,0.033463
3,rms,942,0.032315
3,rms,943,0.033241
3,rms,944,0.039074
3,rms,945,0.034148
3,rms,946,0.032537
3,rms,947,0.032629
3,rms,948,0.032463
3,rms,949,0.032778
3,rms,950,0.0325
3,rms,951,0.033574
3,rms,952,0.033203
3,rms,953,0.032703
3,rms,954,0.03263
3,rms,955,0.032629
3,rms,956,0.032519
3,rms,957,0.032889
3,rms,958,0.0325
3,rms,959,0.032592
3,rms,960,0.032352
3,rms,961,0.032925
3,rms,962,0.032204
3,rms,963,0.03274
3,rms,964,0.032518
3,rms,965,0.032685
3,rms,966,0.032889
3,rms,967,0.032796
3,rms,968,0.033463
3,rms,969,0.032648
3,rms,970,0.032759
3,rms,971,0.032574
3,rms,972,0.032833
3,rms,973,0.032777
3,rms,974,0.032888
3,rms,975,0.032796
3,rms,976,0.033277
3,rms,977,0.034019
3,rms,978,0.032518
3,rms,979,0.032741
3,rms,980,0.032352
3,rms,981,0.033297
3,rms,982,0.032315
3,rms,983,0.032741
3,rms,984,0.032481
3,rms,985,0.03287
3,rms,986,0.032537
3,rms,987,0.033593
3,rms,988,0.033722
3,rms,989,0.032741
3,rms,990,0.038963
3,rms,991,0.03363
3,rms,992,0.032296
3,rms,993,0.032649
3,rms,994,0.032277
3,rms,995,0.032389
3,rms,996,0.032334
3,rms,997,0.032463
3,rms,998,0.032352
3,rms,999,0.032611
3,rms,1000,0.032296
3,rms,1001,0.03324
3,rms,1002,0.0335
3,rms,1003,0.032574
3,rms,1004,0.032408
3,rms,1005,0.032704
3,rms,1006,0.032797
3,rms,1007,0.03274
3,rms,1008,0.032278
3,rms,1009,0.03276
3,rms,1010,0.0325
3,rms,1011,0.032408
3,rms,1012,0.032797
3,rms,1013,0.03337
3,rms,1014,0.033962
3,rms,1015,0.032352
3,rms,1016,0.032407
3,rms,1017,0.032666
3,rms,1018,0.032944
3,rms,1019,0.032556
3,rms,1020,0.032852
3,rms,1021,0.032648
3,rms,1022,0.032481
3,rms,1023,0.03226
3,rms,1024,0.032185
3,rms,1025,0.032407
3,rms,1026,0.032556
3,rms,1027,0.032388
3,rms,1028,0.033648
3,rms,1029,0.033277
3,rms,1030,0.033167
3,rms,1031,0.032296
3,rms,1032,0.032759
3,rms,1033,0.032574
3,rms,1034,0.032592
3,rms,1035,0.032722
3,rms,1036,0.03313
3,rms,1037,0.033334
3,rms,1038,0.033815
3,rms,1039,0.032426
3,rms,1040,0.032278
3,rms,1041,0.032445
3,rms,1042,0.032537
3,rms,1043,0.032407
3,rms,1044,0.032297
3,rms,1045,0.033111
3,rms,1046,0.032741
3,rms,1047,0.0325
3,rms,1048,0.032574
3,rms,1049,0.032722
3,rms,1050,0.033074
3,rms,1051,0.033371
3,rms,1052,0.03387
3,rms,1053,0.032759
3,rms,1054,0.032371
3,rms,1055,0.032297
3,rms,1056,0.03237
3,rms,1057,0.032537
3,rms,1058,0.033315
3,rms,1059,0.032981
3,rms,1060,0.032407
3,rms,1061,0.032648
3,rms,1062,0.032574
3,rms,1063,0.032537
3,rms,1064,0.033315
3,rms,1065,0.033166
3,rms,1066,0.033685
3,rms,1067,0.032556
3,rms,1068,0.032389
3,rms,1069,0.033111
3,rms,1070,0.032537
3,rms,1071,0.036481
3,rms,1072,0.032648
3,rms,1073,0.032426
3,rms,1074,0.032481
3,rms,1075,0.032777
3,rms,1076,0.032352
3,rms,1077,0.032648
3,rms,1078,0.032388
3,rms,1079,0.032093
3,rms,1080,0.032129
3,rms,1081,0.032611
3,rms,1082,0.032519
3,rms,1083,0.032222
3,rms,1084,0.032593
3,rms,1085,0.032278
3,rms,1086,0.032167
3,rms,1087,0.032481
3,rms,1088,0.032241
3,rms,1089,0.03276
3,rms,1090,0.032445
3,rms,1091,0.032241
3,rms,1092,0.032167
3,rms,1093,0.032463
3,rms,1094,0.032481
3,rms,1095,0.03276
3,rms,1096,0.032686
3,rms,1097,0.033352
3,rms,1098,0.033982
3,rms,1099,0.032611
3,rms,1100,0.032648
3,rms,1101,0.032907
3,rms,1102,0.032907
3,rms,1103,0.032759
3,rms,1104,0.032352
3,rms,1105,0.032518
3,rms,1106,0.032463
3,rms,1107,0.033463
3,rms,1108,0.033574
3,rms,1109,0.039315
3,rms,1110,0.033185
3,rms,1111,0.032925
3,rms,1112,0.0325
3,rms,1113,0.033018
3,rms,1114,0.032704
3,rms,1115,0.03326
3,rms,1116,0.032241
3,rms,1117,0.03337
3,rms,1118,0.033333
3,rms,1119,0.032685
3,rms,1120,0.032315
3,rms,1121,0.032648
3,rms,1122,0.032333
3,rms,1123,0.032389
3,rms,1124,0.032518
3,rms,1125,0.032852
3,rms,1126,0.032315
3,rms,1127,0.032574
3,rms,1128,0.0325
3,rms,1129,0.0325
3,rms,1130,0.0325
3,rms,1131,0.03263
3,rms,1132,0.03237
3,rms,1133,0.032593
3,rms,1134,0.032574
3,rms,1135,0.032296
3,rms,1136,0.032315
3,rms,1137,0.033481
3,rms,1138,0.035815
3,rms,1139,0.032759
3,rms,1140,0.032296
3,rms,1141,0.032408
3,rms,1142,0.0325
3,rms,1143,0.032611
3,rms,1144,0.032407
3,rms,1145,0.032629
3,rms,1146,0.033037
3,rms,1147,0.033129
3,rms,1148,0.032926
3,rms,1149,0.032667
3,rms,1150,0.0325
3,rms,1151,0.032407
3,rms,1152,0.032537
3,rms,1153,0.03263
3,rms,1154,0.032556
3,rms,1155,0.032704
3,rms,1156,0.03287
3,rms,1157,0.033037
3,rms,1158,0.033741
3,rms,1159,0.033834
3,rms,1160,0.032481
3,rms,1161,0.032555
3,rms,1162,0.032482
3,rms,1163,0.032555
3,rms,1164,0.03237
3,rms,1165,0.032778
3,rms,1166,0.032611
3,rms,1167,0.032481
3,rms,1168,0.032555
3,rms,1169,0.032408
3,rms,1170,0.032389
3,rms,1171,0.032982
3,rms,1172,0.032426
3,rms,1173,0.033055
3,rms,1174,0.033944
3,rms,1175,0.032519
3,rms,1176,0.032426
3,rms,1177,0.033278
3,rms,1178,0.032352
3,rms,1179,0.032593
3,rms,1180,0.032741
3,rms,1181,0.032648
3,rms,1182,0.032333
3,rms,1183,0.032426
3,rms,1184,0.033074
3,rms,1185,0.032463
3,rms,1186,0.033815
3,rms,1187,0.032741
3,rms,1188,0.032611
3,rms,1189,0.033389
3,rms,1190,0.032222
3,rms,1191,0.0325
3,rms,1192,0.032389
3,rms,1193,0.032722
3,rms,1194,0.032537
3,rms,1195,0.032482
3,rms,1196,0.03237
3,rms,1197,0.033481
3,rms,1198,0.037611
3,rms,1199,0.032759
3,rms,1200,0.033166
3,rms,1201,0.033685
3,rms,1202,0.032277
3,rms,1203,0.032481
3,rms,1204,0.03237
3,rms,1205,0.033019
3,rms,1206,0.032352
3,rms,1207,0.032778
3,rms,1208,0.032908
3,rms,1209,0.032518
3,rms,1210,0.032148
3,rms,1211,0.032278
3,rms,1212,0.032278
3,rms,1213,0.03363
3,rms,1214,0.032222
3,rms,1215,0.032667
3,rms,1216,0.032463
3,rms,1217,0.033111
3,rms,1218,0.032537
3,rms,1219,0.032259
3,rms,1220,0.032296
3,rms,1221,0.032148
3,rms,1222,0.032241
3,rms,1223,0.032741
3,rms,1224,0.032167
3,rms,1225,0.032259
3,rms,1226,0.032296
3,rms,1227,0.037277
3,rms,1228,0.034686
3,rms,1229,0.032686
3,rms,1230,0.032389
3,rms,1231,0.032537
3,rms,1232,0.032278
3,rms,1233,0.032407
3,rms,1234,0.032593
3,rms,1235,0.032407
3,rms,1236,0.032556
3,rms,1237,0.032722
3,rms,1238,0.032519
3,rms,1239,0.032389
3,rms,1240,0.032407
3,rms,1241,0.033019
3,rms,1242,0.033833
3,rms,1243,0.03263
3,rms,1244,0.032167
3,rms,1245,0.032389
3,rms,1246,0.032537
3,rms,1247,0.032852
3,rms,1248,0.032352
3,rms,1249,0.032333
3,rms,1250,0.032111
3,rms,1251,0.032703
3,rms,1252,0.0325
3,rms,1253,0.032723
3,rms,1254,0.032537
3,rms,1255,0.032611
3,rms,1256,0.032759
3,rms,1257,0.032389
3,rms,1258,0.032371
3,rms,1259,0.032444
3,rms,1260,0.03274
3,rms,1261,0.032963
3,rms,1262,0.032982
3,rms,1263,0.032592
3,rms,1264,0.032482
3,rms,1265,0.032463
3,rms,1266,0.032389
3,rms,1267,0.032334
3,rms,1268,0.033241
3,rms,1269,0.032482
3,rms,1270,0.032351
3,rms,1271,0.032445
3,rms,1272,0.032389
3,rms,1273,0.032315
3,rms,1274,0.032185
3,rms,1275,0.032463
3,rms,1276,0.032315
3,rms,1277,0.032426
3,rms,1278,0.032537
3,rms,1279,0.032537
3,rms,1280,0.03263
3,rms,1281,0.033445
3,rms,1282,0.032482
3,rms,1283,0.033277
3,rms,1284,0.032611
3,rms,1285,0.032722
3,rms,1286,0.032296
3,rms,1287,0.032389
3,rms,1288,0.03226
3,rms,1289,0.032833
3,rms,1290,0.032333
3,rms,1291,0.032556
3,rms,1292,0.032556
3,rms,1293,0.033037
3,rms,1294,0.032445
3,rms,1295,0.032462
3,rms,1296,0.0325
3,rms,1297,0.033093
3,rms,1298,0.034018
3,rms,1299,0.03237
3,rms,1300,0.032407
3,rms,1301,0.032574
3,rms,1302,0.032556
3,rms,1303,0.032463
3,rms,1304,0.032519
3,rms,1305,0.032518
3,rms,1306,0.032444
3,rms,1307,0.032315
3,rms,1308,0.032537
3,rms,1309,0.032723
3,rms,1310,0.032796
3,rms,1311,0.032981
3,rms,1312,0.033722
3,rms,1313,0.033907
3,rms,1314,0.037649
3,rms,1315,0.033741
3,rms,1316,0.034407
3,rms,1317,0.036574
3,rms,1318,0.033389
3,rms,1319,0.033388
3,rms,1320,0.036945
3,rms,1321,0.033889
3,rms,1322,0.033908
3,rms,1323,0.036962
3,rms,1324,0.037333
3,rms,1325,0.042166
3,rms,1326,0.035371
3,rms,1327,0.033778
3,rms,1328,0.036018
3,rms,1329,0.036778
3,rms,1330,0.034851
3,rms,1331,0.034889
3,rms,1332,0.033815
3,rms,1333,0.035556
3,rms,1334,0.035148
3,rms,1335,0.038055
3,rms,1336,0.039963
3,rms,1337,0.036593
3,rms,1338,0.036037
3,rms,1339,0.036685
3,rms,1340,0.037593
3,rms,1341,0.035889
3,rms,1342,0.032982
3,rms,1343,0.033204
3,rms,1344,0.051759
3,rms,1345,0.033834
3,rms,1346,0.033537
3,rms,1347,0.033482
3,rms,1348,0.032685
3,rms,1349,0.032667
3,rms,1350,0.032463
3,rms,1351,0.037074
3,rms,1352,0.033482
3,rms,1353,0.27487
3,rms,1354,0.043963
3,rms,1355,0.034685
3,rms,1356,0.033111
3,rms,1357,0.033333
3,rms,1358,0.033408
3,rms,1359,0.032666
3,rms,1360,0.033111
3,rms,1361,0.032204
3,rms,1362,0.032389
3,rms,1363,0.032129
3,rms,1364,0.032333
3,rms,1365,0.032204
3,rms,1366,0.032426
3,rms,1367,0.032241
3,rms,1368,0.032259
3,rms,1369,0.032055
3,rms,1370,0.032759
3,rms,1371,0.03213
3,rms,1372,0.032667
3,rms,1373,0.032481
3,rms,1374,0.033222
3,rms,1375,0.032593
3,rms,1376,0.032463
3,rms,1377,0.032685
3,rms,1378,0.03237
3,rms,1379,0.032074
3,rms,1380,0.032185
3,rms,1381,0.032223
3,rms,1382,0.032148
3,rms,1383,0.032148
3,rms,1384,0.03274
3,rms,1385,0.032389
3,rms,1386,0.032278
3,rms,1387,0.032389
3,rms,1388,0.032352
3,rms,1389,0.032704
3,rms,1390,0.032223
3,rms,1391,0.03313
3,rms,1392,0.03276
3,rms,1393,0.033685
3,rms,1394,0.033463
3,rms,1395,0.032241
3,rms,1396,0.032315
3,rms,1397,0.032019
3,rms,1398,0.032093
3,rms,1399,0.032148
3,rms,1400,0.032167
3,rms,1401,0.032334
3,rms,1402,0.032259
3,rms,1403,0.032241
3,rms,1404,0.032444
3,rms,1405,0.032537
3,rms,1406,0.032463
3,rms,1407,0.032537
3,rms,1408,0.032592
3,rms,1409,0.032611
3,rms,1410,0.032463
3,rms,1411,0.032222
3,rms,1412,0.031926
3,rms,1413,0.032389
3,rms,1414,0.032111
3,rms,1415,0.032037
3,rms,1416,0.032166
3,rms,1417,0.032203
3,rms,1418,0.032556
3,rms,1419,0.03226
3,rms,1420,0.032129
3,rms,1421,0.032222
3,rms,1422,0.032852
3,rms,1423,0.032352
3,rms,1424,0.032
3,rms,1425,0.032315
3,rms,1426,0.0325
3,rms,1427,0.032241
3,rms,1428,0.032445
3,rms,1429,0.032463
3,rms,1430,0.032204
3,rms,1431,0.032481
3,rms,1432,0.032166
3,rms,1433,0.032129
3,rms,1434,0.032592
3,rms,1435,0.032296
3,rms,1436,0.034666
3,rms,1437,0.039889
3,rms,1438,0.035185
3,rms,1439,0.035278
3,rms,1440,0.035315
3,rms,1441,0.037907
3,rms,1442,0.041
3,rms,1443,0.035648
3,rms,1444,0.035574
3,rms,1445,0.038018
3,rms,1446,0.042685
3,rms,1447,0.038667
3,rms,1448,0.035537
3,rms,1449,0.033204
3,rms,1450,0.034259
3,rms,1451,0.037778
3,rms,1452,0.077092
3,rms,1453,0.042092
3,rms,1454,0.033815
3,rms,1455,0.033592
3,rms,1456,0.036649
3,rms,1457,0.034574
3,rms,1458,0.036648
3,rms,1459,0.033518
3,rms,1460,0.034204
3,rms,1461,0.033129
3,rms,1462,0.036703
3,rms,1463,0.03374
3,rms,1464,0.034463
3,rms,1465,0.033834
3,rms,1466,0.034037
3,rms,1467,0.033185
3,rms,1468,0.034797
3,rms,1469,0.034278
3,rms,1470,0.034278
3,rms,1471,0.033926
3,rms,1472,0.032963
3,rms,1473,0.033815
3,rms,1474,0.036574
3,rms,1475,0.033056
3,rms,1476,0.033055
3,rms,1477,0.034259
3,rms,1478,0.034425
3,rms,1479,0.033593
3,rms,1480,0.0345
3,rms,1481,0.034555
3,rms,1482,0.03613
3,rms,1483,0.035037
3,rms,1484,0.036704
3,rms,1485,0.035648
3,rms,1486,0.035833
3,rms,1487,0.033722
3,rms,1488,0.034463
3,rms,1489,0.034592
3,rms,1490,0.034018
3,rms,1491,0.034
3,rms,1492,0.034352
3,rms,1493,0.033112
3,rms,1494,0.034537
3,rms,1495,0.034092
3,rms,1496,0.033259
3,rms,1497,0.034703
3,rms,1498,0.035222
3,rms,1499,0.033703
3,rms,1500,0.034167
3,rms,1501,0.035111
3,rms,1502,0.033852
3,rms,1503,0.03537
3,rms,1504,0.035296
3,rms,1505,0.035129
3,rms,1506,0.034092
3,rms,1507,0.03563
3,rms,1508,0.033592
3,rms,1509,0.035185
3,rms,1510,0.035963
3,rms,1511,0.033834
3,rms,1512,0.033537
3,rms,1513,0.033926
3,rms,1514,0.033222
3,rms,1515,0.0345
3,rms,1516,0.036241
3,rms,1517,0.036278
3,rms,1518,0.0335
3,rms,1519,0.032945
3,rms,1520,0.035092
3,rms,1521,0.034351
3,rms,1522,0.035037
3,rms,1523,0.033574
3,rms,1524,0.033296
3,rms,1525,0.036352
3,rms,1526,0.033333
3,rms,1527,0.033277
3,rms,1528,0.034852
3,rms,1529,0.033056
3,rms,1530,0.034926
3,rms,1531,0.032814
3,rms,1532,0.032463
3,rms,1533,0.032518
3,rms,1534,0.032574
3,rms,1535,0.032352
3,rms,1536,0.032481
3,rms,1537,0.03237
3,rms,1538,0.032667
3,rms,1539,0.032982
3,rms,1540,0.032259
3,rms,1541,0.033
3,rms,1542,0.033741
3,rms,1543,0.033537
3,rms,1544,0.036222
3,rms,1545,0.032926
3,rms,1546,0.032463
3,rms,1547,0.034056
3,rms,1548,0.033815
3,rms,1549,0.034778
3,rms,1550,0.032407
3,rms,1551,0.033167
3,rms,1552,0.032297
3,rms,1553,0.032833
3,rms,1554,0.032481
3,rms,1555,0.033388
3,rms,1556,0.034778
3,rms,1557,0.033482
3,rms,1558,0.033093
3,rms,1559,0.034648
3,rms,1560,0.032888
3,rms,1561,0.033463
3,rms,1562,0.032648
3,rms,1563,0.034315
3,rms,1564,0.033759
3,rms,1565,0.053982
3,rms,1566,0.034019
3,rms,1567,0.03537
3,rms,1568,0.034148
3,rms,1569,0.032666
3,rms,1570,0.032814
3,rms,1571,0.034667
3,rms,1572,0.033
3,rms,1573,0.033555
3,rms,1574,0.036204
3,rms,1575,0.033204
3,rms,1576,0.032463
3,rms,1577,0.033204
3,rms,1578,0.032796
3,rms,1579,0.044592
3,rms,1580,0.032852
3,rms,1581,0.03313
3,rms,1582,0.032926
3,rms,1583,0.033945
3,rms,1584,0.032222
3,rms,1585,0.032537
3,rms,1586,0.032981
3,rms,1587,0.03287
3,rms,1588,0.032852
3,rms,1589,0.033925
3,rms,1590,0.033981
3,rms,1591,0.032962
3,rms,1592,0.033574
3,rms,1593,0.033555
3,rms,1594,0.032611
3,rms,1595,0.033555
3,rms,1596,0.032704
3,rms,1597,0.034019
3,rms,1598,0.034833
3,rms,1599,0.033537
3,rms,1600,0.032351
3,rms,1601,0.034352
3,rms,1602,0.034296
3,rms,1603,0.032518
3,rms,1604,0.034778
3,rms,1605,0.033722
3,rms,1606,0.035666
3,rms,1607,0.032796
3,rms,1608,0.032444
3,rms,1609,0.033963
3,rms,1610,0.03274
3,rms,1611,0.033259
3,rms,1612,0.032722
3,rms,1613,0.03274
3,rms,1614,0.035056
3,rms,1615,0.033611
3,rms,1616,0.032704
3,rms,1617,0.033277
3,rms,1618,0.033833
3,rms,1619,0.032555
3,rms,1620,0.033629
3,rms,1621,0.033944
3,rms,1622,0.034185
3,rms,1623,0.032333
3,rms,1624,0.032481
3,rms,1625,0.033666
3,rms,1626,0.03337
3,rms,1627,0.032277
3,rms,1628,0.033444
3,rms,1629,0.032778
3,rms,1630,0.032666
3,rms,1631,0.033815
3,rms,1632,0.035537
3,rms,1633,0.032741
3,rms,1634,0.032555
3,rms,1635,0.032981
3,rms,1636,0.032926
3,rms,1637,0.034056
3,rms,1638,0.032815
3,rms,1639,0.033389
3,rms,1640,0.032518
3,rms,1641,0.032796
3,rms,1642,0.033685
3,rms,1643,0.035667
3,rms,1644,0.032093
3,rms,1645,0.032871
3,rms,1646,0.032055
3,rms,1647,0.032685
3,rms,1648,0.032926
3,rms,1649,0.03387
3,rms,1650,0.035167
3,rms,1651,0.033296
3,rms,1652,0.032555
3,rms,1653,0.032778
3,rms,1654,0.034408
3,rms,1655,0.033167
3,rms,1656,0.033
3,rms,1657,0.033833
3,rms,1658,0.035019
3,rms,1659,0.032852
3,rms,1660,0.035463
3,rms,1661,0.034593
3,rms,1662,0.035204
3,rms,1663,0.033519
3,rms,1664,0.033074
3,rms,1665,0.034351
3,rms,1666,0.034019
3,rms,1667,0.033315
3,rms,1668,0.032796
3,rms,1669,0.034296
3,rms,1670,0.035481
3,rms,1671,0.032833
3,rms,1672,0.032277
3,rms,1673,0.035093
3,rms,1674,0.033222
3,rms,1675,0.034611
3,rms,1676,0.034018
3,rms,1677,0.033519
3,rms,1678,0.032944
3,rms,1679,0.052926
3,rms,1680,0.034963
3,rms,1681,0.033074
3,rms,1682,0.033537
3,rms,1683,0.034944
3,rms,1684,0.032037
3,rms,1685,0.033444
3,rms,1686,0.033611
3,rms,1687,0.034092
3,rms,1688,0.034666
3,rms,1689,0.034777
3,rms,1690,0.035055
3,rms,1691,0.033852
3,rms,1692,0.032574
3,rms,1693,0.034722
3,rms,1694,0.034482
3,rms,1695,0.03837
3,rms,1696,0.03274
3,rms,1697,0.034556
3,rms,1698,0.034834
3,rms,1699,0.033092
3,rms,1700,0.034945
3,rms,1701,0.034907
3,rms,1702,0.03524
3,rms,1703,0.034704
3,rms,1704,0.033315
3,rms,1705,0.033593
3,rms,1706,0.050482
3,rms,1707,0.033796
3,rms,1708,0.034463
3,rms,1709,0.035481
3,rms,1710,0.0345
3,rms,1711,0.032537
3,rms,1712,0.032981
3,rms,1713,0.033814
3,rms,1714,0.035167
3,rms,1715,0.033574
3,rms,1716,0.034315
3,rms,1717,0.035482
3,rms,1718,0.036889
3,rms,1719,0.032629
3,rms,1720,0.033537
3,rms,1721,0.034593
3,rms,1722,0.033759
3,rms,1723,0.034556
3,rms,1724,0.033926
3,rms,1725,0.035074
3,rms,1726,0.034537
3,rms,1727,0.03263
3,rms,1728,0.032426
3,rms,1729,0.03313
3,rms,1730,0.033481
3,rms,1731,0.03524
3,rms,1732,0.032778
3,rms,1733,0.03313
3,rms,1734,0.034925
3,rms,1735,0.034
3,rms,1736,0.033
3,rms,1737,0.035055
3,rms,1738,0.034463
3,rms,1739,0.033667
3,rms,1740,0.035333
3,rms,1741,0.033556
3,rms,1742,0.033056
3,rms,1743,0.033815
3,rms,1744,0.034463
3,rms,1745,0.032408
3,rms,1746,0.033537
3,rms,1747,0.032945
3,rms,1748,0.034981
3,rms,1749,0.032889
3,rms,1750,0.034574
3,rms,1751,0.032648
3,rms,1752,0.0345
3,rms,1753,0.033481
3,rms,1754,0.034074
3,rms,1755,0.033611
3,rms,1756,0.034333
3,rms,1757,0.032444
3,rms,1758,0.034315
3,rms,1759,0.033686
3,rms,1760,0.034148
3,rms,1761,0.033611
3,rms,1762,0.034
3,rms,1763,0.032463
3,rms,1764,0.033277
3,rms,1765,0.032888
3,rms,1766,0.033055
3,rms,1767,0.033018
3,rms,1768,0.034463
3,rms,1769,0.032685
3,rms,1770,0.034204
3,rms,1771,0.033388
3,rms,1772,0.034222
3,rms,1773,0.032259
3,rms,1774,0.032574
3,rms,1775,0.032666
3,rms,1776,0.033315
3,rms,1777,0.033389
3,rms,1778,0.03337
3,rms,1779,0.032833
3,rms,1780,0.034649
3,rms,1781,0.033
3,rms,1782,0.034722
3,rms,1783,0.033852
3,rms,1784,0.034537
3,rms,1785,0.033
3,rms,1786,0.033463
3,rms,1787,0.034056
3,rms,1788,0.034481
3,rms,1789,0.033111
3,rms,1790,0.033037
3,rms,1791,0.032426
3,rms,1792,0.055037
3,rms,1793,0.035592
3,rms,1794,0.035555
3,rms,1795,0.032592
3,rms,1796,0.033166
3,rms,1797,0.034166
3,rms,1798,0.03413
3,rms,1799,0.032648
3,rms,1800,0.032426
3,rms,1801,0.033352
3,rms,1802,0.034537
3,rms,1803,0.032259
3,rms,1804,0.03213
3,rms,1805,0.032963
3,tflite_autoencoder,1,0.059815
3,tflite_autoencoder,2,0.058426
3,tflite_autoencoder,3,0.059074
3,tflite_autoencoder,4,0.0585
3,tflite_autoencoder,5,0.059556
3,tflite_autoencoder,6,0.058815
3,tflite_autoencoder,7,0.057297
3,tflite_autoencoder,8,0.057629
3,tflite_autoencoder,9,0.059278
3,tflite_autoencoder,10,0.057055
3,tflite_autoencoder,11,0.059388
3,tflite_autoencoder,12,0.058092
3,tflite_autoencoder,13,0.058777
3,tflite_autoencoder,14,0.058388
3,tflite_autoencoder,15,0.058445
3,tflite_autoencoder,16,0.059148
3,tflite_autoencoder,17,0.058574
3,tflite_autoencoder,18,0.056666
3,tflite_autoencoder,19,0.057056
3,tflite_autoencoder,20,0.058297
3,tflite_autoencoder,21,0.060278
3,tflite_autoencoder,22,0.059
3,tflite_autoencoder,23,0.058852
3,tflite_autoencoder,24,0.058463
3,tflite_autoencoder,25,0.058241
3,tflite_autoencoder,26,0.058574
3,tflite_autoencoder,27,0.057963
3,tflite_autoencoder,28,0.085186
3,tflite_autoencoder,29,0.060518
3,tflite_autoencoder,30,0.061499
3,tflite_autoencoder,31,0.058852
3,tflite_autoencoder,32,0.058444
3,tflite_autoencoder,33,0.058055
3,tflite_autoencoder,34,0.057519
3,tflite_autoencoder,35,0.057426
3,tflite_autoencoder,36,0.081129
3,tflite_autoencoder,37,0.060574
3,tflite_autoencoder,38,0.058296
3,tflite_autoencoder,39,0.057703
3,tflite_autoencoder,40,0.057759
3,tflite_autoencoder,41,0.058333
3,tflite_autoencoder,42,0.057704
3,tflite_autoencoder,43,0.057426
3,tflite_autoencoder,44,0.0585
3,tflite_autoencoder,45,0.058481
3,tflite_autoencoder,46,0.058
3,tflite_autoencoder,47,0.058037
3,tflite_autoencoder,48,0.058629
3,tflite_autoencoder,49,0.059019
3,tflite_autoencoder,50,0.058092
3,tflite_autoencoder,51,0.057907
3,tflite_autoencoder,52,0.057759
3,tflite_autoencoder,53,0.057833
3,tflite_autoencoder,54,0.057797
3,tflite_autoencoder,55,0.057444
3,tflite_autoencoder,56,0.058796
3,tflite_autoencoder,57,0.058666
3,tflite_autoencoder,58,0.058482
3,tflite_autoencoder,59,0.058445
3,tflite_autoencoder,60,0.058611
3,tflite_autoencoder,61,0.058759
3,tflite_autoencoder,62,0.058407
3,tflite_autoencoder,63,0.058166
3,tflite_autoencoder,64,0.058074
3,tflite_autoencoder,65,0.057648
3,tflite_autoencoder,66,0.05763
3,tflite_autoencoder,67,0.05726
3,tflite_autoencoder,68,0.057537
3,tflite_autoencoder,69,0.059666
3,tflite_autoencoder,70,0.057222
3,tflite_autoencoder,71,0.057629
3,tflite_autoencoder,72,0.056759
3,tflite_autoencoder,73,0.057204
3,tflite_autoencoder,74,0.057036
3,tflite_autoencoder,75,0.057778
3,tflite_autoencoder,76,0.059148
3,tflite_autoencoder,77,0.0575
3,tflite_autoencoder,78,0.057685
3,tflite_autoencoder,79,0.057574
3,tflite_autoencoder,80,0.057463
3,tflite_autoencoder,81,0.057167
3,tflite_autoencoder,82,0.057852
3,tflite_autoencoder,83,0.058426
3,tflite_autoencoder,84,0.059815
3,tflite_autoencoder,85,0.058463
3,tflite_autoencoder,86,0.057907
3,tflite_autoencoder,87,0.057815
3,tflite_autoencoder,88,0.058092
3,tflite_autoencoder,89,0.057129
3,tflite_autoencoder,90,0.05726
3,tflite_autoencoder,91,0.057074
3,tflite_autoencoder,92,0.058056
3,tflite_autoencoder,93,0.058834
3,tflite_autoencoder,94,0.057815
3,tflite_autoencoder,95,0.057574
3,tflite_autoencoder,96,0.0575
3,tflite_autoencoder,97,0.057611
3,tflite_autoencoder,98,0.057389
3,tflite_autoencoder,99,0.058444
3,tflite_autoencoder,100,0.058277
3,tflite_autoencoder,101,0.058555
3,tflite_autoencoder,102,0.057463
3,tflite_autoencoder,103,0.078333
3,tflite_autoencoder,104,0.063722
3,tflite_autoencoder,105,0.059
3,tflite_autoencoder,106,0.057481
3,tflite_autoencoder,107,0.058203
3,tflite_autoencoder,108,0.057259
3,tflite_autoencoder,109,0.05837
3,tflite_autoencoder,110,0.057648
3,tflite_autoencoder,111,0.057648
3,tflite_autoencoder,112,0.057223
3,tflite_autoencoder,113,0.057537
3,tflite_autoencoder,114,0.05776
3,tflite_autoencoder,115,0.058223
3,tflite_autoencoder,116,0.058334
3,tflite_autoencoder,117,0.057519
3,tflite_autoencoder,118,0.057555
3,tflite_autoencoder,119,0.056963
3,tflite_autoencoder,120,0.057167
3,tflite_autoencoder,121,0.057999
3,tflite_autoencoder,122,0.057852
3,tflite_autoencoder,123,0.058092
3,tflite_autoencoder,124,0.057018
3,tflite_autoencoder,125,0.057481
3,tflite_autoencoder,126,0.057037
3,tflite_autoencoder,127,0.058574
3,tflite_autoencoder,128,0.057537
3,tflite_autoencoder,129,0.057185
3,tflite_autoencoder,130,0.056519
3,tflite_autoencoder,131,0.056889
3,tflite_autoencoder,132,0.059111
3,tflite_autoencoder,133,0.057574
3,tflite_autoencoder,134,0.058092
3,tflite_autoencoder,135,0.057389
3,tflite_autoencoder,136,0.057
3,tflite_autoencoder,137,0.057185
3,tflite_autoencoder,138,0.05674
3,tflite_autoencoder,139,0.057351
3,tflite_autoencoder,140,0.056555
3,tflite_autoencoder,141,0.056704
3,tflite_autoencoder,142,0.057462
3,tflite_autoencoder,143,0.057889
3,tflite_autoencoder,144,0.056833
3,tflite_autoencoder,145,0.056703
3,tflite_autoencoder,146,0.05687
3,tflite_autoencoder,147,0.057723
3,tflite_autoencoder,148,0.056426
3,tflite_autoencoder,149,0.057074
3,tflite_autoencoder,150,0.058
3,tflite_autoencoder,151,0.057315
3,tflite_autoencoder,152,0.057352
3,tflite_autoencoder,153,0.057685
3,tflite_autoencoder,154,0.057704
3,tflite_autoencoder,155,0.091296
3,tflite_autoencoder,156,0.062796
3,tflite_autoencoder,157,0.05913
3,tflite_autoencoder,158,0.058167
3,tflite_autoencoder,159,0.058111
3,tflite_autoencoder,160,0.057814
3,tflite_autoencoder,161,0.058389
3,tflite_autoencoder,162,0.057223
3,tflite_autoencoder,163,0.057945
3,tflite_autoencoder,164,0.057981
3,tflite_autoencoder,165,0.058482
3,tflite_autoencoder,166,0.057278
3,tflite_autoencoder,167,0.056889
3,tflite_autoencoder,168,0.057074
3,tflite_autoencoder,169,0.058167
3,tflite_autoencoder,170,0.067981
3,tflite_autoencoder,171,0.063723
3,tflite_autoencoder,172,0.060666
3,tflite_autoencoder,173,0.057982
3,tflite_autoencoder,174,0.057611
3,tflite_autoencoder,175,0.058482
3,tflite_autoencoder,176,0.058482
3,tflite_autoencoder,177,0.058185
3,tflite_autoencoder,178,0.057685
3,tflite_autoencoder,179,0.057426
3,tflite_autoencoder,180,0.0575
3,tflite_autoencoder,181,0.058259
3,tflite_autoencoder,182,0.057315
3,tflite_autoencoder,183,0.058018
3,tflite_autoencoder,184,0.05787
3,tflite_autoencoder,185,0.057704
3,tflite_autoencoder,186,0.057777
3,tflite_autoencoder,187,0.056945
3,tflite_autoencoder,188,0.056999
3,tflite_autoencoder,189,0.058815
3,tflite_autoencoder,190,0.057686
3,tflite_autoencoder,191,0.057852
3,tflite_autoencoder,192,0.056907
3,tflite_autoencoder,193,0.057537
3,tflite_autoencoder,194,0.057037
3,tflite_autoencoder,195,0.058685
3,tflite_autoencoder,196,0.058463
3,tflite_autoencoder,197,0.057982
3,tflite_autoencoder,198,0.057055
3,tflite_autoencoder,199,0.057
3,tflite_autoencoder,200,0.057388
3,tflite_autoencoder,201,0.058167
3,tflite_autoencoder,202,0.058185
3,tflite_autoencoder,203,0.059185
3,tflite_autoencoder,204,0.05837
3,tflite_autoencoder,205,0.057685
3,tflite_autoencoder,206,0.057315
3,tflite_autoencoder,207,0.057352
3,tflite_autoencoder,208,0.057389
3,tflite_autoencoder,209,0.057778
3,tflite_autoencoder,210,0.058888
3,tflite_autoencoder,211,0.05737
3,tflite_autoencoder,212,0.057019
3,tflite_autoencoder,213,0.057462
3,tflite_autoencoder,214,0.057203
3,tflite_autoencoder,215,0.057574
3,tflite_autoencoder,216,0.057389
3,tflite_autoencoder,217,0.057222
3,tflite_autoencoder,218,0.057963
3,tflite_autoencoder,219,0.056833
3,tflite_autoencoder,220,0.057499
3,tflite_autoencoder,221,0.057593
3,tflite_autoencoder,222,0.057019
3,tflite_autoencoder,223,0.057537
3,tflite_autoencoder,224,0.057444
3,tflite_autoencoder,225,0.057296
3,tflite_autoencoder,226,0.057278
3,tflite_autoencoder,227,0.057834
3,tflite_autoencoder,228,0.056926
3,tflite_autoencoder,229,0.058037
3,tflite_autoencoder,230,0.057759
3,tflite_autoencoder,231,0.058055
3,tflite_autoencoder,232,0.058371
3,tflite_autoencoder,233,0.057425
3,tflite_autoencoder,234,0.057999
3,tflite_autoencoder,235,0.057166
3,tflite_autoencoder,236,0.057592
3,tflite_autoencoder,237,0.057685
3,tflite_autoencoder,238,0.071481
3,tflite_autoencoder,239,0.067574
3,tflite_autoencoder,240,0.058444
3,tflite_autoencoder,241,0.057685
3,tflite_autoencoder,242,0.058129
3,tflite_autoencoder,243,0.057556
3,tflite_autoencoder,244,0.057593
3,tflite_autoencoder,245,0.058241
3,tflite_autoencoder,246,0.058444
3,tflite_autoencoder,247,0.059426
3,tflite_autoencoder,248,0.058778
3,tflite_autoencoder,249,0.058444
3,tflite_autoencoder,250,0.057519
3,tflite_autoencoder,251,0.057944
3,tflite_autoencoder,252,0.057203
3,tflite_autoencoder,253,0.057277
3,tflite_autoencoder,254,0.057315
3,tflite_autoencoder,255,0.058426
3,tflite_autoencoder,256,0.058055
3,tflite_autoencoder,257,0.058667
3,tflite_autoencoder,258,0.057833
3,tflite_autoencoder,259,0.057445
3,tflite_autoencoder,260,0.058481
3,tflite_autoencoder,261,0.056704
3,tflite_autoencoder,262,0.057352
3,tflite_autoencoder,263,0.057055
3,tflite_autoencoder,264,0.057019
3,tflite_autoencoder,265,0.057036
3,tflite_autoencoder,266,0.05676
3,tflite_autoencoder,267,0.057204
3,tflite_autoencoder,268,0.058389
3,tflite_autoencoder,269,0.058204
3,tflite_autoencoder,270,0.05837
3,tflite_autoencoder,271,0.058611
3,tflite_autoencoder,272,0.057685
3,tflite_autoencoder,273,0.057111
3,tflite_autoencoder,274,0.05763
3,tflite_autoencoder,275,0.057389
3,tflite_autoencoder,276,0.057908
3,tflite_autoencoder,277,0.058019
3,tflite_autoencoder,278,0.056759
3,tflite_autoencoder,279,0.057574
3,tflite_autoencoder,280,0.057037
3,tflite_autoencoder,281,0.058241
3,tflite_autoencoder,282,0.073777
3,tflite_autoencoder,283,0.061222
3,tflite_autoencoder,284,0.057852
3,tflite_autoencoder,285,0.058111
3,tflite_autoencoder,286,0.058333
3,tflite_autoencoder,287,0.057481
3,tflite_autoencoder,288,0.057537
3,tflite_autoencoder,289,0.058019
3,tflite_autoencoder,290,0.05813
3,tflite_autoencoder,291,0.057704
3,tflite_autoencoder,292,0.057778
3,tflite_autoencoder,293,0.057944
3,tflite_autoencoder,294,0.058222
3,tflite_autoencoder,295,0.059093
3,tflite_autoencoder,296,0.059037
3,tflite_autoencoder,297,0.058389
3,tflite_autoencoder,298,0.058667
3,tflite_autoencoder,299,0.059093
3,tflite_autoencoder,300,0.058593
3,tflite_autoencoder,301,0.057963
3,tflite_autoencoder,302,0.057463
3,tflite_autoencoder,303,0.056907
3,tflite_autoencoder,304,0.057629
3,tflite_autoencoder,305,0.058092
3,tflite_autoencoder,306,0.072518
3,tflite_autoencoder,307,0.059462
3,tflite_autoencoder,308,0.058482
3,tflite_autoencoder,309,0.057722
3,tflite_autoencoder,310,0.057944
3,tflite_autoencoder,311,0.058296
3,tflite_autoencoder,312,0.058222
3,tflite_autoencoder,313,0.058185
3,tflite_autoencoder,314,0.057574
3,tflite_autoencoder,315,0.057981
3,tflite_autoencoder,316,0.058463
3,tflite_autoencoder,317,0.057666
3,tflite_autoencoder,318,0.057241
3,tflite_autoencoder,319,0.057019
3,tflite_autoencoder,320,0.057203
3,tflite_autoencoder,321,0.057018
3,tflite_autoencoder,322,0.057556
3,tflite_autoencoder,323,0.057407
3,tflite_autoencoder,324,0.057111
3,tflite_autoencoder,325,0.056889
3,tflite_autoencoder,326,0.058351
3,tflite_autoencoder,327,0.0585
3,tflite_autoencoder,328,0.057481
3,tflite_autoencoder,329,0.058055
3,tflite_autoencoder,330,0.057426
3,tflite_autoencoder,331,0.057314
3,tflite_autoencoder,332,0.057388
3,tflite_autoencoder,333,0.057351
3,tflite_autoencoder,334,0.057685
3,tflite_autoencoder,335,0.058055
3,tflite_autoencoder,336,0.057574
3,tflite_autoencoder,337,0.056963
3,tflite_autoencoder,338,0.057222
3,tflite_autoencoder,339,0.056833
3,tflite_autoencoder,340,0.058537
3,tflite_autoencoder,341,0.057833
3,tflite_autoencoder,342,0.057241
3,tflite_autoencoder,343,0.05737
3,tflite_autoencoder,344,0.057222
3,tflite_autoencoder,345,0.057481
3,tflite_autoencoder,346,0.058371
3,tflite_autoencoder,347,0.057389
3,tflite_autoencoder,348,0.057925
3,tflite_autoencoder,349,0.058741
3,tflite_autoencoder,350,0.058592
3,tflite_autoencoder,351,0.058407
3,tflite_autoencoder,352,0.059
3,tflite_autoencoder,353,0.058518
3,tflite_autoencoder,354,0.058129
3,tflite_autoencoder,355,0.057944
3,tflite_autoencoder,356,0.058444
3,tflite_autoencoder,357,0.058296
3,tflite_autoencoder,358,0.057371
3,tflite_autoencoder,359,0.057482
3,tflite_autoencoder,360,0.057092
3,tflite_autoencoder,361,0.057315
3,tflite_autoencoder,362,0.058055
3,tflite_autoencoder,363,0.057574
3,tflite_autoencoder,364,0.05737
3,tflite_autoencoder,365,0.058167
3,tflite_autoencoder,366,0.057759
3,tflite_autoencoder,367,0.057778
3,tflite_autoencoder,368,0.057056
3,tflite_autoencoder,369,0.058111
3,tflite_autoencoder,370,0.058722
3,tflite_autoencoder,371,0.05874
3,tflite_autoencoder,372,0.058574
3,tflite_autoencoder,373,0.067092
3,tflite_autoencoder,374,0.06324
3,tflite_autoencoder,375,0.059482
3,tflite_autoencoder,376,0.059167
3,tflite_autoencoder,377,0.058296
3,tflite_autoencoder,378,0.057778
3,tflite_autoencoder,379,0.057444
3,tflite_autoencoder,380,0.057482
3,tflite_autoencoder,381,0.057815
3,tflite_autoencoder,382,0.056944
3,tflite_autoencoder,383,0.056889
3,tflite_autoencoder,384,0.057667
3,tflite_autoencoder,385,0.057204
3,tflite_autoencoder,386,0.057759
3,tflite_autoencoder,387,0.058037
3,tflite_autoencoder,388,0.057685
3,tflite_autoencoder,389,0.058296
3,tflite_autoencoder,390,0.057537
3,tflite_autoencoder,391,0.057592
3,tflite_autoencoder,392,0.057333
3,tflite_autoencoder,393,0.058018
3,tflite_autoencoder,394,0.058352
3,tflite_autoencoder,395,0.057334
3,tflite_autoencoder,396,0.057704
3,tflite_autoencoder,397,0.057352
3,tflite_autoencoder,398,0.057426
3,tflite_autoencoder,399,0.057111
3,tflite_autoencoder,400,0.058407
3,tflite_autoencoder,401,0.058111
3,tflite_autoencoder,402,0.058667
3,tflite_autoencoder,403,0.057167
3,tflite_autoencoder,404,0.05763
3,tflite_autoencoder,405,0.057278
3,tflite_autoencoder,406,0.057241
3,tflite_autoencoder,407,0.057
3,tflite_autoencoder,408,0.058611
3,tflite_autoencoder,409,0.06987
3,tflite_autoencoder,410,0.058555
3,tflite_autoencoder,411,0.057889
3,tflite_autoencoder,412,0.058315
3,tflite_autoencoder,413,0.057592
3,tflite_autoencoder,414,0.057537
3,tflite_autoencoder,415,0.057018
3,tflite_autoencoder,416,0.057759
3,tflite_autoencoder,417,0.057463
3,tflite_autoencoder,418,0.057519
3,tflite_autoencoder,419,0.057092
3,tflite_autoencoder,420,0.058037
3,tflite_autoencoder,421,0.057834
3,tflite_autoencoder,422,0.057389
3,tflite_autoencoder,423,0.056777
3,tflite_autoencoder,424,0.057925
3,tflite_autoencoder,425,0.058259
3,tflite_autoencoder,426,0.058593
3,tflite_autoencoder,427,0.057408
3,tflite_autoencoder,428,0.05737
3,tflite_autoencoder,429,0.058425
3,tflite_autoencoder,430,0.05713
3,tflite_autoencoder,431,0.058389
3,tflite_autoencoder,432,0.057815
3,tflite_autoencoder,433,0.056889
3,tflite_autoencoder,434,0.057833
3,tflite_autoencoder,435,0.057055
3,tflite_autoencoder,436,0.057759
3,tflite_autoencoder,437,0.058111
3,tflite_autoencoder,438,0.057352
3,tflite_autoencoder,439,0.058037
3,tflite_autoencoder,440,0.061111
3,tflite_autoencoder,441,0.070426
3,tflite_autoencoder,442,0.059833
3,tflite_autoencoder,443,0.05826
3,tflite_autoencoder,444,0.058555
3,tflite_autoencoder,445,0.05837
3,tflite_autoencoder,446,0.057296
3,tflite_autoencoder,447,0.057759
3,tflite_autoencoder,448,0.058463
3,tflite_autoencoder,449,0.05737
3,tflite_autoencoder,450,0.057
3,tflite_autoencoder,451,0.0575
3,tflite_autoencoder,452,0.05687
3,tflite_autoencoder,453,0.05763
3,tflite_autoencoder,454,0.057518
3,tflite_autoencoder,455,0.056778
3,tflite_autoencoder,456,0.057407
3,tflite_autoencoder,457,0.056481
3,tflite_autoencoder,458,0.057389
3,tflite_autoencoder,459,0.057722
3,tflite_autoencoder,460,0.057185
3,tflite_autoencoder,461,0.056574
3,tflite_autoencoder,462,0.057186
3,tflite_autoencoder,463,0.058389
3,tflite_autoencoder,464,0.058389
3,tflite_autoencoder,465,0.057907
3,tflite_autoencoder,466,0.057277
3,tflite_autoencoder,467,0.057352
3,tflite_autoencoder,468,0.056685
3,tflite_autoencoder,469,0.057315
3,tflite_autoencoder,470,0.058055
3,tflite_autoencoder,471,0.058296
3,tflite_autoencoder,472,0.057556
3,tflite_autoencoder,473,0.057463
3,tflite_autoencoder,474,0.056963
3,tflite_autoencoder,475,0.057944
3,tflite_autoencoder,476,0.057018
3,tflite_autoencoder,477,0.057907
3,tflite_autoencoder,478,0.057685
3,tflite_autoencoder,479,0.057741
3,tflite_autoencoder,480,0.056907
3,tflite_autoencoder,481,0.057259
3,tflite_autoencoder,482,0.0565
3,tflite_autoencoder,483,0.057463
3,tflite_autoencoder,484,0.057556
3,tflite_autoencoder,485,0.057556
3,tflite_autoencoder,486,0.057889
3,tflite_autoencoder,487,0.057277
3,tflite_autoencoder,488,0.057093
3,tflite_autoencoder,489,0.057259
3,tflite_autoencoder,490,0.057759
3,tflite_autoencoder,491,0.056963
3,tflite_autoencoder,492,0.056944
3,tflite_autoencoder,493,0.057148
3,tflite_autoencoder,494,0.056963
3,tflite_autoencoder,495,0.05713
3,tflite_autoencoder,496,0.057
3,tflite_autoencoder,497,0.058203
3,tflite_autoencoder,498,0.057777
3,tflite_autoencoder,499,0.058241
3,tflite_autoencoder,500,0.057667
3,tflite_autoencoder,501,0.057462
3,tflite_autoencoder,502,0.057908
3,tflite_autoencoder,503,0.056499
3,tflite_autoencoder,504,0.057908
3,tflite_autoencoder,505,0.057611
3,tflite_autoencoder,506,0.057166
3,tflite_autoencoder,507,0.056815
3,tflite_autoencoder,508,0.057037
3,tflite_autoencoder,509,0.067315
3,tflite_autoencoder,510,0.059593
3,tflite_autoencoder,511,0.058907
3,tflite_autoencoder,512,0.057185
3,tflite_autoencoder,513,0.057333
3,tflite_autoencoder,514,0.057074
3,tflite_autoencoder,515,0.057315
3,tflite_autoencoder,516,0.057926
3,tflite_autoencoder,517,0.057203
3,tflite_autoencoder,518,0.056925
3,tflite_autoencoder,519,0.057833
3,tflite_autoencoder,520,0.057352
3,tflite_autoencoder,521,0.058352
3,tflite_autoencoder,522,0.058407
3,tflite_autoencoder,523,0.057481
3,tflite_autoencoder,524,0.057759
3,tflite_autoencoder,525,0.05687
3,tflite_autoencoder,526,0.057593
3,tflite_autoencoder,527,0.057
3,tflite_autoencoder,528,0.056981
3,tflite_autoencoder,529,0.056982
3,tflite_autoencoder,530,0.057074
3,tflite_autoencoder,531,0.057556
3,tflite_autoencoder,532,0.057351
3,tflite_autoencoder,533,0.058444
3,tflite_autoencoder,534,0.057426
3,tflite_autoencoder,535,0.057851
3,tflite_autoencoder,536,0.067629
3,tflite_autoencoder,537,0.059278
3,tflite_autoencoder,538,0.058074
3,tflite_autoencoder,539,0.058185
3,tflite_autoencoder,540,0.0575
3,tflite_autoencoder,541,0.05763
3,tflite_autoencoder,542,0.056963
3,tflite_autoencoder,543,0.05787
3,tflite_autoencoder,544,0.056944
3,tflite_autoencoder,545,0.058351
3,tflite_autoencoder,546,0.057297
3,tflite_autoencoder,547,0.057593
3,tflite_autoencoder,548,0.056982
3,tflite_autoencoder,549,0.057314
3,tflite_autoencoder,550,0.056685
3,tflite_autoencoder,551,0.058574
3,tflite_autoencoder,552,0.057667
3,tflite_autoencoder,553,0.057352
3,tflite_autoencoder,554,0.056945
3,tflite_autoencoder,555,0.056777
3,tflite_autoencoder,556,0.057055
3,tflite_autoencoder,557,0.058129
3,tflite_autoencoder,558,0.057852
3,tflite_autoencoder,559,0.056851
3,tflite_autoencoder,560,0.057333
3,tflite_autoencoder,561,0.057796
3,tflite_autoencoder,562,0.057945
3,tflite_autoencoder,563,0.057408
3,tflite_autoencoder,564,0.056741
3,tflite_autoencoder,565,0.057019
3,tflite_autoencoder,566,0.057815
3,tflite_autoencoder,567,0.056814
3,tflite_autoencoder,568,0.057148
3,tflite_autoencoder,569,0.057074
3,tflite_autoencoder,570,0.057315
3,tflite_autoencoder,571,0.057704
3,tflite_autoencoder,572,0.058204
3,tflite_autoencoder,573,0.057611
3,tflite_autoencoder,574,0.057352
3,tflite_autoencoder,575,0.057
3,tflite_autoencoder,576,0.058
3,tflite_autoencoder,577,0.07
3,tflite_autoencoder,578,0.059425
3,tflite_autoencoder,579,0.058833
3,tflite_autoencoder,580,0.058314
3,tflite_autoencoder,581,0.058277
3,tflite_autoencoder,582,0.057722
3,tflite_autoencoder,583,0.057259
3,tflite_autoencoder,584,0.056982
3,tflite_autoencoder,585,0.057685
3,tflite_autoencoder,586,0.057074
3,tflite_autoencoder,587,0.056981
3,tflite_autoencoder,588,0.057518
3,tflite_autoencoder,589,0.056778
3,tflite_autoencoder,590,0.058685
3,tflite_autoencoder,591,0.058519
3,tflite_autoencoder,592,0.057722
3,tflite_autoencoder,593,0.057537
3,tflite_autoencoder,594,0.057963
3,tflite_autoencoder,595,0.057148
3,tflite_autoencoder,596,0.058351
3,tflite_autoencoder,597,0.057648
3,tflite_autoencoder,598,0.05837
3,tflite_autoencoder,599,0.058222
3,tflite_autoencoder,600,0.058296
3,tflite_autoencoder,601,0.057129
3,tflite_autoencoder,602,0.056907
3,tflite_autoencoder,603,0.058851
3,tflite_autoencoder,604,0.058704
3,tflite_autoencoder,605,0.058648
3,tflite_autoencoder,606,0.058
3,tflite_autoencoder,607,0.058074
3,tflite_autoencoder,608,0.058055
3,tflite_autoencoder,609,0.057148
3,tflite_autoencoder,610,0.057593
3,tflite_autoencoder,611,0.056518
3,tflite_autoencoder,612,0.058889
3,tflite_autoencoder,613,0.05737
3,tflite_autoencoder,614,0.057445
3,tflite_autoencoder,615,0.056796
3,tflite_autoencoder,616,0.057148
3,tflite_autoencoder,617,0.057408
3,tflite_autoencoder,618,0.057796
3,tflite_autoencoder,619,0.057167
3,tflite_autoencoder,620,0.05724
3,tflite_autoencoder,621,0.056944
3,tflite_autoencoder,622,0.057185
3,tflite_autoencoder,623,0.057018
3,tflite_autoencoder,624,0.058093
3,tflite_autoencoder,625,0.057185
3,tflite_autoencoder,626,0.057759
3,tflite_autoencoder,627,0.057889
3,tflite_autoencoder,628,0.057704
3,tflite_autoencoder,629,0.056926
3,tflite_autoencoder,630,0.058092
3,tflite_autoencoder,631,0.057519
3,tflite_autoencoder,632,0.057519
3,tflite_autoencoder,633,0.057333
3,tflite_autoencoder,634,0.056833
3,tflite_autoencoder,635,0.057482
3,tflite_autoencoder,636,0.057593
3,tflite_autoencoder,637,0.058481
3,tflite_autoencoder,638,0.057352
3,tflite_autoencoder,639,0.056889
3,tflite_autoencoder,640,0.056963
3,tflite_autoencoder,641,0.057241
3,tflite_autoencoder,642,0.05724
3,tflite_autoencoder,643,0.056871
3,tflite_autoencoder,644,0.0565
3,tflite_autoencoder,645,0.067851
3,tflite_autoencoder,646,0.05987
3,tflite_autoencoder,647,0.057222
3,tflite_autoencoder,648,0.058
3,tflite_autoencoder,649,0.057519
3,tflite_autoencoder,650,0.058556
3,tflite_autoencoder,651,0.058093
3,tflite_autoencoder,652,0.058425
3,tflite_autoencoder,653,0.057648
3,tflite_autoencoder,654,0.057463
3,tflite_autoencoder,655,0.057185
3,tflite_autoencoder,656,0.057407
3,tflite_autoencoder,657,0.057296
3,tflite_autoencoder,658,0.056963
3,tflite_autoencoder,659,0.057518
3,tflite_autoencoder,660,0.057148
3,tflite_autoencoder,661,0.057426
3,tflite_autoencoder,662,0.05763
3,tflite_autoencoder,663,0.067851
3,tflite_autoencoder,664,0.059555
3,tflite_autoencoder,665,0.057481
3,tflite_autoencoder,666,0.057667
3,tflite_autoencoder,667,0.057241
3,tflite_autoencoder,668,0.058
3,tflite_autoencoder,669,0.057074
3,tflite_autoencoder,670,0.057445
3,tflite_autoencoder,671,0.056963
3,tflite_autoencoder,672,0.057962
3,tflite_autoencoder,673,0.057222
3,tflite_autoencoder,674,0.05837
3,tflite_autoencoder,675,0.057648
3,tflite_autoencoder,676,0.057722
3,tflite_autoencoder,677,0.057334
3,tflite_autoencoder,678,0.057741
3,tflite_autoencoder,679,0.057351
3,tflite_autoencoder,680,0.057056
3,tflite_autoencoder,681,0.057685
3,tflite_autoencoder,682,0.057037
3,tflite_autoencoder,683,0.057148
3,tflite_autoencoder,684,0.057315
3,tflite_autoencoder,685,0.056963
3,tflite_autoencoder,686,0.058019
3,tflite_autoencoder,687,0.05763
3,tflite_autoencoder,688,0.057667
3,tflite_autoencoder,689,0.056871
3,tflite_autoencoder,690,0.057166
3,tflite_autoencoder,691,0.058204
3,tflite_autoencoder,692,0.058333
3,tflite_autoencoder,693,0.056722
3,tflite_autoencoder,694,0.056982
3,tflite_autoencoder,695,0.057537
3,tflite_autoencoder,696,0.057925
3,tflite_autoencoder,697,0.056815
3,tflite_autoencoder,698,0.057297
3,tflite_autoencoder,699,0.057574
3,tflite_autoencoder,700,0.056704
3,tflite_autoencoder,701,0.056667
3,tflite_autoencoder,702,0.057407
3,tflite_autoencoder,703,0.057574
3,tflite_autoencoder,704,0.056907
3,tflite_autoencoder,705,0.057352
3,tflite_autoencoder,706,0.056852
3,tflite_autoencoder,707,0.057111
3,tflite_autoencoder,708,0.057518
3,tflite_autoencoder,709,0.057186
3,tflite_autoencoder,710,0.057426
3,tflite_autoencoder,711,0.057037
3,tflite_autoencoder,712,0.058259
3,tflite_autoencoder,713,0.070722
3,tflite_autoencoder,714,0.060056
3,tflite_autoencoder,715,0.05813
3,tflite_autoencoder,716,0.05724
3,tflite_autoencoder,717,0.058148
3,tflite_autoencoder,718,0.057426
3,tflite_autoencoder,719,0.05737
3,tflite_autoencoder,720,0.057611
3,tflite_autoencoder,721,0.056944
3,tflite_autoencoder,722,0.057982
3,tflite_autoencoder,723,0.057222
3,tflite_autoencoder,724,0.057222
3,tflite_autoencoder,725,0.057222
3,tflite_autoencoder,726,0.056963
3,tflite_autoencoder,727,0.058481
3,tflite_autoencoder,728,0.058407
3,tflite_autoencoder,729,0.058556
3,tflite_autoencoder,730,0.057407
3,tflite_autoencoder,731,0.056888
3,tflite_autoencoder,732,0.057055
3,tflite_autoencoder,733,0.056981
3,tflite_autoencoder,734,0.057074
3,tflite_autoencoder,735,0.057463
3,tflite_autoencoder,736,0.057204
3,tflite_autoencoder,737,0.057944
3,tflite_autoencoder,738,0.05787
3,tflite_autoencoder,739,0.056926
3,tflite_autoencoder,740,0.057444
3,tflite_autoencoder,741,0.057315
3,tflite_autoencoder,742,0.066888
3,tflite_autoencoder,743,0.060074
3,tflite_autoencoder,744,0.058759
3,tflite_autoencoder,745,0.057167
3,tflite_autoencoder,746,0.058055
3,tflite_autoencoder,747,0.058371
3,tflite_autoencoder,748,0.057703
3,tflite_autoencoder,749,0.057944
3,tflite_autoencoder,750,0.056945
3,tflite_autoencoder,751,0.057666
3,tflite_autoencoder,752,0.056796
3,tflite_autoencoder,753,0.057315
3,tflite_autoencoder,754,0.057592
3,tflite_autoencoder,755,0.057019
3,tflite_autoencoder,756,0.057593
3,tflite_autoencoder,757,0.057222
3,tflite_autoencoder,758,0.057667
3,tflite_autoencoder,759,0.057037
3,tflite_autoencoder,761,0.057648
3,tflite_autoencoder,762,0.057037
3,tflite_autoencoder,763,0.057833
3,tflite_autoencoder,764,0.05674
3,tflite_autoencoder,765,0.05713
3,tflite_autoencoder,766,0.057037
3,tflite_autoencoder,767,0.057296
3,tflite_autoencoder,768,0.056703
3,tflite_autoencoder,769,0.057981
3,tflite_autoencoder,770,0.057074
3,tflite_autoencoder,771,0.056537
3,tflite_autoencoder,772,0.056926
3,tflite_autoencoder,773,0.057444
3,tflite_autoencoder,774,0.057092
3,tflite_autoencoder,775,0.056926
3,tflite_autoencoder,776,0.057722
3,tflite_autoencoder,777,0.056981
3,tflite_autoencoder,778,0.057908
3,tflite_autoencoder,779,0.057111
3,tflite_autoencoder,780,0.056648
3,tflite_autoencoder,781,0.057111
3,tflite_autoencoder,782,0.068593
3,tflite_autoencoder,783,0.059111
3,tflite_autoencoder,784,0.058204
3,tflite_autoencoder,785,0.057963
3,tflite_autoencoder,786,0.057129
3,tflite_autoencoder,787,0.057629
3,tflite_autoencoder,788,0.057185
3,tflite_autoencoder,789,0.058093
3,tflite_autoencoder,790,0.057314
3,tflite_autoencoder,791,0.067611
3,tflite_autoencoder,792,0.058073
3,tflite_autoencoder,793,0.056926
3,tflite_autoencoder,794,0.05763
3,tflite_autoencoder,795,0.057574
3,tflite_autoencoder,796,0.056944
3,tflite_autoencoder,797,0.057648
3,tflite_autoencoder,798,0.056852
3,tflite_autoencoder,799,0.057315
3,tflite_autoencoder,800,0.05763
3,tflite_autoencoder,801,0.057593
3,tflite_autoencoder,802,0.056963
3,tflite_autoencoder,803,0.056908
3,tflite_autoencoder,804,0.057407
3,tflite_autoencoder,805,0.057074
3,tflite_autoencoder,806,0.057148
3,tflite_autoencoder,807,0.057
3,tflite_autoencoder,808,0.058093
3,tflite_autoencoder,809,0.057036
3,tflite_autoencoder,810,0.057797
3,tflite_autoencoder,811,0.056889
3,tflite_autoencoder,812,0.057556
3,tflite_autoencoder,813,0.056592
3,tflite_autoencoder,814,0.057888
3,tflite_autoencoder,815,0.058074
3,tflite_autoencoder,816,0.057685
3,tflite_autoencoder,817,0.056944
3,tflite_autoencoder,818,0.057574
3,tflite_autoencoder,819,0.057222
3,tflite_autoencoder,820,0.058037
3,tflite_autoencoder,821,0.057352
3,tflite_autoencoder,822,0.057704
3,tflite_autoencoder,823,0.056999
3,tflite_autoencoder,824,0.057667
3,tflite_autoencoder,825,0.057333
3,tflite_autoencoder,826,0.057945
3,tflite_autoencoder,827,0.057759
3,tflite_autoencoder,828,0.057315
3,tflite_autoencoder,829,0.057037
3,tflite_autoencoder,830,0.057222
3,tflite_autoencoder,831,0.057037
3,tflite_autoencoder,832,0.057407
3,tflite_autoencoder,833,0.056963
3,tflite_autoencoder,834,0.057018
3,tflite_autoencoder,835,0.056741
3,tflite_autoencoder,836,0.056704
3,tflite_autoencoder,837,0.056518
3,tflite_autoencoder,838,0.056463
3,tflite_autoencoder,839,0.057223
3,tflite_autoencoder,840,0.057666
3,tflite_autoencoder,841,0.056426
3,tflite_autoencoder,842,0.056667
3,tflite_autoencoder,843,0.057185
3,tflite_autoencoder,844,0.057389
3,tflite_autoencoder,845,0.056888
3,tflite_autoencoder,846,0.057834
3,tflite_autoencoder,847,0.057204
3,tflite_autoencoder,848,0.057222
3,tflite_autoencoder,849,0.057444
3,tflite_autoencoder,850,0.070814
3,tflite_autoencoder,851,0.062426
3,tflite_autoencoder,852,0.058703
3,tflite_autoencoder,853,0.057963
3,tflite_autoencoder,854,0.05726
3,tflite_autoencoder,855,0.058334
3,tflite_autoencoder,856,0.057148
3,tflite_autoencoder,857,0.0575
3,tflite_autoencoder,858,0.057204
3,tflite_autoencoder,859,0.057555
3,tflite_autoencoder,860,0.056925
3,tflite_autoencoder,861,0.057482
3,tflite_autoencoder,862,0.057685
3,tflite_autoencoder,863,0.057074
3,tflite_autoencoder,864,0.057037
3,tflite_autoencoder,865,0.057259
3,tflite_autoencoder,866,0.057814
3,tflite_autoencoder,867,0.057296
3,tflite_autoencoder,868,0.057445
3,tflite_autoencoder,869,0.056592
3,tflite_autoencoder,870,0.056704
3,tflite_autoencoder,871,0.057203
3,tflite_autoencoder,872,0.057537
3,tflite_autoencoder,873,0.056556
3,tflite_autoencoder,874,0.056574
3,tflite_autoencoder,875,0.05824
3,tflite_autoencoder,876,0.057037
3,tflite_autoencoder,877,0.057426
3,tflite_autoencoder,878,0.056982
3,tflite_autoencoder,879,0.056945
3,tflite_autoencoder,880,0.057334
3,tflite_autoencoder,881,0.057611
3,tflite_autoencoder,882,0.056685
3,tflite_autoencoder,883,0.057203
3,tflite_autoencoder,884,0.056963
3,tflite_autoencoder,885,0.057389
3,tflite_autoencoder,886,0.057426
3,tflite_autoencoder,887,0.056723
3,tflite_autoencoder,888,0.057445
3,tflite_autoencoder,889,0.056907
3,tflite_autoencoder,890,0.058204
3,tflite_autoencoder,891,0.057092
3,tflite_autoencoder,892,0.057037
3,tflite_autoencoder,893,0.057203
3,tflite_autoencoder,894,0.057426
3,tflite_autoencoder,895,0.057759
3,tflite_autoencoder,896,0.058574
3,tflite_autoencoder,897,0.057852
3,tflite_autoencoder,898,0.057407
3,tflite_autoencoder,899,0.057351
3,tflite_autoencoder,900,0.05713
3,tflite_autoencoder,901,0.057611
3,tflite_autoencoder,902,0.057111
3,tflite_autoencoder,903,0.05863
3,tflite_autoencoder,904,0.058
3,tflite_autoencoder,905,0.057815
3,tflite_autoencoder,906,0.057222
3,tflite_autoencoder,907,0.057093
3,tflite_autoencoder,908,0.056834
3,tflite_autoencoder,909,0.058296
3,tflite_autoencoder,910,0.057556
3,tflite_autoencoder,911,0.058223
3,tflite_autoencoder,912,0.057352
3,tflite_autoencoder,913,0.057037
3,tflite_autoencoder,914,0.056963
3,tflite_autoencoder,915,0.058092
3,tflite_autoencoder,916,0.058667
3,tflite_autoencoder,917,0.056703
3,tflite_autoencoder,918,0.078222
3,tflite_autoencoder,919,0.062148
3,tflite_autoencoder,920,0.058907
3,tflite_autoencoder,921,0.057463
3,tflite_autoencoder,922,0.058351
3,tflite_autoencoder,923,0.057963
3,tflite_autoencoder,924,0.057815
3,tflite_autoencoder,925,0.057166
3,tflite_autoencoder,926,0.057907
3,tflite_autoencoder,927,0.057204
3,tflite_autoencoder,928,0.057056
3,tflite_autoencoder,929,0.057611
3,tflite_autoencoder,930,0.057945
3,tflite_autoencoder,931,0.057018
3,tflite_autoencoder,932,0.056703
3,tflite_autoencoder,933,0.057223
3,tflite_autoencoder,934,0.057167
3,tflite_autoencoder,935,0.057574
3,tflite_autoencoder,936,0.056778
3,tflite_autoencoder,937,0.057389
3,tflite_autoencoder,938,0.056574
3,tflite_autoencoder,939,0.057092
3,tflite_autoencoder,940,0.057055
3,tflite_autoencoder,941,0.057167
3,tflite_autoencoder,942,0.05713
3,tflite_autoencoder,943,0.05774
3,tflite_autoencoder,944,0.057
3,tflite_autoencoder,945,0.056851
3,tflite_autoencoder,946,0.057574
3,tflite_autoencoder,947,0.05687
3,tflite_autoencoder,948,0.057203
3,tflite_autoencoder,949,0.056592
3,tflite_autoencoder,950,0.056945
3,tflite_autoencoder,951,0.058019
3,tflite_autoencoder,952,0.058278
3,tflite_autoencoder,953,0.057685
3,tflite_autoencoder,954,0.057222
3,tflite_autoencoder,955,0.057463
3,tflite_autoencoder,956,0.056814
3,tflite_autoencoder,957,0.057388
3,tflite_autoencoder,958,0.057351
3,tflite_autoencoder,959,0.05687
3,tflite_autoencoder,960,0.057148
3,tflite_autoencoder,961,0.057111
3,tflite_autoencoder,962,0.057648
3,tflite_autoencoder,963,0.057222
3,tflite_autoencoder,964,0.056834
3,tflite_autoencoder,965,0.057315
3,tflite_autoencoder,966,0.056908
3,tflite_autoencoder,967,0.057833
3,tflite_autoencoder,968,0.057204
3,tflite_autoencoder,969,0.057037
3,tflite_autoencoder,970,0.057352
3,tflite_autoencoder,971,0.057055
3,tflite_autoencoder,972,0.058388
3,tflite_autoencoder,973,0.056815
3,tflite_autoencoder,974,0.058426
3,tflite_autoencoder,975,0.057074
3,tflite_autoencoder,976,0.057222
3,tflite_autoencoder,977,0.057648
3,tflite_autoencoder,978,0.058296
3,tflite_autoencoder,979,0.057074
3,tflite_autoencoder,980,0.057037
3,tflite_autoencoder,981,0.057629
3,tflite_autoencoder,982,0.057537
3,tflite_autoencoder,983,0.057204
3,tflite_autoencoder,984,0.057148
3,tflite_autoencoder,985,0.058278
3,tflite_autoencoder,986,0.073962
3,tflite_autoencoder,987,0.065315
3,tflite_autoencoder,988,0.058759
3,tflite_autoencoder,989,0.057852
3,tflite_autoencoder,990,0.058222
3,tflite_autoencoder,991,0.057704
3,tflite_autoencoder,992,0.0575
3,tflite_autoencoder,993,0.05813
3,tflite_autoencoder,994,0.059222
3,tflite_autoencoder,995,0.05813
3,tflite_autoencoder,996,0.057259
3,tflite_autoencoder,997,0.05713
3,tflite_autoencoder,998,0.057796
3,tflite_autoencoder,999,0.057259
3,tflite_autoencoder,1000,0.056982
3,tflite_autoencoder,1001,0.057259
3,tflite_autoencoder,1002,0.057166
3,tflite_autoencoder,1003,0.057852
3,tflite_autoencoder,1004,0.057148
3,tflite_autoencoder,1005,0.057074
3,tflite_autoencoder,1006,0.057426
3,tflite_autoencoder,1007,0.056833
3,tflite_autoencoder,1008,0.057555
3,tflite_autoencoder,1009,0.05676
3,tflite_autoencoder,1010,0.059037
3,tflite_autoencoder,1011,0.058092
3,tflite_autoencoder,1012,0.057574
3,tflite_autoencoder,1013,0.057352
3,tflite_autoencoder,1014,0.057
3,tflite_autoencoder,1015,0.056703
3,tflite_autoencoder,1016,0.057259
3,tflite_autoencoder,1017,0.057
3,tflite_autoencoder,1018,0.056778
3,tflite_autoencoder,1019,0.056926
3,tflite_autoencoder,1020,0.057852
3,tflite_autoencoder,1021,0.057037
3,tflite_autoencoder,1022,0.057148
3,tflite_autoencoder,1023,0.056907
3,tflite_autoencoder,1024,0.057593
3,tflite_autoencoder,1025,0.0575
3,tflite_autoencoder,1026,0.056926
3,tflite_autoencoder,1027,0.057129
3,tflite_autoencoder,1028,0.058037
3,tflite_autoencoder,1029,0.057723
3,tflite_autoencoder,1030,0.057481
3,tflite_autoencoder,1031,0.057148
3,tflite_autoencoder,1032,0.057371
3,tflite_autoencoder,1033,0.056981
3,tflite_autoencoder,1034,0.057666
3,tflite_autoencoder,1035,0.057741
3,tflite_autoencoder,1036,0.058148
3,tflite_autoencoder,1037,0.057222
3,tflite_autoencoder,1038,0.057851
3,tflite_autoencoder,1039,0.057092
3,tflite_autoencoder,1040,0.057092
3,tflite_autoencoder,1041,0.057
3,tflite_autoencoder,1042,0.0575
3,tflite_autoencoder,1043,0.057925
3,tflite_autoencoder,1044,0.057685
3,tflite_autoencoder,1045,0.075092
3,tflite_autoencoder,1046,0.062092
3,tflite_autoencoder,1047,0.058055
3,tflite_autoencoder,1048,0.05763
3,tflite_autoencoder,1049,0.057981
3,tflite_autoencoder,1050,0.057685
3,tflite_autoencoder,1051,0.057296
3,tflite_autoencoder,1052,0.057463
3,tflite_autoencoder,1053,0.057556
3,tflite_autoencoder,1054,0.067722
3,tflite_autoencoder,1055,0.059722
3,tflite_autoencoder,1056,0.059203
3,tflite_autoencoder,1057,0.058037
3,tflite_autoencoder,1058,0.057982
3,tflite_autoencoder,1059,0.05837
3,tflite_autoencoder,1060,0.057426
3,tflite_autoencoder,1061,0.057092
3,tflite_autoencoder,1062,0.057814
3,tflite_autoencoder,1063,0.057648
3,tflite_autoencoder,1064,0.057408
3,tflite_autoencoder,1065,0.057
3,tflite_autoencoder,1066,0.057203
3,tflite_autoencoder,1067,0.058259
3,tflite_autoencoder,1068,0.058259
3,tflite_autoencoder,1069,0.057851
3,tflite_autoencoder,1070,0.057703
3,tflite_autoencoder,1071,0.057241
3,tflite_autoencoder,1072,0.057444
3,tflite_autoencoder,1073,0.057296
3,tflite_autoencoder,1074,0.057
3,tflite_autoencoder,1075,0.057463
3,tflite_autoencoder,1076,0.057074
3,tflite_autoencoder,1077,0.057518
3,tflite_autoencoder,1078,0.057463
3,tflite_autoencoder,1079,0.057723
3,tflite_autoencoder,1080,0.058204
3,tflite_autoencoder,1081,0.057148
3,tflite_autoencoder,1082,0.057611
3,tflite_autoencoder,1083,0.05737
3,tflite_autoencoder,1084,0.057389
3,tflite_autoencoder,1085,0.056907
3,tflite_autoencoder,1086,0.058315
3,tflite_autoencoder,1087,0.057055
3,tflite_autoencoder,1088,0.057315
3,tflite_autoencoder,1089,0.057666
3,tflite_autoencoder,1090,0.057778
3,tflite_autoencoder,1091,0.056907
3,tflite_autoencoder,1092,0.058185
3,tflite_autoencoder,1093,0.060018
3,tflite_autoencoder,1094,0.057926
3,tflite_autoencoder,1095,0.057537
3,tflite_autoencoder,1096,0.057907
3,tflite_autoencoder,1097,0.059
3,tflite_autoencoder,1098,0.0585
3,tflite_autoencoder,1099,0.056889
3,tflite_autoencoder,1100,0.058574
3,tflite_autoencoder,1101,0.058166
3,tflite_autoencoder,1102,0.057315
3,tflite_autoencoder,1103,0.058166
3,tflite_autoencoder,1104,0.057704
3,tflite_autoencoder,1105,0.058185
3,tflite_autoencoder,1106,0.05713
3,tflite_autoencoder,1107,0.057037
3,tflite_autoencoder,1108,0.057963
3,tflite_autoencoder,1109,0.057537
3,tflite_autoencoder,1110,0.057611
3,tflite_autoencoder,1111,0.057111
3,tflite_autoencoder,1112,0.05763
3,tflite_autoencoder,1113,0.057445
3,tflite_autoencoder,1114,0.057314
3,tflite_autoencoder,1115,0.058018
3,tflite_autoencoder,1116,0.057833
3,tflite_autoencoder,1117,0.058093
3,tflite_autoencoder,1118,0.057203
3,tflite_autoencoder,1119,0.05737
3,tflite_autoencoder,1120,0.057074
3,tflite_autoencoder,1121,0.05787
3,tflite_autoencoder,1122,0.080389
3,tflite_autoencoder,1123,0.061111
3,tflite_autoencoder,1124,0.058574
3,tflite_autoencoder,1125,0.057945
3,tflite_autoencoder,1126,0.058055
3,tflite_autoencoder,1127,0.057722
3,tflite_autoencoder,1128,0.05824
3,tflite_autoencoder,1129,0.058111
3,tflite_autoencoder,1130,0.058185
3,tflite_autoencoder,1131,0.057222
3,tflite_autoencoder,1132,0.057852
3,tflite_autoencoder,1133,0.057092
3,tflite_autoencoder,1134,0.057277
3,tflite_autoencoder,1135,0.057055
3,tflite_autoencoder,1136,0.057092
3,tflite_autoencoder,1137,0.058352
3,tflite_autoencoder,1138,0.058593
3,tflite_autoencoder,1139,0.058351
3,tflite_autoencoder,1140,0.057111
3,tflite_autoencoder,1141,0.05674
3,tflite_autoencoder,1142,0.057796
3,tflite_autoencoder,1143,0.05774
3,tflite_autoencoder,1144,0.057148
3,tflite_autoencoder,1145,0.058055
3,tflite_autoencoder,1146,0.057518
3,tflite_autoencoder,1147,0.057445
3,tflite_autoencoder,1148,0.056926
3,tflite_autoencoder,1149,0.058445
3,tflite_autoencoder,1150,0.057185
3,tflite_autoencoder,1151,0.057889
3,tflite_autoencoder,1152,0.058796
3,tflite_autoencoder,1153,0.058259
3,tflite_autoencoder,1154,0.057556
3,tflite_autoencoder,1155,0.057074
3,tflite_autoencoder,1156,0.057296
3,tflite_autoencoder,1157,0.057018
3,tflite_autoencoder,1158,0.058
3,tflite_autoencoder,1159,0.057556
3,tflite_autoencoder,1160,0.057704
3,tflite_autoencoder,1161,0.057093
3,tflite_autoencoder,1162,0.057037
3,tflite_autoencoder,1163,0.057926
3,tflite_autoencoder,1164,0.058685
3,tflite_autoencoder,1165,0.057593
3,tflite_autoencoder,1166,0.058019
3,tflite_autoencoder,1167,0.056759
3,tflite_autoencoder,1168,0.057204
3,tflite_autoencoder,1169,0.057259
3,tflite_autoencoder,1170,0.057167
3,tflite_autoencoder,1171,0.057408
3,tflite_autoencoder,1172,0.0665
3,tflite_autoencoder,1173,0.058666
3,tflite_autoencoder,1174,0.057851
3,tflite_autoencoder,1175,0.057741
3,tflite_autoencoder,1176,0.057296
3,tflite_autoencoder,1177,0.057111
3,tflite_autoencoder,1178,0.057574
3,tflite_autoencoder,1179,0.057185
3,tflite_autoencoder,1180,0.056518
3,tflite_autoencoder,1181,0.057555
3,tflite_autoencoder,1182,0.057204
3,tflite_autoencoder,1183,0.057703
3,tflite_autoencoder,1184,0.058833
3,tflite_autoencoder,1185,0.057611
3,tflite_autoencoder,1186,0.056537
3,tflite_autoencoder,1187,0.057481
3,tflite_autoencoder,1188,0.056796
3,tflite_autoencoder,1189,0.066333
3,tflite_autoencoder,1190,0.061407
3,tflite_autoencoder,1191,0.057611
3,tflite_autoencoder,1192,0.057648
3,tflite_autoencoder,1193,0.058037
3,tflite_autoencoder,1194,0.058556
3,tflite_autoencoder,1195,0.057593
3,tflite_autoencoder,1196,0.057055
3,tflite_autoencoder,1197,0.057963
3,tflite_autoencoder,1198,0.057852
3,tflite_autoencoder,1199,0.057945
3,tflite_autoencoder,1200,0.057315
3,tflite_autoencoder,1201,0.057055
3,tflite_autoencoder,1202,0.057019
3,tflite_autoencoder,1203,0.057371
3,tflite_autoencoder,1204,0.057388
3,tflite_autoencoder,1205,0.057055
3,tflite_autoencoder,1206,0.057074
3,tflite_autoencoder,1207,0.057222
3,tflite_autoencoder,1208,0.057296
3,tflite_autoencoder,1209,0.057871
3,tflite_autoencoder,1210,0.056741
3,tflite_autoencoder,1211,0.056833
3,tflite_autoencoder,1212,0.057315
3,tflite_autoencoder,1213,0.057018
3,tflite_autoencoder,1214,0.056667
3,tflite_autoencoder,1215,0.056852
3,tflite_autoencoder,1216,0.057093
3,tflite_autoencoder,1217,0.057777
3,tflite_autoencoder,1218,0.056388
3,tflite_autoencoder,1219,0.056815
3,tflite_autoencoder,1220,0.058352
3,tflite_autoencoder,1221,0.057333
3,tflite_autoencoder,1222,0.057093
3,tflite_autoencoder,1223,0.056926
3,tflite_autoencoder,1224,0.056945
3,tflite_autoencoder,1225,0.058037
3,tflite_autoencoder,1226,0.057314
3,tflite_autoencoder,1227,0.05774
3,tflite_autoencoder,1228,0.057074
3,tflite_autoencoder,1229,0.058797
3,tflite_autoencoder,1230,0.056759
3,tflite_autoencoder,1231,0.057537
3,tflite_autoencoder,1232,0.057222
3,tflite_autoencoder,1233,0.058185
3,tflite_autoencoder,1234,0.057166
3,tflite_autoencoder,1235,0.057667
3,tflite_autoencoder,1236,0.057926
3,tflite_autoencoder,1237,0.057648
3,tflite_autoencoder,1238,0.058352
3,tflite_autoencoder,1239,0.057352
3,tflite_autoencoder,1240,0.057296
3,tflite_autoencoder,1241,0.058148
3,tflite_autoencoder,1242,0.057148
3,tflite_autoencoder,1243,0.057018
3,tflite_autoencoder,1244,0.058111
3,tflite_autoencoder,1245,0.057481
3,tflite_autoencoder,1246,0.058111
3,tflite_autoencoder,1247,0.056888
3,tflite_autoencoder,1248,0.057297
3,tflite_autoencoder,1249,0.056463
3,tflite_autoencoder,1250,0.056129
3,tflite_autoencoder,1251,0.057444
3,tflite_autoencoder,1252,0.057592
3,tflite_autoencoder,1253,0.056852
3,tflite_autoencoder,1254,0.057537
3,tflite_autoencoder,1255,0.058833
3,tflite_autoencoder,1256,0.058481
3,tflite_autoencoder,1257,0.058037
3,tflite_autoencoder,1258,0.068944
3,tflite_autoencoder,1259,0.059037
3,tflite_autoencoder,1260,0.058111
3,tflite_autoencoder,1261,0.058092
3,tflite_autoencoder,1262,0.058277
3,tflite_autoencoder,1263,0.057166
3,tflite_autoencoder,1264,0.05787
3,tflite_autoencoder,1265,0.0595
3,tflite_autoencoder,1266,0.058315
3,tflite_autoencoder,1267,0.05776
3,tflite_autoencoder,1268,0.057223
3,tflite_autoencoder,1269,0.057334
3,tflite_autoencoder,1270,0.057426
3,tflite_autoencoder,1271,0.057296
3,tflite_autoencoder,1272,0.057926
3,tflite_autoencoder,1273,0.057759
3,tflite_autoencoder,1274,0.05737
3,tflite_autoencoder,1275,0.057666
3,tflite_autoencoder,1276,0.057296
3,tflite_autoencoder,1277,0.057278
3,tflite_autoencoder,1278,0.057019
3,tflite_autoencoder,1279,0.058352
3,tflite_autoencoder,1280,0.057056
3,tflite_autoencoder,1281,0.056908
3,tflite_autoencoder,1282,0.057056
3,tflite_autoencoder,1283,0.057333
3,tflite_autoencoder,1284,0.057315
3,tflite_autoencoder,1285,0.057389
3,tflite_autoencoder,1286,0.057482
3,tflite_autoencoder,1287,0.058
3,tflite_autoencoder,1288,0.056944
3,tflite_autoencoder,1289,0.058389
3,tflite_autoencoder,1290,0.05787
3,tflite_autoencoder,1291,0.058074
3,tflite_autoencoder,1292,0.057185
3,tflite_autoencoder,1293,0.057333
3,tflite_autoencoder,1294,0.057074
3,tflite_autoencoder,1295,0.058315
3,tflite_autoencoder,1296,0.057314
3,tflite_autoencoder,1297,0.057704
3,tflite_autoencoder,1298,0.057389
3,tflite_autoencoder,1299,0.068111
3,tflite_autoencoder,1300,0.05924
3,tflite_autoencoder,1301,0.0585
3,tflite_autoencoder,1302,0.057908
3,tflite_autoencoder,1303,0.057537
3,tflite_autoencoder,1304,0.057241
3,tflite_autoencoder,1305,0.056704
3,tflite_autoencoder,1306,0.057093
3,tflite_autoencoder,1307,0.058851
3,tflite_autoencoder,1308,0.057592
3,tflite_autoencoder,1309,0.058333
3,tflite_autoencoder,1310,0.05776
3,tflite_autoencoder,1311,0.057092
3,tflite_autoencoder,1312,0.057389
3,tflite_autoencoder,1313,0.057314
3,tflite_autoencoder,1314,0.058167
3,tflite_autoencoder,1315,0.056759
3,tflite_autoencoder,1316,0.056778
3,tflite_autoencoder,1317,0.056944
3,tflite_autoencoder,1318,0.056944
3,tflite_autoencoder,1319,0.056944
3,tflite_autoencoder,1320,0.057759
3,tflite_autoencoder,1321,0.056852
3,tflite_autoencoder,1322,0.057222
3,tflite_autoencoder,1323,0.057148
3,tflite_autoencoder,1324,0.057797
3,tflite_autoencoder,1325,0.065296
3,tflite_autoencoder,1326,0.062722
3,tflite_autoencoder,1327,0.058555
3,tflite_autoencoder,1328,0.057704
3,tflite_autoencoder,1329,0.058926
3,tflite_autoencoder,1330,0.057111
3,tflite_autoencoder,1331,0.058204
3,tflite_autoencoder,1332,0.057685
3,tflite_autoencoder,1333,0.057814
3,tflite_autoencoder,1334,0.057593
3,tflite_autoencoder,1335,0.056926
3,tflite_autoencoder,1336,0.058241
3,tflite_autoencoder,1337,0.057148
3,tflite_autoencoder,1338,0.057056
3,tflite_autoencoder,1339,0.057111
3,tflite_autoencoder,1340,0.057111
3,tflite_autoencoder,1341,0.057574
3,tflite_autoencoder,1342,0.056759
3,tflite_autoencoder,1343,0.057241
3,tflite_autoencoder,1344,0.057425
3,tflite_autoencoder,1345,0.057092
3,tflite_autoencoder,1346,0.057185
3,tflite_autoencoder,1347,0.057889
3,tflite_autoencoder,1348,0.057204
3,tflite_autoencoder,1349,0.057315
3,tflite_autoencoder,1350,0.057148
3,tflite_autoencoder,1351,0.057648
3,tflite_autoencoder,1352,0.057408
3,tflite_autoencoder,1353,0.057407
3,tflite_autoencoder,1354,0.057167
3,tflite_autoencoder,1355,0.057315
3,tflite_autoencoder,1356,0.057148
3,tflite_autoencoder,1357,0.057037
3,tflite_autoencoder,1358,0.057889
3,tflite_autoencoder,1359,0.057351
3,tflite_autoencoder,1360,0.057667
3,tflite_autoencoder,1361,0.057093
3,tflite_autoencoder,1362,0.058111
3,tflite_autoencoder,1363,0.058537
3,tflite_autoencoder,1364,0.057519
3,tflite_autoencoder,1365,0.057944
3,tflite_autoencoder,1366,0.057277
3,tflite_autoencoder,1367,0.057463
3,tflite_autoencoder,1368,0.057111
3,tflite_autoencoder,1369,0.058296
3,tflite_autoencoder,1370,0.057815
3,tflite_autoencoder,1371,0.057889
3,tflite_autoencoder,1372,0.056926
3,tflite_autoencoder,1373,0.057611
3,tflite_autoencoder,1374,0.057574
3,tflite_autoencoder,1375,0.05787
3,tflite_autoencoder,1376,0.058222
3,tflite_autoencoder,1377,0.057574
3,tflite_autoencoder,1378,0.058019
3,tflite_autoencoder,1379,0.057111
3,tflite_autoencoder,1380,0.057778
3,tflite_autoencoder,1381,0.057111
3,tflite_autoencoder,1382,0.058333
3,tflite_autoencoder,1383,0.058074
3,tflite_autoencoder,1384,0.057407
3,tflite_autoencoder,1385,0.057204
3,tflite_autoencoder,1386,0.057611
3,tflite_autoencoder,1387,0.056704
3,tflite_autoencoder,1388,0.058037
3,tflite_autoencoder,1389,0.057445
3,tflite_autoencoder,1390,0.057111
3,tflite_autoencoder,1391,0.056834
3,tflite_autoencoder,1392,0.057129
3,tflite_autoencoder,1393,0.058
3,tflite_autoencoder,1394,0.070741
3,tflite_autoencoder,1395,0.05887
3,tflite_autoencoder,1396,0.057871
3,tflite_autoencoder,1397,0.057425
3,tflite_autoencoder,1398,0.057389
3,tflite_autoencoder,1399,0.057055
3,tflite_autoencoder,1400,0.058685
3,tflite_autoencoder,1401,0.058333
3,tflite_autoencoder,1402,0.057481
3,tflite_autoencoder,1403,0.057481
3,tflite_autoencoder,1404,0.056981
3,tflite_autoencoder,1405,0.057315
3,tflite_autoencoder,1406,0.057371
3,tflite_autoencoder,1407,0.058667
3,tflite_autoencoder,1408,0.058185
3,tflite_autoencoder,1409,0.05863
3,tflite_autoencoder,1410,0.0575
3,tflite_autoencoder,1411,0.056703
3,tflite_autoencoder,1412,0.056648
3,tflite_autoencoder,1413,0.057
3,tflite_autoencoder,1414,0.057704
3,tflite_autoencoder,1415,0.058555
3,tflite_autoencoder,1416,0.057481
3,tflite_autoencoder,1417,0.056907
3,tflite_autoencoder,1418,0.057074
3,tflite_autoencoder,1419,0.05737
3,tflite_autoencoder,1420,0.056648
3,tflite_autoencoder,1421,0.057037
3,tflite_autoencoder,1422,0.05813
3,tflite_autoencoder,1423,0.057074
3,tflite_autoencoder,1424,0.058055
3,tflite_autoencoder,1425,0.058333
3,tflite_autoencoder,1426,0.070759
3,tflite_autoencoder,1427,0.062426
3,tflite_autoencoder,1428,0.0585
3,tflite_autoencoder,1429,0.058092
3,tflite_autoencoder,1430,0.057463
3,tflite_autoencoder,1431,0.058
3,tflite_autoencoder,1432,0.057722
3,tflite_autoencoder,1433,0.057611
3,tflite_autoencoder,1434,0.057037
3,tflite_autoencoder,1435,0.057963
3,tflite_autoencoder,1436,0.057371
3,tflite_autoencoder,1437,0.058
3,tflite_autoencoder,1438,0.058426
3,tflite_autoencoder,1439,0.057926
3,tflite_autoencoder,1440,0.057537
3,tflite_autoencoder,1441,0.057463
3,tflite_autoencoder,1442,0.057037
3,tflite_autoencoder,1443,0.057371
3,tflite_autoencoder,1444,0.058314
3,tflite_autoencoder,1445,0.0575
3,tflite_autoencoder,1446,0.057519
3,tflite_autoencoder,1447,0.057018
3,tflite_autoencoder,1448,0.056796
3,tflite_autoencoder,1449,0.057722
3,tflite_autoencoder,1450,0.058
3,tflite_autoencoder,1451,0.057445
3,tflite_autoencoder,1452,0.057074
3,tflite_autoencoder,1453,0.057055
3,tflite_autoencoder,1454,0.058166
3,tflite_autoencoder,1455,0.057685
3,tflite_autoencoder,1456,0.05737
3,tflite_autoencoder,1457,0.056796
3,tflite_autoencoder,1458,0.057277
3,tflite_autoencoder,1459,0.057223
3,tflite_autoencoder,1460,0.057426
3,tflite_autoencoder,1461,0.073889
3,tflite_autoencoder,1462,0.074296
3,tflite_autoencoder,1463,0.062481
3,tflite_autoencoder,1464,0.059944
3,tflite_autoencoder,1465,0.058371
3,tflite_autoencoder,1466,0.05837
3,tflite_autoencoder,1467,0.058092
3,tflite_autoencoder,1468,0.058352
3,tflite_autoencoder,1469,0.059574
3,tflite_autoencoder,1470,0.057871
3,tflite_autoencoder,1471,0.057425
3,tflite_autoencoder,1472,0.059518
3,tflite_autoencoder,1473,0.057778
3,tflite_autoencoder,1474,0.058278
3,tflite_autoencoder,1475,0.05787
3,tflite_autoencoder,1476,0.056814
3,tflite_autoencoder,1477,0.057556
3,tflite_autoencoder,1478,0.058278
3,tflite_autoencoder,1479,0.057629
3,tflite_autoencoder,1480,0.0575
3,tflite_autoencoder,1481,0.057296
3,tflite_autoencoder,1482,0.058092
3,tflite_autoencoder,1483,0.057334
3,tflite_autoencoder,1484,0.058407
3,tflite_autoencoder,1485,0.058222
3,tflite_autoencoder,1486,0.059
3,tflite_autoencoder,1487,0.059555
3,tflite_autoencoder,1488,0.058204
3,tflite_autoencoder,1489,0.058277
3,tflite_autoencoder,1490,0.05774
3,tflite_autoencoder,1491,0.057481
3,tflite_autoencoder,1492,0.057222
3,tflite_autoencoder,1493,0.057037
3,tflite_autoencoder,1494,0.056926
3,tflite_autoencoder,1495,0.058093
3,tflite_autoencoder,1496,0.057462
3,tflite_autoencoder,1497,0.058481
3,tflite_autoencoder,1498,0.057556
3,tflite_autoencoder,1499,0.057778
3,tflite_autoencoder,1500,0.057389
3,tflite_autoencoder,1501,0.056852
3,tflite_autoencoder,1502,0.057685
3,tflite_autoencoder,1503,0.057888
3,tflite_autoencoder,1504,0.057315
3,tflite_autoencoder,1505,0.057055
3,tflite_autoencoder,1506,0.056963
3,tflite_autoencoder,1507,0.057111
3,tflite_autoencoder,1508,0.056981
3,tflite_autoencoder,1509,0.05687
3,tflite_autoencoder,1510,0.057259
3,tflite_autoencoder,1511,0.057333
3,tflite_autoencoder,1512,0.057648
3,tflite_autoencoder,1513,0.057019
3,tflite_autoencoder,1514,0.05763
3,tflite_autoencoder,1515,0.05676
3,tflite_autoencoder,1516,0.056944
3,tflite_autoencoder,1517,0.056703
3,tflite_autoencoder,1518,0.05787
3,tflite_autoencoder,1519,0.056889
3,tflite_autoencoder,1520,0.057111
3,tflite_autoencoder,1521,0.057908
3,tflite_autoencoder,1522,0.058037
3,tflite_autoencoder,1523,0.057
3,tflite_autoencoder,1524,0.058259
3,tflite_autoencoder,1525,0.056852
3,tflite_autoencoder,1526,0.058481
3,tflite_autoencoder,1527,0.057111
3,tflite_autoencoder,1528,0.057629
3,tflite_autoencoder,1529,0.073926
3,tflite_autoencoder,1530,0.059481
3,tflite_autoencoder,1531,0.058945
3,tflite_autoencoder,1532,0.058463
3,tflite_autoencoder,1533,0.057944
3,tflite_autoencoder,1534,0.057481
3,tflite_autoencoder,1535,0.057574
3,tflite_autoencoder,1536,0.057018
3,tflite_autoencoder,1537,0.056981
3,tflite_autoencoder,1538,0.058759
3,tflite_autoencoder,1539,0.058389
3,tflite_autoencoder,1540,0.058167
3,tflite_autoencoder,1541,0.057445
3,tflite_autoencoder,1542,0.05674
3,tflite_autoencoder,1543,0.057167
3,tflite_autoencoder,1544,0.05726
3,tflite_autoencoder,1545,0.057611
3,tflite_autoencoder,1546,0.056574
3,tflite_autoencoder,1547,0.056797
3,tflite_autoencoder,1548,0.057814
3,tflite_autoencoder,1549,0.05787
3,tflite_autoencoder,1550,0.056908
3,tflite_autoencoder,1551,0.057814
3,tflite_autoencoder,1552,0.057
3,tflite_autoencoder,1553,0.066444
3,tflite_autoencoder,1554,0.059518
3,tflite_autoencoder,1555,0.058611
3,tflite_autoencoder,1556,0.057222
3,tflite_autoencoder,1557,0.057907
3,tflite_autoencoder,1558,0.057074
3,tflite_autoencoder,1559,0.057778
3,tflite_autoencoder,1560,0.057204
3,tflite_autoencoder,1561,0.058388
3,tflite_autoencoder,1562,0.057926
3,tflite_autoencoder,1563,0.058648
3,tflite_autoencoder,1564,0.057296
3,tflite_autoencoder,1565,0.057463
3,tflite_autoencoder,1566,0.057352
3,tflite_autoencoder,1567,0.05676
3,tflite_autoencoder,1568,0.058129
3,tflite_autoencoder,1569,0.057723
3,tflite_autoencoder,1570,0.058
3,tflite_autoencoder,1571,0.056926
3,tflite_autoencoder,1572,0.057315
3,tflite_autoencoder,1573,0.056222
3,tflite_autoencoder,1574,0.057037
3,tflite_autoencoder,1575,0.057056
3,tflite_autoencoder,1576,0.057703
3,tflite_autoencoder,1577,0.057315
3,tflite_autoencoder,1578,0.058297
3,tflite_autoencoder,1579,0.057685
3,tflite_autoencoder,1580,0.057481
3,tflite_autoencoder,1581,0.056889
3,tflite_autoencoder,1582,0.057445
3,tflite_autoencoder,1583,0.05687
3,tflite_autoencoder,1584,0.058092
3,tflite_autoencoder,1585,0.056703
3,tflite_autoencoder,1586,0.058315
3,tflite_autoencoder,1587,0.057
3,tflite_autoencoder,1588,0.056759
3,tflite_autoencoder,1589,0.057019
3,tflite_autoencoder,1590,0.057592
3,tflite_autoencoder,1591,0.057204
3,tflite_autoencoder,1592,0.057852
3,tflite_autoencoder,1593,0.057
3,tflite_autoencoder,1594,0.058204
3,tflite_autoencoder,1595,0.058444
3,tflite_autoencoder,1596,0.057926
3,tflite_autoencoder,1597,0.071593
3,tflite_autoencoder,1598,0.059296
3,tflite_autoencoder,1599,0.057388
3,tflite_autoencoder,1600,0.057463
3,tflite_autoencoder,1601,0.057537
3,tflite_autoencoder,1602,0.058611
3,tflite_autoencoder,1603,0.057352
3,tflite_autoencoder,1604,0.057537
3,tflite_autoencoder,1605,0.057074
3,tflite_autoencoder,1606,0.05674
3,tflite_autoencoder,1607,0.0585
3,tflite_autoencoder,1608,0.057518
3,tflite_autoencoder,1609,0.057925
3,tflite_autoencoder,1610,0.057666
3,tflite_autoencoder,1611,0.057814
3,tflite_autoencoder,1612,0.05824
3,tflite_autoencoder,1613,0.057092
3,tflite_autoencoder,1614,0.057759
3,tflite_autoencoder,1615,0.057278
3,tflite_autoencoder,1616,0.05726
3,tflite_autoencoder,1617,0.057574
3,tflite_autoencoder,1618,0.056982
3,tflite_autoencoder,1619,0.057055
3,tflite_autoencoder,1620,0.057167
3,tflite_autoencoder,1621,0.056685
3,tflite_autoencoder,1622,0.057389
3,tflite_autoencoder,1623,0.057797
3,tflite_autoencoder,1624,0.057259
3,tflite_autoencoder,1625,0.056796
3,tflite_autoencoder,1626,0.063185
3,tflite_autoencoder,1627,0.058186
3,tflite_autoencoder,1628,0.058426
3,tflite_autoencoder,1629,0.058425
3,tflite_autoencoder,1630,0.057592
3,tflite_autoencoder,1631,0.057556
3,tflite_autoencoder,1632,0.057723
3,tflite_autoencoder,1633,0.057741
3,tflite_autoencoder,1634,0.057222
3,tflite_autoencoder,1635,0.058111
3,tflite_autoencoder,1636,0.057241
3,tflite_autoencoder,1637,0.056999
3,tflite_autoencoder,1638,0.057129
3,tflite_autoencoder,1639,0.056871
3,tflite_autoencoder,1640,0.058611
3,tflite_autoencoder,1641,0.057296
3,tflite_autoencoder,1642,0.05776
3,tflite_autoencoder,1643,0.057037
3,tflite_autoencoder,1644,0.057444
3,tflite_autoencoder,1645,0.057463
3,tflite_autoencoder,1646,0.0575
3,tflite_autoencoder,1647,0.057518
3,tflite_autoencoder,1648,0.057482
3,tflite_autoencoder,1649,0.05737
3,tflite_autoencoder,1650,0.057037
3,tflite_autoencoder,1651,0.057055
3,tflite_autoencoder,1652,0.057537
3,tflite_autoencoder,1653,0.057648
3,tflite_autoencoder,1654,0.056944
3,tflite_autoencoder,1655,0.05724
3,tflite_autoencoder,1656,0.057629
3,tflite_autoencoder,1657,0.057389
3,tflite_autoencoder,1658,0.058278
3,tflite_autoencoder,1659,0.059019
3,tflite_autoencoder,1660,0.058315
3,tflite_autoencoder,1661,0.058574
3,tflite_autoencoder,1662,0.057352
3,tflite_autoencoder,1663,0.057259
3,tflite_autoencoder,1664,0.056537
3,tflite_autoencoder,1665,0.070482
3,tflite_autoencoder,1666,0.059092
3,tflite_autoencoder,1667,0.057685
3,tflite_autoencoder,1668,0.058148
3,tflite_autoencoder,1669,0.057741
3,tflite_autoencoder,1670,0.057537
3,tflite_autoencoder,1671,0.057796
3,tflite_autoencoder,1672,0.057018
3,tflite_autoencoder,1673,0.058222
3,tflite_autoencoder,1674,0.057482
3,tflite_autoencoder,1675,0.057241
3,tflite_autoencoder,1676,0.057166
3,tflite_autoencoder,1677,0.058667
3,tflite_autoencoder,1678,0.057426
3,tflite_autoencoder,1679,0.057204
3,tflite_autoencoder,1680,0.066167
3,tflite_autoencoder,1681,0.057796
3,tflite_autoencoder,1682,0.057296
3,tflite_autoencoder,1683,0.057703
3,tflite_autoencoder,1684,0.056926
3,tflite_autoencoder,1685,0.057296
3,tflite_autoencoder,1686,0.057074
3,tflite_autoencoder,1687,0.057111
3,tflite_autoencoder,1688,0.057797
3,tflite_autoencoder,1689,0.057222
3,tflite_autoencoder,1690,0.056926
3,tflite_autoencoder,1691,0.058481
3,tflite_autoencoder,1692,0.057759
3,tflite_autoencoder,1693,0.0575
3,tflite_autoencoder,1694,0.056722
3,tflite_autoencoder,1695,0.056833
3,tflite_autoencoder,1696,0.057444
3,tflite_autoencoder,1697,0.057833
3,tflite_autoencoder,1698,0.058444
3,tflite_autoencoder,1699,0.056889
3,tflite_autoencoder,1700,0.057167
3,tflite_autoencoder,1701,0.056537
3,tflite_autoencoder,1702,0.057518
3,tflite_autoencoder,1703,0.058759
3,tflite_autoencoder,1704,0.057444
3,tflite_autoencoder,1705,0.056518
3,tflite_autoencoder,1706,0.057
3,tflite_autoencoder,1707,0.057741
3,tflite_autoencoder,1708,0.057166
3,tflite_autoencoder,1709,0.056611
3,tflite_autoencoder,1710,0.056926
3,tflite_autoencoder,1711,0.056815
3,tflite_autoencoder,1712,0.057296
3,tflite_autoencoder,1713,0.057593
3,tflite_autoencoder,1714,0.056722
3,tflite_autoencoder,1715,0.057148
3,tflite_autoencoder,1716,0.058426
3,tflite_autoencoder,1717,0.058093
3,tflite_autoencoder,1718,0.058519
3,tflite_autoencoder,1719,0.056834
3,tflite_autoencoder,1720,0.056889
3,tflite_autoencoder,1721,0.05763
3,tflite_autoencoder,1722,0.056778
3,tflite_autoencoder,1723,0.057425
3,tflite_autoencoder,1724,0.057556
3,tflite_autoencoder,1725,0.056945
3,tflite_autoencoder,1726,0.057648
3,tflite_autoencoder,1727,0.056833
3,tflite_autoencoder,1728,0.056944
3,tflite_autoencoder,1729,0.057851
3,tflite_autoencoder,1730,0.057259
3,tflite_autoencoder,1731,0.057296
3,tflite_autoencoder,1732,0.056741
3,tflite_autoencoder,1733,0.071574
3,tflite_autoencoder,1734,0.06013
3,tflite_autoencoder,1735,0.058296
3,tflite_autoencoder,1736,0.057704
3,tflite_autoencoder,1737,0.058611
3,tflite_autoencoder,1738,0.058315
3,tflite_autoencoder,1739,0.056741
3,tflite_autoencoder,1740,0.057667
3,tflite_autoencoder,1741,0.057407
3,tflite_autoencoder,1742,0.056907
3,tflite_autoencoder,1743,0.057963
3,tflite_autoencoder,1744,0.056556
3,tflite_autoencoder,1745,0.056704
3,tflite_autoencoder,1746,0.056481
3,tflite_autoencoder,1747,0.056982
3,tflite_autoencoder,1748,0.057611
3,tflite_autoencoder,1749,0.057352
3,tflite_autoencoder,1750,0.057018
3,tflite_autoencoder,1751,0.057296
3,tflite_autoencoder,1752,0.057999
3,tflite_autoencoder,1753,0.057352
3,tflite_autoencoder,1754,0.058111
3,tflite_autoencoder,1755,0.057796
3,tflite_autoencoder,1756,0.056981
3,tflite_autoencoder,1757,0.056908
3,tflite_autoencoder,1758,0.057741
3,tflite_autoencoder,1759,0.056778
3,tflite_autoencoder,1760,0.058074
3,tflite_autoencoder,1761,0.056685
3,tflite_autoencoder,1762,0.057019
3,tflite_autoencoder,1763,0.0575
3,tflite_autoencoder,1764,0.057
3,tflite_autoencoder,1765,0.057333
3,tflite_autoencoder,1766,0.057593
3,tflite_autoencoder,1767,0.056759
3,tflite_autoencoder,1768,0.057796
3,tflite_autoencoder,1769,0.056796
3,tflite_autoencoder,1770,0.058222
3,tflite_autoencoder,1771,0.056593
3,tflite_autoencoder,1772,0.057426
3,tflite_autoencoder,1773,0.056963
3,tflite_autoencoder,1774,0.056944
3,tflite_autoencoder,1775,0.057407
3,tflite_autoencoder,1776,0.0565
3,tflite_autoencoder,1777,0.057408
3,tflite_autoencoder,1778,0.056611
3,tflite_autoencoder,1779,0.057222
3,tflite_autoencoder,1780,0.05724
3,tflite_autoencoder,1781,0.05624
3,tflite_autoencoder,1782,0.056963
3,tflite_autoencoder,1783,0.05663
3,tflite_autoencoder,1784,0.056852
3,tflite_autoencoder,1785,0.056851
3,tflite_autoencoder,1786,0.056981
3,tflite_autoencoder,1787,0.057481
3,tflite_autoencoder,1788,0.056518
3,tflite_autoencoder,1789,0.057
3,tflite_autoencoder,1790,0.058259
3,tflite_autoencoder,1791,0.057963
3,tflite_autoencoder,1792,0.0585
3,tflite_autoencoder,1793,0.056407
3,tflite_autoencoder,1794,0.057407
3,tflite_autoencoder,1795,0.057537
3,tflite_autoencoder,1796,0.057074
3,tflite_autoencoder,1797,0.057741
3,tflite_autoencoder,1798,0.057223
3,tflite_autoencoder,1799,0.056908
3,tflite_autoencoder,1800,0.057278
3,tflite_autoencoder,1801,0.076574
3,tflite_autoencoder,1802,0.064037
3,tflite_autoencoder,1803,0.059426
3,tflite_autoencoder,1804,0.057741
3,tflite_autoencoder,1805,0.058037
4,isolation_forest,1,13.081666
4,isolation_forest,2,13.058351
4,isolation_forest,3,12.921815
4,isolation_forest,4,12.924815
4,isolation_forest,5,12.973685
4,isolation_forest,6,12.822168
4,isolation_forest,7,12.883482
4,isolation_forest,8,12.871797
4,isolation_forest,9,12.963611
4,isolation_forest,10,12.998408
4,isolation_forest,11,12.927982
4,isolation_forest,12,12.918982
4,isolation_forest,13,13.065759
4,isolation_forest,14,13.06374
4,isolation_forest,15,13.001334
4,isolation_forest,16,13.030149
4,isolation_forest,17,12.961907
4,isolation_forest,18,12.931204
4,isolation_forest,19,13.084686
4,isolation_forest,20,12.917278
4,isolation_forest,21,12.926186
4,isolation_forest,22,12.849371
4,isolation_forest,23,13.769591
4,isolation_forest,24,13.53137
4,isolation_forest,25,13.256037
4,isolation_forest,26,13.188778
4,isolation_forest,27,13.024222
4,isolation_forest,28,13.003259
4,isolation_forest,29,13.060537
4,isolation_forest,30,13.793907
4,isolation_forest,31,15.028812
4,isolation_forest,32,13.998462
4,isolation_forest,33,13.604055
4,isolation_forest,34,13.627518
4,isolation_forest,35,13.439148
4,isolation_forest,36,13.335444
4,isolation_forest,37,13.321907
4,isolation_forest,38,13.798036
4,isolation_forest,39,15.198201
4,isolation_forest,40,14.718757
4,isolation_forest,41,13.882777
4,isolation_forest,42,13.132796
4,isolation_forest,43,13.171278
4,isolation_forest,44,13.100481
4,isolation_forest,45,13.088722
4,isolation_forest,46,13.220907
4,isolation_forest,47,13.205037
4,isolation_forest,48,13.213666
4,isolation_forest,49,13.053426
4,isolation_forest,50,12.980223
4,isolation_forest,51,12.902908
4,isolation_forest,52,13.729592
4,isolation_forest,53,13.116538
4,isolation_forest,54,13.157111
4,isolation_forest,55,12.945445
4,isolation_forest,56,13.034871
4,isolation_forest,57,12.945223
4,isolation_forest,58,13.376296
4,isolation_forest,59,13.414481
4,isolation_forest,60,13.250482
4,isolation_forest,61,13.099426
4,isolation_forest,62,13.504777
4,isolation_forest,63,14.070517
4,isolation_forest,64,13.708481
4,isolation_forest,65,13.600425
4,isolation_forest,66,13.311036
4,isolation_forest,67,13.218908
4,isolation_forest,68,13.131167
4,isolation_forest,69,13.234
4,isolation_forest,70,14.154073
4,isolation_forest,71,13.880888
4,isolation_forest,72,13.304148
4,isolation_forest,73,13.31874
4,isolation_forest,74,13.369499
4,isolation_forest,75,13.235537
4,isolation_forest,76,14.208129
4,isolation_forest,77,13.932684
4,isolation_forest,78,13.131166
4,isolation_forest,79,13.031575
4,isolation_forest,80,13.128629
4,isolation_forest,81,13.017111
4,isolation_forest,82,12.828111
4,isolation_forest,83,14.199832
4,isolation_forest,84,15.072312
4,isolation_forest,85,14.37559
4,isolation_forest,86,13.703444
4,isolation_forest,87,13.359018
4,isolation_forest,88,13.262463
4,isolation_forest,89,13.188204
4,isolation_forest,90,13.202537
4,isolation_forest,91,13.189982
4,isolation_forest,92,13.177074
4,isolation_forest,93,13.156759
4,isolation_forest,94,13.144759
4,isolation_forest,95,13.030649
4,isolation_forest,96,13.064408
4,isolation_forest,97,12.939852
4,isolation_forest,98,12.988778
4,isolation_forest,99,13.136852
4,isolation_forest,100,13.088315
4,isolation_forest,101,13.075778
4,isolation_forest,102,13.024315
4,isolation_forest,103,13.085333
4,isolation_forest,104,13.071334
4,isolation_forest,105,12.946
4,isolation_forest,106,12.905259
4,isolation_forest,107,12.984371
4,isolation_forest,108,12.922111
4,isolation_forest,109,12.90576
4,isolation_forest,110,12.980445
4,isolation_forest,111,12.910389
4,isolation_forest,112,12.90676
4,isolation_forest,113,12.962186
4,isolation_forest,114,13.041204
4,isolation_forest,115,12.914204
4,isolation_forest,116,12.951093
4,isolation_forest,117,12.893834
4,isolation_forest,118,13.015556
4,isolation_forest,119,13.022797
4,isolation_forest,120,12.939704
4,isolation_forest,121,12.941926
4,isolation_forest,122,13.043889
4,isolation_forest,123,12.97637
4,isolation_forest,124,12.847278
4,isolation_forest,125,12.900796
4,isolation_forest,126,12.81239
4,isolation_forest,127,12.807537
4,isolation_forest,128,12.725575
4,isolation_forest,129,14.655294
4,isolation_forest,130,14.71648
4,isolation_forest,131,14.324461
4,isolation_forest,132,13.477333
4,isolation_forest,133,13.121333
4,isolation_forest,134,13.852147
4,isolation_forest,135,13.077315
4,isolation_forest,136,13.03276
4,isolation_forest,137,12.995593
4,isolation_forest,138,12.908297
4,isolation_forest,139,12.900167
4,isolation_forest,140,12.875797
4,isolation_forest,141,12.84513
4,isolation_forest,142,12.962611
4,isolation_forest,143,12.830463
4,isolation_forest,144,12.871241
4,isolation_forest,145,13.584574
4,isolation_forest,146,13.987332
4,isolation_forest,147,13.084352
4,isolation_forest,148,13.113426
4,isolation_forest,149,13.038333
4,isolation_forest,150,13.03913
4,isolation_forest,151,13.083241
4,isolation_forest,152,13.015185
4,isolation_forest,153,12.888871
4,isolation_forest,154,12.816852
4,isolation_forest,155,12.751167
4,isolation_forest,156,12.935944
4,isolation_forest,157,12.872501
4,isolation_forest,158,12.875001
4,isolation_forest,159,18.211623
4,isolation_forest,160,15.693959
4,isolation_forest,161,14.48122
4,isolation_forest,162,16.485014
4,isolation_forest,163,13.945554
4,isolation_forest,164,13.352592
4,isolation_forest,165,13.168278
4,isolation_forest,166,13.17087
4,isolation_forest,167,13.019667
4,isolation_forest,168,13.164407
4,isolation_forest,169,13.155074
4,isolation_forest,170,12.990278
4,isolation_forest,171,12.96987
4,isolation_forest,172,12.992501
4,isolation_forest,173,13.680314
4,isolation_forest,174,15.114645
4,isolation_forest,175,14.414332
4,isolation_forest,176,13.880499
4,isolation_forest,177,13.189537
4,isolation_forest,178,13.163815
4,isolation_forest,179,13.03426
4,isolation_forest,180,13.168908
4,isolation_forest,181,13.025797
4,isolation_forest,182,13.030834
4,isolation_forest,183,12.98739
4,isolation_forest,184,12.92276
4,isolation_forest,185,12.907038
4,isolation_forest,186,12.847
4,isolation_forest,187,12.792278
4,isolation_forest,188,12.877556
4,isolation_forest,189,14.444128
4,isolation_forest,190,14.237147
4,isolation_forest,191,13.252556
4,isolation_forest,192,13.078593
4,isolation_forest,193,13.179371
4,isolation_forest,194,13.137149
4,isolation_forest,195,13.078352
4,isolation_forest,196,12.9915
4,isolation_forest,197,12.998575
4,isolation_forest,198,13.345259
4,isolation_forest,199,13.296889
4,isolation_forest,200,13.197537
4,isolation_forest,201,13.154666
4,isolation_forest,202,13.210074
4,isolation_forest,203,13.299759
4,isolation_forest,204,13.230519
4,isolation_forest,205,13.045037
4,isolation_forest,206,13.042315
4,isolation_forest,207,12.966408
4,isolation_forest,208,13.24037
4,isolation_forest,209,13.73824
4,isolation_forest,210,13.375259
4,isolation_forest,211,13.217648
4,isolation_forest,212,13.157
4,isolation_forest,213,13.086797
4,isolation_forest,214,12.961278
4,isolation_forest,215,13.003538
4,isolation_forest,216,13.682425
4,isolation_forest,217,12.974908
4,isolation_forest,218,13.630777
4,isolation_forest,219,15.161572
4,isolation_forest,220,14.616109
4,isolation_forest,221,14.187795
4,isolation_forest,222,14.187072
4,isolation_forest,223,13.40537
4,isolation_forest,224,13.181463
4,isolation_forest,225,13.540907
4,isolation_forest,226,13.221241
4,isolation_forest,227,13.04813
4,isolation_forest,228,13.086241
4,isolation_forest,229,12.959723
4,isolation_forest,230,12.885593
4,isolation_forest,231,12.855834
4,isolation_forest,232,12.812371
4,isolation_forest,233,12.837556
4,isolation_forest,234,12.947779
4,isolation_forest,235,13.005167
4,isolation_forest,236,12.863816
4,isolation_forest,237,13.012797
4,isolation_forest,238,12.96189
4,isolation_forest,239,13.012352
4,isolation_forest,240,12.965963
4,isolation_forest,241,12.994019
4,isolation_forest,242,12.893111
4,isolation_forest,243,12.805408
4,isolation_forest,244,13.066056
4,isolation_forest,245,13.145389
4,isolation_forest,246,12.953074
4,isolation_forest,247,12.860483
4,isolation_forest,248,12.975741
4,isolation_forest,249,12.913593
4,isolation_forest,250,12.805297
4,isolation_forest,251,12.918685
4,isolation_forest,252,13.154574
4,isolation_forest,253,13.169963
4,isolation_forest,254,13.052889
4,isolation_forest,255,13.126574
4,isolation_forest,256,13.00876
4,isolation_forest,257,13.028037
4,isolation_forest,258,13.017408
4,isolation_forest,259,12.888205
4,isolation_forest,260,12.852445
4,isolation_forest,261,12.848834
4,isolation_forest,262,12.78013
4,isolation_forest,263,12.787094
4,isolation_forest,264,13.901296
4,isolation_forest,265,15.286294
4,isolation_forest,266,14.303795
4,isolation_forest,267,13.69311
4,isolation_forest,268,13.198334
4,isolation_forest,269,13.201815
4,isolation_forest,270,13.044481
4,isolation_forest,271,12.932371
4,isolation_forest,272,13.009149
4,isolation_forest,273,12.978204
4,isolation_forest,274,12.955482
4,isolation_forest,275,13.020186
4,isolation_forest,276,13.064537
4,isolation_forest,277,12.878389
4,isolation_forest,278,12.838611
4,isolation_forest,279,12.933333
4,isolation_forest,280,13.136537
4,isolation_forest,281,13.104852
4,isolation_forest,282,13.026315
4,isolation_forest,283,12.876538
4,isolation_forest,284,13.093
4,isolation_forest,285,13.059834
4,isolation_forest,286,12.968464
4,isolation_forest,287,12.862927
4,isolation_forest,288,12.884352
4,isolation_forest,289,12.862945
4,isolation_forest,290,12.887296
4,isolation_forest,291,12.822371
4,isolation_forest,292,12.701427
4,isolation_forest,293,12.697852
4,isolation_forest,294,12.779909
4,isolation_forest,295,12.81363
4,isolation_forest,296,13.832092
4,isolation_forest,297,14.058147
4,isolation_forest,298,13.914999
4,isolation_forest,299,13.208574
4,isolation_forest,300,13.25113
4,isolation_forest,301,13.167722
4,isolation_forest,302,13.777684
4,isolation_forest,303,14.065961
4,isolation_forest,304,13.494092
4,isolation_forest,305,13.233833
4,isolation_forest,306,13.073222
4,isolation_forest,307,13.016296
4,isolation_forest,308,13.007444
4,isolation_forest,309,13.554204
4,isolation_forest,310,14.874461
4,isolation_forest,311,14.359443
4,isolation_forest,312,14.089814
4,isolation_forest,313,13.190611
4,isolation_forest,314,13.149111
4,isolation_forest,315,13.039111
4,isolation_forest,316,13.042667
4,isolation_forest,317,13.022407
4,isolation_forest,318,12.94763
4,isolation_forest,319,12.931945
4,isolation_forest,320,13.049315
4,isolation_forest,321,12.976241
4,isolation_forest,322,12.967278
4,isolation_forest,323,12.957464
4,isolation_forest,324,12.790038
4,isolation_forest,325,13.003075
4,isolation_forest,326,12.984759
4,isolation_forest,327,12.880185
4,isolation_forest,328,12.852778
4,isolation_forest,329,12.787612
4,isolation_forest,330,12.884593
4,isolation_forest,331,12.845371
4,isolation_forest,332,12.915241
4,isolation_forest,333,12.846112
4,isolation_forest,334,12.856149
4,isolation_forest,335,13.419704
4,isolation_forest,336,13.708463
4,isolation_forest,337,13.335611
4,isolation_forest,338,13.208296
4,isolation_forest,339,13.162389
4,isolation_forest,340,13.065204
4,isolation_forest,341,12.999833
4,isolation_forest,342,13.019
4,isolation_forest,343,12.924871
4,isolation_forest,344,12.827482
4,isolation_forest,345,13.0085
4,isolation_forest,346,12.964482
4,isolation_forest,347,12.917149
4,isolation_forest,348,12.920056
4,isolation_forest,349,13.092463
4,isolation_forest,350,12.998019
4,isolation_forest,351,12.917963
4,isolation_forest,352,12.893741
4,isolation_forest,353,12.858519
4,isolation_forest,354,12.810352
4,isolation_forest,355,13.492278
4,isolation_forest,356,15.064701
4,isolation_forest,357,14.434017
4,isolation_forest,358,13.946277
4,isolation_forest,359,13.178352
4,isolation_forest,360,13.105908
4,isolation_forest,361,13.058222
4,isolation_forest,362,13.029685
4,isolation_forest,363,12.973241
4,isolation_forest,364,13.147908
4,isolation_forest,365,13.196148
4,isolation_forest,366,13.092704
4,isolation_forest,367,12.953556
4,isolation_forest,368,12.920093
4,isolation_forest,369,12.873149
4,isolation_forest,370,12.888186
4,isolation_forest,371,13.206241
4,isolation_forest,372,13.869
4,isolation_forest,373,13.638444
4,isolation_forest,374,13.183945
4,isolation_forest,375,13.025111
4,isolation_forest,376,13.046186
4,isolation_forest,377,12.994093
4,isolation_forest,378,12.99487
4,isolation_forest,379,12.98076
4,isolation_forest,380,13.552481
4,isolation_forest,381,13.013149
4,isolation_forest,382,12.884983
4,isolation_forest,383,12.873316
4,isolation_forest,384,13.584832
4,isolation_forest,385,13.412241
4,isolation_forest,386,13.543371
4,isolation_forest,387,13.47387
4,isolation_forest,388,13.281481
4,isolation_forest,389,13.116666
4,isolation_forest,390,13.108408
4,isolation_forest,391,13.153537
4,isolation_forest,392,12.962
4,isolation_forest,393,12.951204
4,isolation_forest,394,12.991779
4,isolation_forest,395,12.925778
4,isolation_forest,396,13.102593
4,isolation_forest,397,13.125464
4,isolation_forest,398,13.06887
4,isolation_forest,399,12.885371
4,isolation_forest,400,12.8695
4,isolation_forest,401,15.062942
4,isolation_forest,402,14.688109
4,isolation_forest,403,13.998999
4,isolation_forest,404,13.164333
4,isolation_forest,405,13.15637
4,isolation_forest,406,13.040205
4,isolation_forest,407,14.243906
4,isolation_forest,408,13.841703
4,isolation_forest,409,13.444815
4,isolation_forest,410,13.404111
4,isolation_forest,411,16.55981
4,isolation_forest,412,13.798166
4,isolation_forest,413,13.410944
4,isolation_forest,414,13.446611
4,isolation_forest,415,14.171795
4,isolation_forest,416,14.100554
4,isolation_forest,417,13.645703
4,isolation_forest,418,13.001149
4,isolation_forest,419,12.929889
4,isolation_forest,420,12.921352
4,isolation_forest,421,12.957723
4,isolation_forest,422,13.166259
4,isolation_forest,423,13.339149
4,isolation_forest,424,13.186204
4,isolation_forest,425,13.133038
4,isolation_forest,426,13.118889
4,isolation_forest,427,13.101648
4,isolation_forest,428,13.010279
4,isolation_forest,429,12.924834
4,isolation_forest,430,12.959112
4,isolation_forest,431,12.950075
4,isolation_forest,432,12.859186
4,isolation_forest,433,12.931871
4,isolation_forest,434,12.880556
4,isolation_forest,435,13.247555
4,isolation_forest,436,13.196889
4,isolation_forest,437,13.126833
4,isolation_forest,438,13.037204
4,isolation_forest,439,12.960797
4,isolation_forest,440,12.890908
4,isolation_forest,441,12.88276
4,isolation_forest,442,12.85676
4,isolation_forest,443,12.843112
4,isolation_forest,444,12.845648
4,isolation_forest,445,13.44113
4,isolation_forest,446,15.159423
4,isolation_forest,447,14.634202
4,isolation_forest,448,14.172535
4,isolation_forest,449,14.137776
4,isolation_forest,450,13.456704
4,isolation_forest,451,13.136889
4,isolation_forest,452,12.956945
4,isolation_forest,453,12.969445
4,isolation_forest,454,12.924722
4,isolation_forest,455,12.958556
4,isolation_forest,456,12.830019
4,isolation_forest,457,12.75726
4,isolation_forest,458,12.795093
4,isolation_forest,459,12.842945
4,isolation_forest,460,12.764427
4,isolation_forest,461,12.877945
4,isolation_forest,462,13.857296
4,isolation_forest,463,12.957222
4,isolation_forest,464,12.939686
4,isolation_forest,465,12.878445
4,isolation_forest,466,12.932704
4,isolation_forest,467,12.908093
4,isolation_forest,468,12.791668
4,isolation_forest,469,12.888815
4,isolation_forest,470,12.823908
4,isolation_forest,471,12.982019
4,isolation_forest,472,12.970593
4,isolation_forest,473,12.807131
4,isolation_forest,474,12.912853
4,isolation_forest,475,12.897482
4,isolation_forest,476,12.878167
4,isolation_forest,477,12.766075
4,isolation_forest,478,12.793094
4,isolation_forest,479,12.876316
4,isolation_forest,480,12.802556
4,isolation_forest,481,12.884316
4,isolation_forest,482,12.917297
4,isolation_forest,483,12.837982
4,isolation_forest,484,12.885538
4,isolation_forest,485,12.865482
4,isolation_forest,486,12.790705
4,isolation_forest,487,12.76189
4,isolation_forest,488,12.818464
4,isolation_forest,489,12.817612
4,isolation_forest,490,12.736186
4,isolation_forest,491,13.45174
4,isolation_forest,492,14.932202
4,isolation_forest,493,14.614646
4,isolation_forest,494,13.92274
4,isolation_forest,495,13.140482
4,isolation_forest,496,13.138871
4,isolation_forest,497,13.188315
4,isolation_forest,498,12.974131
4,isolation_forest,499,12.959556
4,isolation_forest,500,12.990297
4,isolation_forest,501,12.970168
4,isolation_forest,502,12.919186
4,isolation_forest,503,12.873667
4,isolation_forest,504,12.866334
4,isolation_forest,505,12.79276
4,isolation_forest,506,12.776852
4,isolation_forest,507,12.963371
4,isolation_forest,508,12.989111
4,isolation_forest,509,12.905112
4,isolation_forest,510,12.922445
4,isolation_forest,511,12.834149
4,isolation_forest,512,12.922834
4,isolation_forest,513,12.873982
4,isolation_forest,514,12.864964
4,isolation_forest,515,12.882963
4,isolation_forest,516,12.869278
4,isolation_forest,517,12.902723
4,isolation_forest,518,12.835316
4,isolation_forest,519,12.793538
4,isolation_forest,520,12.817797
4,isolation_forest,521,12.810982
4,isolation_forest,522,12.926649
4,isolation_forest,523,16.153182
4,isolation_forest,524,15.095034
4,isolation_forest,525,13.595759
4,isolation_forest,526,13.654778
4,isolation_forest,527,13.609888
4,isolation_forest,528,13.541481
4,isolation_forest,529,13.951314
4,isolation_forest,530,14.600479
4,isolation_forest,531,13.467908
4,isolation_forest,532,13.268018
4,isolation_forest,533,13.250611
4,isolation_forest,534,13.13037
4,isolation_forest,535,13.112056
4,isolation_forest,536,13.623296
4,isolation_forest,537,14.986183
4,isolation_forest,538,14.581091
4,isolation_forest,539,13.944925
4,isolation_forest,540,13.074168
4,isolation_forest,541,13.1515
4,isolation_forest,542,13.100889
4,isolation_forest,543,13.009037
4,isolation_forest,544,13.720722
4,isolation_forest,545,13.088223
4,isolation_forest,546,13.133538
4,isolation_forest,547,12.975223
4,isolation_forest,548,13.102092
4,isolation_forest,549,12.959871
4,isolation_forest,550,12.936038
4,isolation_forest,551,12.928223
4,isolation_forest,552,13.195223
4,isolation_forest,553,13.033408
4,isolation_forest,554,12.98189
4,isolation_forest,555,12.920094
4,isolation_forest,556,12.914445
4,isolation_forest,557,13.599388
4,isolation_forest,558,14.159647
4,isolation_forest,559,13.445111
4,isolation_forest,560,13.305203
4,isolation_forest,561,13.217537
4,isolation_forest,562,13.407834
4,isolation_forest,563,13.378371
4,isolation_forest,564,13.1995
4,isolation_forest,565,12.837556
4,isolation_forest,566,12.894742
4,isolation_forest,567,12.919538
4,isolation_forest,568,12.947297
4,isolation_forest,569,12.907908
4,isolation_forest,570,12.841353
4,isolation_forest,571,12.764871
4,isolation_forest,572,12.999593
4,isolation_forest,573,12.992038
4,isolation_forest,574,12.96389
4,isolation_forest,575,12.841482
4,isolation_forest,576,12.848167
4,isolation_forest,577,12.835297
4,isolation_forest,578,12.902334
4,isolation_forest,579,12.829852
4,isolation_forest,580,12.812927
4,isolation_forest,581,12.778556
4,isolation_forest,582,14.494109
4,isolation_forest,583,14.93485
4,isolation_forest,584,14.292647
4,isolation_forest,585,13.735351
4,isolation_forest,586,13.143389
4,isolation_forest,587,13.085297
4,isolation_forest,588,13.000741
4,isolation_forest,589,13.087834
4,isolation_forest,590,12.964204
4,isolation_forest,591,12.984056
4,isolation_forest,592,12.896445
4,isolation_forest,593,12.907371
4,isolation_forest,594,12.84776
4,isolation_forest,595,12.818501
4,isolation_forest,596,12.908593
4,isolation_forest,597,12.914667
4,isolation_forest,598,13.261112
4,isolation_forest,599,14.237813
4,isolation_forest,600,13.718815
4,isolation_forest,601,13.108001
4,isolation_forest,602,13.071074
4,isolation_forest,603,13.093371
4,isolation_forest,604,13.020019
4,isolation_forest,605,12.902797
4,isolation_forest,606,13.011649
4,isolation_forest,607,12.894889
4,isolation_forest,608,12.905148
4,isolation_forest,609,12.830297
4,isolation_forest,610,12.76389
4,isolation_forest,611,12.809427
4,isolation_forest,612,12.84239
4,isolation_forest,613,12.788871
4,isolation_forest,614,12.728278
4,isolation_forest,615,12.741426
4,isolation_forest,616,12.792464
4,isolation_forest,617,12.907371
4,isolation_forest,618,12.883223
4,isolation_forest,619,12.757187
4,isolation_forest,620,12.800482
4,isolation_forest,621,12.806945
4,isolation_forest,622,12.837149
4,isolation_forest,623,13.037334
4,isolation_forest,624,13.092482
4,isolation_forest,625,12.983611
4,isolation_forest,626,13.573241
4,isolation_forest,627,12.994945
4,isolation_forest,628,15.043961
4,isolation_forest,629,14.806164
4,isolation_forest,630,14.426036
4,isolation_forest,631,13.315611
4,isolation_forest,632,13.230463
4,isolation_forest,633,13.257444
4,isolation_forest,634,13.282704
4,isolation_forest,635,13.071556
4,isolation_forest,636,12.997482
4,isolation_forest,637,12.971167
4,isolation_forest,638,12.901982
4,isolation_forest,639,12.999983
4,isolation_forest,640,12.891612
4,isolation_forest,641,12.840538
4,isolation_forest,642,12.778075
4,isolation_forest,643,13.961277
4,isolation_forest,644,14.523387
4,isolation_forest,645,13.442555
4,isolation_forest,646,13.135519
4,isolation_forest,647,12.994686
4,isolation_forest,648,13.07626
4,isolation_forest,649,13.079741
4,isolation_forest,650,12.918945
4,isolation_forest,651,13.025149
4,isolation_forest,652,13.000093
4,isolation_forest,653,12.883168
4,isolation_forest,654,12.840816
4,isolation_forest,655,12.802761
4,isolation_forest,656,12.826001
4,isolation_forest,657,12.747834
4,isolation_forest,658,12.785686
4,isolation_forest,659,12.865427
4,isolation_forest,660,12.939575
4,isolation_forest,661,13.032945
4,isolation_forest,662,12.873038
4,isolation_forest,663,12.904982
4,isolation_forest,664,12.951927
4,isolation_forest,665,12.83302
4,isolation_forest,666,12.775612
4,isolation_forest,667,12.882186
4,isolation_forest,668,12.876186
4,isolation_forest,669,12.83052
4,isolation_forest,670,12.810241
4,isolation_forest,671,12.88189
4,isolation_forest,672,12.856427
4,isolation_forest,673,13.616908
4,isolation_forest,674,15.436534
4,isolation_forest,675,14.658739
4,isolation_forest,676,14.277018
4,isolation_forest,677,14.146944
4,isolation_forest,678,13.119259
4,isolation_forest,679,13.097575
4,isolation_forest,680,13.128778
4,isolation_forest,681,13.052334
4,isolation_forest,682,12.975093
4,isolation_forest,683,12.970667
4,isolation_forest,684,13.062723
4,isolation_forest,685,12.962612
4,isolation_forest,686,12.920371
4,isolation_forest,687,12.911352
4,isolation_forest,688,12.819038
4,isolation_forest,689,13.049667
4,isolation_forest,690,13.041149
4,isolation_forest,691,13.03813
4,isolation_forest,692,12.929667
4,isolation_forest,693,12.789723
4,isolation_forest,694,12.893816
4,isolation_forest,695,12.87763
4,isolation_forest,696,12.876612
4,isolation_forest,697,12.86239
4,isolation_forest,698,12.757816
4,isolation_forest,699,13.075352
4,isolation_forest,700,13.01513
4,isolation_forest,701,12.914519
4,isolation_forest,702,12.785704
4,isolation_forest,703,12.830464
4,isolation_forest,704,12.685371
4,isolation_forest,705,12.799667
4,isolation_forest,706,12.793519
4,isolation_forest,707,12.771871
4,isolation_forest,708,13.556704
4,isolation_forest,709,12.974778
4,isolation_forest,710,12.934038
4,isolation_forest,711,12.948001
4,isolation_forest,712,12.874278
4,isolation_forest,713,12.919093
4,isolation_forest,714,13.126815
4,isolation_forest,715,13.066927
4,isolation_forest,716,12.876426
4,isolation_forest,717,12.831501
4,isolation_forest,718,12.792168
4,isolation_forest,719,13.714722
4,isolation_forest,720,15.517052
4,isolation_forest,721,14.412221
4,isolation_forest,722,13.708111
4,isolation_forest,723,13.147167
4,isolation_forest,724,13.136982
4,isolation_forest,725,13.121779
4,isolation_forest,726,13.05276
4,isolation_forest,727,13.08739
4,isolation_forest,728,13.116112
4,isolation_forest,729,13.030722
4,isolation_forest,730,13.086982
4,isolation_forest,731,12.944223
4,isolation_forest,732,12.923204
4,isolation_forest,733,12.804168
4,isolation_forest,734,12.911445
4,isolation_forest,735,13.009686
4,isolation_forest,736,13.080426
4,isolation_forest,737,13.059353
4,isolation_forest,738,12.950482
4,isolation_forest,739,12.868945
4,isolation_forest,740,12.937038
4,isolation_forest,741,12.865075
4,isolation_forest,742,12.812964
4,isolation_forest,743,12.891057
4,isolation_forest,744,12.90502
4,isolation_forest,745,12.871482
4,isolation_forest,746,12.783668
4,isolation_forest,747,12.838945
4,isolation_forest,748,12.758242
4,isolation_forest,749,12.727834
4,isolation_forest,750,12.720112
4,isolation_forest,751,13.524481
4,isolation_forest,752,14.14224
4,isolation_forest,753,13.118204
4,isolation_forest,754,13.014611
4,isolation_forest,755,13.065482
4,isolation_forest,756,13.015111
4,isolation_forest,757,13.109964
4,isolation_forest,758,14.331869
4,isolation_forest,759,13.842629
4,isolation_forest,761,13.177926
4,isolation_forest,762,13.070482
4,isolation_forest,763,13.200889
4,isolation_forest,764,12.933963
4,isolation_forest,765,12.99589
4,isolation_forest,766,15.047108
4,isolation_forest,767,14.80209
4,isolation_forest,768,14.100259
4,isolation_forest,769,13.344186
4,isolation_forest,770,13.118723
4,isolation_forest,771,13.189519
4,isolation_forest,772,13.017519
4,isolation_forest,773,13.014149
4,isolation_forest,774,13.003186
4,isolation_forest,775,12.987834
4,isolation_forest,776,13.048093
4,isolation_forest,777,12.973982
4,isolation_forest,778,12.9245
4,isolation_forest,779,12.89013
4,isolation_forest,780,13.465926
4,isolation_forest,781,13.476019
4,isolation_forest,782,13.245352
4,isolation_forest,783,13.199
4,isolation_forest,784,13.0965
4,isolation_forest,785,12.987001
4,isolation_forest,786,12.941278
4,isolation_forest,787,12.957408
4,isolation_forest,788,12.862279
4,isolation_forest,789,12.888279
4,isolation_forest,790,12.87676
4,isolation_forest,791,13.673814
4,isolation_forest,792,12.919798
4,isolation_forest,793,12.896778
4,isolation_forest,794,12.870945
4,isolation_forest,795,12.90539
4,isolation_forest,796,12.907186
4,isolation_forest,797,12.825464
4,isolation_forest,798,12.82502
4,isolation_forest,799,12.870538
4,isolation_forest,800,12.731001
4,isolation_forest,801,12.754371
4,isolation_forest,802,12.934501
4,isolation_forest,803,12.879557
4,isolation_forest,804,12.858205
4,isolation_forest,805,12.817316
4,isolation_forest,806,12.690983
4,isolation_forest,807,12.846667
4,isolation_forest,808,12.910408
4,isolation_forest,809,12.975797
4,isolation_forest,810,12.784815
4,isolation_forest,811,13.351797
4,isolation_forest,812,15.022758
4,isolation_forest,813,14.396443
4,isolation_forest,814,14.10374
4,isolation_forest,815,13.254963
4,isolation_forest,816,13.432852
4,isolation_forest,817,13.264575
4,isolation_forest,818,13.201889
4,isolation_forest,819,13.135426
4,isolation_forest,820,13.03463
4,isolation_forest,821,12.947501
4,isolation_forest,822,12.913038
4,isolation_forest,823,12.853186
4,isolation_forest,824,12.914186
4,isolation_forest,825,12.912649
4,isolation_forest,826,12.841297
4,isolation_forest,827,12.944409
4,isolation_forest,828,13.776296
4,isolation_forest,829,13.987629
4,isolation_forest,830,13.078704
4,isolation_forest,831,13.033871
4,isolation_forest,832,12.993723
4,isolation_forest,833,12.918056
4,isolation_forest,834,12.979075
4,isolation_forest,835,12.924167
4,isolation_forest,836,12.835056
4,isolation_forest,837,12.806056
4,isolation_forest,838,12.852482
4,isolation_forest,839,12.820464
4,isolation_forest,840,12.810668
4,isolation_forest,841,13.029871
4,isolation_forest,842,12.80526
4,isolation_forest,843,12.863353
4,isolation_forest,844,12.843761
4,isolation_forest,845,12.802223
4,isolation_forest,846,12.782964
4,isolation_forest,847,12.760538
4,isolation_forest,848,12.881204
4,isolation_forest,849,12.82413
4,isolation_forest,850,12.748057
4,isolation_forest,851,12.764575
4,isolation_forest,852,12.816001
4,isolation_forest,853,13.046371
4,isolation_forest,854,12.961704
4,isolation_forest,855,12.906
4,isolation_forest,856,12.865964
4,isolation_forest,857,13.622963
4,isolation_forest,858,15.074572
4,isolation_forest,859,14.511998
4,isolation_forest,860,13.874018
4,isolation_forest,861,13.192001
4,isolation_forest,862,13.052427
4,isolation_forest,863,13.195445
4,isolation_forest,864,13.225259
4,isolation_forest,865,13.118426
4,isolation_forest,866,13.060815
4,isolation_forest,867,13.041445
4,isolation_forest,868,13.02976
4,isolation_forest,869,12.888353
4,isolation_forest,870,12.900779
4,isolation_forest,871,12.833686
4,isolation_forest,872,12.967778
4,isolation_forest,873,15.152998
4,isolation_forest,874,14.107481
4,isolation_forest,875,13.066464
4,isolation_forest,876,12.961315
4,isolation_forest,877,12.984315
4,isolation_forest,878,12.951612
4,isolation_forest,879,12.941556
4,isolation_forest,880,12.903149
4,isolation_forest,881,12.970112
4,isolation_forest,882,12.845964
4,isolation_forest,883,13.450722
4,isolation_forest,884,13.589074
4,isolation_forest,885,13.29626
4,isolation_forest,886,13.223222
4,isolation_forest,887,13.140982
4,isolation_forest,888,13.043297
4,isolation_forest,889,13.001741
4,isolation_forest,890,13.018445
4,isolation_forest,891,13.067945
4,isolation_forest,892,12.868001
4,isolation_forest,893,12.983205
4,isolation_forest,894,12.889464
4,isolation_forest,895,12.95676
4,isolation_forest,896,12.937983
4,isolation_forest,897,12.904686
4,isolation_forest,898,12.829409
4,isolation_forest,899,12.79539
4,isolation_forest,900,12.864149
4,isolation_forest,901,12.797946
4,isolation_forest,902,12.716631
4,isolation_forest,903,14.908053
4,isolation_forest,904,15.026869
4,isolation_forest,905,14.259461
4,isolation_forest,906,13.940148
4,isolation_forest,907,13.661185
4,isolation_forest,908,13.215075
4,isolation_forest,909,13.151667
4,isolation_forest,910,13.038426
4,isolation_forest,911,12.981426
4,isolation_forest,912,12.975778
4,isolation_forest,913,12.914315
4,isolation_forest,914,13.293112
4,isolation_forest,915,13.301352
4,isolation_forest,916,13.252723
4,isolation_forest,917,13.188852
4,isolation_forest,918,13.153963
4,isolation_forest,919,13.171704
4,isolation_forest,920,13.079871
4,isolation_forest,921,12.973112
4,isolation_forest,922,12.93113
4,isolation_forest,923,12.855964
4,isolation_forest,924,13.010445
4,isolation_forest,925,12.875575
4,isolation_forest,926,12.892278
4,isolation_forest,927,12.823075
4,isolation_forest,928,12.935557
4,isolation_forest,929,12.94563
4,isolation_forest,930,12.829593
4,isolation_forest,931,12.740502
4,isolation_forest,932,12.727038
4,isolation_forest,933,12.70789
4,isolation_forest,934,12.775705
4,isolation_forest,935,12.788834
4,isolation_forest,936,12.874557
4,isolation_forest,937,12.915057
4,isolation_forest,938,12.821223
4,isolation_forest,939,12.727205
4,isolation_forest,940,12.828205
4,isolation_forest,941,12.848334
4,isolation_forest,942,12.80002
4,isolation_forest,943,12.81076
4,isolation_forest,944,12.891149
4,isolation_forest,945,12.76013
4,isolation_forest,946,12.841649
4,isolation_forest,947,12.720408
4,isolation_forest,948,12.820557
4,isolation_forest,949,15.338201
4,isolation_forest,950,14.663961
4,isolation_forest,951,13.990815
4,isolation_forest,952,13.126241
4,isolation_forest,953,13.064186
4,isolation_forest,954,13.057667
4,isolation_forest,955,13.82887
4,isolation_forest,956,13.037723
4,isolation_forest,957,13.005186
4,isolation_forest,958,13.064019
4,isolation_forest,959,13.032019
4,isolation_forest,960,12.984797
4,isolation_forest,961,12.878594
4,isolation_forest,962,12.914149
4,isolation_forest,963,12.942889
4,isolation_forest,964,12.959945
4,isolation_forest,965,13.016704
4,isolation_forest,966,12.938353
4,isolation_forest,967,12.965001
4,isolation_forest,968,12.883908
4,isolation_forest,969,12.870945
4,isolation_forest,970,12.851501
4,isolation_forest,971,12.918482
4,isolation_forest,972,12.83252
4,isolation_forest,973,12.873316
4,isolation_forest,974,12.888797
4,isolation_forest,975,12.887612
4,isolation_forest,976,12.80713
4,isolation_forest,977,12.832575
4,isolation_forest,978,12.746779
4,isolation_forest,979,12.783538
4,isolation_forest,980,12.980519
4,isolation_forest,981,13.959611
4,isolation_forest,982,13.486778
4,isolation_forest,983,13.125611
4,isolation_forest,984,13.063427
4,isolation_forest,985,13.389611
4,isolation_forest,986,13.396445
4,isolation_forest,987,14.17548
4,isolation_forest,988,14.297944
4,isolation_forest,989,13.270316
4,isolation_forest,990,13.114519
4,isolation_forest,991,13.192259
4,isolation_forest,992,12.985297
4,isolation_forest,993,13.042815
4,isolation_forest,994,14.938721
4,isolation_forest,995,14.946869
4,isolation_forest,996,14.249332
4,isolation_forest,997,13.895814
4,isolation_forest,998,13.207019
4,isolation_forest,999,13.10676
4,isolation_forest,1000,13.392704
4,isolation_forest,1001,13.279186
4,isolation_forest,1002,13.176186
4,isolation_forest,1003,13.121149
4,isolation_forest,1004,13.274389
4,isolation_forest,1005,13.154593
4,isolation_forest,1006,13.032501
4,isolation_forest,1007,12.938741
4,isolation_forest,1008,12.802001
4,isolation_forest,1009,13.03426
4,isolation_forest,1010,12.971205
4,isolation_forest,1011,13.149316
4,isolation_forest,1012,13.00389
4,isolation_forest,1013,13.06876
4,isolation_forest,1014,12.983167
4,isolation_forest,1015,13.257259
4,isolation_forest,1016,13.148353
4,isolation_forest,1017,13.024537
4,isolation_forest,1018,12.97813
4,isolation_forest,1019,12.974353
4,isolation_forest,1020,12.817982
4,isolation_forest,1021,12.798371
4,isolation_forest,1022,12.845316
4,isolation_forest,1023,12.882631
4,isolation_forest,1024,12.866279
4,isolation_forest,1025,12.873667
4,isolation_forest,1026,12.777409
4,isolation_forest,1027,12.780816
4,isolation_forest,1028,12.755353
4,isolation_forest,1029,12.753408
4,isolation_forest,1030,12.849445
4,isolation_forest,1031,12.985982
4,isolation_forest,1032,12.902001
4,isolation_forest,1033,12.891798
4,isolation_forest,1034,12.873334
4,isolation_forest,1035,12.804242
4,isolation_forest,1036,12.778742
4,isolation_forest,1037,13.657722
4,isolation_forest,1038,12.951649
4,isolation_forest,1039,12.813927
4,isolation_forest,1040,14.957183
4,isolation_forest,1041,14.947017
4,isolation_forest,1042,14.278702
4,isolation_forest,1043,13.279149
4,isolation_forest,1044,13.137352
4,isolation_forest,1045,13.115241
4,isolation_forest,1046,13.065556
4,isolation_forest,1047,13.061982
4,isolation_forest,1048,13.058538
4,isolation_forest,1049,13.052853
4,isolation_forest,1050,12.931279
4,isolation_forest,1051,12.890556
4,isolation_forest,1052,12.84289
4,isolation_forest,1053,12.843964
4,isolation_forest,1054,12.824705
4,isolation_forest,1055,12.936186
4,isolation_forest,1056,13.710148
4,isolation_forest,1057,14.086425
4,isolation_forest,1058,13.066019
4,isolation_forest,1059,12.932723
4,isolation_forest,1060,12.736705
4,isolation_forest,1061,12.99539
4,isolation_forest,1062,12.959
4,isolation_forest,1063,12.905631
4,isolation_forest,1064,12.855668
4,isolation_forest,1065,12.911593
4,isolation_forest,1066,12.863149
4,isolation_forest,1067,12.806224
4,isolation_forest,1068,12.764371
4,isolation_forest,1069,12.769797
4,isolation_forest,1070,12.680335
4,isolation_forest,1071,12.65165
4,isolation_forest,1072,12.773057
4,isolation_forest,1073,12.833705
4,isolation_forest,1074,12.807057
4,isolation_forest,1075,12.871019
4,isolation_forest,1076,12.74663
4,isolation_forest,1077,12.823335
4,isolation_forest,1078,12.815278
4,isolation_forest,1079,12.801723
4,isolation_forest,1080,12.774778
4,isolation_forest,1081,12.960779
4,isolation_forest,1082,13.090927
4,isolation_forest,1083,12.953298
4,isolation_forest,1084,12.886538
4,isolation_forest,1085,12.87689
4,isolation_forest,1086,15.192591
4,isolation_forest,1087,14.730313
4,isolation_forest,1088,14.079
4,isolation_forest,1089,13.207501
4,isolation_forest,1090,13.092408
4,isolation_forest,1091,13.097649
4,isolation_forest,1092,13.115075
4,isolation_forest,1093,13.020797
4,isolation_forest,1094,13.018409
4,isolation_forest,1095,12.975908
4,isolation_forest,1096,13.237371
4,isolation_forest,1097,12.992538
4,isolation_forest,1098,12.956909
4,isolation_forest,1099,12.872001
4,isolation_forest,1100,12.877371
4,isolation_forest,1101,13.966704
4,isolation_forest,1102,14.488869
4,isolation_forest,1103,13.305741
4,isolation_forest,1104,13.225297
4,isolation_forest,1105,13.071723
4,isolation_forest,1106,13.052501
4,isolation_forest,1107,13.008816
4,isolation_forest,1108,12.951168
4,isolation_forest,1109,12.992927
4,isolation_forest,1110,12.885038
4,isolation_forest,1111,12.787927
4,isolation_forest,1112,12.807779
4,isolation_forest,1113,12.75639
4,isolation_forest,1114,12.76465
4,isolation_forest,1115,12.794723
4,isolation_forest,1116,12.82663
4,isolation_forest,1117,12.719556
4,isolation_forest,1118,12.740168
4,isolation_forest,1119,13.660481
4,isolation_forest,1120,13.043649
4,isolation_forest,1121,12.881056
4,isolation_forest,1122,12.922964
4,isolation_forest,1123,12.906742
4,isolation_forest,1124,12.824872
4,isolation_forest,1125,12.86439
4,isolation_forest,1126,12.875112
4,isolation_forest,1127,12.843519
4,isolation_forest,1128,12.742946
4,isolation_forest,1129,12.679353
4,isolation_forest,1130,12.654501
4,isolation_forest,1131,13.424575
4,isolation_forest,1132,15.157795
4,isolation_forest,1133,14.501295
4,isolation_forest,1134,13.937203
4,isolation_forest,1135,14.125499
4,isolation_forest,1136,13.039704
4,isolation_forest,1137,12.949223
4,isolation_forest,1138,13.008464
4,isolation_forest,1139,12.843908
4,isolation_forest,1140,12.848834
4,isolation_forest,1141,12.868668
4,isolation_forest,1142,12.822001
4,isolation_forest,1143,12.703427
4,isolation_forest,1144,12.695353
4,isolation_forest,1145,12.700798
4,isolation_forest,1146,12.783687
4,isolation_forest,1147,13.018353
4,isolation_forest,1148,13.047501
4,isolation_forest,1149,12.924315
4,isolation_forest,1150,12.806556
4,isolation_forest,1151,12.670779
4,isolation_forest,1152,12.873483
4,isolation_forest,1153,13.076426
4,isolation_forest,1154,12.879298
4,isolation_forest,1155,12.827241
4,isolation_forest,1156,12.89465
4,isolation_forest,1157,12.915742
4,isolation_forest,1158,12.884908
4,isolation_forest,1159,12.890538
4,isolation_forest,1160,12.793705
4,isolation_forest,1161,12.925871
4,isolation_forest,1162,12.83589
4,isolation_forest,1163,12.797001
4,isolation_forest,1164,12.726372
4,isolation_forest,1165,12.761464
4,isolation_forest,1166,12.794204
4,isolation_forest,1167,12.750039
4,isolation_forest,1168,12.759612
4,isolation_forest,1169,12.798816
4,isolation_forest,1170,12.914372
4,isolation_forest,1171,12.867075
4,isolation_forest,1172,12.821816
4,isolation_forest,1173,12.785409
4,isolation_forest,1174,12.764797
4,isolation_forest,1175,12.75965
4,isolation_forest,1176,12.796445
4,isolation_forest,1177,13.217057
4,isolation_forest,1178,15.173701
4,isolation_forest,1179,14.448332
4,isolation_forest,1180,14.078888
4,isolation_forest,1181,13.243112
4,isolation_forest,1182,13.173926
4,isolation_forest,1183,13.086963
4,isolation_forest,1184,12.914427
4,isolation_forest,1185,12.853834
4,isolation_forest,1186,12.856334
4,isolation_forest,1187,12.862445
4,isolation_forest,1188,12.939742
4,isolation_forest,1189,13.010038
4,isolation_forest,1190,12.929557
4,isolation_forest,1191,12.89726
4,isolation_forest,1192,12.873945
4,isolation_forest,1193,12.96376
4,isolation_forest,1194,13.017223
4,isolation_forest,1195,12.882964
4,isolation_forest,1196,12.906279
4,isolation_forest,1197,13.02163
4,isolation_forest,1198,13.162093
4,isolation_forest,1199,14.071722
4,isolation_forest,1200,13.409759
4,isolation_forest,1201,14.044796
4,isolation_forest,1202,13.111167
4,isolation_forest,1203,12.870649
4,isolation_forest,1204,12.793223
4,isolation_forest,1205,12.885075
4,isolation_forest,1206,12.783001
4,isolation_forest,1207,12.729945
4,isolation_forest,1208,12.805945
4,isolation_forest,1209,13.394222
4,isolation_forest,1210,14.022314
4,isolation_forest,1211,12.943297
4,isolation_forest,1212,12.942242
4,isolation_forest,1213,12.79739
4,isolation_forest,1214,12.955316
4,isolation_forest,1215,12.996964
4,isolation_forest,1216,14.092296
4,isolation_forest,1217,14.16124
4,isolation_forest,1218,13.247074
4,isolation_forest,1219,13.040575
4,isolation_forest,1220,12.734649
4,isolation_forest,1221,12.776798
4,isolation_forest,1222,12.783038
4,isolation_forest,1223,14.715314
4,isolation_forest,1224,14.680165
4,isolation_forest,1225,13.931814
4,isolation_forest,1226,13.405408
4,isolation_forest,1227,13.060426
4,isolation_forest,1228,12.944687
4,isolation_forest,1229,13.027945
4,isolation_forest,1230,12.979445
4,isolation_forest,1231,12.977797
4,isolation_forest,1232,12.950853
4,isolation_forest,1233,12.903538
4,isolation_forest,1234,12.92952
4,isolation_forest,1235,12.831131
4,isolation_forest,1236,12.815872
4,isolation_forest,1237,12.800797
4,isolation_forest,1238,12.968705
4,isolation_forest,1239,13.214964
4,isolation_forest,1240,13.029168
4,isolation_forest,1241,12.936668
4,isolation_forest,1242,12.872279
4,isolation_forest,1243,12.864612
4,isolation_forest,1244,12.96413
4,isolation_forest,1245,13.121223
4,isolation_forest,1246,12.950316
4,isolation_forest,1247,12.974834
4,isolation_forest,1248,12.837816
4,isolation_forest,1249,12.76426
4,isolation_forest,1250,12.739039
4,isolation_forest,1251,12.782483
4,isolation_forest,1252,12.736019
4,isolation_forest,1253,12.715557
4,isolation_forest,1254,12.859168
4,isolation_forest,1255,12.88813
4,isolation_forest,1256,13.218871
4,isolation_forest,1257,13.126778
4,isolation_forest,1258,12.961093
4,isolation_forest,1259,12.83939
4,isolation_forest,1260,12.960705
4,isolation_forest,1261,12.883168
4,isolation_forest,1262,12.796871
4,isolation_forest,1263,12.893816
4,isolation_forest,1264,12.883779
4,isolation_forest,1265,12.865687
4,isolation_forest,1266,12.755298
4,isolation_forest,1267,12.785464
4,isolation_forest,1268,12.709687
4,isolation_forest,1269,14.728202
4,isolation_forest,1270,14.79285
4,isolation_forest,1271,14.101574
4,isolation_forest,1272,13.744796
4,isolation_forest,1273,13.084741
4,isolation_forest,1274,12.982612
4,isolation_forest,1275,12.955908
4,isolation_forest,1276,12.95552
4,isolation_forest,1277,12.987464
4,isolation_forest,1278,12.97276
4,isolation_forest,1279,12.881334
4,isolation_forest,1280,12.824372
4,isolation_forest,1281,12.895168
4,isolation_forest,1282,12.847501
4,isolation_forest,1283,13.626926
4,isolation_forest,1284,13.099612
4,isolation_forest,1285,13.480185
4,isolation_forest,1286,14.271388
4,isolation_forest,1287,13.318779
4,isolation_forest,1288,13.019335
4,isolation_forest,1289,12.862575
4,isolation_forest,1290,12.868927
4,isolation_forest,1291,12.939112
4,isolation_forest,1292,12.848612
4,isolation_forest,1293,12.789316
4,isolation_forest,1294,12.804816
4,isolation_forest,1295,12.867779
4,isolation_forest,1296,12.790298
4,isolation_forest,1297,12.671317
4,isolation_forest,1298,12.723408
4,isolation_forest,1299,12.874168
4,isolation_forest,1300,12.870039
4,isolation_forest,1301,12.845872
4,isolation_forest,1302,12.949686
4,isolation_forest,1303,13.020686
4,isolation_forest,1304,12.835242
4,isolation_forest,1305,12.881501
4,isolation_forest,1306,12.894168
4,isolation_forest,1307,12.913816
4,isolation_forest,1308,12.80002
4,isolation_forest,1309,12.907631
4,isolation_forest,1310,13.112315
4,isolation_forest,1311,13.046815
4,isolation_forest,1312,12.936927
4,isolation_forest,1313,12.884001
4,isolation_forest,1314,12.878113
4,isolation_forest,1315,14.921091
4,isolation_forest,1316,14.563462
4,isolation_forest,1317,14.180425
4,isolation_forest,1318,13.482667
4,isolation_forest,1319,13.072816
4,isolation_forest,1320,13.030167
4,isolation_forest,1321,13.041964
4,isolation_forest,1322,12.958094
4,isolation_forest,1323,12.952853
4,isolation_forest,1324,12.969964
4,isolation_forest,1325,12.877001
4,isolation_forest,1326,12.89326
4,isolation_forest,1327,12.758946
4,isolation_forest,1328,12.878057
4,isolation_forest,1329,12.810667
4,isolation_forest,1330,13.500056
4,isolation_forest,1331,14.259481
4,isolation_forest,1332,13.998981
4,isolation_forest,1333,13.265316
4,isolation_forest,1334,13.150297
4,isolation_forest,1335,13.132519
4,isolation_forest,1336,13.21726
4,isolation_forest,1337,13.161853
4,isolation_forest,1338,13.082668
4,isolation_forest,1339,13.039557
4,isolation_forest,1340,12.968241
4,isolation_forest,1341,12.950445
4,isolation_forest,1342,12.927075
4,isolation_forest,1343,12.795613
4,isolation_forest,1344,12.901075
4,isolation_forest,1345,12.85589
4,isolation_forest,1346,12.834428
4,isolation_forest,1347,12.833483
4,isolation_forest,1348,13.680981
4,isolation_forest,1349,13.429427
4,isolation_forest,1350,13.170631
4,isolation_forest,1351,13.060835
4,isolation_forest,1352,13.024446
4,isolation_forest,1353,13.006816
4,isolation_forest,1354,12.961093
4,isolation_forest,1355,12.934316
4,isolation_forest,1356,13.003057
4,isolation_forest,1357,12.883649
4,isolation_forest,1358,12.841334
4,isolation_forest,1359,12.833538
4,isolation_forest,1360,13.473852
4,isolation_forest,1361,15.310275
4,isolation_forest,1362,14.698499
4,isolation_forest,1363,14.199148
4,isolation_forest,1364,14.153129
4,isolation_forest,1365,13.875148
4,isolation_forest,1366,13.137557
4,isolation_forest,1367,13.013093
4,isolation_forest,1368,12.950149
4,isolation_forest,1369,13.163001
4,isolation_forest,1370,13.162908
4,isolation_forest,1371,12.973853
4,isolation_forest,1372,13.003408
4,isolation_forest,1373,12.932927
4,isolation_forest,1374,12.934687
4,isolation_forest,1375,12.933946
4,isolation_forest,1376,13.12663
4,isolation_forest,1377,13.147112
4,isolation_forest,1378,12.998168
4,isolation_forest,1379,12.855205
4,isolation_forest,1380,12.827149
4,isolation_forest,1381,12.977242
4,isolation_forest,1382,12.995409
4,isolation_forest,1383,12.81852
4,isolation_forest,1384,12.876093
4,isolation_forest,1385,12.86439
4,isolation_forest,1386,13.091353
4,isolation_forest,1387,13.224871
4,isolation_forest,1388,12.873056
4,isolation_forest,1389,12.813927
4,isolation_forest,1390,12.788575
4,isolation_forest,1391,12.767335
4,isolation_forest,1392,12.983576
4,isolation_forest,1393,13.19302
4,isolation_forest,1394,13.061704
4,isolation_forest,1395,12.930075
4,isolation_forest,1396,12.922705
4,isolation_forest,1397,13.054779
4,isolation_forest,1398,13.177741
4,isolation_forest,1399,12.984316
4,isolation_forest,1400,13.132816
4,isolation_forest,1401,12.932168
4,isolation_forest,1402,12.942761
4,isolation_forest,1403,12.787928
4,isolation_forest,1404,12.800297
4,isolation_forest,1405,12.920668
4,isolation_forest,1406,14.709536
4,isolation_forest,1407,14.870888
4,isolation_forest,1408,14.235
4,isolation_forest,1409,13.664982
4,isolation_forest,1410,13.100908
4,isolation_forest,1411,13.036205
4,isolation_forest,1412,13.129724
4,isolation_forest,1413,13.006205
4,isolation_forest,1414,12.965982
4,isolation_forest,1415,12.947483
4,isolation_forest,1416,13.046612
4,isolation_forest,1417,12.896223
4,isolation_forest,1418,12.887742
4,isolation_forest,1419,12.830686
4,isolation_forest,1420,12.860908
4,isolation_forest,1421,12.916945
4,isolation_forest,1422,13.006631
4,isolation_forest,1423,12.966409
4,isolation_forest,1424,13.040204
4,isolation_forest,1425,13.067279
4,isolation_forest,1426,12.929576
4,isolation_forest,1427,12.77539
4,isolation_forest,1428,12.844094
4,isolation_forest,1429,12.955575
4,isolation_forest,1430,12.770428
4,isolation_forest,1431,12.795742
4,isolation_forest,1432,12.81465
4,isolation_forest,1433,12.756427
4,isolation_forest,1434,12.797557
4,isolation_forest,1435,12.818242
4,isolation_forest,1436,12.771594
4,isolation_forest,1437,12.805483
4,isolation_forest,1438,13.569945
4,isolation_forest,1439,13.939981
4,isolation_forest,1440,13.182019
4,isolation_forest,1441,12.99902
4,isolation_forest,1442,13.247594
4,isolation_forest,1443,13.404852
4,isolation_forest,1444,13.651556
4,isolation_forest,1445,14.256129
4,isolation_forest,1446,13.33726
4,isolation_forest,1447,13.981685
4,isolation_forest,1448,13.171963
4,isolation_forest,1449,13.142242
4,isolation_forest,1450,13.120057
4,isolation_forest,1451,13.570129
4,isolation_forest,1452,15.130943
4,isolation_forest,1453,14.703462
4,isolation_forest,1454,14.012963
4,isolation_forest,1455,13.329185
4,isolation_forest,1456,13.12163
4,isolation_forest,1457,13.083983
4,isolation_forest,1458,13.102352
4,isolation_forest,1459,13.058723
4,isolation_forest,1460,12.997649
4,isolation_forest,1461,12.990427
4,isolation_forest,1462,13.081686
4,isolation_forest,1463,13.143353
4,isolation_forest,1464,12.978927
4,isolation_forest,1465,13.08589
4,isolation_forest,1466,12.913094
4,isolation_forest,1467,13.114742
4,isolation_forest,1468,12.967538
4,isolation_forest,1469,12.892168
4,isolation_forest,1470,12.78926
4,isolation_forest,1471,12.874186
4,isolation_forest,1472,12.850964
4,isolation_forest,1473,13.170723
4,isolation_forest,1474,13.035223
4,isolation_forest,1475,13.107778
4,isolation_forest,1476,13.022797
4,isolation_forest,1477,13.192982
4,isolation_forest,1478,12.986149
4,isolation_forest,1479,12.921575
4,isolation_forest,1480,12.82189
4,isolation_forest,1481,12.873779
4,isolation_forest,1482,12.795649
4,isolation_forest,1483,12.815131
4,isolation_forest,1484,12.826075
4,isolation_forest,1485,12.816168
4,isolation_forest,1486,12.838205
4,isolation_forest,1487,12.789316
4,isolation_forest,1488,12.827482
4,isolation_forest,1489,12.884539
4,isolation_forest,1490,12.77515
4,isolation_forest,1491,12.812557
4,isolation_forest,1492,12.901612
4,isolation_forest,1493,12.930205
4,isolation_forest,1494,12.817908
4,isolation_forest,1495,12.80276
4,isolation_forest,1496,12.75189
4,isolation_forest,1497,13.465389
4,isolation_forest,1498,15.174961
4,isolation_forest,1499,14.58161
4,isolation_forest,1500,13.965111
4,isolation_forest,1501,13.181668
4,isolation_forest,1502,13.089372
4,isolation_forest,1503,13.01852
4,isolation_forest,1504,13.098297
4,isolation_forest,1505,13.062427
4,isolation_forest,1506,13.029168
4,isolation_forest,1507,12.891816
4,isolation_forest,1508,12.924761
4,isolation_forest,1509,12.897001
4,isolation_forest,1510,12.815964
4,isolation_forest,1511,12.864816
4,isolation_forest,1512,12.876501
4,isolation_forest,1513,13.187019
4,isolation_forest,1514,13.847167
4,isolation_forest,1515,13.746667
4,isolation_forest,1516,13.011835
4,isolation_forest,1517,12.990445
4,isolation_forest,1518,12.958093
4,isolation_forest,1519,13.05163
4,isolation_forest,1520,12.912538
4,isolation_forest,1521,12.823131
4,isolation_forest,1522,12.909242
4,isolation_forest,1523,12.908427
4,isolation_forest,1524,12.777686
4,isolation_forest,1525,12.699687
4,isolation_forest,1526,12.769131
4,isolation_forest,1527,12.766242
4,isolation_forest,1528,12.708316
4,isolation_forest,1529,13.604167
4,isolation_forest,1530,12.992779
4,isolation_forest,1531,12.867797
4,isolation_forest,1532,12.889056
4,isolation_forest,1533,12.976724
4,isolation_forest,1534,12.928168
4,isolation_forest,1535,12.867112
4,isolation_forest,1536,12.925001
4,isolation_forest,1537,12.941501
4,isolation_forest,1538,12.871576
4,isolation_forest,1539,13.138798
4,isolation_forest,1540,13.076149
4,isolation_forest,1541,12.969316
4,isolation_forest,1542,13.352982
4,isolation_forest,1543,15.449776
4,isolation_forest,1544,14.849443
4,isolation_forest,1545,14.181981
4,isolation_forest,1546,13.585797
4,isolation_forest,1547,13.184741
4,isolation_forest,1548,13.07989
4,isolation_forest,1549,13.06739
4,isolation_forest,1550,13.053001
4,isolation_forest,1551,12.961186
4,isolation_forest,1552,12.944501
4,isolation_forest,1553,12.930686
4,isolation_forest,1554,12.919409
4,isolation_forest,1555,12.878186
4,isolation_forest,1556,12.827668
4,isolation_forest,1557,12.930834
4,isolation_forest,1558,13.356538
4,isolation_forest,1559,14.267815
4,isolation_forest,1560,14.182314
4,isolation_forest,1561,13.222205
4,isolation_forest,1562,13.174927
4,isolation_forest,1563,13.029223
4,isolation_forest,1564,12.980278
4,isolation_forest,1565,12.992908
4,isolation_forest,1566,12.94489
4,isolation_forest,1567,13.062835
4,isolation_forest,1568,13.042483
4,isolation_forest,1569,13.047815
4,isolation_forest,1570,12.998761
4,isolation_forest,1571,12.923835
4,isolation_forest,1572,12.909075
4,isolation_forest,1573,12.853557
4,isolation_forest,1574,12.889501
4,isolation_forest,1575,12.770205
4,isolation_forest,1576,12.839668
4,isolation_forest,1577,12.829298
4,isolation_forest,1578,13.228297
4,isolation_forest,1579,13.146834
4,isolation_forest,1580,13.093816
4,isolation_forest,1581,13.022038
4,isolation_forest,1582,13.065797
4,isolation_forest,1583,13.081019
4,isolation_forest,1584,13.033501
4,isolation_forest,1585,13.045001
4,isolation_forest,1586,12.865298
4,isolation_forest,1587,12.881187
4,isolation_forest,1588,13.24826
4,isolation_forest,1589,15.275683
4,isolation_forest,1590,14.769943
4,isolation_forest,1591,14.18174
4,isolation_forest,1592,14.164537
4,isolation_forest,1593,13.492759
4,isolation_forest,1594,13.100371
4,isolation_forest,1595,13.108778
4,isolation_forest,1596,12.952927
4,isolation_forest,1597,12.891445
4,isolation_forest,1598,12.957465
4,isolation_forest,1599,12.85752
4,isolation_forest,1600,12.934316
4,isolation_forest,1601,12.815446
4,isolation_forest,1602,12.81352
4,isolation_forest,1603,12.865705
4,isolation_forest,1604,12.999556
4,isolation_forest,1605,13.010705
4,isolation_forest,1606,12.947946
4,isolation_forest,1607,12.813076
4,isolation_forest,1608,12.862723
4,isolation_forest,1609,12.920001
4,isolation_forest,1610,12.813909
4,isolation_forest,1611,13.629056
4,isolation_forest,1612,12.998464
4,isolation_forest,1613,12.937742
4,isolation_forest,1614,13.048631
4,isolation_forest,1615,13.055205
4,isolation_forest,1616,12.951871
4,isolation_forest,1617,12.983871
4,isolation_forest,1618,12.825057
4,isolation_forest,1619,12.928723
4,isolation_forest,1620,12.88302
4,isolation_forest,1621,13.016001
4,isolation_forest,1622,12.848946
4,isolation_forest,1623,12.782446
4,isolation_forest,1624,12.725594
4,isolation_forest,1625,12.719038
4,isolation_forest,1626,13.04065
4,isolation_forest,1627,12.90215
4,isolation_forest,1628,12.855742
4,isolation_forest,1629,13.115946
4,isolation_forest,1630,13.070556
4,isolation_forest,1631,12.968464
4,isolation_forest,1632,12.888057
4,isolation_forest,1633,12.966001
4,isolation_forest,1634,13.630852
4,isolation_forest,1635,15.579294
4,isolation_forest,1636,14.495499
4,isolation_forest,1637,14.011092
4,isolation_forest,1638,13.173205
4,isolation_forest,1639,13.027927
4,isolation_forest,1640,13.073687
4,isolation_forest,1641,13.068001
4,isolation_forest,1642,13.022594
4,isolation_forest,1643,12.879297
4,isolation_forest,1644,13.033168
4,isolation_forest,1645,12.995612
4,isolation_forest,1646,15.362165
4,isolation_forest,1647,13.72887
4,isolation_forest,1648,13.535797
4,isolation_forest,1649,13.776334
4,isolation_forest,1650,13.522093
4,isolation_forest,1651,13.412038
4,isolation_forest,1652,13.235927
4,isolation_forest,1653,13.349815
4,isolation_forest,1654,13.273315
4,isolation_forest,1655,13.148797
4,isolation_forest,1656,13.169798
4,isolation_forest,1657,13.011927
4,isolation_forest,1658,12.952556
4,isolation_forest,1659,12.960797
4,isolation_forest,1660,12.886316
4,isolation_forest,1661,12.860261
4,isolation_forest,1662,12.861427
4,isolation_forest,1663,12.817113
4,isolation_forest,1664,12.787112
4,isolation_forest,1665,13.127149
4,isolation_forest,1666,14.150463
4,isolation_forest,1667,13.751834
4,isolation_forest,1668,13.167741
4,isolation_forest,1669,13.04739
4,isolation_forest,1670,12.885297
4,isolation_forest,1671,13.462722
4,isolation_forest,1672,14.113259
4,isolation_forest,1673,14.637814
4,isolation_forest,1674,13.381242
4,isolation_forest,1675,13.214334
4,isolation_forest,1676,13.122501
4,isolation_forest,1677,13.016001
4,isolation_forest,1678,12.987853
4,isolation_forest,1679,14.77998
4,isolation_forest,1680,17.391588
4,isolation_forest,1681,18.004698
4,isolation_forest,1682,13.767481
4,isolation_forest,1683,13.323908
4,isolation_forest,1684,13.205075
4,isolation_forest,1685,13.039797
4,isolation_forest,1686,13.023686
4,isolation_forest,1687,13.050094
4,isolation_forest,1688,12.98539
4,isolation_forest,1689,13.026334
4,isolation_forest,1690,13.099946
4,isolation_forest,1691,12.920946
4,isolation_forest,1692,12.903927
4,isolation_forest,1693,13.606612
4,isolation_forest,1694,12.934427
4,isolation_forest,1695,13.263852
4,isolation_forest,1696,12.949001
4,isolation_forest,1697,13.028816
4,isolation_forest,1698,13.085668
4,isolation_forest,1699,12.901705
4,isolation_forest,1700,12.878335
4,isolation_forest,1701,12.960316
4,isolation_forest,1702,12.858316
4,isolation_forest,1703,12.943391
4,isolation_forest,1704,12.829057
4,isolation_forest,1705,12.836094
4,isolation_forest,1706,12.979742
4,isolation_forest,1707,12.952965
4,isolation_forest,1708,12.750797
4,isolation_forest,1709,12.848649
4,isolation_forest,1710,12.799779
4,isolation_forest,1711,12.837409
4,isolation_forest,1712,12.854668
4,isolation_forest,1713,12.833501
4,isolation_forest,1714,12.860316
4,isolation_forest,1715,12.848557
4,isolation_forest,1716,12.974908
4,isolation_forest,1717,12.930705
4,isolation_forest,1718,12.803872
4,isolation_forest,1719,12.799557
4,isolation_forest,1720,12.833335
4,isolation_forest,1721,12.911261
4,isolation_forest,1722,12.810724
4,isolation_forest,1723,12.630372
4,isolation_forest,1724,13.299334
4,isolation_forest,1725,15.097591
4,isolation_forest,1726,14.586555
4,isolation_forest,1727,13.985333
4,isolation_forest,1728,13.124094
4,isolation_forest,1729,13.31426
4,isolation_forest,1730,13.111408
4,isolation_forest,1731,13.132593
4,isolation_forest,1732,13.077575
4,isolation_forest,1733,12.994149
4,isolation_forest,1734,12.932909
4,isolation_forest,1735,12.936057
4,isolation_forest,1736,12.895798
4,isolation_forest,1737,12.877872
4,isolation_forest,1738,12.89478
4,isolation_forest,1739,13.05915
4,isolation_forest,1740,13.072408
4,isolation_forest,1741,13.97713
4,isolation_forest,1742,14.064962
4,isolation_forest,1743,13.153057
4,isolation_forest,1744,13.108278
4,isolation_forest,1745,12.965371
4,isolation_forest,1746,13.016853
4,isolation_forest,1747,12.928038
4,isolation_forest,1748,13.006742
4,isolation_forest,1749,12.883594
4,isolation_forest,1750,12.862168
4,isolation_forest,1751,12.799354
4,isolation_forest,1752,12.769798
4,isolation_forest,1753,12.760076
4,isolation_forest,1754,12.759594
4,isolation_forest,1755,12.831575
4,isolation_forest,1756,12.736649
4,isolation_forest,1757,12.806205
4,isolation_forest,1758,13.151686
4,isolation_forest,1759,13.366056
4,isolation_forest,1760,13.11676
4,isolation_forest,1761,13.11802
4,isolation_forest,1762,12.997871
4,isolation_forest,1763,12.950168
4,isolation_forest,1764,12.950427
4,isolation_forest,1765,12.888113
4,isolation_forest,1766,13.028316
4,isolation_forest,1767,13.075946
4,isolation_forest,1768,12.979742
4,isolation_forest,1769,12.891242
4,isolation_forest,1770,14.189315
4,isolation_forest,1771,14.96335
4,isolation_forest,1772,14.470147
4,isolation_forest,1773,13.944278
4,isolation_forest,1774,13.127057
4,isolation_forest,1775,13.826352
4,isolation_forest,1776,13.64213
4,isolation_forest,1777,13.277223
4,isolation_forest,1778,13.100186
4,isolation_forest,1779,13.077094
4,isolation_forest,1780,13.066742
4,isolation_forest,1781,12.96839
4,isolation_forest,1782,12.960298
4,isolation_forest,1783,12.934686
4,isolation_forest,1784,12.986965
4,isolation_forest,1785,13.436186
4,isolation_forest,1786,13.414871
4,isolation_forest,1787,13.290575
4,isolation_forest,1788,13.157964
4,isolation_forest,1789,13.057612
4,isolation_forest,1790,13.126298
4,isolation_forest,1791,12.975742
4,isolation_forest,1792,13.061149
4,isolation_forest,1793,13.195038
4,isolation_forest,1794,14.199684
4,isolation_forest,1795,13.689149
4,isolation_forest,1796,13.139334
4,isolation_forest,1797,13.103835
4,isolation_forest,1798,13.035631
4,isolation_forest,1799,13.007076
4,isolation_forest,1800,13.04452
4,isolation_forest,1801,12.936372
4,isolation_forest,1802,13.133223
4,isolation_forest,1803,13.101834
4,isolation_forest,1804,13.04576
4,isolation_forest,1805,12.947946
4,tflite_autoencoder,1,0.058592
4,tflite_autoencoder,2,0.058222
4,tflite_autoencoder,3,0.058314
4,tflite_autoencoder,4,0.058186
4,tflite_autoencoder,5,0.058481
4,tflite_autoencoder,6,0.058333
4,tflite_autoencoder,7,0.058389
4,tflite_autoencoder,8,0.057982
4,tflite_autoencoder,9,0.057481
4,tflite_autoencoder,10,0.057481
4,tflite_autoencoder,11,0.057629
4,tflite_autoencoder,12,0.067723
4,tflite_autoencoder,13,0.066018
4,tflite_autoencoder,14,0.062407
4,tflite_autoencoder,15,0.059574
4,tflite_autoencoder,16,0.058259
4,tflite_autoencoder,17,0.057963
4,tflite_autoencoder,18,0.058815
4,tflite_autoencoder,19,0.058685
4,tflite_autoencoder,20,0.058426
4,tflite_autoencoder,21,0.059222
4,tflite_autoencoder,22,0.058111
4,tflite_autoencoder,23,0.058592
4,tflite_autoencoder,24,0.058037
4,tflite_autoencoder,25,0.057907
4,tflite_autoencoder,26,0.058444
4,tflite_autoencoder,27,0.058648
4,tflite_autoencoder,28,0.058833
4,tflite_autoencoder,29,0.058055
4,tflite_autoencoder,30,0.058814
4,tflite_autoencoder,31,0.058704
4,tflite_autoencoder,32,0.05787
4,tflite_autoencoder,33,0.057796
4,tflite_autoencoder,34,0.058667
4,tflite_autoencoder,35,0.058648
4,tflite_autoencoder,36,0.058426
4,tflite_autoencoder,37,0.059241
4,tflite_autoencoder,38,0.058648
4,tflite_autoencoder,39,0.058296
4,tflite_autoencoder,40,0.058814
4,tflite_autoencoder,41,0.058592
4,tflite_autoencoder,42,0.058963
4,tflite_autoencoder,43,0.058019
4,tflite_autoencoder,44,0.057944
4,tflite_autoencoder,45,0.058648
4,tflite_autoencoder,46,0.058759
4,tflite_autoencoder,47,0.058908
4,tflite_autoencoder,48,0.058463
4,tflite_autoencoder,49,0.057537
4,tflite_autoencoder,50,0.057371
4,tflite_autoencoder,51,0.058204
4,tflite_autoencoder,52,0.057426
4,tflite_autoencoder,53,0.058704
4,tflite_autoencoder,54,0.058296
4,tflite_autoencoder,55,0.058463
4,tflite_autoencoder,56,0.058871
4,tflite_autoencoder,57,0.058704
4,tflite_autoencoder,58,0.0585
4,tflite_autoencoder,59,0.058722
4,tflite_autoencoder,60,0.058852
4,tflite_autoencoder,61,0.058741
4,tflite_autoencoder,62,0.058593
4,tflite_autoencoder,63,0.058704
4,tflite_autoencoder,64,0.059426
4,tflite_autoencoder,65,0.05863
4,tflite_autoencoder,66,0.057648
4,tflite_autoencoder,67,0.058166
4,tflite_autoencoder,68,0.058241
4,tflite_autoencoder,69,0.057704
4,tflite_autoencoder,70,0.058241
4,tflite_autoencoder,71,0.05813
4,tflite_autoencoder,72,0.057741
4,tflite_autoencoder,73,0.057796
4,tflite_autoencoder,74,0.058129
4,tflite_autoencoder,75,0.058852
4,tflite_autoencoder,76,0.05837
4,tflite_autoencoder,77,0.058982
4,tflite_autoencoder,78,0.058685
4,tflite_autoencoder,79,0.066611
4,tflite_autoencoder,80,0.064074
4,tflite_autoencoder,81,0.06063
4,tflite_autoencoder,82,0.058722
4,tflite_autoencoder,83,0.057889
4,tflite_autoencoder,84,0.057796
4,tflite_autoencoder,85,0.058055
4,tflite_autoencoder,86,0.058741
4,tflite_autoencoder,87,0.057981
4,tflite_autoencoder,88,0.058334
4,tflite_autoencoder,89,0.058334
4,tflite_autoencoder,90,0.058296
4,tflite_autoencoder,91,0.057314
4,tflite_autoencoder,92,0.057278
4,tflite_autoencoder,93,0.05787
4,tflite_autoencoder,94,0.057426
4,tflite_autoencoder,95,0.057963
4,tflite_autoencoder,96,0.05887
4,tflite_autoencoder,97,0.058834
4,tflite_autoencoder,98,0.058648
4,tflite_autoencoder,99,0.058704
4,tflite_autoencoder,100,0.058889
4,tflite_autoencoder,101,0.058666
4,tflite_autoencoder,102,0.076407
4,tflite_autoencoder,103,0.059352
4,tflite_autoencoder,104,0.058019
4,tflite_autoencoder,105,0.05763
4,tflite_autoencoder,106,0.057611
4,tflite_autoencoder,107,0.057445
4,tflite_autoencoder,108,0.058519
4,tflite_autoencoder,109,0.058056
4,tflite_autoencoder,110,0.05787
4,tflite_autoencoder,111,0.058093
4,tflite_autoencoder,112,0.057797
4,tflite_autoencoder,113,0.057703
4,tflite_autoencoder,114,0.057537
4,tflite_autoencoder,115,0.057778
4,tflite_autoencoder,116,0.057945
4,tflite_autoencoder,117,0.058037
4,tflite_autoencoder,118,0.058945
4,tflite_autoencoder,119,0.057629
4,tflite_autoencoder,120,0.057981
4,tflite_autoencoder,121,0.058537
4,tflite_autoencoder,122,0.059074
4,tflite_autoencoder,123,0.05876
4,tflite_autoencoder,124,0.058462
4,tflite_autoencoder,125,0.058445
4,tflite_autoencoder,126,0.058426
4,tflite_autoencoder,127,0.05824
4,tflite_autoencoder,128,0.058019
4,tflite_autoencoder,129,0.057833
4,tflite_autoencoder,130,0.057963
4,tflite_autoencoder,131,0.058333
4,tflite_autoencoder,132,0.058408
4,tflite_autoencoder,133,0.057852
4,tflite_autoencoder,134,0.057425
4,tflite_autoencoder,135,0.057482
4,tflite_autoencoder,136,0.058092
4,tflite_autoencoder,137,0.059111
4,tflite_autoencoder,138,0.058481
4,tflite_autoencoder,139,0.058555
4,tflite_autoencoder,140,0.058815
4,tflite_autoencoder,141,0.059036
4,tflite_autoencoder,142,0.058166
4,tflite_autoencoder,143,0.058371
4,tflite_autoencoder,144,0.059148
4,tflite_autoencoder,145,0.057722
4,tflite_autoencoder,146,0.068074
4,tflite_autoencoder,147,0.063481
4,tflite_autoencoder,148,0.059093
4,tflite_autoencoder,149,0.058703
4,tflite_autoencoder,150,0.058796
4,tflite_autoencoder,151,0.057777
4,tflite_autoencoder,152,0.058592
4,tflite_autoencoder,153,0.058667
4,tflite_autoencoder,154,0.058574
4,tflite_autoencoder,155,0.058407
4,tflite_autoencoder,156,0.059204
4,tflite_autoencoder,157,0.058629
4,tflite_autoencoder,158,0.058537
4,tflite_autoencoder,159,0.058444
4,tflite_autoencoder,160,0.058426
4,tflite_autoencoder,161,0.059888
4,tflite_autoencoder,162,0.058611
4,tflite_autoencoder,163,0.058611
4,tflite_autoencoder,164,0.058648
4,tflite_autoencoder,165,0.058871
4,tflite_autoencoder,166,0.058148
4,tflite_autoencoder,167,0.057352
4,tflite_autoencoder,168,0.05737
4,tflite_autoencoder,169,0.057759
4,tflite_autoencoder,170,0.057944
4,tflite_autoencoder,171,0.0575
4,tflite_autoencoder,172,0.057796
4,tflite_autoencoder,173,0.058315
4,tflite_autoencoder,174,0.058074
4,tflite_autoencoder,175,0.057445
4,tflite_autoencoder,176,0.057556
4,tflite_autoencoder,177,0.058204
4,tflite_autoencoder,178,0.057444
4,tflite_autoencoder,179,0.058351
4,tflite_autoencoder,180,0.057722
4,tflite_autoencoder,181,0.058278
4,tflite_autoencoder,182,0.058259
4,tflite_autoencoder,183,0.057797
4,tflite_autoencoder,184,0.0585
4,tflite_autoencoder,185,0.057592
4,tflite_autoencoder,186,0.057444
4,tflite_autoencoder,187,0.0575
4,tflite_autoencoder,188,0.057333
4,tflite_autoencoder,189,0.057963
4,tflite_autoencoder,190,0.057185
4,tflite_autoencoder,191,0.05776
4,tflite_autoencoder,192,0.057833
4,tflite_autoencoder,193,0.058555
4,tflite_autoencoder,194,0.057426
4,tflite_autoencoder,195,0.058111
4,tflite_autoencoder,196,0.058796
4,tflite_autoencoder,197,0.058926
4,tflite_autoencoder,198,0.058297
4,tflite_autoencoder,199,0.058723
4,tflite_autoencoder,200,0.058241
4,tflite_autoencoder,201,0.058666
4,tflite_autoencoder,202,0.059611
4,tflite_autoencoder,203,0.058
4,tflite_autoencoder,204,0.060296
4,tflite_autoencoder,205,0.057185
4,tflite_autoencoder,206,0.057908
4,tflite_autoencoder,207,0.057037
4,tflite_autoencoder,208,0.057
4,tflite_autoencoder,209,0.057278
4,tflite_autoencoder,210,0.057018
4,tflite_autoencoder,211,0.057611
4,tflite_autoencoder,212,0.057852
4,tflite_autoencoder,213,0.05763
4,tflite_autoencoder,214,0.074759
4,tflite_autoencoder,215,0.060519
4,tflite_autoencoder,216,0.058722
4,tflite_autoencoder,217,0.058407
4,tflite_autoencoder,218,0.057408
4,tflite_autoencoder,219,0.058778
4,tflite_autoencoder,220,0.057722
4,tflite_autoencoder,221,0.058611
4,tflite_autoencoder,222,0.05837
4,tflite_autoencoder,223,0.058537
4,tflite_autoencoder,224,0.058629
4,tflite_autoencoder,225,0.058796
4,tflite_autoencoder,226,0.058278
4,tflite_autoencoder,227,0.057481
4,tflite_autoencoder,228,0.057241
4,tflite_autoencoder,229,0.073222
4,tflite_autoencoder,230,0.059315
4,tflite_autoencoder,231,0.058093
4,tflite_autoencoder,232,0.058648
4,tflite_autoencoder,233,0.058555
4,tflite_autoencoder,234,0.058278
4,tflite_autoencoder,235,0.057352
4,tflite_autoencoder,236,0.057056
4,tflite_autoencoder,237,0.057407
4,tflite_autoencoder,238,0.057834
4,tflite_autoencoder,239,0.058981
4,tflite_autoencoder,240,0.058537
4,tflite_autoencoder,241,0.057592
4,tflite_autoencoder,242,0.057463
4,tflite_autoencoder,243,0.057426
4,tflite_autoencoder,244,0.05724
4,tflite_autoencoder,245,0.057
4,tflite_autoencoder,246,0.058111
4,tflite_autoencoder,247,0.05763
4,tflite_autoencoder,248,0.058111
4,tflite_autoencoder,249,0.057111
4,tflite_autoencoder,250,0.057778
4,tflite_autoencoder,251,0.056981
4,tflite_autoencoder,252,0.058482
4,tflite_autoencoder,253,0.057796
4,tflite_autoencoder,254,0.057537
4,tflite_autoencoder,255,0.057407
4,tflite_autoencoder,256,0.057185
4,tflite_autoencoder,257,0.057759
4,tflite_autoencoder,258,0.057555
4,tflite_autoencoder,259,0.058
4,tflite_autoencoder,260,0.0575
4,tflite_autoencoder,261,0.057518
4,tflite_autoencoder,262,0.057852
4,tflite_autoencoder,263,0.057333
4,tflite_autoencoder,264,0.05737
4,tflite_autoencoder,265,0.05713
4,tflite_autoencoder,266,0.057129
4,tflite_autoencoder,267,0.057963
4,tflite_autoencoder,268,0.058371
4,tflite_autoencoder,269,0.05787
4,tflite_autoencoder,270,0.057852
4,tflite_autoencoder,271,0.057445
4,tflite_autoencoder,272,0.057648
4,tflite_autoencoder,273,0.058074
4,tflite_autoencoder,274,0.060278
4,tflite_autoencoder,275,0.06237
4,tflite_autoencoder,276,0.067314
4,tflite_autoencoder,277,0.057741
4,tflite_autoencoder,278,0.057185
4,tflite_autoencoder,279,0.059
4,tflite_autoencoder,280,0.057648
4,tflite_autoencoder,281,0.07687
4,tflite_autoencoder,282,0.061407
4,tflite_autoencoder,283,0.058277
4,tflite_autoencoder,284,0.058111
4,tflite_autoencoder,285,0.058426
4,tflite_autoencoder,286,0.057185
4,tflite_autoencoder,287,0.057741
4,tflite_autoencoder,288,0.059223
4,tflite_autoencoder,289,0.059241
4,tflite_autoencoder,290,0.057389
4,tflite_autoencoder,291,0.057796
4,tflite_autoencoder,292,0.057185
4,tflite_autoencoder,293,0.05713
4,tflite_autoencoder,294,0.058129
4,tflite_autoencoder,295,0.057445
4,tflite_autoencoder,296,0.056944
4,tflite_autoencoder,297,0.058185
4,tflite_autoencoder,298,0.059426
4,tflite_autoencoder,299,0.057999
4,tflite_autoencoder,300,0.058315
4,tflite_autoencoder,301,0.057593
4,tflite_autoencoder,302,0.058074
4,tflite_autoencoder,303,0.057222
4,tflite_autoencoder,304,0.057278
4,tflite_autoencoder,305,0.057518
4,tflite_autoencoder,306,0.058111
4,tflite_autoencoder,307,0.057445
4,tflite_autoencoder,308,0.057351
4,tflite_autoencoder,309,0.058129
4,tflite_autoencoder,310,0.057481
4,tflite_autoencoder,311,0.058481
4,tflite_autoencoder,312,0.058074
4,tflite_autoencoder,313,0.057907
4,tflite_autoencoder,314,0.057425
4,tflite_autoencoder,315,0.058019
4,tflite_autoencoder,316,0.058593
4,tflite_autoencoder,317,0.058574
4,tflite_autoencoder,318,0.057759
4,tflite_autoencoder,319,0.0575
4,tflite_autoencoder,320,0.057537
4,tflite_autoencoder,321,0.057815
4,tflite_autoencoder,322,0.058
4,tflite_autoencoder,323,0.057537
4,tflite_autoencoder,324,0.057148
4,tflite_autoencoder,325,0.057426
4,tflite_autoencoder,326,0.058074
4,tflite_autoencoder,327,0.05826
4,tflite_autoencoder,328,0.057148
4,tflite_autoencoder,329,0.057518
4,tflite_autoencoder,330,0.058222
4,tflite_autoencoder,331,0.057481
4,tflite_autoencoder,332,0.058074
4,tflite_autoencoder,333,0.057944
4,tflite_autoencoder,334,0.057649
4,tflite_autoencoder,335,0.057926
4,tflite_autoencoder,336,0.057092
4,tflite_autoencoder,337,0.057389
4,tflite_autoencoder,338,0.05726
4,tflite_autoencoder,339,0.057482
4,tflite_autoencoder,340,0.057037
4,tflite_autoencoder,341,0.057593
4,tflite_autoencoder,342,0.057518
4,tflite_autoencoder,343,0.057
4,tflite_autoencoder,344,0.057444
4,tflite_autoencoder,345,0.056889
4,tflite_autoencoder,346,0.057592
4,tflite_autoencoder,347,0.057463
4,tflite_autoencoder,348,0.095481
4,tflite_autoencoder,349,0.072851
4,tflite_autoencoder,350,0.062
4,tflite_autoencoder,351,0.058426
4,tflite_autoencoder,352,0.057667
4,tflite_autoencoder,353,0.057926
4,tflite_autoencoder,354,0.058833
4,tflite_autoencoder,355,0.057926
4,tflite_autoencoder,356,0.072389
4,tflite_autoencoder,357,0.05887
4,tflite_autoencoder,358,0.058222
4,tflite_autoencoder,359,0.057871
4,tflite_autoencoder,360,0.057407
4,tflite_autoencoder,361,0.058
4,tflite_autoencoder,362,0.058
4,tflite_autoencoder,363,0.057241
4,tflite_autoencoder,364,0.058092
4,tflite_autoencoder,365,0.057222
4,tflite_autoencoder,366,0.058296
4,tflite_autoencoder,367,0.057
4,tflite_autoencoder,368,0.057704
4,tflite_autoencoder,369,0.058185
4,tflite_autoencoder,370,0.05787
4,tflite_autoencoder,371,0.057425
4,tflite_autoencoder,372,0.057944
4,tflite_autoencoder,373,0.057018
4,tflite_autoencoder,374,0.057463
4,tflite_autoencoder,375,0.057629
4,tflite_autoencoder,376,0.058037
4,tflite_autoencoder,377,0.057296
4,tflite_autoencoder,378,0.057167
4,tflite_autoencoder,379,0.057351
4,tflite_autoencoder,380,0.057481
4,tflite_autoencoder,381,0.057333
4,tflite_autoencoder,382,0.058037
4,tflite_autoencoder,383,0.057499
4,tflite_autoencoder,384,0.057833
4,tflite_autoencoder,385,0.057222
4,tflite_autoencoder,386,0.058093
4,tflite_autoencoder,387,0.057945
4,tflite_autoencoder,388,0.057611
4,tflite_autoencoder,389,0.057574
4,tflite_autoencoder,390,0.058241
4,tflite_autoencoder,391,0.058111
4,tflite_autoencoder,392,0.057685
4,tflite_autoencoder,393,0.058204
4,tflite_autoencoder,394,0.05813
4,tflite_autoencoder,395,0.057018
4,tflite_autoencoder,396,0.057722
4,tflite_autoencoder,397,0.058019
4,tflite_autoencoder,398,0.057056
4,tflite_autoencoder,399,0.058425
4,tflite_autoencoder,400,0.057241
4,tflite_autoencoder,401,0.057834
4,tflite_autoencoder,402,0.057
4,tflite_autoencoder,403,0.056945
4,tflite_autoencoder,404,0.057722
4,tflite_autoencoder,405,0.058166
4,tflite_autoencoder,406,0.057703
4,tflite_autoencoder,407,0.057352
4,tflite_autoencoder,408,0.057148
4,tflite_autoencoder,409,0.056963
4,tflite_autoencoder,410,0.057129
4,tflite_autoencoder,411,0.057259
4,tflite_autoencoder,412,0.0585
4,tflite_autoencoder,413,0.057611
4,tflite_autoencoder,414,0.056944
4,tflite_autoencoder,415,0.065555
4,tflite_autoencoder,416,0.063685
4,tflite_autoencoder,417,0.059481
4,tflite_autoencoder,418,0.057704
4,tflite_autoencoder,419,0.057241
4,tflite_autoencoder,420,0.057981
4,tflite_autoencoder,421,0.058666
4,tflite_autoencoder,422,0.058611
4,tflite_autoencoder,423,0.058296
4,tflite_autoencoder,424,0.058
4,tflite_autoencoder,425,0.057407
4,tflite_autoencoder,426,0.057167
4,tflite_autoencoder,427,0.057815
4,tflite_autoencoder,428,0.058314
4,tflite_autoencoder,429,0.058444
4,tflite_autoencoder,430,0.057241
4,tflite_autoencoder,431,0.058463
4,tflite_autoencoder,432,0.057723
4,tflite_autoencoder,433,0.058907
4,tflite_autoencoder,434,0.058926
4,tflite_autoencoder,435,0.057574
4,tflite_autoencoder,436,0.05837
4,tflite_autoencoder,437,0.058167
4,tflite_autoencoder,438,0.057407
4,tflite_autoencoder,439,0.05774
4,tflite_autoencoder,440,0.057611
4,tflite_autoencoder,441,0.057593
4,tflite_autoencoder,442,0.057723
4,tflite_autoencoder,443,0.05863
4,tflite_autoencoder,444,0.058314
4,tflite_autoencoder,445,0.057
4,tflite_autoencoder,446,0.058296
4,tflite_autoencoder,447,0.058019
4,tflite_autoencoder,448,0.057889
4,tflite_autoencoder,449,0.058499
4,tflite_autoencoder,450,0.057666
4,tflite_autoencoder,451,0.057518
4,tflite_autoencoder,452,0.057778
4,tflite_autoencoder,453,0.057445
4,tflite_autoencoder,454,0.057352
4,tflite_autoencoder,455,0.058055
4,tflite_autoencoder,456,0.057778
4,tflite_autoencoder,457,0.057889
4,tflite_autoencoder,458,0.057185
4,tflite_autoencoder,459,0.057852
4,tflite_autoencoder,460,0.058092
4,tflite_autoencoder,461,0.057537
4,tflite_autoencoder,462,0.056778
4,tflite_autoencoder,463,0.056778
4,tflite_autoencoder,464,0.056963
4,tflite_autoencoder,465,0.057685
4,tflite_autoencoder,466,0.057204
4,tflite_autoencoder,467,0.058148
4,tflite_autoencoder,468,0.057315
4,tflite_autoencoder,469,0.058426
4,tflite_autoencoder,470,0.057444
4,tflite_autoencoder,471,0.057093
4,tflite_autoencoder,472,0.057907
4,tflite_autoencoder,473,0.058074
4,tflite_autoencoder,474,0.057352
4,tflite_autoencoder,475,0.058186
4,tflite_autoencoder,476,0.057481
4,tflite_autoencoder,477,0.057982
4,tflite_autoencoder,478,0.057407
4,tflite_autoencoder,479,0.057074
4,tflite_autoencoder,480,0.057315
4,tflite_autoencoder,481,0.058537
4,tflite_autoencoder,482,0.0595
4,tflite_autoencoder,483,0.083611
4,tflite_autoencoder,484,0.059852
4,tflite_autoencoder,485,0.058018
4,tflite_autoencoder,486,0.057463
4,tflite_autoencoder,487,0.058203
4,tflite_autoencoder,488,0.057945
4,tflite_autoencoder,489,0.058166
4,tflite_autoencoder,490,0.058333
4,tflite_autoencoder,491,0.058334
4,tflite_autoencoder,492,0.058129
4,tflite_autoencoder,493,0.057908
4,tflite_autoencoder,494,0.057314
4,tflite_autoencoder,495,0.058204
4,tflite_autoencoder,496,0.057593
4,tflite_autoencoder,497,0.058518
4,tflite_autoencoder,498,0.057592
4,tflite_autoencoder,499,0.057537
4,tflite_autoencoder,500,0.058537
4,tflite_autoencoder,501,0.05876
4,tflite_autoencoder,502,0.058297
4,tflite_autoencoder,503,0.058593
4,tflite_autoencoder,504,0.058204
4,tflite_autoencoder,505,0.057185
4,tflite_autoencoder,506,0.057463
4,tflite_autoencoder,507,0.057426
4,tflite_autoencoder,508,0.057204
4,tflite_autoencoder,509,0.057408
4,tflite_autoencoder,510,0.057426
4,tflite_autoencoder,511,0.057407
4,tflite_autoencoder,512,0.05787
4,tflite_autoencoder,513,0.057611
4,tflite_autoencoder,514,0.057629
4,tflite_autoencoder,515,0.0575
4,tflite_autoencoder,516,0.057186
4,tflite_autoencoder,517,0.058389
4,tflite_autoencoder,518,0.057723
4,tflite_autoencoder,519,0.057499
4,tflite_autoencoder,520,0.0585
4,tflite_autoencoder,521,0.057611
4,tflite_autoencoder,522,0.057204
4,tflite_autoencoder,523,0.057129
4,tflite_autoencoder,524,0.058074
4,tflite_autoencoder,525,0.058703
4,tflite_autoencoder,526,0.059
4,tflite_autoencoder,527,0.058574
4,tflite_autoencoder,528,0.058074
4,tflite_autoencoder,529,0.057685
4,tflite_autoencoder,530,0.058314
4,tflite_autoencoder,531,0.057685
4,tflite_autoencoder,532,0.057556
4,tflite_autoencoder,533,0.057852
4,tflite_autoencoder,534,0.057259
4,tflite_autoencoder,535,0.058667
4,tflite_autoencoder,536,0.058166
4,tflite_autoencoder,537,0.058167
4,tflite_autoencoder,538,0.057741
4,tflite_autoencoder,539,0.057574
4,tflite_autoencoder,540,0.057036
4,tflite_autoencoder,541,0.057445
4,tflite_autoencoder,542,0.057296
4,tflite_autoencoder,543,0.058482
4,tflite_autoencoder,544,0.057167
4,tflite_autoencoder,545,0.057852
4,tflite_autoencoder,546,0.057611
4,tflite_autoencoder,547,0.057536
4,tflite_autoencoder,548,0.056815
4,tflite_autoencoder,549,0.057889
4,tflite_autoencoder,550,0.056963
4,tflite_autoencoder,551,0.073722
4,tflite_autoencoder,552,0.060167
4,tflite_autoencoder,553,0.057796
4,tflite_autoencoder,554,0.057241
4,tflite_autoencoder,555,0.058093
4,tflite_autoencoder,556,0.058852
4,tflite_autoencoder,557,0.058333
4,tflite_autoencoder,558,0.057296
4,tflite_autoencoder,559,0.057611
4,tflite_autoencoder,560,0.057815
4,tflite_autoencoder,561,0.057555
4,tflite_autoencoder,562,0.056926
4,tflite_autoencoder,563,0.057556
4,tflite_autoencoder,564,0.057648
4,tflite_autoencoder,565,0.057389
4,tflite_autoencoder,566,0.057203
4,tflite_autoencoder,567,0.057074
4,tflite_autoencoder,568,0.057611
4,tflite_autoencoder,569,0.059222
4,tflite_autoencoder,570,0.058555
4,tflite_autoencoder,571,0.058519
4,tflite_autoencoder,572,0.057556
4,tflite_autoencoder,573,0.057445
4,tflite_autoencoder,574,0.057444
4,tflite_autoencoder,575,0.058592
4,tflite_autoencoder,576,0.0575
4,tflite_autoencoder,577,0.057907
4,tflite_autoencoder,578,0.057407
4,tflite_autoencoder,579,0.058259
4,tflite_autoencoder,580,0.058241
4,tflite_autoencoder,581,0.058648
4,tflite_autoencoder,582,0.057518
4,tflite_autoencoder,583,0.057741
4,tflite_autoencoder,584,0.057925
4,tflite_autoencoder,585,0.057333
4,tflite_autoencoder,586,0.057111
4,tflite_autoencoder,587,0.057111
4,tflite_autoencoder,588,0.058185
4,tflite_autoencoder,589,0.058518
4,tflite_autoencoder,590,0.057537
4,tflite_autoencoder,591,0.057648
4,tflite_autoencoder,592,0.057777
4,tflite_autoencoder,593,0.058
4,tflite_autoencoder,594,0.057407
4,tflite_autoencoder,595,0.057055
4,tflite_autoencoder,596,0.057889
4,tflite_autoencoder,597,0.058703
4,tflite_autoencoder,598,0.05826
4,tflite_autoencoder,599,0.057463
4,tflite_autoencoder,600,0.057315
4,tflite_autoencoder,601,0.0575
4,tflite_autoencoder,602,0.057908
4,tflite_autoencoder,603,0.05687
4,tflite_autoencoder,604,0.058518
4,tflite_autoencoder,605,0.057852
4,tflite_autoencoder,606,0.057166
4,tflite_autoencoder,607,0.057963
4,tflite_autoencoder,608,0.05713
4,tflite_autoencoder,609,0.057019
4,tflite_autoencoder,610,0.0705
4,tflite_autoencoder,611,0.059092
4,tflite_autoencoder,612,0.058204
4,tflite_autoencoder,613,0.057371
4,tflite_autoencoder,614,0.057482
4,tflite_autoencoder,615,0.057722
4,tflite_autoencoder,616,0.057186
4,tflite_autoencoder,617,0.057074
4,tflite_autoencoder,618,0.073944
4,tflite_autoencoder,619,0.062389
4,tflite_autoencoder,620,0.059314
4,tflite_autoencoder,621,0.05813
4,tflite_autoencoder,622,0.058278
4,tflite_autoencoder,623,0.057611
4,tflite_autoencoder,624,0.057963
4,tflite_autoencoder,625,0.057333
4,tflite_autoencoder,626,0.057704
4,tflite_autoencoder,627,0.057611
4,tflite_autoencoder,628,0.0575
4,tflite_autoencoder,629,0.057963
4,tflite_autoencoder,630,0.058963
4,tflite_autoencoder,631,0.058907
4,tflite_autoencoder,632,0.057592
4,tflite_autoencoder,633,0.057667
4,tflite_autoencoder,634,0.057574
4,tflite_autoencoder,635,0.057463
4,tflite_autoencoder,636,0.058241
4,tflite_autoencoder,637,0.057704
4,tflite_autoencoder,638,0.057296
4,tflite_autoencoder,639,0.058129
4,tflite_autoencoder,640,0.057056
4,tflite_autoencoder,641,0.057945
4,tflite_autoencoder,642,0.057259
4,tflite_autoencoder,643,0.05674
4,tflite_autoencoder,644,0.05713
4,tflite_autoencoder,645,0.057704
4,tflite_autoencoder,646,0.057389
4,tflite_autoencoder,647,0.056704
4,tflite_autoencoder,648,0.057703
4,tflite_autoencoder,649,0.057296
4,tflite_autoencoder,650,0.058278
4,tflite_autoencoder,651,0.058018
4,tflite_autoencoder,652,0.057056
4,tflite_autoencoder,653,0.057685
4,tflite_autoencoder,654,0.057241
4,tflite_autoencoder,655,0.05713
4,tflite_autoencoder,656,0.058
4,tflite_autoencoder,657,0.058555
4,tflite_autoencoder,658,0.059334
4,tflite_autoencoder,659,0.058185
4,tflite_autoencoder,660,0.058445
4,tflite_autoencoder,661,0.058815
4,tflite_autoencoder,662,0.058704
4,tflite_autoencoder,663,0.058463
4,tflite_autoencoder,664,0.057444
4,tflite_autoencoder,665,0.057574
4,tflite_autoencoder,666,0.057129
4,tflite_autoencoder,667,0.056704
4,tflite_autoencoder,668,0.057703
4,tflite_autoencoder,669,0.05863
4,tflite_autoencoder,670,0.057074
4,tflite_autoencoder,671,0.057093
4,tflite_autoencoder,672,0.057222
4,tflite_autoencoder,673,0.058167
4,tflite_autoencoder,674,0.057407
4,tflite_autoencoder,675,0.057888
4,tflite_autoencoder,676,0.057222
4,tflite_autoencoder,677,0.057408
4,tflite_autoencoder,678,0.057333
4,tflite_autoencoder,679,0.057297
4,tflite_autoencoder,680,0.057759
4,tflite_autoencoder,681,0.057019
4,tflite_autoencoder,682,0.057148
4,tflite_autoencoder,683,0.057481
4,tflite_autoencoder,684,0.057537
4,tflite_autoencoder,685,0.057463
4,tflite_autoencoder,686,0.071741
4,tflite_autoencoder,687,0.06174
4,tflite_autoencoder,688,0.058796
4,tflite_autoencoder,689,0.058666
4,tflite_autoencoder,690,0.057796
4,tflite_autoencoder,691,0.058111
4,tflite_autoencoder,692,0.057889
4,tflite_autoencoder,693,0.057926
4,tflite_autoencoder,694,0.057407
4,tflite_autoencoder,695,0.058425
4,tflite_autoencoder,696,0.058407
4,tflite_autoencoder,697,0.057963
4,tflite_autoencoder,698,0.057019
4,tflite_autoencoder,699,0.057777
4,tflite_autoencoder,700,0.056815
4,tflite_autoencoder,701,0.056778
4,tflite_autoencoder,702,0.057704
4,tflite_autoencoder,703,0.057277
4,tflite_autoencoder,704,0.057019
4,tflite_autoencoder,705,0.058167
4,tflite_autoencoder,706,0.058926
4,tflite_autoencoder,707,0.057907
4,tflite_autoencoder,708,0.057278
4,tflite_autoencoder,709,0.059704
4,tflite_autoencoder,710,0.059611
4,tflite_autoencoder,711,0.058759
4,tflite_autoencoder,712,0.058888
4,tflite_autoencoder,713,0.058334
4,tflite_autoencoder,714,0.058907
4,tflite_autoencoder,715,0.058889
4,tflite_autoencoder,716,0.058519
4,tflite_autoencoder,717,0.059759
4,tflite_autoencoder,718,0.0575
4,tflite_autoencoder,719,0.058463
4,tflite_autoencoder,720,0.058074
4,tflite_autoencoder,721,0.05874
4,tflite_autoencoder,722,0.057926
4,tflite_autoencoder,723,0.057852
4,tflite_autoencoder,724,0.057
4,tflite_autoencoder,725,0.057129
4,tflite_autoencoder,726,0.057759
4,tflite_autoencoder,727,0.057945
4,tflite_autoencoder,728,0.057481
4,tflite_autoencoder,729,0.058574
4,tflite_autoencoder,730,0.05837
4,tflite_autoencoder,731,0.057852
4,tflite_autoencoder,732,0.057037
4,tflite_autoencoder,733,0.056889
4,tflite_autoencoder,734,0.056982
4,tflite_autoencoder,735,0.058185
4,tflite_autoencoder,736,0.05837
4,tflite_autoencoder,737,0.072926
4,tflite_autoencoder,738,0.060944
4,tflite_autoencoder,739,0.058426
4,tflite_autoencoder,740,0.057796
4,tflite_autoencoder,741,0.058222
4,tflite_autoencoder,742,0.057463
4,tflite_autoencoder,743,0.056889
4,tflite_autoencoder,744,0.058074
4,tflite_autoencoder,745,0.057574
4,tflite_autoencoder,746,0.057851
4,tflite_autoencoder,747,0.057907
4,tflite_autoencoder,748,0.057648
4,tflite_autoencoder,749,0.058204
4,tflite_autoencoder,750,0.057167
4,tflite_autoencoder,751,0.058259
4,tflite_autoencoder,752,0.057241
4,tflite_autoencoder,753,0.074777
4,tflite_autoencoder,754,0.064352
4,tflite_autoencoder,755,0.058963
4,tflite_autoencoder,756,0.058593
4,tflite_autoencoder,757,0.058907
4,tflite_autoencoder,758,0.058092
4,tflite_autoencoder,759,0.056815
4,tflite_autoencoder,761,0.058352
4,tflite_autoencoder,762,0.058759
4,tflite_autoencoder,763,0.057611
4,tflite_autoencoder,764,0.058223
4,tflite_autoencoder,765,0.057463
4,tflite_autoencoder,766,0.057685
4,tflite_autoencoder,767,0.057148
4,tflite_autoencoder,768,0.056833
4,tflite_autoencoder,769,0.058685
4,tflite_autoencoder,770,0.058092
4,tflite_autoencoder,771,0.058296
4,tflite_autoencoder,772,0.057778
4,tflite_autoencoder,773,0.057851
4,tflite_autoencoder,774,0.05737
4,tflite_autoencoder,775,0.056815
4,tflite_autoencoder,776,0.058111
4,tflite_autoencoder,777,0.058518
4,tflite_autoencoder,778,0.058611
4,tflite_autoencoder,779,0.057352
4,tflite_autoencoder,780,0.057741
4,tflite_autoencoder,781,0.057111
4,tflite_autoencoder,782,0.057352
4,tflite_autoencoder,783,0.057167
4,tflite_autoencoder,784,0.05813
4,tflite_autoencoder,785,0.057648
4,tflite_autoencoder,786,0.058259
4,tflite_autoencoder,787,0.057537
4,tflite_autoencoder,788,0.057574
4,tflite_autoencoder,789,0.057574
4,tflite_autoencoder,790,0.057259
4,tflite_autoencoder,791,0.058296
4,tflite_autoencoder,792,0.057629
4,tflite_autoencoder,793,0.057982
4,tflite_autoencoder,794,0.058037
4,tflite_autoencoder,795,0.057388
4,tflite_autoencoder,796,0.057685
4,tflite_autoencoder,797,0.057723
4,tflite_autoencoder,798,0.057037
4,tflite_autoencoder,799,0.057981
4,tflite_autoencoder,800,0.057481
4,tflite_autoencoder,801,0.057444
4,tflite_autoencoder,802,0.057093
4,tflite_autoencoder,803,0.057
4,tflite_autoencoder,804,0.057333
4,tflite_autoencoder,805,0.057185
4,tflite_autoencoder,806,0.057926
4,tflite_autoencoder,807,0.057407
4,tflite_autoencoder,808,0.057222
4,tflite_autoencoder,809,0.056334
4,tflite_autoencoder,810,0.057611
4,tflite_autoencoder,811,0.057185
4,tflite_autoencoder,812,0.057167
4,tflite_autoencoder,813,0.05713
4,tflite_autoencoder,814,0.057315
4,tflite_autoencoder,815,0.058037
4,tflite_autoencoder,816,0.05837
4,tflite_autoencoder,817,0.058648
4,tflite_autoencoder,818,0.058055
4,tflite_autoencoder,819,0.057648
4,tflite_autoencoder,820,0.058833
4,tflite_autoencoder,821,0.058185
4,tflite_autoencoder,822,0.079055
4,tflite_autoencoder,823,0.063611
4,tflite_autoencoder,824,0.058481
4,tflite_autoencoder,825,0.057981
4,tflite_autoencoder,826,0.058
4,tflite_autoencoder,827,0.058259
4,tflite_autoencoder,828,0.058055
4,tflite_autoencoder,829,0.058593
4,tflite_autoencoder,830,0.058815
4,tflite_autoencoder,831,0.057296
4,tflite_autoencoder,832,0.057407
4,tflite_autoencoder,833,0.057555
4,tflite_autoencoder,834,0.057074
4,tflite_autoencoder,835,0.057944
4,tflite_autoencoder,836,0.058426
4,tflite_autoencoder,837,0.057759
4,tflite_autoencoder,838,0.058167
4,tflite_autoencoder,839,0.058445
4,tflite_autoencoder,840,0.0575
4,tflite_autoencoder,841,0.057371
4,tflite_autoencoder,842,0.058519
4,tflite_autoencoder,843,0.057815
4,tflite_autoencoder,844,0.058592
4,tflite_autoencoder,845,0.05713
4,tflite_autoencoder,846,0.057648
4,tflite_autoencoder,847,0.057537
4,tflite_autoencoder,848,0.057426
4,tflite_autoencoder,849,0.056778
4,tflite_autoencoder,850,0.057204
4,tflite_autoencoder,851,0.057778
4,tflite_autoencoder,852,0.057593
4,tflite_autoencoder,853,0.057537
4,tflite_autoencoder,854,0.058351
4,tflite_autoencoder,855,0.057982
4,tflite_autoencoder,856,0.058351
4,tflite_autoencoder,857,0.057833
4,tflite_autoencoder,858,0.0585
4,tflite_autoencoder,859,0.0575
4,tflite_autoencoder,860,0.057351
4,tflite_autoencoder,861,0.058167
4,tflite_autoencoder,862,0.059111
4,tflite_autoencoder,863,0.058129
4,tflite_autoencoder,864,0.057334
4,tflite_autoencoder,865,0.0675
4,tflite_autoencoder,866,0.059352
4,tflite_autoencoder,867,0.057259
4,tflite_autoencoder,868,0.057722
4,tflite_autoencoder,869,0.057389
4,tflite_autoencoder,870,0.057093
4,tflite_autoencoder,871,0.057
4,tflite_autoencoder,872,0.057259
4,tflite_autoencoder,873,0.058
4,tflite_autoencoder,874,0.057741
4,tflite_autoencoder,875,0.058611
4,tflite_autoencoder,876,0.058203
4,tflite_autoencoder,877,0.057611
4,tflite_autoencoder,878,0.058611
4,tflite_autoencoder,879,0.057741
4,tflite_autoencoder,880,0.057704
4,tflite_autoencoder,881,0.057407
4,tflite_autoencoder,882,0.058203
4,tflite_autoencoder,883,0.058371
4,tflite_autoencoder,884,0.06413
4,tflite_autoencoder,885,0.058296
4,tflite_autoencoder,886,0.057648
4,tflite_autoencoder,887,0.057389
4,tflite_autoencoder,888,0.060148
4,tflite_autoencoder,889,0.075611
4,tflite_autoencoder,890,0.0615
4,tflite_autoencoder,891,0.057981
4,tflite_autoencoder,892,0.058203
4,tflite_autoencoder,893,0.058185
4,tflite_autoencoder,894,0.057593
4,tflite_autoencoder,895,0.057056
4,tflite_autoencoder,896,0.057796
4,tflite_autoencoder,897,0.058148
4,tflite_autoencoder,898,0.057981
4,tflite_autoencoder,899,0.05826
4,tflite_autoencoder,900,0.057259
4,tflite_autoencoder,901,0.057574
4,tflite_autoencoder,902,0.057222
4,tflite_autoencoder,903,0.057556
4,tflite_autoencoder,904,0.058333
4,tflite_autoencoder,905,0.058259
4,tflite_autoencoder,906,0.058445
4,tflite_autoencoder,907,0.058092
4,tflite_autoencoder,908,0.057555
4,tflite_autoencoder,909,0.057
4,tflite_autoencoder,910,0.056852
4,tflite_autoencoder,911,0.057259
4,tflite_autoencoder,912,0.058222
4,tflite_autoencoder,913,0.057592
4,tflite_autoencoder,914,0.057648
4,tflite_autoencoder,915,0.057611
4,tflite_autoencoder,916,0.060796
4,tflite_autoencoder,917,0.059036
4,tflite_autoencoder,918,0.057981
4,tflite_autoencoder,919,0.057963
4,tflite_autoencoder,920,0.057962
4,tflite_autoencoder,921,0.057648
4,tflite_autoencoder,922,0.057519
4,tflite_autoencoder,923,0.058222
4,tflite_autoencoder,924,0.057148
4,tflite_autoencoder,925,0.05774
4,tflite_autoencoder,926,0.057167
4,tflite_autoencoder,927,0.057944
4,tflite_autoencoder,928,0.057815
4,tflite_autoencoder,929,0.057574
4,tflite_autoencoder,930,0.05726
4,tflite_autoencoder,931,0.058667
4,tflite_autoencoder,932,0.057796
4,tflite_autoencoder,933,0.057778
4,tflite_autoencoder,934,0.058
4,tflite_autoencoder,935,0.057186
4,tflite_autoencoder,936,0.057037
4,tflite_autoencoder,937,0.057611
4,tflite_autoencoder,938,0.057648
4,tflite_autoencoder,939,0.058666
4,tflite_autoencoder,940,0.057945
4,tflite_autoencoder,941,0.058648
4,tflite_autoencoder,942,0.05874
4,tflite_autoencoder,943,0.057426
4,tflite_autoencoder,944,0.058296
4,tflite_autoencoder,945,0.058444
4,tflite_autoencoder,946,0.057945
4,tflite_autoencoder,947,0.057037
4,tflite_autoencoder,948,0.057722
4,tflite_autoencoder,949,0.058037
4,tflite_autoencoder,950,0.057056
4,tflite_autoencoder,951,0.058093
4,tflite_autoencoder,952,0.056944
4,tflite_autoencoder,953,0.057222
4,tflite_autoencoder,954,0.057351
4,tflite_autoencoder,955,0.057945
4,tflite_autoencoder,956,0.066055
4,tflite_autoencoder,957,0.063537
4,tflite_autoencoder,958,0.058704
4,tflite_autoencoder,959,0.057611
4,tflite_autoencoder,960,0.057148
4,tflite_autoencoder,961,0.058204
4,tflite_autoencoder,962,0.057555
4,tflite_autoencoder,963,0.05813
4,tflite_autoencoder,964,0.057093
4,tflite_autoencoder,965,0.057352
4,tflite_autoencoder,966,0.05737
4,tflite_autoencoder,967,0.058074
4,tflite_autoencoder,968,0.058167
4,tflite_autoencoder,969,0.058185
4,tflite_autoencoder,970,0.057592
4,tflite_autoencoder,971,0.057129
4,tflite_autoencoder,972,0.057481
4,tflite_autoencoder,973,0.057185
4,tflite_autoencoder,974,0.058666
4,tflite_autoencoder,975,0.058814
4,tflite_autoencoder,976,0.05824
4,tflite_autoencoder,977,0.057334
4,tflite_autoencoder,978,0.058185
4,tflite_autoencoder,979,0.058592
4,tflite_autoencoder,980,0.058389
4,tflite_autoencoder,981,0.058185
4,tflite_autoencoder,982,0.057481
4,tflite_autoencoder,983,0.0585
4,tflite_autoencoder,984,0.056889
4,tflite_autoencoder,985,0.058518
4,tflite_autoencoder,986,0.057704
4,tflite_autoencoder,987,0.057685
4,tflite_autoencoder,988,0.0575
4,tflite_autoencoder,989,0.058593
4,tflite_autoencoder,990,0.05737
4,tflite_autoencoder,991,0.058241
4,tflite_autoencoder,992,0.068352
4,tflite_autoencoder,993,0.0585
4,tflite_autoencoder,994,0.057741
4,tflite_autoencoder,995,0.057648
4,tflite_autoencoder,996,0.057999
4,tflite_autoencoder,997,0.058482
4,tflite_autoencoder,998,0.058056
4,tflite_autoencoder,999,0.057703
4,tflite_autoencoder,1000,0.057611
4,tflite_autoencoder,1001,0.057259
4,tflite_autoencoder,1002,0.057371
4,tflite_autoencoder,1003,0.057963
4,tflite_autoencoder,1004,0.057629
4,tflite_autoencoder,1005,0.057371
4,tflite_autoencoder,1006,0.057462
4,tflite_autoencoder,1007,0.057833
4,tflite_autoencoder,1008,0.057926
4,tflite_autoencoder,1009,0.057982
4,tflite_autoencoder,1010,0.057611
4,tflite_autoencoder,1011,0.058592
4,tflite_autoencoder,1012,0.058074
4,tflite_autoencoder,1013,0.057481
4,tflite_autoencoder,1014,0.057185
4,tflite_autoencoder,1015,0.057
4,tflite_autoencoder,1016,0.057019
4,tflite_autoencoder,1017,0.057703
4,tflite_autoencoder,1018,0.057093
4,tflite_autoencoder,1019,0.057277
4,tflite_autoencoder,1020,0.056851
4,tflite_autoencoder,1021,0.056666
4,tflite_autoencoder,1022,0.057333
4,tflite_autoencoder,1023,0.058333
4,tflite_autoencoder,1024,0.070203
4,tflite_autoencoder,1025,0.059741
4,tflite_autoencoder,1026,0.05876
4,tflite_autoencoder,1027,0.058629
4,tflite_autoencoder,1028,0.058556
4,tflite_autoencoder,1029,0.058797
4,tflite_autoencoder,1030,0.058537
4,tflite_autoencoder,1031,0.058834
4,tflite_autoencoder,1032,0.058926
4,tflite_autoencoder,1033,0.057648
4,tflite_autoencoder,1034,0.058149
4,tflite_autoencoder,1035,0.058093
4,tflite_autoencoder,1036,0.057777
4,tflite_autoencoder,1037,0.057814
4,tflite_autoencoder,1038,0.057203
4,tflite_autoencoder,1039,0.058389
4,tflite_autoencoder,1040,0.057444
4,tflite_autoencoder,1041,0.057519
4,tflite_autoencoder,1042,0.058925
4,tflite_autoencoder,1043,0.058851
4,tflite_autoencoder,1044,0.058593
4,tflite_autoencoder,1045,0.057296
4,tflite_autoencoder,1046,0.057889
4,tflite_autoencoder,1047,0.056777
4,tflite_autoencoder,1048,0.057352
4,tflite_autoencoder,1049,0.057852
4,tflite_autoencoder,1050,0.057888
4,tflite_autoencoder,1051,0.057777
4,tflite_autoencoder,1052,0.058277
4,tflite_autoencoder,1053,0.058537
4,tflite_autoencoder,1054,0.05824
4,tflite_autoencoder,1055,0.058944
4,tflite_autoencoder,1056,0.058851
4,tflite_autoencoder,1057,0.058445
4,tflite_autoencoder,1058,0.058074
4,tflite_autoencoder,1059,0.057944
4,tflite_autoencoder,1060,0.057851
4,tflite_autoencoder,1061,0.057759
4,tflite_autoencoder,1062,0.056704
4,tflite_autoencoder,1063,0.057889
4,tflite_autoencoder,1064,0.05713
4,tflite_autoencoder,1065,0.057963
4,tflite_autoencoder,1066,0.058296
4,tflite_autoencoder,1067,0.056815
4,tflite_autoencoder,1068,0.056871
4,tflite_autoencoder,1069,0.056667
4,tflite_autoencoder,1070,0.058204
4,tflite_autoencoder,1071,0.058574
4,tflite_autoencoder,1072,0.057667
4,tflite_autoencoder,1073,0.057444
4,tflite_autoencoder,1074,0.057055
4,tflite_autoencoder,1075,0.057518
4,tflite_autoencoder,1076,0.057166
4,tflite_autoencoder,1077,0.057389
4,tflite_autoencoder,1078,0.057796
4,tflite_autoencoder,1079,0.057462
4,tflite_autoencoder,1080,0.057203
4,tflite_autoencoder,1081,0.057444
4,tflite_autoencoder,1082,0.058111
4,tflite_autoencoder,1083,0.057037
4,tflite_autoencoder,1084,0.058277
4,tflite_autoencoder,1085,0.058259
4,tflite_autoencoder,1086,0.0585
4,tflite_autoencoder,1087,0.058963
4,tflite_autoencoder,1088,0.057537
4,tflite_autoencoder,1089,0.058074
4,tflite_autoencoder,1090,0.056834
4,tflite_autoencoder,1091,0.057333
4,tflite_autoencoder,1092,0.069334
4,tflite_autoencoder,1093,0.059482
4,tflite_autoencoder,1094,0.057888
4,tflite_autoencoder,1095,0.058426
4,tflite_autoencoder,1096,0.057963
4,tflite_autoencoder,1097,0.058111
4,tflite_autoencoder,1098,0.059407
4,tflite_autoencoder,1099,0.057963
4,tflite_autoencoder,1100,0.057926
4,tflite_autoencoder,1101,0.057296
4,tflite_autoencoder,1102,0.057667
4,tflite_autoencoder,1103,0.057056
4,tflite_autoencoder,1104,0.057981
4,tflite_autoencoder,1105,0.058389
4,tflite_autoencoder,1106,0.057444
4,tflite_autoencoder,1107,0.058278
4,tflite_autoencoder,1108,0.057463
4,tflite_autoencoder,1109,0.057814
4,tflite_autoencoder,1110,0.057814
4,tflite_autoencoder,1111,0.057277
4,tflite_autoencoder,1112,0.057759
4,tflite_autoencoder,1113,0.058111
4,tflite_autoencoder,1114,0.05824
4,tflite_autoencoder,1115,0.057278
4,tflite_autoencoder,1116,0.057241
4,tflite_autoencoder,1117,0.056963
4,tflite_autoencoder,1118,0.056963
4,tflite_autoencoder,1119,0.070074
4,tflite_autoencoder,1120,0.058482
4,tflite_autoencoder,1121,0.057334
4,tflite_autoencoder,1122,0.057648
4,tflite_autoencoder,1123,0.057481
4,tflite_autoencoder,1124,0.058148
4,tflite_autoencoder,1125,0.057759
4,tflite_autoencoder,1126,0.057963
4,tflite_autoencoder,1127,0.058296
4,tflite_autoencoder,1128,0.057519
4,tflite_autoencoder,1129,0.057018
4,tflite_autoencoder,1130,0.057334
4,tflite_autoencoder,1131,0.058018
4,tflite_autoencoder,1132,0.056759
4,tflite_autoencoder,1133,0.056759
4,tflite_autoencoder,1134,0.057574
4,tflite_autoencoder,1135,0.057204
4,tflite_autoencoder,1136,0.057204
4,tflite_autoencoder,1137,0.056852
4,tflite_autoencoder,1138,0.057148
4,tflite_autoencoder,1139,0.056926
4,tflite_autoencoder,1140,0.056611
4,tflite_autoencoder,1141,0.057055
4,tflite_autoencoder,1142,0.057334
4,tflite_autoencoder,1143,0.057407
4,tflite_autoencoder,1144,0.057074
4,tflite_autoencoder,1145,0.056888
4,tflite_autoencoder,1146,0.058148
4,tflite_autoencoder,1147,0.057574
4,tflite_autoencoder,1148,0.057111
4,tflite_autoencoder,1149,0.057129
4,tflite_autoencoder,1150,0.056834
4,tflite_autoencoder,1151,0.057685
4,tflite_autoencoder,1152,0.057685
4,tflite_autoencoder,1153,0.057296
4,tflite_autoencoder,1154,0.057111
4,tflite_autoencoder,1155,0.058222
4,tflite_autoencoder,1156,0.057074
4,tflite_autoencoder,1157,0.058
4,tflite_autoencoder,1158,0.058629
4,tflite_autoencoder,1159,0.066222
4,tflite_autoencoder,1160,0.064815
4,tflite_autoencoder,1161,0.059278
4,tflite_autoencoder,1162,0.057871
4,tflite_autoencoder,1163,0.058352
4,tflite_autoencoder,1164,0.057908
4,tflite_autoencoder,1165,0.057741
4,tflite_autoencoder,1166,0.057889
4,tflite_autoencoder,1167,0.057926
4,tflite_autoencoder,1168,0.057518
4,tflite_autoencoder,1169,0.057667
4,tflite_autoencoder,1170,0.056741
4,tflite_autoencoder,1171,0.058259
4,tflite_autoencoder,1172,0.057556
4,tflite_autoencoder,1173,0.058
4,tflite_autoencoder,1174,0.057888
4,tflite_autoencoder,1175,0.064722
4,tflite_autoencoder,1176,0.058426
4,tflite_autoencoder,1177,0.057852
4,tflite_autoencoder,1178,0.057629
4,tflite_autoencoder,1179,0.057278
4,tflite_autoencoder,1180,0.057574
4,tflite_autoencoder,1181,0.059222
4,tflite_autoencoder,1182,0.058019
4,tflite_autoencoder,1183,0.056704
4,tflite_autoencoder,1184,0.057259
4,tflite_autoencoder,1185,0.057222
4,tflite_autoencoder,1186,0.056833
4,tflite_autoencoder,1187,0.057593
4,tflite_autoencoder,1188,0.061222
4,tflite_autoencoder,1189,0.064241
4,tflite_autoencoder,1190,0.066093
4,tflite_autoencoder,1191,0.067019
4,tflite_autoencoder,1192,0.069203
4,tflite_autoencoder,1193,0.086241
4,tflite_autoencoder,1194,0.092463
4,tflite_autoencoder,1195,0.084296
4,tflite_autoencoder,1196,0.093351
4,tflite_autoencoder,1197,0.106611
4,tflite_autoencoder,1198,0.115352
4,tflite_autoencoder,1199,0.106315
4,tflite_autoencoder,1200,0.072444
4,tflite_autoencoder,1201,0.068556
4,tflite_autoencoder,1202,0.064592
4,tflite_autoencoder,1203,0.064888
4,tflite_autoencoder,1204,0.070277
4,tflite_autoencoder,1205,0.064463
4,tflite_autoencoder,1206,0.061222
4,tflite_autoencoder,1207,0.064815
4,tflite_autoencoder,1208,0.063667
4,tflite_autoencoder,1209,0.058185
4,tflite_autoencoder,1210,0.059
4,tflite_autoencoder,1211,0.058407
4,tflite_autoencoder,1212,0.060166
4,tflite_autoencoder,1213,0.058741
4,tflite_autoencoder,1214,0.059426
4,tflite_autoencoder,1215,0.058667
4,tflite_autoencoder,1216,0.060463
4,tflite_autoencoder,1217,0.061722
4,tflite_autoencoder,1218,0.058555
4,tflite_autoencoder,1219,0.059833
4,tflite_autoencoder,1220,0.100592
4,tflite_autoencoder,1221,0.066518
4,tflite_autoencoder,1222,0.060278
4,tflite_autoencoder,1223,0.059722
4,tflite_autoencoder,1224,0.060518
4,tflite_autoencoder,1225,0.06526
4,tflite_autoencoder,1226,0.089574
4,tflite_autoencoder,1227,0.115407
4,tflite_autoencoder,1228,0.101482
4,tflite_autoencoder,1229,0.118389
4,tflite_autoencoder,1230,0.180834
4,tflite_autoencoder,1231,0.183073
4,tflite_autoencoder,1232,0.162648
4,tflite_autoencoder,1233,0.160777
4,tflite_autoencoder,1234,0.170666
4,tflite_autoencoder,1235,0.148722
4,tflite_autoencoder,1236,0.114167
4,tflite_autoencoder,1237,0.110666
4,tflite_autoencoder,1238,0.120074
4,tflite_autoencoder,1239,0.10724
4,tflite_autoencoder,1240,0.094593
4,tflite_autoencoder,1241,0.101685
4,tflite_autoencoder,1242,0.10537
4,tflite_autoencoder,1243,0.093556
4,tflite_autoencoder,1244,0.102036
4,tflite_autoencoder,1245,0.127019
4,tflite_autoencoder,1246,0.156296
4,tflite_autoencoder,1247,0.120722
4,tflite_autoencoder,1248,0.121259
4,tflite_autoencoder,1249,0.094241
4,tflite_autoencoder,1250,0.096982
4,tflite_autoencoder,1251,0.103037
4,tflite_autoencoder,1252,0.084482
4,tflite_autoencoder,1253,0.079945
4,tflite_autoencoder,1254,0.0755
4,tflite_autoencoder,1255,0.068444
4,tflite_autoencoder,1256,0.126315
4,tflite_autoencoder,1257,0.0835
4,tflite_autoencoder,1258,0.080981
4,tflite_autoencoder,1259,0.077537
4,tflite_autoencoder,1260,0.073518
4,tflite_autoencoder,1261,0.080648
4,tflite_autoencoder,1262,0.092926
4,tflite_autoencoder,1263,0.087092
4,tflite_autoencoder,1264,0.097851
4,tflite_autoencoder,1265,0.112167
4,tflite_autoencoder,1266,0.098111
4,tflite_autoencoder,1267,0.087907
4,tflite_autoencoder,1268,0.102759
4,tflite_autoencoder,1269,0.113518
4,tflite_autoencoder,1270,0.103556
4,tflite_autoencoder,1271,0.101537
4,tflite_autoencoder,1272,0.087963
4,tflite_autoencoder,1273,0.090223
4,tflite_autoencoder,1274,0.104241
4,tflite_autoencoder,1275,0.109722
4,tflite_autoencoder,1276,0.108426
4,tflite_autoencoder,1277,0.115629
4,tflite_autoencoder,1278,0.108278
4,tflite_autoencoder,1279,0.125444
4,tflite_autoencoder,1280,0.102741
4,tflite_autoencoder,1281,0.088648
4,tflite_autoencoder,1282,0.079037
4,tflite_autoencoder,1283,0.103333
4,tflite_autoencoder,1284,0.096426
4,tflite_autoencoder,1285,0.090296
4,tflite_autoencoder,1286,0.105408
4,tflite_autoencoder,1287,0.120592
4,tflite_autoencoder,1288,0.128333
4,tflite_autoencoder,1289,0.113981
4,tflite_autoencoder,1290,0.110907
4,tflite_autoencoder,1291,0.083611
4,tflite_autoencoder,1292,0.077593
4,tflite_autoencoder,1293,0.088519
4,tflite_autoencoder,1294,0.082963
4,tflite_autoencoder,1295,0.087
4,tflite_autoencoder,1296,0.136204
4,tflite_autoencoder,1297,0.089222
4,tflite_autoencoder,1298,0.076055
4,tflite_autoencoder,1299,0.081426
4,tflite_autoencoder,1300,0.076926
4,tflite_autoencoder,1301,0.072314
4,tflite_autoencoder,1302,0.070815
4,tflite_autoencoder,1303,0.072426
4,tflite_autoencoder,1304,0.071629
4,tflite_autoencoder,1305,0.065741
4,tflite_autoencoder,1306,0.074574
4,tflite_autoencoder,1307,0.072314
4,tflite_autoencoder,1308,0.072334
4,tflite_autoencoder,1309,0.069556
4,tflite_autoencoder,1310,0.073018
4,tflite_autoencoder,1311,0.070926
4,tflite_autoencoder,1312,0.066852
4,tflite_autoencoder,1313,0.078481
4,tflite_autoencoder,1314,0.080741
4,tflite_autoencoder,1315,0.07637
4,tflite_autoencoder,1316,0.073833
4,tflite_autoencoder,1317,0.066926
4,tflite_autoencoder,1318,0.071185
4,tflite_autoencoder,1319,0.077444
4,tflite_autoencoder,1320,0.075555
4,tflite_autoencoder,1321,0.072166
4,tflite_autoencoder,1322,0.070463
4,tflite_autoencoder,1323,0.063796
4,tflite_autoencoder,1324,0.064352
4,tflite_autoencoder,1325,0.062166
4,tflite_autoencoder,1326,0.061759
4,tflite_autoencoder,1327,0.060277
4,tflite_autoencoder,1328,0.337129
4,tflite_autoencoder,1329,0.091648
4,tflite_autoencoder,1330,0.068944
4,tflite_autoencoder,1331,0.062778
4,tflite_autoencoder,1332,0.060278
4,tflite_autoencoder,1333,0.058741
4,tflite_autoencoder,1334,0.060481
4,tflite_autoencoder,1335,0.059925
4,tflite_autoencoder,1336,0.058982
4,tflite_autoencoder,1337,0.06237
4,tflite_autoencoder,1338,0.059963
4,tflite_autoencoder,1339,0.057556
4,tflite_autoencoder,1340,0.057537
4,tflite_autoencoder,1341,0.058944
4,tflite_autoencoder,1342,0.058537
4,tflite_autoencoder,1343,0.058407
4,tflite_autoencoder,1344,0.058611
4,tflite_autoencoder,1345,0.058445
4,tflite_autoencoder,1346,0.059055
4,tflite_autoencoder,1347,0.058444
4,tflite_autoencoder,1348,0.058667
4,tflite_autoencoder,1349,0.117629
4,tflite_autoencoder,1350,0.074444
4,tflite_autoencoder,1351,0.063056
4,tflite_autoencoder,1352,0.059148
4,tflite_autoencoder,1353,0.060055
4,tflite_autoencoder,1354,0.06387
4,tflite_autoencoder,1355,0.061907
4,tflite_autoencoder,1356,0.059981
4,tflite_autoencoder,1357,0.059518
4,tflite_autoencoder,1358,0.0595
4,tflite_autoencoder,1359,0.060944
4,tflite_autoencoder,1360,0.058926
4,tflite_autoencoder,1361,0.057426
4,tflite_autoencoder,1362,0.060074
4,tflite_autoencoder,1363,0.061463
4,tflite_autoencoder,1364,0.058278
4,tflite_autoencoder,1365,0.060444
4,tflite_autoencoder,1366,0.058519
4,tflite_autoencoder,1367,0.058407
4,tflite_autoencoder,1368,0.059148
4,tflite_autoencoder,1369,0.058537
4,tflite_autoencoder,1370,0.059241
4,tflite_autoencoder,1371,0.057944
4,tflite_autoencoder,1372,0.058
4,tflite_autoencoder,1373,0.084815
4,tflite_autoencoder,1374,0.065277
4,tflite_autoencoder,1375,0.060407
4,tflite_autoencoder,1376,0.058889
4,tflite_autoencoder,1377,0.063889
4,tflite_autoencoder,1378,0.074519
4,tflite_autoencoder,1379,0.112463
4,tflite_autoencoder,1380,0.080296
4,tflite_autoencoder,1381,0.069297
4,tflite_autoencoder,1382,0.066166
4,tflite_autoencoder,1383,0.068407
4,tflite_autoencoder,1384,0.061574
4,tflite_autoencoder,1385,0.069426
4,tflite_autoencoder,1386,0.065741
4,tflite_autoencoder,1387,0.064296
4,tflite_autoencoder,1388,0.061556
4,tflite_autoencoder,1389,0.060592
4,tflite_autoencoder,1390,0.060074
4,tflite_autoencoder,1391,0.062352
4,tflite_autoencoder,1392,0.059111
4,tflite_autoencoder,1393,0.059074
4,tflite_autoencoder,1394,0.058666
4,tflite_autoencoder,1395,0.05937
4,tflite_autoencoder,1396,0.058926
4,tflite_autoencoder,1397,0.05913
4,tflite_autoencoder,1398,0.060185
4,tflite_autoencoder,1399,0.059167
4,tflite_autoencoder,1400,0.059703
4,tflite_autoencoder,1401,0.060908
4,tflite_autoencoder,1402,0.059037
4,tflite_autoencoder,1403,0.059444
4,tflite_autoencoder,1404,0.059667
4,tflite_autoencoder,1405,0.059834
4,tflite_autoencoder,1406,0.059018
4,tflite_autoencoder,1407,0.062574
4,tflite_autoencoder,1408,0.060722
4,tflite_autoencoder,1409,0.059463
4,tflite_autoencoder,1410,0.058648
4,tflite_autoencoder,1411,0.106203
4,tflite_autoencoder,1412,0.064722
4,tflite_autoencoder,1413,0.059074
4,tflite_autoencoder,1414,0.058425
4,tflite_autoencoder,1415,0.059926
4,tflite_autoencoder,1416,0.058592
4,tflite_autoencoder,1417,0.058315
4,tflite_autoencoder,1418,0.057722
4,tflite_autoencoder,1419,0.059351
4,tflite_autoencoder,1420,0.057815
4,tflite_autoencoder,1421,0.059426
4,tflite_autoencoder,1422,0.058778
4,tflite_autoencoder,1423,0.058778
4,tflite_autoencoder,1424,0.058148
4,tflite_autoencoder,1425,0.06026
4,tflite_autoencoder,1426,0.058333
4,tflite_autoencoder,1427,0.061592
4,tflite_autoencoder,1428,0.061167
4,tflite_autoencoder,1429,0.058222
4,tflite_autoencoder,1430,0.061574
4,tflite_autoencoder,1431,0.059426
4,tflite_autoencoder,1432,0.059945
4,tflite_autoencoder,1433,0.060389
4,tflite_autoencoder,1434,0.058352
4,tflite_autoencoder,1435,0.057796
4,tflite_autoencoder,1436,0.058426
4,tflite_autoencoder,1437,0.059518
4,tflite_autoencoder,1438,0.058222
4,tflite_autoencoder,1439,0.058018
4,tflite_autoencoder,1440,0.059833
4,tflite_autoencoder,1441,0.057944
4,tflite_autoencoder,1442,0.058555
4,tflite_autoencoder,1443,0.057833
4,tflite_autoencoder,1444,0.057796
4,tflite_autoencoder,1445,0.057296
4,tflite_autoencoder,1446,0.058426
4,tflite_autoencoder,1447,0.058536
4,tflite_autoencoder,1448,0.058593
4,tflite_autoencoder,1449,0.058722
4,tflite_autoencoder,1450,0.058926
4,tflite_autoencoder,1451,0.057685
4,tflite_autoencoder,1452,0.058037
4,tflite_autoencoder,1453,0.057963
4,tflite_autoencoder,1454,0.057352
4,tflite_autoencoder,1455,0.057814
4,tflite_autoencoder,1456,0.057611
4,tflite_autoencoder,1457,0.057314
4,tflite_autoencoder,1458,0.058814
4,tflite_autoencoder,1459,0.058926
4,tflite_autoencoder,1460,0.060037
4,tflite_autoencoder,1461,0.059333
4,tflite_autoencoder,1462,0.071056
4,tflite_autoencoder,1463,0.061944
4,tflite_autoencoder,1464,0.059167
4,tflite_autoencoder,1465,0.058555
4,tflite_autoencoder,1466,0.059018
4,tflite_autoencoder,1467,0.05924
4,tflite_autoencoder,1468,0.058389
4,tflite_autoencoder,1469,0.057833
4,tflite_autoencoder,1470,0.059166
4,tflite_autoencoder,1471,0.058685
4,tflite_autoencoder,1472,0.057759
4,tflite_autoencoder,1473,0.057333
4,tflite_autoencoder,1474,0.057556
4,tflite_autoencoder,1475,0.057222
4,tflite_autoencoder,1476,0.057481
4,tflite_autoencoder,1477,0.086148
4,tflite_autoencoder,1478,0.059574
4,tflite_autoencoder,1479,0.05763
4,tflite_autoencoder,1480,0.058518
4,tflite_autoencoder,1481,0.058148
4,tflite_autoencoder,1482,0.05824
4,tflite_autoencoder,1483,0.057259
4,tflite_autoencoder,1484,0.058296
4,tflite_autoencoder,1485,0.05713
4,tflite_autoencoder,1486,0.058314
4,tflite_autoencoder,1487,0.057407
4,tflite_autoencoder,1488,0.057204
4,tflite_autoencoder,1489,0.057685
4,tflite_autoencoder,1490,0.056815
4,tflite_autoencoder,1491,0.058852
4,tflite_autoencoder,1492,0.058796
4,tflite_autoencoder,1493,0.0575
4,tflite_autoencoder,1494,0.058611
4,tflite_autoencoder,1495,0.058296
4,tflite_autoencoder,1496,0.057851
4,tflite_autoencoder,1497,0.057389
4,tflite_autoencoder,1498,0.057537
4,tflite_autoencoder,1499,0.057945
4,tflite_autoencoder,1500,0.069833
4,tflite_autoencoder,1501,0.058648
4,tflite_autoencoder,1502,0.058519
4,tflite_autoencoder,1503,0.057352
4,tflite_autoencoder,1504,0.058351
4,tflite_autoencoder,1505,0.058315
4,tflite_autoencoder,1506,0.05763
4,tflite_autoencoder,1507,0.057333
4,tflite_autoencoder,1508,0.056833
4,tflite_autoencoder,1509,0.057166
4,tflite_autoencoder,1510,0.058296
4,tflite_autoencoder,1511,0.057204
4,tflite_autoencoder,1512,0.057314
4,tflite_autoencoder,1513,0.057741
4,tflite_autoencoder,1514,0.058592
4,tflite_autoencoder,1515,0.057241
4,tflite_autoencoder,1516,0.057537
4,tflite_autoencoder,1517,0.057167
4,tflite_autoencoder,1518,0.057666
4,tflite_autoencoder,1519,0.058389
4,tflite_autoencoder,1520,0.057241
4,tflite_autoencoder,1521,0.057871
4,tflite_autoencoder,1522,0.057278
4,tflite_autoencoder,1523,0.05774
4,tflite_autoencoder,1524,0.057703
4,tflite_autoencoder,1525,0.057685
4,tflite_autoencoder,1526,0.05687
4,tflite_autoencoder,1527,0.057019
4,tflite_autoencoder,1528,0.058315
4,tflite_autoencoder,1529,0.058129
4,tflite_autoencoder,1530,0.057797
4,tflite_autoencoder,1531,0.057704
4,tflite_autoencoder,1532,0.058092
4,tflite_autoencoder,1533,0.05726
4,tflite_autoencoder,1534,0.057981
4,tflite_autoencoder,1535,0.057741
4,tflite_autoencoder,1536,0.057037
4,tflite_autoencoder,1537,0.056852
4,tflite_autoencoder,1538,0.056963
4,tflite_autoencoder,1539,0.057074
4,tflite_autoencoder,1540,0.057907
4,tflite_autoencoder,1541,0.056574
4,tflite_autoencoder,1542,0.057796
4,tflite_autoencoder,1543,0.057352
4,tflite_autoencoder,1544,0.085352
4,tflite_autoencoder,1545,0.067426
4,tflite_autoencoder,1546,0.06026
4,tflite_autoencoder,1547,0.058722
4,tflite_autoencoder,1548,0.058592
4,tflite_autoencoder,1549,0.057241
4,tflite_autoencoder,1550,0.058463
4,tflite_autoencoder,1551,0.058611
4,tflite_autoencoder,1552,0.057425
4,tflite_autoencoder,1553,0.058093
4,tflite_autoencoder,1554,0.058926
4,tflite_autoencoder,1555,0.059074
4,tflite_autoencoder,1556,0.058518
4,tflite_autoencoder,1557,0.058611
4,tflite_autoencoder,1558,0.059204
4,tflite_autoencoder,1559,0.058351
4,tflite_autoencoder,1560,0.05724
4,tflite_autoencoder,1561,0.057889
4,tflite_autoencoder,1562,0.057278
4,tflite_autoencoder,1563,0.057574
4,tflite_autoencoder,1564,0.056944
4,tflite_autoencoder,1565,0.058759
4,tflite_autoencoder,1566,0.057778
4,tflite_autoencoder,1567,0.057648
4,tflite_autoencoder,1568,0.058166
4,tflite_autoencoder,1569,0.057222
4,tflite_autoencoder,1570,0.056833
4,tflite_autoencoder,1571,0.057481
4,tflite_autoencoder,1572,0.057796
4,tflite_autoencoder,1573,0.057204
4,tflite_autoencoder,1574,0.057555
4,tflite_autoencoder,1575,0.057223
4,tflite_autoencoder,1576,0.057092
4,tflite_autoencoder,1577,0.058537
4,tflite_autoencoder,1578,0.057907
4,tflite_autoencoder,1579,0.056926
4,tflite_autoencoder,1580,0.057481
4,tflite_autoencoder,1581,0.057593
4,tflite_autoencoder,1582,0.056963
4,tflite_autoencoder,1583,0.057315
4,tflite_autoencoder,1584,0.057018
4,tflite_autoencoder,1585,0.057
4,tflite_autoencoder,1586,0.057907
4,tflite_autoencoder,1587,0.057037
4,tflite_autoencoder,1588,0.058407
4,tflite_autoencoder,1589,0.058204
4,tflite_autoencoder,1590,0.056685
4,tflite_autoencoder,1591,0.056815
4,tflite_autoencoder,1592,0.058111
4,tflite_autoencoder,1593,0.056889
4,tflite_autoencoder,1594,0.058444
4,tflite_autoencoder,1595,0.058185
4,tflite_autoencoder,1596,0.057667
4,tflite_autoencoder,1597,0.057722
4,tflite_autoencoder,1598,0.057019
4,tflite_autoencoder,1599,0.057685
4,tflite_autoencoder,1600,0.057759
4,tflite_autoencoder,1601,0.05713
4,tflite_autoencoder,1602,0.05724
4,tflite_autoencoder,1603,0.057222
4,tflite_autoencoder,1604,0.057555
4,tflite_autoencoder,1605,0.057259
4,tflite_autoencoder,1606,0.057166
4,tflite_autoencoder,1607,0.05774
4,tflite_autoencoder,1608,0.057574
4,tflite_autoencoder,1609,0.057111
4,tflite_autoencoder,1610,0.057741
4,tflite_autoencoder,1611,0.057389
4,tflite_autoencoder,1612,0.082352
4,tflite_autoencoder,1613,0.062981
4,tflite_autoencoder,1614,0.058815
4,tflite_autoencoder,1615,0.057574
4,tflite_autoencoder,1616,0.05837
4,tflite_autoencoder,1617,0.059314
4,tflite_autoencoder,1618,0.057111
4,tflite_autoencoder,1619,0.05687
4,tflite_autoencoder,1620,0.057426
4,tflite_autoencoder,1621,0.057666
4,tflite_autoencoder,1622,0.057408
4,tflite_autoencoder,1623,0.057444
4,tflite_autoencoder,1624,0.057944
4,tflite_autoencoder,1625,0.057148
4,tflite_autoencoder,1626,0.058333
4,tflite_autoencoder,1627,0.070111
4,tflite_autoencoder,1628,0.058223
4,tflite_autoencoder,1629,0.05713
4,tflite_autoencoder,1630,0.057815
4,tflite_autoencoder,1631,0.057
4,tflite_autoencoder,1632,0.057518
4,tflite_autoencoder,1633,0.057425
4,tflite_autoencoder,1634,0.056629
4,tflite_autoencoder,1635,0.057352
4,tflite_autoencoder,1636,0.057167
4,tflite_autoencoder,1637,0.057111
4,tflite_autoencoder,1638,0.058
4,tflite_autoencoder,1639,0.057352
4,tflite_autoencoder,1640,0.057277
4,tflite_autoencoder,1641,0.057537
4,tflite_autoencoder,1642,0.057129
4,tflite_autoencoder,1643,0.057759
4,tflite_autoencoder,1644,0.056926
4,tflite_autoencoder,1645,0.056574
4,tflite_autoencoder,1646,0.056796
4,tflite_autoencoder,1647,0.058018
4,tflite_autoencoder,1648,0.058648
4,tflite_autoencoder,1649,0.056871
4,tflite_autoencoder,1650,0.056926
4,tflite_autoencoder,1651,0.057463
4,tflite_autoencoder,1652,0.057352
4,tflite_autoencoder,1653,0.058259
4,tflite_autoencoder,1654,0.058055
4,tflite_autoencoder,1655,0.058
4,tflite_autoencoder,1656,0.058056
4,tflite_autoencoder,1657,0.057759
4,tflite_autoencoder,1658,0.05787
4,tflite_autoencoder,1659,0.057723
4,tflite_autoencoder,1660,0.057722
4,tflite_autoencoder,1661,0.057574
4,tflite_autoencoder,1662,0.058018
4,tflite_autoencoder,1663,0.058444
4,tflite_autoencoder,1664,0.05713
4,tflite_autoencoder,1665,0.058185
4,tflite_autoencoder,1666,0.058241
4,tflite_autoencoder,1667,0.057297
4,tflite_autoencoder,1668,0.057593
4,tflite_autoencoder,1669,0.056741
4,tflite_autoencoder,1670,0.057685
4,tflite_autoencoder,1671,0.057685
4,tflite_autoencoder,1672,0.056889
4,tflite_autoencoder,1673,0.057445
4,tflite_autoencoder,1674,0.057592
4,tflite_autoencoder,1675,0.057759
4,tflite_autoencoder,1676,0.056963
4,tflite_autoencoder,1677,0.058222
4,tflite_autoencoder,1678,0.057259
4,tflite_autoencoder,1679,0.077333
4,tflite_autoencoder,1680,0.065833
4,tflite_autoencoder,1681,0.058741
4,tflite_autoencoder,1682,0.057833
4,tflite_autoencoder,1683,0.058814
4,tflite_autoencoder,1684,0.058351
4,tflite_autoencoder,1685,0.058056
4,tflite_autoencoder,1686,0.058277
4,tflite_autoencoder,1687,0.057611
4,tflite_autoencoder,1688,0.057741
4,tflite_autoencoder,1689,0.057555
4,tflite_autoencoder,1690,0.05774
4,tflite_autoencoder,1691,0.058759
4,tflite_autoencoder,1692,0.058518
4,tflite_autoencoder,1693,0.058611
4,tflite_autoencoder,1694,0.057407
4,tflite_autoencoder,1695,0.057685
4,tflite_autoencoder,1696,0.057277
4,tflite_autoencoder,1697,0.056833
4,tflite_autoencoder,1698,0.057851
4,tflite_autoencoder,1699,0.057926
4,tflite_autoencoder,1700,0.057666
4,tflite_autoencoder,1701,0.056722
4,tflite_autoencoder,1702,0.057445
4,tflite_autoencoder,1703,0.057481
4,tflite_autoencoder,1704,0.057055
4,tflite_autoencoder,1705,0.057388
4,tflite_autoencoder,1706,0.057629
4,tflite_autoencoder,1707,0.057111
4,tflite_autoencoder,1708,0.057555
4,tflite_autoencoder,1709,0.0575
4,tflite_autoencoder,1710,0.057685
4,tflite_autoencoder,1711,0.057963
4,tflite_autoencoder,1712,0.05737
4,tflite_autoencoder,1713,0.057222
4,tflite_autoencoder,1714,0.056426
4,tflite_autoencoder,1715,0.058278
4,tflite_autoencoder,1716,0.058148
4,tflite_autoencoder,1717,0.057093
4,tflite_autoencoder,1718,0.056741
4,tflite_autoencoder,1719,0.05713
4,tflite_autoencoder,1720,0.057852
4,tflite_autoencoder,1721,0.057278
4,tflite_autoencoder,1722,0.056852
4,tflite_autoencoder,1723,0.057407
4,tflite_autoencoder,1724,0.05724
4,tflite_autoencoder,1725,0.057426
4,tflite_autoencoder,1726,0.057074
4,tflite_autoencoder,1727,0.057111
4,tflite_autoencoder,1728,0.057204
4,tflite_autoencoder,1729,0.056888
4,tflite_autoencoder,1730,0.058167
4,tflite_autoencoder,1731,0.057462
4,tflite_autoencoder,1732,0.057037
4,tflite_autoencoder,1733,0.056852
4,tflite_autoencoder,1734,0.058092
4,tflite_autoencoder,1735,0.057074
4,tflite_autoencoder,1736,0.05787
4,tflite_autoencoder,1737,0.058574
4,tflite_autoencoder,1738,0.057148
4,tflite_autoencoder,1739,0.057185
4,tflite_autoencoder,1740,0.056926
4,tflite_autoencoder,1741,0.057111
4,tflite_autoencoder,1742,0.057315
4,tflite_autoencoder,1743,0.057536
4,tflite_autoencoder,1744,0.056814
4,tflite_autoencoder,1745,0.058092
4,tflite_autoencoder,1746,0.057074
4,tflite_autoencoder,1747,0.083222
4,tflite_autoencoder,1748,0.066685
4,tflite_autoencoder,1749,0.060371
4,tflite_autoencoder,1750,0.058482
4,tflite_autoencoder,1751,0.057407
4,tflite_autoencoder,1752,0.05813
4,tflite_autoencoder,1753,0.058167
4,tflite_autoencoder,1754,0.0755
4,tflite_autoencoder,1755,0.062926
4,tflite_autoencoder,1756,0.059037
4,tflite_autoencoder,1757,0.057204
4,tflite_autoencoder,1758,0.058278
4,tflite_autoencoder,1759,0.05837
4,tflite_autoencoder,1760,0.057759
4,tflite_autoencoder,1761,0.057778
4,tflite_autoencoder,1762,0.056963
4,tflite_autoencoder,1763,0.057111
4,tflite_autoencoder,1764,0.056963
4,tflite_autoencoder,1765,0.057759
4,tflite_autoencoder,1766,0.058334
4,tflite_autoencoder,1767,0.057981
4,tflite_autoencoder,1768,0.057204
4,tflite_autoencoder,1769,0.0575
4,tflite_autoencoder,1770,0.061481
4,tflite_autoencoder,1771,0.057148
4,tflite_autoencoder,1772,0.056814
4,tflite_autoencoder,1773,0.057463
4,tflite_autoencoder,1774,0.05737
4,tflite_autoencoder,1775,0.057352
4,tflite_autoencoder,1776,0.057277
4,tflite_autoencoder,1777,0.057277
4,tflite_autoencoder,1778,0.057129
4,tflite_autoencoder,1779,0.057944
4,tflite_autoencoder,1780,0.057871
4,tflite_autoencoder,1781,0.057333
4,tflite_autoencoder,1782,0.057203
4,tflite_autoencoder,1783,0.057444
4,tflite_autoencoder,1784,0.056814
4,tflite_autoencoder,1785,0.057944
4,tflite_autoencoder,1786,0.058648
4,tflite_autoencoder,1787,0.057037
4,tflite_autoencoder,1788,0.056685
4,tflite_autoencoder,1789,0.057796
4,tflite_autoencoder,1790,0.058333
4,tflite_autoencoder,1791,0.057574
4,tflite_autoencoder,1792,0.057592
4,tflite_autoencoder,1793,0.058297
4,tflite_autoencoder,1794,0.058944
4,tflite_autoencoder,1795,0.058018
4,tflite_autoencoder,1796,0.058445
4,tflite_autoencoder,1797,0.058389
4,tflite_autoencoder,1798,0.060278
4,tflite_autoencoder,1799,0.057777
4,tflite_autoencoder,1800,0.059018
4,tflite_autoencoder,1801,0.059019
4,tflite_autoencoder,1802,0.057851
4,tflite_autoencoder,1803,0.058778
4,tflite_autoencoder,1804,0.05874
4,tflite_autoencoder,1805,0.0575
4,rms,1,0.03187
4,rms,2,0.032111
4,rms,3,0.032426
4,rms,4,0.031963
4,rms,5,0.032407
4,rms,6,0.032593
4,rms,7,0.032889
4,rms,8,0.032037
4,rms,9,0.032482
4,rms,10,0.0325
4,rms,11,0.032129
4,rms,12,0.032111
4,rms,13,0.03237
4,rms,14,0.031704
4,rms,15,0.032148
4,rms,16,0.032222
4,rms,17,0.032444
4,rms,18,0.03163
4,rms,19,0.031796
4,rms,20,0.032389
4,rms,21,0.034
4,rms,22,0.033703
4,rms,23,0.03237
4,rms,24,0.032352
4,rms,25,0.032648
4,rms,26,0.032445
4,rms,27,0.032111
4,rms,28,0.032389
4,rms,29,0.032759
4,rms,30,0.032334
4,rms,31,0.032481
4,rms,32,0.032444
4,rms,33,0.032944
4,rms,34,0.032222
4,rms,35,0.032259
4,rms,36,0.032629
4,rms,37,0.032222
4,rms,38,0.032222
4,rms,39,0.032223
4,rms,40,0.032167
4,rms,41,0.032352
4,rms,42,0.03213
4,rms,43,0.03224
4,rms,44,0.032241
4,rms,45,0.032075
4,rms,46,0.032314
4,rms,47,0.03263
4,rms,48,0.032388
4,rms,49,0.032278
4,rms,50,0.032111
4,rms,51,0.032259
4,rms,52,0.03287
4,rms,53,0.034925
4,rms,54,0.034074
4,rms,55,0.032667
4,rms,56,0.032018
4,rms,57,0.032649
4,rms,58,0.032315
4,rms,59,0.03213
4,rms,60,0.032389
4,rms,61,0.032389
4,rms,62,0.032222
4,rms,63,0.032352
4,rms,64,0.032222
4,rms,65,0.032593
4,rms,66,0.032111
4,rms,67,0.031963
4,rms,68,0.033408
4,rms,69,0.032241
4,rms,70,0.03213
4,rms,71,0.032611
4,rms,72,0.032203
4,rms,73,0.032555
4,rms,74,0.032055
4,rms,75,0.032463
4,rms,76,0.054685
4,rms,77,0.034611
4,rms,78,0.032833
4,rms,79,0.032166
4,rms,80,0.032203
4,rms,81,0.03287
4,rms,82,0.032185
4,rms,83,0.032259
4,rms,84,0.033148
4,rms,85,0.032741
4,rms,86,0.033111
4,rms,87,0.03337
4,rms,88,0.033629
4,rms,89,0.032148
4,rms,90,0.032352
4,rms,91,0.032111
4,rms,92,0.032463
4,rms,93,0.032592
4,rms,94,0.032445
4,rms,95,0.032333
4,rms,96,0.032037
4,rms,97,0.031982
4,rms,98,0.032296
4,rms,99,0.032518
4,rms,100,0.033259
4,rms,101,0.032704
4,rms,102,0.032129
4,rms,103,0.032351
4,rms,104,0.031944
4,rms,105,0.032204
4,rms,106,0.032315
4,rms,107,0.03237
4,rms,108,0.032204
4,rms,109,0.032352
4,rms,110,0.032056
4,rms,111,0.032463
4,rms,112,0.03237
4,rms,113,0.03237
4,rms,114,0.041499
4,rms,115,0.034834
4,rms,116,0.032704
4,rms,117,0.03226
4,rms,118,0.032667
4,rms,119,0.032648
4,rms,120,0.032241
4,rms,121,0.032482
4,rms,122,0.032259
4,rms,123,0.032297
4,rms,124,0.0325
4,rms,125,0.032259
4,rms,126,0.032037
4,rms,127,0.032222
4,rms,128,0.0325
4,rms,129,0.031963
4,rms,130,0.032037
4,rms,131,0.032371
4,rms,132,0.032259
4,rms,133,0.032111
4,rms,134,0.032018
4,rms,135,0.032259
4,rms,136,0.032314
4,rms,137,0.032611
4,rms,138,0.03237
4,rms,139,0.032259
4,rms,140,0.032352
4,rms,141,0.032223
4,rms,142,0.032241
4,rms,143,0.032185
4,rms,144,0.032222
4,rms,145,0.032166
4,rms,146,0.032555
4,rms,147,0.032593
4,rms,148,0.032314
4,rms,149,0.032537
4,rms,150,0.032333
4,rms,151,0.032203
4,rms,152,0.032204
4,rms,153,0.03237
4,rms,154,0.032593
4,rms,155,0.032222
4,rms,156,0.032
4,rms,157,0.032297
4,rms,158,0.032444
4,rms,159,0.033537
4,rms,160,0.032129
4,rms,161,0.032556
4,rms,162,0.032278
4,rms,163,0.032371
4,rms,164,0.032796
4,rms,165,0.032518
4,rms,166,0.032277
4,rms,167,0.032371
4,rms,168,0.032223
4,rms,169,0.032352
4,rms,170,0.032741
4,rms,171,0.033148
4,rms,172,0.032185
4,rms,173,0.032092
4,rms,174,0.032426
4,rms,175,0.032444
4,rms,176,0.032148
4,rms,177,0.032723
4,rms,178,0.032278
4,rms,179,0.033222
4,rms,180,0.033407
4,rms,181,0.032907
4,rms,182,0.032815
4,rms,183,0.03263
4,rms,184,0.032963
4,rms,185,0.032223
4,rms,186,0.032278
4,rms,187,0.032055
4,rms,188,0.032388
4,rms,189,0.032111
4,rms,190,0.032129
4,rms,191,0.032296
4,rms,192,0.032296
4,rms,193,0.0325
4,rms,194,0.032278
4,rms,195,0.032482
4,rms,196,0.03226
4,rms,197,0.03263
4,rms,198,0.032055
4,rms,199,0.032092
4,rms,200,0.032574
4,rms,201,0.032204
4,rms,202,0.032445
4,rms,203,0.037389
4,rms,204,0.033389
4,rms,205,0.032389
4,rms,206,0.032278
4,rms,207,0.032037
4,rms,208,0.032037
4,rms,209,0.032371
4,rms,210,0.032315
4,rms,211,0.032426
4,rms,212,0.032278
4,rms,213,0.032241
4,rms,214,0.032315
4,rms,215,0.032556
4,rms,216,0.035204
4,rms,217,0.032649
4,rms,218,0.03224
4,rms,219,0.032222
4,rms,220,0.0325
4,rms,221,0.032592
4,rms,222,0.032481
4,rms,223,0.032593
4,rms,224,0.032352
4,rms,225,0.032315
4,rms,226,0.031926
4,rms,227,0.03213
4,rms,228,0.032204
4,rms,229,0.032166
4,rms,230,0.03287
4,rms,231,0.032685
4,rms,232,0.034056
4,rms,233,0.032445
4,rms,234,0.040055
4,rms,235,0.033407
4,rms,236,0.032407
4,rms,237,0.032148
4,rms,238,0.032592
4,rms,239,0.031963
4,rms,240,0.032389
4,rms,241,0.032055
4,rms,242,0.032074
4,rms,243,0.03237
4,rms,244,0.032408
4,rms,245,0.032222
4,rms,246,0.032648
4,rms,247,0.0325
4,rms,248,0.03237
4,rms,249,0.032445
4,rms,250,0.032352
4,rms,251,0.032334
4,rms,252,0.032407
4,rms,253,0.032611
4,rms,254,0.032389
4,rms,255,0.031963
4,rms,256,0.033482
4,rms,257,0.032685
4,rms,258,0.032981
4,rms,259,0.033519
4,rms,260,0.032352
4,rms,261,0.03287
4,rms,262,0.0325
4,rms,263,0.032407
4,rms,264,0.031945
4,rms,265,0.032222
4,rms,266,0.032166
4,rms,267,0.032388
4,rms,268,0.032185
4,rms,269,0.032389
4,rms,270,0.032759
4,rms,271,0.032389
4,rms,272,0.032445
4,rms,273,0.032278
4,rms,274,0.032407
4,rms,275,0.032593
4,rms,276,0.032204
4,rms,277,0.032185
4,rms,278,0.032166
4,rms,279,0.032315
4,rms,280,0.032315
4,rms,281,0.032203
4,rms,282,0.032537
4,rms,283,0.032204
4,rms,284,0.032167
4,rms,285,0.03213
4,rms,286,0.032629
4,rms,287,0.032574
4,rms,288,0.032629
4,rms,289,0.032704
4,rms,290,0.032426
4,rms,291,0.032611
4,rms,292,0.032704
4,rms,293,0.032407
4,rms,294,0.032314
4,rms,295,0.032592
4,rms,296,0.032556
4,rms,297,0.032296
4,rms,298,0.032425
4,rms,299,0.032352
4,rms,300,0.032185
4,rms,301,0.032926
4,rms,302,0.032611
4,rms,303,0.032741
4,rms,304,0.033
4,rms,305,0.032778
4,rms,306,0.032278
4,rms,307,0.032352
4,rms,308,0.032389
4,rms,309,0.032333
4,rms,310,0.032315
4,rms,311,0.032556
4,rms,312,0.032166
4,rms,313,0.033259
4,rms,314,0.032296
4,rms,315,0.032204
4,rms,316,0.032241
4,rms,317,0.032519
4,rms,318,0.032408
4,rms,319,0.032148
4,rms,320,0.0325
4,rms,321,0.03213
4,rms,322,0.032611
4,rms,323,0.032241
4,rms,324,0.032129
4,rms,325,0.0325
4,rms,326,0.03213
4,rms,327,0.032167
4,rms,328,0.032278
4,rms,329,0.032611
4,rms,330,0.036296
4,rms,331,0.032481
4,rms,332,0.03213
4,rms,333,0.032315
4,rms,334,0.032241
4,rms,335,0.032648
4,rms,336,0.032166
4,rms,337,0.032259
4,rms,338,0.032092
4,rms,339,0.032186
4,rms,340,0.03213
4,rms,341,0.032333
4,rms,342,0.031982
4,rms,343,0.031963
4,rms,344,0.032482
4,rms,345,0.032166
4,rms,346,0.032185
4,rms,347,0.032037
4,rms,348,0.032629
4,rms,349,0.032926
4,rms,350,0.032167
4,rms,351,0.032093
4,rms,352,0.032611
4,rms,353,0.032463
4,rms,354,0.048166
4,rms,355,0.035871
4,rms,356,0.032593
4,rms,357,0.0325
4,rms,358,0.032537
4,rms,359,0.03237
4,rms,360,0.032352
4,rms,361,0.0325
4,rms,362,0.032352
4,rms,363,0.033889
4,rms,364,0.035277
4,rms,365,0.034574
4,rms,366,0.03587
4,rms,367,0.035426
4,rms,368,0.037204
4,rms,369,0.034556
4,rms,370,0.035093
4,rms,371,0.033686
4,rms,372,0.034852
4,rms,373,0.037852
4,rms,374,0.042111
4,rms,375,0.047537
4,rms,376,0.039685
4,rms,377,0.036389
4,rms,378,0.036833
4,rms,379,0.037556
4,rms,380,0.03363
4,rms,381,0.033222
4,rms,382,0.032685
4,rms,383,0.035463
4,rms,384,0.04463
4,rms,385,0.066593
4,rms,386,0.04063
4,rms,387,0.036093
4,rms,388,0.036666
4,rms,389,0.036833
4,rms,390,0.034852
4,rms,391,0.039482
4,rms,392,0.03524
4,rms,393,0.034667
4,rms,394,0.03463
4,rms,395,0.034185
4,rms,396,0.035278
4,rms,397,0.041797
4,rms,398,0.042963
4,rms,399,0.04213
4,rms,400,0.044537
4,rms,401,0.043704
4,rms,402,0.043852
4,rms,403,0.044129
4,rms,404,0.047481
4,rms,405,0.045167
4,rms,406,0.041333
4,rms,407,0.041037
4,rms,408,0.039962
4,rms,409,0.033296
4,rms,410,0.033648
4,rms,411,0.034537
4,rms,412,0.034055
4,rms,413,0.035703
4,rms,414,0.032315
4,rms,415,0.032037
4,rms,416,0.032389
4,rms,417,0.032278
4,rms,418,0.031982
4,rms,419,0.032444
4,rms,420,0.032408
4,rms,421,0.032481
4,rms,422,0.03226
4,rms,423,0.032686
4,rms,424,0.032241
4,rms,425,0.032334
4,rms,426,0.0325
4,rms,427,0.0325
4,rms,428,0.033
4,rms,429,0.033574
4,rms,430,0.032352
4,rms,431,0.03226
4,rms,432,0.032074
4,rms,433,0.032389
4,rms,434,0.032351
4,rms,435,0.032111
4,rms,436,0.032278
4,rms,437,0.032574
4,rms,438,0.032185
4,rms,439,0.0325
4,rms,440,0.032148
4,rms,441,0.032797
4,rms,442,0.032334
4,rms,443,0.033741
4,rms,444,0.032741
4,rms,445,0.033889
4,rms,446,0.032907
4,rms,447,0.032019
4,rms,448,0.032519
4,rms,449,0.032408
4,rms,450,0.032259
4,rms,451,0.032037
4,rms,452,0.032389
4,rms,453,0.032204
4,rms,454,0.032148
4,rms,455,0.032796
4,rms,456,0.032222
4,rms,457,0.049019
4,rms,458,0.033629
4,rms,459,0.033222
4,rms,460,0.032444
4,rms,461,0.032296
4,rms,462,0.032518
4,rms,463,0.055962
4,rms,464,0.039352
4,rms,465,0.033388
4,rms,466,0.032556
4,rms,467,0.032425
4,rms,468,0.032296
4,rms,469,0.032704
4,rms,470,0.032074
4,rms,471,0.032333
4,rms,472,0.032018
4,rms,473,0.032259
4,rms,474,0.032167
4,rms,475,0.032314
4,rms,476,0.032759
4,rms,477,0.032648
4,rms,478,0.032037
4,rms,479,0.032389
4,rms,480,0.032223
4,rms,481,0.032297
4,rms,482,0.032297
4,rms,483,0.032352
4,rms,484,0.032277
4,rms,485,0.032185
4,rms,486,0.032425
4,rms,487,0.033203
4,rms,488,0.032574
4,rms,489,0.032167
4,rms,490,0.032185
4,rms,491,0.03237
4,rms,492,0.032352
4,rms,493,0.032352
4,rms,494,0.032667
4,rms,495,0.032222
4,rms,496,0.032185
4,rms,497,0.032481
4,rms,498,0.033
4,rms,499,0.032963
4,rms,500,0.032296
4,rms,501,0.032388
4,rms,502,0.032407
4,rms,503,0.032222
4,rms,504,0.03213
4,rms,505,0.032241
4,rms,506,0.032408
4,rms,507,0.03226
4,rms,508,0.034334
4,rms,509,0.039963
4,rms,510,0.039796
4,rms,511,0.039593
4,rms,512,0.038259
4,rms,513,0.035444
4,rms,514,0.035741
4,rms,515,0.035722
4,rms,516,0.034592
4,rms,517,0.035444
4,rms,518,0.037981
4,rms,519,0.053
4,rms,520,0.065148
4,rms,521,0.057018
4,rms,522,0.042463
4,rms,523,0.03487
4,rms,524,0.040722
4,rms,525,0.035129
4,rms,526,0.03974
4,rms,527,0.038741
4,rms,528,0.036759
4,rms,529,0.033907
4,rms,530,0.034944
4,rms,531,0.032796
4,rms,532,0.036315
4,rms,533,0.036629
4,rms,534,0.036556
4,rms,535,0.036149
4,rms,536,0.035537
4,rms,537,0.035222
4,rms,538,0.037814
4,rms,539,0.035463
4,rms,540,0.035574
4,rms,541,0.03587
4,rms,542,0.036333
4,rms,543,0.033963
4,rms,544,0.033648
4,rms,545,0.036667
4,rms,546,0.03913
4,rms,547,0.035036
4,rms,548,0.037278
4,rms,549,0.037315
4,rms,550,0.037519
4,rms,551,0.037722
4,rms,552,0.035018
4,rms,553,0.034556
4,rms,554,0.034129
4,rms,555,0.033926
4,rms,556,0.033481
4,rms,557,0.037259
4,rms,558,0.036537
4,rms,559,0.036019
4,rms,560,0.042074
4,rms,561,0.058185
4,rms,562,0.042703
4,rms,563,0.035315
4,rms,564,0.038667
4,rms,565,0.036778
4,rms,566,0.044185
4,rms,567,0.042982
4,rms,568,0.039055
4,rms,569,0.039703
4,rms,570,0.037259
4,rms,571,0.094371
4,rms,572,0.046685
4,rms,573,0.048611
4,rms,574,0.045092
4,rms,575,0.036649
4,rms,576,0.036203
4,rms,577,0.038778
4,rms,578,0.039648
4,rms,579,0.034648
4,rms,580,0.0365
4,rms,581,0.035019
4,rms,582,0.03513
4,rms,583,0.034667
4,rms,584,0.060092
4,rms,585,0.03887
4,rms,586,0.036167
4,rms,587,0.043019
4,rms,588,0.050407
4,rms,589,0.051333
4,rms,590,0.037129
4,rms,591,0.036148
4,rms,592,0.034944
4,rms,593,0.033019
4,rms,594,0.033889
4,rms,595,0.033148
4,rms,596,0.036186
4,rms,597,0.03474
4,rms,598,0.035722
4,rms,599,0.035315
4,rms,600,0.035
4,rms,601,0.033111
4,rms,602,0.0325
4,rms,603,0.032574
4,rms,604,0.033352
4,rms,605,0.035852
4,rms,606,0.033444
4,rms,607,0.033555
4,rms,608,0.032722
4,rms,609,0.033926
4,rms,610,0.033685
4,rms,611,0.033
4,rms,612,0.0335
4,rms,613,0.034815
4,rms,614,0.033481
4,rms,615,0.033222
4,rms,616,0.033667
4,rms,617,0.036574
4,rms,618,0.034259
4,rms,619,0.034
4,rms,620,0.0335
4,rms,621,0.036148
4,rms,622,0.032871
4,rms,623,0.032482
4,rms,624,0.032833
4,rms,625,0.033166
4,rms,626,0.035223
4,rms,627,0.03337
4,rms,628,0.03374
4,rms,629,0.035425
4,rms,630,0.034796
4,rms,631,0.035037
4,rms,632,0.033907
4,rms,633,0.035907
4,rms,634,0.033611
4,rms,635,0.033648
4,rms,636,0.033481
4,rms,637,0.036129
4,rms,638,0.03324
4,rms,639,0.032815
4,rms,640,0.035111
4,rms,641,0.033556
4,rms,642,0.03426
4,rms,643,0.033852
4,rms,644,0.032852
4,rms,645,0.032703
4,rms,646,0.034352
4,rms,647,0.03487
4,rms,648,0.033833
4,rms,649,0.032352
4,rms,650,0.033426
4,rms,651,0.033723
4,rms,652,0.035815
4,rms,653,0.03337
4,rms,654,0.034148
4,rms,655,0.034629
4,rms,656,0.033963
4,rms,657,0.035537
4,rms,658,0.034111
4,rms,659,0.034185
4,rms,660,0.035722
4,rms,661,0.034037
4,rms,662,0.034759
4,rms,663,0.033815
4,rms,664,0.033963
4,rms,665,0.035111
4,rms,666,0.033629
4,rms,667,0.035556
4,rms,668,0.033981
4,rms,669,0.036759
4,rms,670,0.034259
4,rms,671,0.033074
4,rms,672,0.033111
4,rms,673,0.036092
4,rms,674,0.034593
4,rms,675,0.034666
4,rms,676,0.033833
4,rms,677,0.034666
4,rms,678,0.034963
4,rms,679,0.074092
4,rms,680,0.03524
4,rms,681,0.033593
4,rms,682,0.034352
4,rms,683,0.034315
4,rms,684,0.033814
4,rms,685,0.034074
4,rms,686,0.034703
4,rms,687,0.033463
4,rms,688,0.033019
4,rms,689,0.034
4,rms,690,0.034907
4,rms,691,0.033926
4,rms,692,0.035444
4,rms,693,0.033315
4,rms,694,0.033777
4,rms,695,0.035482
4,rms,696,0.034
4,rms,697,0.033019
4,rms,698,0.033592
4,rms,699,0.035889
4,rms,700,0.033074
4,rms,701,0.032796
4,rms,702,0.034389
4,rms,703,0.034407
4,rms,704,0.034259
4,rms,705,0.035129
4,rms,706,0.033963
4,rms,707,0.035648
4,rms,708,0.03363
4,rms,709,0.034704
4,rms,710,0.036259
4,rms,711,0.053092
4,rms,712,0.033778
4,rms,713,0.034814
4,rms,714,0.033555
4,rms,715,0.033426
4,rms,716,0.03563
4,rms,717,0.03363
4,rms,718,0.034333
4,rms,719,0.034334
4,rms,720,0.034111
4,rms,721,0.03363
4,rms,722,0.03413
4,rms,723,0.032667
4,rms,724,0.033778
4,rms,725,0.033241
4,rms,726,0.034871
4,rms,727,0.032166
4,rms,728,0.034204
4,rms,729,0.034629
4,rms,730,0.034278
4,rms,731,0.034352
4,rms,732,0.034278
4,rms,733,0.033426
4,rms,734,0.033815
4,rms,735,0.033611
4,rms,736,0.035945
4,rms,737,0.036426
4,rms,738,0.036834
4,rms,739,0.033407
4,rms,740,0.033018
4,rms,741,0.036703
4,rms,742,0.033574
4,rms,743,0.033851
4,rms,744,0.035537
4,rms,745,0.033815
4,rms,746,0.034574
4,rms,747,0.034129
4,rms,748,0.034297
4,rms,749,0.034074
4,rms,750,0.034
4,rms,751,0.035852
4,rms,752,0.033555
4,rms,753,0.035704
4,rms,754,0.034334
4,rms,755,0.034018
4,rms,756,0.034796
4,rms,757,0.035777
4,rms,758,0.03387
4,rms,759,0.0335
4,rms,761,0.035556
4,rms,762,0.035185
4,rms,763,0.033611
4,rms,764,0.034259
4,rms,765,0.036351
4,rms,766,0.032593
4,rms,767,0.034018
4,rms,768,0.033741
4,rms,769,0.033093
4,rms,770,0.033203
4,rms,771,0.032315
4,rms,772,0.03337
4,rms,773,0.034574
4,rms,774,0.03263
4,rms,775,0.033075
4,rms,776,0.032908
4,rms,777,0.033463
4,rms,778,0.032944
4,rms,779,0.033389
4,rms,780,0.032556
4,rms,781,0.032852
4,rms,782,0.033648
4,rms,783,0.033333
4,rms,784,0.03374
4,rms,785,0.034352
4,rms,786,0.032963
4,rms,787,0.034481
4,rms,788,0.033463
4,rms,789,0.034611
4,rms,790,0.038056
4,rms,791,0.063982
4,rms,792,0.0405
4,rms,793,0.034093
4,rms,794,0.033833
4,rms,795,0.040019
4,rms,796,0.035537
4,rms,797,0.033185
4,rms,798,0.033667
4,rms,799,0.036315
4,rms,800,0.032648
4,rms,801,0.034166
4,rms,802,0.03313
4,rms,803,0.034019
4,rms,804,0.033796
4,rms,805,0.032666
4,rms,806,0.03237
4,rms,807,0.032593
4,rms,808,0.034574
4,rms,809,0.034778
4,rms,810,0.0355
4,rms,811,0.035055
4,rms,812,0.034945
4,rms,813,0.036852
4,rms,814,0.034425
4,rms,815,0.033852
4,rms,816,0.037093
4,rms,817,0.040926
4,rms,818,0.035944
4,rms,819,0.039426
4,rms,820,0.038222
4,rms,821,0.043389
4,rms,822,0.039611
4,rms,823,0.035666
4,rms,824,0.037963
4,rms,825,0.035519
4,rms,826,0.034222
4,rms,827,0.034815
4,rms,828,0.035018
4,rms,829,0.037055
4,rms,830,0.034981
4,rms,831,0.036166
4,rms,832,0.035667
4,rms,833,0.033555
4,rms,834,0.035907
4,rms,835,0.033425
4,rms,836,0.033778
4,rms,837,0.036074
4,rms,838,0.044055
4,rms,839,0.079185
4,rms,840,0.040981
4,rms,841,0.036333
4,rms,842,0.034074
4,rms,843,0.035871
4,rms,844,0.033648
4,rms,845,0.035019
4,rms,846,0.033574
4,rms,847,0.033074
4,rms,848,0.032888
4,rms,849,0.034259
4,rms,850,0.032167
4,rms,851,0.033092
4,rms,852,0.032686
4,rms,853,0.033925
4,rms,854,0.034648
4,rms,855,0.032537
4,rms,856,0.03313
4,rms,857,0.033185
4,rms,858,0.036297
4,rms,859,0.032482
4,rms,860,0.034018
4,rms,861,0.035574
4,rms,862,0.033815
4,rms,863,0.0345
4,rms,864,0.035722
4,rms,865,0.035722
4,rms,866,0.03313
4,rms,867,0.033445
4,rms,868,0.033019
4,rms,869,0.032315
4,rms,870,0.032333
4,rms,871,0.034593
4,rms,872,0.033574
4,rms,873,0.032315
4,rms,874,0.032852
4,rms,875,0.036796
4,rms,876,0.033296
4,rms,877,0.037018
4,rms,878,0.034074
4,rms,879,0.034593
4,rms,880,0.035908
4,rms,881,0.03513
4,rms,882,0.033777
4,rms,883,0.036334
4,rms,884,0.036481
4,rms,885,0.035463
4,rms,886,0.033204
4,rms,887,0.034852
4,rms,888,0.032759
4,rms,889,0.033685
4,rms,890,0.032963
4,rms,891,0.032685
4,rms,892,0.034426
4,rms,893,0.033722
4,rms,894,0.033315
4,rms,895,0.032204
4,rms,896,0.032926
4,rms,897,0.036908
4,rms,898,0.032833
4,rms,899,0.032797
4,rms,900,0.07724
4,rms,901,0.038204
4,rms,902,0.033426
4,rms,903,0.0335
4,rms,904,0.03413
4,rms,905,0.034407
4,rms,906,0.034074
4,rms,907,0.034333
4,rms,908,0.033611
4,rms,909,0.033518
4,rms,910,0.03587
4,rms,911,0.033037
4,rms,912,0.033703
4,rms,913,0.033778
4,rms,914,0.033111
4,rms,915,0.032482
4,rms,916,0.033019
4,rms,917,0.032944
4,rms,918,0.033593
4,rms,919,0.033648
4,rms,920,0.033481
4,rms,921,0.032574
4,rms,922,0.032907
4,rms,923,0.034056
4,rms,924,0.034463
4,rms,925,0.033408
4,rms,926,0.032462
4,rms,927,0.033685
4,rms,928,0.035741
4,rms,929,0.03287
4,rms,930,0.032704
4,rms,931,0.032648
4,rms,932,0.034685
4,rms,933,0.033649
4,rms,934,0.032444
4,rms,935,0.032759
4,rms,936,0.033907
4,rms,937,0.03326
4,rms,938,0.032222
4,rms,939,0.033056
4,rms,940,0.032722
4,rms,941,0.033963
4,rms,942,0.03363
4,rms,943,0.032852
4,rms,944,0.032482
4,rms,945,0.033944
4,rms,946,0.034
4,rms,947,0.032814
4,rms,948,0.032611
4,rms,949,0.032593
4,rms,950,0.034982
4,rms,951,0.032944
4,rms,952,0.033037
4,rms,953,0.032148
4,rms,954,0.0325
4,rms,955,0.033778
4,rms,956,0.036167
4,rms,957,0.033704
4,rms,958,0.0335
4,rms,959,0.034611
4,rms,960,0.033778
4,rms,961,0.035481
4,rms,962,0.034204
4,rms,963,0.032982
4,rms,964,0.033056
4,rms,965,0.034629
4,rms,966,0.064278
4,rms,967,0.035407
4,rms,968,0.033815
4,rms,969,0.032648
4,rms,970,0.032778
4,rms,971,0.03437
4,rms,972,0.03426
4,rms,973,0.033425
4,rms,974,0.033389
4,rms,975,0.035333
4,rms,976,0.033722
4,rms,977,0.033648
4,rms,978,0.033444
4,rms,979,0.033741
4,rms,980,0.033593
4,rms,981,0.034723
4,rms,982,0.034055
4,rms,983,0.033815
4,rms,984,0.033092
4,rms,985,0.036019
4,rms,986,0.033666
4,rms,987,0.033371
4,rms,988,0.034926
4,rms,989,0.034167
4,rms,990,0.033222
4,rms,991,0.033777
4,rms,992,0.033315
4,rms,993,0.033944
4,rms,994,0.033481
4,rms,995,0.034074
4,rms,996,0.033926
4,rms,997,0.034296
4,rms,998,0.033815
4,rms,999,0.034111
4,rms,1000,0.032926
4,rms,1001,0.034463
4,rms,1002,0.033592
4,rms,1003,0.032703
4,rms,1004,0.032203
4,rms,1005,0.033018
4,rms,1006,0.032926
4,rms,1007,0.033685
4,rms,1008,0.034444
4,rms,1009,0.033722
4,rms,1010,0.032278
4,rms,1011,0.032426
4,rms,1012,0.032704
4,rms,1013,0.057074
4,rms,1014,0.034907
4,rms,1015,0.034259
4,rms,1016,0.033222
4,rms,1017,0.034315
4,rms,1018,0.033019
4,rms,1019,0.032852
4,rms,1020,0.032315
4,rms,1021,0.032482
4,rms,1022,0.033592
4,rms,1023,0.034463
4,rms,1024,0.032667
4,rms,1025,0.032666
4,rms,1026,0.03313
4,rms,1027,0.032648
4,rms,1028,0.036555
4,rms,1029,0.033648
4,rms,1030,0.034593
4,rms,1031,0.034575
4,rms,1032,0.034667
4,rms,1033,0.033834
4,rms,1034,0.03613
4,rms,1035,0.033055
4,rms,1036,0.034277
4,rms,1037,0.033778
4,rms,1038,0.032685
4,rms,1039,0.034222
4,rms,1040,0.034815
4,rms,1041,0.032852
4,rms,1042,0.033833
4,rms,1043,0.033129
4,rms,1044,0.034333
4,rms,1045,0.033019
4,rms,1046,0.033148
4,rms,1047,0.033389
4,rms,1048,0.034185
4,rms,1049,0.032537
4,rms,1050,0.033407
4,rms,1051,0.033018
4,rms,1052,0.032666
4,rms,1053,0.03263
4,rms,1054,0.032629
4,rms,1055,0.03263
4,rms,1056,0.032611
4,rms,1057,0.032982
4,rms,1058,0.032778
4,rms,1059,0.032425
4,rms,1060,0.033092
4,rms,1061,0.03363
4,rms,1062,0.032981
4,rms,1063,0.032537
4,rms,1064,0.032741
4,rms,1065,0.032556
4,rms,1066,0.032963
4,rms,1067,0.035296
4,rms,1068,0.035186
4,rms,1069,0.033315
4,rms,1070,0.033667
4,rms,1071,0.034648
4,rms,1072,0.032463
4,rms,1073,0.033703
4,rms,1074,0.034111
4,rms,1075,0.034463
4,rms,1076,0.032723
4,rms,1077,0.032852
4,rms,1078,0.033
4,rms,1079,0.032426
4,rms,1080,0.032463
4,rms,1081,0.033889
4,rms,1082,0.035963
4,rms,1083,0.033
4,rms,1084,0.032685
4,rms,1085,0.034148
4,rms,1086,0.034111
4,rms,1087,0.032722
4,rms,1088,0.03274
4,rms,1089,0.032685
4,rms,1090,0.032555
4,rms,1091,0.032667
4,rms,1092,0.033797
4,rms,1093,0.053704
4,rms,1094,0.034111
4,rms,1095,0.036222
4,rms,1096,0.033277
4,rms,1097,0.034259
4,rms,1098,0.036593
4,rms,1099,0.033537
4,rms,1100,0.03424
4,rms,1101,0.034278
4,rms,1102,0.033277
4,rms,1103,0.032759
4,rms,1104,0.03276
4,rms,1105,0.034204
4,rms,1106,0.035944
4,rms,1107,0.032778
4,rms,1108,0.033778
4,rms,1109,0.035185
4,rms,1110,0.032851
4,rms,1111,0.033351
4,rms,1112,0.033223
4,rms,1113,0.034981
4,rms,1114,0.032852
4,rms,1115,0.034074
4,rms,1116,0.033204
4,rms,1117,0.03387
4,rms,1118,0.034259
4,rms,1119,0.032926
4,rms,1120,0.032555
4,rms,1121,0.035203
4,rms,1122,0.032926
4,rms,1123,0.032907
4,rms,1124,0.034315
4,rms,1125,0.035334
4,rms,1126,0.032686
4,rms,1127,0.056963
4,rms,1128,0.035389
4,rms,1129,0.036408
4,rms,1130,0.032945
4,rms,1131,0.033833
4,rms,1132,0.033926
4,rms,1133,0.03313
4,rms,1134,0.034074
4,rms,1135,0.034278
4,rms,1136,0.033796
4,rms,1137,0.0325
4,rms,1138,0.034019
4,rms,1139,0.03613
4,rms,1140,0.03237
4,rms,1141,0.033092
4,rms,1142,0.034296
4,rms,1143,0.03426
4,rms,1144,0.032648
4,rms,1145,0.032982
4,rms,1146,0.033
4,rms,1147,0.032889
4,rms,1148,0.033648
4,rms,1149,0.034204
4,rms,1150,0.03274
4,rms,1151,0.0335
4,rms,1152,0.033111
4,rms,1153,0.032963
4,rms,1154,0.033759
4,rms,1155,0.032981
4,rms,1156,0.032667
4,rms,1157,0.034426
4,rms,1158,0.034574
4,rms,1159,0.032649
4,rms,1160,0.033723
4,rms,1161,0.034796
4,rms,1162,0.032908
4,rms,1163,0.033204
4,rms,1164,0.033019
4,rms,1165,0.03387
4,rms,1166,0.034463
4,rms,1167,0.033037
4,rms,1168,0.034851
4,rms,1169,0.034037
4,rms,1170,0.035352
4,rms,1171,0.033556
4,rms,1172,0.033314
4,rms,1173,0.034092
4,rms,1174,0.035111
4,rms,1175,0.036888
4,rms,1176,0.033593
4,rms,1177,0.035519
4,rms,1178,0.034241
4,rms,1179,0.033167
4,rms,1180,0.033556
4,rms,1181,0.034444
4,rms,1182,0.036055
4,rms,1183,0.033241
4,rms,1184,0.034223
4,rms,1185,0.034815
4,rms,1186,0.035148
4,rms,1187,0.034408
4,rms,1188,0.0335
4,rms,1189,0.03437
4,rms,1190,0.034611
4,rms,1191,0.034889
4,rms,1192,0.034037
4,rms,1193,0.034759
4,rms,1194,0.033
4,rms,1195,0.034296
4,rms,1196,0.034778
4,rms,1197,0.033741
4,rms,1198,0.034203
4,rms,1199,0.03613
4,rms,1200,0.032722
4,rms,1201,0.035092
4,rms,1202,0.033481
4,rms,1203,0.035278
4,rms,1204,0.033889
4,rms,1205,0.033351
4,rms,1206,0.033296
4,rms,1207,0.034556
4,rms,1208,0.033555
4,rms,1209,0.032907
4,rms,1210,0.032796
4,rms,1211,0.032926
4,rms,1212,0.032481
4,rms,1213,0.033888
4,rms,1214,0.035704
4,rms,1215,0.032871
4,rms,1216,0.032704
4,rms,1217,0.033667
4,rms,1218,0.033167
4,rms,1219,0.032889
4,rms,1220,0.045648
4,rms,1221,0.032982
4,rms,1222,0.032167
4,rms,1223,0.032444
4,rms,1224,0.033
4,rms,1225,0.033203
4,rms,1226,0.033556
4,rms,1227,0.032333
4,rms,1228,0.032371
4,rms,1229,0.032833
4,rms,1230,0.032186
4,rms,1231,0.033778
4,rms,1232,0.033333
4,rms,1233,0.034463
4,rms,1234,0.034203
4,rms,1235,0.033666
4,rms,1236,0.034945
4,rms,1237,0.034555
4,rms,1238,0.0335
4,rms,1239,0.034852
4,rms,1240,0.044797
4,rms,1241,0.034019
4,rms,1242,0.033
4,rms,1243,0.033574
4,rms,1244,0.035037
4,rms,1245,0.033074
4,rms,1246,0.033186
4,rms,1247,0.033037
4,rms,1248,0.033352
4,rms,1249,0.033241
4,rms,1250,0.032648
4,rms,1251,0.032871
4,rms,1252,0.032203
4,rms,1253,0.03413
4,rms,1254,0.035315
4,rms,1255,0.033185
4,rms,1256,0.033703
4,rms,1257,0.033963
4,rms,1258,0.033092
4,rms,1259,0.033093
4,rms,1260,0.0325
4,rms,1261,0.036092
4,rms,1262,0.033019
4,rms,1263,0.034667
4,rms,1264,0.033741
4,rms,1265,0.03363
4,rms,1266,0.033388
4,rms,1267,0.035315
4,rms,1268,0.032334
4,rms,1269,0.033074
4,rms,1270,0.035297
4,rms,1271,0.033278
4,rms,1272,0.032296
4,rms,1273,0.034685
4,rms,1274,0.033778
4,rms,1275,0.0325
4,rms,1276,0.032259
4,rms,1277,0.032537
4,rms,1278,0.032222
4,rms,1279,0.032796
4,rms,1280,0.034037
4,rms,1281,0.032407
4,rms,1282,0.032426
4,rms,1283,0.03876
4,rms,1284,0.032463
4,rms,1285,0.033463
4,rms,1286,0.032796
4,rms,1287,0.034167
4,rms,1288,0.032944
4,rms,1289,0.034371
4,rms,1290,0.035814
4,rms,1291,0.033556
4,rms,1292,0.034703
4,rms,1293,0.033463
4,rms,1294,0.032759
4,rms,1295,0.0345
4,rms,1296,0.034722
4,rms,1297,0.033334
4,rms,1298,0.033629
4,rms,1299,0.033814
4,rms,1300,0.035426
4,rms,1301,0.034537
4,rms,1302,0.033185
4,rms,1303,0.034093
4,rms,1304,0.032481
4,rms,1305,0.034296
4,rms,1306,0.033204
4,rms,1307,0.034074
4,rms,1308,0.032907
4,rms,1309,0.034222
4,rms,1310,0.033889
4,rms,1311,0.033648
4,rms,1312,0.035574
4,rms,1313,0.034908
4,rms,1314,0.036278
4,rms,1315,0.035
4,rms,1316,0.034722
4,rms,1317,0.033648
4,rms,1318,0.033463
4,rms,1319,0.035723
4,rms,1320,0.032888
4,rms,1321,0.033407
4,rms,1322,0.033426
4,rms,1323,0.034389
4,rms,1324,0.032537
4,rms,1325,0.033982
4,rms,1326,0.033722
4,rms,1327,0.035185
4,rms,1328,0.032666
4,rms,1329,0.034074
4,rms,1330,0.032648
4,rms,1331,0.033685
4,rms,1332,0.033203
4,rms,1333,0.032981
4,rms,1334,0.032481
4,rms,1335,0.034111
4,rms,1336,0.033037
4,rms,1337,0.035425
4,rms,1338,0.033222
4,rms,1339,0.032667
4,rms,1340,0.032611
4,rms,1341,0.035018
4,rms,1342,0.032926
4,rms,1343,0.033574
4,rms,1344,0.032704
4,rms,1345,0.034629
4,rms,1346,0.033444
4,rms,1347,0.047333
4,rms,1348,0.033333
4,rms,1349,0.034352
4,rms,1350,0.032741
4,rms,1351,0.035167
4,rms,1352,0.032759
4,rms,1353,0.033481
4,rms,1354,0.048926
4,rms,1355,0.035426
4,rms,1356,0.033481
4,rms,1357,0.035389
4,rms,1358,0.033611
4,rms,1359,0.034111
4,rms,1360,0.033685
4,rms,1361,0.034352
4,rms,1362,0.033371
4,rms,1363,0.033963
4,rms,1364,0.034334
4,rms,1365,0.036167
4,rms,1366,0.034037
4,rms,1367,0.033796
4,rms,1368,0.034167
4,rms,1369,0.034278
4,rms,1370,0.032834
4,rms,1371,0.034796
4,rms,1372,0.032963
4,rms,1373,0.033925
4,rms,1374,0.033407
4,rms,1375,0.034408
4,rms,1376,0.033796
4,rms,1377,0.033037
4,rms,1378,0.033815
4,rms,1379,0.03587
4,rms,1380,0.032352
4,rms,1381,0.033778
4,rms,1382,0.033741
4,rms,1383,0.032519
4,rms,1384,0.033611
4,rms,1385,0.033889
4,rms,1386,0.035296
4,rms,1387,0.035685
4,rms,1388,0.0345
4,rms,1389,0.034278
4,rms,1390,0.035963
4,rms,1391,0.034148
4,rms,1392,0.032852
4,rms,1393,0.034333
4,rms,1394,0.034129
4,rms,1395,0.033574
4,rms,1396,0.033111
4,rms,1397,0.034334
4,rms,1398,0.035648
4,rms,1399,0.034314
4,rms,1400,0.034889
4,rms,1401,0.033593
4,rms,1402,0.034259
4,rms,1403,0.034537
4,rms,1404,0.033185
4,rms,1405,0.036148
4,rms,1406,0.033703
4,rms,1407,0.034963
4,rms,1408,0.035926
4,rms,1409,0.034037
4,rms,1410,0.033537
4,rms,1411,0.035222
4,rms,1412,0.035574
4,rms,1413,0.036722
4,rms,1414,0.033019
4,rms,1415,0.034852
4,rms,1416,0.032944
4,rms,1417,0.033166
4,rms,1418,0.034333
4,rms,1419,0.034407
4,rms,1420,0.034074
4,rms,1421,0.034055
4,rms,1422,0.036278
4,rms,1423,0.034352
4,rms,1424,0.035352
4,rms,1425,0.034833
4,rms,1426,0.0335
4,rms,1427,0.034982
4,rms,1428,0.036259
4,rms,1429,0.036055
4,rms,1430,0.034223
4,rms,1431,0.035148
4,rms,1432,0.034426
4,rms,1433,0.034278
4,rms,1434,0.035685
4,rms,1435,0.034574
4,rms,1436,0.034222
4,rms,1437,0.033611
4,rms,1438,0.033889
4,rms,1439,0.033407
4,rms,1440,0.034129
4,rms,1441,0.035055
4,rms,1442,0.034982
4,rms,1443,0.033352
4,rms,1444,0.033963
4,rms,1445,0.036185
4,rms,1446,0.033722
4,rms,1447,0.034185
4,rms,1448,0.034351
4,rms,1449,0.03687
4,rms,1450,0.035463
4,rms,1451,0.03476
4,rms,1452,0.033388
4,rms,1453,0.035259
4,rms,1454,0.035574
4,rms,1455,0.035093
4,rms,1456,0.034537
4,rms,1457,0.037259
4,rms,1458,0.036556
4,rms,1459,0.033982
4,rms,1460,0.035129
4,rms,1461,0.034778
4,rms,1462,0.034926
4,rms,1463,0.034185
4,rms,1464,0.036889
4,rms,1465,0.04274
4,rms,1466,0.03613
4,rms,1467,0.036093
4,rms,1468,0.035185
4,rms,1469,0.036611
4,rms,1470,0.037574
4,rms,1471,0.034389
4,rms,1472,0.034259
4,rms,1473,0.034185
4,rms,1474,0.046314
4,rms,1475,0.033981
4,rms,1476,0.03463
4,rms,1477,0.0375
4,rms,1478,0.034203
4,rms,1479,0.036185
4,rms,1480,0.037407
4,rms,1481,0.033852
4,rms,1482,0.034778
4,rms,1483,0.034907
4,rms,1484,0.036796
4,rms,1485,0.037814
4,rms,1486,0.035204
4,rms,1487,0.035333
4,rms,1488,0.034777
4,rms,1489,0.035944
4,rms,1490,0.033982
4,rms,1491,0.033611
4,rms,1492,0.034315
4,rms,1493,0.032797
4,rms,1494,0.033222
4,rms,1495,0.033444
4,rms,1496,0.034482
4,rms,1497,0.038685
4,rms,1498,0.033074
4,rms,1499,0.034408
4,rms,1500,0.034611
4,rms,1501,0.033093
4,rms,1502,0.0325
4,rms,1503,0.032444
4,rms,1504,0.03424
4,rms,1505,0.033389
4,rms,1506,0.03387
4,rms,1507,0.033685
4,rms,1508,0.034889
4,rms,1509,0.033518
4,rms,1510,0.035796
4,rms,1511,0.03437
4,rms,1512,0.035481
4,rms,1513,0.033833
4,rms,1514,0.033019
4,rms,1515,0.035352
4,rms,1516,0.032333
4,rms,1517,0.033889
4,rms,1518,0.03713
4,rms,1519,0.033796
4,rms,1520,0.034463
4,rms,1521,0.033426
4,rms,1522,0.033444
4,rms,1523,0.036982
4,rms,1524,0.03374
4,rms,1525,0.035834
4,rms,1526,0.034
4,rms,1527,0.033314
4,rms,1528,0.035963
4,rms,1529,0.036593
4,rms,1530,0.04063
4,rms,1531,0.03413
4,rms,1532,0.032389
4,rms,1533,0.032574
4,rms,1534,0.03237
4,rms,1535,0.032148
4,rms,1536,0.032315
4,rms,1537,0.032519
4,rms,1538,0.032389
4,rms,1539,0.032463
4,rms,1540,0.03224
4,rms,1541,0.033018
4,rms,1542,0.032278
4,rms,1543,0.032315
4,rms,1544,0.032222
4,rms,1545,0.032185
4,rms,1546,0.032315
4,rms,1547,0.032056
4,rms,1548,0.032074
4,rms,1549,0.032259
4,rms,1550,0.032815
4,rms,1551,0.032092
4,rms,1552,0.032315
4,rms,1553,0.032982
4,rms,1554,0.032482
4,rms,1555,0.032537
4,rms,1556,0.032129
4,rms,1557,0.033315
4,rms,1558,0.032499
4,rms,1559,0.032351
4,rms,1560,0.03276
4,rms,1561,0.034018
4,rms,1562,0.032685
4,rms,1563,0.032297
4,rms,1564,0.032074
4,rms,1565,0.032352
4,rms,1566,0.032463
4,rms,1567,0.032
4,rms,1568,0.032537
4,rms,1569,0.032203
4,rms,1570,0.032092
4,rms,1571,0.032296
4,rms,1572,0.032259
4,rms,1573,0.032389
4,rms,1574,0.032667
4,rms,1575,0.032277
4,rms,1576,0.032204
4,rms,1577,0.032315
4,rms,1578,0.032352
4,rms,1579,0.031926
4,rms,1580,0.042074
4,rms,1581,0.033
4,rms,1582,0.032815
4,rms,1583,0.033463
4,rms,1584,0.032833
4,rms,1585,0.032463
4,rms,1586,0.033667
4,rms,1587,0.032333
4,rms,1588,0.032315
4,rms,1589,0.032222
4,rms,1590,0.032574
4,rms,1591,0.032204
4,rms,1592,0.032648
4,rms,1593,0.03213
4,rms,1594,0.032611
4,rms,1595,0.032092
4,rms,1596,0.0325
4,rms,1597,0.032426
4,rms,1598,0.033093
4,rms,1599,0.032889
4,rms,1600,0.033223
4,rms,1601,0.043871
4,rms,1602,0.033963
4,rms,1603,0.034222
4,rms,1604,0.032333
4,rms,1605,0.032889
4,rms,1606,0.032851
4,rms,1607,0.033481
4,rms,1608,0.032352
4,rms,1609,0.033722
4,rms,1610,0.032352
4,rms,1611,0.032092
4,rms,1612,0.032389
4,rms,1613,0.032444
4,rms,1614,0.032444
4,rms,1615,0.0325
4,rms,1616,0.032019
4,rms,1617,0.032259
4,rms,1618,0.032277
4,rms,1619,0.032445
4,rms,1620,0.032482
4,rms,1621,0.034999
4,rms,1622,0.035685
4,rms,1623,0.036871
4,rms,1624,0.035204
4,rms,1625,0.040482
4,rms,1626,0.036389
4,rms,1627,0.034352
4,rms,1628,0.035408
4,rms,1629,0.035667
4,rms,1630,0.034556
4,rms,1631,0.034611
4,rms,1632,0.042815
4,rms,1633,0.045093
4,rms,1634,0.036352
4,rms,1635,0.034685
4,rms,1636,0.033741
4,rms,1637,0.032944
4,rms,1638,0.034093
4,rms,1639,0.033796
4,rms,1640,0.033241
4,rms,1641,0.036222
4,rms,1642,0.03313
4,rms,1643,0.033241
4,rms,1644,0.033407
4,rms,1645,0.034093
4,rms,1646,0.036241
4,rms,1647,0.033315
4,rms,1648,0.033278
4,rms,1649,0.035945
4,rms,1650,0.033259
4,rms,1651,0.034129
4,rms,1652,0.0345
4,rms,1653,0.03376
4,rms,1654,0.034944
4,rms,1655,0.035444
4,rms,1656,0.032759
4,rms,1657,0.034241
4,rms,1658,0.036111
4,rms,1659,0.032889
4,rms,1660,0.036222
4,rms,1661,0.033741
4,rms,1662,0.032648
4,rms,1663,0.033426
4,rms,1664,0.033926
4,rms,1665,0.03337
4,rms,1666,0.032981
4,rms,1667,0.032666
4,rms,1668,0.033926
4,rms,1669,0.033999
4,rms,1670,0.033518
4,rms,1671,0.033185
4,rms,1672,0.03263
4,rms,1673,0.033574
4,rms,1674,0.033055
4,rms,1675,0.03263
4,rms,1676,0.033982
4,rms,1677,0.034018
4,rms,1678,0.033278
4,rms,1679,0.03324
4,rms,1680,0.037259
4,rms,1681,0.036074
4,rms,1682,0.035833
4,rms,1683,0.032722
4,rms,1684,0.032315
4,rms,1685,0.037796
4,rms,1686,0.034167
4,rms,1687,0.0345
4,rms,1688,0.033611
4,rms,1689,0.034815
4,rms,1690,0.034833
4,rms,1691,0.033445
4,rms,1692,0.034741
4,rms,1693,0.053148
4,rms,1694,0.037407
4,rms,1695,0.034981
4,rms,1696,0.033908
4,rms,1697,0.03737
4,rms,1698,0.035685
4,rms,1699,0.03276
4,rms,1700,0.03387
4,rms,1701,0.035556
4,rms,1702,0.034111
4,rms,1703,0.033777
4,rms,1704,0.034111
4,rms,1705,0.033389
4,rms,1706,0.034519
4,rms,1707,0.035
4,rms,1708,0.032982
4,rms,1709,0.034241
4,rms,1710,0.034852
4,rms,1711,0.033259
4,rms,1712,0.033148
4,rms,1713,0.036092
4,rms,1714,0.033537
4,rms,1715,0.033185
4,rms,1716,0.035852
4,rms,1717,0.036222
4,rms,1718,0.034926
4,rms,1719,0.035056
4,rms,1720,0.034
4,rms,1721,0.033537
4,rms,1722,0.037334
4,rms,1723,0.033315
4,rms,1724,0.033167
4,rms,1725,0.033741
4,rms,1726,0.034759
4,rms,1727,0.033426
4,rms,1728,0.043351
4,rms,1729,0.033056
4,rms,1730,0.032574
4,rms,1731,0.033074
4,rms,1732,0.033018
4,rms,1733,0.038167
4,rms,1734,0.033908
4,rms,1735,0.034166
4,rms,1736,0.032648
4,rms,1737,0.033685
4,rms,1738,0.036407
4,rms,1739,0.032741
4,rms,1740,0.032889
4,rms,1741,0.032648
4,rms,1742,0.032426
4,rms,1743,0.033166
4,rms,1744,0.033926
4,rms,1745,0.032611
4,rms,1746,0.032722
4,rms,1747,0.032871
4,rms,1748,0.032389
4,rms,1749,0.033815
4,rms,1750,0.034371
4,rms,1751,0.033222
4,rms,1752,0.03287
4,rms,1753,0.034518
4,rms,1754,0.033963
4,rms,1755,0.032666
4,rms,1756,0.033241
4,rms,1757,0.032648
4,rms,1758,0.032796
4,rms,1759,0.03363
4,rms,1760,0.033963
4,rms,1761,0.033574
4,rms,1762,0.033037
4,rms,1763,0.033629
4,rms,1764,0.034186
4,rms,1765,0.033574
4,rms,1766,0.033055
4,rms,1767,0.034
4,rms,1768,0.033852
4,rms,1769,0.032778
4,rms,1770,0.032852
4,rms,1771,0.033315
4,rms,1772,0.033722
4,rms,1773,0.032574
4,rms,1774,0.032944
4,rms,1775,0.03237
4,rms,1776,0.032759
4,rms,1777,0.032648
4,rms,1778,0.036407
4,rms,1779,0.034908
4,rms,1780,0.032444
4,rms,1781,0.034129
4,rms,1782,0.032518
4,rms,1783,0.035426
4,rms,1784,0.032778
4,rms,1785,0.03263
4,rms,1786,0.032833
4,rms,1787,0.032611
4,rms,1788,0.032352
4,rms,1789,0.034981
4,rms,1790,0.033111
4,rms,1791,0.032796
4,rms,1792,0.032852
4,rms,1793,0.033889
4,rms,1794,0.033981
4,rms,1795,0.032759
4,rms,1796,0.033167
4,rms,1797,0.033537
4,rms,1798,0.034741
4,rms,1799,0.033963
4,rms,1800,0.032555
4,rms,1801,0.03276
4,rms,1802,0.038167
4,rms,1803,0.032408
4,rms,1804,0.032352
4,rms,1805,0.032704
5,tflite_autoencoder,1,0.058334
5,tflite_autoencoder,2,0.058703
5,tflite_autoencoder,3,0.061593
5,tflite_autoencoder,4,0.060167
5,tflite_autoencoder,5,0.058945
5,tflite_autoencoder,6,0.058296
5,tflite_autoencoder,7,0.057722
5,tflite_autoencoder,8,0.05726
5,tflite_autoencoder,9,0.05824
5,tflite_autoencoder,10,0.060408
5,tflite_autoencoder,11,0.0615
5,tflite_autoencoder,12,0.059408
5,tflite_autoencoder,13,0.057352
5,tflite_autoencoder,14,0.057167
5,tflite_autoencoder,15,0.06037
5,tflite_autoencoder,16,0.058944
5,tflite_autoencoder,17,0.057555
5,tflite_autoencoder,18,0.059963
5,tflite_autoencoder,19,0.056796
5,tflite_autoencoder,20,0.058204
5,tflite_autoencoder,21,0.059889
5,tflite_autoencoder,22,0.059092
5,tflite_autoencoder,23,0.061056
5,tflite_autoencoder,24,0.059334
5,tflite_autoencoder,25,0.058222
5,tflite_autoencoder,26,0.058167
5,tflite_autoencoder,27,0.058426
5,tflite_autoencoder,28,0.059055
5,tflite_autoencoder,29,0.058297
5,tflite_autoencoder,30,0.058907
5,tflite_autoencoder,31,0.059278
5,tflite_autoencoder,32,0.058463
5,tflite_autoencoder,33,0.059482
5,tflite_autoencoder,34,0.05887
5,tflite_autoencoder,35,0.057926
5,tflite_autoencoder,36,0.062074
5,tflite_autoencoder,37,0.084462
5,tflite_autoencoder,38,0.073055
5,tflite_autoencoder,39,0.060074
5,tflite_autoencoder,40,0.058481
5,tflite_autoencoder,41,0.059945
5,tflite_autoencoder,42,0.061148
5,tflite_autoencoder,43,0.058407
5,tflite_autoencoder,44,0.060444
5,tflite_autoencoder,45,0.059833
5,tflite_autoencoder,46,0.058425
5,tflite_autoencoder,47,0.059055
5,tflite_autoencoder,48,0.060314
5,tflite_autoencoder,49,0.0815
5,tflite_autoencoder,50,0.061685
5,tflite_autoencoder,51,0.061388
5,tflite_autoencoder,52,0.059741
5,tflite_autoencoder,53,0.058852
5,tflite_autoencoder,54,0.057648
5,tflite_autoencoder,55,0.058685
5,tflite_autoencoder,56,0.058204
5,tflite_autoencoder,57,0.058407
5,tflite_autoencoder,58,0.057797
5,tflite_autoencoder,59,0.059907
5,tflite_autoencoder,60,0.057278
5,tflite_autoencoder,61,0.05837
5,tflite_autoencoder,62,0.057889
5,tflite_autoencoder,63,0.057426
5,tflite_autoencoder,64,0.06
5,tflite_autoencoder,65,0.058112
5,tflite_autoencoder,66,0.058129
5,tflite_autoencoder,67,0.05713
5,tflite_autoencoder,68,0.060018
5,tflite_autoencoder,69,0.05813
5,tflite_autoencoder,70,0.058223
5,tflite_autoencoder,71,0.057463
5,tflite_autoencoder,72,0.059204
5,tflite_autoencoder,73,0.058222
5,tflite_autoencoder,74,0.057537
5,tflite_autoencoder,75,0.057389
5,tflite_autoencoder,76,0.058185
5,tflite_autoencoder,77,0.057741
5,tflite_autoencoder,78,0.059056
5,tflite_autoencoder,79,0.057297
5,tflite_autoencoder,80,0.058611
5,tflite_autoencoder,81,0.058389
5,tflite_autoencoder,82,0.057667
5,tflite_autoencoder,83,0.058556
5,tflite_autoencoder,84,0.060518
5,tflite_autoencoder,85,0.058277
5,tflite_autoencoder,86,0.058889
5,tflite_autoencoder,87,0.057963
5,tflite_autoencoder,88,0.057241
5,tflite_autoencoder,89,0.057722
5,tflite_autoencoder,90,0.059723
5,tflite_autoencoder,91,0.067462
5,tflite_autoencoder,92,0.065407
5,tflite_autoencoder,93,0.060314
5,tflite_autoencoder,94,0.061056
5,tflite_autoencoder,95,0.058592
5,tflite_autoencoder,96,0.058389
5,tflite_autoencoder,97,0.058463
5,tflite_autoencoder,98,0.060796
5,tflite_autoencoder,99,0.059148
5,tflite_autoencoder,100,0.059037
5,tflite_autoencoder,101,0.060111
5,tflite_autoencoder,102,0.060018
5,tflite_autoencoder,103,0.097666
5,tflite_autoencoder,104,0.060407
5,tflite_autoencoder,105,0.061278
5,tflite_autoencoder,106,0.062815
5,tflite_autoencoder,107,0.058056
5,tflite_autoencoder,108,0.059815
5,tflite_autoencoder,109,0.063074
5,tflite_autoencoder,110,0.05737
5,tflite_autoencoder,111,0.057574
5,tflite_autoencoder,112,0.058704
5,tflite_autoencoder,113,0.057574
5,tflite_autoencoder,114,0.058629
5,tflite_autoencoder,115,0.058019
5,tflite_autoencoder,116,0.058223
5,tflite_autoencoder,117,0.058278
5,tflite_autoencoder,118,0.058592
5,tflite_autoencoder,119,0.058944
5,tflite_autoencoder,120,0.0595
5,tflite_autoencoder,121,0.059259
5,tflite_autoencoder,122,0.058685
5,tflite_autoencoder,123,0.059667
5,tflite_autoencoder,124,0.058833
5,tflite_autoencoder,125,0.058222
5,tflite_autoencoder,126,0.06087
5,tflite_autoencoder,127,0.058389
5,tflite_autoencoder,128,0.057852
5,tflite_autoencoder,129,0.058759
5,tflite_autoencoder,130,0.057648
5,tflite_autoencoder,131,0.05837
5,tflite_autoencoder,132,0.0575
5,tflite_autoencoder,133,0.057333
5,tflite_autoencoder,134,0.060074
5,tflite_autoencoder,135,0.058297
5,tflite_autoencoder,136,0.059315
5,tflite_autoencoder,137,0.058444
5,tflite_autoencoder,138,0.056666
5,tflite_autoencoder,139,0.058722
5,tflite_autoencoder,140,0.05737
5,tflite_autoencoder,141,0.05787
5,tflite_autoencoder,142,0.057333
5,tflite_autoencoder,143,0.058204
5,tflite_autoencoder,144,0.05837
5,tflite_autoencoder,145,0.057425
5,tflite_autoencoder,146,0.057907
5,tflite_autoencoder,147,0.057463
5,tflite_autoencoder,148,0.057741
5,tflite_autoencoder,149,0.057278
5,tflite_autoencoder,150,0.058518
5,tflite_autoencoder,151,0.058185
5,tflite_autoencoder,152,0.057074
5,tflite_autoencoder,153,0.058556
5,tflite_autoencoder,154,0.058296
5,tflite_autoencoder,155,0.057259
5,tflite_autoencoder,156,0.057833
5,tflite_autoencoder,157,0.057296
5,tflite_autoencoder,158,0.057203
5,tflite_autoencoder,159,0.058204
5,tflite_autoencoder,160,0.058388
5,tflite_autoencoder,161,0.057555
5,tflite_autoencoder,162,0.057796
5,tflite_autoencoder,163,0.057315
5,tflite_autoencoder,164,0.057223
5,tflite_autoencoder,165,0.058278
5,tflite_autoencoder,166,0.058759
5,tflite_autoencoder,167,0.058463
5,tflite_autoencoder,168,0.058259
5,tflite_autoencoder,169,0.083111
5,tflite_autoencoder,170,0.068463
5,tflite_autoencoder,171,0.060037
5,tflite_autoencoder,172,0.058537
5,tflite_autoencoder,173,0.058
5,tflite_autoencoder,174,0.058759
5,tflite_autoencoder,175,0.057815
5,tflite_autoencoder,176,0.077834
5,tflite_autoencoder,177,0.062667
5,tflite_autoencoder,178,0.058611
5,tflite_autoencoder,179,0.058037
5,tflite_autoencoder,180,0.057759
5,tflite_autoencoder,181,0.057537
5,tflite_autoencoder,182,0.058463
5,tflite_autoencoder,183,0.057463
5,tflite_autoencoder,184,0.057796
5,tflite_autoencoder,185,0.057296
5,tflite_autoencoder,186,0.057629
5,tflite_autoencoder,187,0.057296
5,tflite_autoencoder,188,0.057815
5,tflite_autoencoder,189,0.057055
5,tflite_autoencoder,190,0.056796
5,tflite_autoencoder,191,0.056704
5,tflite_autoencoder,192,0.059611
5,tflite_autoencoder,193,0.05937
5,tflite_autoencoder,194,0.05787
5,tflite_autoencoder,195,0.056722
5,tflite_autoencoder,196,0.057223
5,tflite_autoencoder,197,0.056722
5,tflite_autoencoder,198,0.057259
5,tflite_autoencoder,199,0.056907
5,tflite_autoencoder,200,0.057833
5,tflite_autoencoder,201,0.057537
5,tflite_autoencoder,202,0.058093
5,tflite_autoencoder,203,0.058092
5,tflite_autoencoder,204,0.057204
5,tflite_autoencoder,205,0.059463
5,tflite_autoencoder,206,0.057685
5,tflite_autoencoder,207,0.057204
5,tflite_autoencoder,208,0.057685
5,tflite_autoencoder,209,0.057277
5,tflite_autoencoder,210,0.057222
5,tflite_autoencoder,211,0.058259
5,tflite_autoencoder,212,0.0585
5,tflite_autoencoder,213,0.05763
5,tflite_autoencoder,214,0.058759
5,tflite_autoencoder,215,0.058574
5,tflite_autoencoder,216,0.058371
5,tflite_autoencoder,217,0.057555
5,tflite_autoencoder,218,0.057314
5,tflite_autoencoder,219,0.057334
5,tflite_autoencoder,220,0.057963
5,tflite_autoencoder,221,0.058463
5,tflite_autoencoder,222,0.057463
5,tflite_autoencoder,223,0.058962
5,tflite_autoencoder,224,0.057981
5,tflite_autoencoder,225,0.057389
5,tflite_autoencoder,226,0.057648
5,tflite_autoencoder,227,0.058333
5,tflite_autoencoder,228,0.056833
5,tflite_autoencoder,229,0.058519
5,tflite_autoencoder,230,0.057555
5,tflite_autoencoder,231,0.058018
5,tflite_autoencoder,232,0.057518
5,tflite_autoencoder,233,0.057055
5,tflite_autoencoder,234,0.058111
5,tflite_autoencoder,235,0.057185
5,tflite_autoencoder,236,0.067945
5,tflite_autoencoder,237,0.063148
5,tflite_autoencoder,238,0.059371
5,tflite_autoencoder,239,0.057371
5,tflite_autoencoder,240,0.058241
5,tflite_autoencoder,241,0.058481
5,tflite_autoencoder,242,0.058444
5,tflite_autoencoder,243,0.058185
5,tflite_autoencoder,244,0.057537
5,tflite_autoencoder,245,0.057593
5,tflite_autoencoder,246,0.057926
5,tflite_autoencoder,247,0.057481
5,tflite_autoencoder,248,0.057574
5,tflite_autoencoder,249,0.058149
5,tflite_autoencoder,250,0.058574
5,tflite_autoencoder,251,0.057666
5,tflite_autoencoder,252,0.058704
5,tflite_autoencoder,253,0.057111
5,tflite_autoencoder,254,0.057315
5,tflite_autoencoder,255,0.059278
5,tflite_autoencoder,256,0.057611
5,tflite_autoencoder,257,0.057334
5,tflite_autoencoder,258,0.058444
5,tflite_autoencoder,259,0.05737
5,tflite_autoencoder,260,0.057852
5,tflite_autoencoder,261,0.057259
5,tflite_autoencoder,262,0.057055
5,tflite_autoencoder,263,0.057148
5,tflite_autoencoder,264,0.058722
5,tflite_autoencoder,265,0.058499
5,tflite_autoencoder,266,0.05763
5,tflite_autoencoder,267,0.057796
5,tflite_autoencoder,268,0.056778
5,tflite_autoencoder,269,0.057259
5,tflite_autoencoder,270,0.057111
5,tflite_autoencoder,271,0.058018
5,tflite_autoencoder,272,0.058185
5,tflite_autoencoder,273,0.057426
5,tflite_autoencoder,274,0.056851
5,tflite_autoencoder,275,0.057518
5,tflite_autoencoder,276,0.057074
5,tflite_autoencoder,277,0.057204
5,tflite_autoencoder,278,0.057556
5,tflite_autoencoder,279,0.057148
5,tflite_autoencoder,280,0.057944
5,tflite_autoencoder,281,0.056759
5,tflite_autoencoder,282,0.058074
5,tflite_autoencoder,283,0.057203
5,tflite_autoencoder,284,0.056907
5,tflite_autoencoder,285,0.057593
5,tflite_autoencoder,286,0.057167
5,tflite_autoencoder,287,0.058222
5,tflite_autoencoder,288,0.057223
5,tflite_autoencoder,289,0.057796
5,tflite_autoencoder,290,0.057074
5,tflite_autoencoder,291,0.057574
5,tflite_autoencoder,292,0.058222
5,tflite_autoencoder,293,0.057148
5,tflite_autoencoder,294,0.057593
5,tflite_autoencoder,295,0.056907
5,tflite_autoencoder,296,0.057074
5,tflite_autoencoder,297,0.058
5,tflite_autoencoder,298,0.057092
5,tflite_autoencoder,299,0.058129
5,tflite_autoencoder,300,0.058389
5,tflite_autoencoder,301,0.058148
5,tflite_autoencoder,302,0.058074
5,tflite_autoencoder,303,0.068463
5,tflite_autoencoder,304,0.075555
5,tflite_autoencoder,305,0.064185
5,tflite_autoencoder,306,0.058814
5,tflite_autoencoder,307,0.058315
5,tflite_autoencoder,308,0.057407
5,tflite_autoencoder,309,0.057962
5,tflite_autoencoder,310,0.057333
5,tflite_autoencoder,311,0.058296
5,tflite_autoencoder,312,0.056888
5,tflite_autoencoder,313,0.056759
5,tflite_autoencoder,314,0.05713
5,tflite_autoencoder,315,0.057018
5,tflite_autoencoder,316,0.058222
5,tflite_autoencoder,317,0.057277
5,tflite_autoencoder,318,0.057574
5,tflite_autoencoder,319,0.056981
5,tflite_autoencoder,320,0.057074
5,tflite_autoencoder,321,0.057074
5,tflite_autoencoder,322,0.056944
5,tflite_autoencoder,323,0.057908
5,tflite_autoencoder,324,0.057629
5,tflite_autoencoder,325,0.056796
5,tflite_autoencoder,326,0.056834
5,tflite_autoencoder,327,0.058036
5,tflite_autoencoder,328,0.056907
5,tflite_autoencoder,329,0.05674
5,tflite_autoencoder,330,0.056833
5,tflite_autoencoder,331,0.057185
5,tflite_autoencoder,332,0.057963
5,tflite_autoencoder,333,0.057148
5,tflite_autoencoder,334,0.057185
5,tflite_autoencoder,335,0.056889
5,tflite_autoencoder,336,0.058463
5,tflite_autoencoder,337,0.05826
5,tflite_autoencoder,338,0.057092
5,tflite_autoencoder,339,0.057463
5,tflite_autoencoder,340,0.057019
5,tflite_autoencoder,341,0.056778
5,tflite_autoencoder,342,0.057685
5,tflite_autoencoder,343,0.057482
5,tflite_autoencoder,344,0.057074
5,tflite_autoencoder,345,0.057426
5,tflite_autoencoder,346,0.056981
5,tflite_autoencoder,347,0.057371
5,tflite_autoencoder,348,0.057685
5,tflite_autoencoder,349,0.058093
5,tflite_autoencoder,350,0.0575
5,tflite_autoencoder,351,0.057944
5,tflite_autoencoder,352,0.057333
5,tflite_autoencoder,353,0.058148
5,tflite_autoencoder,354,0.059056
5,tflite_autoencoder,355,0.058278
5,tflite_autoencoder,356,0.05837
5,tflite_autoencoder,357,0.056926
5,tflite_autoencoder,358,0.057111
5,tflite_autoencoder,359,0.057351
5,tflite_autoencoder,360,0.056703
5,tflite_autoencoder,361,0.057315
5,tflite_autoencoder,362,0.056963
5,tflite_autoencoder,363,0.056982
5,tflite_autoencoder,364,0.057241
5,tflite_autoencoder,365,0.057019
5,tflite_autoencoder,366,0.057389
5,tflite_autoencoder,367,0.057111
5,tflite_autoencoder,368,0.056945
5,tflite_autoencoder,369,0.058
5,tflite_autoencoder,370,0.057167
5,tflite_autoencoder,371,0.058407
5,tflite_autoencoder,372,0.085389
5,tflite_autoencoder,373,0.071556
5,tflite_autoencoder,374,0.059315
5,tflite_autoencoder,375,0.05826
5,tflite_autoencoder,376,0.057315
5,tflite_autoencoder,377,0.057593
5,tflite_autoencoder,378,0.057556
5,tflite_autoencoder,379,0.057611
5,tflite_autoencoder,380,0.057445
5,tflite_autoencoder,381,0.058093
5,tflite_autoencoder,382,0.058408
5,tflite_autoencoder,383,0.05863
5,tflite_autoencoder,384,0.059667
5,tflite_autoencoder,385,0.058722
5,tflite_autoencoder,386,0.057722
5,tflite_autoencoder,387,0.058648
5,tflite_autoencoder,388,0.058296
5,tflite_autoencoder,389,0.059111
5,tflite_autoencoder,390,0.058167
5,tflite_autoencoder,391,0.057666
5,tflite_autoencoder,392,0.058111
5,tflite_autoencoder,393,0.057315
5,tflite_autoencoder,394,0.057537
5,tflite_autoencoder,395,0.058204
5,tflite_autoencoder,396,0.057407
5,tflite_autoencoder,397,0.057593
5,tflite_autoencoder,398,0.057555
5,tflite_autoencoder,399,0.057315
5,tflite_autoencoder,400,0.057
5,tflite_autoencoder,401,0.057333
5,tflite_autoencoder,402,0.056815
5,tflite_autoencoder,403,0.057908
5,tflite_autoencoder,404,0.057944
5,tflite_autoencoder,405,0.056963
5,tflite_autoencoder,406,0.057555
5,tflite_autoencoder,407,0.057296
5,tflite_autoencoder,408,0.058204
5,tflite_autoencoder,409,0.057926
5,tflite_autoencoder,410,0.057703
5,tflite_autoencoder,411,0.057925
5,tflite_autoencoder,412,0.057074
5,tflite_autoencoder,413,0.057463
5,tflite_autoencoder,414,0.05726
5,tflite_autoencoder,415,0.058556
5,tflite_autoencoder,416,0.058407
5,tflite_autoencoder,417,0.058704
5,tflite_autoencoder,418,0.057389
5,tflite_autoencoder,419,0.058389
5,tflite_autoencoder,420,0.057074
5,tflite_autoencoder,421,0.057834
5,tflite_autoencoder,422,0.057148
5,tflite_autoencoder,423,0.058204
5,tflite_autoencoder,424,0.058667
5,tflite_autoencoder,425,0.058722
5,tflite_autoencoder,426,0.058648
5,tflite_autoencoder,427,0.058759
5,tflite_autoencoder,428,0.058888
5,tflite_autoencoder,429,0.058519
5,tflite_autoencoder,430,0.073592
5,tflite_autoencoder,431,0.062092
5,tflite_autoencoder,432,0.05813
5,tflite_autoencoder,433,0.058666
5,tflite_autoencoder,434,0.058222
5,tflite_autoencoder,435,0.0575
5,tflite_autoencoder,436,0.056778
5,tflite_autoencoder,437,0.058203
5,tflite_autoencoder,438,0.057333
5,tflite_autoencoder,439,0.079018
5,tflite_autoencoder,440,0.070778
5,tflite_autoencoder,441,0.05887
5,tflite_autoencoder,442,0.058371
5,tflite_autoencoder,443,0.057926
5,tflite_autoencoder,444,0.058148
5,tflite_autoencoder,445,0.056778
5,tflite_autoencoder,446,0.058704
5,tflite_autoencoder,447,0.059926
5,tflite_autoencoder,448,0.057389
5,tflite_autoencoder,449,0.059074
5,tflite_autoencoder,450,0.058722
5,tflite_autoencoder,451,0.057945
5,tflite_autoencoder,452,0.057648
5,tflite_autoencoder,453,0.05737
5,tflite_autoencoder,454,0.057667
5,tflite_autoencoder,455,0.057759
5,tflite_autoencoder,456,0.056908
5,tflite_autoencoder,457,0.058407
5,tflite_autoencoder,458,0.057945
5,tflite_autoencoder,459,0.058111
5,tflite_autoencoder,460,0.058
5,tflite_autoencoder,461,0.057037
5,tflite_autoencoder,462,0.057667
5,tflite_autoencoder,463,0.058092
5,tflite_autoencoder,464,0.058297
5,tflite_autoencoder,465,0.058259
5,tflite_autoencoder,466,0.058
5,tflite_autoencoder,467,0.056852
5,tflite_autoencoder,468,0.058759
5,tflite_autoencoder,469,0.058685
5,tflite_autoencoder,470,0.058482
5,tflite_autoencoder,471,0.059389
5,tflite_autoencoder,472,0.057592
5,tflite_autoencoder,473,0.05676
5,tflite_autoencoder,474,0.056981
5,tflite_autoencoder,475,0.05774
5,tflite_autoencoder,476,0.057037
5,tflite_autoencoder,477,0.058426
5,tflite_autoencoder,478,0.057074
5,tflite_autoencoder,479,0.056667
5,tflite_autoencoder,480,0.056944
5,tflite_autoencoder,481,0.057481
5,tflite_autoencoder,482,0.057611
5,tflite_autoencoder,483,0.057203
5,tflite_autoencoder,484,0.056945
5,tflite_autoencoder,485,0.057055
5,tflite_autoencoder,486,0.056889
5,tflite_autoencoder,487,0.057555
5,tflite_autoencoder,488,0.056797
5,tflite_autoencoder,489,0.056962
5,tflite_autoencoder,490,0.056852
5,tflite_autoencoder,491,0.058334
5,tflite_autoencoder,492,0.058037
5,tflite_autoencoder,493,0.057278
5,tflite_autoencoder,494,0.056629
5,tflite_autoencoder,495,0.056796
5,tflite_autoencoder,496,0.056871
5,tflite_autoencoder,497,0.057796
5,tflite_autoencoder,498,0.057185
5,tflite_autoencoder,499,0.057388
5,tflite_autoencoder,500,0.056852
5,tflite_autoencoder,501,0.058055
5,tflite_autoencoder,502,0.057315
5,tflite_autoencoder,503,0.057482
5,tflite_autoencoder,504,0.056815
5,tflite_autoencoder,505,0.056982
5,tflite_autoencoder,506,0.057648
5,tflite_autoencoder,507,0.078389
5,tflite_autoencoder,508,0.061945
5,tflite_autoencoder,509,0.058481
5,tflite_autoencoder,510,0.057593
5,tflite_autoencoder,511,0.057407
5,tflite_autoencoder,512,0.058037
5,tflite_autoencoder,513,0.057963
5,tflite_autoencoder,514,0.057093
5,tflite_autoencoder,515,0.057222
5,tflite_autoencoder,516,0.061796
5,tflite_autoencoder,517,0.058907
5,tflite_autoencoder,518,0.056981
5,tflite_autoencoder,519,0.057518
5,tflite_autoencoder,520,0.05787
5,tflite_autoencoder,521,0.057685
5,tflite_autoencoder,522,0.058278
5,tflite_autoencoder,523,0.057593
5,tflite_autoencoder,524,0.057223
5,tflite_autoencoder,525,0.057852
5,tflite_autoencoder,526,0.057148
5,tflite_autoencoder,527,0.057666
5,tflite_autoencoder,528,0.056759
5,tflite_autoencoder,529,0.057018
5,tflite_autoencoder,530,0.059092
5,tflite_autoencoder,531,0.057092
5,tflite_autoencoder,532,0.057055
5,tflite_autoencoder,533,0.05687
5,tflite_autoencoder,534,0.057426
5,tflite_autoencoder,535,0.057518
5,tflite_autoencoder,536,0.057092
5,tflite_autoencoder,537,0.057593
5,tflite_autoencoder,538,0.057297
5,tflite_autoencoder,539,0.056889
5,tflite_autoencoder,540,0.0585
5,tflite_autoencoder,541,0.059185
5,tflite_autoencoder,542,0.058463
5,tflite_autoencoder,543,0.058629
5,tflite_autoencoder,544,0.057815
5,tflite_autoencoder,545,0.058241
5,tflite_autoencoder,546,0.057611
5,tflite_autoencoder,547,0.05724
5,tflite_autoencoder,548,0.057592
5,tflite_autoencoder,549,0.057259
5,tflite_autoencoder,550,0.058093
5,tflite_autoencoder,551,0.058259
5,tflite_autoencoder,552,0.05787
5,tflite_autoencoder,553,0.058148
5,tflite_autoencoder,554,0.056889
5,tflite_autoencoder,555,0.057407
5,tflite_autoencoder,556,0.056944
5,tflite_autoencoder,557,0.068222
5,tflite_autoencoder,558,0.058407
5,tflite_autoencoder,559,0.057129
5,tflite_autoencoder,560,0.056926
5,tflite_autoencoder,561,0.058074
5,tflite_autoencoder,562,0.058667
5,tflite_autoencoder,563,0.057833
5,tflite_autoencoder,564,0.057814
5,tflite_autoencoder,565,0.056925
5,tflite_autoencoder,566,0.0575
5,tflite_autoencoder,567,0.057037
5,tflite_autoencoder,568,0.057925
5,tflite_autoencoder,569,0.056815
5,tflite_autoencoder,570,0.057056
5,tflite_autoencoder,571,0.057611
5,tflite_autoencoder,572,0.056777
5,tflite_autoencoder,573,0.058296
5,tflite_autoencoder,574,0.098685
5,tflite_autoencoder,575,0.065333
5,tflite_autoencoder,576,0.059574
5,tflite_autoencoder,577,0.058314
5,tflite_autoencoder,578,0.058093
5,tflite_autoencoder,579,0.058019
5,tflite_autoencoder,580,0.058852
5,tflite_autoencoder,581,0.057555
5,tflite_autoencoder,582,0.057111
5,tflite_autoencoder,583,0.057148
5,tflite_autoencoder,584,0.056945
5,tflite_autoencoder,585,0.057703
5,tflite_autoencoder,586,0.056778
5,tflite_autoencoder,587,0.057074
5,tflite_autoencoder,588,0.057149
5,tflite_autoencoder,589,0.05787
5,tflite_autoencoder,590,0.057833
5,tflite_autoencoder,591,0.057481
5,tflite_autoencoder,592,0.057389
5,tflite_autoencoder,593,0.057278
5,tflite_autoencoder,594,0.056815
5,tflite_autoencoder,595,0.057204
5,tflite_autoencoder,596,0.058537
5,tflite_autoencoder,597,0.058185
5,tflite_autoencoder,598,0.056944
5,tflite_autoencoder,599,0.057148
5,tflite_autoencoder,600,0.058426
5,tflite_autoencoder,601,0.056945
5,tflite_autoencoder,602,0.057111
5,tflite_autoencoder,603,0.057963
5,tflite_autoencoder,604,0.057074
5,tflite_autoencoder,605,0.057518
5,tflite_autoencoder,606,0.057241
5,tflite_autoencoder,607,0.058
5,tflite_autoencoder,608,0.057871
5,tflite_autoencoder,609,0.057167
5,tflite_autoencoder,610,0.057204
5,tflite_autoencoder,611,0.057463
5,tflite_autoencoder,612,0.056778
5,tflite_autoencoder,613,0.057186
5,tflite_autoencoder,614,0.058259
5,tflite_autoencoder,615,0.056907
5,tflite_autoencoder,616,0.057185
5,tflite_autoencoder,617,0.05663
5,tflite_autoencoder,618,0.058537
5,tflite_autoencoder,619,0.057981
5,tflite_autoencoder,620,0.057408
5,tflite_autoencoder,621,0.057074
5,tflite_autoencoder,622,0.057445
5,tflite_autoencoder,623,0.058167
5,tflite_autoencoder,624,0.057926
5,tflite_autoencoder,625,0.057222
5,tflite_autoencoder,626,0.057648
5,tflite_autoencoder,627,0.057833
5,tflite_autoencoder,628,0.057518
5,tflite_autoencoder,629,0.056871
5,tflite_autoencoder,630,0.056685
5,tflite_autoencoder,631,0.057037
5,tflite_autoencoder,632,0.058019
5,tflite_autoencoder,633,0.056796
5,tflite_autoencoder,634,0.057666
5,tflite_autoencoder,635,0.056723
5,tflite_autoencoder,636,0.058093
5,tflite_autoencoder,637,0.057833
5,tflite_autoencoder,638,0.057481
5,tflite_autoencoder,639,0.057148
5,tflite_autoencoder,640,0.057999
5,tflite_autoencoder,641,0.070444
5,tflite_autoencoder,642,0.088426
5,tflite_autoencoder,643,0.066389
5,tflite_autoencoder,644,0.062148
5,tflite_autoencoder,645,0.058389
5,tflite_autoencoder,646,0.057481
5,tflite_autoencoder,647,0.057667
5,tflite_autoencoder,648,0.058278
5,tflite_autoencoder,649,0.0585
5,tflite_autoencoder,650,0.059389
5,tflite_autoencoder,651,0.057778
5,tflite_autoencoder,652,0.057852
5,tflite_autoencoder,653,0.05874
5,tflite_autoencoder,654,0.057759
5,tflite_autoencoder,655,0.057426
5,tflite_autoencoder,656,0.058741
5,tflite_autoencoder,657,0.057926
5,tflite_autoencoder,658,0.057686
5,tflite_autoencoder,659,0.057667
5,tflite_autoencoder,660,0.057482
5,tflite_autoencoder,661,0.059482
5,tflite_autoencoder,662,0.056963
5,tflite_autoencoder,663,0.058315
5,tflite_autoencoder,664,0.058574
5,tflite_autoencoder,665,0.057629
5,tflite_autoencoder,666,0.056908
5,tflite_autoencoder,667,0.057574
5,tflite_autoencoder,668,0.058482
5,tflite_autoencoder,669,0.057426
5,tflite_autoencoder,670,0.057611
5,tflite_autoencoder,671,0.058185
5,tflite_autoencoder,672,0.057037
5,tflite_autoencoder,673,0.058
5,tflite_autoencoder,674,0.057426
5,tflite_autoencoder,675,0.058611
5,tflite_autoencoder,676,0.058204
5,tflite_autoencoder,677,0.058222
5,tflite_autoencoder,678,0.058666
5,tflite_autoencoder,679,0.057814
5,tflite_autoencoder,680,0.057426
5,tflite_autoencoder,681,0.058555
5,tflite_autoencoder,682,0.058666
5,tflite_autoencoder,683,0.059222
5,tflite_autoencoder,684,0.067073
5,tflite_autoencoder,685,0.058722
5,tflite_autoencoder,686,0.058093
5,tflite_autoencoder,687,0.058149
5,tflite_autoencoder,688,0.057296
5,tflite_autoencoder,689,0.057723
5,tflite_autoencoder,690,0.057778
5,tflite_autoencoder,691,0.05824
5,tflite_autoencoder,692,0.057222
5,tflite_autoencoder,693,0.057129
5,tflite_autoencoder,694,0.057426
5,tflite_autoencoder,695,0.057667
5,tflite_autoencoder,696,0.058204
5,tflite_autoencoder,697,0.057185
5,tflite_autoencoder,698,0.058222
5,tflite_autoencoder,699,0.056778
5,tflite_autoencoder,700,0.057
5,tflite_autoencoder,701,0.057037
5,tflite_autoencoder,702,0.057018
5,tflite_autoencoder,703,0.057111
5,tflite_autoencoder,704,0.057278
5,tflite_autoencoder,705,0.057241
5,tflite_autoencoder,706,0.057166
5,tflite_autoencoder,707,0.057148
5,tflite_autoencoder,708,0.068963
5,tflite_autoencoder,709,0.066259
5,tflite_autoencoder,710,0.059278
5,tflite_autoencoder,711,0.057611
5,tflite_autoencoder,712,0.057389
5,tflite_autoencoder,713,0.057074
5,tflite_autoencoder,714,0.058444
5,tflite_autoencoder,715,0.058574
5,tflite_autoencoder,716,0.0575
5,tflite_autoencoder,717,0.058574
5,tflite_autoencoder,718,0.057166
5,tflite_autoencoder,719,0.057371
5,tflite_autoencoder,720,0.057278
5,tflite_autoencoder,721,0.058685
5,tflite_autoencoder,722,0.057556
5,tflite_autoencoder,723,0.057777
5,tflite_autoencoder,724,0.057704
5,tflite_autoencoder,725,0.057111
5,tflite_autoencoder,726,0.058241
5,tflite_autoencoder,727,0.058018
5,tflite_autoencoder,728,0.056963
5,tflite_autoencoder,729,0.057778
5,tflite_autoencoder,730,0.058389
5,tflite_autoencoder,731,0.057222
5,tflite_autoencoder,732,0.056741
5,tflite_autoencoder,733,0.0575
5,tflite_autoencoder,734,0.057
5,tflite_autoencoder,735,0.057889
5,tflite_autoencoder,736,0.056611
5,tflite_autoencoder,737,0.056889
5,tflite_autoencoder,738,0.056834
5,tflite_autoencoder,739,0.058037
5,tflite_autoencoder,740,0.057333
5,tflite_autoencoder,741,0.057167
5,tflite_autoencoder,742,0.0575
5,tflite_autoencoder,743,0.057185
5,tflite_autoencoder,744,0.057981
5,tflite_autoencoder,745,0.058389
5,tflite_autoencoder,746,0.0575
5,tflite_autoencoder,747,0.056815
5,tflite_autoencoder,748,0.057445
5,tflite_autoencoder,749,0.057815
5,tflite_autoencoder,750,0.057351
5,tflite_autoencoder,751,0.057852
5,tflite_autoencoder,752,0.057852
5,tflite_autoencoder,753,0.057129
5,tflite_autoencoder,754,0.056944
5,tflite_autoencoder,755,0.056499
5,tflite_autoencoder,756,0.056759
5,tflite_autoencoder,757,0.057593
5,tflite_autoencoder,758,0.057186
5,tflite_autoencoder,759,0.057148
5,tflite_autoencoder,761,0.057333
5,tflite_autoencoder,762,0.058222
5,tflite_autoencoder,763,0.057834
5,tflite_autoencoder,764,0.058074
5,tflite_autoencoder,765,0.057074
5,tflite_autoencoder,766,0.057278
5,tflite_autoencoder,767,0.05687
5,tflite_autoencoder,768,0.057277
5,tflite_autoencoder,769,0.057426
5,tflite_autoencoder,770,0.057185
5,tflite_autoencoder,771,0.057185
5,tflite_autoencoder,772,0.056981
5,tflite_autoencoder,773,0.057463
5,tflite_autoencoder,774,0.058019
5,tflite_autoencoder,775,0.056463
5,tflite_autoencoder,776,0.057185
5,tflite_autoencoder,777,0.065204
5,tflite_autoencoder,778,0.064111
5,tflite_autoencoder,779,0.059704
5,tflite_autoencoder,780,0.058611
5,tflite_autoencoder,781,0.057278
5,tflite_autoencoder,782,0.05813
5,tflite_autoencoder,783,0.0575
5,tflite_autoencoder,784,0.058166
5,tflite_autoencoder,785,0.058371
5,tflite_autoencoder,786,0.058445
5,tflite_autoencoder,787,0.056889
5,tflite_autoencoder,788,0.057019
5,tflite_autoencoder,789,0.056629
5,tflite_autoencoder,790,0.058259
5,tflite_autoencoder,791,0.057926
5,tflite_autoencoder,792,0.057019
5,tflite_autoencoder,793,0.057315
5,tflite_autoencoder,794,0.057093
5,tflite_autoencoder,795,0.057778
5,tflite_autoencoder,796,0.05724
5,tflite_autoencoder,797,0.058056
5,tflite_autoencoder,798,0.05737
5,tflite_autoencoder,799,0.057648
5,tflite_autoencoder,800,0.057481
5,tflite_autoencoder,801,0.057389
5,tflite_autoencoder,802,0.057556
5,tflite_autoencoder,803,0.057278
5,tflite_autoencoder,804,0.057204
5,tflite_autoencoder,805,0.057444
5,tflite_autoencoder,806,0.057314
5,tflite_autoencoder,807,0.058074
5,tflite_autoencoder,808,0.058463
5,tflite_autoencoder,809,0.058074
5,tflite_autoencoder,810,0.057389
5,tflite_autoencoder,811,0.057926
5,tflite_autoencoder,812,0.066963
5,tflite_autoencoder,813,0.059093
5,tflite_autoencoder,814,0.057574
5,tflite_autoencoder,815,0.057481
5,tflite_autoencoder,816,0.057334
5,tflite_autoencoder,817,0.058462
5,tflite_autoencoder,818,0.057
5,tflite_autoencoder,819,0.058296
5,tflite_autoencoder,820,0.057481
5,tflite_autoencoder,821,0.057574
5,tflite_autoencoder,822,0.057
5,tflite_autoencoder,823,0.057797
5,tflite_autoencoder,824,0.058037
5,tflite_autoencoder,825,0.057037
5,tflite_autoencoder,826,0.057074
5,tflite_autoencoder,827,0.057334
5,tflite_autoencoder,828,0.057481
5,tflite_autoencoder,829,0.057278
5,tflite_autoencoder,830,0.057222
5,tflite_autoencoder,831,0.057482
5,tflite_autoencoder,832,0.058371
5,tflite_autoencoder,833,0.057778
5,tflite_autoencoder,834,0.057111
5,tflite_autoencoder,835,0.05676
5,tflite_autoencoder,836,0.057686
5,tflite_autoencoder,837,0.057834
5,tflite_autoencoder,838,0.057778
5,tflite_autoencoder,839,0.057629
5,tflite_autoencoder,840,0.056592
5,tflite_autoencoder,841,0.056907
5,tflite_autoencoder,842,0.05924
5,tflite_autoencoder,843,0.057944
5,tflite_autoencoder,844,0.058611
5,tflite_autoencoder,845,0.072093
5,tflite_autoencoder,846,0.064907
5,tflite_autoencoder,847,0.058777
5,tflite_autoencoder,848,0.059834
5,tflite_autoencoder,849,0.057371
5,tflite_autoencoder,850,0.057166
5,tflite_autoencoder,851,0.058037
5,tflite_autoencoder,852,0.056519
5,tflite_autoencoder,853,0.057555
5,tflite_autoencoder,854,0.058037
5,tflite_autoencoder,855,0.057352
5,tflite_autoencoder,856,0.058537
5,tflite_autoencoder,857,0.057981
5,tflite_autoencoder,858,0.057704
5,tflite_autoencoder,859,0.05676
5,tflite_autoencoder,860,0.057036
5,tflite_autoencoder,861,0.057148
5,tflite_autoencoder,862,0.058408
5,tflite_autoencoder,863,0.058333
5,tflite_autoencoder,864,0.058426
5,tflite_autoencoder,865,0.058333
5,tflite_autoencoder,866,0.057111
5,tflite_autoencoder,867,0.056834
5,tflite_autoencoder,868,0.056907
5,tflite_autoencoder,869,0.057833
5,tflite_autoencoder,870,0.056926
5,tflite_autoencoder,871,0.057148
5,tflite_autoencoder,872,0.057408
5,tflite_autoencoder,873,0.057111
5,tflite_autoencoder,874,0.057111
5,tflite_autoencoder,875,0.057667
5,tflite_autoencoder,876,0.056852
5,tflite_autoencoder,877,0.056797
5,tflite_autoencoder,878,0.05737
5,tflite_autoencoder,879,0.057963
5,tflite_autoencoder,880,0.058259
5,tflite_autoencoder,881,0.058833
5,tflite_autoencoder,882,0.058685
5,tflite_autoencoder,883,0.0585
5,tflite_autoencoder,884,0.056981
5,tflite_autoencoder,885,0.057019
5,tflite_autoencoder,886,0.056537
5,tflite_autoencoder,887,0.057482
5,tflite_autoencoder,888,0.056889
5,tflite_autoencoder,889,0.057241
5,tflite_autoencoder,890,0.057463
5,tflite_autoencoder,891,0.057259
5,tflite_autoencoder,892,0.058222
5,tflite_autoencoder,893,0.059
5,tflite_autoencoder,894,0.05863
5,tflite_autoencoder,895,0.058574
5,tflite_autoencoder,896,0.057685
5,tflite_autoencoder,897,0.057963
5,tflite_autoencoder,898,0.056629
5,tflite_autoencoder,899,0.057908
5,tflite_autoencoder,900,0.056907
5,tflite_autoencoder,901,0.058315
5,tflite_autoencoder,902,0.05737
5,tflite_autoencoder,903,0.057574
5,tflite_autoencoder,904,0.056815
5,tflite_autoencoder,905,0.057611
5,tflite_autoencoder,906,0.057203
5,tflite_autoencoder,907,0.058666
5,tflite_autoencoder,908,0.058649
5,tflite_autoencoder,909,0.058093
5,tflite_autoencoder,910,0.05763
5,tflite_autoencoder,911,0.057111
5,tflite_autoencoder,912,0.057999
5,tflite_autoencoder,913,0.083351
5,tflite_autoencoder,914,0.069704
5,tflite_autoencoder,915,0.058852
5,tflite_autoencoder,916,0.057723
5,tflite_autoencoder,917,0.058815
5,tflite_autoencoder,918,0.057278
5,tflite_autoencoder,919,0.057888
5,tflite_autoencoder,920,0.057223
5,tflite_autoencoder,921,0.058185
5,tflite_autoencoder,922,0.059315
5,tflite_autoencoder,923,0.058296
5,tflite_autoencoder,924,0.058834
5,tflite_autoencoder,925,0.058481
5,tflite_autoencoder,926,0.058945
5,tflite_autoencoder,927,0.058815
5,tflite_autoencoder,928,0.05887
5,tflite_autoencoder,929,0.058352
5,tflite_autoencoder,930,0.057426
5,tflite_autoencoder,931,0.057759
5,tflite_autoencoder,932,0.057148
5,tflite_autoencoder,933,0.057241
5,tflite_autoencoder,934,0.058129
5,tflite_autoencoder,935,0.058704
5,tflite_autoencoder,936,0.058574
5,tflite_autoencoder,937,0.057203
5,tflite_autoencoder,938,0.057019
5,tflite_autoencoder,939,0.07313
5,tflite_autoencoder,940,0.061241
5,tflite_autoencoder,941,0.058537
5,tflite_autoencoder,942,0.058037
5,tflite_autoencoder,943,0.0575
5,tflite_autoencoder,944,0.057
5,tflite_autoencoder,945,0.057074
5,tflite_autoencoder,946,0.056908
5,tflite_autoencoder,947,0.057981
5,tflite_autoencoder,948,0.058019
5,tflite_autoencoder,949,0.057685
5,tflite_autoencoder,950,0.056796
5,tflite_autoencoder,951,0.057241
5,tflite_autoencoder,952,0.057
5,tflite_autoencoder,953,0.05787
5,tflite_autoencoder,954,0.056445
5,tflite_autoencoder,955,0.057519
5,tflite_autoencoder,956,0.057944
5,tflite_autoencoder,957,0.058777
5,tflite_autoencoder,958,0.057555
5,tflite_autoencoder,959,0.057666
5,tflite_autoencoder,960,0.056833
5,tflite_autoencoder,961,0.056907
5,tflite_autoencoder,962,0.056907
5,tflite_autoencoder,963,0.058
5,tflite_autoencoder,964,0.056722
5,tflite_autoencoder,965,0.057611
5,tflite_autoencoder,966,0.056889
5,tflite_autoencoder,967,0.057685
5,tflite_autoencoder,968,0.057222
5,tflite_autoencoder,969,0.057277
5,tflite_autoencoder,970,0.057444
5,tflite_autoencoder,971,0.057074
5,tflite_autoencoder,972,0.057296
5,tflite_autoencoder,973,0.057925
5,tflite_autoencoder,974,0.057611
5,tflite_autoencoder,975,0.057185
5,tflite_autoencoder,976,0.057667
5,tflite_autoencoder,977,0.057852
5,tflite_autoencoder,978,0.058092
5,tflite_autoencoder,979,0.057926
5,tflite_autoencoder,980,0.066074
5,tflite_autoencoder,981,0.061463
5,tflite_autoencoder,982,0.058815
5,tflite_autoencoder,983,0.058222
5,tflite_autoencoder,984,0.058
5,tflite_autoencoder,985,0.057407
5,tflite_autoencoder,986,0.057611
5,tflite_autoencoder,987,0.058018
5,tflite_autoencoder,988,0.058074
5,tflite_autoencoder,989,0.057111
5,tflite_autoencoder,990,0.056925
5,tflite_autoencoder,991,0.057741
5,tflite_autoencoder,992,0.056889
5,tflite_autoencoder,993,0.057667
5,tflite_autoencoder,994,0.05676
5,tflite_autoencoder,995,0.058204
5,tflite_autoencoder,996,0.056981
5,tflite_autoencoder,997,0.057019
5,tflite_autoencoder,998,0.056778
5,tflite_autoencoder,999,0.056834
5,tflite_autoencoder,1000,0.056778
5,tflite_autoencoder,1001,0.056833
5,tflite_autoencoder,1002,0.057148
5,tflite_autoencoder,1003,0.056852
5,tflite_autoencoder,1004,0.057074
5,tflite_autoencoder,1005,0.057686
5,tflite_autoencoder,1006,0.056926
5,tflite_autoencoder,1007,0.056778
5,tflite_autoencoder,1008,0.057796
5,tflite_autoencoder,1009,0.059
5,tflite_autoencoder,1010,0.058852
5,tflite_autoencoder,1011,0.058037
5,tflite_autoencoder,1012,0.058018
5,tflite_autoencoder,1013,0.057722
5,tflite_autoencoder,1014,0.057148
5,tflite_autoencoder,1015,0.057629
5,tflite_autoencoder,1016,0.057852
5,tflite_autoencoder,1017,0.05663
5,tflite_autoencoder,1018,0.058185
5,tflite_autoencoder,1019,0.058074
5,tflite_autoencoder,1020,0.057037
5,tflite_autoencoder,1021,0.057426
5,tflite_autoencoder,1022,0.057296
5,tflite_autoencoder,1023,0.057037
5,tflite_autoencoder,1024,0.058093
5,tflite_autoencoder,1025,0.057982
5,tflite_autoencoder,1026,0.058074
5,tflite_autoencoder,1027,0.057296
5,tflite_autoencoder,1028,0.057296
5,tflite_autoencoder,1029,0.057204
5,tflite_autoencoder,1030,0.057278
5,tflite_autoencoder,1031,0.058167
5,tflite_autoencoder,1032,0.058611
5,tflite_autoencoder,1033,0.0575
5,tflite_autoencoder,1034,0.058111
5,tflite_autoencoder,1035,0.056815
5,tflite_autoencoder,1036,0.056888
5,tflite_autoencoder,1037,0.056944
5,tflite_autoencoder,1038,0.057611
5,tflite_autoencoder,1039,0.056296
5,tflite_autoencoder,1040,0.057
5,tflite_autoencoder,1041,0.056741
5,tflite_autoencoder,1042,0.056999
5,tflite_autoencoder,1043,0.056871
5,tflite_autoencoder,1044,0.057241
5,tflite_autoencoder,1045,0.057111
5,tflite_autoencoder,1046,0.057315
5,tflite_autoencoder,1047,0.056759
5,tflite_autoencoder,1048,0.056482
5,tflite_autoencoder,1049,0.07
5,tflite_autoencoder,1050,0.059518
5,tflite_autoencoder,1051,0.05724
5,tflite_autoencoder,1052,0.057074
5,tflite_autoencoder,1053,0.056888
5,tflite_autoencoder,1054,0.057685
5,tflite_autoencoder,1055,0.057463
5,tflite_autoencoder,1056,0.057555
5,tflite_autoencoder,1057,0.0565
5,tflite_autoencoder,1058,0.056556
5,tflite_autoencoder,1059,0.058204
5,tflite_autoencoder,1060,0.056666
5,tflite_autoencoder,1061,0.056389
5,tflite_autoencoder,1062,0.056462
5,tflite_autoencoder,1063,0.057944
5,tflite_autoencoder,1064,0.05737
5,tflite_autoencoder,1065,0.056981
5,tflite_autoencoder,1066,0.092
5,tflite_autoencoder,1067,0.060797
5,tflite_autoencoder,1068,0.057574
5,tflite_autoencoder,1069,0.057167
5,tflite_autoencoder,1070,0.057296
5,tflite_autoencoder,1071,0.057925
5,tflite_autoencoder,1072,0.057537
5,tflite_autoencoder,1073,0.057555
5,tflite_autoencoder,1074,0.057333
5,tflite_autoencoder,1075,0.057241
5,tflite_autoencoder,1076,0.057222
5,tflite_autoencoder,1077,0.0585
5,tflite_autoencoder,1078,0.057166
5,tflite_autoencoder,1079,0.057741
5,tflite_autoencoder,1080,0.056833
5,tflite_autoencoder,1081,0.056944
5,tflite_autoencoder,1082,0.057741
5,tflite_autoencoder,1083,0.056963
5,tflite_autoencoder,1084,0.056778
5,tflite_autoencoder,1085,0.057315
5,tflite_autoencoder,1086,0.057963
5,tflite_autoencoder,1087,0.057888
5,tflite_autoencoder,1088,0.057185
5,tflite_autoencoder,1089,0.057222
5,tflite_autoencoder,1090,0.057019
5,tflite_autoencoder,1091,0.056796
5,tflite_autoencoder,1092,0.058352
5,tflite_autoencoder,1093,0.058074
5,tflite_autoencoder,1094,0.05737
5,tflite_autoencoder,1095,0.056907
5,tflite_autoencoder,1096,0.057018
5,tflite_autoencoder,1097,0.057241
5,tflite_autoencoder,1098,0.057611
5,tflite_autoencoder,1099,0.057555
5,tflite_autoencoder,1100,0.056407
5,tflite_autoencoder,1101,0.057389
5,tflite_autoencoder,1102,0.058148
5,tflite_autoencoder,1103,0.057092
5,tflite_autoencoder,1104,0.057611
5,tflite_autoencoder,1105,0.057408
5,tflite_autoencoder,1106,0.057204
5,tflite_autoencoder,1107,0.057055
5,tflite_autoencoder,1108,0.05813
5,tflite_autoencoder,1109,0.057037
5,tflite_autoencoder,1110,0.056963
5,tflite_autoencoder,1111,0.057926
5,tflite_autoencoder,1112,0.057315
5,tflite_autoencoder,1113,0.057204
5,tflite_autoencoder,1114,0.056723
5,tflite_autoencoder,1115,0.057703
5,tflite_autoencoder,1116,0.066129
5,tflite_autoencoder,1117,0.06176
5,tflite_autoencoder,1118,0.057981
5,tflite_autoencoder,1119,0.05837
5,tflite_autoencoder,1120,0.057111
5,tflite_autoencoder,1121,0.05787
5,tflite_autoencoder,1122,0.058222
5,tflite_autoencoder,1123,0.057426
5,tflite_autoencoder,1124,0.058388
5,tflite_autoencoder,1125,0.057204
5,tflite_autoencoder,1126,0.056759
5,tflite_autoencoder,1127,0.057778
5,tflite_autoencoder,1128,0.057667
5,tflite_autoencoder,1129,0.057445
5,tflite_autoencoder,1130,0.056759
5,tflite_autoencoder,1131,0.058037
5,tflite_autoencoder,1132,0.056796
5,tflite_autoencoder,1133,0.057537
5,tflite_autoencoder,1134,0.058092
5,tflite_autoencoder,1135,0.058036
5,tflite_autoencoder,1136,0.056667
5,tflite_autoencoder,1137,0.056407
5,tflite_autoencoder,1138,0.057074
5,tflite_autoencoder,1139,0.057704
5,tflite_autoencoder,1140,0.057
5,tflite_autoencoder,1141,0.056352
5,tflite_autoencoder,1142,0.057555
5,tflite_autoencoder,1143,0.057166
5,tflite_autoencoder,1144,0.056371
5,tflite_autoencoder,1145,0.05676
5,tflite_autoencoder,1146,0.057204
5,tflite_autoencoder,1147,0.057463
5,tflite_autoencoder,1148,0.05687
5,tflite_autoencoder,1149,0.057093
5,tflite_autoencoder,1150,0.057518
5,tflite_autoencoder,1151,0.057537
5,tflite_autoencoder,1152,0.057574
5,tflite_autoencoder,1153,0.057111
5,tflite_autoencoder,1154,0.057833
5,tflite_autoencoder,1155,0.056963
5,tflite_autoencoder,1156,0.057315
5,tflite_autoencoder,1157,0.057352
5,tflite_autoencoder,1158,0.057037
5,tflite_autoencoder,1159,0.057186
5,tflite_autoencoder,1160,0.0575
5,tflite_autoencoder,1161,0.057185
5,tflite_autoencoder,1162,0.056648
5,tflite_autoencoder,1163,0.057629
5,tflite_autoencoder,1164,0.057055
5,tflite_autoencoder,1165,0.057
5,tflite_autoencoder,1166,0.056889
5,tflite_autoencoder,1167,0.057352
5,tflite_autoencoder,1168,0.057371
5,tflite_autoencoder,1169,0.057259
5,tflite_autoencoder,1170,0.057889
5,tflite_autoencoder,1171,0.057056
5,tflite_autoencoder,1172,0.05787
5,tflite_autoencoder,1173,0.0575
5,tflite_autoencoder,1174,0.058444
5,tflite_autoencoder,1175,0.056907
5,tflite_autoencoder,1176,0.057667
5,tflite_autoencoder,1177,0.057315
5,tflite_autoencoder,1178,0.057149
5,tflite_autoencoder,1179,0.057352
5,tflite_autoencoder,1180,0.057944
5,tflite_autoencoder,1181,0.057167
5,tflite_autoencoder,1182,0.057278
5,tflite_autoencoder,1183,0.056926
5,tflite_autoencoder,1184,0.057555
5,tflite_autoencoder,1185,0.073278
5,tflite_autoencoder,1186,0.059463
5,tflite_autoencoder,1187,0.058203
5,tflite_autoencoder,1188,0.058333
5,tflite_autoencoder,1189,0.056907
5,tflite_autoencoder,1190,0.058351
5,tflite_autoencoder,1191,0.05787
5,tflite_autoencoder,1192,0.057907
5,tflite_autoencoder,1193,0.068185
5,tflite_autoencoder,1194,0.059037
5,tflite_autoencoder,1195,0.057093
5,tflite_autoencoder,1196,0.058408
5,tflite_autoencoder,1197,0.058111
5,tflite_autoencoder,1198,0.056833
5,tflite_autoencoder,1199,0.058426
5,tflite_autoencoder,1200,0.058055
5,tflite_autoencoder,1201,0.058
5,tflite_autoencoder,1202,0.056481
5,tflite_autoencoder,1203,0.057296
5,tflite_autoencoder,1204,0.057037
5,tflite_autoencoder,1205,0.058111
5,tflite_autoencoder,1206,0.05774
5,tflite_autoencoder,1207,0.057963
5,tflite_autoencoder,1208,0.057019
5,tflite_autoencoder,1209,0.057537
5,tflite_autoencoder,1210,0.057314
5,tflite_autoencoder,1211,0.057314
5,tflite_autoencoder,1212,0.056741
5,tflite_autoencoder,1213,0.056962
5,tflite_autoencoder,1214,0.056926
5,tflite_autoencoder,1215,0.056982
5,tflite_autoencoder,1216,0.057389
5,tflite_autoencoder,1217,0.057056
5,tflite_autoencoder,1218,0.056908
5,tflite_autoencoder,1219,0.057056
5,tflite_autoencoder,1220,0.05687
5,tflite_autoencoder,1221,0.056963
5,tflite_autoencoder,1222,0.056871
5,tflite_autoencoder,1223,0.058555
5,tflite_autoencoder,1224,0.057667
5,tflite_autoencoder,1225,0.057852
5,tflite_autoencoder,1226,0.056667
5,tflite_autoencoder,1227,0.056833
5,tflite_autoencoder,1228,0.056981
5,tflite_autoencoder,1229,0.057703
5,tflite_autoencoder,1230,0.056741
5,tflite_autoencoder,1231,0.057593
5,tflite_autoencoder,1232,0.056759
5,tflite_autoencoder,1233,0.058056
5,tflite_autoencoder,1234,0.05687
5,tflite_autoencoder,1235,0.05737
5,tflite_autoencoder,1236,0.057241
5,tflite_autoencoder,1237,0.057667
5,tflite_autoencoder,1238,0.057
5,tflite_autoencoder,1239,0.057148
5,tflite_autoencoder,1240,0.056926
5,tflite_autoencoder,1241,0.0575
5,tflite_autoencoder,1242,0.057537
5,tflite_autoencoder,1243,0.057093
5,tflite_autoencoder,1244,0.057519
5,tflite_autoencoder,1245,0.057685
5,tflite_autoencoder,1246,0.057092
5,tflite_autoencoder,1247,0.057333
5,tflite_autoencoder,1248,0.057315
5,tflite_autoencoder,1249,0.056852
5,tflite_autoencoder,1250,0.056815
5,tflite_autoencoder,1251,0.057648
5,tflite_autoencoder,1252,0.065666
5,tflite_autoencoder,1253,0.063759
5,tflite_autoencoder,1254,0.058815
5,tflite_autoencoder,1255,0.057592
5,tflite_autoencoder,1256,0.057407
5,tflite_autoencoder,1257,0.057537
5,tflite_autoencoder,1258,0.057833
5,tflite_autoencoder,1259,0.057408
5,tflite_autoencoder,1260,0.057055
5,tflite_autoencoder,1261,0.057519
5,tflite_autoencoder,1262,0.057481
5,tflite_autoencoder,1263,0.057445
5,tflite_autoencoder,1264,0.05724
5,tflite_autoencoder,1265,0.057278
5,tflite_autoencoder,1266,0.056852
5,tflite_autoencoder,1267,0.057037
5,tflite_autoencoder,1268,0.057519
5,tflite_autoencoder,1269,0.057
5,tflite_autoencoder,1270,0.057407
5,tflite_autoencoder,1271,0.057167
5,tflite_autoencoder,1272,0.057685
5,tflite_autoencoder,1273,0.057074
5,tflite_autoencoder,1274,0.058537
5,tflite_autoencoder,1275,0.057555
5,tflite_autoencoder,1276,0.057759
5,tflite_autoencoder,1277,0.056667
5,tflite_autoencoder,1278,0.057
5,tflite_autoencoder,1279,0.0575
5,tflite_autoencoder,1280,0.057518
5,tflite_autoencoder,1281,0.057741
5,tflite_autoencoder,1282,0.056796
5,tflite_autoencoder,1283,0.05774
5,tflite_autoencoder,1284,0.058204
5,tflite_autoencoder,1285,0.066055
5,tflite_autoencoder,1286,0.059352
5,tflite_autoencoder,1287,0.057778
5,tflite_autoencoder,1288,0.05713
5,tflite_autoencoder,1289,0.056518
5,tflite_autoencoder,1290,0.0575
5,tflite_autoencoder,1291,0.058111
5,tflite_autoencoder,1292,0.057445
5,tflite_autoencoder,1293,0.056741
5,tflite_autoencoder,1294,0.058167
5,tflite_autoencoder,1295,0.058204
5,tflite_autoencoder,1296,0.056981
5,tflite_autoencoder,1297,0.057667
5,tflite_autoencoder,1298,0.057666
5,tflite_autoencoder,1299,0.056889
5,tflite_autoencoder,1300,0.057296
5,tflite_autoencoder,1301,0.058259
5,tflite_autoencoder,1302,0.057222
5,tflite_autoencoder,1303,0.057851
5,tflite_autoencoder,1304,0.057351
5,tflite_autoencoder,1305,0.057037
5,tflite_autoencoder,1306,0.057018
5,tflite_autoencoder,1307,0.056833
5,tflite_autoencoder,1308,0.057
5,tflite_autoencoder,1309,0.058166
5,tflite_autoencoder,1310,0.05774
5,tflite_autoencoder,1311,0.057019
5,tflite_autoencoder,1312,0.057648
5,tflite_autoencoder,1313,0.058019
5,tflite_autoencoder,1314,0.058203
5,tflite_autoencoder,1315,0.060778
5,tflite_autoencoder,1316,0.059297
5,tflite_autoencoder,1317,0.058056
5,tflite_autoencoder,1318,0.058148
5,tflite_autoencoder,1319,0.05726
5,tflite_autoencoder,1320,0.083074
5,tflite_autoencoder,1321,0.065703
5,tflite_autoencoder,1322,0.059907
5,tflite_autoencoder,1323,0.059722
5,tflite_autoencoder,1324,0.058407
5,tflite_autoencoder,1325,0.057463
5,tflite_autoencoder,1326,0.057148
5,tflite_autoencoder,1327,0.058074
5,tflite_autoencoder,1328,0.058703
5,tflite_autoencoder,1329,0.058556
5,tflite_autoencoder,1330,0.056981
5,tflite_autoencoder,1331,0.057482
5,tflite_autoencoder,1332,0.058852
5,tflite_autoencoder,1333,0.057611
5,tflite_autoencoder,1334,0.058111
5,tflite_autoencoder,1335,0.061407
5,tflite_autoencoder,1336,0.057537
5,tflite_autoencoder,1337,0.057037
5,tflite_autoencoder,1338,0.057389
5,tflite_autoencoder,1339,0.057203
5,tflite_autoencoder,1340,0.057982
5,tflite_autoencoder,1341,0.059055
5,tflite_autoencoder,1342,0.058129
5,tflite_autoencoder,1343,0.057741
5,tflite_autoencoder,1344,0.057518
5,tflite_autoencoder,1345,0.057666
5,tflite_autoencoder,1346,0.057296
5,tflite_autoencoder,1347,0.056851
5,tflite_autoencoder,1348,0.05713
5,tflite_autoencoder,1349,0.058314
5,tflite_autoencoder,1350,0.056722
5,tflite_autoencoder,1351,0.057093
5,tflite_autoencoder,1352,0.057797
5,tflite_autoencoder,1353,0.056796
5,tflite_autoencoder,1354,0.057222
5,tflite_autoencoder,1355,0.057944
5,tflite_autoencoder,1356,0.057259
5,tflite_autoencoder,1357,0.057722
5,tflite_autoencoder,1358,0.05774
5,tflite_autoencoder,1359,0.057111
5,tflite_autoencoder,1360,0.058129
5,tflite_autoencoder,1361,0.057297
5,tflite_autoencoder,1362,0.056592
5,tflite_autoencoder,1363,0.057371
5,tflite_autoencoder,1364,0.057111
5,tflite_autoencoder,1365,0.058037
5,tflite_autoencoder,1366,0.058741
5,tflite_autoencoder,1367,0.05713
5,tflite_autoencoder,1368,0.057389
5,tflite_autoencoder,1369,0.056981
5,tflite_autoencoder,1370,0.056871
5,tflite_autoencoder,1371,0.05663
5,tflite_autoencoder,1372,0.057518
5,tflite_autoencoder,1373,0.057297
5,tflite_autoencoder,1374,0.057389
5,tflite_autoencoder,1375,0.057815
5,tflite_autoencoder,1376,0.0585
5,tflite_autoencoder,1377,0.057796
5,tflite_autoencoder,1378,0.057222
5,tflite_autoencoder,1379,0.056685
5,tflite_autoencoder,1380,0.057167
5,tflite_autoencoder,1381,0.057463
5,tflite_autoencoder,1382,0.056796
5,tflite_autoencoder,1383,0.056945
5,tflite_autoencoder,1384,0.056574
5,tflite_autoencoder,1385,0.056704
5,tflite_autoencoder,1386,0.056944
5,tflite_autoencoder,1387,0.057648
5,tflite_autoencoder,1388,0.070722
5,tflite_autoencoder,1389,0.062815
5,tflite_autoencoder,1390,0.05813
5,tflite_autoencoder,1391,0.057537
5,tflite_autoencoder,1392,0.057259
5,tflite_autoencoder,1393,0.057833
5,tflite_autoencoder,1394,0.057315
5,tflite_autoencoder,1395,0.057963
5,tflite_autoencoder,1396,0.057037
5,tflite_autoencoder,1397,0.057092
5,tflite_autoencoder,1398,0.057482
5,tflite_autoencoder,1399,0.056889
5,tflite_autoencoder,1400,0.058407
5,tflite_autoencoder,1401,0.057982
5,tflite_autoencoder,1402,0.057463
5,tflite_autoencoder,1403,0.057537
5,tflite_autoencoder,1404,0.05787
5,tflite_autoencoder,1405,0.056963
5,tflite_autoencoder,1406,0.057389
5,tflite_autoencoder,1407,0.058259
5,tflite_autoencoder,1408,0.058741
5,tflite_autoencoder,1409,0.058537
5,tflite_autoencoder,1410,0.057426
5,tflite_autoencoder,1411,0.057203
5,tflite_autoencoder,1412,0.057093
5,tflite_autoencoder,1413,0.057482
5,tflite_autoencoder,1414,0.057093
5,tflite_autoencoder,1415,0.058481
5,tflite_autoencoder,1416,0.056815
5,tflite_autoencoder,1417,0.056963
5,tflite_autoencoder,1418,0.056444
5,tflite_autoencoder,1419,0.056814
5,tflite_autoencoder,1420,0.057037
5,tflite_autoencoder,1421,0.058203
5,tflite_autoencoder,1422,0.05774
5,tflite_autoencoder,1423,0.056463
5,tflite_autoencoder,1424,0.056963
5,tflite_autoencoder,1425,0.057981
5,tflite_autoencoder,1426,0.056815
5,tflite_autoencoder,1427,0.057778
5,tflite_autoencoder,1428,0.058296
5,tflite_autoencoder,1429,0.056944
5,tflite_autoencoder,1430,0.058259
5,tflite_autoencoder,1431,0.057481
5,tflite_autoencoder,1432,0.058018
5,tflite_autoencoder,1433,0.0575
5,tflite_autoencoder,1434,0.057055
5,tflite_autoencoder,1435,0.057759
5,tflite_autoencoder,1436,0.057185
5,tflite_autoencoder,1437,0.057889
5,tflite_autoencoder,1438,0.058666
5,tflite_autoencoder,1439,0.0575
5,tflite_autoencoder,1440,0.058037
5,tflite_autoencoder,1441,0.057036
5,tflite_autoencoder,1442,0.056834
5,tflite_autoencoder,1443,0.056963
5,tflite_autoencoder,1444,0.05837
5,tflite_autoencoder,1445,0.058666
5,tflite_autoencoder,1446,0.059037
5,tflite_autoencoder,1447,0.066037
5,tflite_autoencoder,1448,0.060037
5,tflite_autoencoder,1449,0.057278
5,tflite_autoencoder,1450,0.058204
5,tflite_autoencoder,1451,0.0585
5,tflite_autoencoder,1452,0.058925
5,tflite_autoencoder,1453,0.058426
5,tflite_autoencoder,1454,0.056944
5,tflite_autoencoder,1455,0.057259
5,tflite_autoencoder,1456,0.068204
5,tflite_autoencoder,1457,0.058536
5,tflite_autoencoder,1458,0.058074
5,tflite_autoencoder,1459,0.057037
5,tflite_autoencoder,1460,0.056944
5,tflite_autoencoder,1461,0.057685
5,tflite_autoencoder,1462,0.057407
5,tflite_autoencoder,1463,0.058148
5,tflite_autoencoder,1464,0.058074
5,tflite_autoencoder,1465,0.058463
5,tflite_autoencoder,1466,0.057241
5,tflite_autoencoder,1467,0.057148
5,tflite_autoencoder,1468,0.056981
5,tflite_autoencoder,1469,0.056925
5,tflite_autoencoder,1470,0.057962
5,tflite_autoencoder,1471,0.057482
5,tflite_autoencoder,1472,0.057815
5,tflite_autoencoder,1473,0.057408
5,tflite_autoencoder,1474,0.056963
5,tflite_autoencoder,1475,0.056962
5,tflite_autoencoder,1476,0.058
5,tflite_autoencoder,1477,0.057241
5,tflite_autoencoder,1478,0.056907
5,tflite_autoencoder,1479,0.057185
5,tflite_autoencoder,1480,0.057056
5,tflite_autoencoder,1481,0.057981
5,tflite_autoencoder,1482,0.057593
5,tflite_autoencoder,1483,0.057425
5,tflite_autoencoder,1484,0.057389
5,tflite_autoencoder,1485,0.057111
5,tflite_autoencoder,1486,0.056648
5,tflite_autoencoder,1487,0.058907
5,tflite_autoencoder,1488,0.058296
5,tflite_autoencoder,1489,0.057537
5,tflite_autoencoder,1490,0.056815
5,tflite_autoencoder,1491,0.057037
5,tflite_autoencoder,1492,0.057074
5,tflite_autoencoder,1493,0.057166
5,tflite_autoencoder,1494,0.057556
5,tflite_autoencoder,1495,0.056907
5,tflite_autoencoder,1496,0.057056
5,tflite_autoencoder,1497,0.057722
5,tflite_autoencoder,1498,0.058148
5,tflite_autoencoder,1499,0.057778
5,tflite_autoencoder,1500,0.056907
5,tflite_autoencoder,1501,0.057148
5,tflite_autoencoder,1502,0.056537
5,tflite_autoencoder,1503,0.057389
5,tflite_autoencoder,1504,0.057685
5,tflite_autoencoder,1505,0.056351
5,tflite_autoencoder,1506,0.056945
5,tflite_autoencoder,1507,0.05787
5,tflite_autoencoder,1508,0.056203
5,tflite_autoencoder,1509,0.056981
5,tflite_autoencoder,1510,0.056796
5,tflite_autoencoder,1511,0.057222
5,tflite_autoencoder,1512,0.057352
5,tflite_autoencoder,1513,0.056685
5,tflite_autoencoder,1514,0.056759
5,tflite_autoencoder,1515,0.057649
5,tflite_autoencoder,1516,0.056982
5,tflite_autoencoder,1517,0.05663
5,tflite_autoencoder,1518,0.057648
5,tflite_autoencoder,1519,0.057037
5,tflite_autoencoder,1520,0.057703
5,tflite_autoencoder,1521,0.056704
5,tflite_autoencoder,1522,0.057166
5,tflite_autoencoder,1523,0.056537
5,tflite_autoencoder,1524,0.069741
5,tflite_autoencoder,1525,0.063259
5,tflite_autoencoder,1526,0.058296
5,tflite_autoencoder,1527,0.058352
5,tflite_autoencoder,1528,0.057648
5,tflite_autoencoder,1529,0.056703
5,tflite_autoencoder,1530,0.058537
5,tflite_autoencoder,1531,0.057426
5,tflite_autoencoder,1532,0.058037
5,tflite_autoencoder,1533,0.056852
5,tflite_autoencoder,1534,0.057444
5,tflite_autoencoder,1535,0.056833
5,tflite_autoencoder,1536,0.057315
5,tflite_autoencoder,1537,0.057629
5,tflite_autoencoder,1538,0.057055
5,tflite_autoencoder,1539,0.057685
5,tflite_autoencoder,1540,0.058167
5,tflite_autoencoder,1541,0.056871
5,tflite_autoencoder,1542,0.056963
5,tflite_autoencoder,1543,0.057722
5,tflite_autoencoder,1544,0.057482
5,tflite_autoencoder,1545,0.057463
5,tflite_autoencoder,1546,0.056796
5,tflite_autoencoder,1547,0.058204
5,tflite_autoencoder,1548,0.057574
5,tflite_autoencoder,1549,0.057574
5,tflite_autoencoder,1550,0.057222
5,tflite_autoencoder,1551,0.057314
5,tflite_autoencoder,1552,0.056834
5,tflite_autoencoder,1553,0.056871
5,tflite_autoencoder,1554,0.057407
5,tflite_autoencoder,1555,0.057407
5,tflite_autoencoder,1556,0.057111
5,tflite_autoencoder,1557,0.058037
5,tflite_autoencoder,1558,0.057759
5,tflite_autoencoder,1559,0.057704
5,tflite_autoencoder,1560,0.057093
5,tflite_autoencoder,1561,0.057444
5,tflite_autoencoder,1562,0.05787
5,tflite_autoencoder,1563,0.058574
5,tflite_autoencoder,1564,0.057037
5,tflite_autoencoder,1565,0.058166
5,tflite_autoencoder,1566,0.057778
5,tflite_autoencoder,1567,0.057593
5,tflite_autoencoder,1568,0.057
5,tflite_autoencoder,1569,0.057019
5,tflite_autoencoder,1570,0.056888
5,tflite_autoencoder,1571,0.057519
5,tflite_autoencoder,1572,0.057519
5,tflite_autoencoder,1573,0.057185
5,tflite_autoencoder,1574,0.069111
5,tflite_autoencoder,1575,0.061037
5,tflite_autoencoder,1576,0.058741
5,tflite_autoencoder,1577,0.05787
5,tflite_autoencoder,1578,0.057037
5,tflite_autoencoder,1579,0.057815
5,tflite_autoencoder,1580,0.05724
5,tflite_autoencoder,1581,0.056889
5,tflite_autoencoder,1582,0.05763
5,tflite_autoencoder,1583,0.057481
5,tflite_autoencoder,1584,0.057593
5,tflite_autoencoder,1585,0.056722
5,tflite_autoencoder,1586,0.057222
5,tflite_autoencoder,1587,0.057667
5,tflite_autoencoder,1588,0.058222
5,tflite_autoencoder,1589,0.057352
5,tflite_autoencoder,1590,0.058241
5,tflite_autoencoder,1591,0.057833
5,tflite_autoencoder,1592,0.068111
5,tflite_autoencoder,1593,0.060018
5,tflite_autoencoder,1594,0.057407
5,tflite_autoencoder,1595,0.056685
5,tflite_autoencoder,1596,0.057759
5,tflite_autoencoder,1597,0.057666
5,tflite_autoencoder,1598,0.057926
5,tflite_autoencoder,1599,0.056963
5,tflite_autoencoder,1600,0.057203
5,tflite_autoencoder,1601,0.057852
5,tflite_autoencoder,1602,0.056778
5,tflite_autoencoder,1603,0.057315
5,tflite_autoencoder,1604,0.057315
5,tflite_autoencoder,1605,0.05687
5,tflite_autoencoder,1606,0.05663
5,tflite_autoencoder,1607,0.05826
5,tflite_autoencoder,1608,0.057166
5,tflite_autoencoder,1609,0.057074
5,tflite_autoencoder,1610,0.057112
5,tflite_autoencoder,1611,0.058296
5,tflite_autoencoder,1612,0.057111
5,tflite_autoencoder,1613,0.058352
5,tflite_autoencoder,1614,0.056537
5,tflite_autoencoder,1615,0.058129
5,tflite_autoencoder,1616,0.056888
5,tflite_autoencoder,1617,0.058315
5,tflite_autoencoder,1618,0.058388
5,tflite_autoencoder,1619,0.057167
5,tflite_autoencoder,1620,0.057278
5,tflite_autoencoder,1621,0.05713
5,tflite_autoencoder,1622,0.057833
5,tflite_autoencoder,1623,0.056889
5,tflite_autoencoder,1624,0.057796
5,tflite_autoencoder,1625,0.057889
5,tflite_autoencoder,1626,0.057111
5,tflite_autoencoder,1627,0.057278
5,tflite_autoencoder,1628,0.057741
5,tflite_autoencoder,1629,0.057241
5,tflite_autoencoder,1630,0.056907
5,tflite_autoencoder,1631,0.057278
5,tflite_autoencoder,1632,0.057148
5,tflite_autoencoder,1633,0.057889
5,tflite_autoencoder,1634,0.056926
5,tflite_autoencoder,1635,0.057315
5,tflite_autoencoder,1636,0.057222
5,tflite_autoencoder,1637,0.057963
5,tflite_autoencoder,1638,0.057018
5,tflite_autoencoder,1639,0.056611
5,tflite_autoencoder,1640,0.056981
5,tflite_autoencoder,1641,0.056926
5,tflite_autoencoder,1642,0.058426
5,tflite_autoencoder,1643,0.057611
5,tflite_autoencoder,1644,0.058129
5,tflite_autoencoder,1645,0.056796
5,tflite_autoencoder,1646,0.056518
5,tflite_autoencoder,1647,0.058092
5,tflite_autoencoder,1648,0.056944
5,tflite_autoencoder,1649,0.056888
5,tflite_autoencoder,1650,0.057056
5,tflite_autoencoder,1651,0.056833
5,tflite_autoencoder,1652,0.057111
5,tflite_autoencoder,1653,0.057056
5,tflite_autoencoder,1654,0.057593
5,tflite_autoencoder,1655,0.057907
5,tflite_autoencoder,1656,0.057963
5,tflite_autoencoder,1657,0.057704
5,tflite_autoencoder,1658,0.057185
5,tflite_autoencoder,1659,0.057926
5,tflite_autoencoder,1660,0.068852
5,tflite_autoencoder,1661,0.061537
5,tflite_autoencoder,1662,0.058982
5,tflite_autoencoder,1663,0.057389
5,tflite_autoencoder,1664,0.057296
5,tflite_autoencoder,1665,0.057815
5,tflite_autoencoder,1666,0.057704
5,tflite_autoencoder,1667,0.057704
5,tflite_autoencoder,1668,0.057204
5,tflite_autoencoder,1669,0.058352
5,tflite_autoencoder,1670,0.057648
5,tflite_autoencoder,1671,0.057833
5,tflite_autoencoder,1672,0.057093
5,tflite_autoencoder,1673,0.057723
5,tflite_autoencoder,1674,0.056759
5,tflite_autoencoder,1675,0.057703
5,tflite_autoencoder,1676,0.057315
5,tflite_autoencoder,1677,0.056759
5,tflite_autoencoder,1678,0.057333
5,tflite_autoencoder,1679,0.058666
5,tflite_autoencoder,1680,0.057592
5,tflite_autoencoder,1681,0.057833
5,tflite_autoencoder,1682,0.058371
5,tflite_autoencoder,1683,0.057908
5,tflite_autoencoder,1684,0.057037
5,tflite_autoencoder,1685,0.057537
5,tflite_autoencoder,1686,0.057741
5,tflite_autoencoder,1687,0.057278
5,tflite_autoencoder,1688,0.058055
5,tflite_autoencoder,1689,0.058222
5,tflite_autoencoder,1690,0.056889
5,tflite_autoencoder,1691,0.057204
5,tflite_autoencoder,1692,0.057815
5,tflite_autoencoder,1693,0.05813
5,tflite_autoencoder,1694,0.056907
5,tflite_autoencoder,1695,0.057907
5,tflite_autoencoder,1696,0.057315
5,tflite_autoencoder,1697,0.057815
5,tflite_autoencoder,1698,0.057556
5,tflite_autoencoder,1699,0.057611
5,tflite_autoencoder,1700,0.057833
5,tflite_autoencoder,1701,0.069815
5,tflite_autoencoder,1702,0.062278
5,tflite_autoencoder,1703,0.057981
5,tflite_autoencoder,1704,0.057574
5,tflite_autoencoder,1705,0.057445
5,tflite_autoencoder,1706,0.057482
5,tflite_autoencoder,1707,0.057574
5,tflite_autoencoder,1708,0.056963
5,tflite_autoencoder,1709,0.056908
5,tflite_autoencoder,1710,0.057907
5,tflite_autoencoder,1711,0.058092
5,tflite_autoencoder,1712,0.05687
5,tflite_autoencoder,1713,0.057852
5,tflite_autoencoder,1714,0.056945
5,tflite_autoencoder,1715,0.057703
5,tflite_autoencoder,1716,0.057389
5,tflite_autoencoder,1717,0.057463
5,tflite_autoencoder,1718,0.057611
5,tflite_autoencoder,1719,0.057259
5,tflite_autoencoder,1720,0.057351
5,tflite_autoencoder,1721,0.057148
5,tflite_autoencoder,1722,0.057204
5,tflite_autoencoder,1723,0.05737
5,tflite_autoencoder,1724,0.056685
5,tflite_autoencoder,1725,0.056963
5,tflite_autoencoder,1726,0.056871
5,tflite_autoencoder,1727,0.057426
5,tflite_autoencoder,1728,0.068222
5,tflite_autoencoder,1729,0.059018
5,tflite_autoencoder,1730,0.057426
5,tflite_autoencoder,1731,0.057371
5,tflite_autoencoder,1732,0.058185
5,tflite_autoencoder,1733,0.0585
5,tflite_autoencoder,1734,0.056981
5,tflite_autoencoder,1735,0.057148
5,tflite_autoencoder,1736,0.057037
5,tflite_autoencoder,1737,0.056815
5,tflite_autoencoder,1738,0.058111
5,tflite_autoencoder,1739,0.057463
5,tflite_autoencoder,1740,0.0565
5,tflite_autoencoder,1741,0.057092
5,tflite_autoencoder,1742,0.057019
5,tflite_autoencoder,1743,0.057852
5,tflite_autoencoder,1744,0.056944
5,tflite_autoencoder,1745,0.057463
5,tflite_autoencoder,1746,0.057259
5,tflite_autoencoder,1747,0.056722
5,tflite_autoencoder,1748,0.058111
5,tflite_autoencoder,1749,0.057111
5,tflite_autoencoder,1750,0.057296
5,tflite_autoencoder,1751,0.056703
5,tflite_autoencoder,1752,0.056926
5,tflite_autoencoder,1753,0.058463
5,tflite_autoencoder,1754,0.056722
5,tflite_autoencoder,1755,0.057333
5,tflite_autoencoder,1756,0.056908
5,tflite_autoencoder,1757,0.057889
5,tflite_autoencoder,1758,0.0575
5,tflite_autoencoder,1759,0.057815
5,tflite_autoencoder,1760,0.056519
5,tflite_autoencoder,1761,0.057556
5,tflite_autoencoder,1762,0.058314
5,tflite_autoencoder,1763,0.057797
5,tflite_autoencoder,1764,0.058222
5,tflite_autoencoder,1765,0.056926
5,tflite_autoencoder,1766,0.057777
5,tflite_autoencoder,1767,0.056741
5,tflite_autoencoder,1768,0.057963
5,tflite_autoencoder,1769,0.057315
5,tflite_autoencoder,1770,0.056926
5,tflite_autoencoder,1771,0.057111
5,tflite_autoencoder,1772,0.057203
5,tflite_autoencoder,1773,0.056796
5,tflite_autoencoder,1774,0.057037
5,tflite_autoencoder,1775,0.058093
5,tflite_autoencoder,1776,0.057278
5,tflite_autoencoder,1777,0.05674
5,tflite_autoencoder,1778,0.056629
5,tflite_autoencoder,1779,0.056796
5,tflite_autoencoder,1780,0.056759
5,tflite_autoencoder,1781,0.056593
5,tflite_autoencoder,1782,0.056537
5,tflite_autoencoder,1783,0.058019
5,tflite_autoencoder,1784,0.056815
5,tflite_autoencoder,1785,0.056926
5,tflite_autoencoder,1786,0.057593
5,tflite_autoencoder,1787,0.057167
5,tflite_autoencoder,1788,0.05726
5,tflite_autoencoder,1789,0.058204
5,tflite_autoencoder,1790,0.057334
5,tflite_autoencoder,1791,0.057092
5,tflite_autoencoder,1792,0.057185
5,tflite_autoencoder,1793,0.057556
5,tflite_autoencoder,1794,0.058259
5,tflite_autoencoder,1795,0.056518
5,tflite_autoencoder,1796,0.080574
5,tflite_autoencoder,1797,0.077278
5,tflite_autoencoder,1798,0.079352
5,tflite_autoencoder,1799,0.072648
5,tflite_autoencoder,1800,0.079537
5,tflite_autoencoder,1801,0.065092
5,tflite_autoencoder,1802,0.068185
5,tflite_autoencoder,1803,0.06
5,tflite_autoencoder,1804,0.057296
5,tflite_autoencoder,1805,0.058408
5,rms,1,0.031945
5,rms,2,0.032722
5,rms,3,0.032648
5,rms,4,0.032185
5,rms,5,0.032333
5,rms,6,0.032315
5,rms,7,0.032463
5,rms,8,0.032574
5,rms,9,0.032629
5,rms,10,0.032426
5,rms,11,0.03237
5,rms,12,0.032537
5,rms,13,0.032518
5,rms,14,0.032407
5,rms,15,0.032093
5,rms,16,0.031777
5,rms,17,0.03187
5,rms,18,0.032278
5,rms,19,0.032018
5,rms,20,0.032241
5,rms,21,0.033889
5,rms,22,0.033111
5,rms,23,0.047796
5,rms,24,0.035241
5,rms,25,0.03374
5,rms,26,0.033037
5,rms,27,0.033445
5,rms,28,0.032685
5,rms,29,0.032796
5,rms,30,0.03263
5,rms,31,0.033389
5,rms,32,0.032518
5,rms,33,0.0325
5,rms,34,0.032649
5,rms,35,0.033481
5,rms,36,0.032871
5,rms,37,0.032537
5,rms,38,0.032333
5,rms,39,0.032408
5,rms,40,0.032241
5,rms,41,0.032444
5,rms,42,0.032259
5,rms,43,0.032333
5,rms,44,0.03274
5,rms,45,0.032871
5,rms,46,0.032296
5,rms,47,0.032407
5,rms,48,0.032556
5,rms,49,0.032389
5,rms,50,0.032148
5,rms,51,0.032463
5,rms,52,0.032611
5,rms,53,0.032611
5,rms,54,0.032537
5,rms,55,0.032481
5,rms,56,0.03224
5,rms,57,0.033037
5,rms,58,0.033
5,rms,59,0.034
5,rms,60,0.032963
5,rms,61,0.033111
5,rms,62,0.0325
5,rms,63,0.032518
5,rms,64,0.033203
5,rms,65,0.032555
5,rms,66,0.032333
5,rms,67,0.031963
5,rms,68,0.032629
5,rms,69,0.032722
5,rms,70,0.032259
5,rms,71,0.033185
5,rms,72,0.032481
5,rms,73,0.032463
5,rms,74,0.032963
5,rms,75,0.033833
5,rms,76,0.03274
5,rms,77,0.032426
5,rms,78,0.032537
5,rms,79,0.032519
5,rms,80,0.043426
5,rms,81,0.03387
5,rms,82,0.032555
5,rms,83,0.032408
5,rms,84,0.033389
5,rms,85,0.032518
5,rms,86,0.032648
5,rms,87,0.032574
5,rms,88,0.032556
5,rms,89,0.032444
5,rms,90,0.032333
5,rms,91,0.032352
5,rms,92,0.032167
5,rms,93,0.032352
5,rms,94,0.032389
5,rms,95,0.032926
5,rms,96,0.032426
5,rms,97,0.032426
5,rms,98,0.033351
5,rms,99,0.033537
5,rms,100,0.032926
5,rms,101,0.032833
5,rms,102,0.0325
5,rms,103,0.03237
5,rms,104,0.032426
5,rms,105,0.032926
5,rms,106,0.033315
5,rms,107,0.032704
5,rms,108,0.032407
5,rms,109,0.032389
5,rms,110,0.032222
5,rms,111,0.032407
5,rms,112,0.0325
5,rms,113,0.032371
5,rms,114,0.03237
5,rms,115,0.032445
5,rms,116,0.032536
5,rms,117,0.032519
5,rms,118,0.032297
5,rms,119,0.033241
5,rms,120,0.032593
5,rms,121,0.032537
5,rms,122,0.032648
5,rms,123,0.032333
5,rms,124,0.032963
5,rms,125,0.032685
5,rms,126,0.032481
5,rms,127,0.032204
5,rms,128,0.032481
5,rms,129,0.032241
5,rms,130,0.032315
5,rms,131,0.032574
5,rms,132,0.032241
5,rms,133,0.032611
5,rms,134,0.032519
5,rms,135,0.032685
5,rms,136,0.0325
5,rms,137,0.032593
5,rms,138,0.032241
5,rms,139,0.03237
5,rms,140,0.03237
5,rms,141,0.032092
5,rms,142,0.032685
5,rms,143,0.032444
5,rms,144,0.032259
5,rms,145,0.032388
5,rms,146,0.032592
5,rms,147,0.032685
5,rms,148,0.032593
5,rms,149,0.032574
5,rms,150,0.050963
5,rms,151,0.032611
5,rms,152,0.032426
5,rms,153,0.032074
5,rms,154,0.032408
5,rms,155,0.032574
5,rms,156,0.032463
5,rms,157,0.032277
5,rms,158,0.032314
5,rms,159,0.032426
5,rms,160,0.032555
5,rms,161,0.032426
5,rms,162,0.032296
5,rms,163,0.032352
5,rms,164,0.032463
5,rms,165,0.032649
5,rms,166,0.032296
5,rms,167,0.032222
5,rms,168,0.032185
5,rms,169,0.032463
5,rms,170,0.032185
5,rms,171,0.032352
5,rms,172,0.032241
5,rms,173,0.032685
5,rms,174,0.032352
5,rms,175,0.032148
5,rms,176,0.032278
5,rms,177,0.032315
5,rms,178,0.032129
5,rms,179,0.03263
5,rms,180,0.032463
5,rms,181,0.032241
5,rms,182,0.032148
5,rms,183,0.032685
5,rms,184,0.032389
5,rms,185,0.032518
5,rms,186,0.032537
5,rms,187,0.031945
5,rms,188,0.032092
5,rms,189,0.032222
5,rms,190,0.032148
5,rms,191,0.032296
5,rms,192,0.032685
5,rms,193,0.032444
5,rms,194,0.03224
5,rms,195,0.032481
5,rms,196,0.032574
5,rms,197,0.032667
5,rms,198,0.032407
5,rms,199,0.040759
5,rms,200,0.033963
5,rms,201,0.033259
5,rms,202,0.033204
5,rms,203,0.032222
5,rms,204,0.032278
5,rms,205,0.032185
5,rms,206,0.032759
5,rms,207,0.032797
5,rms,208,0.032222
5,rms,209,0.032574
5,rms,210,0.032555
5,rms,211,0.032611
5,rms,212,0.032944
5,rms,213,0.032666
5,rms,214,0.03237
5,rms,215,0.032537
5,rms,216,0.032815
5,rms,217,0.032296
5,rms,218,0.032222
5,rms,219,0.033574
5,rms,220,0.033204
5,rms,221,0.032444
5,rms,222,0.033055
5,rms,223,0.03263
5,rms,224,0.032241
5,rms,225,0.032426
5,rms,226,0.032389
5,rms,227,0.032297
5,rms,228,0.032241
5,rms,229,0.032574
5,rms,230,0.032352
5,rms,231,0.0325
5,rms,232,0.032575
5,rms,233,0.032963
5,rms,234,0.03237
5,rms,235,0.032741
5,rms,236,0.031982
5,rms,237,0.032686
5,rms,238,0.032167
5,rms,239,0.032278
5,rms,240,0.032129
5,rms,241,0.032889
5,rms,242,0.032056
5,rms,243,0.032685
5,rms,244,0.032833
5,rms,245,0.032259
5,rms,246,0.032889
5,rms,247,0.033815
5,rms,248,0.033574
5,rms,249,0.032315
5,rms,250,0.03263
5,rms,251,0.032463
5,rms,252,0.032407
5,rms,253,0.032371
5,rms,254,0.032445
5,rms,255,0.0325
5,rms,256,0.032426
5,rms,257,0.03224
5,rms,258,0.032167
5,rms,259,0.032722
5,rms,260,0.032166
5,rms,261,0.032185
5,rms,262,0.032185
5,rms,263,0.032241
5,rms,264,0.0325
5,rms,265,0.032185
5,rms,266,0.032481
5,rms,267,0.032333
5,rms,268,0.032241
5,rms,269,0.032259
5,rms,270,0.032093
5,rms,271,0.032296
5,rms,272,0.032741
5,rms,273,0.032277
5,rms,274,0.032129
5,rms,275,0.032277
5,rms,276,0.032166
5,rms,277,0.037741
5,rms,278,0.0325
5,rms,279,0.032537
5,rms,280,0.031926
5,rms,281,0.032333
5,rms,282,0.032445
5,rms,283,0.032741
5,rms,284,0.031963
5,rms,285,0.03224
5,rms,286,0.032259
5,rms,287,0.032185
5,rms,288,0.032296
5,rms,289,0.032463
5,rms,290,0.032371
5,rms,291,0.032259
5,rms,292,0.032593
5,rms,293,0.032407
5,rms,294,0.032185
5,rms,295,0.032222
5,rms,296,0.032277
5,rms,297,0.033222
5,rms,298,0.032426
5,rms,299,0.032444
5,rms,300,0.032519
5,rms,301,0.032556
5,rms,302,0.032056
5,rms,303,0.032222
5,rms,304,0.032055
5,rms,305,0.032482
5,rms,306,0.032296
5,rms,307,0.032314
5,rms,308,0.032148
5,rms,309,0.032463
5,rms,310,0.032482
5,rms,311,0.032444
5,rms,312,0.03237
5,rms,313,0.032259
5,rms,314,0.032075
5,rms,315,0.032408
5,rms,316,0.032167
5,rms,317,0.032371
5,rms,318,0.0325
5,rms,319,0.038759
5,rms,320,0.032925
5,rms,321,0.03237
5,rms,322,0.032481
5,rms,323,0.032278
5,rms,324,0.032463
5,rms,325,0.032241
5,rms,326,0.032834
5,rms,327,0.032444
5,rms,328,0.032426
5,rms,329,0.03324
5,rms,330,0.032241
5,rms,331,0.032556
5,rms,332,0.032148
5,rms,333,0.03263
5,rms,334,0.033241
5,rms,335,0.032833
5,rms,336,0.032278
5,rms,337,0.032407
5,rms,338,0.032389
5,rms,339,0.032407
5,rms,340,0.032777
5,rms,341,0.032334
5,rms,342,0.032018
5,rms,343,0.033444
5,rms,344,0.032649
5,rms,345,0.032685
5,rms,346,0.032426
5,rms,347,0.032852
5,rms,348,0.0325
5,rms,349,0.033149
5,rms,350,0.032315
5,rms,351,0.032537
5,rms,352,0.032481
5,rms,353,0.033574
5,rms,354,0.032482
5,rms,355,0.032333
5,rms,356,0.032481
5,rms,357,0.032407
5,rms,358,0.03226
5,rms,359,0.033037
5,rms,360,0.03274
5,rms,361,0.032555
5,rms,362,0.032796
5,rms,363,0.032278
5,rms,364,0.032111
5,rms,365,0.03263
5,rms,366,0.03263
5,rms,367,0.032425
5,rms,368,0.032315
5,rms,369,0.03237
5,rms,370,0.032463
5,rms,371,0.032334
5,rms,372,0.03213
5,rms,373,0.032518
5,rms,374,0.032333
5,rms,375,0.032185
5,rms,376,0.032148
5,rms,377,0.03237
5,rms,378,0.032611
5,rms,379,0.032296
5,rms,380,0.03224
5,rms,381,0.032352
5,rms,382,0.032389
5,rms,383,0.03237
5,rms,384,0.032926
5,rms,385,0.032704
5,rms,386,0.033685
5,rms,387,0.03263
5,rms,388,0.032593
5,rms,389,0.032426
5,rms,390,0.033408
5,rms,391,0.032537
5,rms,392,0.032167
5,rms,393,0.032333
5,rms,394,0.032186
5,rms,395,0.032482
5,rms,396,0.032333
5,rms,397,0.032222
5,rms,398,0.032278
5,rms,399,0.032334
5,rms,400,0.032241
5,rms,401,0.032315
5,rms,402,0.032611
5,rms,403,0.032093
5,rms,404,0.036537
5,rms,405,0.032592
5,rms,406,0.032388
5,rms,407,0.032315
5,rms,408,0.032426
5,rms,409,0.03213
5,rms,410,0.032315
5,rms,411,0.032315
5,rms,412,0.032203
5,rms,413,0.032222
5,rms,414,0.032259
5,rms,415,0.032444
5,rms,416,0.032259
5,rms,417,0.03226
5,rms,418,0.032481
5,rms,419,0.032408
5,rms,420,0.034556
5,rms,421,0.032611
5,rms,422,0.0325
5,rms,423,0.032352
5,rms,424,0.032333
5,rms,425,0.032667
5,rms,426,0.032963
5,rms,427,0.032352
5,rms,428,0.032648
5,rms,429,0.033018
5,rms,430,0.032334
5,rms,431,0.032111
5,rms,432,0.032092
5,rms,433,0.032352
5,rms,434,0.032666
5,rms,435,0.033296
5,rms,436,0.032389
5,rms,437,0.032352
5,rms,438,0.038463
5,rms,439,0.034241
5,rms,440,0.032482
5,rms,441,0.032648
5,rms,442,0.032482
5,rms,443,0.0325
5,rms,444,0.033092
5,rms,445,0.033297
5,rms,446,0.03413
5,rms,447,0.032463
5,rms,448,0.032611
5,rms,449,0.032834
5,rms,450,0.032741
5,rms,451,0.032389
5,rms,452,0.032388
5,rms,453,0.03237
5,rms,454,0.032481
5,rms,455,0.032278
5,rms,456,0.032444
5,rms,457,0.032371
5,rms,458,0.0325
5,rms,459,0.032388
5,rms,460,0.032814
5,rms,461,0.032852
5,rms,462,0.033426
5,rms,463,0.032408
5,rms,464,0.033611
5,rms,465,0.032889
5,rms,466,0.032723
5,rms,467,0.032333
5,rms,468,0.032333
5,rms,469,0.032778
5,rms,470,0.032908
5,rms,471,0.032667
5,rms,472,0.032315
5,rms,473,0.032444
5,rms,474,0.032371
5,rms,475,0.032352
5,rms,476,0.032278
5,rms,477,0.032574
5,rms,478,0.032444
5,rms,479,0.032333
5,rms,480,0.032407
5,rms,481,0.032352
5,rms,482,0.032222
5,rms,483,0.032592
5,rms,484,0.032426
5,rms,485,0.032388
5,rms,486,0.033166
5,rms,487,0.033944
5,rms,488,0.032593
5,rms,489,0.032685
5,rms,490,0.033352
5,rms,491,0.032463
5,rms,492,0.032519
5,rms,493,0.03263
5,rms,494,0.032611
5,rms,495,0.034037
5,rms,496,0.032592
5,rms,497,0.033722
5,rms,498,0.032519
5,rms,499,0.032537
5,rms,500,0.032278
5,rms,501,0.032481
5,rms,502,0.032519
5,rms,503,0.033092
5,rms,504,0.032611
5,rms,505,0.032537
5,rms,506,0.032611
5,rms,507,0.032481
5,rms,508,0.032685
5,rms,509,0.032445
5,rms,510,0.032444
5,rms,511,0.033056
5,rms,512,0.032629
5,rms,513,0.032852
5,rms,514,0.033722
5,rms,515,0.032611
5,rms,516,0.032314
5,rms,517,0.03287
5,rms,518,0.032314
5,rms,519,0.032407
5,rms,520,0.032815
5,rms,521,0.032907
5,rms,522,0.032518
5,rms,523,0.032482
5,rms,524,0.032296
5,rms,525,0.032482
5,rms,526,0.032574
5,rms,527,0.03274
5,rms,528,0.032741
5,rms,529,0.032963
5,rms,530,0.032907
5,rms,531,0.037462
5,rms,532,0.033204
5,rms,533,0.032797
5,rms,534,0.033426
5,rms,535,0.032444
5,rms,536,0.032388
5,rms,537,0.033722
5,rms,538,0.03224
5,rms,539,0.032296
5,rms,540,0.032463
5,rms,541,0.032481
5,rms,542,0.032537
5,rms,543,0.032481
5,rms,544,0.032241
5,rms,545,0.032426
5,rms,546,0.032444
5,rms,547,0.0325
5,rms,548,0.032222
5,rms,549,0.032704
5,rms,550,0.032333
5,rms,551,0.032519
5,rms,552,0.032204
5,rms,553,0.032388
5,rms,554,0.032148
5,rms,555,0.032481
5,rms,556,0.032185
5,rms,557,0.032481
5,rms,558,0.038611
5,rms,559,0.032519
5,rms,560,0.032611
5,rms,561,0.032926
5,rms,562,0.032241
5,rms,563,0.033445
5,rms,564,0.033315
5,rms,565,0.032796
5,rms,566,0.032111
5,rms,567,0.032334
5,rms,568,0.032278
5,rms,569,0.032666
5,rms,570,0.03237
5,rms,571,0.032185
5,rms,572,0.032463
5,rms,573,0.032704
5,rms,574,0.032056
5,rms,575,0.032333
5,rms,576,0.032185
5,rms,577,0.03237
5,rms,578,0.032444
5,rms,579,0.032574
5,rms,580,0.03224
5,rms,581,0.032463
5,rms,582,0.032148
5,rms,583,0.032296
5,rms,584,0.032333
5,rms,585,0.032444
5,rms,586,0.032407
5,rms,587,0.032389
5,rms,588,0.032334
5,rms,589,0.032815
5,rms,590,0.032186
5,rms,591,0.03237
5,rms,592,0.032334
5,rms,593,0.03274
5,rms,594,0.032574
5,rms,595,0.032592
5,rms,596,0.032408
5,rms,597,0.03276
5,rms,598,0.032333
5,rms,599,0.032371
5,rms,600,0.032129
5,rms,601,0.032352
5,rms,602,0.032259
5,rms,603,0.032315
5,rms,604,0.032204
5,rms,605,0.032407
5,rms,606,0.032537
5,rms,607,0.032259
5,rms,608,0.032722
5,rms,609,0.032389
5,rms,610,0.032203
5,rms,611,0.032407
5,rms,612,0.032445
5,rms,613,0.033111
5,rms,614,0.032352
5,rms,615,0.032981
5,rms,616,0.033666
5,rms,617,0.03274
5,rms,618,0.032463
5,rms,619,0.032297
5,rms,620,0.032241
5,rms,621,0.032444
5,rms,622,0.032611
5,rms,623,0.032222
5,rms,624,0.032333
5,rms,625,0.032315
5,rms,626,0.032685
5,rms,627,0.032148
5,rms,628,0.031981
5,rms,629,0.032445
5,rms,630,0.032259
5,rms,631,0.03213
5,rms,632,0.032315
5,rms,633,0.032389
5,rms,634,0.032407
5,rms,635,0.032704
5,rms,636,0.032278
5,rms,637,0.032796
5,rms,638,0.03237
5,rms,639,0.032648
5,rms,640,0.032277
5,rms,641,0.032518
5,rms,642,0.032148
5,rms,643,0.032297
5,rms,644,0.032334
5,rms,645,0.032556
5,rms,646,0.03213
5,rms,647,0.032278
5,rms,648,0.032482
5,rms,649,0.032704
5,rms,650,0.032314
5,rms,651,0.032667
5,rms,652,0.032
5,rms,653,0.032703
5,rms,654,0.032296
5,rms,655,0.032648
5,rms,656,0.033741
5,rms,657,0.032759
5,rms,658,0.036777
5,rms,659,0.032371
5,rms,660,0.032111
5,rms,661,0.032352
5,rms,662,0.032333
5,rms,663,0.033685
5,rms,664,0.032166
5,rms,665,0.032925
5,rms,666,0.033259
5,rms,667,0.032018
5,rms,668,0.032426
5,rms,669,0.03224
5,rms,670,0.032389
5,rms,671,0.03213
5,rms,672,0.032222
5,rms,673,0.032111
5,rms,674,0.032463
5,rms,675,0.032037
5,rms,676,0.032092
5,rms,677,0.042185
5,rms,678,0.035074
5,rms,679,0.032888
5,rms,680,0.032241
5,rms,681,0.032278
5,rms,682,0.032296
5,rms,683,0.032537
5,rms,684,0.032592
5,rms,685,0.032648
5,rms,686,0.032778
5,rms,687,0.032241
5,rms,688,0.032259
5,rms,689,0.032481
5,rms,690,0.032482
5,rms,691,0.03237
5,rms,692,0.03224
5,rms,693,0.032519
5,rms,694,0.032129
5,rms,695,0.032537
5,rms,696,0.032185
5,rms,697,0.032667
5,rms,698,0.032556
5,rms,699,0.032314
5,rms,700,0.032278
5,rms,701,0.032203
5,rms,702,0.032241
5,rms,703,0.032351
5,rms,704,0.032296
5,rms,705,0.032296
5,rms,706,0.032444
5,rms,707,0.032185
5,rms,708,0.032389
5,rms,709,0.032426
5,rms,710,0.032222
5,rms,711,0.031944
5,rms,712,0.032649
5,rms,713,0.032222
5,rms,714,0.032537
5,rms,715,0.03237
5,rms,716,0.032297
5,rms,717,0.032352
5,rms,718,0.032111
5,rms,719,0.033241
5,rms,720,0.032481
5,rms,721,0.03213
5,rms,722,0.032666
5,rms,723,0.032149
5,rms,724,0.032203
5,rms,725,0.03237
5,rms,726,0.032148
5,rms,727,0.032241
5,rms,728,0.033
5,rms,729,0.032445
5,rms,730,0.032389
5,rms,731,0.032148
5,rms,732,0.032593
5,rms,733,0.032351
5,rms,734,0.0325
5,rms,735,0.033611
5,rms,736,0.03213
5,rms,737,0.032149
5,rms,738,0.032297
5,rms,739,0.032278
5,rms,740,0.032185
5,rms,741,0.03263
5,rms,742,0.032149
5,rms,743,0.032185
5,rms,744,0.032389
5,rms,745,0.032444
5,rms,746,0.032296
5,rms,747,0.032074
5,rms,748,0.032426
5,rms,749,0.0325
5,rms,750,0.032296
5,rms,751,0.032259
5,rms,752,0.03213
5,rms,753,0.032296
5,rms,754,0.032389
5,rms,755,0.032389
5,rms,756,0.032166
5,rms,757,0.032241
5,rms,758,0.032352
5,rms,759,0.032741
5,rms,761,0.032981
5,rms,762,0.032444
5,rms,763,0.032389
5,rms,764,0.032278
5,rms,765,0.032426
5,rms,766,0.032315
5,rms,767,0.032278
5,rms,768,0.032315
5,rms,769,0.032667
5,rms,770,0.032204
5,rms,771,0.032333
5,rms,772,0.033334
5,rms,773,0.032333
5,rms,774,0.032241
5,rms,775,0.031945
5,rms,776,0.032112
5,rms,777,0.032352
5,rms,778,0.032259
5,rms,779,0.032388
5,rms,780,0.03213
5,rms,781,0.03237
5,rms,782,0.032518
5,rms,783,0.032241
5,rms,784,0.032611
5,rms,785,0.03237
5,rms,786,0.037574
5,rms,787,0.032407
5,rms,788,0.032148
5,rms,789,0.032426
5,rms,790,0.032222
5,rms,791,0.032574
5,rms,792,0.032186
5,rms,793,0.032259
5,rms,794,0.032297
5,rms,795,0.032204
5,rms,796,0.032037
5,rms,797,0.03263
5,rms,798,0.037222
5,rms,799,0.03387
5,rms,800,0.032537
5,rms,801,0.032426
5,rms,802,0.032333
5,rms,803,0.032204
5,rms,804,0.032297
5,rms,805,0.032204
5,rms,806,0.032259
5,rms,807,0.032278
5,rms,808,0.032352
5,rms,809,0.032407
5,rms,810,0.032352
5,rms,811,0.032037
5,rms,812,0.032333
5,rms,813,0.032408
5,rms,814,0.032352
5,rms,815,0.032333
5,rms,816,0.032667
5,rms,817,0.032352
5,rms,818,0.032371
5,rms,819,0.032093
5,rms,820,0.032074
5,rms,821,0.032111
5,rms,822,0.032259
5,rms,823,0.032111
5,rms,824,0.032537
5,rms,825,0.032259
5,rms,826,0.032481
5,rms,827,0.032037
5,rms,828,0.032278
5,rms,829,0.032611
5,rms,830,0.032686
5,rms,831,0.032408
5,rms,832,0.032259
5,rms,833,0.0325
5,rms,834,0.032148
5,rms,835,0.032833
5,rms,836,0.03224
5,rms,837,0.032278
5,rms,838,0.032685
5,rms,839,0.032388
5,rms,840,0.032333
5,rms,841,0.032278
5,rms,842,0.031945
5,rms,843,0.032186
5,rms,844,0.032759
5,rms,845,0.0325
5,rms,846,0.032463
5,rms,847,0.032277
5,rms,848,0.032334
5,rms,849,0.033352
5,rms,850,0.032888
5,rms,851,0.032648
5,rms,852,0.033204
5,rms,853,0.032537
5,rms,854,0.032537
5,rms,855,0.032241
5,rms,856,0.032278
5,rms,857,0.032426
5,rms,858,0.032388
5,rms,859,0.032148
5,rms,860,0.032297
5,rms,861,0.032296
5,rms,862,0.032389
5,rms,863,0.032259
5,rms,864,0.032333
5,rms,865,0.032389
5,rms,866,0.032389
5,rms,867,0.032296
5,rms,868,0.03237
5,rms,869,0.032241
5,rms,870,0.032
5,rms,871,0.0325
5,rms,872,0.032185
5,rms,873,0.032481
5,rms,874,0.03213
5,rms,875,0.032722
5,rms,876,0.032556
5,rms,877,0.032834
5,rms,878,0.032315
5,rms,879,0.033982
5,rms,880,0.032389
5,rms,881,0.032648
5,rms,882,0.032185
5,rms,883,0.032574
5,rms,884,0.032278
5,rms,885,0.032241
5,rms,886,0.032518
5,rms,887,0.032555
5,rms,888,0.032704
5,rms,889,0.032556
5,rms,890,0.032408
5,rms,891,0.032204
5,rms,892,0.03213
5,rms,893,0.032593
5,rms,894,0.032574
5,rms,895,0.032371
5,rms,896,0.032351
5,rms,897,0.032814
5,rms,898,0.032814
5,rms,899,0.033093
5,rms,900,0.033797
5,rms,901,0.032481
5,rms,902,0.032667
5,rms,903,0.033037
5,rms,904,0.032685
5,rms,905,0.032963
5,rms,906,0.032389
5,rms,907,0.032445
5,rms,908,0.0325
5,rms,909,0.032796
5,rms,910,0.032667
5,rms,911,0.032314
5,rms,912,0.033518
5,rms,913,0.036907
5,rms,914,0.032611
5,rms,915,0.032852
5,rms,916,0.033167
5,rms,917,0.032259
5,rms,918,0.038296
5,rms,919,0.033685
5,rms,920,0.033389
5,rms,921,0.032352
5,rms,922,0.032944
5,rms,923,0.032333
5,rms,924,0.032296
5,rms,925,0.032481
5,rms,926,0.032388
5,rms,927,0.032796
5,rms,928,0.03213
5,rms,929,0.032259
5,rms,930,0.03237
5,rms,931,0.032222
5,rms,932,0.032389
5,rms,933,0.032426
5,rms,934,0.032352
5,rms,935,0.032722
5,rms,936,0.032167
5,rms,937,0.032351
5,rms,938,0.032481
5,rms,939,0.032277
5,rms,940,0.032333
5,rms,941,0.032333
5,rms,942,0.032259
5,rms,943,0.032463
5,rms,944,0.032334
5,rms,945,0.032277
5,rms,946,0.032092
5,rms,947,0.032537
5,rms,948,0.032111
5,rms,949,0.032519
5,rms,950,0.032297
5,rms,951,0.032704
5,rms,952,0.032222
5,rms,953,0.032204
5,rms,954,0.032408
5,rms,955,0.032574
5,rms,956,0.032203
5,rms,957,0.032463
5,rms,958,0.0325
5,rms,959,0.03224
5,rms,960,0.03237
5,rms,961,0.032408
5,rms,962,0.033444
5,rms,963,0.032778
5,rms,964,0.032981
5,rms,965,0.0325
5,rms,966,0.032519
5,rms,967,0.032482
5,rms,968,0.032222
5,rms,969,0.03276
5,rms,970,0.032537
5,rms,971,0.032612
5,rms,972,0.032889
5,rms,973,0.032444
5,rms,974,0.032648
5,rms,975,0.032574
5,rms,976,0.032296
5,rms,977,0.032537
5,rms,978,0.032296
5,rms,979,0.032482
5,rms,980,0.032315
5,rms,981,0.032241
5,rms,982,0.032037
5,rms,983,0.0325
5,rms,984,0.032389
5,rms,985,0.032629
5,rms,986,0.033445
5,rms,987,0.032926
5,rms,988,0.033166
5,rms,989,0.032833
5,rms,990,0.032296
5,rms,991,0.0325
5,rms,992,0.032203
5,rms,993,0.032333
5,rms,994,0.032389
5,rms,995,0.032352
5,rms,996,0.032018
5,rms,997,0.032444
5,rms,998,0.032833
5,rms,999,0.032537
5,rms,1000,0.032797
5,rms,1001,0.033167
5,rms,1002,0.03274
5,rms,1003,0.032592
5,rms,1004,0.032315
5,rms,1005,0.033704
5,rms,1006,0.03324
5,rms,1007,0.032667
5,rms,1008,0.032648
5,rms,1009,0.032408
5,rms,1010,0.032537
5,rms,1011,0.032278
5,rms,1012,0.032167
5,rms,1013,0.0325
5,rms,1014,0.032259
5,rms,1015,0.032259
5,rms,1016,0.032222
5,rms,1017,0.032685
5,rms,1018,0.032203
5,rms,1019,0.032223
5,rms,1020,0.033
5,rms,1021,0.032407
5,rms,1022,0.032204
5,rms,1023,0.032278
5,rms,1024,0.032018
5,rms,1025,0.032203
5,rms,1026,0.0325
5,rms,1027,0.032259
5,rms,1028,0.032463
5,rms,1029,0.032518
5,rms,1030,0.032592
5,rms,1031,0.032371
5,rms,1032,0.032185
5,rms,1033,0.032648
5,rms,1034,0.032408
5,rms,1035,0.032408
5,rms,1036,0.032278
5,rms,1037,0.032426
5,rms,1038,0.037574
5,rms,1039,0.033166
5,rms,1040,0.035907
5,rms,1041,0.032833
5,rms,1042,0.032463
5,rms,1043,0.032167
5,rms,1044,0.032574
5,rms,1045,0.032759
5,rms,1046,0.032519
5,rms,1047,0.032408
5,rms,1048,0.032518
5,rms,1049,0.032926
5,rms,1050,0.032463
5,rms,1051,0.032592
5,rms,1052,0.032315
5,rms,1053,0.032519
5,rms,1054,0.032389
5,rms,1055,0.032277
5,rms,1056,0.032241
5,rms,1057,0.032537
5,rms,1058,0.032222
5,rms,1059,0.032315
5,rms,1060,0.032222
5,rms,1061,0.033
5,rms,1062,0.032796
5,rms,1063,0.032518
5,rms,1064,0.033722
5,rms,1065,0.032444
5,rms,1066,0.032555
5,rms,1067,0.032629
5,rms,1068,0.032334
5,rms,1069,0.0325
5,rms,1070,0.032407
5,rms,1071,0.032648
5,rms,1072,0.032389
5,rms,1073,0.032925
5,rms,1074,0.032278
5,rms,1075,0.032407
5,rms,1076,0.032444
5,rms,1077,0.032723
5,rms,1078,0.032666
5,rms,1079,0.032352
5,rms,1080,0.032463
5,rms,1081,0.032463
5,rms,1082,0.032555
5,rms,1083,0.032222
5,rms,1084,0.032278
5,rms,1085,0.032519
5,rms,1086,0.032278
5,rms,1087,0.032222
5,rms,1088,0.032926
5,rms,1089,0.033055
5,rms,1090,0.033444
5,rms,1091,0.032389
5,rms,1092,0.032185
5,rms,1093,0.03237
5,rms,1094,0.032612
5,rms,1095,0.032574
5,rms,1096,0.032556
5,rms,1097,0.032944
5,rms,1098,0.032648
5,rms,1099,0.032352
5,rms,1100,0.03237
5,rms,1101,0.032574
5,rms,1102,0.032611
5,rms,1103,0.032649
5,rms,1104,0.032315
5,rms,1105,0.032444
5,rms,1106,0.033037
5,rms,1107,0.032648
5,rms,1108,0.032296
5,rms,1109,0.033519
5,rms,1110,0.032371
5,rms,1111,0.033
5,rms,1112,0.033241
5,rms,1113,0.032537
5,rms,1114,0.032482
5,rms,1115,0.032463
5,rms,1116,0.032259
5,rms,1117,0.032537
5,rms,1118,0.032629
5,rms,1119,0.032519
5,rms,1120,0.032445
5,rms,1121,0.033259
5,rms,1122,0.033444
5,rms,1123,0.032963
5,rms,1124,0.032888
5,rms,1125,0.03224
5,rms,1126,0.032351
5,rms,1127,0.032981
5,rms,1128,0.032352
5,rms,1129,0.032333
5,rms,1130,0.032481
5,rms,1131,0.032593
5,rms,1132,0.032408
5,rms,1133,0.032667
5,rms,1134,0.032296
5,rms,1135,0.032574
5,rms,1136,0.032315
5,rms,1137,0.032315
5,rms,1138,0.032444
5,rms,1139,0.032537
5,rms,1140,0.032334
5,rms,1141,0.032649
5,rms,1142,0.033
5,rms,1143,0.033129
5,rms,1144,0.032852
5,rms,1145,0.032667
5,rms,1146,0.032389
5,rms,1147,0.033407
5,rms,1148,0.032407
5,rms,1149,0.032704
5,rms,1150,0.032611
5,rms,1151,0.0325
5,rms,1152,0.032278
5,rms,1153,0.032611
5,rms,1154,0.032315
5,rms,1155,0.032463
5,rms,1156,0.032315
5,rms,1157,0.04113
5,rms,1158,0.035
5,rms,1159,0.032871
5,rms,1160,0.032871
5,rms,1161,0.032685
5,rms,1162,0.032482
5,rms,1163,0.032463
5,rms,1164,0.032315
5,rms,1165,0.033241
5,rms,1166,0.032777
5,rms,1167,0.036852
5,rms,1168,0.032685
5,rms,1169,0.032463
5,rms,1170,0.033389
5,rms,1171,0.033814
5,rms,1172,0.032408
5,rms,1173,0.032463
5,rms,1174,0.032297
5,rms,1175,0.032389
5,rms,1176,0.032704
5,rms,1177,0.032778
5,rms,1178,0.032333
5,rms,1179,0.032667
5,rms,1180,0.032352
5,rms,1181,0.032463
5,rms,1182,0.032537
5,rms,1183,0.032425
5,rms,1184,0.032426
5,rms,1185,0.032407
5,rms,1186,0.032426
5,rms,1187,0.032444
5,rms,1188,0.032444
5,rms,1189,0.033204
5,rms,1190,0.032259
5,rms,1191,0.032611
5,rms,1192,0.032555
5,rms,1193,0.033574
5,rms,1194,0.032223
5,rms,1195,0.032315
5,rms,1196,0.032852
5,rms,1197,0.032352
5,rms,1198,0.032278
5,rms,1199,0.032203
5,rms,1200,0.032296
5,rms,1201,0.032352
5,rms,1202,0.03213
5,rms,1203,0.032389
5,rms,1204,0.03213
5,rms,1205,0.032537
5,rms,1206,0.032277
5,rms,1207,0.032426
5,rms,1208,0.032112
5,rms,1209,0.032797
5,rms,1210,0.032222
5,rms,1211,0.032407
5,rms,1212,0.032056
5,rms,1213,0.032426
5,rms,1214,0.032259
5,rms,1215,0.032315
5,rms,1216,0.032018
5,rms,1217,0.032445
5,rms,1218,0.032167
5,rms,1219,0.032259
5,rms,1220,0.032093
5,rms,1221,0.032333
5,rms,1222,0.032296
5,rms,1223,0.032519
5,rms,1224,0.032297
5,rms,1225,0.033037
5,rms,1226,0.032334
5,rms,1227,0.032482
5,rms,1228,0.032037
5,rms,1229,0.032333
5,rms,1230,0.032167
5,rms,1231,0.03226
5,rms,1232,0.03237
5,rms,1233,0.032815
5,rms,1234,0.032222
5,rms,1235,0.032222
5,rms,1236,0.032444
5,rms,1237,0.032648
5,rms,1238,0.032389
5,rms,1239,0.032556
5,rms,1240,0.032352
5,rms,1241,0.032407
5,rms,1242,0.032296
5,rms,1243,0.032666
5,rms,1244,0.03213
5,rms,1245,0.032203
5,rms,1246,0.0325
5,rms,1247,0.033426
5,rms,1248,0.032667
5,rms,1249,0.033148
5,rms,1250,0.032685
5,rms,1251,0.032351
5,rms,1252,0.032371
5,rms,1253,0.032444
5,rms,1254,0.032463
5,rms,1255,0.032426
5,rms,1256,0.03263
5,rms,1257,0.033037
5,rms,1258,0.032445
5,rms,1259,0.032129
5,rms,1260,0.032278
5,rms,1261,0.032815
5,rms,1262,0.032388
5,rms,1263,0.032407
5,rms,1264,0.032333
5,rms,1265,0.03237
5,rms,1266,0.03224
5,rms,1267,0.033352
5,rms,1268,0.032796
5,rms,1269,0.032926
5,rms,1270,0.033297
5,rms,1271,0.032111
5,rms,1272,0.032462
5,rms,1273,0.032203
5,rms,1274,0.032481
5,rms,1275,0.032555
5,rms,1276,0.032908
5,rms,1277,0.041092
5,rms,1278,0.033741
5,rms,1279,0.033666
5,rms,1280,0.032148
5,rms,1281,0.032778
5,rms,1282,0.032203
5,rms,1283,0.032278
5,rms,1284,0.032
5,rms,1285,0.032371
5,rms,1286,0.032334
5,rms,1287,0.032352
5,rms,1288,0.031834
5,rms,1289,0.032296
5,rms,1290,0.032889
5,rms,1291,0.032277
5,rms,1292,0.032259
5,rms,1293,0.032408
5,rms,1294,0.03774
5,rms,1295,0.032537
5,rms,1296,0.032407
5,rms,1297,0.032426
5,rms,1298,0.03237
5,rms,1299,0.032185
5,rms,1300,0.032185
5,rms,1301,0.032629
5,rms,1302,0.032093
5,rms,1303,0.032204
5,rms,1304,0.032055
5,rms,1305,0.032444
5,rms,1306,0.032315
5,rms,1307,0.032167
5,rms,1308,0.032389
5,rms,1309,0.032611
5,rms,1310,0.032611
5,rms,1311,0.032222
5,rms,1312,0.032389
5,rms,1313,0.032241
5,rms,1314,0.032352
5,rms,1315,0.031944
5,rms,1316,0.032167
5,rms,1317,0.032389
5,rms,1318,0.032296
5,rms,1319,0.032407
5,rms,1320,0.032463
5,rms,1321,0.032852
5,rms,1322,0.032278
5,rms,1323,0.032556
5,rms,1324,0.032296
5,rms,1325,0.032241
5,rms,1326,0.032204
5,rms,1327,0.03224
5,rms,1328,0.032334
5,rms,1329,0.032278
5,rms,1330,0.032537
5,rms,1331,0.032315
5,rms,1332,0.032278
5,rms,1333,0.032186
5,rms,1334,0.032241
5,rms,1335,0.032352
5,rms,1336,0.032333
5,rms,1337,0.032444
5,rms,1338,0.032222
5,rms,1339,0.032185
5,rms,1340,0.032518
5,rms,1341,0.037741
5,rms,1342,0.040686
5,rms,1343,0.038222
5,rms,1344,0.038352
5,rms,1345,0.037463
5,rms,1346,0.039999
5,rms,1347,0.033426
5,rms,1348,0.032074
5,rms,1349,0.032314
5,rms,1350,0.033241
5,rms,1351,0.033296
5,rms,1352,0.033703
5,rms,1353,0.032482
5,rms,1354,0.032519
5,rms,1355,0.03224
5,rms,1356,0.032203
5,rms,1357,0.032592
5,rms,1358,0.032908
5,rms,1359,0.032352
5,rms,1360,0.032445
5,rms,1361,0.032407
5,rms,1362,0.032426
5,rms,1363,0.032333
5,rms,1364,0.0325
5,rms,1365,0.032462
5,rms,1366,0.032296
5,rms,1367,0.032167
5,rms,1368,0.032203
5,rms,1369,0.032334
5,rms,1370,0.032241
5,rms,1371,0.032203
5,rms,1372,0.032203
5,rms,1373,0.032315
5,rms,1374,0.03274
5,rms,1375,0.032537
5,rms,1376,0.032703
5,rms,1377,0.033204
5,rms,1378,0.033389
5,rms,1379,0.03237
5,rms,1380,0.03313
5,rms,1381,0.034019
5,rms,1382,0.032519
5,rms,1383,0.032593
5,rms,1384,0.033074
5,rms,1385,0.032444
5,rms,1386,0.032408
5,rms,1387,0.0325
5,rms,1388,0.032407
5,rms,1389,0.03263
5,rms,1390,0.032463
5,rms,1391,0.032648
5,rms,1392,0.032315
5,rms,1393,0.032963
5,rms,1394,0.032518
5,rms,1395,0.043408
5,rms,1396,0.036926
5,rms,1397,0.03337
5,rms,1398,0.032519
5,rms,1399,0.032277
5,rms,1400,0.032463
5,rms,1401,0.032796
5,rms,1402,0.032648
5,rms,1403,0.032314
5,rms,1404,0.032815
5,rms,1405,0.033463
5,rms,1406,0.03313
5,rms,1407,0.032815
5,rms,1408,0.034037
5,rms,1409,0.0325
5,rms,1410,0.032704
5,rms,1411,0.033185
5,rms,1412,0.032333
5,rms,1413,0.0325
5,rms,1414,0.032852
5,rms,1415,0.032592
5,rms,1416,0.032389
5,rms,1417,0.032888
5,rms,1418,0.033482
5,rms,1419,0.032981
5,rms,1420,0.033186
5,rms,1421,0.036907
5,rms,1422,0.033944
5,rms,1423,0.0325
5,rms,1424,0.032537
5,rms,1425,0.032944
5,rms,1426,0.032518
5,rms,1427,0.032666
5,rms,1428,0.03274
5,rms,1429,0.032814
5,rms,1430,0.032482
5,rms,1431,0.032315
5,rms,1432,0.032351
5,rms,1433,0.032333
5,rms,1434,0.03287
5,rms,1435,0.032389
5,rms,1436,0.032296
5,rms,1437,0.032333
5,rms,1438,0.033389
5,rms,1439,0.032611
5,rms,1440,0.033889
5,rms,1441,0.033055
5,rms,1442,0.032556
5,rms,1443,0.03213
5,rms,1444,0.032278
5,rms,1445,0.032426
5,rms,1446,0.032352
5,rms,1447,0.03226
5,rms,1448,0.032371
5,rms,1449,0.032388
5,rms,1450,0.032389
5,rms,1451,0.032648
5,rms,1452,0.032352
5,rms,1453,0.032741
5,rms,1454,0.032463
5,rms,1455,0.032611
5,rms,1456,0.032537
5,rms,1457,0.032389
5,rms,1458,0.032797
5,rms,1459,0.032111
5,rms,1460,0.032518
5,rms,1461,0.032407
5,rms,1462,0.032685
5,rms,1463,0.032259
5,rms,1464,0.033185
5,rms,1465,0.033851
5,rms,1466,0.032722
5,rms,1467,0.032408
5,rms,1468,0.032426
5,rms,1469,0.033407
5,rms,1470,0.032704
5,rms,1471,0.032315
5,rms,1472,0.032389
5,rms,1473,0.032371
5,rms,1474,0.032371
5,rms,1475,0.032445
5,rms,1476,0.032537
5,rms,1477,0.032722
5,rms,1478,0.032445
5,rms,1479,0.032149
5,rms,1480,0.032481
5,rms,1481,0.0325
5,rms,1482,0.032519
5,rms,1483,0.032315
5,rms,1484,0.032444
5,rms,1485,0.032519
5,rms,1486,0.033
5,rms,1487,0.032352
5,rms,1488,0.032407
5,rms,1489,0.033797
5,rms,1490,0.032351
5,rms,1491,0.032185
5,rms,1492,0.03276
5,rms,1493,0.032666
5,rms,1494,0.032426
5,rms,1495,0.032408
5,rms,1496,0.032426
5,rms,1497,0.032592
5,rms,1498,0.032463
5,rms,1499,0.032871
5,rms,1500,0.032112
5,rms,1501,0.032796
5,rms,1502,0.032352
5,rms,1503,0.032518
5,rms,1504,0.03226
5,rms,1505,0.033278
5,rms,1506,0.032444
5,rms,1507,0.03313
5,rms,1508,0.033278
5,rms,1509,0.032444
5,rms,1510,0.032074
5,rms,1511,0.032537
5,rms,1512,0.032462
5,rms,1513,0.032463
5,rms,1514,0.040019
5,rms,1515,0.033463
5,rms,1516,0.032611
5,rms,1517,0.032315
5,rms,1518,0.0325
5,rms,1519,0.032334
5,rms,1520,0.032629
5,rms,1521,0.033278
5,rms,1522,0.032759
5,rms,1523,0.033537
5,rms,1524,0.032203
5,rms,1525,0.032481
5,rms,1526,0.032444
5,rms,1527,0.032611
5,rms,1528,0.032667
5,rms,1529,0.032555
5,rms,1530,0.032519
5,rms,1531,0.032351
5,rms,1532,0.03237
5,rms,1533,0.032407
5,rms,1534,0.032537
5,rms,1535,0.032333
5,rms,1536,0.032352
5,rms,1537,0.032352
5,rms,1538,0.03263
5,rms,1539,0.0325
5,rms,1540,0.032666
5,rms,1541,0.032463
5,rms,1542,0.032666
5,rms,1543,0.033259
5,rms,1544,0.033425
5,rms,1545,0.032352
5,rms,1546,0.032333
5,rms,1547,0.03213
5,rms,1548,0.038241
5,rms,1549,0.032963
5,rms,1550,0.032148
5,rms,1551,0.032389
5,rms,1552,0.033482
5,rms,1553,0.032222
5,rms,1554,0.032352
5,rms,1555,0.032555
5,rms,1556,0.032314
5,rms,1557,0.032612
5,rms,1558,0.03287
5,rms,1559,0.032574
5,rms,1560,0.032963
5,rms,1561,0.033796
5,rms,1562,0.032445
5,rms,1563,0.032407
5,rms,1564,0.03226
5,rms,1565,0.032944
5,rms,1566,0.032593
5,rms,1567,0.032352
5,rms,1568,0.032666
5,rms,1569,0.032204
5,rms,1570,0.032481
5,rms,1571,0.03224
5,rms,1572,0.032426
5,rms,1573,0.032241
5,rms,1574,0.032704
5,rms,1575,0.032277
5,rms,1576,0.032296
5,rms,1577,0.032185
5,rms,1578,0.03224
5,rms,1579,0.033
5,rms,1580,0.032148
5,rms,1581,0.032352
5,rms,1582,0.032556
5,rms,1583,0.032407
5,rms,1584,0.032389
5,rms,1585,0.032444
5,rms,1586,0.032463
5,rms,1587,0.03276
5,rms,1588,0.032907
5,rms,1589,0.033018
5,rms,1590,0.032704
5,rms,1591,0.033166
5,rms,1592,0.033833
5,rms,1593,0.032444
5,rms,1594,0.032574
5,rms,1595,0.032593
5,rms,1596,0.032685
5,rms,1597,0.032889
5,rms,1598,0.032296
5,rms,1599,0.032426
5,rms,1600,0.032592
5,rms,1601,0.032574
5,rms,1602,0.032685
5,rms,1603,0.032685
5,rms,1604,0.032278
5,rms,1605,0.032556
5,rms,1606,0.03263
5,rms,1607,0.033185
5,rms,1608,0.033777
5,rms,1609,0.032407
5,rms,1610,0.032222
5,rms,1611,0.032463
5,rms,1612,0.032482
5,rms,1613,0.032537
5,rms,1614,0.032241
5,rms,1615,0.032463
5,rms,1616,0.032685
5,rms,1617,0.032463
5,rms,1618,0.032407
5,rms,1619,0.032259
5,rms,1620,0.032277
5,rms,1621,0.032518
5,rms,1622,0.032333
5,rms,1623,0.032315
5,rms,1624,0.032703
5,rms,1625,0.032314
5,rms,1626,0.032352
5,rms,1627,0.032685
5,rms,1628,0.032556
5,rms,1629,0.032426
5,rms,1630,0.03263
5,rms,1631,0.032315
5,rms,1632,0.033167
5,rms,1633,0.037314
5,rms,1634,0.034334
5,rms,1635,0.033648
5,rms,1636,0.032685
5,rms,1637,0.033056
5,rms,1638,0.032296
5,rms,1639,0.03213
5,rms,1640,0.032296
5,rms,1641,0.03237
5,rms,1642,0.032611
5,rms,1643,0.032333
5,rms,1644,0.032148
5,rms,1645,0.032574
5,rms,1646,0.032445
5,rms,1647,0.032444
5,rms,1648,0.032296
5,rms,1649,0.033056
5,rms,1650,0.03287
5,rms,1651,0.032407
5,rms,1652,0.032037
5,rms,1653,0.032537
5,rms,1654,0.032611
5,rms,1655,0.033482
5,rms,1656,0.033
5,rms,1657,0.033777
5,rms,1658,0.032556
5,rms,1659,0.032259
5,rms,1660,0.032333
5,rms,1661,0.033278
5,rms,1662,0.032518
5,rms,1663,0.032334
5,rms,1664,0.032297
5,rms,1665,0.032778
5,rms,1666,0.032463
5,rms,1667,0.032148
5,rms,1668,0.032148
5,rms,1669,0.032297
5,rms,1670,0.032259
5,rms,1671,0.032445
5,rms,1672,0.032278
5,rms,1673,0.032593
5,rms,1674,0.032426
5,rms,1675,0.036278
5,rms,1676,0.032259
5,rms,1677,0.032611
5,rms,1678,0.032426
5,rms,1679,0.03237
5,rms,1680,0.032334
5,rms,1681,0.032574
5,rms,1682,0.032667
5,rms,1683,0.032352
5,rms,1684,0.032037
5,rms,1685,0.032759
5,rms,1686,0.032574
5,rms,1687,0.032555
5,rms,1688,0.032574
5,rms,1689,0.03263
5,rms,1690,0.032518
5,rms,1691,0.032314
5,rms,1692,0.032314
5,rms,1693,0.032482
5,rms,1694,0.032593
5,rms,1695,0.03313
5,rms,1696,0.033907
5,rms,1697,0.032537
5,rms,1698,0.032574
5,rms,1699,0.032148
5,rms,1700,0.032426
5,rms,1701,0.0325
5,rms,1702,0.032334
5,rms,1703,0.032241
5,rms,1704,0.032222
5,rms,1705,0.032241
5,rms,1706,0.032241
5,rms,1707,0.03263
5,rms,1708,0.032259
5,rms,1709,0.032611
5,rms,1710,0.032556
5,rms,1711,0.032407
5,rms,1712,0.032223
5,rms,1713,0.032315
5,rms,1714,0.032333
5,rms,1715,0.032203
5,rms,1716,0.032926
5,rms,1717,0.033185
5,rms,1718,0.0325
5,rms,1719,0.032204
5,rms,1720,0.032685
5,rms,1721,0.032333
5,rms,1722,0.032296
5,rms,1723,0.032518
5,rms,1724,0.032407
5,rms,1725,0.033797
5,rms,1726,0.033852
5,rms,1727,0.032241
5,rms,1728,0.032129
5,rms,1729,0.032611
5,rms,1730,0.032297
5,rms,1731,0.032222
5,rms,1732,0.032519
5,rms,1733,0.032593
5,rms,1734,0.032296
5,rms,1735,0.032426
5,rms,1736,0.032222
5,rms,1737,0.032908
5,rms,1738,0.032334
5,rms,1739,0.032297
5,rms,1740,0.032296
5,rms,1741,0.032296
5,rms,1742,0.032611
5,rms,1743,0.032129
5,rms,1744,0.032074
5,rms,1745,0.032482
5,rms,1746,0.032407
5,rms,1747,0.0325
5,rms,1748,0.032204
5,rms,1749,0.032463
5,rms,1750,0.032575
5,rms,1751,0.032407
5,rms,1752,0.032277
5,rms,1753,0.041537
5,rms,1754,0.034167
5,rms,1755,0.032963
5,rms,1756,0.032352
5,rms,1757,0.03263
5,rms,1758,0.032648
5,rms,1759,0.032648
5,rms,1760,0.032648
5,rms,1761,0.032389
5,rms,1762,0.032574
5,rms,1763,0.032278
5,rms,1764,0.032371
5,rms,1765,0.032481
5,rms,1766,0.032648
5,rms,1767,0.032796
5,rms,1768,0.032259
5,rms,1769,0.032389
5,rms,1770,0.032667
5,rms,1771,0.032074
5,rms,1772,0.032259
5,rms,1773,0.032425
5,rms,1774,0.032352
5,rms,1775,0.032278
5,rms,1776,0.032241
5,rms,1777,0.032241
5,rms,1778,0.032389
5,rms,1779,0.032463
5,rms,1780,0.032185
5,rms,1781,0.032481
5,rms,1782,0.032352
5,rms,1783,0.032444
5,rms,1784,0.032074
5,rms,1785,0.032241
5,rms,1786,0.032407
5,rms,1787,0.032593
5,rms,1788,0.032407
5,rms,1789,0.033407
5,rms,1790,0.03363
5,rms,1791,0.032444
5,rms,1792,0.032426
5,rms,1793,0.032629
5,rms,1794,0.032796
5,rms,1795,0.032926
5,rms,1796,0.032278
5,rms,1797,0.032463
5,rms,1798,0.032703
5,rms,1799,0.032074
5,rms,1800,0.032037
5,rms,1801,0.032426
5,rms,1802,0.036703
5,rms,1803,0.032778
5,rms,1804,0.032129
5,rms,1805,0.032648
5,isolation_forest,1,12.825946
5,isolation_forest,2,17.769088
5,isolation_forest,3,15.014369
5,isolation_forest,4,14.092481
5,isolation_forest,5,13.304223
5,isolation_forest,6,13.141982
5,isolation_forest,7,13.036835
5,isolation_forest,8,12.946964
5,isolation_forest,9,14.238721
5,isolation_forest,10,15.345702
5,isolation_forest,11,14.364795
5,isolation_forest,12,13.779722
5,isolation_forest,13,13.09852
5,isolation_forest,14,13.003687
5,isolation_forest,15,12.967297
5,isolation_forest,16,13.044187
5,isolation_forest,17,12.983853
5,isolation_forest,18,12.976279
5,isolation_forest,19,13.006927
5,isolation_forest,20,12.92702
5,isolation_forest,21,12.859242
5,isolation_forest,22,12.850298
5,isolation_forest,23,12.766187
5,isolation_forest,24,12.817279
5,isolation_forest,25,12.978205
5,isolation_forest,26,12.944372
5,isolation_forest,27,12.886816
5,isolation_forest,28,12.862243
5,isolation_forest,29,12.807465
5,isolation_forest,30,12.823113
5,isolation_forest,31,12.882834
5,isolation_forest,32,12.879149
5,isolation_forest,33,12.868131
5,isolation_forest,34,12.756168
5,isolation_forest,35,12.810927
5,isolation_forest,36,12.746724
5,isolation_forest,37,12.941817
5,isolation_forest,38,12.895834
5,isolation_forest,39,12.864112
5,isolation_forest,40,12.948539
5,isolation_forest,41,13.503223
5,isolation_forest,42,14.115592
5,isolation_forest,43,13.152779
5,isolation_forest,44,13.031667
5,isolation_forest,45,13.006724
5,isolation_forest,46,13.245464
5,isolation_forest,47,13.280316
5,isolation_forest,48,14.381851
5,isolation_forest,49,13.977037
5,isolation_forest,50,13.308927
5,isolation_forest,51,13.147705
5,isolation_forest,52,13.064705
5,isolation_forest,53,12.965576
5,isolation_forest,54,12.930391
5,isolation_forest,55,15.495164
5,isolation_forest,56,14.602795
5,isolation_forest,57,14.101203
5,isolation_forest,58,13.225316
5,isolation_forest,59,13.08639
5,isolation_forest,60,13.159927
5,isolation_forest,61,13.048779
5,isolation_forest,62,13.13463
5,isolation_forest,63,12.965964
5,isolation_forest,64,12.870724
5,isolation_forest,65,12.960464
5,isolation_forest,66,12.982872
5,isolation_forest,67,13.545575
5,isolation_forest,68,12.974242
5,isolation_forest,69,12.829798
5,isolation_forest,70,12.957464
5,isolation_forest,71,13.003779
5,isolation_forest,72,12.857632
5,isolation_forest,73,12.86302
5,isolation_forest,74,12.860501
5,isolation_forest,75,12.846964
5,isolation_forest,76,12.803039
5,isolation_forest,77,12.978298
5,isolation_forest,78,12.886779
5,isolation_forest,79,13.026631
5,isolation_forest,80,12.870168
5,isolation_forest,81,12.877817
5,isolation_forest,82,12.798002
5,isolation_forest,83,12.785928
5,isolation_forest,84,12.821076
5,isolation_forest,85,12.777853
5,isolation_forest,86,12.69252
5,isolation_forest,87,13.18602
5,isolation_forest,88,13.06389
5,isolation_forest,89,12.919613
5,isolation_forest,90,12.921279
5,isolation_forest,91,12.813076
5,isolation_forest,92,12.932631
5,isolation_forest,93,13.053483
5,isolation_forest,94,12.872371
5,isolation_forest,95,12.969909
5,isolation_forest,96,12.881428
5,isolation_forest,97,12.810112
5,isolation_forest,98,12.785742
5,isolation_forest,99,12.817372
5,isolation_forest,100,12.837095
5,isolation_forest,101,15.264553
5,isolation_forest,102,14.718629
5,isolation_forest,103,14.081888
5,isolation_forest,104,13.163038
5,isolation_forest,105,13.35139
5,isolation_forest,106,13.300315
5,isolation_forest,107,13.225093
5,isolation_forest,108,13.102538
5,isolation_forest,109,12.987464
5,isolation_forest,110,12.95865
5,isolation_forest,111,12.977909
5,isolation_forest,112,12.882464
5,isolation_forest,113,12.836094
5,isolation_forest,114,12.767983
5,isolation_forest,115,12.828187
5,isolation_forest,116,13.001261
5,isolation_forest,117,13.921593
5,isolation_forest,118,14.205629
5,isolation_forest,119,13.168908
5,isolation_forest,120,13.020742
5,isolation_forest,121,12.976372
5,isolation_forest,122,13.008687
5,isolation_forest,123,13.025983
5,isolation_forest,124,12.946149
5,isolation_forest,125,12.92865
5,isolation_forest,126,12.936076
5,isolation_forest,127,12.863094
5,isolation_forest,128,12.773298
5,isolation_forest,129,12.908871
5,isolation_forest,130,12.785668
5,isolation_forest,131,12.78228
5,isolation_forest,132,12.801909
5,isolation_forest,133,12.853798
5,isolation_forest,134,12.893613
5,isolation_forest,135,12.820131
5,isolation_forest,136,12.751113
5,isolation_forest,137,12.673835
5,isolation_forest,138,12.769835
5,isolation_forest,139,12.880872
5,isolation_forest,140,12.753539
5,isolation_forest,141,12.771964
5,isolation_forest,142,12.890909
5,isolation_forest,143,12.921409
5,isolation_forest,144,12.892391
5,isolation_forest,145,12.850872
5,isolation_forest,146,13.37389
5,isolation_forest,147,15.146184
5,isolation_forest,148,14.588073
5,isolation_forest,149,14.957072
5,isolation_forest,150,13.223353
5,isolation_forest,151,13.093038
5,isolation_forest,152,12.988427
5,isolation_forest,153,13.169927
5,isolation_forest,154,13.096649
5,isolation_forest,155,12.997464
5,isolation_forest,156,12.95802
5,isolation_forest,157,13.095279
5,isolation_forest,158,12.991538
5,isolation_forest,159,12.879502
5,isolation_forest,160,12.795706
5,isolation_forest,161,12.780002
5,isolation_forest,162,14.162037
5,isolation_forest,163,14.492184
5,isolation_forest,164,13.280483
5,isolation_forest,165,13.096334
5,isolation_forest,166,13.077297
5,isolation_forest,167,13.019186
5,isolation_forest,168,13.078945
5,isolation_forest,169,13.096723
5,isolation_forest,170,12.960001
5,isolation_forest,171,12.916891
5,isolation_forest,172,12.941983
5,isolation_forest,173,12.873854
5,isolation_forest,174,12.843353
5,isolation_forest,175,12.813187
5,isolation_forest,176,12.785427
5,isolation_forest,177,12.91202
5,isolation_forest,178,12.775909
5,isolation_forest,179,12.637928
5,isolation_forest,180,12.795409
5,isolation_forest,181,12.767613
5,isolation_forest,182,12.830206
5,isolation_forest,183,12.748428
5,isolation_forest,184,12.824094
5,isolation_forest,185,12.919872
5,isolation_forest,186,12.853168
5,isolation_forest,187,12.92602
5,isolation_forest,188,12.896613
5,isolation_forest,189,12.797038
5,isolation_forest,190,12.708613
5,isolation_forest,191,12.702891
5,isolation_forest,192,14.100111
5,isolation_forest,193,15.582165
5,isolation_forest,194,14.511203
5,isolation_forest,195,14.285999
5,isolation_forest,196,13.890463
5,isolation_forest,197,13.112742
5,isolation_forest,198,13.059686
5,isolation_forest,199,13.068039
5,isolation_forest,200,13.019168
5,isolation_forest,201,12.947168
5,isolation_forest,202,13.051297
5,isolation_forest,203,12.896575
5,isolation_forest,204,12.879631
5,isolation_forest,205,12.817835
5,isolation_forest,206,12.841631
5,isolation_forest,207,12.989223
5,isolation_forest,208,13.061149
5,isolation_forest,209,12.999538
5,isolation_forest,210,12.946243
5,isolation_forest,211,12.860909
5,isolation_forest,212,12.902002
5,isolation_forest,213,12.865724
5,isolation_forest,214,12.861428
5,isolation_forest,215,12.874816
5,isolation_forest,216,12.881168
5,isolation_forest,217,12.842946
5,isolation_forest,218,12.926168
5,isolation_forest,219,12.995243
5,isolation_forest,220,12.874168
5,isolation_forest,221,12.81365
5,isolation_forest,222,12.86639
5,isolation_forest,223,12.814483
5,isolation_forest,224,12.852965
5,isolation_forest,225,12.772946
5,isolation_forest,226,12.991335
5,isolation_forest,227,13.208612
5,isolation_forest,228,13.077983
5,isolation_forest,229,13.011057
5,isolation_forest,230,12.924612
5,isolation_forest,231,13.650279
5,isolation_forest,232,12.998798
5,isolation_forest,233,12.938317
5,isolation_forest,234,12.877576
5,isolation_forest,235,12.789557
5,isolation_forest,236,13.072409
5,isolation_forest,237,12.88378
5,isolation_forest,238,14.685202
5,isolation_forest,239,14.726943
5,isolation_forest,240,14.117315
5,isolation_forest,241,13.648667
5,isolation_forest,242,13.030168
5,isolation_forest,243,13.202242
5,isolation_forest,244,13.139501
5,isolation_forest,245,13.091798
5,isolation_forest,246,13.010446
5,isolation_forest,247,12.903502
5,isolation_forest,248,12.969687
5,isolation_forest,249,13.002131
5,isolation_forest,250,12.881816
5,isolation_forest,251,12.905631
5,isolation_forest,252,12.833187
5,isolation_forest,253,12.907316
5,isolation_forest,254,12.933724
5,isolation_forest,255,12.97826
5,isolation_forest,256,12.914409
5,isolation_forest,257,12.84465
5,isolation_forest,258,12.848409
5,isolation_forest,259,12.891649
5,isolation_forest,260,12.937983
5,isolation_forest,261,12.79765
5,isolation_forest,262,12.815872
5,isolation_forest,263,12.793687
5,isolation_forest,264,12.829353
5,isolation_forest,265,12.738854
5,isolation_forest,266,12.70189
5,isolation_forest,267,12.737335
5,isolation_forest,268,12.666483
5,isolation_forest,269,12.704965
5,isolation_forest,270,13.656908
5,isolation_forest,271,13.840074
5,isolation_forest,272,13.110001
5,isolation_forest,273,13.097335
5,isolation_forest,274,14.470684
5,isolation_forest,275,13.843927
5,isolation_forest,276,14.088463
5,isolation_forest,277,14.045666
5,isolation_forest,278,13.316519
5,isolation_forest,279,13.14789
5,isolation_forest,280,13.291594
5,isolation_forest,281,13.14689
5,isolation_forest,282,13.097057
5,isolation_forest,283,13.710279
5,isolation_forest,284,15.163017
5,isolation_forest,285,16.759144
5,isolation_forest,286,15.009036
5,isolation_forest,287,13.377093
5,isolation_forest,288,13.163131
5,isolation_forest,289,13.091113
5,isolation_forest,290,13.090556
5,isolation_forest,291,13.065853
5,isolation_forest,292,13.044965
5,isolation_forest,293,13.207723
5,isolation_forest,294,17.92668
5,isolation_forest,295,13.737981
5,isolation_forest,296,13.498019
5,isolation_forest,297,13.348352
5,isolation_forest,298,13.454593
5,isolation_forest,299,13.434982
5,isolation_forest,300,13.252723
5,isolation_forest,301,13.167687
5,isolation_forest,302,13.068649
5,isolation_forest,303,13.10826
5,isolation_forest,304,13.078446
5,isolation_forest,305,13.29439
5,isolation_forest,306,13.254464
5,isolation_forest,307,12.990632
5,isolation_forest,308,13.005317
5,isolation_forest,309,13.00739
5,isolation_forest,310,13.232853
5,isolation_forest,311,13.206723
5,isolation_forest,312,13.273112
5,isolation_forest,313,13.847741
5,isolation_forest,314,13.024909
5,isolation_forest,315,12.969317
5,isolation_forest,316,12.915372
5,isolation_forest,317,12.911743
5,isolation_forest,318,12.872113
5,isolation_forest,319,12.863594
5,isolation_forest,320,12.891094
5,isolation_forest,321,12.863483
5,isolation_forest,322,12.815058
5,isolation_forest,323,12.934149
5,isolation_forest,324,12.84939
5,isolation_forest,325,12.863206
5,isolation_forest,326,12.816464
5,isolation_forest,327,12.742335
5,isolation_forest,328,14.526518
5,isolation_forest,329,14.880573
5,isolation_forest,330,14.391889
5,isolation_forest,331,13.745019
5,isolation_forest,332,13.120094
5,isolation_forest,333,13.089649
5,isolation_forest,334,13.009076
5,isolation_forest,335,13.036002
5,isolation_forest,336,13.02939
5,isolation_forest,337,13.00289
5,isolation_forest,338,12.941724
5,isolation_forest,339,14.247018
5,isolation_forest,340,13.545722
5,isolation_forest,341,13.255612
5,isolation_forest,342,13.126409
5,isolation_forest,343,13.204816
5,isolation_forest,344,13.632574
5,isolation_forest,345,13.951537
5,isolation_forest,346,13.168075
5,isolation_forest,347,13.152316
5,isolation_forest,348,13.10315
5,isolation_forest,349,12.940872
5,isolation_forest,350,13.022057
5,isolation_forest,351,12.917409
5,isolation_forest,352,12.872242
5,isolation_forest,353,12.817353
5,isolation_forest,354,12.777372
5,isolation_forest,355,12.836539
5,isolation_forest,356,12.731558
5,isolation_forest,357,12.753057
5,isolation_forest,358,12.732761
5,isolation_forest,359,12.812465
5,isolation_forest,360,12.795094
5,isolation_forest,361,12.761928
5,isolation_forest,362,12.797131
5,isolation_forest,363,12.755353
5,isolation_forest,364,12.774798
5,isolation_forest,365,12.701298
5,isolation_forest,366,12.813761
5,isolation_forest,367,12.779965
5,isolation_forest,368,12.760686
5,isolation_forest,369,12.887538
5,isolation_forest,370,13.05989
5,isolation_forest,371,12.915317
5,isolation_forest,372,12.861817
5,isolation_forest,373,12.811835
5,isolation_forest,374,15.001536
5,isolation_forest,375,14.699925
5,isolation_forest,376,14.03863
5,isolation_forest,377,13.199408
5,isolation_forest,378,13.047668
5,isolation_forest,379,13.060483
5,isolation_forest,380,13.052038
5,isolation_forest,381,13.052354
5,isolation_forest,382,12.969983
5,isolation_forest,383,12.974613
5,isolation_forest,384,13.193798
5,isolation_forest,385,13.091872
5,isolation_forest,386,12.971224
5,isolation_forest,387,12.829353
5,isolation_forest,388,12.849483
5,isolation_forest,389,13.594167
5,isolation_forest,390,14.348685
5,isolation_forest,391,13.880611
5,isolation_forest,392,13.205982
5,isolation_forest,393,13.045723
5,isolation_forest,394,13.104205
5,isolation_forest,395,13.787037
5,isolation_forest,396,13.10326
5,isolation_forest,397,13.92126
5,isolation_forest,398,13.505056
5,isolation_forest,399,13.222057
5,isolation_forest,400,13.28989
5,isolation_forest,401,13.176261
5,isolation_forest,402,13.043169
5,isolation_forest,403,13.054706
5,isolation_forest,404,13.000539
5,isolation_forest,405,12.958631
5,isolation_forest,406,12.933835
5,isolation_forest,407,13.016965
5,isolation_forest,408,12.91902
5,isolation_forest,409,12.905131
5,isolation_forest,410,12.868057
5,isolation_forest,411,13.037631
5,isolation_forest,412,12.962965
5,isolation_forest,413,12.901112
5,isolation_forest,414,12.992705
5,isolation_forest,415,12.928834
5,isolation_forest,416,12.830539
5,isolation_forest,417,13.510186
5,isolation_forest,418,13.4755
5,isolation_forest,419,15.262239
5,isolation_forest,420,15.685386
5,isolation_forest,421,14.52574
5,isolation_forest,422,14.438444
5,isolation_forest,423,14.227537
5,isolation_forest,424,13.258538
5,isolation_forest,425,13.090446
5,isolation_forest,426,13.08652
5,isolation_forest,427,13.175816
5,isolation_forest,428,13.139798
5,isolation_forest,429,13.058687
5,isolation_forest,430,12.96902
5,isolation_forest,431,12.939113
5,isolation_forest,432,12.953168
5,isolation_forest,433,12.895558
5,isolation_forest,434,13.030279
5,isolation_forest,435,12.982871
5,isolation_forest,436,13.026519
5,isolation_forest,437,13.011168
5,isolation_forest,438,12.932798
5,isolation_forest,439,12.868743
5,isolation_forest,440,12.794168
5,isolation_forest,441,12.927965
5,isolation_forest,442,12.934038
5,isolation_forest,443,12.845372
5,isolation_forest,444,12.764631
5,isolation_forest,445,12.956132
5,isolation_forest,446,12.976613
5,isolation_forest,447,12.883168
5,isolation_forest,448,13.490353
5,isolation_forest,449,13.660167
5,isolation_forest,450,13.329538
5,isolation_forest,451,13.255908
5,isolation_forest,452,13.105353
5,isolation_forest,453,13.026724
5,isolation_forest,454,12.969594
5,isolation_forest,455,12.959076
5,isolation_forest,456,13.046909
5,isolation_forest,457,12.968779
5,isolation_forest,458,12.953076
5,isolation_forest,459,12.962316
5,isolation_forest,460,12.940501
5,isolation_forest,461,12.900132
5,isolation_forest,462,12.807446
5,isolation_forest,463,12.814595
5,isolation_forest,464,13.538556
5,isolation_forest,465,15.096295
5,isolation_forest,466,14.655666
5,isolation_forest,467,14.086186
5,isolation_forest,468,13.226242
5,isolation_forest,469,13.00326
5,isolation_forest,470,12.920428
5,isolation_forest,471,12.920668
5,isolation_forest,472,13.002205
5,isolation_forest,473,12.883853
5,isolation_forest,474,12.883668
5,isolation_forest,475,12.956835
5,isolation_forest,476,12.933002
5,isolation_forest,477,13.623686
5,isolation_forest,478,12.914113
5,isolation_forest,479,13.006817
5,isolation_forest,480,13.097057
5,isolation_forest,481,13.042168
5,isolation_forest,482,12.887521
5,isolation_forest,483,12.994761
5,isolation_forest,484,13.190797
5,isolation_forest,485,13.224742
5,isolation_forest,486,12.984224
5,isolation_forest,487,13.08639
5,isolation_forest,488,12.990464
5,isolation_forest,489,12.935872
5,isolation_forest,490,12.87102
5,isolation_forest,491,13.001279
5,isolation_forest,492,12.845927
5,isolation_forest,493,12.833502
5,isolation_forest,494,12.771205
5,isolation_forest,495,12.958538
5,isolation_forest,496,13.485371
5,isolation_forest,497,14.031333
5,isolation_forest,498,13.205686
5,isolation_forest,499,13.023501
5,isolation_forest,500,12.918224
5,isolation_forest,501,12.99515
5,isolation_forest,502,13.062316
5,isolation_forest,503,14.071149
5,isolation_forest,504,14.251926
5,isolation_forest,505,13.313372
5,isolation_forest,506,13.052242
5,isolation_forest,507,13.124502
5,isolation_forest,508,12.99852
5,isolation_forest,509,12.966391
5,isolation_forest,510,15.174017
5,isolation_forest,511,14.689851
5,isolation_forest,512,14.056463
5,isolation_forest,513,13.247186
5,isolation_forest,514,13.122668
5,isolation_forest,515,13.116649
5,isolation_forest,516,12.941186
5,isolation_forest,517,13.094816
5,isolation_forest,518,13.071371
5,isolation_forest,519,13.002854
5,isolation_forest,520,12.869909
5,isolation_forest,521,13.242242
5,isolation_forest,522,13.062464
5,isolation_forest,523,12.977353
5,isolation_forest,524,12.922817
5,isolation_forest,525,13.12528
5,isolation_forest,526,13.104705
5,isolation_forest,527,12.988576
5,isolation_forest,528,12.906483
5,isolation_forest,529,13.09589
5,isolation_forest,530,12.971483
5,isolation_forest,531,12.901372
5,isolation_forest,532,12.995854
5,isolation_forest,533,13.00302
5,isolation_forest,534,12.904317
5,isolation_forest,535,12.835039
5,isolation_forest,536,12.878242
5,isolation_forest,537,12.824058
5,isolation_forest,538,12.834224
5,isolation_forest,539,12.770205
5,isolation_forest,540,12.710484
5,isolation_forest,541,12.760706
5,isolation_forest,542,12.843539
5,isolation_forest,543,12.839427
5,isolation_forest,544,12.821984
5,isolation_forest,545,12.717798
5,isolation_forest,546,12.903261
5,isolation_forest,547,12.716076
5,isolation_forest,548,12.815373
5,isolation_forest,549,12.887946
5,isolation_forest,550,12.907687
5,isolation_forest,551,12.936891
5,isolation_forest,552,12.835261
5,isolation_forest,553,12.772724
5,isolation_forest,554,12.829428
5,isolation_forest,555,12.713706
5,isolation_forest,556,14.96111
5,isolation_forest,557,14.79761
5,isolation_forest,558,14.08063
5,isolation_forest,559,14.04426
5,isolation_forest,560,13.22165
5,isolation_forest,561,13.052908
5,isolation_forest,562,13.042001
5,isolation_forest,563,13.103557
5,isolation_forest,564,13.034075
5,isolation_forest,565,12.927706
5,isolation_forest,566,12.978409
5,isolation_forest,567,13.621168
5,isolation_forest,568,13.968834
5,isolation_forest,569,14.203407
5,isolation_forest,570,13.435557
5,isolation_forest,571,13.308371
5,isolation_forest,572,14.144778
5,isolation_forest,573,13.773316
5,isolation_forest,574,13.062242
5,isolation_forest,575,13.013409
5,isolation_forest,576,13.004316
5,isolation_forest,577,13.028501
5,isolation_forest,578,12.956261
5,isolation_forest,579,12.954298
5,isolation_forest,580,12.908335
5,isolation_forest,581,12.953872
5,isolation_forest,582,12.885668
5,isolation_forest,583,12.860298
5,isolation_forest,584,12.794187
5,isolation_forest,585,12.739206
5,isolation_forest,586,12.848113
5,isolation_forest,587,12.858779
5,isolation_forest,588,12.853094
5,isolation_forest,589,12.925446
5,isolation_forest,590,12.846761
5,isolation_forest,591,12.878613
5,isolation_forest,592,12.918631
5,isolation_forest,593,12.854928
5,isolation_forest,594,12.905261
5,isolation_forest,595,12.781057
5,isolation_forest,596,12.833316
5,isolation_forest,597,13.038761
5,isolation_forest,598,12.857835
5,isolation_forest,599,12.862354
5,isolation_forest,600,12.90365
5,isolation_forest,601,14.039389
5,isolation_forest,602,15.44061
5,isolation_forest,603,14.423925
5,isolation_forest,604,13.693131
5,isolation_forest,605,13.085261
5,isolation_forest,606,13.134168
5,isolation_forest,607,12.930502
5,isolation_forest,608,12.974761
5,isolation_forest,609,12.979965
5,isolation_forest,610,12.948668
5,isolation_forest,611,12.915705
5,isolation_forest,612,12.880427
5,isolation_forest,613,12.794243
5,isolation_forest,614,12.791761
5,isolation_forest,615,12.815354
5,isolation_forest,616,12.803335
5,isolation_forest,617,14.124482
5,isolation_forest,618,14.360981
5,isolation_forest,619,13.225465
5,isolation_forest,620,13.086724
5,isolation_forest,621,13.027668
5,isolation_forest,622,13.019224
5,isolation_forest,623,13.292187
5,isolation_forest,624,13.046335
5,isolation_forest,625,12.93378
5,isolation_forest,626,12.947668
5,isolation_forest,627,13.026557
5,isolation_forest,628,12.938928
5,isolation_forest,629,12.835261
5,isolation_forest,630,12.829613
5,isolation_forest,631,12.82728
5,isolation_forest,632,12.815205
5,isolation_forest,633,12.780373
5,isolation_forest,634,12.68389
5,isolation_forest,635,12.787094
5,isolation_forest,636,12.741928
5,isolation_forest,637,12.803613
5,isolation_forest,638,13.596982
5,isolation_forest,639,13.19326
5,isolation_forest,640,13.054817
5,isolation_forest,641,13.779001
5,isolation_forest,642,13.081705
5,isolation_forest,643,12.971316
5,isolation_forest,644,13.02702
5,isolation_forest,645,12.965058
5,isolation_forest,646,12.920835
5,isolation_forest,647,14.960203
5,isolation_forest,648,15.112018
5,isolation_forest,649,14.212518
5,isolation_forest,650,13.970537
5,isolation_forest,651,13.784778
5,isolation_forest,652,13.109817
5,isolation_forest,653,13.037465
5,isolation_forest,654,13.046724
5,isolation_forest,655,13.048205
5,isolation_forest,656,12.906798
5,isolation_forest,657,12.987298
5,isolation_forest,658,12.891854
5,isolation_forest,659,12.858668
5,isolation_forest,660,12.868372
5,isolation_forest,661,12.912224
5,isolation_forest,662,12.975372
5,isolation_forest,663,13.028409
5,isolation_forest,664,12.992983
5,isolation_forest,665,13.369446
5,isolation_forest,666,13.297168
5,isolation_forest,667,13.08202
5,isolation_forest,668,12.923539
5,isolation_forest,669,12.934409
5,isolation_forest,670,12.910039
5,isolation_forest,671,12.810724
5,isolation_forest,672,12.828854
5,isolation_forest,673,12.950984
5,isolation_forest,674,12.987409
5,isolation_forest,675,12.957353
5,isolation_forest,676,12.892465
5,isolation_forest,677,12.899817
5,isolation_forest,678,12.932354
5,isolation_forest,679,12.860872
5,isolation_forest,680,13.10939
5,isolation_forest,681,13.15189
5,isolation_forest,682,12.99139
5,isolation_forest,683,13.06165
5,isolation_forest,684,13.061002
5,isolation_forest,685,13.087983
5,isolation_forest,686,13.029112
5,isolation_forest,687,12.828502
5,isolation_forest,688,12.949483
5,isolation_forest,689,12.963502
5,isolation_forest,690,12.888872
5,isolation_forest,691,12.79228
5,isolation_forest,692,13.576538
5,isolation_forest,693,14.973221
5,isolation_forest,694,14.496833
5,isolation_forest,695,13.977482
5,isolation_forest,696,13.241482
5,isolation_forest,697,13.104094
5,isolation_forest,698,13.060391
5,isolation_forest,699,13.028464
5,isolation_forest,700,13.08252
5,isolation_forest,701,13.173187
5,isolation_forest,702,12.896743
5,isolation_forest,703,12.993872
5,isolation_forest,704,12.988595
5,isolation_forest,705,12.828372
5,isolation_forest,706,12.781853
5,isolation_forest,707,12.681835
5,isolation_forest,708,12.900539
5,isolation_forest,709,13.173538
5,isolation_forest,710,13.126094
5,isolation_forest,711,12.999798
5,isolation_forest,712,12.872243
5,isolation_forest,713,13.094205
5,isolation_forest,714,13.066631
5,isolation_forest,715,12.905335
5,isolation_forest,716,12.897631
5,isolation_forest,717,12.841446
5,isolation_forest,718,12.843187
5,isolation_forest,719,12.989983
5,isolation_forest,720,12.984817
5,isolation_forest,721,12.985705
5,isolation_forest,722,12.865687
5,isolation_forest,723,13.790519
5,isolation_forest,724,13.661038
5,isolation_forest,725,14.164037
5,isolation_forest,726,13.142576
5,isolation_forest,727,13.047576
5,isolation_forest,728,13.060706
5,isolation_forest,729,13.035205
5,isolation_forest,730,12.984464
5,isolation_forest,731,14.141759
5,isolation_forest,732,14.258389
5,isolation_forest,733,13.299464
5,isolation_forest,734,13.197242
5,isolation_forest,735,13.164983
5,isolation_forest,736,13.03389
5,isolation_forest,737,12.931798
5,isolation_forest,738,15.178332
5,isolation_forest,739,14.702167
5,isolation_forest,740,14.180963
5,isolation_forest,741,13.27889
5,isolation_forest,742,13.031002
5,isolation_forest,743,12.944131
5,isolation_forest,744,12.916391
5,isolation_forest,745,12.952539
5,isolation_forest,746,12.993501
5,isolation_forest,747,12.943835
5,isolation_forest,748,12.909002
5,isolation_forest,749,13.097872
5,isolation_forest,750,12.99239
5,isolation_forest,751,12.912965
5,isolation_forest,752,12.906798
5,isolation_forest,753,12.921594
5,isolation_forest,754,12.994872
5,isolation_forest,755,12.85978
5,isolation_forest,756,12.835761
5,isolation_forest,757,12.891335
5,isolation_forest,758,13.022872
5,isolation_forest,759,13.079483
5,isolation_forest,761,13.219094
5,isolation_forest,762,13.232428
5,isolation_forest,763,12.894131
5,isolation_forest,764,13.105335
5,isolation_forest,765,13.172372
5,isolation_forest,766,13.030409
5,isolation_forest,767,12.976854
5,isolation_forest,768,12.93502
5,isolation_forest,769,12.888243
5,isolation_forest,770,12.860613
5,isolation_forest,771,12.83439
5,isolation_forest,772,12.879705
5,isolation_forest,773,12.81615
5,isolation_forest,774,12.811242
5,isolation_forest,775,12.878372
5,isolation_forest,776,12.850631
5,isolation_forest,777,12.842039
5,isolation_forest,778,12.808391
5,isolation_forest,779,12.798632
5,isolation_forest,780,13.206539
5,isolation_forest,781,12.964872
5,isolation_forest,782,14.925073
5,isolation_forest,783,14.643667
5,isolation_forest,784,14.222278
5,isolation_forest,785,15.509665
5,isolation_forest,786,14.843073
5,isolation_forest,787,14.152908
5,isolation_forest,788,13.211891
5,isolation_forest,789,12.92652
5,isolation_forest,790,12.907539
5,isolation_forest,791,12.846206
5,isolation_forest,792,13.02015
5,isolation_forest,793,12.856187
5,isolation_forest,794,12.846742
5,isolation_forest,795,12.94202
5,isolation_forest,796,12.817206
5,isolation_forest,797,12.848798
5,isolation_forest,798,12.792372
5,isolation_forest,799,12.767576
5,isolation_forest,800,13.056501
5,isolation_forest,801,13.784815
5,isolation_forest,802,13.694445
5,isolation_forest,803,12.974446
5,isolation_forest,804,13.508131
5,isolation_forest,805,13.545575
5,isolation_forest,806,14.218277
5,isolation_forest,807,14.594592
5,isolation_forest,808,13.46002
5,isolation_forest,809,13.251076
5,isolation_forest,810,13.222056
5,isolation_forest,811,13.040964
5,isolation_forest,812,12.934058
5,isolation_forest,813,12.933353
5,isolation_forest,814,12.861965
5,isolation_forest,815,12.775094
5,isolation_forest,816,12.769558
5,isolation_forest,817,12.772502
5,isolation_forest,818,12.794928
5,isolation_forest,819,12.74915
5,isolation_forest,820,12.730354
5,isolation_forest,821,12.652095
5,isolation_forest,822,12.739521
5,isolation_forest,823,12.946038
5,isolation_forest,824,12.926964
5,isolation_forest,825,12.834539
5,isolation_forest,826,13.009557
5,isolation_forest,827,13.086853
5,isolation_forest,828,13.033316
5,isolation_forest,829,12.964854
5,isolation_forest,830,15.118073
5,isolation_forest,831,14.74987
5,isolation_forest,832,14.101945
5,isolation_forest,833,13.228687
5,isolation_forest,834,13.05752
5,isolation_forest,835,13.031428
5,isolation_forest,836,15.245962
5,isolation_forest,837,15.349609
5,isolation_forest,838,13.952853
5,isolation_forest,839,13.36613
5,isolation_forest,840,13.241797
5,isolation_forest,841,13.034095
5,isolation_forest,842,12.926168
5,isolation_forest,843,12.995409
5,isolation_forest,844,12.897558
5,isolation_forest,845,14.129112
5,isolation_forest,846,14.414056
5,isolation_forest,847,13.312576
5,isolation_forest,848,13.11402
5,isolation_forest,849,13.122112
5,isolation_forest,850,13.002224
5,isolation_forest,851,12.910002
5,isolation_forest,852,12.964428
5,isolation_forest,853,13.024261
5,isolation_forest,854,12.885761
5,isolation_forest,855,12.934224
5,isolation_forest,856,12.883465
5,isolation_forest,857,12.995817
5,isolation_forest,858,12.803391
5,isolation_forest,859,12.853095
5,isolation_forest,860,12.784391
5,isolation_forest,861,13.390723
5,isolation_forest,862,13.265297
5,isolation_forest,863,13.118057
5,isolation_forest,864,13.861389
5,isolation_forest,865,13.523501
5,isolation_forest,866,13.248427
5,isolation_forest,867,13.382538
5,isolation_forest,868,13.350705
5,isolation_forest,869,13.11426
5,isolation_forest,870,13.084446
5,isolation_forest,871,13.097649
5,isolation_forest,872,13.126298
5,isolation_forest,873,13.050483
5,isolation_forest,874,13.009594
5,isolation_forest,875,15.165443
5,isolation_forest,876,14.941221
5,isolation_forest,877,14.076296
5,isolation_forest,878,13.801538
5,isolation_forest,879,13.516834
5,isolation_forest,880,13.002687
5,isolation_forest,881,13.020446
5,isolation_forest,882,13.038798
5,isolation_forest,883,13.035984
5,isolation_forest,884,12.978261
5,isolation_forest,885,12.879761
5,isolation_forest,886,12.858465
5,isolation_forest,887,12.759114
5,isolation_forest,888,13.558372
5,isolation_forest,889,12.917428
5,isolation_forest,890,12.99365
5,isolation_forest,891,13.033613
5,isolation_forest,892,12.953484
5,isolation_forest,893,12.905558
5,isolation_forest,894,12.893687
5,isolation_forest,895,12.874409
5,isolation_forest,896,12.907594
5,isolation_forest,897,12.83439
5,isolation_forest,898,12.898187
5,isolation_forest,899,12.875002
5,isolation_forest,900,12.931243
5,isolation_forest,901,13.063205
5,isolation_forest,902,12.952039
5,isolation_forest,903,12.906298
5,isolation_forest,904,12.910206
5,isolation_forest,905,12.786298
5,isolation_forest,906,12.814761
5,isolation_forest,907,12.839409
5,isolation_forest,908,12.875539
5,isolation_forest,909,12.904317
5,isolation_forest,910,12.844669
5,isolation_forest,911,12.767502
5,isolation_forest,912,12.803076
5,isolation_forest,913,12.88215
5,isolation_forest,914,12.952057
5,isolation_forest,915,12.897594
5,isolation_forest,916,12.932632
5,isolation_forest,917,12.917391
5,isolation_forest,918,12.906465
5,isolation_forest,919,12.83652
5,isolation_forest,920,13.525686
5,isolation_forest,921,15.146647
5,isolation_forest,922,14.733481
5,isolation_forest,923,14.072222
5,isolation_forest,924,13.248224
5,isolation_forest,925,13.110928
5,isolation_forest,926,13.066021
5,isolation_forest,927,13.065428
5,isolation_forest,928,13.024261
5,isolation_forest,929,12.94752
5,isolation_forest,930,13.035964
5,isolation_forest,931,13.111057
5,isolation_forest,932,13.064668
5,isolation_forest,933,12.973002
5,isolation_forest,934,12.850409
5,isolation_forest,935,12.964854
5,isolation_forest,936,12.971131
5,isolation_forest,937,12.975557
5,isolation_forest,938,12.935038
5,isolation_forest,939,12.871428
5,isolation_forest,940,12.897299
5,isolation_forest,941,13.001983
5,isolation_forest,942,12.894335
5,isolation_forest,943,12.929891
5,isolation_forest,944,12.96815
5,isolation_forest,945,12.868317
5,isolation_forest,946,12.93465
5,isolation_forest,947,12.929798
5,isolation_forest,948,12.889353
5,isolation_forest,949,12.890947
5,isolation_forest,950,12.872428
5,isolation_forest,951,12.938261
5,isolation_forest,952,13.486501
5,isolation_forest,953,14.130833
5,isolation_forest,954,12.978316
5,isolation_forest,955,12.856391
5,isolation_forest,956,12.856409
5,isolation_forest,957,13.016372
5,isolation_forest,958,13.262742
5,isolation_forest,959,13.975445
5,isolation_forest,960,14.313555
5,isolation_forest,961,13.332668
5,isolation_forest,962,13.178427
5,isolation_forest,963,13.075465
5,isolation_forest,964,13.01465
5,isolation_forest,965,13.001687
5,isolation_forest,966,14.828944
5,isolation_forest,967,14.930426
5,isolation_forest,968,14.176241
5,isolation_forest,969,13.604593
5,isolation_forest,970,13.895889
5,isolation_forest,971,13.185001
5,isolation_forest,972,13.079558
5,isolation_forest,973,13.00639
5,isolation_forest,974,13.116113
5,isolation_forest,975,13.012187
5,isolation_forest,976,12.968224
5,isolation_forest,977,13.284353
5,isolation_forest,978,13.45415
5,isolation_forest,979,13.082706
5,isolation_forest,980,13.152668
5,isolation_forest,981,13.312501
5,isolation_forest,982,13.204483
5,isolation_forest,983,13.13952
5,isolation_forest,984,13.062594
5,isolation_forest,985,13.045632
5,isolation_forest,986,13.02015
5,isolation_forest,987,12.95691
5,isolation_forest,988,13.001335
5,isolation_forest,989,13.079502
5,isolation_forest,990,13.266076
5,isolation_forest,991,13.194039
5,isolation_forest,992,13.116113
5,isolation_forest,993,13.054094
5,isolation_forest,994,12.918409
5,isolation_forest,995,12.908743
5,isolation_forest,996,12.972594
5,isolation_forest,997,12.861484
5,isolation_forest,998,12.887835
5,isolation_forest,999,12.977205
5,isolation_forest,1000,12.979002
5,isolation_forest,1001,13.067206
5,isolation_forest,1002,12.99278
5,isolation_forest,1003,13.006595
5,isolation_forest,1004,13.136798
5,isolation_forest,1005,13.117909
5,isolation_forest,1006,12.93915
5,isolation_forest,1007,13.206891
5,isolation_forest,1008,13.117983
5,isolation_forest,1009,13.086724
5,isolation_forest,1010,12.966168
5,isolation_forest,1011,13.861316
5,isolation_forest,1012,15.48398
5,isolation_forest,1013,14.687019
5,isolation_forest,1014,14.026093
5,isolation_forest,1015,13.410187
5,isolation_forest,1016,13.236761
5,isolation_forest,1017,13.11352
5,isolation_forest,1018,13.180575
5,isolation_forest,1019,13.147743
5,isolation_forest,1020,13.128391
5,isolation_forest,1021,13.103465
5,isolation_forest,1022,13.06328
5,isolation_forest,1023,13.113224
5,isolation_forest,1024,13.095094
5,isolation_forest,1025,13.003891
5,isolation_forest,1026,13.124224
5,isolation_forest,1027,13.396927
5,isolation_forest,1028,14.106371
5,isolation_forest,1029,13.826778
5,isolation_forest,1030,13.218649
5,isolation_forest,1031,13.026446
5,isolation_forest,1032,13.072853
5,isolation_forest,1033,13.059668
5,isolation_forest,1034,13.12665
5,isolation_forest,1035,12.970372
5,isolation_forest,1036,12.898206
5,isolation_forest,1037,13.074075
5,isolation_forest,1038,13.127316
5,isolation_forest,1039,13.092705
5,isolation_forest,1040,13.045483
5,isolation_forest,1041,13.039428
5,isolation_forest,1042,12.898965
5,isolation_forest,1043,12.898706
5,isolation_forest,1044,12.940354
5,isolation_forest,1045,12.918224
5,isolation_forest,1046,13.002854
5,isolation_forest,1047,12.981113
5,isolation_forest,1048,12.909169
5,isolation_forest,1049,12.967576
5,isolation_forest,1050,13.026095
5,isolation_forest,1051,12.989835
5,isolation_forest,1052,13.675038
5,isolation_forest,1053,13.19552
5,isolation_forest,1054,13.195817
5,isolation_forest,1055,13.056039
5,isolation_forest,1056,13.112058
5,isolation_forest,1057,15.375258
5,isolation_forest,1058,15.15848
5,isolation_forest,1059,14.508074
5,isolation_forest,1060,13.33365
5,isolation_forest,1061,13.030854
5,isolation_forest,1062,13.041094
5,isolation_forest,1063,13.054391
5,isolation_forest,1064,13.111039
5,isolation_forest,1065,13.068613
5,isolation_forest,1066,12.951539
5,isolation_forest,1067,12.915927
5,isolation_forest,1068,12.835502
5,isolation_forest,1069,12.898577
5,isolation_forest,1070,13.020891
5,isolation_forest,1071,12.844669
5,isolation_forest,1072,13.694
5,isolation_forest,1073,14.127556
5,isolation_forest,1074,13.572334
5,isolation_forest,1075,12.938724
5,isolation_forest,1076,13.018576
5,isolation_forest,1077,13.101761
5,isolation_forest,1078,13.007002
5,isolation_forest,1079,12.928705
5,isolation_forest,1080,13.07152
5,isolation_forest,1081,13.033576
5,isolation_forest,1082,13.184946
5,isolation_forest,1083,13.087816
5,isolation_forest,1084,12.981761
5,isolation_forest,1085,12.982965
5,isolation_forest,1086,12.950131
5,isolation_forest,1087,12.999021
5,isolation_forest,1088,12.997391
5,isolation_forest,1089,13.053428
5,isolation_forest,1090,13.356317
5,isolation_forest,1091,13.097891
5,isolation_forest,1092,13.009039
5,isolation_forest,1093,13.07165
5,isolation_forest,1094,12.96452
5,isolation_forest,1095,13.095742
5,isolation_forest,1096,13.059001
5,isolation_forest,1097,13.044669
5,isolation_forest,1098,13.133538
5,isolation_forest,1099,13.009353
5,isolation_forest,1100,13.017799
5,isolation_forest,1101,12.917631
5,isolation_forest,1102,14.805999
5,isolation_forest,1103,15.086184
5,isolation_forest,1104,14.467555
5,isolation_forest,1105,14.267797
5,isolation_forest,1106,14.001093
5,isolation_forest,1107,13.206316
5,isolation_forest,1108,13.07441
5,isolation_forest,1109,13.003669
5,isolation_forest,1110,13.260612
5,isolation_forest,1111,13.092539
5,isolation_forest,1112,13.192761
5,isolation_forest,1113,13.021187
5,isolation_forest,1114,13.02628
5,isolation_forest,1115,13.037021
5,isolation_forest,1116,12.979372
5,isolation_forest,1117,13.11228
5,isolation_forest,1118,13.054742
5,isolation_forest,1119,12.926095
5,isolation_forest,1120,12.926206
5,isolation_forest,1121,12.889002
5,isolation_forest,1122,12.846836
5,isolation_forest,1123,12.825798
5,isolation_forest,1124,12.832039
5,isolation_forest,1125,12.813761
5,isolation_forest,1126,16.464071
5,isolation_forest,1127,14.423667
5,isolation_forest,1128,14.6755
5,isolation_forest,1129,13.519649
5,isolation_forest,1130,17.053571
5,isolation_forest,1131,18.795846
5,isolation_forest,1132,14.303018
5,isolation_forest,1133,13.652705
5,isolation_forest,1134,14.113556
5,isolation_forest,1135,13.327149
5,isolation_forest,1136,13.149632
5,isolation_forest,1137,13.06865
5,isolation_forest,1138,13.096575
5,isolation_forest,1139,13.046094
5,isolation_forest,1140,13.057353
5,isolation_forest,1141,13.157946
5,isolation_forest,1142,13.127353
5,isolation_forest,1143,12.957558
5,isolation_forest,1144,12.875113
5,isolation_forest,1145,12.899928
5,isolation_forest,1146,14.886055
5,isolation_forest,1147,14.851944
5,isolation_forest,1148,14.080575
5,isolation_forest,1149,13.805667
5,isolation_forest,1150,13.287372
5,isolation_forest,1151,13.224557
5,isolation_forest,1152,13.149094
5,isolation_forest,1153,13.111132
5,isolation_forest,1154,13.053336
5,isolation_forest,1155,12.970372
5,isolation_forest,1156,12.987558
5,isolation_forest,1157,12.996632
5,isolation_forest,1158,12.926891
5,isolation_forest,1159,12.886317
5,isolation_forest,1160,12.902372
5,isolation_forest,1161,12.870947
5,isolation_forest,1162,13.088057
5,isolation_forest,1163,12.93028
5,isolation_forest,1164,12.960335
5,isolation_forest,1165,12.852391
5,isolation_forest,1166,13.174594
5,isolation_forest,1167,13.374409
5,isolation_forest,1168,13.125521
5,isolation_forest,1169,13.075872
5,isolation_forest,1170,13.172909
5,isolation_forest,1171,13.000131
5,isolation_forest,1172,12.969576
5,isolation_forest,1173,12.933113
5,isolation_forest,1174,13.174409
5,isolation_forest,1175,13.147058
5,isolation_forest,1176,13.041594
5,isolation_forest,1177,13.356798
5,isolation_forest,1178,14.053815
5,isolation_forest,1179,13.704223
5,isolation_forest,1180,13.216112
5,isolation_forest,1181,13.007502
5,isolation_forest,1182,13.000576
5,isolation_forest,1183,13.016205
5,isolation_forest,1184,13.697853
5,isolation_forest,1185,14.16889
5,isolation_forest,1186,13.415668
5,isolation_forest,1187,13.27302
5,isolation_forest,1188,13.021909
5,isolation_forest,1189,13.062909
5,isolation_forest,1190,12.892891
5,isolation_forest,1191,14.188352
5,isolation_forest,1192,15.358517
5,isolation_forest,1193,14.341815
5,isolation_forest,1194,13.695816
5,isolation_forest,1195,13.121649
5,isolation_forest,1196,12.997984
5,isolation_forest,1197,12.998298
5,isolation_forest,1198,12.958687
5,isolation_forest,1199,13.032317
5,isolation_forest,1200,12.975909
5,isolation_forest,1201,12.911835
5,isolation_forest,1202,13.013928
5,isolation_forest,1203,13.055705
5,isolation_forest,1204,12.961132
5,isolation_forest,1205,13.454371
5,isolation_forest,1206,13.57052
5,isolation_forest,1207,13.279668
5,isolation_forest,1208,13.09365
5,isolation_forest,1209,13.014668
5,isolation_forest,1210,12.991613
5,isolation_forest,1211,12.947483
5,isolation_forest,1212,12.815724
5,isolation_forest,1213,12.899724
5,isolation_forest,1214,13.017817
5,isolation_forest,1215,12.940465
5,isolation_forest,1216,13.587445
5,isolation_forest,1217,13.011058
5,isolation_forest,1218,12.993909
5,isolation_forest,1219,12.838206
5,isolation_forest,1220,12.898891
5,isolation_forest,1221,12.843446
5,isolation_forest,1222,12.825094
5,isolation_forest,1223,12.818817
5,isolation_forest,1224,12.853947
5,isolation_forest,1225,12.80978
5,isolation_forest,1226,12.756391
5,isolation_forest,1227,12.710428
5,isolation_forest,1228,12.821965
5,isolation_forest,1229,12.71241
5,isolation_forest,1230,12.803613
5,isolation_forest,1231,12.946909
5,isolation_forest,1232,12.954335
5,isolation_forest,1233,12.890188
5,isolation_forest,1234,12.876262
5,isolation_forest,1235,12.799317
5,isolation_forest,1236,12.841169
5,isolation_forest,1237,14.827833
5,isolation_forest,1238,14.858981
5,isolation_forest,1239,14.19939
5,isolation_forest,1240,13.722834
5,isolation_forest,1241,13.320224
5,isolation_forest,1242,13.297983
5,isolation_forest,1243,13.314113
5,isolation_forest,1244,13.040465
5,isolation_forest,1245,12.988558
5,isolation_forest,1246,13.033557
5,isolation_forest,1247,12.900021
5,isolation_forest,1248,12.966668
5,isolation_forest,1249,12.977409
5,isolation_forest,1250,12.928428
5,isolation_forest,1251,13.140372
5,isolation_forest,1252,13.349002
5,isolation_forest,1253,14.615018
5,isolation_forest,1254,14.396112
5,isolation_forest,1255,13.322816
5,isolation_forest,1256,13.241816
5,isolation_forest,1257,13.064576
5,isolation_forest,1258,13.038779
5,isolation_forest,1259,13.013502
5,isolation_forest,1260,13.006205
5,isolation_forest,1261,12.912594
5,isolation_forest,1262,12.910576
5,isolation_forest,1263,12.858187
5,isolation_forest,1264,12.821928
5,isolation_forest,1265,12.886928
5,isolation_forest,1266,12.830354
5,isolation_forest,1267,12.809446
5,isolation_forest,1268,12.858632
5,isolation_forest,1269,12.837687
5,isolation_forest,1270,12.968631
5,isolation_forest,1271,12.82765
5,isolation_forest,1272,12.794613
5,isolation_forest,1273,12.706798
5,isolation_forest,1274,12.66928
5,isolation_forest,1275,12.814039
5,isolation_forest,1276,12.838317
5,isolation_forest,1277,12.81415
5,isolation_forest,1278,12.793132
5,isolation_forest,1279,13.130132
5,isolation_forest,1280,12.971243
5,isolation_forest,1281,12.878021
5,isolation_forest,1282,13.317483
5,isolation_forest,1283,15.114296
5,isolation_forest,1284,14.414075
5,isolation_forest,1285,14.104705
5,isolation_forest,1286,13.13415
5,isolation_forest,1287,13.025002
5,isolation_forest,1288,13.013798
5,isolation_forest,1289,12.993113
5,isolation_forest,1290,12.997724
5,isolation_forest,1291,12.938539
5,isolation_forest,1292,12.981594
5,isolation_forest,1293,12.912743
5,isolation_forest,1294,12.835798
5,isolation_forest,1295,12.843187
5,isolation_forest,1296,12.885651
5,isolation_forest,1297,12.914428
5,isolation_forest,1298,14.669536
5,isolation_forest,1299,14.119241
5,isolation_forest,1300,13.918335
5,isolation_forest,1301,13.223502
5,isolation_forest,1302,13.130539
5,isolation_forest,1303,13.052928
5,isolation_forest,1304,13.075631
5,isolation_forest,1305,12.994298
5,isolation_forest,1306,12.970872
5,isolation_forest,1307,12.846039
5,isolation_forest,1308,12.871799
5,isolation_forest,1309,13.00328
5,isolation_forest,1310,12.895261
5,isolation_forest,1311,12.968909
5,isolation_forest,1312,12.856391
5,isolation_forest,1313,12.916928
5,isolation_forest,1314,12.837743
5,isolation_forest,1315,12.840965
5,isolation_forest,1316,12.866946
5,isolation_forest,1317,12.840965
5,isolation_forest,1318,12.876391
5,isolation_forest,1319,12.822521
5,isolation_forest,1320,12.772354
5,isolation_forest,1321,12.976984
5,isolation_forest,1322,12.857502
5,isolation_forest,1323,12.782058
5,isolation_forest,1324,12.788447
5,isolation_forest,1325,12.851891
5,isolation_forest,1326,12.795169
5,isolation_forest,1327,12.834076
5,isolation_forest,1328,13.741575
5,isolation_forest,1329,13.583538
5,isolation_forest,1330,13.465372
5,isolation_forest,1331,13.201835
5,isolation_forest,1332,13.093243
5,isolation_forest,1333,13.025058
5,isolation_forest,1334,12.965576
5,isolation_forest,1335,12.906965
5,isolation_forest,1336,14.391222
5,isolation_forest,1337,15.57461
5,isolation_forest,1338,14.418611
5,isolation_forest,1339,14.181408
5,isolation_forest,1340,13.286557
5,isolation_forest,1341,13.087484
5,isolation_forest,1342,12.931076
5,isolation_forest,1343,12.951613
5,isolation_forest,1344,12.90278
5,isolation_forest,1345,12.885298
5,isolation_forest,1346,12.992169
5,isolation_forest,1347,12.948447
5,isolation_forest,1348,12.900835
5,isolation_forest,1349,12.852187
5,isolation_forest,1350,12.778077
5,isolation_forest,1351,12.869687
5,isolation_forest,1352,13.072909
5,isolation_forest,1353,12.977188
5,isolation_forest,1354,13.034483
5,isolation_forest,1355,13.056558
5,isolation_forest,1356,12.935336
5,isolation_forest,1357,12.886187
5,isolation_forest,1358,12.838373
5,isolation_forest,1359,12.902558
5,isolation_forest,1360,12.920021
5,isolation_forest,1361,12.900187
5,isolation_forest,1362,12.896725
5,isolation_forest,1363,12.706965
5,isolation_forest,1364,12.699558
5,isolation_forest,1365,12.697836
5,isolation_forest,1366,12.77628
5,isolation_forest,1367,12.741465
5,isolation_forest,1368,12.809113
5,isolation_forest,1369,12.831002
5,isolation_forest,1370,12.753558
5,isolation_forest,1371,12.699317
5,isolation_forest,1372,12.651965
5,isolation_forest,1373,12.624558
5,isolation_forest,1374,14.567222
5,isolation_forest,1375,14.829907
5,isolation_forest,1376,16.019757
5,isolation_forest,1377,14.248556
5,isolation_forest,1378,13.546038
5,isolation_forest,1379,13.232446
5,isolation_forest,1380,13.947778
5,isolation_forest,1381,13.187946
5,isolation_forest,1382,13.991575
5,isolation_forest,1383,13.961223
5,isolation_forest,1384,13.525464
5,isolation_forest,1385,13.339076
5,isolation_forest,1386,13.238872
5,isolation_forest,1387,13.089521
5,isolation_forest,1388,13.114428
5,isolation_forest,1389,13.158427
5,isolation_forest,1390,14.792333
5,isolation_forest,1391,13.600705
5,isolation_forest,1392,13.266169
5,isolation_forest,1393,13.155465
5,isolation_forest,1394,13.147836
5,isolation_forest,1395,13.166816
5,isolation_forest,1396,13.08478
5,isolation_forest,1397,13.077076
5,isolation_forest,1398,13.080946
5,isolation_forest,1399,13.002372
5,isolation_forest,1400,12.892539
5,isolation_forest,1401,14.051371
5,isolation_forest,1402,13.782223
5,isolation_forest,1403,13.38839
5,isolation_forest,1404,13.215557
5,isolation_forest,1405,14.116556
5,isolation_forest,1406,14.254667
5,isolation_forest,1407,16.782978
5,isolation_forest,1408,13.763112
5,isolation_forest,1409,13.653464
5,isolation_forest,1410,13.485853
5,isolation_forest,1411,13.995223
5,isolation_forest,1412,14.425056
5,isolation_forest,1413,13.306557
5,isolation_forest,1414,13.144261
5,isolation_forest,1415,13.099354
5,isolation_forest,1416,12.951577
5,isolation_forest,1417,13.058742
5,isolation_forest,1418,14.775222
5,isolation_forest,1419,14.832833
5,isolation_forest,1420,14.086871
5,isolation_forest,1421,13.653853
5,isolation_forest,1422,13.071594
5,isolation_forest,1423,13.031521
5,isolation_forest,1424,13.011798
5,isolation_forest,1425,12.879039
5,isolation_forest,1426,12.957965
5,isolation_forest,1427,13.703853
5,isolation_forest,1428,13.524872
5,isolation_forest,1429,13.515668
5,isolation_forest,1430,13.318557
5,isolation_forest,1431,13.311742
5,isolation_forest,1432,13.075632
5,isolation_forest,1433,13.271761
5,isolation_forest,1434,13.141965
5,isolation_forest,1435,13.359113
5,isolation_forest,1436,13.239521
5,isolation_forest,1437,13.002558
5,isolation_forest,1438,13.033335
5,isolation_forest,1439,13.09541
5,isolation_forest,1440,13.208669
5,isolation_forest,1441,13.015725
5,isolation_forest,1442,13.031854
5,isolation_forest,1443,12.939483
5,isolation_forest,1444,13.037891
5,isolation_forest,1445,12.938057
5,isolation_forest,1446,12.876761
5,isolation_forest,1447,12.832261
5,isolation_forest,1448,12.764373
5,isolation_forest,1449,12.792095
5,isolation_forest,1450,12.781706
5,isolation_forest,1451,12.768095
5,isolation_forest,1452,12.804577
5,isolation_forest,1453,12.755669
5,isolation_forest,1454,12.841372
5,isolation_forest,1455,12.777539
5,isolation_forest,1456,12.781206
5,isolation_forest,1457,12.811076
5,isolation_forest,1458,12.838021
5,isolation_forest,1459,12.831929
5,isolation_forest,1460,12.763391
5,isolation_forest,1461,12.789446
5,isolation_forest,1462,13.570575
5,isolation_forest,1463,13.52089
5,isolation_forest,1464,15.327647
5,isolation_forest,1465,14.780278
5,isolation_forest,1466,14.239852
5,isolation_forest,1467,13.264021
5,isolation_forest,1468,13.197761
5,isolation_forest,1469,13.072224
5,isolation_forest,1470,13.096168
5,isolation_forest,1471,13.092872
5,isolation_forest,1472,13.009891
5,isolation_forest,1473,12.942558
5,isolation_forest,1474,12.951428
5,isolation_forest,1475,13.085409
5,isolation_forest,1476,12.907928
5,isolation_forest,1477,12.877558
5,isolation_forest,1478,12.881557
5,isolation_forest,1479,12.973558
5,isolation_forest,1480,13.783982
5,isolation_forest,1481,13.855649
5,isolation_forest,1482,13.115409
5,isolation_forest,1483,13.06002
5,isolation_forest,1484,12.975539
5,isolation_forest,1485,12.921836
5,isolation_forest,1486,12.928595
5,isolation_forest,1487,12.917132
5,isolation_forest,1488,12.890946
5,isolation_forest,1489,12.876113
5,isolation_forest,1490,12.825909
5,isolation_forest,1491,12.842113
5,isolation_forest,1492,12.85191
5,isolation_forest,1493,12.98365
5,isolation_forest,1494,12.904446
5,isolation_forest,1495,12.966576
5,isolation_forest,1496,12.912446
5,isolation_forest,1497,12.925539
5,isolation_forest,1498,12.998779
5,isolation_forest,1499,12.989687
5,isolation_forest,1500,12.767021
5,isolation_forest,1501,12.821428
5,isolation_forest,1502,12.914002
5,isolation_forest,1503,12.96328
5,isolation_forest,1504,12.964502
5,isolation_forest,1505,12.85078
5,isolation_forest,1506,12.970577
5,isolation_forest,1507,12.907188
5,isolation_forest,1508,12.906058
5,isolation_forest,1509,13.747075
5,isolation_forest,1510,15.434499
5,isolation_forest,1511,14.581426
5,isolation_forest,1512,13.825631
5,isolation_forest,1513,13.216854
5,isolation_forest,1514,13.094039
5,isolation_forest,1515,13.037095
5,isolation_forest,1516,12.968354
5,isolation_forest,1517,13.004465
5,isolation_forest,1518,12.972261
5,isolation_forest,1519,13.034502
5,isolation_forest,1520,13.054353
5,isolation_forest,1521,12.984299
5,isolation_forest,1522,12.960984
5,isolation_forest,1523,12.86391
5,isolation_forest,1524,12.834206
5,isolation_forest,1525,14.101037
5,isolation_forest,1526,14.276463
5,isolation_forest,1527,13.188557
5,isolation_forest,1528,13.202798
5,isolation_forest,1529,13.052336
5,isolation_forest,1530,12.981058
5,isolation_forest,1531,12.98754
5,isolation_forest,1532,12.956558
5,isolation_forest,1533,13.048131
5,isolation_forest,1534,12.90502
5,isolation_forest,1535,12.957354
5,isolation_forest,1536,12.967298
5,isolation_forest,1537,12.912372
5,isolation_forest,1538,12.826855
5,isolation_forest,1539,12.776169
5,isolation_forest,1540,12.800188
5,isolation_forest,1541,12.786521
5,isolation_forest,1542,12.776114
5,isolation_forest,1543,12.761836
5,isolation_forest,1544,13.537817
5,isolation_forest,1545,12.917947
5,isolation_forest,1546,12.929947
5,isolation_forest,1547,12.837984
5,isolation_forest,1548,13.016557
5,isolation_forest,1549,12.931095
5,isolation_forest,1550,12.855372
5,isolation_forest,1551,12.773058
5,isolation_forest,1552,12.832447
5,isolation_forest,1553,12.812317
5,isolation_forest,1554,12.939947
5,isolation_forest,1555,15.33087
5,isolation_forest,1556,15.1275
5,isolation_forest,1557,14.28963
5,isolation_forest,1558,14.212926
5,isolation_forest,1559,13.740909
5,isolation_forest,1560,13.051947
5,isolation_forest,1561,13.043928
5,isolation_forest,1562,13.005132
5,isolation_forest,1563,13.016669
5,isolation_forest,1564,12.974114
5,isolation_forest,1565,12.909688
5,isolation_forest,1566,13.02015
5,isolation_forest,1567,12.958928
5,isolation_forest,1568,12.86128
5,isolation_forest,1569,12.816446
5,isolation_forest,1570,13.019725
5,isolation_forest,1571,13.080261
5,isolation_forest,1572,12.874039
5,isolation_forest,1573,12.960706
5,isolation_forest,1574,12.909169
5,isolation_forest,1575,12.840743
5,isolation_forest,1576,12.765854
5,isolation_forest,1577,12.798706
5,isolation_forest,1578,12.819688
5,isolation_forest,1579,13.054095
5,isolation_forest,1580,13.016983
5,isolation_forest,1581,12.938521
5,isolation_forest,1582,13.122409
5,isolation_forest,1583,13.026872
5,isolation_forest,1584,12.96415
5,isolation_forest,1585,12.907613
5,isolation_forest,1586,12.912002
5,isolation_forest,1587,12.850873
5,isolation_forest,1588,12.80628
5,isolation_forest,1589,12.87728
5,isolation_forest,1590,12.855891
5,isolation_forest,1591,12.882039
5,isolation_forest,1592,12.892706
5,isolation_forest,1593,12.834947
5,isolation_forest,1594,13.050928
5,isolation_forest,1595,12.919447
5,isolation_forest,1596,12.886706
5,isolation_forest,1597,12.927225
5,isolation_forest,1598,12.798818
5,isolation_forest,1599,12.832224
5,isolation_forest,1600,12.84541
5,isolation_forest,1601,15.252481
5,isolation_forest,1602,14.644815
5,isolation_forest,1603,14.037686
5,isolation_forest,1604,13.251854
5,isolation_forest,1605,13.083724
5,isolation_forest,1606,13.096614
5,isolation_forest,1607,13.111706
5,isolation_forest,1608,13.133483
5,isolation_forest,1609,12.994891
5,isolation_forest,1610,12.988021
5,isolation_forest,1611,12.922261
5,isolation_forest,1612,12.913854
5,isolation_forest,1613,12.910743
5,isolation_forest,1614,12.855076
5,isolation_forest,1615,12.764187
5,isolation_forest,1616,12.933614
5,isolation_forest,1617,13.058872
5,isolation_forest,1618,12.967576
5,isolation_forest,1619,12.986706
5,isolation_forest,1620,13.138076
5,isolation_forest,1621,13.296854
5,isolation_forest,1622,13.062613
5,isolation_forest,1623,13.015428
5,isolation_forest,1624,12.94291
5,isolation_forest,1625,12.968113
5,isolation_forest,1626,13.588575
5,isolation_forest,1627,12.990113
5,isolation_forest,1628,12.978279
5,isolation_forest,1629,12.879502
5,isolation_forest,1630,12.870428
5,isolation_forest,1631,13.145335
5,isolation_forest,1632,13.34489
5,isolation_forest,1633,14.419352
5,isolation_forest,1634,13.49852
5,isolation_forest,1635,13.047409
5,isolation_forest,1636,12.884114
5,isolation_forest,1637,13.042428
5,isolation_forest,1638,12.905354
5,isolation_forest,1639,13.633205
5,isolation_forest,1640,14.07213
5,isolation_forest,1641,13.280428
5,isolation_forest,1642,13.194761
5,isolation_forest,1643,13.057335
5,isolation_forest,1644,13.066854
5,isolation_forest,1645,13.014205
5,isolation_forest,1646,14.983777
5,isolation_forest,1647,14.91363
5,isolation_forest,1648,14.190094
5,isolation_forest,1649,13.681038
5,isolation_forest,1650,13.115317
5,isolation_forest,1651,13.000373
5,isolation_forest,1652,12.838317
5,isolation_forest,1653,12.835355
5,isolation_forest,1654,12.85915
5,isolation_forest,1655,12.899558
5,isolation_forest,1656,12.750021
5,isolation_forest,1657,12.856872
5,isolation_forest,1658,13.049224
5,isolation_forest,1659,13.086872
5,isolation_forest,1660,12.967688
5,isolation_forest,1661,12.970335
5,isolation_forest,1662,13.043928
5,isolation_forest,1663,13.030465
5,isolation_forest,1664,12.962762
5,isolation_forest,1665,12.909243
5,isolation_forest,1666,12.86478
5,isolation_forest,1667,12.777817
5,isolation_forest,1668,12.836021
5,isolation_forest,1669,12.802576
5,isolation_forest,1670,12.904817
5,isolation_forest,1671,12.885224
5,isolation_forest,1672,12.873928
5,isolation_forest,1673,12.881243
5,isolation_forest,1674,12.873651
5,isolation_forest,1675,12.800317
5,isolation_forest,1676,12.688058
5,isolation_forest,1677,12.845762
5,isolation_forest,1678,12.904298
5,isolation_forest,1679,12.766336
5,isolation_forest,1680,12.887836
5,isolation_forest,1681,12.840706
5,isolation_forest,1682,12.772021
5,isolation_forest,1683,12.79554
5,isolation_forest,1684,12.77254
5,isolation_forest,1685,12.746707
5,isolation_forest,1686,12.878039
5,isolation_forest,1687,12.847169
5,isolation_forest,1688,12.852409
5,isolation_forest,1689,12.913447
5,isolation_forest,1690,12.869669
5,isolation_forest,1691,12.751058
5,isolation_forest,1692,14.331241
5,isolation_forest,1693,15.150333
5,isolation_forest,1694,14.354259
5,isolation_forest,1695,13.647316
5,isolation_forest,1696,13.060113
5,isolation_forest,1697,12.919446
5,isolation_forest,1698,12.883854
5,isolation_forest,1699,12.824076
5,isolation_forest,1700,12.919557
5,isolation_forest,1701,12.962947
5,isolation_forest,1702,12.982484
5,isolation_forest,1703,12.887021
5,isolation_forest,1704,12.851243
5,isolation_forest,1705,12.872521
5,isolation_forest,1706,12.801206
5,isolation_forest,1707,12.768076
5,isolation_forest,1708,13.935964
5,isolation_forest,1709,14.212538
5,isolation_forest,1710,13.595039
5,isolation_forest,1711,13.007132
5,isolation_forest,1712,12.93078
5,isolation_forest,1713,12.923873
5,isolation_forest,1714,12.895392
5,isolation_forest,1715,12.886577
5,isolation_forest,1716,12.931669
5,isolation_forest,1717,12.949965
5,isolation_forest,1718,12.877261
5,isolation_forest,1719,12.818447
5,isolation_forest,1720,12.888965
5,isolation_forest,1721,12.784761
5,isolation_forest,1722,12.813224
5,isolation_forest,1723,12.728243
5,isolation_forest,1724,12.72615
5,isolation_forest,1725,12.819817
5,isolation_forest,1726,12.930224
5,isolation_forest,1727,13.017317
5,isolation_forest,1728,12.796632
5,isolation_forest,1729,12.825187
5,isolation_forest,1730,12.715929
5,isolation_forest,1731,12.772724
5,isolation_forest,1732,12.968243
5,isolation_forest,1733,12.871317
5,isolation_forest,1734,12.873725
5,isolation_forest,1735,13.222983
5,isolation_forest,1736,13.069021
5,isolation_forest,1737,13.047373
5,isolation_forest,1738,15.009629
5,isolation_forest,1739,14.890926
5,isolation_forest,1740,14.129557
5,isolation_forest,1741,13.622076
5,isolation_forest,1742,13.040057
5,isolation_forest,1743,12.93028
5,isolation_forest,1744,13.050577
5,isolation_forest,1745,13.027058
5,isolation_forest,1746,12.944206
5,isolation_forest,1747,13.009003
5,isolation_forest,1748,12.834076
5,isolation_forest,1749,12.828669
5,isolation_forest,1750,12.955391
5,isolation_forest,1751,12.842762
5,isolation_forest,1752,12.752817
5,isolation_forest,1753,13.000984
5,isolation_forest,1754,14.260205
5,isolation_forest,1755,14.351852
5,isolation_forest,1756,13.360039
5,isolation_forest,1757,13.163761
5,isolation_forest,1758,13.144669
5,isolation_forest,1759,13.090576
5,isolation_forest,1760,13.002984
5,isolation_forest,1761,13.048854
5,isolation_forest,1762,12.978318
5,isolation_forest,1763,12.857521
5,isolation_forest,1764,12.919651
5,isolation_forest,1765,12.880595
5,isolation_forest,1766,12.887355
5,isolation_forest,1767,12.808281
5,isolation_forest,1768,12.796521
5,isolation_forest,1769,12.765503
5,isolation_forest,1770,12.838391
5,isolation_forest,1771,12.888521
5,isolation_forest,1772,12.842021
5,isolation_forest,1773,12.792021
5,isolation_forest,1774,12.820336
5,isolation_forest,1775,12.827743
5,isolation_forest,1776,12.755539
5,isolation_forest,1777,12.824095
5,isolation_forest,1778,12.860261
5,isolation_forest,1779,12.810947
5,isolation_forest,1780,12.886521
5,isolation_forest,1781,12.863373
5,isolation_forest,1782,12.782521
5,isolation_forest,1783,12.790613
5,isolation_forest,1784,15.016463
5,isolation_forest,1785,15.041258
5,isolation_forest,1786,14.250631
5,isolation_forest,1787,14.163482
5,isolation_forest,1788,13.652557
5,isolation_forest,1789,13.159502
5,isolation_forest,1790,13.883483
5,isolation_forest,1791,12.995614
5,isolation_forest,1792,12.994391
5,isolation_forest,1793,13.137168
5,isolation_forest,1794,13.015225
5,isolation_forest,1795,13.015168
5,isolation_forest,1796,12.938409
5,isolation_forest,1797,12.858447
5,isolation_forest,1798,12.840909
5,isolation_forest,1799,12.968688
5,isolation_forest,1800,13.034428
5,isolation_forest,1801,12.96615
5,isolation_forest,1802,12.906132
5,isolation_forest,1803,12.868576
5,isolation_forest,1804,12.935836
5,isolation_forest,1805,12.813484
6,tflite_autoencoder,1,0.058796
6,tflite_autoencoder,2,0.058407
6,tflite_autoencoder,3,0.058463
6,tflite_autoencoder,4,0.058777
6,tflite_autoencoder,5,0.058389
6,tflite_autoencoder,6,0.058759
6,tflite_autoencoder,7,0.05924
6,tflite_autoencoder,8,0.058666
6,tflite_autoencoder,9,0.057777
6,tflite_autoencoder,10,0.058629
6,tflite_autoencoder,11,0.058611
6,tflite_autoencoder,12,0.058889
6,tflite_autoencoder,13,0.058888
6,tflite_autoencoder,14,0.05887
6,tflite_autoencoder,15,0.058074
6,tflite_autoencoder,16,0.057537
6,tflite_autoencoder,17,0.057481
6,tflite_autoencoder,18,0.05724
6,tflite_autoencoder,19,0.057333
6,tflite_autoencoder,20,0.058759
6,tflite_autoencoder,21,0.060092
6,tflite_autoencoder,22,0.058796
6,tflite_autoencoder,23,0.058611
6,tflite_autoencoder,24,0.05887
6,tflite_autoencoder,25,0.058797
6,tflite_autoencoder,26,0.058722
6,tflite_autoencoder,27,0.058797
6,tflite_autoencoder,28,0.058833
6,tflite_autoencoder,29,0.058815
6,tflite_autoencoder,30,0.058852
6,tflite_autoencoder,31,0.058796
6,tflite_autoencoder,32,0.058666
6,tflite_autoencoder,33,0.078389
6,tflite_autoencoder,34,0.064222
6,tflite_autoencoder,35,0.059481
6,tflite_autoencoder,36,0.059056
6,tflite_autoencoder,37,0.058222
6,tflite_autoencoder,38,0.058167
6,tflite_autoencoder,39,0.058797
6,tflite_autoencoder,40,0.058204
6,tflite_autoencoder,41,0.058167
6,tflite_autoencoder,42,0.057963
6,tflite_autoencoder,43,0.0575
6,tflite_autoencoder,44,0.058055
6,tflite_autoencoder,45,0.057648
6,tflite_autoencoder,46,0.058352
6,tflite_autoencoder,47,0.057981
6,tflite_autoencoder,48,0.058019
6,tflite_autoencoder,49,0.057352
6,tflite_autoencoder,50,0.057833
6,tflite_autoencoder,51,0.057963
6,tflite_autoencoder,52,0.057629
6,tflite_autoencoder,53,0.05737
6,tflite_autoencoder,54,0.057741
6,tflite_autoencoder,55,0.058593
6,tflite_autoencoder,56,0.057926
6,tflite_autoencoder,57,0.058426
6,tflite_autoencoder,58,0.058203
6,tflite_autoencoder,59,0.057926
6,tflite_autoencoder,60,0.057759
6,tflite_autoencoder,61,0.057351
6,tflite_autoencoder,62,0.058222
6,tflite_autoencoder,63,0.058499
6,tflite_autoencoder,64,0.058704
6,tflite_autoencoder,65,0.058648
6,tflite_autoencoder,66,0.057629
6,tflite_autoencoder,67,0.058426
6,tflite_autoencoder,68,0.058148
6,tflite_autoencoder,69,0.057796
6,tflite_autoencoder,70,0.05737
6,tflite_autoencoder,71,0.057703
6,tflite_autoencoder,72,0.05724
6,tflite_autoencoder,73,0.057444
6,tflite_autoencoder,74,0.058481
6,tflite_autoencoder,75,0.059333
6,tflite_autoencoder,76,0.057907
6,tflite_autoencoder,77,0.057982
6,tflite_autoencoder,78,0.057111
6,tflite_autoencoder,79,0.057722
6,tflite_autoencoder,80,0.057333
6,tflite_autoencoder,81,0.057574
6,tflite_autoencoder,82,0.057426
6,tflite_autoencoder,83,0.056981
6,tflite_autoencoder,84,0.057426
6,tflite_autoencoder,85,0.057148
6,tflite_autoencoder,86,0.058408
6,tflite_autoencoder,87,0.059704
6,tflite_autoencoder,88,0.057703
6,tflite_autoencoder,89,0.057871
6,tflite_autoencoder,90,0.057222
6,tflite_autoencoder,91,0.057259
6,tflite_autoencoder,92,0.057222
6,tflite_autoencoder,93,0.058037
6,tflite_autoencoder,94,0.058167
6,tflite_autoencoder,95,0.057648
6,tflite_autoencoder,96,0.057797
6,tflite_autoencoder,97,0.075907
6,tflite_autoencoder,98,0.058796
6,tflite_autoencoder,99,0.057685
6,tflite_autoencoder,100,0.074037
6,tflite_autoencoder,101,0.065241
6,tflite_autoencoder,102,0.059574
6,tflite_autoencoder,103,0.058555
6,tflite_autoencoder,104,0.057426
6,tflite_autoencoder,105,0.057888
6,tflite_autoencoder,106,0.057444
6,tflite_autoencoder,107,0.05813
6,tflite_autoencoder,108,0.057241
6,tflite_autoencoder,109,0.057815
6,tflite_autoencoder,110,0.057759
6,tflite_autoencoder,111,0.057722
6,tflite_autoencoder,112,0.057444
6,tflite_autoencoder,113,0.05737
6,tflite_autoencoder,114,0.057667
6,tflite_autoencoder,115,0.057129
6,tflite_autoencoder,116,0.057055
6,tflite_autoencoder,117,0.057185
6,tflite_autoencoder,118,0.058519
6,tflite_autoencoder,119,0.057777
6,tflite_autoencoder,120,0.058203
6,tflite_autoencoder,121,0.057019
6,tflite_autoencoder,122,0.057333
6,tflite_autoencoder,123,0.05737
6,tflite_autoencoder,124,0.057908
6,tflite_autoencoder,125,0.057889
6,tflite_autoencoder,126,0.057759
6,tflite_autoencoder,127,0.057407
6,tflite_autoencoder,128,0.057666
6,tflite_autoencoder,129,0.057167
6,tflite_autoencoder,130,0.058056
6,tflite_autoencoder,131,0.058463
6,tflite_autoencoder,132,0.058259
6,tflite_autoencoder,133,0.05776
6,tflite_autoencoder,134,0.057685
6,tflite_autoencoder,135,0.056889
6,tflite_autoencoder,136,0.057352
6,tflite_autoencoder,137,0.058167
6,tflite_autoencoder,138,0.057611
6,tflite_autoencoder,139,0.058
6,tflite_autoencoder,140,0.056926
6,tflite_autoencoder,141,0.057648
6,tflite_autoencoder,142,0.057
6,tflite_autoencoder,143,0.057222
6,tflite_autoencoder,144,0.057166
6,tflite_autoencoder,145,0.056797
6,tflite_autoencoder,146,0.057352
6,tflite_autoencoder,147,0.058185
6,tflite_autoencoder,148,0.057833
6,tflite_autoencoder,149,0.05763
6,tflite_autoencoder,150,0.057148
6,tflite_autoencoder,151,0.057574
6,tflite_autoencoder,152,0.057186
6,tflite_autoencoder,153,0.057129
6,tflite_autoencoder,154,0.057241
6,tflite_autoencoder,155,0.056981
6,tflite_autoencoder,156,0.057297
6,tflite_autoencoder,157,0.058167
6,tflite_autoencoder,158,0.057129
6,tflite_autoencoder,159,0.0575
6,tflite_autoencoder,160,0.057463
6,tflite_autoencoder,161,0.057148
6,tflite_autoencoder,162,0.058241
6,tflite_autoencoder,163,0.057667
6,tflite_autoencoder,164,0.057777
6,tflite_autoencoder,165,0.057888
6,tflite_autoencoder,166,0.057648
6,tflite_autoencoder,167,0.057981
6,tflite_autoencoder,168,0.084777
6,tflite_autoencoder,169,0.073667
6,tflite_autoencoder,170,0.059148
6,tflite_autoencoder,171,0.058203
6,tflite_autoencoder,172,0.058018
6,tflite_autoencoder,173,0.058352
6,tflite_autoencoder,174,0.0585
6,tflite_autoencoder,175,0.058463
6,tflite_autoencoder,176,0.058482
6,tflite_autoencoder,177,0.058222
6,tflite_autoencoder,178,0.057925
6,tflite_autoencoder,179,0.058352
6,tflite_autoencoder,180,0.058592
6,tflite_autoencoder,181,0.059203
6,tflite_autoencoder,182,0.058408
6,tflite_autoencoder,183,0.058888
6,tflite_autoencoder,184,0.058685
6,tflite_autoencoder,185,0.05863
6,tflite_autoencoder,186,0.059259
6,tflite_autoencoder,187,0.059018
6,tflite_autoencoder,188,0.058852
6,tflite_autoencoder,189,0.057371
6,tflite_autoencoder,190,0.058649
6,tflite_autoencoder,191,0.058815
6,tflite_autoencoder,192,0.0585
6,tflite_autoencoder,193,0.058907
6,tflite_autoencoder,194,0.058222
6,tflite_autoencoder,195,0.057352
6,tflite_autoencoder,196,0.058334
6,tflite_autoencoder,197,0.058
6,tflite_autoencoder,198,0.057463
6,tflite_autoencoder,199,0.056944
6,tflite_autoencoder,200,0.057556
6,tflite_autoencoder,201,0.057981
6,tflite_autoencoder,202,0.057796
6,tflite_autoencoder,203,0.058166
6,tflite_autoencoder,204,0.05737
6,tflite_autoencoder,205,0.056926
6,tflite_autoencoder,206,0.058
6,tflite_autoencoder,207,0.057611
6,tflite_autoencoder,208,0.057445
6,tflite_autoencoder,209,0.057889
6,tflite_autoencoder,210,0.058037
6,tflite_autoencoder,211,0.057222
6,tflite_autoencoder,212,0.058297
6,tflite_autoencoder,213,0.058593
6,tflite_autoencoder,214,0.057703
6,tflite_autoencoder,215,0.058444
6,tflite_autoencoder,216,0.058537
6,tflite_autoencoder,217,0.057352
6,tflite_autoencoder,218,0.057111
6,tflite_autoencoder,219,0.057278
6,tflite_autoencoder,220,0.05737
6,tflite_autoencoder,221,0.057685
6,tflite_autoencoder,222,0.057908
6,tflite_autoencoder,223,0.057463
6,tflite_autoencoder,224,0.093537
6,tflite_autoencoder,225,0.06237
6,tflite_autoencoder,226,0.059
6,tflite_autoencoder,227,0.058259
6,tflite_autoencoder,228,0.057815
6,tflite_autoencoder,229,0.057555
6,tflite_autoencoder,230,0.057611
6,tflite_autoencoder,231,0.05763
6,tflite_autoencoder,232,0.057833
6,tflite_autoencoder,233,0.057278
6,tflite_autoencoder,234,0.057315
6,tflite_autoencoder,235,0.070593
6,tflite_autoencoder,236,0.058889
6,tflite_autoencoder,237,0.058463
6,tflite_autoencoder,238,0.058481
6,tflite_autoencoder,239,0.057296
6,tflite_autoencoder,240,0.05824
6,tflite_autoencoder,241,0.057592
6,tflite_autoencoder,242,0.057685
6,tflite_autoencoder,243,0.057445
6,tflite_autoencoder,244,0.057852
6,tflite_autoencoder,245,0.057833
6,tflite_autoencoder,246,0.057926
6,tflite_autoencoder,247,0.058148
6,tflite_autoencoder,248,0.058129
6,tflite_autoencoder,249,0.057759
6,tflite_autoencoder,250,0.057537
6,tflite_autoencoder,251,0.05737
6,tflite_autoencoder,252,0.057815
6,tflite_autoencoder,253,0.057611
6,tflite_autoencoder,254,0.058352
6,tflite_autoencoder,255,0.057241
6,tflite_autoencoder,256,0.057833
6,tflite_autoencoder,257,0.057277
6,tflite_autoencoder,258,0.057666
6,tflite_autoencoder,259,0.059
6,tflite_autoencoder,260,0.057389
6,tflite_autoencoder,261,0.057889
6,tflite_autoencoder,262,0.056926
6,tflite_autoencoder,263,0.057574
6,tflite_autoencoder,264,0.057556
6,tflite_autoencoder,265,0.058278
6,tflite_autoencoder,266,0.05787
6,tflite_autoencoder,267,0.058
6,tflite_autoencoder,268,0.057482
6,tflite_autoencoder,269,0.057111
6,tflite_autoencoder,270,0.057703
6,tflite_autoencoder,271,0.058315
6,tflite_autoencoder,272,0.057426
6,tflite_autoencoder,273,0.057388
6,tflite_autoencoder,274,0.057481
6,tflite_autoencoder,275,0.057593
6,tflite_autoencoder,276,0.05763
6,tflite_autoencoder,277,0.057963
6,tflite_autoencoder,278,0.057074
6,tflite_autoencoder,279,0.058223
6,tflite_autoencoder,280,0.057686
6,tflite_autoencoder,281,0.057407
6,tflite_autoencoder,282,0.056666
6,tflite_autoencoder,283,0.057352
6,tflite_autoencoder,284,0.058185
6,tflite_autoencoder,285,0.057611
6,tflite_autoencoder,286,0.057796
6,tflite_autoencoder,287,0.057444
6,tflite_autoencoder,288,0.057296
6,tflite_autoencoder,289,0.057185
6,tflite_autoencoder,290,0.057593
6,tflite_autoencoder,291,0.0575
6,tflite_autoencoder,292,0.058037
6,tflite_autoencoder,293,0.057574
6,tflite_autoencoder,294,0.057185
6,tflite_autoencoder,295,0.056704
6,tflite_autoencoder,296,0.057389
6,tflite_autoencoder,297,0.057666
6,tflite_autoencoder,298,0.057962
6,tflite_autoencoder,299,0.0575
6,tflite_autoencoder,300,0.057019
6,tflite_autoencoder,301,0.057852
6,tflite_autoencoder,302,0.057426
6,tflite_autoencoder,303,0.068297
6,tflite_autoencoder,304,0.059241
6,tflite_autoencoder,305,0.058111
6,tflite_autoencoder,306,0.057333
6,tflite_autoencoder,307,0.057796
6,tflite_autoencoder,308,0.057704
6,tflite_autoencoder,309,0.058723
6,tflite_autoencoder,310,0.057871
6,tflite_autoencoder,311,0.057445
6,tflite_autoencoder,312,0.057407
6,tflite_autoencoder,313,0.056926
6,tflite_autoencoder,314,0.056925
6,tflite_autoencoder,315,0.057185
6,tflite_autoencoder,316,0.057926
6,tflite_autoencoder,317,0.057667
6,tflite_autoencoder,318,0.071981
6,tflite_autoencoder,319,0.061481
6,tflite_autoencoder,320,0.057981
6,tflite_autoencoder,321,0.058444
6,tflite_autoencoder,322,0.057981
6,tflite_autoencoder,323,0.057315
6,tflite_autoencoder,324,0.058371
6,tflite_autoencoder,325,0.058593
6,tflite_autoencoder,326,0.057685
6,tflite_autoencoder,327,0.058426
6,tflite_autoencoder,328,0.057667
6,tflite_autoencoder,329,0.057203
6,tflite_autoencoder,330,0.057667
6,tflite_autoencoder,331,0.057241
6,tflite_autoencoder,332,0.057889
6,tflite_autoencoder,333,0.057704
6,tflite_autoencoder,334,0.057629
6,tflite_autoencoder,335,0.056982
6,tflite_autoencoder,336,0.057167
6,tflite_autoencoder,337,0.057778
6,tflite_autoencoder,338,0.0575
6,tflite_autoencoder,339,0.057703
6,tflite_autoencoder,340,0.059296
6,tflite_autoencoder,341,0.065982
6,tflite_autoencoder,342,0.066314
6,tflite_autoencoder,343,0.059185
6,tflite_autoencoder,344,0.058352
6,tflite_autoencoder,345,0.057111
6,tflite_autoencoder,346,0.057629
6,tflite_autoencoder,347,0.057388
6,tflite_autoencoder,348,0.058371
6,tflite_autoencoder,349,0.05863
6,tflite_autoencoder,350,0.059111
6,tflite_autoencoder,351,0.073426
6,tflite_autoencoder,352,0.060482
6,tflite_autoencoder,353,0.058537
6,tflite_autoencoder,354,0.058796
6,tflite_autoencoder,355,0.058
6,tflite_autoencoder,356,0.058185
6,tflite_autoencoder,357,0.057055
6,tflite_autoencoder,358,0.057425
6,tflite_autoencoder,359,0.058833
6,tflite_autoencoder,360,0.057185
6,tflite_autoencoder,361,0.057648
6,tflite_autoencoder,362,0.057963
6,tflite_autoencoder,363,0.057203
6,tflite_autoencoder,364,0.057611
6,tflite_autoencoder,365,0.058056
6,tflite_autoencoder,366,0.057629
6,tflite_autoencoder,367,0.058444
6,tflite_autoencoder,368,0.057592
6,tflite_autoencoder,369,0.07263
6,tflite_autoencoder,370,0.062444
6,tflite_autoencoder,371,0.058797
6,tflite_autoencoder,372,0.058686
6,tflite_autoencoder,373,0.058186
6,tflite_autoencoder,374,0.057981
6,tflite_autoencoder,375,0.057463
6,tflite_autoencoder,376,0.057315
6,tflite_autoencoder,377,0.057278
6,tflite_autoencoder,378,0.057685
6,tflite_autoencoder,379,0.058037
6,tflite_autoencoder,380,0.05863
6,tflite_autoencoder,381,0.058741
6,tflite_autoencoder,382,0.058741
6,tflite_autoencoder,383,0.057463
6,tflite_autoencoder,384,0.057852
6,tflite_autoencoder,385,0.057518
6,tflite_autoencoder,386,0.056889
6,tflite_autoencoder,387,0.057352
6,tflite_autoencoder,388,0.058555
6,tflite_autoencoder,389,0.058519
6,tflite_autoencoder,390,0.058111
6,tflite_autoencoder,391,0.058685
6,tflite_autoencoder,392,0.058166
6,tflite_autoencoder,393,0.058333
6,tflite_autoencoder,394,0.061278
6,tflite_autoencoder,395,0.058222
6,tflite_autoencoder,396,0.058333
6,tflite_autoencoder,397,0.058574
6,tflite_autoencoder,398,0.058092
6,tflite_autoencoder,399,0.058926
6,tflite_autoencoder,400,0.05724
6,tflite_autoencoder,401,0.058111
6,tflite_autoencoder,402,0.057686
6,tflite_autoencoder,403,0.058278
6,tflite_autoencoder,404,0.058481
6,tflite_autoencoder,405,0.058907
6,tflite_autoencoder,406,0.05763
6,tflite_autoencoder,407,0.057148
6,tflite_autoencoder,408,0.058204
6,tflite_autoencoder,409,0.057389
6,tflite_autoencoder,410,0.057889
6,tflite_autoencoder,411,0.057666
6,tflite_autoencoder,412,0.057407
6,tflite_autoencoder,413,0.058074
6,tflite_autoencoder,414,0.057241
6,tflite_autoencoder,415,0.058556
6,tflite_autoencoder,416,0.057759
6,tflite_autoencoder,417,0.058055
6,tflite_autoencoder,418,0.057333
6,tflite_autoencoder,419,0.057074
6,tflite_autoencoder,420,0.057314
6,tflite_autoencoder,421,0.058389
6,tflite_autoencoder,422,0.058444
6,tflite_autoencoder,423,0.05737
6,tflite_autoencoder,424,0.057648
6,tflite_autoencoder,425,0.058148
6,tflite_autoencoder,426,0.057277
6,tflite_autoencoder,427,0.057907
6,tflite_autoencoder,428,0.058129
6,tflite_autoencoder,429,0.058482
6,tflite_autoencoder,430,0.057056
6,tflite_autoencoder,431,0.059
6,tflite_autoencoder,432,0.058111
6,tflite_autoencoder,433,0.057388
6,tflite_autoencoder,434,0.058945
6,tflite_autoencoder,435,0.057796
6,tflite_autoencoder,436,0.067259
6,tflite_autoencoder,437,0.067203
6,tflite_autoencoder,438,0.059351
6,tflite_autoencoder,439,0.058834
6,tflite_autoencoder,440,0.058148
6,tflite_autoencoder,441,0.05726
6,tflite_autoencoder,442,0.057574
6,tflite_autoencoder,443,0.058334
6,tflite_autoencoder,444,0.057778
6,tflite_autoencoder,445,0.0575
6,tflite_autoencoder,446,0.057334
6,tflite_autoencoder,447,0.057333
6,tflite_autoencoder,448,0.056537
6,tflite_autoencoder,449,0.057315
6,tflite_autoencoder,450,0.056666
6,tflite_autoencoder,451,0.058055
6,tflite_autoencoder,452,0.056963
6,tflite_autoencoder,453,0.057296
6,tflite_autoencoder,454,0.057
6,tflite_autoencoder,455,0.0565
6,tflite_autoencoder,456,0.057352
6,tflite_autoencoder,457,0.057722
6,tflite_autoencoder,458,0.057093
6,tflite_autoencoder,459,0.056815
6,tflite_autoencoder,460,0.057129
6,tflite_autoencoder,461,0.056925
6,tflite_autoencoder,462,0.05763
6,tflite_autoencoder,463,0.057537
6,tflite_autoencoder,464,0.057
6,tflite_autoencoder,465,0.057277
6,tflite_autoencoder,466,0.056963
6,tflite_autoencoder,467,0.057611
6,tflite_autoencoder,468,0.057463
6,tflite_autoencoder,469,0.056852
6,tflite_autoencoder,470,0.057389
6,tflite_autoencoder,471,0.058704
6,tflite_autoencoder,472,0.057352
6,tflite_autoencoder,473,0.057963
6,tflite_autoencoder,474,0.057556
6,tflite_autoencoder,475,0.058
6,tflite_autoencoder,476,0.057481
6,tflite_autoencoder,477,0.05737
6,tflite_autoencoder,478,0.069963
6,tflite_autoencoder,479,0.058982
6,tflite_autoencoder,480,0.05774
6,tflite_autoencoder,481,0.058111
6,tflite_autoencoder,482,0.058166
6,tflite_autoencoder,483,0.056833
6,tflite_autoencoder,484,0.057333
6,tflite_autoencoder,485,0.056796
6,tflite_autoencoder,486,0.057833
6,tflite_autoencoder,487,0.057315
6,tflite_autoencoder,488,0.057666
6,tflite_autoencoder,489,0.057037
6,tflite_autoencoder,490,0.057111
6,tflite_autoencoder,491,0.058241
6,tflite_autoencoder,492,0.05763
6,tflite_autoencoder,493,0.058703
6,tflite_autoencoder,494,0.057722
6,tflite_autoencoder,495,0.056889
6,tflite_autoencoder,496,0.057444
6,tflite_autoencoder,497,0.057278
6,tflite_autoencoder,498,0.058093
6,tflite_autoencoder,499,0.057796
6,tflite_autoencoder,500,0.057759
6,tflite_autoencoder,501,0.057574
6,tflite_autoencoder,502,0.057315
6,tflite_autoencoder,503,0.056722
6,tflite_autoencoder,504,0.066685
6,tflite_autoencoder,505,0.0625
6,tflite_autoencoder,506,0.059259
6,tflite_autoencoder,507,0.059889
6,tflite_autoencoder,508,0.057444
6,tflite_autoencoder,509,0.058
6,tflite_autoencoder,510,0.057704
6,tflite_autoencoder,511,0.057704
6,tflite_autoencoder,512,0.0565
6,tflite_autoencoder,513,0.05737
6,tflite_autoencoder,514,0.057259
6,tflite_autoencoder,515,0.057908
6,tflite_autoencoder,516,0.057778
6,tflite_autoencoder,517,0.057722
6,tflite_autoencoder,518,0.057907
6,tflite_autoencoder,519,0.057481
6,tflite_autoencoder,520,0.057926
6,tflite_autoencoder,521,0.058277
6,tflite_autoencoder,522,0.058722
6,tflite_autoencoder,523,0.05837
6,tflite_autoencoder,524,0.057704
6,tflite_autoencoder,525,0.056814
6,tflite_autoencoder,526,0.057907
6,tflite_autoencoder,527,0.057408
6,tflite_autoencoder,528,0.057722
6,tflite_autoencoder,529,0.05687
6,tflite_autoencoder,530,0.057241
6,tflite_autoencoder,531,0.057908
6,tflite_autoencoder,532,0.057519
6,tflite_autoencoder,533,0.0575
6,tflite_autoencoder,534,0.056722
6,tflite_autoencoder,535,0.0575
6,tflite_autoencoder,536,0.057389
6,tflite_autoencoder,537,0.057778
6,tflite_autoencoder,538,0.057778
6,tflite_autoencoder,539,0.057185
6,tflite_autoencoder,540,0.057185
6,tflite_autoencoder,541,0.057259
6,tflite_autoencoder,542,0.057759
6,tflite_autoencoder,543,0.057222
6,tflite_autoencoder,544,0.057111
6,tflite_autoencoder,545,0.0575
6,tflite_autoencoder,546,0.057648
6,tflite_autoencoder,547,0.057833
6,tflite_autoencoder,548,0.057592
6,tflite_autoencoder,549,0.057796
6,tflite_autoencoder,550,0.058222
6,tflite_autoencoder,551,0.057204
6,tflite_autoencoder,552,0.056685
6,tflite_autoencoder,553,0.057204
6,tflite_autoencoder,554,0.057852
6,tflite_autoencoder,555,0.057241
6,tflite_autoencoder,556,0.057704
6,tflite_autoencoder,557,0.056982
6,tflite_autoencoder,558,0.056907
6,tflite_autoencoder,559,0.058444
6,tflite_autoencoder,560,0.058648
6,tflite_autoencoder,561,0.05813
6,tflite_autoencoder,562,0.057148
6,tflite_autoencoder,563,0.057222
6,tflite_autoencoder,564,0.056851
6,tflite_autoencoder,565,0.057352
6,tflite_autoencoder,566,0.057944
6,tflite_autoencoder,567,0.057426
6,tflite_autoencoder,568,0.058018
6,tflite_autoencoder,569,0.057093
6,tflite_autoencoder,570,0.057666
6,tflite_autoencoder,571,0.057518
6,tflite_autoencoder,572,0.069333
6,tflite_autoencoder,573,0.064611
6,tflite_autoencoder,574,0.059371
6,tflite_autoencoder,575,0.057889
6,tflite_autoencoder,576,0.057611
6,tflite_autoencoder,577,0.057648
6,tflite_autoencoder,578,0.057537
6,tflite_autoencoder,579,0.0585
6,tflite_autoencoder,580,0.058315
6,tflite_autoencoder,581,0.058204
6,tflite_autoencoder,582,0.059204
6,tflite_autoencoder,583,0.058
6,tflite_autoencoder,584,0.057907
6,tflite_autoencoder,585,0.057982
6,tflite_autoencoder,586,0.057407
6,tflite_autoencoder,587,0.05713
6,tflite_autoencoder,588,0.05713
6,tflite_autoencoder,589,0.057797
6,tflite_autoencoder,590,0.057574
6,tflite_autoencoder,591,0.057537
6,tflite_autoencoder,592,0.057074
6,tflite_autoencoder,593,0.056982
6,tflite_autoencoder,594,0.057981
6,tflite_autoencoder,595,0.05763
6,tflite_autoencoder,596,0.058037
6,tflite_autoencoder,597,0.057482
6,tflite_autoencoder,598,0.057388
6,tflite_autoencoder,599,0.057945
6,tflite_autoencoder,600,0.05674
6,tflite_autoencoder,601,0.058629
6,tflite_autoencoder,602,0.056704
6,tflite_autoencoder,603,0.056703
6,tflite_autoencoder,604,0.05737
6,tflite_autoencoder,605,0.068537
6,tflite_autoencoder,606,0.059333
6,tflite_autoencoder,607,0.057981
6,tflite_autoencoder,608,0.056925
6,tflite_autoencoder,609,0.056666
6,tflite_autoencoder,610,0.056852
6,tflite_autoencoder,611,0.057129
6,tflite_autoencoder,612,0.058333
6,tflite_autoencoder,613,0.056574
6,tflite_autoencoder,614,0.057759
6,tflite_autoencoder,615,0.056759
6,tflite_autoencoder,616,0.057519
6,tflite_autoencoder,617,0.057722
6,tflite_autoencoder,618,0.056833
6,tflite_autoencoder,619,0.056685
6,tflite_autoencoder,620,0.057555
6,tflite_autoencoder,621,0.056722
6,tflite_autoencoder,622,0.057167
6,tflite_autoencoder,623,0.057333
6,tflite_autoencoder,624,0.057074
6,tflite_autoencoder,625,0.057833
6,tflite_autoencoder,626,0.056982
6,tflite_autoencoder,627,0.056537
6,tflite_autoencoder,628,0.056981
6,tflite_autoencoder,629,0.058056
6,tflite_autoencoder,630,0.058186
6,tflite_autoencoder,631,0.056963
6,tflite_autoencoder,632,0.056556
6,tflite_autoencoder,633,0.056963
6,tflite_autoencoder,634,0.057277
6,tflite_autoencoder,635,0.057352
6,tflite_autoencoder,636,0.056908
6,tflite_autoencoder,637,0.056611
6,tflite_autoencoder,638,0.057
6,tflite_autoencoder,639,0.056759
6,tflite_autoencoder,640,0.065759
6,tflite_autoencoder,641,0.060019
6,tflite_autoencoder,642,0.05813
6,tflite_autoencoder,643,0.057352
6,tflite_autoencoder,644,0.05737
6,tflite_autoencoder,645,0.057129
6,tflite_autoencoder,646,0.057296
6,tflite_autoencoder,647,0.057704
6,tflite_autoencoder,648,0.057167
6,tflite_autoencoder,649,0.058944
6,tflite_autoencoder,650,0.05713
6,tflite_autoencoder,651,0.056981
6,tflite_autoencoder,652,0.057204
6,tflite_autoencoder,653,0.0575
6,tflite_autoencoder,654,0.056963
6,tflite_autoencoder,655,0.057463
6,tflite_autoencoder,656,0.056834
6,tflite_autoencoder,657,0.057944
6,tflite_autoencoder,658,0.057519
6,tflite_autoencoder,659,0.057907
6,tflite_autoencoder,660,0.05687
6,tflite_autoencoder,661,0.056463
6,tflite_autoencoder,662,0.056815
6,tflite_autoencoder,663,0.058334
6,tflite_autoencoder,664,0.058351
6,tflite_autoencoder,665,0.056945
6,tflite_autoencoder,666,0.057259
6,tflite_autoencoder,667,0.057278
6,tflite_autoencoder,668,0.057888
6,tflite_autoencoder,669,0.057389
6,tflite_autoencoder,670,0.057519
6,tflite_autoencoder,671,0.056889
6,tflite_autoencoder,672,0.056648
6,tflite_autoencoder,673,0.057611
6,tflite_autoencoder,674,0.057833
6,tflite_autoencoder,675,0.05687
6,tflite_autoencoder,676,0.056611
6,tflite_autoencoder,677,0.057944
6,tflite_autoencoder,678,0.057297
6,tflite_autoencoder,679,0.057667
6,tflite_autoencoder,680,0.057018
6,tflite_autoencoder,681,0.056537
6,tflite_autoencoder,682,0.05763
6,tflite_autoencoder,683,0.057463
6,tflite_autoencoder,684,0.056925
6,tflite_autoencoder,685,0.057518
6,tflite_autoencoder,686,0.056907
6,tflite_autoencoder,687,0.058537
6,tflite_autoencoder,688,0.058222
6,tflite_autoencoder,689,0.057908
6,tflite_autoencoder,690,0.057222
6,tflite_autoencoder,691,0.057981
6,tflite_autoencoder,692,0.057611
6,tflite_autoencoder,693,0.057222
6,tflite_autoencoder,694,0.057834
6,tflite_autoencoder,695,0.058223
6,tflite_autoencoder,696,0.058074
6,tflite_autoencoder,697,0.05687
6,tflite_autoencoder,698,0.057185
6,tflite_autoencoder,699,0.056889
6,tflite_autoencoder,700,0.0575
6,tflite_autoencoder,701,0.057759
6,tflite_autoencoder,702,0.057796
6,tflite_autoencoder,703,0.056666
6,tflite_autoencoder,704,0.057759
6,tflite_autoencoder,705,0.057648
6,tflite_autoencoder,706,0.058333
6,tflite_autoencoder,707,0.05774
6,tflite_autoencoder,708,0.065203
6,tflite_autoencoder,709,0.064407
6,tflite_autoencoder,710,0.059129
6,tflite_autoencoder,711,0.058222
6,tflite_autoencoder,712,0.057333
6,tflite_autoencoder,713,0.057815
6,tflite_autoencoder,714,0.0575
6,tflite_autoencoder,715,0.057574
6,tflite_autoencoder,716,0.057296
6,tflite_autoencoder,717,0.057203
6,tflite_autoencoder,718,0.057371
6,tflite_autoencoder,719,0.057352
6,tflite_autoencoder,720,0.057426
6,tflite_autoencoder,721,0.05763
6,tflite_autoencoder,722,0.058834
6,tflite_autoencoder,723,0.057685
6,tflite_autoencoder,724,0.05837
6,tflite_autoencoder,725,0.05737
6,tflite_autoencoder,726,0.057352
6,tflite_autoencoder,727,0.058037
6,tflite_autoencoder,728,0.057407
6,tflite_autoencoder,729,0.058611
6,tflite_autoencoder,730,0.058018
6,tflite_autoencoder,731,0.057333
6,tflite_autoencoder,732,0.068593
6,tflite_autoencoder,733,0.059277
6,tflite_autoencoder,734,0.057278
6,tflite_autoencoder,735,0.057556
6,tflite_autoencoder,736,0.057
6,tflite_autoencoder,737,0.057074
6,tflite_autoencoder,738,0.057814
6,tflite_autoencoder,739,0.057129
6,tflite_autoencoder,740,0.057351
6,tflite_autoencoder,741,0.05687
6,tflite_autoencoder,742,0.058333
6,tflite_autoencoder,743,0.057796
6,tflite_autoencoder,744,0.057444
6,tflite_autoencoder,745,0.057
6,tflite_autoencoder,746,0.057407
6,tflite_autoencoder,747,0.056962
6,tflite_autoencoder,748,0.057963
6,tflite_autoencoder,749,0.057204
6,tflite_autoencoder,750,0.056963
6,tflite_autoencoder,751,0.057093
6,tflite_autoencoder,752,0.057037
6,tflite_autoencoder,753,0.057518
6,tflite_autoencoder,754,0.0575
6,tflite_autoencoder,755,0.057018
6,tflite_autoencoder,756,0.057278
6,tflite_autoencoder,757,0.057019
6,tflite_autoencoder,758,0.05824
6,tflite_autoencoder,759,0.057444
6,tflite_autoencoder,761,0.058037
6,tflite_autoencoder,762,0.056556
6,tflite_autoencoder,763,0.058834
6,tflite_autoencoder,764,0.057241
6,tflite_autoencoder,765,0.057648
6,tflite_autoencoder,766,0.058648
6,tflite_autoencoder,767,0.057852
6,tflite_autoencoder,768,0.056556
6,tflite_autoencoder,769,0.057203
6,tflite_autoencoder,770,0.057629
6,tflite_autoencoder,771,0.056852
6,tflite_autoencoder,772,0.057425
6,tflite_autoencoder,773,0.05826
6,tflite_autoencoder,774,0.056925
6,tflite_autoencoder,775,0.057185
6,tflite_autoencoder,776,0.056981
6,tflite_autoencoder,777,0.06787
6,tflite_autoencoder,778,0.061814
6,tflite_autoencoder,779,0.058704
6,tflite_autoencoder,780,0.057982
6,tflite_autoencoder,781,0.058352
6,tflite_autoencoder,782,0.057667
6,tflite_autoencoder,783,0.056944
6,tflite_autoencoder,784,0.057722
6,tflite_autoencoder,785,0.05824
6,tflite_autoencoder,786,0.057222
6,tflite_autoencoder,787,0.058037
6,tflite_autoencoder,788,0.057408
6,tflite_autoencoder,789,0.057444
6,tflite_autoencoder,790,0.056648
6,tflite_autoencoder,791,0.057907
6,tflite_autoencoder,792,0.05687
6,tflite_autoencoder,793,0.057889
6,tflite_autoencoder,794,0.057648
6,tflite_autoencoder,795,0.057407
6,tflite_autoencoder,796,0.057389
6,tflite_autoencoder,797,0.056982
6,tflite_autoencoder,798,0.057648
6,tflite_autoencoder,799,0.057167
6,tflite_autoencoder,800,0.056685
6,tflite_autoencoder,801,0.056518
6,tflite_autoencoder,802,0.056722
6,tflite_autoencoder,803,0.056871
6,tflite_autoencoder,804,0.057111
6,tflite_autoencoder,805,0.05687
6,tflite_autoencoder,806,0.056945
6,tflite_autoencoder,807,0.056926
6,tflite_autoencoder,808,0.056852
6,tflite_autoencoder,809,0.057019
6,tflite_autoencoder,810,0.057889
6,tflite_autoencoder,811,0.057648
6,tflite_autoencoder,812,0.057796
6,tflite_autoencoder,813,0.057167
6,tflite_autoencoder,814,0.057223
6,tflite_autoencoder,815,0.057278
6,tflite_autoencoder,816,0.058148
6,tflite_autoencoder,817,0.058203
6,tflite_autoencoder,818,0.057537
6,tflite_autoencoder,819,0.057814
6,tflite_autoencoder,820,0.057722
6,tflite_autoencoder,821,0.056926
6,tflite_autoencoder,822,0.057463
6,tflite_autoencoder,823,0.057778
6,tflite_autoencoder,824,0.058963
6,tflite_autoencoder,825,0.058056
6,tflite_autoencoder,826,0.058333
6,tflite_autoencoder,827,0.057241
6,tflite_autoencoder,828,0.056759
6,tflite_autoencoder,829,0.057444
6,tflite_autoencoder,830,0.057111
6,tflite_autoencoder,831,0.058389
6,tflite_autoencoder,832,0.058111
6,tflite_autoencoder,833,0.057981
6,tflite_autoencoder,834,0.057482
6,tflite_autoencoder,835,0.057074
6,tflite_autoencoder,836,0.057741
6,tflite_autoencoder,837,0.05713
6,tflite_autoencoder,838,0.057593
6,tflite_autoencoder,839,0.057074
6,tflite_autoencoder,840,0.056982
6,tflite_autoencoder,841,0.057167
6,tflite_autoencoder,842,0.056796
6,tflite_autoencoder,843,0.058241
6,tflite_autoencoder,844,0.057777
6,tflite_autoencoder,845,0.057722
6,tflite_autoencoder,846,0.074611
6,tflite_autoencoder,847,0.061333
6,tflite_autoencoder,848,0.058333
6,tflite_autoencoder,849,0.05774
6,tflite_autoencoder,850,0.057833
6,tflite_autoencoder,851,0.057351
6,tflite_autoencoder,852,0.057278
6,tflite_autoencoder,853,0.057741
6,tflite_autoencoder,854,0.057629
6,tflite_autoencoder,855,0.057352
6,tflite_autoencoder,856,0.058148
6,tflite_autoencoder,857,0.05713
6,tflite_autoencoder,858,0.058111
6,tflite_autoencoder,859,0.057055
6,tflite_autoencoder,860,0.067741
6,tflite_autoencoder,861,0.058981
6,tflite_autoencoder,862,0.05787
6,tflite_autoencoder,863,0.057907
6,tflite_autoencoder,864,0.057352
6,tflite_autoencoder,865,0.057796
6,tflite_autoencoder,866,0.056796
6,tflite_autoencoder,867,0.056667
6,tflite_autoencoder,868,0.057167
6,tflite_autoencoder,869,0.057278
6,tflite_autoencoder,870,0.056889
6,tflite_autoencoder,871,0.056759
6,tflite_autoencoder,872,0.057518
6,tflite_autoencoder,873,0.056648
6,tflite_autoencoder,874,0.056593
6,tflite_autoencoder,875,0.056982
6,tflite_autoencoder,876,0.057185
6,tflite_autoencoder,877,0.057592
6,tflite_autoencoder,878,0.057463
6,tflite_autoencoder,879,0.057463
6,tflite_autoencoder,880,0.056963
6,tflite_autoencoder,881,0.056926
6,tflite_autoencoder,882,0.056537
6,tflite_autoencoder,883,0.056686
6,tflite_autoencoder,884,0.056777
6,tflite_autoencoder,885,0.056648
6,tflite_autoencoder,886,0.057333
6,tflite_autoencoder,887,0.056722
6,tflite_autoencoder,888,0.057407
6,tflite_autoencoder,889,0.057148
6,tflite_autoencoder,890,0.056852
6,tflite_autoencoder,891,0.056648
6,tflite_autoencoder,892,0.057426
6,tflite_autoencoder,893,0.057111
6,tflite_autoencoder,894,0.057037
6,tflite_autoencoder,895,0.056537
6,tflite_autoencoder,896,0.057888
6,tflite_autoencoder,897,0.05737
6,tflite_autoencoder,898,0.057574
6,tflite_autoencoder,899,0.057111
6,tflite_autoencoder,900,0.057056
6,tflite_autoencoder,901,0.057388
6,tflite_autoencoder,902,0.057667
6,tflite_autoencoder,903,0.056945
6,tflite_autoencoder,904,0.056871
6,tflite_autoencoder,905,0.056889
6,tflite_autoencoder,906,0.057111
6,tflite_autoencoder,907,0.057296
6,tflite_autoencoder,908,0.057037
6,tflite_autoencoder,909,0.057518
6,tflite_autoencoder,910,0.05663
6,tflite_autoencoder,911,0.05826
6,tflite_autoencoder,912,0.057314
6,tflite_autoencoder,913,0.057111
6,tflite_autoencoder,914,0.070315
6,tflite_autoencoder,915,0.059
6,tflite_autoencoder,916,0.057315
6,tflite_autoencoder,917,0.056833
6,tflite_autoencoder,918,0.058481
6,tflite_autoencoder,919,0.057686
6,tflite_autoencoder,920,0.057537
6,tflite_autoencoder,921,0.056833
6,tflite_autoencoder,922,0.057037
6,tflite_autoencoder,923,0.057871
6,tflite_autoencoder,924,0.057314
6,tflite_autoencoder,925,0.057667
6,tflite_autoencoder,926,0.057481
6,tflite_autoencoder,927,0.057334
6,tflite_autoencoder,928,0.057148
6,tflite_autoencoder,929,0.057981
6,tflite_autoencoder,930,0.057574
6,tflite_autoencoder,931,0.057722
6,tflite_autoencoder,932,0.057036
6,tflite_autoencoder,933,0.057129
6,tflite_autoencoder,934,0.057037
6,tflite_autoencoder,935,0.056945
6,tflite_autoencoder,936,0.05674
6,tflite_autoencoder,937,0.056722
6,tflite_autoencoder,938,0.056537
6,tflite_autoencoder,939,0.05737
6,tflite_autoencoder,940,0.056778
6,tflite_autoencoder,941,0.057204
6,tflite_autoencoder,942,0.057037
6,tflite_autoencoder,943,0.057093
6,tflite_autoencoder,944,0.056944
6,tflite_autoencoder,945,0.057518
6,tflite_autoencoder,946,0.056907
6,tflite_autoencoder,947,0.058148
6,tflite_autoencoder,948,0.057037
6,tflite_autoencoder,949,0.057167
6,tflite_autoencoder,950,0.057037
6,tflite_autoencoder,951,0.057537
6,tflite_autoencoder,952,0.057055
6,tflite_autoencoder,953,0.057333
6,tflite_autoencoder,954,0.057833
6,tflite_autoencoder,955,0.057259
6,tflite_autoencoder,956,0.05763
6,tflite_autoencoder,957,0.057185
6,tflite_autoencoder,958,0.058556
6,tflite_autoencoder,959,0.058352
6,tflite_autoencoder,960,0.058389
6,tflite_autoencoder,961,0.056703
6,tflite_autoencoder,962,0.05687
6,tflite_autoencoder,963,0.056704
6,tflite_autoencoder,964,0.057333
6,tflite_autoencoder,965,0.057536
6,tflite_autoencoder,966,0.056667
6,tflite_autoencoder,967,0.057685
6,tflite_autoencoder,968,0.05674
6,tflite_autoencoder,969,0.057037
6,tflite_autoencoder,970,0.05787
6,tflite_autoencoder,971,0.056574
6,tflite_autoencoder,972,0.0575
6,tflite_autoencoder,973,0.057889
6,tflite_autoencoder,974,0.058333
6,tflite_autoencoder,975,0.057963
6,tflite_autoencoder,976,0.057796
6,tflite_autoencoder,977,0.0575
6,tflite_autoencoder,978,0.057018
6,tflite_autoencoder,979,0.057481
6,tflite_autoencoder,980,0.05787
6,tflite_autoencoder,981,0.058111
6,tflite_autoencoder,982,0.079481
6,tflite_autoencoder,983,0.062315
6,tflite_autoencoder,984,0.058907
6,tflite_autoencoder,985,0.058297
6,tflite_autoencoder,986,0.05737
6,tflite_autoencoder,987,0.067592
6,tflite_autoencoder,988,0.059297
6,tflite_autoencoder,989,0.058666
6,tflite_autoencoder,990,0.058222
6,tflite_autoencoder,991,0.057852
6,tflite_autoencoder,992,0.056908
6,tflite_autoencoder,993,0.057167
6,tflite_autoencoder,994,0.056852
6,tflite_autoencoder,995,0.057852
6,tflite_autoencoder,996,0.057518
6,tflite_autoencoder,997,0.057148
6,tflite_autoencoder,998,0.057148
6,tflite_autoencoder,999,0.057426
6,tflite_autoencoder,1000,0.0565
6,tflite_autoencoder,1001,0.057722
6,tflite_autoencoder,1002,0.057611
6,tflite_autoencoder,1003,0.056907
6,tflite_autoencoder,1004,0.056445
6,tflite_autoencoder,1005,0.057259
6,tflite_autoencoder,1006,0.057518
6,tflite_autoencoder,1007,0.057
6,tflite_autoencoder,1008,0.057315
6,tflite_autoencoder,1009,0.057352
6,tflite_autoencoder,1010,0.057907
6,tflite_autoencoder,1011,0.057093
6,tflite_autoencoder,1012,0.057277
6,tflite_autoencoder,1013,0.057092
6,tflite_autoencoder,1014,0.056778
6,tflite_autoencoder,1015,0.057666
6,tflite_autoencoder,1016,0.057407
6,tflite_autoencoder,1017,0.056685
6,tflite_autoencoder,1018,0.056629
6,tflite_autoencoder,1019,0.058148
6,tflite_autoencoder,1020,0.056963
6,tflite_autoencoder,1021,0.057797
6,tflite_autoencoder,1022,0.056667
6,tflite_autoencoder,1023,0.056611
6,tflite_autoencoder,1024,0.057537
6,tflite_autoencoder,1025,0.057704
6,tflite_autoencoder,1026,0.057092
6,tflite_autoencoder,1027,0.056889
6,tflite_autoencoder,1028,0.057222
6,tflite_autoencoder,1029,0.057759
6,tflite_autoencoder,1030,0.057297
6,tflite_autoencoder,1031,0.056686
6,tflite_autoencoder,1032,0.057111
6,tflite_autoencoder,1033,0.056814
6,tflite_autoencoder,1034,0.058166
6,tflite_autoencoder,1035,0.058148
6,tflite_autoencoder,1036,0.058129
6,tflite_autoencoder,1037,0.057722
6,tflite_autoencoder,1038,0.057259
6,tflite_autoencoder,1039,0.057333
6,tflite_autoencoder,1040,0.057055
6,tflite_autoencoder,1041,0.058223
6,tflite_autoencoder,1042,0.0575
6,tflite_autoencoder,1043,0.057797
6,tflite_autoencoder,1044,0.061574
6,tflite_autoencoder,1045,0.064759
6,tflite_autoencoder,1046,0.057944
6,tflite_autoencoder,1047,0.059926
6,tflite_autoencoder,1048,0.058
6,tflite_autoencoder,1049,0.066389
6,tflite_autoencoder,1050,0.064982
6,tflite_autoencoder,1051,0.058796
6,tflite_autoencoder,1052,0.058074
6,tflite_autoencoder,1053,0.057889
6,tflite_autoencoder,1054,0.057797
6,tflite_autoencoder,1055,0.05813
6,tflite_autoencoder,1056,0.058389
6,tflite_autoencoder,1057,0.057852
6,tflite_autoencoder,1058,0.057314
6,tflite_autoencoder,1059,0.057241
6,tflite_autoencoder,1060,0.056888
6,tflite_autoencoder,1061,0.058129
6,tflite_autoencoder,1062,0.057778
6,tflite_autoencoder,1063,0.057593
6,tflite_autoencoder,1064,0.057592
6,tflite_autoencoder,1065,0.059092
6,tflite_autoencoder,1066,0.057926
6,tflite_autoencoder,1067,0.057352
6,tflite_autoencoder,1068,0.056907
6,tflite_autoencoder,1069,0.057685
6,tflite_autoencoder,1070,0.057
6,tflite_autoencoder,1071,0.05813
6,tflite_autoencoder,1072,0.057537
6,tflite_autoencoder,1073,0.057981
6,tflite_autoencoder,1074,0.057
6,tflite_autoencoder,1075,0.057833
6,tflite_autoencoder,1076,0.057574
6,tflite_autoencoder,1077,0.057056
6,tflite_autoencoder,1078,0.057686
6,tflite_autoencoder,1079,0.057407
6,tflite_autoencoder,1080,0.056777
6,tflite_autoencoder,1081,0.057407
6,tflite_autoencoder,1082,0.056778
6,tflite_autoencoder,1083,0.057278
6,tflite_autoencoder,1084,0.05724
6,tflite_autoencoder,1085,0.056833
6,tflite_autoencoder,1086,0.056963
6,tflite_autoencoder,1087,0.057667
6,tflite_autoencoder,1088,0.057556
6,tflite_autoencoder,1089,0.057667
6,tflite_autoencoder,1090,0.056445
6,tflite_autoencoder,1091,0.056759
6,tflite_autoencoder,1092,0.057407
6,tflite_autoencoder,1093,0.057426
6,tflite_autoencoder,1094,0.056926
6,tflite_autoencoder,1095,0.057445
6,tflite_autoencoder,1096,0.057759
6,tflite_autoencoder,1097,0.057074
6,tflite_autoencoder,1098,0.058055
6,tflite_autoencoder,1099,0.057481
6,tflite_autoencoder,1100,0.057112
6,tflite_autoencoder,1101,0.057019
6,tflite_autoencoder,1102,0.05774
6,tflite_autoencoder,1103,0.057926
6,tflite_autoencoder,1104,0.057148
6,tflite_autoencoder,1105,0.058129
6,tflite_autoencoder,1106,0.058518
6,tflite_autoencoder,1107,0.057741
6,tflite_autoencoder,1108,0.057833
6,tflite_autoencoder,1109,0.061741
6,tflite_autoencoder,1110,0.074296
6,tflite_autoencoder,1111,0.068796
6,tflite_autoencoder,1112,0.066445
6,tflite_autoencoder,1113,0.069556
6,tflite_autoencoder,1114,0.075685
6,tflite_autoencoder,1115,0.060759
6,tflite_autoencoder,1116,0.075519
6,tflite_autoencoder,1117,0.065463
6,tflite_autoencoder,1118,0.058537
6,tflite_autoencoder,1119,0.059592
6,tflite_autoencoder,1120,0.058148
6,tflite_autoencoder,1121,0.058814
6,tflite_autoencoder,1122,0.057926
6,tflite_autoencoder,1123,0.057537
6,tflite_autoencoder,1124,0.05674
6,tflite_autoencoder,1125,0.057296
6,tflite_autoencoder,1126,0.057055
6,tflite_autoencoder,1127,0.058759
6,tflite_autoencoder,1128,0.057222
6,tflite_autoencoder,1129,0.058648
6,tflite_autoencoder,1130,0.057944
6,tflite_autoencoder,1131,0.056815
6,tflite_autoencoder,1132,0.057815
6,tflite_autoencoder,1133,0.056722
6,tflite_autoencoder,1134,0.056389
6,tflite_autoencoder,1135,0.057296
6,tflite_autoencoder,1136,0.058056
6,tflite_autoencoder,1137,0.056833
6,tflite_autoencoder,1138,0.057315
6,tflite_autoencoder,1139,0.057315
6,tflite_autoencoder,1140,0.056481
6,tflite_autoencoder,1141,0.056685
6,tflite_autoencoder,1142,0.057019
6,tflite_autoencoder,1143,0.057185
6,tflite_autoencoder,1144,0.057056
6,tflite_autoencoder,1145,0.057111
6,tflite_autoencoder,1146,0.05774
6,tflite_autoencoder,1147,0.058222
6,tflite_autoencoder,1148,0.056907
6,tflite_autoencoder,1149,0.057018
6,tflite_autoencoder,1150,0.0575
6,tflite_autoencoder,1151,0.056722
6,tflite_autoencoder,1152,0.058389
6,tflite_autoencoder,1153,0.058278
6,tflite_autoencoder,1154,0.0575
6,tflite_autoencoder,1155,0.057426
6,tflite_autoencoder,1156,0.05687
6,tflite_autoencoder,1157,0.056851
6,tflite_autoencoder,1158,0.057389
6,tflite_autoencoder,1159,0.056315
6,tflite_autoencoder,1160,0.057278
6,tflite_autoencoder,1161,0.058537
6,tflite_autoencoder,1162,0.05737
6,tflite_autoencoder,1163,0.057148
6,tflite_autoencoder,1164,0.057648
6,tflite_autoencoder,1165,0.057463
6,tflite_autoencoder,1166,0.056778
6,tflite_autoencoder,1167,0.0575
6,tflite_autoencoder,1168,0.057648
6,tflite_autoencoder,1169,0.056148
6,tflite_autoencoder,1170,0.057259
6,tflite_autoencoder,1171,0.057371
6,tflite_autoencoder,1172,0.05737
6,tflite_autoencoder,1173,0.057722
6,tflite_autoencoder,1174,0.058092
6,tflite_autoencoder,1175,0.056759
6,tflite_autoencoder,1176,0.056778
6,tflite_autoencoder,1177,0.0575
6,tflite_autoencoder,1178,0.056963
6,tflite_autoencoder,1179,0.056796
6,tflite_autoencoder,1180,0.058556
6,tflite_autoencoder,1181,0.057741
6,tflite_autoencoder,1182,0.057648
6,tflite_autoencoder,1183,0.05763
6,tflite_autoencoder,1184,0.075611
6,tflite_autoencoder,1185,0.064629
6,tflite_autoencoder,1186,0.059167
6,tflite_autoencoder,1187,0.058277
6,tflite_autoencoder,1188,0.057611
6,tflite_autoencoder,1189,0.057648
6,tflite_autoencoder,1190,0.058444
6,tflite_autoencoder,1191,0.058037
6,tflite_autoencoder,1192,0.057685
6,tflite_autoencoder,1193,0.057741
6,tflite_autoencoder,1194,0.057204
6,tflite_autoencoder,1195,0.057426
6,tflite_autoencoder,1196,0.057426
6,tflite_autoencoder,1197,0.058259
6,tflite_autoencoder,1198,0.057445
6,tflite_autoencoder,1199,0.057574
6,tflite_autoencoder,1200,0.057018
6,tflite_autoencoder,1201,0.057759
6,tflite_autoencoder,1202,0.057333
6,tflite_autoencoder,1203,0.057352
6,tflite_autoencoder,1204,0.058537
6,tflite_autoencoder,1205,0.057407
6,tflite_autoencoder,1206,0.057944
6,tflite_autoencoder,1207,0.057203
6,tflite_autoencoder,1208,0.057037
6,tflite_autoencoder,1209,0.058204
6,tflite_autoencoder,1210,0.057926
6,tflite_autoencoder,1211,0.057203
6,tflite_autoencoder,1212,0.058722
6,tflite_autoencoder,1213,0.057482
6,tflite_autoencoder,1214,0.057666
6,tflite_autoencoder,1215,0.057074
6,tflite_autoencoder,1216,0.056926
6,tflite_autoencoder,1217,0.058241
6,tflite_autoencoder,1218,0.057204
6,tflite_autoencoder,1219,0.056945
6,tflite_autoencoder,1220,0.057815
6,tflite_autoencoder,1221,0.057092
6,tflite_autoencoder,1222,0.056981
6,tflite_autoencoder,1223,0.057222
6,tflite_autoencoder,1224,0.057408
6,tflite_autoencoder,1225,0.057278
6,tflite_autoencoder,1226,0.057167
6,tflite_autoencoder,1227,0.057482
6,tflite_autoencoder,1228,0.057481
6,tflite_autoencoder,1229,0.057259
6,tflite_autoencoder,1230,0.057185
6,tflite_autoencoder,1231,0.057574
6,tflite_autoencoder,1232,0.057111
6,tflite_autoencoder,1233,0.057815
6,tflite_autoencoder,1234,0.057704
6,tflite_autoencoder,1235,0.057574
6,tflite_autoencoder,1236,0.057537
6,tflite_autoencoder,1237,0.057999
6,tflite_autoencoder,1238,0.058111
6,tflite_autoencoder,1239,0.057963
6,tflite_autoencoder,1240,0.057445
6,tflite_autoencoder,1241,0.075537
6,tflite_autoencoder,1242,0.063537
6,tflite_autoencoder,1243,0.058185
6,tflite_autoencoder,1244,0.057463
6,tflite_autoencoder,1245,0.057852
6,tflite_autoencoder,1246,0.058445
6,tflite_autoencoder,1247,0.057296
6,tflite_autoencoder,1248,0.057
6,tflite_autoencoder,1249,0.063759
6,tflite_autoencoder,1250,0.058019
6,tflite_autoencoder,1251,0.079
6,tflite_autoencoder,1252,0.06587
6,tflite_autoencoder,1253,0.058815
6,tflite_autoencoder,1254,0.057759
6,tflite_autoencoder,1255,0.057241
6,tflite_autoencoder,1256,0.058
6,tflite_autoencoder,1257,0.057963
6,tflite_autoencoder,1258,0.056666
6,tflite_autoencoder,1259,0.057648
6,tflite_autoencoder,1260,0.057797
6,tflite_autoencoder,1261,0.057907
6,tflite_autoencoder,1262,0.056833
6,tflite_autoencoder,1263,0.056556
6,tflite_autoencoder,1264,0.058444
6,tflite_autoencoder,1265,0.058371
6,tflite_autoencoder,1266,0.057185
6,tflite_autoencoder,1267,0.057296
6,tflite_autoencoder,1268,0.057222
6,tflite_autoencoder,1269,0.057204
6,tflite_autoencoder,1270,0.058277
6,tflite_autoencoder,1271,0.057741
6,tflite_autoencoder,1272,0.057389
6,tflite_autoencoder,1273,0.057704
6,tflite_autoencoder,1274,0.056852
6,tflite_autoencoder,1275,0.057407
6,tflite_autoencoder,1276,0.057723
6,tflite_autoencoder,1277,0.057315
6,tflite_autoencoder,1278,0.057037
6,tflite_autoencoder,1279,0.056593
6,tflite_autoencoder,1280,0.056963
6,tflite_autoencoder,1281,0.057685
6,tflite_autoencoder,1282,0.057241
6,tflite_autoencoder,1283,0.057204
6,tflite_autoencoder,1284,0.056278
6,tflite_autoencoder,1285,0.05776
6,tflite_autoencoder,1286,0.057445
6,tflite_autoencoder,1287,0.057129
6,tflite_autoencoder,1288,0.057
6,tflite_autoencoder,1289,0.056703
6,tflite_autoencoder,1290,0.057481
6,tflite_autoencoder,1291,0.057296
6,tflite_autoencoder,1292,0.057277
6,tflite_autoencoder,1293,0.057685
6,tflite_autoencoder,1294,0.056556
6,tflite_autoencoder,1295,0.058222
6,tflite_autoencoder,1296,0.057481
6,tflite_autoencoder,1297,0.057962
6,tflite_autoencoder,1298,0.056907
6,tflite_autoencoder,1299,0.05713
6,tflite_autoencoder,1300,0.058037
6,tflite_autoencoder,1301,0.057481
6,tflite_autoencoder,1302,0.057777
6,tflite_autoencoder,1303,0.056851
6,tflite_autoencoder,1304,0.057629
6,tflite_autoencoder,1305,0.056999
6,tflite_autoencoder,1306,0.057611
6,tflite_autoencoder,1307,0.057796
6,tflite_autoencoder,1308,0.058
6,tflite_autoencoder,1309,0.057018
6,tflite_autoencoder,1310,0.057315
6,tflite_autoencoder,1311,0.05737
6,tflite_autoencoder,1312,0.057481
6,tflite_autoencoder,1313,0.057166
6,tflite_autoencoder,1314,0.058055
6,tflite_autoencoder,1315,0.057667
6,tflite_autoencoder,1316,0.057648
6,tflite_autoencoder,1317,0.057352
6,tflite_autoencoder,1318,0.056889
6,tflite_autoencoder,1319,0.073945
6,tflite_autoencoder,1320,0.064445
6,tflite_autoencoder,1321,0.059
6,tflite_autoencoder,1322,0.058259
6,tflite_autoencoder,1323,0.057537
6,tflite_autoencoder,1324,0.059111
6,tflite_autoencoder,1325,0.058204
6,tflite_autoencoder,1326,0.057314
6,tflite_autoencoder,1327,0.058148
6,tflite_autoencoder,1328,0.058796
6,tflite_autoencoder,1329,0.058203
6,tflite_autoencoder,1330,0.058259
6,tflite_autoencoder,1331,0.061389
6,tflite_autoencoder,1332,0.058481
6,tflite_autoencoder,1333,0.057148
6,tflite_autoencoder,1334,0.058241
6,tflite_autoencoder,1335,0.058519
6,tflite_autoencoder,1336,0.057852
6,tflite_autoencoder,1337,0.057944
6,tflite_autoencoder,1338,0.058167
6,tflite_autoencoder,1339,0.057056
6,tflite_autoencoder,1340,0.057297
6,tflite_autoencoder,1341,0.058315
6,tflite_autoencoder,1342,0.057296
6,tflite_autoencoder,1343,0.057778
6,tflite_autoencoder,1344,0.058148
6,tflite_autoencoder,1345,0.057685
6,tflite_autoencoder,1346,0.057333
6,tflite_autoencoder,1347,0.056962
6,tflite_autoencoder,1348,0.057241
6,tflite_autoencoder,1349,0.058444
6,tflite_autoencoder,1350,0.057759
6,tflite_autoencoder,1351,0.057741
6,tflite_autoencoder,1352,0.057555
6,tflite_autoencoder,1353,0.057037
6,tflite_autoencoder,1354,0.057962
6,tflite_autoencoder,1355,0.057462
6,tflite_autoencoder,1356,0.058019
6,tflite_autoencoder,1357,0.057351
6,tflite_autoencoder,1358,0.058241
6,tflite_autoencoder,1359,0.057518
6,tflite_autoencoder,1360,0.057685
6,tflite_autoencoder,1361,0.056926
6,tflite_autoencoder,1362,0.058019
6,tflite_autoencoder,1363,0.057037
6,tflite_autoencoder,1364,0.057092
6,tflite_autoencoder,1365,0.056703
6,tflite_autoencoder,1366,0.056888
6,tflite_autoencoder,1367,0.05713
6,tflite_autoencoder,1368,0.074259
6,tflite_autoencoder,1369,0.061055
6,tflite_autoencoder,1370,0.058426
6,tflite_autoencoder,1371,0.056963
6,tflite_autoencoder,1372,0.058111
6,tflite_autoencoder,1373,0.057444
6,tflite_autoencoder,1374,0.058204
6,tflite_autoencoder,1375,0.058463
6,tflite_autoencoder,1376,0.05837
6,tflite_autoencoder,1377,0.057278
6,tflite_autoencoder,1378,0.057241
6,tflite_autoencoder,1379,0.057093
6,tflite_autoencoder,1380,0.056741
6,tflite_autoencoder,1381,0.057407
6,tflite_autoencoder,1382,0.057666
6,tflite_autoencoder,1383,0.057037
6,tflite_autoencoder,1384,0.056926
6,tflite_autoencoder,1385,0.057148
6,tflite_autoencoder,1386,0.063944
6,tflite_autoencoder,1387,0.062408
6,tflite_autoencoder,1388,0.058241
6,tflite_autoencoder,1389,0.057352
6,tflite_autoencoder,1390,0.056833
6,tflite_autoencoder,1391,0.057296
6,tflite_autoencoder,1392,0.057093
6,tflite_autoencoder,1393,0.057407
6,tflite_autoencoder,1394,0.057111
6,tflite_autoencoder,1395,0.056722
6,tflite_autoencoder,1396,0.056963
6,tflite_autoencoder,1397,0.057259
6,tflite_autoencoder,1398,0.056741
6,tflite_autoencoder,1399,0.057722
6,tflite_autoencoder,1400,0.056926
6,tflite_autoencoder,1401,0.056759
6,tflite_autoencoder,1402,0.056648
6,tflite_autoencoder,1403,0.056889
6,tflite_autoencoder,1404,0.057019
6,tflite_autoencoder,1405,0.057537
6,tflite_autoencoder,1406,0.057148
6,tflite_autoencoder,1407,0.058074
6,tflite_autoencoder,1408,0.057351
6,tflite_autoencoder,1409,0.057945
6,tflite_autoencoder,1410,0.056889
6,tflite_autoencoder,1411,0.056667
6,tflite_autoencoder,1412,0.058037
6,tflite_autoencoder,1413,0.057018
6,tflite_autoencoder,1414,0.057889
6,tflite_autoencoder,1415,0.056926
6,tflite_autoencoder,1416,0.057722
6,tflite_autoencoder,1417,0.057092
6,tflite_autoencoder,1418,0.057
6,tflite_autoencoder,1419,0.057629
6,tflite_autoencoder,1420,0.056685
6,tflite_autoencoder,1421,0.057482
6,tflite_autoencoder,1422,0.057667
6,tflite_autoencoder,1423,0.056945
6,tflite_autoencoder,1424,0.0575
6,tflite_autoencoder,1425,0.057777
6,tflite_autoencoder,1426,0.057018
6,tflite_autoencoder,1427,0.057074
6,tflite_autoencoder,1428,0.057277
6,tflite_autoencoder,1429,0.057444
6,tflite_autoencoder,1430,0.057278
6,tflite_autoencoder,1431,0.057667
6,tflite_autoencoder,1432,0.056833
6,tflite_autoencoder,1433,0.056685
6,tflite_autoencoder,1434,0.057426
6,tflite_autoencoder,1435,0.057388
6,tflite_autoencoder,1436,0.057352
6,tflite_autoencoder,1437,0.057519
6,tflite_autoencoder,1438,0.057019
6,tflite_autoencoder,1439,0.056926
6,tflite_autoencoder,1440,0.057463
6,tflite_autoencoder,1441,0.056963
6,tflite_autoencoder,1442,0.057129
6,tflite_autoencoder,1443,0.056796
6,tflite_autoencoder,1444,0.058518
6,tflite_autoencoder,1445,0.057166
6,tflite_autoencoder,1446,0.056666
6,tflite_autoencoder,1447,0.057148
6,tflite_autoencoder,1448,0.056703
6,tflite_autoencoder,1449,0.057685
6,tflite_autoencoder,1450,0.056889
6,tflite_autoencoder,1451,0.056463
6,tflite_autoencoder,1452,0.056723
6,tflite_autoencoder,1453,0.05737
6,tflite_autoencoder,1454,0.057408
6,tflite_autoencoder,1455,0.068093
6,tflite_autoencoder,1456,0.059759
6,tflite_autoencoder,1457,0.058296
6,tflite_autoencoder,1458,0.057203
6,tflite_autoencoder,1459,0.057944
6,tflite_autoencoder,1460,0.058592
6,tflite_autoencoder,1461,0.05737
6,tflite_autoencoder,1462,0.057871
6,tflite_autoencoder,1463,0.056852
6,tflite_autoencoder,1464,0.056741
6,tflite_autoencoder,1465,0.056685
6,tflite_autoencoder,1466,0.058389
6,tflite_autoencoder,1467,0.057314
6,tflite_autoencoder,1468,0.057222
6,tflite_autoencoder,1469,0.056648
6,tflite_autoencoder,1470,0.05724
6,tflite_autoencoder,1471,0.057759
6,tflite_autoencoder,1472,0.056685
6,tflite_autoencoder,1473,0.056815
6,tflite_autoencoder,1474,0.058037
6,tflite_autoencoder,1475,0.056685
6,tflite_autoencoder,1476,0.057203
6,tflite_autoencoder,1477,0.057241
6,tflite_autoencoder,1478,0.056888
6,tflite_autoencoder,1479,0.056945
6,tflite_autoencoder,1480,0.057833
6,tflite_autoencoder,1481,0.057759
6,tflite_autoencoder,1482,0.05774
6,tflite_autoencoder,1483,0.057018
6,tflite_autoencoder,1484,0.057148
6,tflite_autoencoder,1485,0.056963
6,tflite_autoencoder,1486,0.057222
6,tflite_autoencoder,1487,0.057685
6,tflite_autoencoder,1488,0.056944
6,tflite_autoencoder,1489,0.057185
6,tflite_autoencoder,1490,0.056741
6,tflite_autoencoder,1491,0.058278
6,tflite_autoencoder,1492,0.057852
6,tflite_autoencoder,1493,0.057778
6,tflite_autoencoder,1494,0.056666
6,tflite_autoencoder,1495,0.072148
6,tflite_autoencoder,1496,0.061203
6,tflite_autoencoder,1497,0.058666
6,tflite_autoencoder,1498,0.057722
6,tflite_autoencoder,1499,0.058389
6,tflite_autoencoder,1500,0.057148
6,tflite_autoencoder,1501,0.057074
6,tflite_autoencoder,1502,0.056741
6,tflite_autoencoder,1503,0.056852
6,tflite_autoencoder,1504,0.056555
6,tflite_autoencoder,1505,0.056352
6,tflite_autoencoder,1506,0.056741
6,tflite_autoencoder,1507,0.056963
6,tflite_autoencoder,1508,0.056648
6,tflite_autoencoder,1509,0.056556
6,tflite_autoencoder,1510,0.056648
6,tflite_autoencoder,1511,0.056593
6,tflite_autoencoder,1512,0.056666
6,tflite_autoencoder,1513,0.056963
6,tflite_autoencoder,1514,0.056408
6,tflite_autoencoder,1515,0.056482
6,tflite_autoencoder,1516,0.056445
6,tflite_autoencoder,1517,0.056407
6,tflite_autoencoder,1518,0.056889
6,tflite_autoencoder,1519,0.057166
6,tflite_autoencoder,1520,0.05724
6,tflite_autoencoder,1521,0.057333
6,tflite_autoencoder,1522,0.056796
6,tflite_autoencoder,1523,0.074055
6,tflite_autoencoder,1524,0.064204
6,tflite_autoencoder,1525,0.058833
6,tflite_autoencoder,1526,0.057666
6,tflite_autoencoder,1527,0.057055
6,tflite_autoencoder,1528,0.057944
6,tflite_autoencoder,1529,0.056462
6,tflite_autoencoder,1530,0.056278
6,tflite_autoencoder,1531,0.057203
6,tflite_autoencoder,1532,0.057722
6,tflite_autoencoder,1533,0.0575
6,tflite_autoencoder,1534,0.05763
6,tflite_autoencoder,1535,0.056611
6,tflite_autoencoder,1536,0.056278
6,tflite_autoencoder,1537,0.057778
6,tflite_autoencoder,1538,0.057482
6,tflite_autoencoder,1539,0.0565
6,tflite_autoencoder,1540,0.05687
6,tflite_autoencoder,1541,0.056833
6,tflite_autoencoder,1542,0.056518
6,tflite_autoencoder,1543,0.057223
6,tflite_autoencoder,1544,0.056926
6,tflite_autoencoder,1545,0.057537
6,tflite_autoencoder,1546,0.057092
6,tflite_autoencoder,1547,0.05687
6,tflite_autoencoder,1548,0.057019
6,tflite_autoencoder,1549,0.057351
6,tflite_autoencoder,1550,0.056797
6,tflite_autoencoder,1551,0.056722
6,tflite_autoencoder,1552,0.057018
6,tflite_autoencoder,1553,0.057815
6,tflite_autoencoder,1554,0.05726
6,tflite_autoencoder,1555,0.056445
6,tflite_autoencoder,1556,0.056426
6,tflite_autoencoder,1557,0.057167
6,tflite_autoencoder,1558,0.057018
6,tflite_autoencoder,1559,0.057093
6,tflite_autoencoder,1560,0.056907
6,tflite_autoencoder,1561,0.056574
6,tflite_autoencoder,1562,0.0575
6,tflite_autoencoder,1563,0.057056
6,tflite_autoencoder,1564,0.056703
6,tflite_autoencoder,1565,0.056648
6,tflite_autoencoder,1566,0.057055
6,tflite_autoencoder,1567,0.056944
6,tflite_autoencoder,1568,0.057593
6,tflite_autoencoder,1569,0.056703
6,tflite_autoencoder,1570,0.056852
6,tflite_autoencoder,1571,0.05676
6,tflite_autoencoder,1572,0.056777
6,tflite_autoencoder,1573,0.056315
6,tflite_autoencoder,1574,0.057167
6,tflite_autoencoder,1575,0.056963
6,tflite_autoencoder,1576,0.056685
6,tflite_autoencoder,1577,0.056667
6,tflite_autoencoder,1578,0.057352
6,tflite_autoencoder,1579,0.056574
6,tflite_autoencoder,1580,0.056852
6,tflite_autoencoder,1581,0.056981
6,tflite_autoencoder,1582,0.057593
6,tflite_autoencoder,1583,0.056778
6,tflite_autoencoder,1584,0.057111
6,tflite_autoencoder,1585,0.057093
6,tflite_autoencoder,1586,0.057278
6,tflite_autoencoder,1587,0.05813
6,tflite_autoencoder,1588,0.057426
6,tflite_autoencoder,1589,0.058056
6,tflite_autoencoder,1590,0.056555
6,tflite_autoencoder,1591,0.056889
6,tflite_autoencoder,1592,0.075018
6,tflite_autoencoder,1593,0.060944
6,tflite_autoencoder,1594,0.058463
6,tflite_autoencoder,1595,0.058371
6,tflite_autoencoder,1596,0.057093
6,tflite_autoencoder,1597,0.057592
6,tflite_autoencoder,1598,0.057685
6,tflite_autoencoder,1599,0.056666
6,tflite_autoencoder,1600,0.056852
6,tflite_autoencoder,1601,0.057944
6,tflite_autoencoder,1602,0.056666
6,tflite_autoencoder,1603,0.057444
6,tflite_autoencoder,1604,0.057315
6,tflite_autoencoder,1605,0.05813
6,tflite_autoencoder,1606,0.056722
6,tflite_autoencoder,1607,0.058333
6,tflite_autoencoder,1608,0.057388
6,tflite_autoencoder,1609,0.057574
6,tflite_autoencoder,1610,0.057018
6,tflite_autoencoder,1611,0.057574
6,tflite_autoencoder,1612,0.056777
6,tflite_autoencoder,1613,0.057408
6,tflite_autoencoder,1614,0.057833
6,tflite_autoencoder,1615,0.057018
6,tflite_autoencoder,1616,0.057333
6,tflite_autoencoder,1617,0.056944
6,tflite_autoencoder,1618,0.057666
6,tflite_autoencoder,1619,0.056981
6,tflite_autoencoder,1620,0.056944
6,tflite_autoencoder,1621,0.056574
6,tflite_autoencoder,1622,0.066018
6,tflite_autoencoder,1623,0.058444
6,tflite_autoencoder,1624,0.057352
6,tflite_autoencoder,1625,0.057574
6,tflite_autoencoder,1626,0.056796
6,tflite_autoencoder,1627,0.056796
6,tflite_autoencoder,1628,0.056629
6,tflite_autoencoder,1629,0.057389
6,tflite_autoencoder,1630,0.057723
6,tflite_autoencoder,1631,0.056629
6,tflite_autoencoder,1632,0.056963
6,tflite_autoencoder,1633,0.057408
6,tflite_autoencoder,1634,0.057907
6,tflite_autoencoder,1635,0.058685
6,tflite_autoencoder,1636,0.057037
6,tflite_autoencoder,1637,0.05663
6,tflite_autoencoder,1638,0.057593
6,tflite_autoencoder,1639,0.057074
6,tflite_autoencoder,1640,0.05724
6,tflite_autoencoder,1641,0.056611
6,tflite_autoencoder,1642,0.056833
6,tflite_autoencoder,1643,0.057
6,tflite_autoencoder,1644,0.057778
6,tflite_autoencoder,1645,0.057537
6,tflite_autoencoder,1646,0.057685
6,tflite_autoencoder,1647,0.056851
6,tflite_autoencoder,1648,0.057555
6,tflite_autoencoder,1649,0.057037
6,tflite_autoencoder,1650,0.057667
6,tflite_autoencoder,1651,0.056908
6,tflite_autoencoder,1652,0.056722
6,tflite_autoencoder,1653,0.057055
6,tflite_autoencoder,1654,0.056685
6,tflite_autoencoder,1655,0.057593
6,tflite_autoencoder,1656,0.057519
6,tflite_autoencoder,1657,0.057056
6,tflite_autoencoder,1658,0.057297
6,tflite_autoencoder,1659,0.057778
6,tflite_autoencoder,1660,0.069111
6,tflite_autoencoder,1661,0.059148
6,tflite_autoencoder,1662,0.058018
6,tflite_autoencoder,1663,0.05837
6,tflite_autoencoder,1664,0.058019
6,tflite_autoencoder,1665,0.057129
6,tflite_autoencoder,1666,0.05713
6,tflite_autoencoder,1667,0.057018
6,tflite_autoencoder,1668,0.056926
6,tflite_autoencoder,1669,0.057463
6,tflite_autoencoder,1670,0.057185
6,tflite_autoencoder,1671,0.057741
6,tflite_autoencoder,1672,0.056667
6,tflite_autoencoder,1673,0.057759
6,tflite_autoencoder,1674,0.05674
6,tflite_autoencoder,1675,0.056963
6,tflite_autoencoder,1676,0.057
6,tflite_autoencoder,1677,0.057037
6,tflite_autoencoder,1678,0.057704
6,tflite_autoencoder,1679,0.0575
6,tflite_autoencoder,1680,0.056833
6,tflite_autoencoder,1681,0.057445
6,tflite_autoencoder,1682,0.05713
6,tflite_autoencoder,1683,0.058056
6,tflite_autoencoder,1684,0.056889
6,tflite_autoencoder,1685,0.056741
6,tflite_autoencoder,1686,0.05737
6,tflite_autoencoder,1687,0.056982
6,tflite_autoencoder,1688,0.058389
6,tflite_autoencoder,1689,0.058333
6,tflite_autoencoder,1690,0.057056
6,tflite_autoencoder,1691,0.057611
6,tflite_autoencoder,1692,0.057297
6,tflite_autoencoder,1693,0.057241
6,tflite_autoencoder,1694,0.056666
6,tflite_autoencoder,1695,0.056722
6,tflite_autoencoder,1696,0.057222
6,tflite_autoencoder,1697,0.057555
6,tflite_autoencoder,1698,0.057222
6,tflite_autoencoder,1699,0.05787
6,tflite_autoencoder,1700,0.057297
6,tflite_autoencoder,1701,0.057426
6,tflite_autoencoder,1702,0.197704
6,tflite_autoencoder,1703,0.067223
6,tflite_autoencoder,1704,0.060851
6,tflite_autoencoder,1705,0.058037
6,tflite_autoencoder,1706,0.058092
6,tflite_autoencoder,1707,0.057593
6,tflite_autoencoder,1708,0.058185
6,tflite_autoencoder,1709,0.058611
6,tflite_autoencoder,1710,0.058
6,tflite_autoencoder,1711,0.058555
6,tflite_autoencoder,1712,0.057352
6,tflite_autoencoder,1713,0.058518
6,tflite_autoencoder,1714,0.056945
6,tflite_autoencoder,1715,0.057278
6,tflite_autoencoder,1716,0.0575
6,tflite_autoencoder,1717,0.057111
6,tflite_autoencoder,1718,0.058426
6,tflite_autoencoder,1719,0.058333
6,tflite_autoencoder,1720,0.057519
6,tflite_autoencoder,1721,0.057037
6,tflite_autoencoder,1722,0.057871
6,tflite_autoencoder,1723,0.057111
6,tflite_autoencoder,1724,0.057519
6,tflite_autoencoder,1725,0.073944
6,tflite_autoencoder,1726,0.062852
6,tflite_autoencoder,1727,0.058074
6,tflite_autoencoder,1728,0.057629
6,tflite_autoencoder,1729,0.057703
6,tflite_autoencoder,1730,0.058092
6,tflite_autoencoder,1731,0.057315
6,tflite_autoencoder,1732,0.057278
6,tflite_autoencoder,1733,0.057963
6,tflite_autoencoder,1734,0.057425
6,tflite_autoencoder,1735,0.058259
6,tflite_autoencoder,1736,0.057278
6,tflite_autoencoder,1737,0.057333
6,tflite_autoencoder,1738,0.057537
6,tflite_autoencoder,1739,0.058444
6,tflite_autoencoder,1740,0.058166
6,tflite_autoencoder,1741,0.057426
6,tflite_autoencoder,1742,0.057463
6,tflite_autoencoder,1743,0.057093
6,tflite_autoencoder,1744,0.057445
6,tflite_autoencoder,1745,0.057037
6,tflite_autoencoder,1746,0.057944
6,tflite_autoencoder,1747,0.057426
6,tflite_autoencoder,1748,0.058019
6,tflite_autoencoder,1749,0.074741
6,tflite_autoencoder,1750,0.062204
6,tflite_autoencoder,1751,0.059334
6,tflite_autoencoder,1752,0.057593
6,tflite_autoencoder,1753,0.057314
6,tflite_autoencoder,1754,0.056944
6,tflite_autoencoder,1755,0.056982
6,tflite_autoencoder,1756,0.057926
6,tflite_autoencoder,1757,0.057
6,tflite_autoencoder,1758,0.057407
6,tflite_autoencoder,1759,0.057445
6,tflite_autoencoder,1760,0.057371
6,tflite_autoencoder,1761,0.057463
6,tflite_autoencoder,1762,0.057871
6,tflite_autoencoder,1763,0.057722
6,tflite_autoencoder,1764,0.058222
6,tflite_autoencoder,1765,0.057148
6,tflite_autoencoder,1766,0.058056
6,tflite_autoencoder,1767,0.057518
6,tflite_autoencoder,1768,0.057296
6,tflite_autoencoder,1769,0.057666
6,tflite_autoencoder,1770,0.058685
6,tflite_autoencoder,1771,0.057056
6,tflite_autoencoder,1772,0.056685
6,tflite_autoencoder,1773,0.057055
6,tflite_autoencoder,1774,0.058037
6,tflite_autoencoder,1775,0.057444
6,tflite_autoencoder,1776,0.057704
6,tflite_autoencoder,1777,0.056741
6,tflite_autoencoder,1778,0.057463
6,tflite_autoencoder,1779,0.05674
6,tflite_autoencoder,1780,0.057426
6,tflite_autoencoder,1781,0.057815
6,tflite_autoencoder,1782,0.057093
6,tflite_autoencoder,1783,0.056592
6,tflite_autoencoder,1784,0.058055
6,tflite_autoencoder,1785,0.058093
6,tflite_autoencoder,1786,0.057333
6,tflite_autoencoder,1787,0.057259
6,tflite_autoencoder,1788,0.057426
6,tflite_autoencoder,1789,0.057037
6,tflite_autoencoder,1790,0.058815
6,tflite_autoencoder,1791,0.057815
6,tflite_autoencoder,1792,0.057593
6,tflite_autoencoder,1793,0.071963
6,tflite_autoencoder,1794,0.059555
6,tflite_autoencoder,1795,0.057371
6,tflite_autoencoder,1796,0.057611
6,tflite_autoencoder,1797,0.057926
6,tflite_autoencoder,1798,0.057593
6,tflite_autoencoder,1799,0.057222
6,tflite_autoencoder,1800,0.057981
6,tflite_autoencoder,1801,0.057907
6,tflite_autoencoder,1802,0.058148
6,tflite_autoencoder,1803,0.058537
6,tflite_autoencoder,1804,0.057722
6,tflite_autoencoder,1805,0.057371
6,isolation_forest,1,13.071557
6,isolation_forest,2,12.969891
6,isolation_forest,3,12.953595
6,isolation_forest,4,12.966817
6,isolation_forest,5,13.053539
6,isolation_forest,6,12.977021
6,isolation_forest,7,12.900151
6,isolation_forest,8,12.890446
6,isolation_forest,9,12.799095
6,isolation_forest,10,12.790799
6,isolation_forest,11,12.796354
6,isolation_forest,12,13.003891
6,isolation_forest,13,13.033151
6,isolation_forest,14,13.009835
6,isolation_forest,15,12.920132
6,isolation_forest,16,12.852447
6,isolation_forest,17,12.793336
6,isolation_forest,18,12.877836
6,isolation_forest,19,12.860299
6,isolation_forest,20,12.956965
6,isolation_forest,21,12.861539
6,isolation_forest,22,12.80841
6,isolation_forest,23,12.827261
6,isolation_forest,24,12.755966
6,isolation_forest,25,12.69967
6,isolation_forest,26,12.75104
6,isolation_forest,27,12.735188
6,isolation_forest,28,13.654317
6,isolation_forest,29,13.97676
6,isolation_forest,30,13.196594
6,isolation_forest,31,13.011058
6,isolation_forest,32,13.170187
6,isolation_forest,33,13.361002
6,isolation_forest,34,13.236502
6,isolation_forest,35,14.297704
6,isolation_forest,36,14.003464
6,isolation_forest,37,13.222206
6,isolation_forest,38,13.159761
6,isolation_forest,39,13.101928
6,isolation_forest,40,12.980372
6,isolation_forest,41,13.575483
6,isolation_forest,42,15.072999
6,isolation_forest,43,14.541464
6,isolation_forest,44,13.927871
6,isolation_forest,45,13.165668
6,isolation_forest,46,13.078576
6,isolation_forest,47,13.024891
6,isolation_forest,48,12.958484
6,isolation_forest,49,12.840372
6,isolation_forest,50,12.944984
6,isolation_forest,51,12.817965
6,isolation_forest,52,12.862632
6,isolation_forest,53,12.993687
6,isolation_forest,54,13.22502
6,isolation_forest,55,13.062428
6,isolation_forest,56,12.964373
6,isolation_forest,57,13.890168
6,isolation_forest,58,13.152039
6,isolation_forest,59,12.984224
6,isolation_forest,60,12.974169
6,isolation_forest,61,12.861058
6,isolation_forest,62,12.875835
6,isolation_forest,63,12.844058
6,isolation_forest,64,12.850058
6,isolation_forest,65,12.901262
6,isolation_forest,66,12.901225
6,isolation_forest,67,12.973151
6,isolation_forest,68,13.026836
6,isolation_forest,69,12.939651
6,isolation_forest,70,12.909836
6,isolation_forest,71,12.85404
6,isolation_forest,72,12.892095
6,isolation_forest,73,12.816892
6,isolation_forest,74,12.795113
6,isolation_forest,75,12.848724
6,isolation_forest,76,12.746539
6,isolation_forest,77,12.731003
6,isolation_forest,78,12.806298
6,isolation_forest,79,12.944392
6,isolation_forest,80,12.784503
6,isolation_forest,81,12.938391
6,isolation_forest,82,12.905521
6,isolation_forest,83,12.876021
6,isolation_forest,84,12.875817
6,isolation_forest,85,12.790558
6,isolation_forest,86,12.804113
6,isolation_forest,87,13.525428
6,isolation_forest,88,15.045851
6,isolation_forest,89,14.624204
6,isolation_forest,90,13.963576
6,isolation_forest,91,13.17228
6,isolation_forest,92,13.094113
6,isolation_forest,93,12.980187
6,isolation_forest,94,13.000391
6,isolation_forest,95,12.975188
6,isolation_forest,96,12.993298
6,isolation_forest,97,12.892651
6,isolation_forest,98,12.882095
6,isolation_forest,99,12.91241
6,isolation_forest,100,12.821151
6,isolation_forest,101,12.813113
6,isolation_forest,102,12.817299
6,isolation_forest,103,13.002243
6,isolation_forest,104,13.929631
6,isolation_forest,105,14.025316
6,isolation_forest,106,13.058891
6,isolation_forest,107,12.960558
6,isolation_forest,108,12.99078
6,isolation_forest,109,12.86815
6,isolation_forest,110,12.961447
6,isolation_forest,111,12.900706
6,isolation_forest,112,12.922335
6,isolation_forest,113,12.812298
6,isolation_forest,114,12.904465
6,isolation_forest,115,12.894095
6,isolation_forest,116,12.903521
6,isolation_forest,117,12.806595
6,isolation_forest,118,12.879817
6,isolation_forest,119,12.778003
6,isolation_forest,120,12.794762
6,isolation_forest,121,12.828428
6,isolation_forest,122,12.770521
6,isolation_forest,123,12.775854
6,isolation_forest,124,12.629596
6,isolation_forest,125,12.698558
6,isolation_forest,126,12.67091
6,isolation_forest,127,12.75567
6,isolation_forest,128,12.795429
6,isolation_forest,129,12.757743
6,isolation_forest,130,12.934725
6,isolation_forest,131,13.002058
6,isolation_forest,132,13.15491
6,isolation_forest,133,14.252297
6,isolation_forest,134,15.324869
6,isolation_forest,135,14.437149
6,isolation_forest,136,13.870539
6,isolation_forest,137,13.168447
6,isolation_forest,138,13.032317
6,isolation_forest,139,13.738186
6,isolation_forest,140,13.015669
6,isolation_forest,141,13.073743
6,isolation_forest,142,13.054947
6,isolation_forest,143,13.008428
6,isolation_forest,144,12.929725
6,isolation_forest,145,12.884206
6,isolation_forest,146,12.984743
6,isolation_forest,147,12.961577
6,isolation_forest,148,12.923336
6,isolation_forest,149,14.136871
6,isolation_forest,150,14.317963
6,isolation_forest,151,13.120946
6,isolation_forest,152,13.001928
6,isolation_forest,153,12.986465
6,isolation_forest,154,12.925262
6,isolation_forest,155,12.883707
6,isolation_forest,156,12.919465
6,isolation_forest,157,12.965854
6,isolation_forest,158,12.99665
6,isolation_forest,159,12.88741
6,isolation_forest,160,12.864595
6,isolation_forest,161,12.790891
6,isolation_forest,162,12.793817
6,isolation_forest,163,12.729669
6,isolation_forest,164,12.812355
6,isolation_forest,165,12.79091
6,isolation_forest,166,12.816984
6,isolation_forest,167,12.785706
6,isolation_forest,168,13.02504
6,isolation_forest,169,13.243206
6,isolation_forest,170,13.080076
6,isolation_forest,171,13.018761
6,isolation_forest,172,12.957244
6,isolation_forest,173,13.038502
6,isolation_forest,174,13.039632
6,isolation_forest,175,13.017799
6,isolation_forest,176,12.966576
6,isolation_forest,177,12.877392
6,isolation_forest,178,12.844928
6,isolation_forest,179,15.0485
6,isolation_forest,180,15.148092
6,isolation_forest,181,14.283815
6,isolation_forest,182,14.086631
6,isolation_forest,183,13.849557
6,isolation_forest,184,13.069539
6,isolation_forest,185,12.956224
6,isolation_forest,186,13.010891
6,isolation_forest,187,13.00715
6,isolation_forest,188,13.12141
6,isolation_forest,189,12.925558
6,isolation_forest,190,12.90404
6,isolation_forest,191,12.913151
6,isolation_forest,192,12.863855
6,isolation_forest,193,12.763484
6,isolation_forest,194,12.967929
6,isolation_forest,195,13.024299
6,isolation_forest,196,12.936928
6,isolation_forest,197,12.835465
6,isolation_forest,198,12.812058
6,isolation_forest,199,12.809058
6,isolation_forest,200,12.782058
6,isolation_forest,201,12.777596
6,isolation_forest,202,12.880798
6,isolation_forest,203,12.868688
6,isolation_forest,204,12.86828
6,isolation_forest,205,12.790225
6,isolation_forest,206,12.978558
6,isolation_forest,207,13.044132
6,isolation_forest,208,13.009688
6,isolation_forest,209,12.872114
6,isolation_forest,210,12.767447
6,isolation_forest,211,12.794669
6,isolation_forest,212,12.78528
6,isolation_forest,213,12.75604
6,isolation_forest,214,12.818262
6,isolation_forest,215,12.824928
6,isolation_forest,216,12.761262
6,isolation_forest,217,12.734984
6,isolation_forest,218,12.92941
6,isolation_forest,219,12.87804
6,isolation_forest,220,12.805929
6,isolation_forest,221,13.584038
6,isolation_forest,222,12.976447
6,isolation_forest,223,12.823576
6,isolation_forest,224,12.900539
6,isolation_forest,225,15.152888
6,isolation_forest,226,14.702445
6,isolation_forest,227,14.221779
6,isolation_forest,228,13.250057
6,isolation_forest,229,13.165743
6,isolation_forest,230,13.060929
6,isolation_forest,231,13.080705
6,isolation_forest,232,12.906207
6,isolation_forest,233,12.802076
6,isolation_forest,234,12.866429
6,isolation_forest,235,12.93478
6,isolation_forest,236,12.981669
6,isolation_forest,237,13.00578
6,isolation_forest,238,12.863947
6,isolation_forest,239,12.844354
6,isolation_forest,240,12.895465
6,isolation_forest,241,13.061002
6,isolation_forest,242,12.929558
6,isolation_forest,243,13.008095
6,isolation_forest,244,12.928928
6,isolation_forest,245,12.929984
6,isolation_forest,246,12.851502
6,isolation_forest,247,12.864391
6,isolation_forest,248,12.813447
6,isolation_forest,249,12.883261
6,isolation_forest,250,12.940929
6,isolation_forest,251,12.929447
6,isolation_forest,252,12.851003
6,isolation_forest,253,12.772743
6,isolation_forest,254,12.887781
6,isolation_forest,255,12.836299
6,isolation_forest,256,12.944539
6,isolation_forest,257,13.83326
6,isolation_forest,258,13.719205
6,isolation_forest,259,13.083965
6,isolation_forest,260,13.053817
6,isolation_forest,261,13.023595
6,isolation_forest,262,13.001817
6,isolation_forest,263,12.948484
6,isolation_forest,264,14.304316
6,isolation_forest,265,14.034094
6,isolation_forest,266,13.416094
6,isolation_forest,267,13.186539
6,isolation_forest,268,13.067835
6,isolation_forest,269,13.036928
6,isolation_forest,270,13.714909
6,isolation_forest,271,15.403666
6,isolation_forest,272,14.512463
6,isolation_forest,273,13.954408
6,isolation_forest,274,13.28702
6,isolation_forest,275,13.210724
6,isolation_forest,276,13.117206
6,isolation_forest,277,12.961299
6,isolation_forest,278,12.921058
6,isolation_forest,279,12.956521
6,isolation_forest,280,12.969244
6,isolation_forest,281,12.880984
6,isolation_forest,282,12.913983
6,isolation_forest,283,13.026057
6,isolation_forest,284,12.967261
6,isolation_forest,285,12.954095
6,isolation_forest,286,13.032558
6,isolation_forest,287,12.955058
6,isolation_forest,288,12.914466
6,isolation_forest,289,12.849132
6,isolation_forest,290,12.818354
6,isolation_forest,291,12.79304
6,isolation_forest,292,12.738632
6,isolation_forest,293,12.888743
6,isolation_forest,294,12.876243
6,isolation_forest,295,12.893984
6,isolation_forest,296,12.817966
6,isolation_forest,297,12.748651
6,isolation_forest,298,12.798595
6,isolation_forest,299,12.713299
6,isolation_forest,300,12.710743
6,isolation_forest,301,12.731577
6,isolation_forest,302,12.727503
6,isolation_forest,303,13.524373
6,isolation_forest,304,12.924817
6,isolation_forest,305,12.895743
6,isolation_forest,306,12.855095
6,isolation_forest,307,13.015706
6,isolation_forest,308,12.924854
6,isolation_forest,309,12.876003
6,isolation_forest,310,12.950354
6,isolation_forest,311,13.019576
6,isolation_forest,312,12.961688
6,isolation_forest,313,12.953113
6,isolation_forest,314,12.816373
6,isolation_forest,315,12.80278
6,isolation_forest,316,13.465854
6,isolation_forest,317,15.39974
6,isolation_forest,318,14.561352
6,isolation_forest,319,13.902223
6,isolation_forest,320,13.16391
6,isolation_forest,321,13.035077
6,isolation_forest,322,12.990428
6,isolation_forest,323,12.957002
6,isolation_forest,324,12.916706
6,isolation_forest,325,12.928558
6,isolation_forest,326,12.949577
6,isolation_forest,327,12.973225
6,isolation_forest,328,12.959558
6,isolation_forest,329,12.888891
6,isolation_forest,330,12.903447
6,isolation_forest,331,12.903743
6,isolation_forest,332,13.16291
6,isolation_forest,333,13.931538
6,isolation_forest,334,13.648631
6,isolation_forest,335,13.116243
6,isolation_forest,336,13.042132
6,isolation_forest,337,13.07491
6,isolation_forest,338,12.953965
6,isolation_forest,339,12.926614
6,isolation_forest,340,12.976095
6,isolation_forest,341,12.981762
6,isolation_forest,342,12.873206
6,isolation_forest,343,12.772577
6,isolation_forest,344,12.863873
6,isolation_forest,345,13.102539
6,isolation_forest,346,12.810188
6,isolation_forest,347,12.802854
6,isolation_forest,348,12.808317
6,isolation_forest,349,16.449146
6,isolation_forest,350,14.345446
6,isolation_forest,351,13.414484
6,isolation_forest,352,13.186576
6,isolation_forest,353,13.113446
6,isolation_forest,354,13.05941
6,isolation_forest,355,13.063261
6,isolation_forest,356,13.000595
6,isolation_forest,357,12.877298
6,isolation_forest,358,12.855873
6,isolation_forest,359,13.18115
6,isolation_forest,360,12.987299
6,isolation_forest,361,13.164854
6,isolation_forest,362,15.188703
6,isolation_forest,363,14.567204
6,isolation_forest,364,14.007094
6,isolation_forest,365,13.061169
6,isolation_forest,366,13.008891
6,isolation_forest,367,13.013114
6,isolation_forest,368,13.092095
6,isolation_forest,369,13.075447
6,isolation_forest,370,13.381354
6,isolation_forest,371,13.45128
6,isolation_forest,372,13.214817
6,isolation_forest,373,13.155447
6,isolation_forest,374,13.188594
6,isolation_forest,375,13.207095
6,isolation_forest,376,13.213983
6,isolation_forest,377,13.756779
6,isolation_forest,378,14.181334
6,isolation_forest,379,13.87626
6,isolation_forest,380,13.24728
6,isolation_forest,381,13.246447
6,isolation_forest,382,13.240521
6,isolation_forest,383,13.161466
6,isolation_forest,384,13.080891
6,isolation_forest,385,13.850705
6,isolation_forest,386,13.105058
6,isolation_forest,387,13.095965
6,isolation_forest,388,13.017114
6,isolation_forest,389,13.033725
6,isolation_forest,390,12.980614
6,isolation_forest,391,12.848762
6,isolation_forest,392,12.824133
6,isolation_forest,393,12.928743
6,isolation_forest,394,12.941373
6,isolation_forest,395,12.917095
6,isolation_forest,396,12.867225
6,isolation_forest,397,12.942465
6,isolation_forest,398,12.837299
6,isolation_forest,399,12.829207
6,isolation_forest,400,12.80617
6,isolation_forest,401,12.94228
6,isolation_forest,402,12.928281
6,isolation_forest,403,12.818892
6,isolation_forest,404,12.819725
6,isolation_forest,405,12.835243
6,isolation_forest,406,12.803003
6,isolation_forest,407,14.884944
6,isolation_forest,408,15.258741
6,isolation_forest,409,14.332426
6,isolation_forest,410,14.221816
6,isolation_forest,411,13.951427
6,isolation_forest,412,13.213225
6,isolation_forest,413,13.019077
6,isolation_forest,414,13.022206
6,isolation_forest,415,12.967095
6,isolation_forest,416,13.02128
6,isolation_forest,417,12.939484
6,isolation_forest,418,12.97754
6,isolation_forest,419,12.92017
6,isolation_forest,420,12.927003
6,isolation_forest,421,12.809373
6,isolation_forest,422,13.053299
6,isolation_forest,423,13.111317
6,isolation_forest,424,12.914577
6,isolation_forest,425,12.966243
6,isolation_forest,426,12.83565
6,isolation_forest,427,12.848188
6,isolation_forest,428,12.779003
6,isolation_forest,429,12.779262
6,isolation_forest,430,12.675281
6,isolation_forest,431,12.793096
6,isolation_forest,432,12.866651
6,isolation_forest,433,12.772095
6,isolation_forest,434,12.883058
6,isolation_forest,435,13.003891
6,isolation_forest,436,12.872744
6,isolation_forest,437,12.985225
6,isolation_forest,438,12.83904
6,isolation_forest,439,12.821022
6,isolation_forest,440,12.726244
6,isolation_forest,441,12.747207
6,isolation_forest,442,12.691318
6,isolation_forest,443,12.68717
6,isolation_forest,444,12.728948
6,isolation_forest,445,12.800873
6,isolation_forest,446,12.804318
6,isolation_forest,447,12.831688
6,isolation_forest,448,13.008595
6,isolation_forest,449,13.084076
6,isolation_forest,450,13.022576
6,isolation_forest,451,13.009298
6,isolation_forest,452,13.009688
6,isolation_forest,453,15.239
6,isolation_forest,454,14.75437
6,isolation_forest,455,14.240186
6,isolation_forest,456,13.398705
6,isolation_forest,457,13.141706
6,isolation_forest,458,13.037298
6,isolation_forest,459,13.033188
6,isolation_forest,460,12.950058
6,isolation_forest,461,12.979484
6,isolation_forest,462,13.016521
6,isolation_forest,463,12.906318
6,isolation_forest,464,12.924706
6,isolation_forest,465,12.966243
6,isolation_forest,466,12.911058
6,isolation_forest,467,13.572095
6,isolation_forest,468,13.094539
6,isolation_forest,469,13.025854
6,isolation_forest,470,13.032262
6,isolation_forest,471,13.004854
6,isolation_forest,472,12.961225
6,isolation_forest,473,12.840577
6,isolation_forest,474,12.848873
6,isolation_forest,475,12.769688
6,isolation_forest,476,12.732984
6,isolation_forest,477,12.887966
6,isolation_forest,478,12.843632
6,isolation_forest,479,12.843466
6,isolation_forest,480,12.807206
6,isolation_forest,481,12.900225
6,isolation_forest,482,12.857262
6,isolation_forest,483,12.875855
6,isolation_forest,484,12.928503
6,isolation_forest,485,13.910168
6,isolation_forest,486,13.641817
6,isolation_forest,487,13.104429
6,isolation_forest,488,13.01841
6,isolation_forest,489,13.045114
6,isolation_forest,490,13.033872
6,isolation_forest,491,12.967836
6,isolation_forest,492,14.443223
6,isolation_forest,493,13.901205
6,isolation_forest,494,13.210761
6,isolation_forest,495,13.221613
6,isolation_forest,496,13.124076
6,isolation_forest,497,13.137076
6,isolation_forest,498,13.742724
6,isolation_forest,499,15.464981
6,isolation_forest,500,14.721593
6,isolation_forest,501,13.834428
6,isolation_forest,502,13.267354
6,isolation_forest,503,13.042058
6,isolation_forest,504,12.992206
6,isolation_forest,505,12.87241
6,isolation_forest,506,12.894576
6,isolation_forest,507,12.915891
6,isolation_forest,508,13.039484
6,isolation_forest,509,12.944854
6,isolation_forest,510,13.121836
6,isolation_forest,511,13.141002
6,isolation_forest,512,12.989521
6,isolation_forest,513,12.939781
6,isolation_forest,514,13.13054
6,isolation_forest,515,12.992614
6,isolation_forest,516,12.920262
6,isolation_forest,517,12.837244
6,isolation_forest,518,12.79941
6,isolation_forest,519,12.854929
6,isolation_forest,520,12.793465
6,isolation_forest,521,12.811392
6,isolation_forest,522,12.769873
6,isolation_forest,523,12.863021
6,isolation_forest,524,12.993077
6,isolation_forest,525,12.900725
6,isolation_forest,526,12.93291
6,isolation_forest,527,12.895243
6,isolation_forest,528,12.807688
6,isolation_forest,529,12.86091
6,isolation_forest,530,12.897521
6,isolation_forest,531,12.823947
6,isolation_forest,532,12.777003
6,isolation_forest,533,12.818428
6,isolation_forest,534,12.790725
6,isolation_forest,535,12.81978
6,isolation_forest,536,12.751781
6,isolation_forest,537,12.705577
6,isolation_forest,538,12.719095
6,isolation_forest,539,12.804058
6,isolation_forest,540,12.840632
6,isolation_forest,541,12.781206
6,isolation_forest,542,12.754448
6,isolation_forest,543,12.733077
6,isolation_forest,544,13.538521
6,isolation_forest,545,15.372444
6,isolation_forest,546,14.588852
6,isolation_forest,547,14.019242
6,isolation_forest,548,13.231206
6,isolation_forest,549,14.174501
6,isolation_forest,550,13.271003
6,isolation_forest,551,13.086207
6,isolation_forest,552,12.934632
6,isolation_forest,553,13.054947
6,isolation_forest,554,13.070151
6,isolation_forest,555,12.945466
6,isolation_forest,556,12.836336
6,isolation_forest,557,12.884243
6,isolation_forest,558,12.88341
6,isolation_forest,559,12.919633
6,isolation_forest,560,13.204224
6,isolation_forest,561,14.011427
6,isolation_forest,562,13.673909
6,isolation_forest,563,13.209484
6,isolation_forest,564,13.076521
6,isolation_forest,565,13.018022
6,isolation_forest,566,12.960539
6,isolation_forest,567,12.998558
6,isolation_forest,568,12.952336
6,isolation_forest,569,13.036077
6,isolation_forest,570,12.921207
6,isolation_forest,571,12.877206
6,isolation_forest,572,12.852225
6,isolation_forest,573,12.841651
6,isolation_forest,574,12.832262
6,isolation_forest,575,12.77804
6,isolation_forest,576,12.876502
6,isolation_forest,577,12.715355
6,isolation_forest,578,12.977243
6,isolation_forest,579,12.815633
6,isolation_forest,580,12.790966
6,isolation_forest,581,12.814299
6,isolation_forest,582,12.841244
6,isolation_forest,583,12.760614
6,isolation_forest,584,12.864966
6,isolation_forest,585,12.968262
6,isolation_forest,586,12.777039
6,isolation_forest,587,13.014132
6,isolation_forest,588,13.095558
6,isolation_forest,589,13.060762
6,isolation_forest,590,13.744835
6,isolation_forest,591,13.406928
6,isolation_forest,592,13.222892
6,isolation_forest,593,13.041318
6,isolation_forest,594,13.01917
6,isolation_forest,595,12.960835
6,isolation_forest,596,13.009724
6,isolation_forest,597,12.932448
6,isolation_forest,598,14.221983
6,isolation_forest,599,15.092778
6,isolation_forest,600,14.121798
6,isolation_forest,601,13.234169
6,isolation_forest,602,13.14228
6,isolation_forest,603,13.098002
6,isolation_forest,604,12.939169
6,isolation_forest,605,13.012688
6,isolation_forest,606,14.262649
6,isolation_forest,607,14.371353
6,isolation_forest,608,13.286058
6,isolation_forest,609,13.102484
6,isolation_forest,610,13.07828
6,isolation_forest,611,13.06928
6,isolation_forest,612,13.025003
6,isolation_forest,613,13.121855
6,isolation_forest,614,13.129947
6,isolation_forest,615,12.995503
6,isolation_forest,616,13.013335
6,isolation_forest,617,12.957114
6,isolation_forest,618,13.160132
6,isolation_forest,619,13.172373
6,isolation_forest,620,13.055151
6,isolation_forest,621,12.882021
6,isolation_forest,622,12.796725
6,isolation_forest,623,12.881317
6,isolation_forest,624,12.976151
6,isolation_forest,625,12.862633
6,isolation_forest,626,12.988169
6,isolation_forest,627,12.909429
6,isolation_forest,628,12.883595
6,isolation_forest,629,12.830651
6,isolation_forest,630,12.985559
6,isolation_forest,631,13.643446
6,isolation_forest,632,12.901187
6,isolation_forest,633,12.862485
6,isolation_forest,634,12.827392
6,isolation_forest,635,13.424243
6,isolation_forest,636,16.347239
6,isolation_forest,637,14.930148
6,isolation_forest,638,14.446205
6,isolation_forest,639,14.378927
6,isolation_forest,640,13.344891
6,isolation_forest,641,13.191484
6,isolation_forest,642,13.105354
6,isolation_forest,643,13.033613
6,isolation_forest,644,13.093447
6,isolation_forest,645,12.991929
6,isolation_forest,646,13.092318
6,isolation_forest,647,13.067058
6,isolation_forest,648,13.131132
6,isolation_forest,649,12.967947
6,isolation_forest,650,13.05791
6,isolation_forest,651,13.10591
6,isolation_forest,652,13.008651
6,isolation_forest,653,12.936613
6,isolation_forest,654,13.00815
6,isolation_forest,655,13.130392
6,isolation_forest,656,13.144447
6,isolation_forest,657,13.054855
6,isolation_forest,658,13.153558
6,isolation_forest,659,13.189187
6,isolation_forest,660,13.014688
6,isolation_forest,661,12.895947
6,isolation_forest,662,12.991614
6,isolation_forest,663,13.142651
6,isolation_forest,664,13.054039
6,isolation_forest,665,12.96828
6,isolation_forest,666,13.083651
6,isolation_forest,667,13.138483
6,isolation_forest,668,13.160188
6,isolation_forest,669,13.051151
6,isolation_forest,670,13.08615
6,isolation_forest,671,13.062669
6,isolation_forest,672,13.057447
6,isolation_forest,673,13.019132
6,isolation_forest,674,12.781485
6,isolation_forest,675,12.85628
6,isolation_forest,676,12.852485
6,isolation_forest,677,13.064909
6,isolation_forest,678,13.157651
6,isolation_forest,679,13.01167
6,isolation_forest,680,12.890392
6,isolation_forest,681,15.441148
6,isolation_forest,682,14.930685
6,isolation_forest,683,14.320501
6,isolation_forest,684,13.319205
6,isolation_forest,685,13.216058
6,isolation_forest,686,13.128133
6,isolation_forest,687,13.212502
6,isolation_forest,688,13.106928
6,isolation_forest,689,13.002076
6,isolation_forest,690,13.090947
6,isolation_forest,691,12.925392
6,isolation_forest,692,14.657334
6,isolation_forest,693,13.902242
6,isolation_forest,694,13.330187
6,isolation_forest,695,13.254576
6,isolation_forest,696,13.291946
6,isolation_forest,697,13.221002
6,isolation_forest,698,13.062743
6,isolation_forest,699,13.050466
6,isolation_forest,700,12.910817
6,isolation_forest,701,12.855021
6,isolation_forest,702,12.772373
6,isolation_forest,703,12.779003
6,isolation_forest,704,16.749813
6,isolation_forest,705,14.368667
6,isolation_forest,706,13.489909
6,isolation_forest,707,13.329521
6,isolation_forest,708,13.143132
6,isolation_forest,709,13.042836
6,isolation_forest,710,12.939355
6,isolation_forest,711,13.073743
6,isolation_forest,712,14.102427
6,isolation_forest,713,14.866148
6,isolation_forest,714,13.284465
6,isolation_forest,715,13.194614
6,isolation_forest,716,13.299521
6,isolation_forest,717,13.289928
6,isolation_forest,718,13.389631
6,isolation_forest,719,14.470538
6,isolation_forest,720,13.419983
6,isolation_forest,721,13.189613
6,isolation_forest,722,13.090909
6,isolation_forest,723,13.092891
6,isolation_forest,724,12.904262
6,isolation_forest,725,15.477703
6,isolation_forest,726,15.071223
6,isolation_forest,727,14.248964
6,isolation_forest,728,13.741002
6,isolation_forest,729,13.213336
6,isolation_forest,730,13.015725
6,isolation_forest,731,12.997003
6,isolation_forest,732,13.113762
6,isolation_forest,733,12.968299
6,isolation_forest,734,12.93191
6,isolation_forest,735,13.210687
6,isolation_forest,736,13.06854
6,isolation_forest,737,13.116577
6,isolation_forest,738,13.149965
6,isolation_forest,739,13.136113
6,isolation_forest,740,13.097836
6,isolation_forest,741,13.119725
6,isolation_forest,742,12.996243
6,isolation_forest,743,12.982947
6,isolation_forest,744,13.008744
6,isolation_forest,745,12.911799
6,isolation_forest,746,13.026669
6,isolation_forest,747,13.23328
6,isolation_forest,748,13.229466
6,isolation_forest,749,13.112558
6,isolation_forest,750,13.150835
6,isolation_forest,751,13.165706
6,isolation_forest,752,12.961725
6,isolation_forest,753,12.986984
6,isolation_forest,754,12.890095
6,isolation_forest,755,12.846522
6,isolation_forest,756,12.763985
6,isolation_forest,757,12.818206
6,isolation_forest,758,12.778503
6,isolation_forest,759,12.827688
6,isolation_forest,761,12.74104
6,isolation_forest,762,12.775021
6,isolation_forest,763,12.744485
6,isolation_forest,764,12.773207
6,isolation_forest,765,12.78428
6,isolation_forest,766,12.816706
6,isolation_forest,767,12.832633
6,isolation_forest,768,12.799725
6,isolation_forest,769,12.81004
6,isolation_forest,770,12.865113
6,isolation_forest,771,12.75954
6,isolation_forest,772,15.14924
6,isolation_forest,773,14.908334
6,isolation_forest,774,14.455056
6,isolation_forest,775,13.501761
6,isolation_forest,776,13.133484
6,isolation_forest,777,13.036095
6,isolation_forest,778,12.981836
6,isolation_forest,779,13.005262
6,isolation_forest,780,12.975225
6,isolation_forest,781,13.02928
6,isolation_forest,782,13.030873
6,isolation_forest,783,12.906836
6,isolation_forest,784,12.809854
6,isolation_forest,785,12.852762
6,isolation_forest,786,12.759243
6,isolation_forest,787,12.863318
6,isolation_forest,788,13.512984
6,isolation_forest,789,14.065983
6,isolation_forest,790,13.074799
6,isolation_forest,791,12.960762
6,isolation_forest,792,12.853632
6,isolation_forest,793,12.772336
6,isolation_forest,794,12.664836
6,isolation_forest,795,12.716299
6,isolation_forest,796,13.720854
6,isolation_forest,797,13.089188
6,isolation_forest,798,12.843114
6,isolation_forest,799,12.791077
6,isolation_forest,800,12.858614
6,isolation_forest,801,12.74791
6,isolation_forest,802,12.816559
6,isolation_forest,803,12.745151
6,isolation_forest,804,12.816595
6,isolation_forest,805,12.807614
6,isolation_forest,806,12.880354
6,isolation_forest,807,12.754707
6,isolation_forest,808,12.695521
6,isolation_forest,809,12.732003
6,isolation_forest,810,12.749169
6,isolation_forest,811,12.891799
6,isolation_forest,812,12.870632
6,isolation_forest,813,12.788262
6,isolation_forest,814,12.740447
6,isolation_forest,815,12.962966
6,isolation_forest,816,12.998984
6,isolation_forest,817,12.877725
6,isolation_forest,818,15.232333
6,isolation_forest,819,14.788612
6,isolation_forest,820,14.111835
6,isolation_forest,821,13.244188
6,isolation_forest,822,13.092002
6,isolation_forest,823,13.063002
6,isolation_forest,824,13.008355
6,isolation_forest,825,13.091503
6,isolation_forest,826,13.004355
6,isolation_forest,827,12.946336
6,isolation_forest,828,13.10667
6,isolation_forest,829,13.099613
6,isolation_forest,830,12.991151
6,isolation_forest,831,13.112558
6,isolation_forest,832,12.958317
6,isolation_forest,833,13.027503
6,isolation_forest,834,14.319149
6,isolation_forest,835,14.229408
6,isolation_forest,836,13.272724
6,isolation_forest,837,13.15241
6,isolation_forest,838,13.153429
6,isolation_forest,839,13.078318
6,isolation_forest,840,13.052595
6,isolation_forest,841,13.001133
6,isolation_forest,842,13.113743
6,isolation_forest,843,13.119317
6,isolation_forest,844,13.065299
6,isolation_forest,845,12.913151
6,isolation_forest,846,13.010595
6,isolation_forest,847,12.879021
6,isolation_forest,848,12.819688
6,isolation_forest,849,12.795336
6,isolation_forest,850,12.809726
6,isolation_forest,851,12.945021
6,isolation_forest,852,15.029815
6,isolation_forest,853,13.352021
6,isolation_forest,854,13.185669
6,isolation_forest,855,13.172206
6,isolation_forest,856,13.050965
6,isolation_forest,857,13.029484
6,isolation_forest,858,13.027188
6,isolation_forest,859,12.992596
6,isolation_forest,860,12.91191
6,isolation_forest,861,12.864744
6,isolation_forest,862,12.857596
6,isolation_forest,863,14.800334
6,isolation_forest,864,17.428331
6,isolation_forest,865,14.636557
6,isolation_forest,866,14.533667
6,isolation_forest,867,14.182186
6,isolation_forest,868,13.711946
6,isolation_forest,869,13.100021
6,isolation_forest,870,12.910336
6,isolation_forest,871,12.930929
6,isolation_forest,872,12.80067
6,isolation_forest,873,12.88154
6,isolation_forest,874,12.827873
6,isolation_forest,875,12.84391
6,isolation_forest,876,12.829707
6,isolation_forest,877,12.888503
6,isolation_forest,878,13.924575
6,isolation_forest,879,13.293614
6,isolation_forest,880,13.098669
6,isolation_forest,881,12.936799
6,isolation_forest,882,12.909558
6,isolation_forest,883,12.916651
6,isolation_forest,884,12.884206
6,isolation_forest,885,12.83741
6,isolation_forest,886,12.825947
6,isolation_forest,887,12.846392
6,isolation_forest,888,12.841059
6,isolation_forest,889,12.975947
6,isolation_forest,890,12.938891
6,isolation_forest,891,13.06391
6,isolation_forest,892,13.661224
6,isolation_forest,893,13.561206
6,isolation_forest,894,13.339558
6,isolation_forest,895,13.127706
6,isolation_forest,896,13.237965
6,isolation_forest,897,13.048873
6,isolation_forest,898,13.00078
6,isolation_forest,899,12.900188
6,isolation_forest,900,12.903966
6,isolation_forest,901,12.834707
6,isolation_forest,902,12.874225
6,isolation_forest,903,13.063965
6,isolation_forest,904,12.945262
6,isolation_forest,905,12.910447
6,isolation_forest,906,12.910558
6,isolation_forest,907,12.927521
6,isolation_forest,908,13.638168
6,isolation_forest,909,15.39913
6,isolation_forest,910,14.635741
6,isolation_forest,911,13.916039
6,isolation_forest,912,13.239966
6,isolation_forest,913,13.068502
6,isolation_forest,914,13.12841
6,isolation_forest,915,13.022003
6,isolation_forest,916,12.987373
6,isolation_forest,917,13.078484
6,isolation_forest,918,13.134169
6,isolation_forest,919,13.049873
6,isolation_forest,920,12.953522
6,isolation_forest,921,12.940614
6,isolation_forest,922,12.909132
6,isolation_forest,923,12.888355
6,isolation_forest,924,12.976317
6,isolation_forest,925,12.986095
6,isolation_forest,926,12.934336
6,isolation_forest,927,13.008854
6,isolation_forest,928,13.172909
6,isolation_forest,929,13.214577
6,isolation_forest,930,13.042855
6,isolation_forest,931,13.024965
6,isolation_forest,932,12.834151
6,isolation_forest,933,12.918929
6,isolation_forest,934,12.884429
6,isolation_forest,935,12.909374
6,isolation_forest,936,12.82991
6,isolation_forest,937,12.88117
6,isolation_forest,938,12.826614
6,isolation_forest,939,12.819003
6,isolation_forest,940,13.480724
6,isolation_forest,941,13.977854
6,isolation_forest,942,13.211836
6,isolation_forest,943,13.080466
6,isolation_forest,944,13.078539
6,isolation_forest,945,14.116964
6,isolation_forest,946,13.202632
6,isolation_forest,947,14.17026
6,isolation_forest,948,14.085113
6,isolation_forest,949,13.339095
6,isolation_forest,950,13.089855
6,isolation_forest,951,13.092318
6,isolation_forest,952,12.983873
6,isolation_forest,953,13.276577
6,isolation_forest,954,15.285185
6,isolation_forest,955,14.42739
6,isolation_forest,956,13.966465
6,isolation_forest,957,13.166651
6,isolation_forest,958,13.043225
6,isolation_forest,959,12.975928
6,isolation_forest,960,13.676427
6,isolation_forest,961,13.049188
6,isolation_forest,962,12.938151
6,isolation_forest,963,12.952947
6,isolation_forest,964,12.998799
6,isolation_forest,965,12.874003
6,isolation_forest,966,13.322076
6,isolation_forest,967,13.151521
6,isolation_forest,968,13.086854
6,isolation_forest,969,13.108595
6,isolation_forest,970,13.052429
6,isolation_forest,971,12.938596
6,isolation_forest,972,12.888373
6,isolation_forest,973,12.959929
6,isolation_forest,974,13.001336
6,isolation_forest,975,12.896688
6,isolation_forest,976,12.890262
6,isolation_forest,977,12.841522
6,isolation_forest,978,12.887003
6,isolation_forest,979,12.85454
6,isolation_forest,980,12.829281
6,isolation_forest,981,12.832021
6,isolation_forest,982,12.792281
6,isolation_forest,983,12.90191
6,isolation_forest,984,12.923022
6,isolation_forest,985,12.817243
6,isolation_forest,986,12.792114
6,isolation_forest,987,12.717726
6,isolation_forest,988,12.775225
6,isolation_forest,989,12.941466
6,isolation_forest,990,13.324688
6,isolation_forest,991,13.156502
6,isolation_forest,992,13.069077
6,isolation_forest,993,13.043169
6,isolation_forest,994,13.045596
6,isolation_forest,995,13.134021
6,isolation_forest,996,12.926318
6,isolation_forest,997,13.038596
6,isolation_forest,998,12.968873
6,isolation_forest,999,13.72652
6,isolation_forest,1000,15.302685
6,isolation_forest,1001,14.512853
6,isolation_forest,1002,13.984112
6,isolation_forest,1003,13.28678
6,isolation_forest,1004,13.323928
6,isolation_forest,1005,13.206391
6,isolation_forest,1006,13.217762
6,isolation_forest,1007,12.980336
6,isolation_forest,1008,12.819707
6,isolation_forest,1009,12.880855
6,isolation_forest,1010,12.862503
6,isolation_forest,1011,12.794355
6,isolation_forest,1012,12.897169
6,isolation_forest,1013,12.875392
6,isolation_forest,1014,12.898707
6,isolation_forest,1015,13.134966
6,isolation_forest,1016,13.876631
6,isolation_forest,1017,13.753983
6,isolation_forest,1018,13.062651
6,isolation_forest,1019,12.970429
6,isolation_forest,1020,12.935002
6,isolation_forest,1021,12.91941
6,isolation_forest,1022,12.943836
6,isolation_forest,1023,12.87704
6,isolation_forest,1024,12.899744
6,isolation_forest,1025,12.878243
6,isolation_forest,1026,12.835226
6,isolation_forest,1027,12.825225
6,isolation_forest,1028,12.889188
6,isolation_forest,1029,12.969058
6,isolation_forest,1030,12.935151
6,isolation_forest,1031,12.859985
6,isolation_forest,1032,12.785429
6,isolation_forest,1033,12.803244
6,isolation_forest,1034,12.840911
6,isolation_forest,1035,12.797688
6,isolation_forest,1036,12.846373
6,isolation_forest,1037,12.797874
6,isolation_forest,1038,12.762558
6,isolation_forest,1039,12.764299
6,isolation_forest,1040,12.786003
6,isolation_forest,1041,12.826763
6,isolation_forest,1042,13.64541
6,isolation_forest,1043,13.122225
6,isolation_forest,1044,13.22241
6,isolation_forest,1045,14.632408
6,isolation_forest,1046,14.864001
6,isolation_forest,1047,14.256798
6,isolation_forest,1048,13.602558
6,isolation_forest,1049,13.06541
6,isolation_forest,1050,13.080928
6,isolation_forest,1051,13.001373
6,isolation_forest,1052,12.932281
6,isolation_forest,1053,12.927447
6,isolation_forest,1054,12.888281
6,isolation_forest,1055,12.916614
6,isolation_forest,1056,12.946966
6,isolation_forest,1057,12.874225
6,isolation_forest,1058,12.869429
6,isolation_forest,1059,12.881021
6,isolation_forest,1060,12.827485
6,isolation_forest,1061,13.771705
6,isolation_forest,1062,14.724556
6,isolation_forest,1063,13.785779
6,isolation_forest,1064,13.159318
6,isolation_forest,1065,13.114873
6,isolation_forest,1066,13.12841
6,isolation_forest,1067,12.969688
6,isolation_forest,1068,12.969947
6,isolation_forest,1069,12.9163
6,isolation_forest,1070,13.010114
6,isolation_forest,1071,13.005688
6,isolation_forest,1072,13.064243
6,isolation_forest,1073,17.022109
6,isolation_forest,1074,14.262131
6,isolation_forest,1075,13.370021
6,isolation_forest,1076,13.281077
6,isolation_forest,1077,13.110244
6,isolation_forest,1078,13.054336
6,isolation_forest,1079,12.951614
6,isolation_forest,1080,12.900633
6,isolation_forest,1081,13.368021
6,isolation_forest,1082,13.29078
6,isolation_forest,1083,13.114021
6,isolation_forest,1084,13.064206
6,isolation_forest,1085,13.065633
6,isolation_forest,1086,13.098892
6,isolation_forest,1087,13.051095
6,isolation_forest,1088,13.060928
6,isolation_forest,1089,12.90554
6,isolation_forest,1090,15.106704
6,isolation_forest,1091,15.289352
6,isolation_forest,1092,14.399853
6,isolation_forest,1093,14.268872
6,isolation_forest,1094,13.871909
6,isolation_forest,1095,13.247781
6,isolation_forest,1096,13.170966
6,isolation_forest,1097,13.048429
6,isolation_forest,1098,12.890151
6,isolation_forest,1099,12.948095
6,isolation_forest,1100,13.010743
6,isolation_forest,1101,12.931929
6,isolation_forest,1102,12.849596
6,isolation_forest,1103,12.931818
6,isolation_forest,1104,12.846317
6,isolation_forest,1105,12.917929
6,isolation_forest,1106,13.054484
6,isolation_forest,1107,12.883077
6,isolation_forest,1108,12.907354
6,isolation_forest,1109,12.806947
6,isolation_forest,1110,12.840152
6,isolation_forest,1111,12.857744
6,isolation_forest,1112,13.386429
6,isolation_forest,1113,13.064633
6,isolation_forest,1114,13.08741
6,isolation_forest,1115,12.953984
6,isolation_forest,1116,12.850725
6,isolation_forest,1117,12.929188
6,isolation_forest,1118,13.376261
6,isolation_forest,1119,13.332206
6,isolation_forest,1120,13.195077
6,isolation_forest,1121,13.242466
6,isolation_forest,1122,13.23565
6,isolation_forest,1123,13.287484
6,isolation_forest,1124,13.816687
6,isolation_forest,1125,13.192076
6,isolation_forest,1126,13.244781
6,isolation_forest,1127,13.160725
6,isolation_forest,1128,13.295854
6,isolation_forest,1129,13.175614
6,isolation_forest,1130,13.079207
6,isolation_forest,1131,13.056744
6,isolation_forest,1132,13.149632
6,isolation_forest,1133,13.02278
6,isolation_forest,1134,12.999337
6,isolation_forest,1135,13.63378
6,isolation_forest,1136,15.375204
6,isolation_forest,1137,14.48152
6,isolation_forest,1138,14.009205
6,isolation_forest,1139,13.179188
6,isolation_forest,1140,13.184558
6,isolation_forest,1141,13.102706
6,isolation_forest,1142,13.071965
6,isolation_forest,1143,12.963096
6,isolation_forest,1144,12.906596
6,isolation_forest,1145,12.897632
6,isolation_forest,1146,13.098484
6,isolation_forest,1147,12.911021
6,isolation_forest,1148,13.001984
6,isolation_forest,1149,12.945003
6,isolation_forest,1150,12.984021
6,isolation_forest,1151,12.966503
6,isolation_forest,1152,13.065985
6,isolation_forest,1153,13.197854
6,isolation_forest,1154,13.186947
6,isolation_forest,1155,12.940929
6,isolation_forest,1156,13.143799
6,isolation_forest,1157,13.157854
6,isolation_forest,1158,13.02554
6,isolation_forest,1159,13.027873
6,isolation_forest,1160,13.005614
6,isolation_forest,1161,13.132373
6,isolation_forest,1162,12.941947
6,isolation_forest,1163,12.950355
6,isolation_forest,1164,12.958984
6,isolation_forest,1165,12.913429
6,isolation_forest,1166,12.980855
6,isolation_forest,1167,13.66502
6,isolation_forest,1168,14.054298
6,isolation_forest,1169,13.121354
6,isolation_forest,1170,12.957522
6,isolation_forest,1171,12.976466
6,isolation_forest,1172,12.966632
6,isolation_forest,1173,12.912633
6,isolation_forest,1174,13.546576
6,isolation_forest,1175,14.169631
6,isolation_forest,1176,13.37691
6,isolation_forest,1177,13.148743
6,isolation_forest,1178,13.058762
6,isolation_forest,1179,13.013669
6,isolation_forest,1180,12.914151
6,isolation_forest,1181,15.195186
6,isolation_forest,1182,15.05139
6,isolation_forest,1183,14.168002
6,isolation_forest,1184,13.329614
6,isolation_forest,1185,13.18004
6,isolation_forest,1186,13.303928
6,isolation_forest,1187,13.068614
6,isolation_forest,1188,13.008725
6,isolation_forest,1189,13.032391
6,isolation_forest,1190,12.995299
6,isolation_forest,1191,13.04791
6,isolation_forest,1192,12.957558
6,isolation_forest,1193,13.051762
6,isolation_forest,1194,13.061022
6,isolation_forest,1195,12.987354
6,isolation_forest,1196,13.034559
6,isolation_forest,1197,12.997874
6,isolation_forest,1198,12.965577
6,isolation_forest,1199,13.136744
6,isolation_forest,1200,12.882707
6,isolation_forest,1201,12.856151
6,isolation_forest,1202,12.900374
6,isolation_forest,1203,12.874077
6,isolation_forest,1204,12.818818
6,isolation_forest,1205,12.915762
6,isolation_forest,1206,13.874391
6,isolation_forest,1207,13.222502
6,isolation_forest,1208,13.066466
6,isolation_forest,1209,13.032947
6,isolation_forest,1210,13.009855
6,isolation_forest,1211,12.898133
6,isolation_forest,1212,12.869521
6,isolation_forest,1213,12.800911
6,isolation_forest,1214,12.844021
6,isolation_forest,1215,12.803152
6,isolation_forest,1216,12.871133
6,isolation_forest,1217,12.866207
6,isolation_forest,1218,12.785929
6,isolation_forest,1219,12.879281
6,isolation_forest,1220,12.888133
6,isolation_forest,1221,12.936077
6,isolation_forest,1222,12.977836
6,isolation_forest,1223,13.002873
6,isolation_forest,1224,12.96567
6,isolation_forest,1225,12.907966
6,isolation_forest,1226,13.501928
6,isolation_forest,1227,15.16126
6,isolation_forest,1228,14.603723
6,isolation_forest,1229,13.975483
6,isolation_forest,1230,13.195243
6,isolation_forest,1231,13.239392
6,isolation_forest,1232,12.986466
6,isolation_forest,1233,12.919114
6,isolation_forest,1234,12.92091
6,isolation_forest,1235,12.879466
6,isolation_forest,1236,13.01541
6,isolation_forest,1237,12.858892
6,isolation_forest,1238,12.876262
6,isolation_forest,1239,12.886799
6,isolation_forest,1240,12.930688
6,isolation_forest,1241,12.937947
6,isolation_forest,1242,12.999688
6,isolation_forest,1243,13.850687
6,isolation_forest,1244,13.920021
6,isolation_forest,1245,13.139743
6,isolation_forest,1246,13.094966
6,isolation_forest,1247,12.987096
6,isolation_forest,1248,13.014225
6,isolation_forest,1249,13.009965
6,isolation_forest,1250,12.839318
6,isolation_forest,1251,12.851559
6,isolation_forest,1252,12.930762
6,isolation_forest,1253,12.914799
6,isolation_forest,1254,12.792188
6,isolation_forest,1255,12.795244
6,isolation_forest,1256,12.759948
6,isolation_forest,1257,13.057854
6,isolation_forest,1258,13.515317
6,isolation_forest,1259,13.333021
6,isolation_forest,1260,13.264447
6,isolation_forest,1261,13.183596
6,isolation_forest,1262,12.979503
6,isolation_forest,1263,12.905873
6,isolation_forest,1264,12.875354
6,isolation_forest,1265,12.827429
6,isolation_forest,1266,12.737633
6,isolation_forest,1267,12.848726
6,isolation_forest,1268,12.833614
6,isolation_forest,1269,13.181021
6,isolation_forest,1270,13.429169
6,isolation_forest,1271,13.147873
6,isolation_forest,1272,14.798926
6,isolation_forest,1273,14.753575
6,isolation_forest,1274,14.185372
6,isolation_forest,1275,13.660853
6,isolation_forest,1276,13.270243
6,isolation_forest,1277,13.076929
6,isolation_forest,1278,12.959744
6,isolation_forest,1279,13.031503
6,isolation_forest,1280,13.021633
6,isolation_forest,1281,12.932447
6,isolation_forest,1282,12.874985
6,isolation_forest,1283,12.924596
6,isolation_forest,1284,12.861226
6,isolation_forest,1285,12.992151
6,isolation_forest,1286,12.847318
6,isolation_forest,1287,12.957522
6,isolation_forest,1288,14.733575
6,isolation_forest,1289,14.438168
6,isolation_forest,1290,13.246244
6,isolation_forest,1291,13.138207
6,isolation_forest,1292,13.054521
6,isolation_forest,1293,13.021966
6,isolation_forest,1294,13.135207
6,isolation_forest,1295,13.024429
6,isolation_forest,1296,12.950299
6,isolation_forest,1297,12.957059
6,isolation_forest,1298,12.902485
6,isolation_forest,1299,12.881466
6,isolation_forest,1300,12.881207
6,isolation_forest,1301,12.889781
6,isolation_forest,1302,12.916299
6,isolation_forest,1303,12.869466
6,isolation_forest,1304,12.833466
6,isolation_forest,1305,12.786504
6,isolation_forest,1306,12.920188
6,isolation_forest,1307,13.288206
6,isolation_forest,1308,13.248058
6,isolation_forest,1309,13.045633
6,isolation_forest,1310,12.92954
6,isolation_forest,1311,12.920373
6,isolation_forest,1312,12.896188
6,isolation_forest,1313,12.904873
6,isolation_forest,1314,12.858206
6,isolation_forest,1315,12.882337
6,isolation_forest,1316,12.895984
6,isolation_forest,1317,13.031521
6,isolation_forest,1318,15.419055
6,isolation_forest,1319,14.944482
6,isolation_forest,1320,14.071057
6,isolation_forest,1321,13.874298
6,isolation_forest,1322,13.683947
6,isolation_forest,1323,13.096669
6,isolation_forest,1324,13.139503
6,isolation_forest,1325,13.049318
6,isolation_forest,1326,13.008725
6,isolation_forest,1327,13.030206
6,isolation_forest,1328,13.009837
6,isolation_forest,1329,12.928762
6,isolation_forest,1330,13.014447
6,isolation_forest,1331,12.910077
6,isolation_forest,1332,12.904799
6,isolation_forest,1333,13.058836
6,isolation_forest,1334,13.031595
6,isolation_forest,1335,12.947669
6,isolation_forest,1336,12.884373
6,isolation_forest,1337,12.913485
6,isolation_forest,1338,12.865985
6,isolation_forest,1339,12.804651
6,isolation_forest,1340,12.813503
6,isolation_forest,1341,12.754151
6,isolation_forest,1342,12.788744
6,isolation_forest,1343,12.877077
6,isolation_forest,1344,12.829595
6,isolation_forest,1345,12.817781
6,isolation_forest,1346,13.03354
6,isolation_forest,1347,13.008317
6,isolation_forest,1348,12.925206
6,isolation_forest,1349,12.882225
6,isolation_forest,1350,12.823596
6,isolation_forest,1351,12.814077
6,isolation_forest,1352,12.7883
6,isolation_forest,1353,12.79654
6,isolation_forest,1354,12.784466
6,isolation_forest,1355,13.02817
6,isolation_forest,1356,12.864206
6,isolation_forest,1357,12.842503
6,isolation_forest,1358,12.933059
6,isolation_forest,1359,12.85704
6,isolation_forest,1360,12.800929
6,isolation_forest,1361,12.853596
6,isolation_forest,1362,12.96641
6,isolation_forest,1363,13.521966
6,isolation_forest,1364,15.071168
6,isolation_forest,1365,14.597631
6,isolation_forest,1366,13.977298
6,isolation_forest,1367,13.175762
6,isolation_forest,1368,13.122243
6,isolation_forest,1369,13.128577
6,isolation_forest,1370,13.797946
6,isolation_forest,1371,13.124633
6,isolation_forest,1372,12.99141
6,isolation_forest,1373,12.947262
6,isolation_forest,1374,13.02567
6,isolation_forest,1375,12.921558
6,isolation_forest,1376,12.970725
6,isolation_forest,1377,12.914392
6,isolation_forest,1378,12.878688
6,isolation_forest,1379,12.939855
6,isolation_forest,1380,12.998484
6,isolation_forest,1381,13.090577
6,isolation_forest,1382,13.036984
6,isolation_forest,1383,12.947151
6,isolation_forest,1384,12.925114
6,isolation_forest,1385,12.994596
6,isolation_forest,1386,13.000115
6,isolation_forest,1387,13.033818
6,isolation_forest,1388,12.902522
6,isolation_forest,1389,13.035188
6,isolation_forest,1390,12.855058
6,isolation_forest,1391,12.838077
6,isolation_forest,1392,12.908522
6,isolation_forest,1393,12.829207
6,isolation_forest,1394,12.964392
6,isolation_forest,1395,13.430187
6,isolation_forest,1396,14.10289
6,isolation_forest,1397,13.147855
6,isolation_forest,1398,13.096726
6,isolation_forest,1399,13.063836
6,isolation_forest,1400,13.120947
6,isolation_forest,1401,13.033762
6,isolation_forest,1402,13.518132
6,isolation_forest,1403,14.039298
6,isolation_forest,1404,13.384762
6,isolation_forest,1405,13.180355
6,isolation_forest,1406,13.098799
6,isolation_forest,1407,13.056503
6,isolation_forest,1408,13.031614
6,isolation_forest,1409,15.364444
6,isolation_forest,1410,14.714241
6,isolation_forest,1411,14.230742
6,isolation_forest,1412,13.505966
6,isolation_forest,1413,13.11004
6,isolation_forest,1414,13.051818
6,isolation_forest,1415,13.058799
6,isolation_forest,1416,12.977688
6,isolation_forest,1417,12.976058
6,isolation_forest,1418,12.912318
6,isolation_forest,1419,12.965818
6,isolation_forest,1420,12.904985
6,isolation_forest,1421,12.97067
6,isolation_forest,1422,13.24241
6,isolation_forest,1423,13.093169
6,isolation_forest,1424,13.13854
6,isolation_forest,1425,13.18554
6,isolation_forest,1426,13.021725
6,isolation_forest,1427,13.016928
6,isolation_forest,1428,12.842725
6,isolation_forest,1429,14.178965
6,isolation_forest,1430,13.604854
6,isolation_forest,1431,13.235095
6,isolation_forest,1432,14.980075
6,isolation_forest,1433,14.05378
6,isolation_forest,1434,13.580336
6,isolation_forest,1435,13.708077
6,isolation_forest,1436,13.420336
6,isolation_forest,1437,13.200465
6,isolation_forest,1438,13.456614
6,isolation_forest,1439,13.338577
6,isolation_forest,1440,13.101874
6,isolation_forest,1441,13.165837
6,isolation_forest,1442,13.042447
6,isolation_forest,1443,13.053651
6,isolation_forest,1444,12.971799
6,isolation_forest,1445,13.056318
6,isolation_forest,1446,12.922188
6,isolation_forest,1447,12.969152
6,isolation_forest,1448,13.010336
6,isolation_forest,1449,13.095725
6,isolation_forest,1450,12.96054
6,isolation_forest,1451,12.915151
6,isolation_forest,1452,13.665761
6,isolation_forest,1453,13.04454
6,isolation_forest,1454,14.994705
6,isolation_forest,1455,14.954
6,isolation_forest,1456,14.331983
6,isolation_forest,1457,13.520225
6,isolation_forest,1458,13.211892
6,isolation_forest,1459,13.275318
6,isolation_forest,1460,13.057596
6,isolation_forest,1461,13.129336
6,isolation_forest,1462,12.993503
6,isolation_forest,1463,13.124633
6,isolation_forest,1464,13.333817
6,isolation_forest,1465,13.246595
6,isolation_forest,1466,13.060984
6,isolation_forest,1467,12.965836
6,isolation_forest,1468,12.902707
6,isolation_forest,1469,13.337744
6,isolation_forest,1470,15.100612
6,isolation_forest,1471,14.986797
6,isolation_forest,1472,13.530614
6,isolation_forest,1473,13.417003
6,isolation_forest,1474,13.227947
6,isolation_forest,1475,13.15054
6,isolation_forest,1476,13.06404
6,isolation_forest,1477,13.158391
6,isolation_forest,1478,13.117021
6,isolation_forest,1479,13.254132
6,isolation_forest,1480,13.059855
6,isolation_forest,1481,13.099947
6,isolation_forest,1482,13.060984
6,isolation_forest,1483,12.945021
6,isolation_forest,1484,12.887744
6,isolation_forest,1485,13.030836
6,isolation_forest,1486,12.956188
6,isolation_forest,1487,12.945466
6,isolation_forest,1488,13.04228
6,isolation_forest,1489,12.965411
6,isolation_forest,1490,12.925874
6,isolation_forest,1491,12.848558
6,isolation_forest,1492,12.860299
6,isolation_forest,1493,12.832596
6,isolation_forest,1494,12.935022
6,isolation_forest,1495,13.11878
6,isolation_forest,1496,12.953947
6,isolation_forest,1497,12.994689
6,isolation_forest,1498,13.106392
6,isolation_forest,1499,14.945408
6,isolation_forest,1500,15.198426
6,isolation_forest,1501,14.318113
6,isolation_forest,1502,13.773224
6,isolation_forest,1503,13.266558
6,isolation_forest,1504,13.256392
6,isolation_forest,1505,13.24817
6,isolation_forest,1506,13.161151
6,isolation_forest,1507,13.211336
6,isolation_forest,1508,13.059596
6,isolation_forest,1509,13.304762
6,isolation_forest,1510,13.156984
6,isolation_forest,1511,13.068762
6,isolation_forest,1512,13.052429
6,isolation_forest,1513,13.143151
6,isolation_forest,1514,13.228169
6,isolation_forest,1515,14.250353
6,isolation_forest,1516,14.730816
6,isolation_forest,1517,13.413577
6,isolation_forest,1518,13.272262
6,isolation_forest,1519,13.21604
6,isolation_forest,1520,13.170244
6,isolation_forest,1521,12.981114
6,isolation_forest,1522,12.989836
6,isolation_forest,1523,12.954837
6,isolation_forest,1524,13.085225
6,isolation_forest,1525,12.978911
6,isolation_forest,1526,13.011337
6,isolation_forest,1527,12.990818
6,isolation_forest,1528,12.974689
6,isolation_forest,1529,12.920929
6,isolation_forest,1530,12.820041
6,isolation_forest,1531,13.163577
6,isolation_forest,1532,13.106299
6,isolation_forest,1533,13.222614
6,isolation_forest,1534,13.805872
6,isolation_forest,1535,13.047855
6,isolation_forest,1536,13.004447
6,isolation_forest,1537,13.000169
6,isolation_forest,1538,12.903522
6,isolation_forest,1539,13.084096
6,isolation_forest,1540,12.950743
6,isolation_forest,1541,12.949911
6,isolation_forest,1542,12.918467
6,isolation_forest,1543,12.91067
6,isolation_forest,1544,14.800427
6,isolation_forest,1545,15.301815
6,isolation_forest,1546,14.390261
6,isolation_forest,1547,14.402186
6,isolation_forest,1548,14.03652
6,isolation_forest,1549,13.281725
6,isolation_forest,1550,13.119558
6,isolation_forest,1551,13.125188
6,isolation_forest,1552,13.021392
6,isolation_forest,1553,13.062262
6,isolation_forest,1554,13.097929
6,isolation_forest,1555,13.12141
6,isolation_forest,1556,13.054207
6,isolation_forest,1557,13.136633
6,isolation_forest,1558,13.134725
6,isolation_forest,1559,13.205632
6,isolation_forest,1560,13.279243
6,isolation_forest,1561,13.079596
6,isolation_forest,1562,13.024706
6,isolation_forest,1563,12.963558
6,isolation_forest,1564,12.944929
6,isolation_forest,1565,13.038281
6,isolation_forest,1566,12.883152
6,isolation_forest,1567,12.880855
6,isolation_forest,1568,12.900078
6,isolation_forest,1569,12.930226
6,isolation_forest,1570,13.030021
6,isolation_forest,1571,12.997114
6,isolation_forest,1572,13.188948
6,isolation_forest,1573,13.232114
6,isolation_forest,1574,13.043577
6,isolation_forest,1575,13.071911
6,isolation_forest,1576,12.984188
6,isolation_forest,1577,12.98767
6,isolation_forest,1578,12.970799
6,isolation_forest,1579,12.983262
6,isolation_forest,1580,12.94954
6,isolation_forest,1581,12.983225
6,isolation_forest,1582,12.999169
6,isolation_forest,1583,12.808763
6,isolation_forest,1584,13.029855
6,isolation_forest,1585,13.292151
6,isolation_forest,1586,13.359688
6,isolation_forest,1587,13.031504
6,isolation_forest,1588,13.073503
6,isolation_forest,1589,13.651706
6,isolation_forest,1590,15.254463
6,isolation_forest,1591,14.587631
6,isolation_forest,1592,13.832243
6,isolation_forest,1593,13.260169
6,isolation_forest,1594,13.152373
6,isolation_forest,1595,13.067188
6,isolation_forest,1596,12.982559
6,isolation_forest,1597,13.130466
6,isolation_forest,1598,13.00067
6,isolation_forest,1599,13.014485
6,isolation_forest,1600,13.076725
6,isolation_forest,1601,12.935633
6,isolation_forest,1602,12.959762
6,isolation_forest,1603,13.111262
6,isolation_forest,1604,12.977614
6,isolation_forest,1605,13.313095
6,isolation_forest,1606,13.059632
6,isolation_forest,1607,13.065763
6,isolation_forest,1608,13.063318
6,isolation_forest,1609,13.085411
6,isolation_forest,1610,13.049614
6,isolation_forest,1611,13.002577
6,isolation_forest,1612,12.920669
6,isolation_forest,1613,12.887966
6,isolation_forest,1614,12.792022
6,isolation_forest,1615,12.905393
6,isolation_forest,1616,13.746502
6,isolation_forest,1617,12.938318
6,isolation_forest,1618,12.951651
6,isolation_forest,1619,12.911781
6,isolation_forest,1620,12.911633
6,isolation_forest,1621,13.558669
6,isolation_forest,1622,14.041261
6,isolation_forest,1623,13.41365
6,isolation_forest,1624,16.939665
6,isolation_forest,1625,15.082834
6,isolation_forest,1626,13.443244
6,isolation_forest,1627,14.58639
6,isolation_forest,1628,25.770617
6,isolation_forest,1629,18.166349
6,isolation_forest,1630,14.304446
6,isolation_forest,1631,13.471706
6,isolation_forest,1632,13.37465
6,isolation_forest,1633,15.497852
6,isolation_forest,1634,14.75939
6,isolation_forest,1635,14.196668
6,isolation_forest,1636,13.252558
6,isolation_forest,1637,13.085837
6,isolation_forest,1638,12.987299
6,isolation_forest,1639,13.064299
6,isolation_forest,1640,13.01391
6,isolation_forest,1641,13.031318
6,isolation_forest,1642,13.354595
6,isolation_forest,1643,13.431632
6,isolation_forest,1644,13.272503
6,isolation_forest,1645,13.071058
6,isolation_forest,1646,13.026706
6,isolation_forest,1647,13.802817
6,isolation_forest,1648,13.522576
6,isolation_forest,1649,13.28367
6,isolation_forest,1650,13.144985
6,isolation_forest,1651,13.005911
6,isolation_forest,1652,12.998244
6,isolation_forest,1653,13.047003
6,isolation_forest,1654,12.972448
6,isolation_forest,1655,12.904003
6,isolation_forest,1656,12.869299
6,isolation_forest,1657,12.895448
6,isolation_forest,1658,12.933059
6,isolation_forest,1659,12.948355
6,isolation_forest,1660,12.813893
6,isolation_forest,1661,12.906985
6,isolation_forest,1662,13.070189
6,isolation_forest,1663,12.92067
6,isolation_forest,1664,13.066077
6,isolation_forest,1665,13.238855
6,isolation_forest,1666,13.123115
6,isolation_forest,1667,13.05691
6,isolation_forest,1668,13.007021
6,isolation_forest,1669,13.047447
6,isolation_forest,1670,13.025206
6,isolation_forest,1671,12.867818
6,isolation_forest,1672,12.869373
6,isolation_forest,1673,12.905115
6,isolation_forest,1674,13.039411
6,isolation_forest,1675,12.898096
6,isolation_forest,1676,12.876947
6,isolation_forest,1677,12.892355
6,isolation_forest,1678,13.556855
6,isolation_forest,1679,15.277723
6,isolation_forest,1680,14.502724
6,isolation_forest,1681,14.087187
6,isolation_forest,1682,13.187669
6,isolation_forest,1683,13.356521
6,isolation_forest,1684,13.254873
6,isolation_forest,1685,13.091836
6,isolation_forest,1686,13.014392
6,isolation_forest,1687,12.98404
6,isolation_forest,1688,13.082151
6,isolation_forest,1689,13.034651
6,isolation_forest,1690,12.926336
6,isolation_forest,1691,12.901744
6,isolation_forest,1692,12.981244
6,isolation_forest,1693,12.989892
6,isolation_forest,1694,13.42191
6,isolation_forest,1695,14.005279
6,isolation_forest,1696,13.659354
6,isolation_forest,1697,13.086169
6,isolation_forest,1698,14.033094
6,isolation_forest,1699,13.261762
6,isolation_forest,1700,13.076188
6,isolation_forest,1701,12.925318
6,isolation_forest,1702,12.900244
6,isolation_forest,1703,12.933503
6,isolation_forest,1704,13.013152
6,isolation_forest,1705,13.006911
6,isolation_forest,1706,12.954985
6,isolation_forest,1707,12.848837
6,isolation_forest,1708,12.857559
6,isolation_forest,1709,12.849706
6,isolation_forest,1710,12.818078
6,isolation_forest,1711,12.86341
6,isolation_forest,1712,12.870763
6,isolation_forest,1713,12.781577
6,isolation_forest,1714,12.821929
6,isolation_forest,1715,12.771837
6,isolation_forest,1716,12.73154
6,isolation_forest,1717,12.683985
6,isolation_forest,1718,12.704892
6,isolation_forest,1719,12.904059
6,isolation_forest,1720,12.941244
6,isolation_forest,1721,12.812355
6,isolation_forest,1722,12.993763
6,isolation_forest,1723,13.024003
6,isolation_forest,1724,15.072945
6,isolation_forest,1725,14.77563
6,isolation_forest,1726,14.12965
6,isolation_forest,1727,13.535984
6,isolation_forest,1728,13.113373
6,isolation_forest,1729,12.963781
6,isolation_forest,1730,13.036429
6,isolation_forest,1731,13.033355
6,isolation_forest,1732,13.00267
6,isolation_forest,1733,12.875041
6,isolation_forest,1734,12.995596
6,isolation_forest,1735,12.950966
6,isolation_forest,1736,12.902837
6,isolation_forest,1737,12.93917
6,isolation_forest,1738,12.930911
6,isolation_forest,1739,13.144281
6,isolation_forest,1740,14.041002
6,isolation_forest,1741,14.384205
6,isolation_forest,1742,13.152688
6,isolation_forest,1743,13.152966
6,isolation_forest,1744,13.127633
6,isolation_forest,1745,13.082373
6,isolation_forest,1746,12.969633
6,isolation_forest,1747,12.997596
6,isolation_forest,1748,12.867855
6,isolation_forest,1749,12.866911
6,isolation_forest,1750,12.974077
6,isolation_forest,1751,12.958614
6,isolation_forest,1752,12.883077
6,isolation_forest,1753,12.8748
6,isolation_forest,1754,12.946059
6,isolation_forest,1755,12.792819
6,isolation_forest,1756,12.882652
6,isolation_forest,1757,12.840114
6,isolation_forest,1758,12.800245
6,isolation_forest,1759,12.930262
6,isolation_forest,1760,12.833726
6,isolation_forest,1761,12.939818
6,isolation_forest,1762,12.810003
6,isolation_forest,1763,12.763781
6,isolation_forest,1764,12.756244
6,isolation_forest,1765,12.833429
6,isolation_forest,1766,12.950837
6,isolation_forest,1767,12.909911
6,isolation_forest,1768,12.836503
6,isolation_forest,1769,12.879781
6,isolation_forest,1770,15.329556
6,isolation_forest,1771,15.029963
6,isolation_forest,1772,14.102076
6,isolation_forest,1773,13.82215
6,isolation_forest,1774,13.591595
6,isolation_forest,1775,13.087226
6,isolation_forest,1776,12.975448
6,isolation_forest,1777,12.910429
6,isolation_forest,1778,13.454354
6,isolation_forest,1779,13.676317
6,isolation_forest,1780,14.054965
6,isolation_forest,1781,13.137189
6,isolation_forest,1782,13.098558
6,isolation_forest,1783,12.975615
6,isolation_forest,1784,13.024281
6,isolation_forest,1785,13.178077
6,isolation_forest,1786,13.04841
6,isolation_forest,1787,13.022114
6,isolation_forest,1788,12.993189
6,isolation_forest,1789,12.891744
6,isolation_forest,1790,12.890004
6,isolation_forest,1791,12.765614
6,isolation_forest,1792,12.890022
6,isolation_forest,1793,12.97654
6,isolation_forest,1794,12.923615
6,isolation_forest,1795,12.890003
6,isolation_forest,1796,12.946133
6,isolation_forest,1797,12.856244
6,isolation_forest,1798,13.056337
6,isolation_forest,1799,12.995651
6,isolation_forest,1800,12.904281
6,isolation_forest,1801,12.838967
6,isolation_forest,1802,12.796836
6,isolation_forest,1803,12.790096
6,isolation_forest,1804,12.796115
6,isolation_forest,1805,12.748781
6,rms,1,0.032482
6,rms,2,0.032444
6,rms,3,0.032314
6,rms,4,0.032259
6,rms,5,0.032278
6,rms,6,0.032148
6,rms,7,0.032111
6,rms,8,0.031963
6,rms,9,0.032241
6,rms,10,0.032056
6,rms,11,0.032056
6,rms,12,0.03224
6,rms,13,0.032167
6,rms,14,0.032222
6,rms,15,0.032222
6,rms,16,0.032444
6,rms,17,0.032074
6,rms,18,0.03213
6,rms,19,0.032185
6,rms,20,0.032222
6,rms,21,0.03326
6,rms,22,0.033019
6,rms,23,0.033704
6,rms,24,0.033074
6,rms,25,0.033944
6,rms,26,0.033259
6,rms,27,0.032797
6,rms,28,0.032926
6,rms,29,0.032945
6,rms,30,0.033648
6,rms,31,0.033111
6,rms,32,0.034185
6,rms,33,0.032944
6,rms,34,0.032815
6,rms,35,0.03274
6,rms,36,0.033148
6,rms,37,0.032463
6,rms,38,0.032574
6,rms,39,0.033148
6,rms,40,0.032574
6,rms,41,0.033797
6,rms,42,0.032741
6,rms,43,0.032741
6,rms,44,0.032741
6,rms,45,0.032815
6,rms,46,0.032815
6,rms,47,0.032722
6,rms,48,0.032648
6,rms,49,0.032833
6,rms,50,0.032408
6,rms,51,0.033519
6,rms,52,0.033908
6,rms,53,0.03287
6,rms,54,0.032833
6,rms,55,0.033389
6,rms,56,0.032833
6,rms,57,0.032703
6,rms,58,0.032834
6,rms,59,0.032629
6,rms,60,0.03337
6,rms,61,0.033907
6,rms,62,0.033056
6,rms,63,0.03276
6,rms,64,0.033352
6,rms,65,0.032815
6,rms,66,0.032444
6,rms,67,0.032463
6,rms,68,0.032704
6,rms,69,0.032408
6,rms,70,0.032685
6,rms,71,0.033093
6,rms,72,0.033056
6,rms,73,0.033222
6,rms,74,0.032629
6,rms,75,0.032833
6,rms,76,0.032703
6,rms,77,0.032686
6,rms,78,0.032815
6,rms,79,0.032796
6,rms,80,0.033
6,rms,81,0.032426
6,rms,82,0.032296
6,rms,83,0.032388
6,rms,84,0.032852
6,rms,85,0.033537
6,rms,86,0.033852
6,rms,87,0.032593
6,rms,88,0.032722
6,rms,89,0.032611
6,rms,90,0.033185
6,rms,91,0.032241
6,rms,92,0.032833
6,rms,93,0.03263
6,rms,94,0.032685
6,rms,95,0.032704
6,rms,96,0.032389
6,rms,97,0.032296
6,rms,98,0.033426
6,rms,99,0.033092
6,rms,100,0.03413
6,rms,101,0.037463
6,rms,102,0.035815
6,rms,103,0.032722
6,rms,104,0.033
6,rms,105,0.033519
6,rms,106,0.033815
6,rms,107,0.033259
6,rms,108,0.032667
6,rms,109,0.032611
6,rms,110,0.033129
6,rms,111,0.032518
6,rms,112,0.032648
6,rms,113,0.033111
6,rms,114,0.033296
6,rms,115,0.033574
6,rms,116,0.032888
6,rms,117,0.032463
6,rms,118,0.03287
6,rms,119,0.032463
6,rms,120,0.033222
6,rms,121,0.032648
6,rms,122,0.0325
6,rms,123,0.0325
6,rms,124,0.033074
6,rms,125,0.032463
6,rms,126,0.032556
6,rms,127,0.032444
6,rms,128,0.033388
6,rms,129,0.033889
6,rms,130,0.033093
6,rms,131,0.032408
6,rms,132,0.032297
6,rms,133,0.032556
6,rms,134,0.032814
6,rms,135,0.032333
6,rms,136,0.032444
6,rms,137,0.0325
6,rms,138,0.034703
6,rms,139,0.034167
6,rms,140,0.032999
6,rms,141,0.032796
6,rms,142,0.032315
6,rms,143,0.033018
6,rms,144,0.032686
6,rms,145,0.032593
6,rms,146,0.032963
6,rms,147,0.032926
6,rms,148,0.032333
6,rms,149,0.032426
6,rms,150,0.032499
6,rms,151,0.033556
6,rms,152,0.033259
6,rms,153,0.033574
6,rms,154,0.032962
6,rms,155,0.033
6,rms,156,0.032481
6,rms,157,0.032815
6,rms,158,0.032741
6,rms,159,0.032296
6,rms,160,0.032388
6,rms,161,0.032481
6,rms,162,0.032593
6,rms,163,0.032444
6,rms,164,0.0325
6,rms,165,0.032555
6,rms,166,0.0325
6,rms,167,0.032351
6,rms,168,0.032352
6,rms,169,0.0325
6,rms,170,0.0325
6,rms,171,0.0325
6,rms,172,0.072703
6,rms,173,0.03437
6,rms,174,0.033555
6,rms,175,0.032778
6,rms,176,0.032462
6,rms,177,0.032796
6,rms,178,0.032759
6,rms,179,0.032611
6,rms,180,0.032556
6,rms,181,0.032926
6,rms,182,0.032334
6,rms,183,0.032629
6,rms,184,0.032482
6,rms,185,0.032537
6,rms,186,0.033093
6,rms,187,0.032425
6,rms,188,0.032426
6,rms,189,0.033833
6,rms,190,0.032482
6,rms,191,0.032574
6,rms,192,0.032518
6,rms,193,0.032722
6,rms,194,0.032222
6,rms,195,0.032851
6,rms,196,0.032574
6,rms,197,0.032426
6,rms,198,0.032166
6,rms,199,0.032314
6,rms,200,0.032611
6,rms,201,0.032426
6,rms,202,0.032574
6,rms,203,0.032444
6,rms,204,0.032815
6,rms,205,0.032555
6,rms,206,0.032204
6,rms,207,0.032722
6,rms,208,0.033037
6,rms,209,0.033648
6,rms,210,0.032685
6,rms,211,0.032703
6,rms,212,0.032407
6,rms,213,0.032889
6,rms,214,0.032685
6,rms,215,0.032759
6,rms,216,0.032537
6,rms,217,0.032537
6,rms,218,0.037444
6,rms,219,0.034537
6,rms,220,0.033463
6,rms,221,0.033481
6,rms,222,0.032815
6,rms,223,0.033037
6,rms,224,0.032333
6,rms,225,0.032815
6,rms,226,0.032686
6,rms,227,0.032592
6,rms,228,0.032166
6,rms,229,0.03237
6,rms,230,0.032555
6,rms,231,0.032481
6,rms,232,0.033722
6,rms,233,0.033778
6,rms,234,0.032389
6,rms,235,0.032704
6,rms,236,0.032518
6,rms,237,0.032499
6,rms,238,0.032481
6,rms,239,0.032796
6,rms,240,0.032334
6,rms,241,0.03224
6,rms,242,0.032334
6,rms,243,0.032518
6,rms,244,0.032722
6,rms,245,0.032629
6,rms,246,0.032741
6,rms,247,0.032963
6,rms,248,0.033148
6,rms,249,0.033612
6,rms,250,0.032371
6,rms,251,0.032537
6,rms,252,0.0325
6,rms,253,0.032445
6,rms,254,0.032407
6,rms,255,0.032556
6,rms,256,0.03263
6,rms,257,0.032611
6,rms,258,0.032982
6,rms,259,0.032463
6,rms,260,0.032296
6,rms,261,0.032389
6,rms,262,0.032482
6,rms,263,0.032389
6,rms,264,0.032537
6,rms,265,0.032334
6,rms,266,0.033222
6,rms,267,0.033759
6,rms,268,0.032352
6,rms,269,0.032167
6,rms,270,0.032704
6,rms,271,0.032963
6,rms,272,0.032796
6,rms,273,0.032666
6,rms,274,0.032333
6,rms,275,0.032574
6,rms,276,0.032296
6,rms,277,0.032463
6,rms,278,0.032203
6,rms,279,0.032593
6,rms,280,0.0325
6,rms,281,0.033704
6,rms,282,0.033055
6,rms,283,0.033408
6,rms,284,0.032297
6,rms,285,0.03237
6,rms,286,0.032352
6,rms,287,0.032259
6,rms,288,0.032666
6,rms,289,0.032611
6,rms,290,0.032703
6,rms,291,0.032518
6,rms,292,0.032703
6,rms,293,0.032629
6,rms,294,0.032445
6,rms,295,0.032481
6,rms,296,0.032203
6,rms,297,0.032667
6,rms,298,0.033389
6,rms,299,0.038222
6,rms,300,0.033463
6,rms,301,0.032926
6,rms,302,0.03237
6,rms,303,0.032389
6,rms,304,0.032593
6,rms,305,0.032389
6,rms,306,0.032408
6,rms,307,0.032278
6,rms,308,0.032499
6,rms,309,0.032611
6,rms,310,0.032222
6,rms,311,0.032556
6,rms,312,0.032315
6,rms,313,0.032556
6,rms,314,0.032537
6,rms,315,0.032463
6,rms,316,0.03287
6,rms,317,0.032241
6,rms,318,0.032667
6,rms,319,0.032389
6,rms,320,0.032296
6,rms,321,0.032981
6,rms,322,0.033426
6,rms,323,0.033018
6,rms,324,0.032334
6,rms,325,0.032426
6,rms,326,0.032537
6,rms,327,0.032259
6,rms,328,0.03237
6,rms,329,0.032574
6,rms,330,0.032945
6,rms,331,0.0325
6,rms,332,0.032111
6,rms,333,0.032611
6,rms,334,0.032352
6,rms,335,0.032518
6,rms,336,0.032666
6,rms,337,0.037777
6,rms,338,0.033796
6,rms,339,0.033722
6,rms,340,0.033148
6,rms,341,0.032482
6,rms,342,0.03224
6,rms,343,0.032259
6,rms,344,0.032074
6,rms,345,0.033129
6,rms,346,0.032574
6,rms,347,0.032556
6,rms,348,0.032556
6,rms,349,0.032556
6,rms,350,0.032203
6,rms,351,0.032741
6,rms,352,0.032149
6,rms,353,0.032574
6,rms,354,0.032759
6,rms,355,0.033389
6,rms,356,0.033574
6,rms,357,0.032722
6,rms,358,0.032351
6,rms,359,0.032314
6,rms,360,0.032463
6,rms,361,0.032851
6,rms,362,0.032278
6,rms,363,0.032611
6,rms,364,0.032519
6,rms,365,0.033019
6,rms,366,0.032592
6,rms,367,0.032537
6,rms,368,0.032278
6,rms,369,0.033389
6,rms,370,0.032259
6,rms,371,0.033037
6,rms,372,0.033574
6,rms,373,0.032407
6,rms,374,0.032389
6,rms,375,0.032334
6,rms,376,0.032407
6,rms,377,0.032426
6,rms,378,0.033389
6,rms,379,0.032241
6,rms,380,0.032352
6,rms,381,0.03263
6,rms,382,0.031981
6,rms,383,0.03226
6,rms,384,0.032611
6,rms,385,0.032352
6,rms,386,0.032185
6,rms,387,0.032537
6,rms,388,0.032241
6,rms,389,0.032759
6,rms,390,0.032149
6,rms,391,0.032037
6,rms,392,0.032203
6,rms,393,0.032445
6,rms,394,0.032315
6,rms,395,0.032407
6,rms,396,0.032463
6,rms,397,0.032611
6,rms,398,0.032277
6,rms,399,0.033148
6,rms,400,0.033019
6,rms,401,0.0335
6,rms,402,0.032648
6,rms,403,0.032371
6,rms,404,0.035149
6,rms,405,0.033407
6,rms,406,0.032463
6,rms,407,0.033926
6,rms,408,0.032389
6,rms,409,0.032445
6,rms,410,0.032537
6,rms,411,0.032352
6,rms,412,0.032148
6,rms,413,0.03237
6,rms,414,0.032592
6,rms,415,0.032648
6,rms,416,0.032259
6,rms,417,0.032445
6,rms,418,0.032333
6,rms,419,0.032148
6,rms,420,0.032222
6,rms,421,0.03263
6,rms,422,0.03237
6,rms,423,0.03263
6,rms,424,0.032555
6,rms,425,0.032445
6,rms,426,0.037037
6,rms,427,0.032778
6,rms,428,0.032648
6,rms,429,0.032574
6,rms,430,0.032204
6,rms,431,0.032314
6,rms,432,0.032796
6,rms,433,0.032297
6,rms,434,0.032574
6,rms,435,0.032333
6,rms,436,0.032167
6,rms,437,0.033148
6,rms,438,0.032389
6,rms,439,0.033815
6,rms,440,0.032296
6,rms,441,0.032556
6,rms,442,0.032297
6,rms,443,0.032796
6,rms,444,0.032259
6,rms,445,0.032296
6,rms,446,0.032314
6,rms,447,0.032852
6,rms,448,0.032074
6,rms,449,0.032333
6,rms,450,0.032167
6,rms,451,0.032333
6,rms,452,0.031982
6,rms,453,0.03213
6,rms,454,0.032185
6,rms,455,0.032019
6,rms,456,0.031944
6,rms,457,0.039074
6,rms,458,0.033055
6,rms,459,0.032519
6,rms,460,0.032537
6,rms,461,0.032963
6,rms,462,0.0325
6,rms,463,0.0325
6,rms,464,0.032445
6,rms,465,0.033778
6,rms,466,0.032815
6,rms,467,0.033148
6,rms,468,0.032223
6,rms,469,0.032556
6,rms,470,0.032259
6,rms,471,0.03237
6,rms,472,0.032111
6,rms,473,0.032833
6,rms,474,0.032426
6,rms,475,0.03213
6,rms,476,0.032204
6,rms,477,0.032629
6,rms,478,0.032111
6,rms,479,0.03237
6,rms,480,0.032185
6,rms,481,0.032518
6,rms,482,0.032296
6,rms,483,0.032278
6,rms,484,0.032722
6,rms,485,0.032352
6,rms,486,0.032704
6,rms,487,0.032259
6,rms,488,0.03237
6,rms,489,0.032444
6,rms,490,0.0325
6,rms,491,0.032185
6,rms,492,0.03237
6,rms,493,0.032519
6,rms,494,0.032314
6,rms,495,0.032111
6,rms,496,0.032185
6,rms,497,0.032481
6,rms,498,0.032888
6,rms,499,0.032185
6,rms,500,0.033203
6,rms,501,0.033074
6,rms,502,0.033259
6,rms,503,0.032352
6,rms,504,0.032166
6,rms,505,0.032537
6,rms,506,0.032334
6,rms,507,0.032203
6,rms,508,0.032093
6,rms,509,0.032223
6,rms,510,0.032463
6,rms,511,0.032204
6,rms,512,0.032352
6,rms,513,0.032315
6,rms,514,0.03213
6,rms,515,0.032407
6,rms,516,0.032056
6,rms,517,0.032334
6,rms,518,0.032518
6,rms,519,0.032204
6,rms,520,0.032593
6,rms,521,0.032667
6,rms,522,0.0325
6,rms,523,0.032351
6,rms,524,0.032556
6,rms,525,0.032352
6,rms,526,0.032408
6,rms,527,0.032278
6,rms,528,0.032167
6,rms,529,0.032352
6,rms,530,0.032389
6,rms,531,0.032963
6,rms,532,0.032408
6,rms,533,0.032537
6,rms,534,0.033037
6,rms,535,0.032982
6,rms,536,0.032518
6,rms,537,0.032982
6,rms,538,0.033204
6,rms,539,0.032296
6,rms,540,0.032148
6,rms,541,0.032463
6,rms,542,0.032778
6,rms,543,0.032463
6,rms,544,0.032537
6,rms,545,0.032407
6,rms,546,0.032852
6,rms,547,0.032074
6,rms,548,0.032407
6,rms,549,0.032371
6,rms,550,0.032519
6,rms,551,0.032166
6,rms,552,0.032296
6,rms,553,0.036537
6,rms,554,0.032314
6,rms,555,0.032519
6,rms,556,0.032277
6,rms,557,0.032315
6,rms,558,0.03263
6,rms,559,0.032741
6,rms,560,0.032259
6,rms,561,0.032426
6,rms,562,0.032185
6,rms,563,0.032296
6,rms,564,0.032222
6,rms,565,0.032537
6,rms,566,0.032241
6,rms,567,0.032315
6,rms,568,0.032111
6,rms,569,0.032426
6,rms,570,0.032426
6,rms,571,0.032574
6,rms,572,0.032259
6,rms,573,0.032481
6,rms,574,0.033241
6,rms,575,0.033055
6,rms,576,0.038685
6,rms,577,0.0345
6,rms,578,0.032574
6,rms,579,0.032463
6,rms,580,0.032204
6,rms,581,0.032889
6,rms,582,0.032426
6,rms,583,0.032408
6,rms,584,0.032351
6,rms,585,0.03263
6,rms,586,0.0325
6,rms,587,0.03237
6,rms,588,0.032129
6,rms,589,0.032425
6,rms,590,0.032148
6,rms,591,0.032389
6,rms,592,0.032222
6,rms,593,0.032537
6,rms,594,0.032371
6,rms,595,0.032425
6,rms,596,0.032519
6,rms,597,0.0335
6,rms,598,0.032575
6,rms,599,0.033945
6,rms,600,0.032444
6,rms,601,0.032389
6,rms,602,0.032203
6,rms,603,0.032241
6,rms,604,0.032092
6,rms,605,0.032944
6,rms,606,0.032611
6,rms,607,0.032297
6,rms,608,0.032278
6,rms,609,0.032259
6,rms,610,0.032537
6,rms,611,0.032777
6,rms,612,0.03237
6,rms,613,0.032278
6,rms,614,0.032408
6,rms,615,0.032204
6,rms,616,0.032222
6,rms,617,0.032388
6,rms,618,0.032518
6,rms,619,0.032388
6,rms,620,0.033334
6,rms,621,0.032315
6,rms,622,0.033907
6,rms,623,0.032463
6,rms,624,0.032129
6,rms,625,0.032352
6,rms,626,0.03237
6,rms,627,0.032166
6,rms,628,0.032333
6,rms,629,0.032389
6,rms,630,0.032444
6,rms,631,0.032222
6,rms,632,0.032426
6,rms,633,0.033093
6,rms,634,0.032277
6,rms,635,0.032203
6,rms,636,0.032111
6,rms,637,0.032482
6,rms,638,0.032074
6,rms,639,0.032203
6,rms,640,0.032148
6,rms,641,0.033463
6,rms,642,0.032222
6,rms,643,0.032204
6,rms,644,0.03213
6,rms,645,0.032371
6,rms,646,0.032297
6,rms,647,0.032759
6,rms,648,0.032185
6,rms,649,0.032445
6,rms,650,0.032222
6,rms,651,0.032333
6,rms,652,0.032259
6,rms,653,0.033463
6,rms,654,0.032814
6,rms,655,0.033407
6,rms,656,0.03224
6,rms,657,0.032389
6,rms,658,0.032463
6,rms,659,0.032259
6,rms,660,0.032241
6,rms,661,0.032371
6,rms,662,0.032278
6,rms,663,0.032759
6,rms,664,0.032926
6,rms,665,0.0325
6,rms,666,0.032537
6,rms,667,0.032537
6,rms,668,0.032278
6,rms,669,0.032556
6,rms,670,0.032167
6,rms,671,0.032185
6,rms,672,0.032352
6,rms,673,0.03237
6,rms,674,0.032333
6,rms,675,0.03237
6,rms,676,0.032241
6,rms,677,0.032426
6,rms,678,0.032352
6,rms,679,0.033277
6,rms,680,0.037371
6,rms,681,0.032611
6,rms,682,0.033426
6,rms,683,0.033333
6,rms,684,0.032425
6,rms,685,0.032704
6,rms,686,0.032408
6,rms,687,0.032648
6,rms,688,0.032296
6,rms,689,0.032333
6,rms,690,0.033037
6,rms,691,0.032389
6,rms,692,0.032426
6,rms,693,0.032611
6,rms,694,0.032611
6,rms,695,0.032759
6,rms,696,0.040018
6,rms,697,0.034037
6,rms,698,0.032944
6,rms,699,0.032407
6,rms,700,0.032741
6,rms,701,0.032815
6,rms,702,0.032388
6,rms,703,0.032426
6,rms,704,0.032593
6,rms,705,0.032389
6,rms,706,0.032962
6,rms,707,0.032463
6,rms,708,0.032537
6,rms,709,0.032389
6,rms,710,0.033371
6,rms,711,0.033834
6,rms,712,0.033222
6,rms,713,0.032481
6,rms,714,0.032667
6,rms,715,0.032445
6,rms,716,0.03226
6,rms,717,0.03263
6,rms,718,0.032648
6,rms,719,0.032278
6,rms,720,0.032445
6,rms,721,0.032296
6,rms,722,0.032481
6,rms,723,0.032278
6,rms,724,0.033481
6,rms,725,0.032315
6,rms,726,0.034018
6,rms,727,0.032445
6,rms,728,0.032389
6,rms,729,0.032278
6,rms,730,0.032648
6,rms,731,0.032314
6,rms,732,0.03224
6,rms,733,0.032389
6,rms,734,0.032481
6,rms,735,0.032148
6,rms,736,0.032519
6,rms,737,0.032445
6,rms,738,0.032278
6,rms,739,0.032259
6,rms,740,0.032093
6,rms,741,0.03224
6,rms,742,0.032426
6,rms,743,0.032056
6,rms,744,0.032166
6,rms,745,0.03213
6,rms,746,0.032796
6,rms,747,0.032296
6,rms,748,0.032278
6,rms,749,0.032556
6,rms,750,0.0325
6,rms,751,0.032389
6,rms,752,0.032166
6,rms,753,0.0325
6,rms,754,0.032333
6,rms,755,0.032463
6,rms,756,0.032612
6,rms,757,0.032444
6,rms,758,0.032426
6,rms,759,0.033481
6,rms,761,0.03374
6,rms,762,0.032611
6,rms,763,0.032333
6,rms,764,0.032185
6,rms,765,0.032518
6,rms,766,0.032241
6,rms,767,0.032407
6,rms,768,0.032148
6,rms,769,0.032445
6,rms,770,0.032445
6,rms,771,0.032315
6,rms,772,0.032241
6,rms,773,0.032408
6,rms,774,0.03237
6,rms,775,0.032241
6,rms,776,0.032463
6,rms,777,0.032241
6,rms,778,0.032889
6,rms,779,0.03237
6,rms,780,0.032463
6,rms,781,0.032518
6,rms,782,0.032648
6,rms,783,0.032389
6,rms,784,0.032389
6,rms,785,0.033704
6,rms,786,0.033056
6,rms,787,0.033537
6,rms,788,0.032259
6,rms,789,0.032426
6,rms,790,0.032389
6,rms,791,0.032519
6,rms,792,0.032222
6,rms,793,0.032425
6,rms,794,0.032426
6,rms,795,0.032277
6,rms,796,0.032129
6,rms,797,0.032481
6,rms,798,0.032537
6,rms,799,0.032111
6,rms,800,0.032407
6,rms,801,0.032796
6,rms,802,0.032315
6,rms,803,0.03213
6,rms,804,0.0325
6,rms,805,0.032167
6,rms,806,0.032185
6,rms,807,0.032333
6,rms,808,0.035814
6,rms,809,0.033407
6,rms,810,0.032556
6,rms,811,0.032129
6,rms,812,0.032852
6,rms,813,0.032574
6,rms,814,0.032592
6,rms,815,0.032129
6,rms,816,0.037889
6,rms,817,0.033556
6,rms,818,0.032574
6,rms,819,0.032259
6,rms,820,0.032593
6,rms,821,0.032463
6,rms,822,0.032185
6,rms,823,0.032351
6,rms,824,0.032185
6,rms,825,0.032297
6,rms,826,0.032315
6,rms,827,0.032259
6,rms,828,0.032167
6,rms,829,0.032352
6,rms,830,0.032204
6,rms,831,0.031963
6,rms,832,0.032278
6,rms,833,0.032148
6,rms,834,0.032296
6,rms,835,0.032593
6,rms,836,0.032277
6,rms,837,0.032241
6,rms,838,0.032222
6,rms,839,0.032722
6,rms,840,0.033055
6,rms,841,0.0325
6,rms,842,0.032296
6,rms,843,0.03287
6,rms,844,0.032518
6,rms,845,0.032481
6,rms,846,0.032574
6,rms,847,0.032333
6,rms,848,0.032926
6,rms,849,0.032204
6,rms,850,0.032592
6,rms,851,0.032112
6,rms,852,0.032408
6,rms,853,0.032611
6,rms,854,0.032611
6,rms,855,0.032667
6,rms,856,0.032426
6,rms,857,0.032278
6,rms,858,0.032333
6,rms,859,0.033074
6,rms,860,0.032148
6,rms,861,0.032759
6,rms,862,0.032351
6,rms,863,0.033519
6,rms,864,0.032129
6,rms,865,0.032408
6,rms,866,0.032241
6,rms,867,0.032112
6,rms,868,0.0355
6,rms,869,0.032648
6,rms,870,0.033889
6,rms,871,0.032185
6,rms,872,0.032055
6,rms,873,0.032296
6,rms,874,0.032426
6,rms,875,0.0325
6,rms,876,0.032277
6,rms,877,0.03237
6,rms,878,0.033148
6,rms,879,0.032296
6,rms,880,0.03237
6,rms,881,0.032519
6,rms,882,0.033
6,rms,883,0.033723
6,rms,884,0.032815
6,rms,885,0.033685
6,rms,886,0.032334
6,rms,887,0.032463
6,rms,888,0.0325
6,rms,889,0.032574
6,rms,890,0.032778
6,rms,891,0.032037
6,rms,892,0.032278
6,rms,893,0.032203
6,rms,894,0.032315
6,rms,895,0.032278
6,rms,896,0.032241
6,rms,897,0.032333
6,rms,898,0.032296
6,rms,899,0.032537
6,rms,900,0.032481
6,rms,901,0.032278
6,rms,902,0.032185
6,rms,903,0.032426
6,rms,904,0.032315
6,rms,905,0.032444
6,rms,906,0.032667
6,rms,907,0.03213
6,rms,908,0.032555
6,rms,909,0.032204
6,rms,910,0.032352
6,rms,911,0.032111
6,rms,912,0.032482
6,rms,913,0.032871
6,rms,914,0.032648
6,rms,915,0.032963
6,rms,916,0.03337
6,rms,917,0.032333
6,rms,918,0.0325
6,rms,919,0.032444
6,rms,920,0.032315
6,rms,921,0.032241
6,rms,922,0.032667
6,rms,923,0.032482
6,rms,924,0.032777
6,rms,925,0.032203
6,rms,926,0.032834
6,rms,927,0.032519
6,rms,928,0.032667
6,rms,929,0.032425
6,rms,930,0.03224
6,rms,931,0.032462
6,rms,932,0.032333
6,rms,933,0.03237
6,rms,934,0.032482
6,rms,935,0.036426
6,rms,936,0.038389
6,rms,937,0.033037
6,rms,938,0.03313
6,rms,939,0.032204
6,rms,940,0.032259
6,rms,941,0.032445
6,rms,942,0.032315
6,rms,943,0.032463
6,rms,944,0.032333
6,rms,945,0.032462
6,rms,946,0.032407
6,rms,947,0.032352
6,rms,948,0.032241
6,rms,949,0.032426
6,rms,950,0.032277
6,rms,951,0.032815
6,rms,952,0.032315
6,rms,953,0.032278
6,rms,954,0.032408
6,rms,955,0.032259
6,rms,956,0.032056
6,rms,957,0.032593
6,rms,958,0.032389
6,rms,959,0.032389
6,rms,960,0.032167
6,rms,961,0.033111
6,rms,962,0.032407
6,rms,963,0.032667
6,rms,964,0.03287
6,rms,965,0.033278
6,rms,966,0.03226
6,rms,967,0.032518
6,rms,968,0.032241
6,rms,969,0.032259
6,rms,970,0.032296
6,rms,971,0.032519
6,rms,972,0.032426
6,rms,973,0.032296
6,rms,974,0.032722
6,rms,975,0.032889
6,rms,976,0.032537
6,rms,977,0.032408
6,rms,978,0.032388
6,rms,979,0.032388
6,rms,980,0.032462
6,rms,981,0.032444
6,rms,982,0.032426
6,rms,983,0.032185
6,rms,984,0.032092
6,rms,985,0.032315
6,rms,986,0.032333
6,rms,987,0.032518
6,rms,988,0.033445
6,rms,989,0.032315
6,rms,990,0.032167
6,rms,991,0.033055
6,rms,992,0.032259
6,rms,993,0.033185
6,rms,994,0.032407
6,rms,995,0.032482
6,rms,996,0.032111
6,rms,997,0.032277
6,rms,998,0.032296
6,rms,999,0.032463
6,rms,1000,0.032222
6,rms,1001,0.032537
6,rms,1002,0.032315
6,rms,1003,0.032074
6,rms,1004,0.032852
6,rms,1005,0.032407
6,rms,1006,0.032351
6,rms,1007,0.032296
6,rms,1008,0.032445
6,rms,1009,0.032445
6,rms,1010,0.032389
6,rms,1011,0.032186
6,rms,1012,0.032148
6,rms,1013,0.032388
6,rms,1014,0.032519
6,rms,1015,0.032334
6,rms,1016,0.03224
6,rms,1017,0.032685
6,rms,1018,0.03237
6,rms,1019,0.032277
6,rms,1020,0.032314
6,rms,1021,0.032574
6,rms,1022,0.032296
6,rms,1023,0.03224
6,rms,1024,0.032111
6,rms,1025,0.032759
6,rms,1026,0.03226
6,rms,1027,0.032222
6,rms,1028,0.033315
6,rms,1029,0.032259
6,rms,1030,0.032833
6,rms,1031,0.033519
6,rms,1032,0.032852
6,rms,1033,0.032315
6,rms,1034,0.032555
6,rms,1035,0.032685
6,rms,1036,0.0325
6,rms,1037,0.032315
6,rms,1038,0.032444
6,rms,1039,0.032111
6,rms,1040,0.032388
6,rms,1041,0.032519
6,rms,1042,0.032277
6,rms,1043,0.032259
6,rms,1044,0.03224
6,rms,1045,0.032333
6,rms,1046,0.032611
6,rms,1047,0.03224
6,rms,1048,0.032352
6,rms,1049,0.032574
6,rms,1050,0.032611
6,rms,1051,0.032278
6,rms,1052,0.032259
6,rms,1053,0.032352
6,rms,1054,0.032223
6,rms,1055,0.032334
6,rms,1056,0.037315
6,rms,1057,0.032722
6,rms,1058,0.032463
6,rms,1059,0.032408
6,rms,1060,0.032314
6,rms,1061,0.032648
6,rms,1062,0.038092
6,rms,1063,0.032908
6,rms,1064,0.032629
6,rms,1065,0.033259
6,rms,1066,0.032944
6,rms,1067,0.03324
6,rms,1068,0.032333
6,rms,1069,0.032408
6,rms,1070,0.03213
6,rms,1071,0.032815
6,rms,1072,0.032186
6,rms,1073,0.032351
6,rms,1074,0.032444
6,rms,1075,0.032796
6,rms,1076,0.032351
6,rms,1077,0.0325
6,rms,1078,0.032222
6,rms,1079,0.032296
6,rms,1080,0.032241
6,rms,1081,0.0325
6,rms,1082,0.032519
6,rms,1083,0.03224
6,rms,1084,0.032407
6,rms,1085,0.032463
6,rms,1086,0.032241
6,rms,1087,0.032203
6,rms,1088,0.03213
6,rms,1089,0.032407
6,rms,1090,0.032148
6,rms,1091,0.032148
6,rms,1092,0.032019
6,rms,1093,0.032426
6,rms,1094,0.032407
6,rms,1095,0.032407
6,rms,1096,0.032222
6,rms,1097,0.032185
6,rms,1098,0.032333
6,rms,1099,0.032166
6,rms,1100,0.032167
6,rms,1101,0.032629
6,rms,1102,0.033574
6,rms,1103,0.0335
6,rms,1104,0.032537
6,rms,1105,0.032574
6,rms,1106,0.032388
6,rms,1107,0.032833
6,rms,1108,0.032389
6,rms,1109,0.0325
6,rms,1110,0.032593
6,rms,1111,0.032593
6,rms,1112,0.032537
6,rms,1113,0.032296
6,rms,1114,0.033333
6,rms,1115,0.032704
6,rms,1116,0.033407
6,rms,1117,0.03237
6,rms,1118,0.032204
6,rms,1119,0.032426
6,rms,1120,0.032333
6,rms,1121,0.032408
6,rms,1122,0.03237
6,rms,1123,0.032222
6,rms,1124,0.032148
6,rms,1125,0.032371
6,rms,1126,0.032278
6,rms,1127,0.032148
6,rms,1128,0.032333
6,rms,1129,0.032186
6,rms,1130,0.032241
6,rms,1131,0.032241
6,rms,1132,0.03224
6,rms,1133,0.03226
6,rms,1134,0.032296
6,rms,1135,0.032666
6,rms,1136,0.032092
6,rms,1137,0.032149
6,rms,1138,0.032204
6,rms,1139,0.032296
6,rms,1140,0.032167
6,rms,1141,0.032314
6,rms,1142,0.032352
6,rms,1143,0.032408
6,rms,1144,0.032315
6,rms,1145,0.032482
6,rms,1146,0.032315
6,rms,1147,0.032222
6,rms,1148,0.032
6,rms,1149,0.032223
6,rms,1150,0.032222
6,rms,1151,0.032612
6,rms,1152,0.03237
6,rms,1153,0.032463
6,rms,1154,0.0325
6,rms,1155,0.032741
6,rms,1156,0.032074
6,rms,1157,0.032685
6,rms,1158,0.032389
6,rms,1159,0.0325
6,rms,1160,0.032629
6,rms,1161,0.0325
6,rms,1162,0.032334
6,rms,1163,0.032334
6,rms,1164,0.032277
6,rms,1165,0.03237
6,rms,1166,0.032352
6,rms,1167,0.03224
6,rms,1168,0.032611
6,rms,1169,0.032352
6,rms,1170,0.032926
6,rms,1171,0.03287
6,rms,1172,0.033796
6,rms,1173,0.032296
6,rms,1174,0.032703
6,rms,1175,0.037778
6,rms,1176,0.033667
6,rms,1177,0.032612
6,rms,1178,0.032518
6,rms,1179,0.032167
6,rms,1180,0.032277
6,rms,1181,0.032334
6,rms,1182,0.032444
6,rms,1183,0.032223
6,rms,1184,0.032555
6,rms,1185,0.032297
6,rms,1186,0.0325
6,rms,1187,0.032277
6,rms,1188,0.032574
6,rms,1189,0.036056
6,rms,1190,0.032463
6,rms,1191,0.032204
6,rms,1192,0.032111
6,rms,1193,0.032297
6,rms,1194,0.03224
6,rms,1195,0.03224
6,rms,1196,0.032277
6,rms,1197,0.032259
6,rms,1198,0.033
6,rms,1199,0.032111
6,rms,1200,0.032222
6,rms,1201,0.032222
6,rms,1202,0.032222
6,rms,1203,0.032278
6,rms,1204,0.032371
6,rms,1205,0.032278
6,rms,1206,0.032444
6,rms,1207,0.032352
6,rms,1208,0.032167
6,rms,1209,0.032482
6,rms,1210,0.032408
6,rms,1211,0.0325
6,rms,1212,0.032333
6,rms,1213,0.032537
6,rms,1214,0.032482
6,rms,1215,0.032333
6,rms,1216,0.032352
6,rms,1217,0.032463
6,rms,1218,0.032389
6,rms,1219,0.032259
6,rms,1220,0.032277
6,rms,1221,0.032334
6,rms,1222,0.032148
6,rms,1223,0.032241
6,rms,1224,0.032463
6,rms,1225,0.032667
6,rms,1226,0.032222
6,rms,1227,0.032093
6,rms,1228,0.032315
6,rms,1229,0.032759
6,rms,1230,0.032481
6,rms,1231,0.032111
6,rms,1232,0.032093
6,rms,1233,0.0325
6,rms,1234,0.033463
6,rms,1235,0.032537
6,rms,1236,0.033407
6,rms,1237,0.032314
6,rms,1238,0.032518
6,rms,1239,0.032222
6,rms,1240,0.032185
6,rms,1241,0.032297
6,rms,1242,0.032333
6,rms,1243,0.032334
6,rms,1244,0.032111
6,rms,1245,0.032611
6,rms,1246,0.033315
6,rms,1247,0.032741
6,rms,1248,0.032593
6,rms,1249,0.032222
6,rms,1250,0.032241
6,rms,1251,0.032333
6,rms,1252,0.032333
6,rms,1253,0.032278
6,rms,1254,0.032296
6,rms,1255,0.032352
6,rms,1256,0.032185
6,rms,1257,0.032166
6,rms,1258,0.032444
6,rms,1259,0.032537
6,rms,1260,0.032056
6,rms,1261,0.032889
6,rms,1262,0.032352
6,rms,1263,0.032481
6,rms,1264,0.03213
6,rms,1265,0.033093
6,rms,1266,0.032389
6,rms,1267,0.033037
6,rms,1268,0.033148
6,rms,1269,0.032148
6,rms,1270,0.03224
6,rms,1271,0.032389
6,rms,1272,0.032074
6,rms,1273,0.032259
6,rms,1274,0.032371
6,rms,1275,0.032167
6,rms,1276,0.032018
6,rms,1277,0.032389
6,rms,1278,0.03263
6,rms,1279,0.032518
6,rms,1280,0.032167
6,rms,1281,0.032204
6,rms,1282,0.032315
6,rms,1283,0.032444
6,rms,1284,0.032148
6,rms,1285,0.032444
6,rms,1286,0.03237
6,rms,1287,0.032667
6,rms,1288,0.032166
6,rms,1289,0.032537
6,rms,1290,0.032204
6,rms,1291,0.032463
6,rms,1292,0.0325
6,rms,1293,0.032241
6,rms,1294,0.032407
6,rms,1295,0.037815
6,rms,1296,0.033037
6,rms,1297,0.032648
6,rms,1298,0.032241
6,rms,1299,0.032334
6,rms,1300,0.032388
6,rms,1301,0.032852
6,rms,1302,0.032333
6,rms,1303,0.032056
6,rms,1304,0.032204
6,rms,1305,0.032222
6,rms,1306,0.032278
6,rms,1307,0.032056
6,rms,1308,0.032296
6,rms,1309,0.032296
6,rms,1310,0.032944
6,rms,1311,0.032092
6,rms,1312,0.032277
6,rms,1313,0.032426
6,rms,1314,0.032537
6,rms,1315,0.032018
6,rms,1316,0.035463
6,rms,1317,0.032426
6,rms,1318,0.032444
6,rms,1319,0.032297
6,rms,1320,0.032259
6,rms,1321,0.032093
6,rms,1322,0.032537
6,rms,1323,0.03224
6,rms,1324,0.032407
6,rms,1325,0.032203
6,rms,1326,0.032129
6,rms,1327,0.032315
6,rms,1328,0.03224
6,rms,1329,0.032297
6,rms,1330,0.032185
6,rms,1331,0.032741
6,rms,1332,0.03287
6,rms,1333,0.032315
6,rms,1334,0.032278
6,rms,1335,0.032537
6,rms,1336,0.03224
6,rms,1337,0.03237
6,rms,1338,0.032203
6,rms,1339,0.032519
6,rms,1340,0.032111
6,rms,1341,0.032297
6,rms,1342,0.032371
6,rms,1343,0.032204
6,rms,1344,0.032593
6,rms,1345,0.032555
6,rms,1346,0.032314
6,rms,1347,0.032463
6,rms,1348,0.032296
6,rms,1349,0.032463
6,rms,1350,0.032556
6,rms,1351,0.032296
6,rms,1352,0.03237
6,rms,1353,0.033111
6,rms,1354,0.033481
6,rms,1355,0.032759
6,rms,1356,0.032463
6,rms,1357,0.03237
6,rms,1358,0.032833
6,rms,1359,0.032277
6,rms,1360,0.032315
6,rms,1361,0.032389
6,rms,1362,0.032556
6,rms,1363,0.032167
6,rms,1364,0.032278
6,rms,1365,0.032314
6,rms,1366,0.032352
6,rms,1367,0.032314
6,rms,1368,0.032111
6,rms,1369,0.032352
6,rms,1370,0.032518
6,rms,1371,0.032222
6,rms,1372,0.032556
6,rms,1373,0.032463
6,rms,1374,0.032666
6,rms,1375,0.032797
6,rms,1376,0.03237
6,rms,1377,0.032851
6,rms,1378,0.032926
6,rms,1379,0.0335
6,rms,1380,0.032277
6,rms,1381,0.03237
6,rms,1382,0.032278
6,rms,1383,0.03224
6,rms,1384,0.032352
6,rms,1385,0.032408
6,rms,1386,0.033296
6,rms,1387,0.032519
6,rms,1388,0.03237
6,rms,1389,0.032426
6,rms,1390,0.032334
6,rms,1391,0.032722
6,rms,1392,0.032389
6,rms,1393,0.032944
6,rms,1394,0.032463
6,rms,1395,0.033889
6,rms,1396,0.032185
6,rms,1397,0.032407
6,rms,1398,0.032333
6,rms,1399,0.032333
6,rms,1400,0.032148
6,rms,1401,0.032426
6,rms,1402,0.032463
6,rms,1403,0.032037
6,rms,1404,0.032222
6,rms,1405,0.032537
6,rms,1406,0.0325
6,rms,1407,0.032407
6,rms,1408,0.032203
6,rms,1409,0.032352
6,rms,1410,0.032222
6,rms,1411,0.032352
6,rms,1412,0.032499
6,rms,1413,0.032463
6,rms,1414,0.032259
6,rms,1415,0.03837
6,rms,1416,0.033093
6,rms,1417,0.03263
6,rms,1418,0.032407
6,rms,1419,0.032259
6,rms,1420,0.032259
6,rms,1421,0.03213
6,rms,1422,0.032925
6,rms,1423,0.032426
6,rms,1424,0.032186
6,rms,1425,0.032555
6,rms,1426,0.032407
6,rms,1427,0.032371
6,rms,1428,0.032352
6,rms,1429,0.03287
6,rms,1430,0.033129
6,rms,1431,0.032463
6,rms,1432,0.033722
6,rms,1433,0.032444
6,rms,1434,0.032352
6,rms,1435,0.032241
6,rms,1436,0.032222
6,rms,1437,0.032334
6,rms,1438,0.032371
6,rms,1439,0.032241
6,rms,1440,0.032204
6,rms,1441,0.032555
6,rms,1442,0.03237
6,rms,1443,0.035889
6,rms,1444,0.032407
6,rms,1445,0.033148
6,rms,1446,0.033018
6,rms,1447,0.032482
6,rms,1448,0.03226
6,rms,1449,0.032408
6,rms,1450,0.032315
6,rms,1451,0.032315
6,rms,1452,0.032037
6,rms,1453,0.246333
6,rms,1454,0.037667
6,rms,1455,0.033611
6,rms,1456,0.032741
6,rms,1457,0.033444
6,rms,1458,0.033259
6,rms,1459,0.033185
6,rms,1460,0.032186
6,rms,1461,0.032389
6,rms,1462,0.032611
6,rms,1463,0.03237
6,rms,1464,0.032167
6,rms,1465,0.032574
6,rms,1466,0.033482
6,rms,1467,0.032314
6,rms,1468,0.032537
6,rms,1469,0.032481
6,rms,1470,0.032574
6,rms,1471,0.032315
6,rms,1472,0.032296
6,rms,1473,0.032444
6,rms,1474,0.032518
6,rms,1475,0.03224
6,rms,1476,0.032315
6,rms,1477,0.032519
6,rms,1478,0.032648
6,rms,1479,0.03224
6,rms,1480,0.032241
6,rms,1481,0.03413
6,rms,1482,0.032407
6,rms,1483,0.032963
6,rms,1484,0.032204
6,rms,1485,0.03263
6,rms,1486,0.032407
6,rms,1487,0.032111
6,rms,1488,0.032426
6,rms,1489,0.032593
6,rms,1490,0.032222
6,rms,1491,0.032278
6,rms,1492,0.032166
6,rms,1493,0.032463
6,rms,1494,0.032222
6,rms,1495,0.032481
6,rms,1496,0.032481
6,rms,1497,0.032648
6,rms,1498,0.032648
6,rms,1499,0.032482
6,rms,1500,0.03237
6,rms,1501,0.032592
6,rms,1502,0.032333
6,rms,1503,0.032685
6,rms,1504,0.032352
6,rms,1505,0.033056
6,rms,1506,0.032574
6,rms,1507,0.033592
6,rms,1508,0.032037
6,rms,1509,0.03226
6,rms,1510,0.032278
6,rms,1511,0.032241
6,rms,1512,0.032019
6,rms,1513,0.032574
6,rms,1514,0.032296
6,rms,1515,0.032129
6,rms,1516,0.03213
6,rms,1517,0.032444
6,rms,1518,0.032814
6,rms,1519,0.032259
6,rms,1520,0.032129
6,rms,1521,0.032333
6,rms,1522,0.032481
6,rms,1523,0.032444
6,rms,1524,0.03237
6,rms,1525,0.033074
6,rms,1526,0.032741
6,rms,1527,0.032334
6,rms,1528,0.041611
6,rms,1529,0.034
6,rms,1530,0.033037
6,rms,1531,0.032167
6,rms,1532,0.03213
6,rms,1533,0.0325
6,rms,1534,0.032481
6,rms,1535,0.033092
6,rms,1536,0.032389
6,rms,1537,0.03274
6,rms,1538,0.0325
6,rms,1539,0.032463
6,rms,1540,0.032315
6,rms,1541,0.032259
6,rms,1542,0.032333
6,rms,1543,0.032297
6,rms,1544,0.032278
6,rms,1545,0.032537
6,rms,1546,0.032759
6,rms,1547,0.032556
6,rms,1548,0.032352
6,rms,1549,0.033112
6,rms,1550,0.032889
6,rms,1551,0.032333
6,rms,1552,0.032537
6,rms,1553,0.032519
6,rms,1554,0.032315
6,rms,1555,0.03324
6,rms,1556,0.032185
6,rms,1557,0.032704
6,rms,1558,0.032277
6,rms,1559,0.0325
6,rms,1560,0.032222
6,rms,1561,0.032463
6,rms,1562,0.032296
6,rms,1563,0.032667
6,rms,1564,0.032463
6,rms,1565,0.03337
6,rms,1566,0.032444
6,rms,1567,0.032167
6,rms,1568,0.032945
6,rms,1569,0.03313
6,rms,1570,0.037463
6,rms,1571,0.033445
6,rms,1572,0.032111
6,rms,1573,0.032111
6,rms,1574,0.032204
6,rms,1575,0.032408
6,rms,1576,0.032222
6,rms,1577,0.032333
6,rms,1578,0.032204
6,rms,1579,0.03213
6,rms,1580,0.032111
6,rms,1581,0.032481
6,rms,1582,0.032297
6,rms,1583,0.03226
6,rms,1584,0.032296
6,rms,1585,0.032389
6,rms,1586,0.032704
6,rms,1587,0.033056
6,rms,1588,0.032926
6,rms,1589,0.032537
6,rms,1590,0.032334
6,rms,1591,0.032352
6,rms,1592,0.032388
6,rms,1593,0.032648
6,rms,1594,0.032963
6,rms,1595,0.03287
6,rms,1596,0.032555
6,rms,1597,0.033352
6,rms,1598,0.032371
6,rms,1599,0.032092
6,rms,1600,0.031945
6,rms,1601,0.032593
6,rms,1602,0.032555
6,rms,1603,0.032463
6,rms,1604,0.032223
6,rms,1605,0.032481
6,rms,1606,0.032185
6,rms,1607,0.032259
6,rms,1608,0.032408
6,rms,1609,0.032963
6,rms,1610,0.032351
6,rms,1611,0.032296
6,rms,1612,0.032185
6,rms,1613,0.032315
6,rms,1614,0.032574
6,rms,1615,0.032222
6,rms,1616,0.032482
6,rms,1617,0.032241
6,rms,1618,0.032425
6,rms,1619,0.03224
6,rms,1620,0.032166
6,rms,1621,0.032518
6,rms,1622,0.032611
6,rms,1623,0.032389
6,rms,1624,0.032296
6,rms,1625,0.032389
6,rms,1626,0.032463
6,rms,1627,0.032352
6,rms,1628,0.032315
6,rms,1629,0.033518
6,rms,1630,0.032852
6,rms,1631,0.033166
6,rms,1632,0.032352
6,rms,1633,0.03237
6,rms,1634,0.032407
6,rms,1635,0.032185
6,rms,1636,0.032426
6,rms,1637,0.032445
6,rms,1638,0.032426
6,rms,1639,0.032611
6,rms,1640,0.032852
6,rms,1641,0.032426
6,rms,1642,0.032278
6,rms,1643,0.03213
6,rms,1644,0.032463
6,rms,1645,0.032241
6,rms,1646,0.032426
6,rms,1647,0.036722
6,rms,1648,0.034111
6,rms,1649,0.032778
6,rms,1650,0.032574
6,rms,1651,0.03213
6,rms,1652,0.032018
6,rms,1653,0.03237
6,rms,1654,0.032482
6,rms,1655,0.033
6,rms,1656,0.033167
6,rms,1657,0.033815
6,rms,1658,0.032963
6,rms,1659,0.032185
6,rms,1660,0.032518
6,rms,1661,0.033185
6,rms,1662,0.032389
6,rms,1663,0.032426
6,rms,1664,0.033648
6,rms,1665,0.03363
6,rms,1666,0.032537
6,rms,1667,0.032907
6,rms,1668,0.032333
6,rms,1669,0.032555
6,rms,1670,0.032333
6,rms,1671,0.032463
6,rms,1672,0.032296
6,rms,1673,0.032611
6,rms,1674,0.032389
6,rms,1675,0.032389
6,rms,1676,0.032185
6,rms,1677,0.032278
6,rms,1678,0.032259
6,rms,1679,0.032889
6,rms,1680,0.032722
6,rms,1681,0.032574
6,rms,1682,0.032185
6,rms,1683,0.032704
6,rms,1684,0.032278
6,rms,1685,0.033408
6,rms,1686,0.032463
6,rms,1687,0.032759
6,rms,1688,0.033297
6,rms,1689,0.032519
6,rms,1690,0.032611
6,rms,1691,0.032389
6,rms,1692,0.032667
6,rms,1693,0.032778
6,rms,1694,0.032463
6,rms,1695,0.03237
6,rms,1696,0.032426
6,rms,1697,0.037648
6,rms,1698,0.032685
6,rms,1699,0.032259
6,rms,1700,0.032741
6,rms,1701,0.0325
6,rms,1702,0.032759
6,rms,1703,0.032389
6,rms,1704,0.032462
6,rms,1705,0.033185
6,rms,1706,0.032741
6,rms,1707,0.032982
6,rms,1708,0.033537
6,rms,1709,0.032315
6,rms,1710,0.032278
6,rms,1711,0.032407
6,rms,1712,0.032111
6,rms,1713,0.032463
6,rms,1714,0.032296
6,rms,1715,0.032611
6,rms,1716,0.032926
6,rms,1717,0.032426
6,rms,1718,0.032351
6,rms,1719,0.032185
6,rms,1720,0.033519
6,rms,1721,0.032481
6,rms,1722,0.032296
6,rms,1723,0.032204
6,rms,1724,0.032019
6,rms,1725,0.032444
6,rms,1726,0.032222
6,rms,1727,0.032278
6,rms,1728,0.032149
6,rms,1729,0.032444
6,rms,1730,0.032352
6,rms,1731,0.032351
6,rms,1732,0.032185
6,rms,1733,0.032852
6,rms,1734,0.032352
6,rms,1735,0.032278
6,rms,1736,0.03337
6,rms,1737,0.034241
6,rms,1738,0.033167
6,rms,1739,0.033537
6,rms,1740,0.032592
6,rms,1741,0.032852
6,rms,1742,0.03213
6,rms,1743,0.032277
6,rms,1744,0.032574
6,rms,1745,0.032259
6,rms,1746,0.032223
6,rms,1747,0.0325
6,rms,1748,0.032296
6,rms,1749,0.03237
6,rms,1750,0.032185
6,rms,1751,0.032389
6,rms,1752,0.032389
6,rms,1753,0.0325
6,rms,1754,0.032666
6,rms,1755,0.033
6,rms,1756,0.033519
6,rms,1757,0.033482
6,rms,1758,0.032426
6,rms,1759,0.032593
6,rms,1760,0.033074
6,rms,1761,0.032334
6,rms,1762,0.032185
6,rms,1763,0.032222
6,rms,1764,0.032352
6,rms,1765,0.032352
6,rms,1766,0.038
6,rms,1767,0.033944
6,rms,1768,0.032277
6,rms,1769,0.032574
6,rms,1770,0.032518
6,rms,1771,0.032296
6,rms,1772,0.032556
6,rms,1773,0.033093
6,rms,1774,0.03374
6,rms,1775,0.032389
6,rms,1776,0.032333
6,rms,1777,0.032204
6,rms,1778,0.03226
6,rms,1779,0.032222
6,rms,1780,0.034
6,rms,1781,0.032481
6,rms,1782,0.032334
6,rms,1783,0.032277
6,rms,1784,0.032222
6,rms,1785,0.032629
6,rms,1786,0.032518
6,rms,1787,0.032444
6,rms,1788,0.032075
6,rms,1789,0.033556
6,rms,1790,0.033019
6,rms,1791,0.032426
6,rms,1792,0.0325
6,rms,1793,0.0325
6,rms,1794,0.032815
6,rms,1795,0.032389
6,rms,1796,0.032241
6,rms,1797,0.032574
6,rms,1798,0.032426
6,rms,1799,0.032296
6,rms,1800,0.032259
6,rms,1801,0.032185
6,rms,1802,0.033426
6,rms,1803,0.03226
6,rms,1804,0.032074
6,rms,1805,0.032111
