recording,method,window,source_window_start_ns,source_window_complete_ns,source_complete_elapsed_s,phase,score,threshold,prediction
autoencoder_awaiting_call_03,rms,1,5870748093182,5871362003372,0.625716365,pre_cue,0.43943402697682676,1.296361072562011,0
autoencoder_awaiting_call_03,rms,2,5871367238672,5871978583047,1.24229604,pre_cue,0.42829562529487625,1.296361072562011,0
autoencoder_awaiting_call_03,rms,3,5871982923123,5872597250704,1.860963697,pre_cue,0.4367271115301821,1.296361072562011,0
autoencoder_awaiting_call_03,rms,4,5872601386873,5873214150119,2.477863112,pre_cue,0.4256175554019859,1.296361072562011,0
autoencoder_awaiting_call_03,rms,5,5873218548974,5873832408331,3.096121324,pre_cue,0.4273601615819943,1.296361072562011,0
autoencoder_awaiting_call_03,rms,6,5873836717927,5874449089599,3.712802592,pre_cue,0.44787266959178323,1.296361072562011,0
autoencoder_awaiting_call_03,rms,7,5874453478713,5875068801498,4.332514491,pre_cue,0.4349095263804759,1.296361072562011,0
autoencoder_awaiting_call_03,rms,8,5875072215759,5875684477894,4.948190887,pre_cue,0.42342347262120206,1.296361072562011,0
autoencoder_awaiting_call_03,rms,9,5875689211008,5876301522810,5.565235803,pre_cue,0.41494135306589197,1.296361072562011,0
autoencoder_awaiting_call_03,rms,10,5876307842277,5876920233283,6.183946276,pre_cue,0.44362404063655847,1.296361072562011,0
autoencoder_awaiting_call_03,rms,11,5876924495600,5877537020069,6.800733062,pre_cue,0.4207404653102049,1.296361072562011,0
autoencoder_awaiting_call_03,rms,12,5877541395109,5878154851838,7.418564831,pre_cue,0.4336476232536009,1.296361072562011,0
autoencoder_awaiting_call_03,rms,13,5878159327044,5878772532347,8.03624534,pre_cue,0.4449285009834303,1.296361072562011,0
autoencoder_awaiting_call_03,rms,14,5878777100943,5879390867376,8.654580369,pre_cue,0.4157885896538475,1.296361072562011,0
autoencoder_awaiting_call_03,rms,15,5879395279934,5880008341885,9.272054878,pre_cue,0.41528167453193277,1.296361072562011,0
autoencoder_awaiting_call_03,rms,16,5880013006259,5880625875099,9.889588092,pre_cue,0.42415122246026704,1.296361072562011,0
autoencoder_awaiting_call_03,rms,17,5880630430991,5881243345423,10.507058416,pre_cue,0.4069217295707559,1.296361072562011,0
autoencoder_awaiting_call_03,rms,18,5881247880186,5881860504600,11.124217593,pre_cue,0.43100260768746235,1.296361072562011,0
autoencoder_awaiting_call_03,rms,19,5881864988417,5882478559906,11.742272899,pre_cue,0.44068854945550967,1.296361072562011,0
autoencoder_awaiting_call_03,rms,20,5882483131132,5883096841695,12.360554688,pre_cue,0.44982989041561744,1.296361072562011,0
autoencoder_awaiting_call_03,rms,21,5883101418161,5883714344390,12.978057383,pre_cue,0.4343779442694785,1.296361072562011,0
autoencoder_awaiting_call_03,rms,22,5883719177431,5884332492846,13.596205839,pre_cue,0.4484195618326114,1.296361072562011,0
autoencoder_awaiting_call_03,rms,23,5884337222627,5884948660763,14.212373756,pre_cue,0.4464616777776442,1.296361072562011,0
autoencoder_awaiting_call_03,rms,24,5884953106599,5885566276311,14.829989304,pre_cue,0.4296144302574595,1.296361072562011,0
autoencoder_awaiting_call_03,rms,25,5885570878610,5886184792489,15.448505482,pre_cue,0.4582546573060593,1.296361072562011,0
autoencoder_awaiting_call_03,rms,26,5886189470121,5886802082777,16.06579577,pre_cue,0.4378869411903387,1.296361072562011,0
autoencoder_awaiting_call_03,rms,27,5886807821003,5887418832232,16.682545225,pre_cue,0.43113973856532123,1.296361072562011,0
autoencoder_awaiting_call_03,rms,28,5887423290439,5888036793040,17.300506033,pre_cue,0.4342261506577501,1.296361072562011,0
autoencoder_awaiting_call_03,rms,29,5888041817821,5888655605589,17.919318582,pre_cue,0.4176611957373366,1.296361072562011,0
autoencoder_awaiting_call_03,rms,30,5888660356314,5889271894007,18.535607,pre_cue,0.41993190218858767,1.296361072562011,0
autoencoder_awaiting_call_03,rms,31,5889276732844,5889889869926,19.153582919,pre_cue,0.45603875922607484,1.296361072562011,0
autoencoder_awaiting_call_03,rms,32,5889894316707,5890508310105,19.772023098,pre_cue,0.4353182605092186,1.296361072562011,0
autoencoder_awaiting_call_03,rms,33,5890512901812,5891124598709,20.388311702,pre_cue,0.4191074986736844,1.296361072562011,0
autoencoder_awaiting_call_03,rms,34,5891128967693,5891743180147,21.00689314,pre_cue,0.4203916714883253,1.296361072562011,0
autoencoder_awaiting_call_03,rms,35,5891748241058,5892359099177,21.62281217,pre_cue,0.4436716708625644,1.296361072562011,0
autoencoder_awaiting_call_03,rms,36,5892365658866,5892976741078,22.240454071,pre_cue,0.4390367405127182,1.296361072562011,0
autoencoder_awaiting_call_03,rms,37,5892983159304,5893594919387,22.85863238,pre_cue,0.4498729475422709,1.296361072562011,0
autoencoder_awaiting_call_03,rms,38,5893599299168,5894213458067,23.47717106,pre_cue,0.44386320981957617,1.296361072562011,0
autoencoder_awaiting_call_03,rms,39,5894217877607,5894829707134,24.093420127,pre_cue,0.43318749079296165,1.296361072562011,0
autoencoder_awaiting_call_03,rms,40,5894835670341,5895447414128,24.711127121,pre_cue,0.4409695306548305,1.296361072562011,0
autoencoder_awaiting_call_03,rms,41,5895452098075,5896065317326,25.329030319,pre_cue,0.41460672171572044,1.296361072562011,0
autoencoder_awaiting_call_03,rms,42,5896070012459,5896682479246,25.946192239,pre_cue,0.4283353231562343,1.296361072562011,0
autoencoder_awaiting_call_03,rms,43,5896686991397,5897301399723,26.565112716,pre_cue,0.4205585624793583,1.296361072562011,0
autoencoder_awaiting_call_03,rms,44,5897306079893,5897917893513,27.181606506,pre_cue,0.4291390464948394,1.296361072562011,0
autoencoder_awaiting_call_03,rms,45,5897922482368,5898534907878,27.798620871,pre_cue,0.42335594946992944,1.296361072562011,0
autoencoder_awaiting_call_03,rms,46,5898539615122,5899153862929,28.417575922,pre_cue,0.42928253637872243,1.296361072562011,0
autoencoder_awaiting_call_03,rms,47,5899158362506,5899770501016,29.034214009,pre_cue,0.43082499198868374,1.296361072562011,0
autoencoder_awaiting_call_03,rms,48,5899775040500,5900388976086,29.652689079,pre_cue,0.4407612263582077,1.296361072562011,0
autoencoder_awaiting_call_03,rms,49,5900393696052,5901006229729,30.269942722,pre_cue,0.4249841504674012,1.296361072562011,0
autoencoder_awaiting_call_03,rms,50,5901010878861,5901623704872,30.887417865,pre_cue,0.45070577795787875,1.296361072562011,0
autoencoder_awaiting_call_03,rms,51,5901628117301,5902241252812,31.504965805,pre_cue,0.41344652191419895,1.296361072562011,0
autoencoder_awaiting_call_03,rms,52,5902245948111,5902858389252,32.122102245,pre_cue,0.4092591609485779,1.296361072562011,0
autoencoder_awaiting_call_03,rms,53,5902863113625,5903476438192,32.740151185,pre_cue,0.43558911490488067,1.296361072562011,0
autoencoder_awaiting_call_03,rms,54,5903480960028,5904093045150,33.356758143,pre_cue,0.42375345097010836,1.296361072562011,0
autoencoder_awaiting_call_03,rms,55,5904097982987,5904712229721,33.975942714,pre_cue,0.449207137403414,1.296361072562011,0
autoencoder_awaiting_call_03,rms,56,5904716875057,5905328044938,34.591757931,pre_cue,0.44340967840537293,1.296361072562011,0
autoencoder_awaiting_call_03,rms,57,5905334419405,5905947179065,35.210892058,pre_cue,0.422643267250519,1.296361072562011,0
autoencoder_awaiting_call_03,rms,58,5905951900624,5906563797986,35.827510979,pre_cue,0.4297076016632362,1.296361072562011,0
autoencoder_awaiting_call_03,rms,59,5906568531027,5907181378464,36.445091457,pre_cue,0.42868772313805203,1.296361072562011,0
autoencoder_awaiting_call_03,rms,60,5907185831152,5907799280720,37.062993713,pre_cue,0.41731893789595487,1.296361072562011,0
autoencoder_awaiting_call_03,rms,61,5907803794279,5908415878883,37.679591876,pre_cue,0.43031785441732834,1.296361072562011,0
autoencoder_awaiting_call_03,rms,62,5908422285720,5909034045824,38.297758817,pre_cue,0.4262736218094596,1.296361072562011,0
autoencoder_awaiting_call_03,rms,63,5909038300679,5909651793858,38.915506851,pre_cue,0.42851567144698,1.296361072562011,0
autoencoder_awaiting_call_03,rms,64,5909656247935,5910270097041,39.533810034,pre_cue,0.4254147053877964,1.296361072562011,0
autoencoder_awaiting_call_03,rms,65,5910274696007,5910887479130,40.151192123,pre_cue,0.4308758323287749,1.296361072562011,0
autoencoder_awaiting_call_03,rms,66,5910892215448,5911503499423,40.767212416,pre_cue,0.42050944845847044,1.296361072562011,0
autoencoder_awaiting_call_03,rms,67,5911509974705,5912122476699,41.386189692,pre_cue,0.40586795370264456,1.296361072562011,0
autoencoder_awaiting_call_03,rms,68,5912126962146,5912739692973,42.003405966,pre_cue,0.45635185564037567,1.296361072562011,0
autoencoder_awaiting_call_03,rms,69,5912743972124,5913357920064,42.621633057,pre_cue,0.4414310976716829,1.296361072562011,0
autoencoder_awaiting_call_03,rms,70,5913362184363,5913975830784,43.239543777,pre_cue,0.4381759541819294,1.296361072562011,0
autoencoder_awaiting_call_03,rms,71,5913980391491,5914593273189,43.856986182,pre_cue,0.4255342856668281,1.296361072562011,0
autoencoder_awaiting_call_03,rms,72,5914597677766,5915210259223,44.473972216,pre_cue,0.43381424891238096,1.296361072562011,0
autoencoder_awaiting_call_03,rms,73,5915215500042,5915835233856,45.098946849,pre_cue,0.42434589745961987,1.296361072562011,0
autoencoder_awaiting_call_03,rms,74,5915837830209,5916445854701,45.709567694,pre_cue,0.4467503423404298,1.296361072562011,0
autoencoder_awaiting_call_03,rms,75,5916450349334,5917062785754,46.326498747,pre_cue,0.4284305779489608,1.296361072562011,0
autoencoder_awaiting_call_03,rms,76,5917067183257,5917680339216,46.944052209,pre_cue,0.41840915777102416,1.296361072562011,0
autoencoder_awaiting_call_03,rms,77,5917684890941,5918297675362,47.561388355,pre_cue,0.43598501838799514,1.296361072562011,0
autoencoder_awaiting_call_03,rms,78,5918302326106,5918914741342,48.178454335,pre_cue,0.44450504823065906,1.296361072562011,0
autoencoder_awaiting_call_03,rms,79,5918921045624,5919533119304,48.796832297,pre_cue,0.4174818114719962,1.296361072562011,0
autoencoder_awaiting_call_03,rms,80,5919537811492,5920153482156,49.417195149,pre_cue,0.4184289586434059,1.296361072562011,0
autoencoder_awaiting_call_03,rms,81,5920155922417,5920797711635,50.061424628,pre_cue,0.45017314876092573,1.296361072562011,0
autoencoder_awaiting_call_03,rms,82,5920800283304,5921386509986,50.650222979,pre_cue,0.4442539152110502,1.296361072562011,0
autoencoder_awaiting_call_03,rms,83,5921391087470,5922003188077,51.26690107,pre_cue,0.44237222074249455,1.296361072562011,0
autoencoder_awaiting_call_03,rms,84,5922007733950,5922621570206,51.885283199,straddling,0.4569798755072265,1.296361072562011,0
autoencoder_awaiting_call_03,rms,85,5922625679894,5923238781298,52.502494291,between_cues,0.4146088290705918,1.296361072562011,0
autoencoder_awaiting_call_03,rms,86,5923243016838,5923856282427,53.11999542,between_cues,0.44022066067904403,1.296361072562011,0
autoencoder_awaiting_call_03,rms,87,5923860742485,5924473374389,53.737087382,between_cues,0.44338099042285906,1.296361072562011,0
autoencoder_awaiting_call_03,rms,88,5924479490560,5925091408833,54.355121826,between_cues,0.41880948369299964,1.296361072562011,0
autoencoder_awaiting_call_03,rms,89,5925096707652,5925708559611,54.972272604,between_cues,0.42002392197710947,1.296361072562011,0
autoencoder_awaiting_call_03,rms,90,5925713844503,5926327310722,55.591023715,between_cues,0.44000914158938387,1.296361072562011,0
autoencoder_awaiting_call_03,rms,91,5926332723948,5926944152759,56.207865752,between_cues,0.44228540606648964,1.296361072562011,0
autoencoder_awaiting_call_03,rms,92,5926948709095,5927561058740,56.824771733,between_cues,0.4317449989560472,1.296361072562011,0
autoencoder_awaiting_call_03,rms,93,5927567652503,5928179983815,57.443696808,between_cues,0.43747504668537857,1.296361072562011,0
autoencoder_awaiting_call_03,rms,94,5928184577281,5928796141462,58.059854455,between_cues,0.44485128816839337,1.296361072562011,0
autoencoder_awaiting_call_03,rms,95,5928802712819,5929414184445,58.677897438,between_cues,0.45055357758303716,1.296361072562011,0
autoencoder_awaiting_call_03,rms,96,5929418447577,5930032044353,59.295757346,between_cues,0.4375505007234427,1.296361072562011,0
autoencoder_awaiting_call_03,rms,97,5930036365522,5930650398872,59.914111865,between_cues,2.01557493864069,1.296361072562011,1
autoencoder_awaiting_call_03,rms,98,5930654434560,5931267339632,60.531052625,between_cues,1.3121004254868682,1.296361072562011,1
autoencoder_awaiting_call_03,rms,99,5931272634376,5931884997114,61.148710107,between_cues,0.44659079886280817,1.296361072562011,0
autoencoder_awaiting_call_03,rms,100,5931889495043,5932520528442,61.784241435,between_cues,0.424244811245483,1.296361072562011,0
autoencoder_awaiting_call_03,rms,101,5932524717371,5933120856691,62.384569684,between_cues,1.7821344546148428,1.296361072562011,1
autoencoder_awaiting_call_03,rms,102,5933125181657,5933738056877,63.00176987,between_cues,1.7579475591815261,1.296361072562011,1
autoencoder_awaiting_call_03,rms,103,5933742025083,5934355138174,63.618851167,between_cues,0.42919184259416754,1.296361072562011,0
autoencoder_awaiting_call_03,rms,104,5934361149826,5934973746602,64.237459595,between_cues,0.42185185923473584,1.296361072562011,0
autoencoder_awaiting_call_03,rms,105,5934977777586,5935589949936,64.853662929,between_cues,1.3920788005916447,1.296361072562011,1
autoencoder_awaiting_call_03,rms,106,5935595936588,5936215469128,65.479182121,between_cues,2.1556602393555764,1.296361072562011,1
autoencoder_awaiting_call_03,rms,107,5936217732926,5936825741958,66.089454951,between_cues,0.4433956105510167,1.296361072562011,0
autoencoder_awaiting_call_03,rms,108,5936829781128,5937443096478,66.706809471,between_cues,0.43345790693932973,1.296361072562011,0
autoencoder_awaiting_call_03,rms,109,5937449084964,5938060358313,67.324071306,between_cues,0.7592793908584438,1.296361072562011,0
autoencoder_awaiting_call_03,rms,110,5938066367151,5938677789964,67.941502957,between_cues,2.3339718667053106,1.296361072562011,1
autoencoder_awaiting_call_03,rms,111,5938682878022,5939295664484,68.559377477,between_cues,0.9733006361479449,1.296361072562011,0
autoencoder_awaiting_call_03,rms,112,5939301633581,5939912915561,69.176628554,between_cues,0.43356939636631303,1.296361072562011,0
autoencoder_awaiting_call_03,rms,113,5939918873083,5940530718693,69.794431686,between_cues,0.4597725775612687,1.296361072562011,0
autoencoder_awaiting_call_03,rms,114,5940536690085,5941148680806,70.412393799,between_cues,1.5698267986972898,1.296361072562011,1
autoencoder_awaiting_call_03,rms,115,5941152810457,5941765620901,71.029333894,between_cues,0.5446407236116207,1.296361072562011,0
autoencoder_awaiting_call_03,rms,116,5941771992350,5942384582923,71.648295916,between_cues,0.7850594731665211,1.296361072562011,0
autoencoder_awaiting_call_03,rms,117,5942388541889,5943002152722,72.265865715,between_cues,0.42752765161746276,1.296361072562011,0
autoencoder_awaiting_call_03,rms,118,5943006111225,5943619692855,72.883405848,between_cues,0.4168449063809469,1.296361072562011,0
autoencoder_awaiting_call_03,rms,119,5943623726691,5944237569562,73.501282555,between_cues,0.43982823359188367,1.296361072562011,0
autoencoder_awaiting_call_03,rms,120,5944241540601,5944853618527,74.11733152,between_cues,0.4299125630333016,1.296361072562011,0
autoencoder_awaiting_call_03,rms,121,5944858375086,5945474317995,74.738030988,between_cues,0.45591790289602135,1.296361072562011,0
autoencoder_awaiting_call_03,rms,122,5945481584944,5946090283016,75.353996009,between_cues,0.40909324637963357,1.296361072562011,0
autoencoder_awaiting_call_03,rms,123,5946094732093,5946706691352,75.970404345,between_cues,0.42791109474563643,1.296361072562011,0
autoencoder_awaiting_call_03,rms,124,5946711241892,5947324162726,76.587875719,between_cues,0.4209098486015087,1.296361072562011,0
autoencoder_awaiting_call_03,rms,125,5947328603988,5947942786656,77.206499649,between_cues,0.45112663283673093,1.296361072562011,0
autoencoder_awaiting_call_03,rms,126,5947947344270,5948559499807,77.8232128,between_cues,0.4140287180854212,1.296361072562011,0
autoencoder_awaiting_call_03,rms,127,5948564046921,5949178560664,78.442273657,between_cues,0.41889513140183515,1.296361072562011,0
autoencoder_awaiting_call_03,rms,128,5949182993982,5949794479556,79.058192549,between_cues,0.42542804600246104,1.296361072562011,0
autoencoder_awaiting_call_03,rms,129,5949800694226,5950413084431,79.676797424,between_cues,0.4363108290682102,1.296361072562011,0
autoencoder_awaiting_call_03,rms,130,5950417713971,5951031312121,80.295025114,between_cues,0.432745015383483,1.296361072562011,0
autoencoder_awaiting_call_03,rms,131,5951034907975,5951649469533,80.913182526,between_cues,0.4288553421737959,1.296361072562011,0
autoencoder_awaiting_call_03,rms,132,5951653833813,5952265356610,81.529069603,between_cues,0.4392834868273284,1.296361072562011,0
autoencoder_awaiting_call_03,rms,133,5952270141280,5952884164763,82.147877756,between_cues,0.43587606660960393,1.296361072562011,0
autoencoder_awaiting_call_03,rms,134,5952888533063,5953501291360,82.765004353,between_cues,0.42407338500570024,1.296361072562011,0
autoencoder_awaiting_call_03,rms,135,5953505707697,5954118681976,83.382394969,between_cues,0.4222567729731341,1.296361072562011,0
autoencoder_awaiting_call_03,rms,136,5954123259405,5954735654017,83.99936701,between_cues,0.43487466875704567,1.296361072562011,0
autoencoder_awaiting_call_03,rms,137,5954740757484,5955353610782,84.617323775,straddling,0.43283089269359387,1.296361072562011,0
autoencoder_awaiting_call_03,rms,138,5955358846359,5955971097602,85.234810595,post_cue,0.4282046339283194,1.296361072562011,0
autoencoder_awaiting_call_03,rms,139,5955975473475,5956589169551,85.852882544,post_cue,0.42838166187982624,1.296361072562011,0
autoencoder_awaiting_call_03,rms,140,5956593548258,5957207221501,86.470934494,post_cue,0.41617366907013836,1.296361072562011,0
autoencoder_awaiting_call_03,rms,141,5957211761597,5957823952377,87.08766537,post_cue,0.44189223180420695,1.296361072562011,0
autoencoder_awaiting_call_03,rms,142,5957828713917,5958441766123,87.705479116,post_cue,0.42845640434314575,1.296361072562011,0
autoencoder_awaiting_call_03,rms,143,5958446079126,5959058720795,88.322433788,post_cue,0.40883372053274103,1.296361072562011,0
autoencoder_awaiting_call_03,rms,144,5959065089910,5959676839560,88.940552553,post_cue,0.42171382036597854,1.296361072562011,0
autoencoder_awaiting_call_03,rms,145,5959681363674,5960295101455,89.558814448,post_cue,0.4214021960998016,1.296361072562011,0
autoencoder_awaiting_call_03,rms,146,5960300080329,5960911482423,90.175195416,post_cue,0.4232507961122501,1.296361072562011,0
autoencoder_awaiting_call_03,rms,147,5960917918816,5961528928577,90.79264157,post_cue,0.43739262224844555,1.296361072562011,0
autoencoder_awaiting_call_03,rms,148,5961535254396,5962147564713,91.411277706,post_cue,0.41888216902307435,1.296361072562011,0
autoencoder_awaiting_call_03,rms,149,5962152223661,5962765446479,92.029159472,post_cue,0.41730234171054653,1.296361072562011,0
autoencoder_awaiting_call_03,rms,150,5962769893260,5963382923800,92.646636793,post_cue,0.4185729156239051,1.296361072562011,0
autoencoder_awaiting_call_03,rms,151,5963387229470,5964000769066,93.264482059,post_cue,0.4367575236894446,1.296361072562011,0
autoencoder_awaiting_call_03,rms,152,5964005200569,5964617599479,93.881312472,post_cue,0.4259337767396658,1.296361072562011,0
autoencoder_awaiting_call_03,rms,153,5964621989704,5965234925430,94.498638423,post_cue,0.4093144004643331,1.296361072562011,0
autoencoder_awaiting_call_03,rms,154,5965240998471,5965852397344,95.116110337,post_cue,0.4288575927823325,1.296361072562011,0
autoencoder_awaiting_call_03,rms,155,5965856980884,5966470659981,95.734372974,post_cue,0.4279333623725226,1.296361072562011,0
autoencoder_awaiting_call_03,rms,156,5966475100058,5967087801858,96.351514851,post_cue,0.4185505272186742,1.296361072562011,0
autoencoder_awaiting_call_03,rms,157,5967092430824,5967706567958,96.970280951,post_cue,0.43008692240109747,1.296361072562011,0
autoencoder_awaiting_call_03,rms,158,5967711249184,5968323678965,97.587391958,post_cue,0.4186934330187329,1.296361072562011,0
autoencoder_awaiting_call_03,rms,159,5968328392561,5968941172306,98.204885299,post_cue,0.43342446946417496,1.296361072562011,0
autoencoder_awaiting_call_03,rms,160,5968945606975,5969559386832,98.823099825,post_cue,0.43028048855988477,1.296361072562011,0
autoencoder_awaiting_call_03,rms,161,5969564064465,5970177016043,99.440729036,post_cue,0.4302428688649516,1.296361072562011,0
autoencoder_awaiting_call_03,rms,162,5970181686157,5970793216661,100.056929654,post_cue,0.4450719411921291,1.296361072562011,0
autoencoder_awaiting_call_03,rms,163,5970798508960,5971411035798,100.674748791,post_cue,0.4201432384497975,1.296361072562011,0
autoencoder_awaiting_call_03,rms,164,5971415509875,5972028945028,101.292658021,post_cue,0.4258584985221289,1.296361072562011,0
autoencoder_awaiting_call_03,rms,165,5972033524309,5972646318406,101.910031399,post_cue,0.4175337445471906,1.296361072562011,0
autoencoder_awaiting_call_03,rms,166,5972650820835,5973263677414,102.527390407,post_cue,0.41904450154787415,1.296361072562011,0
autoencoder_awaiting_call_03,rms,167,5973270352307,5973882866497,103.14657949,post_cue,0.422532269333093,1.296361072562011,0
autoencoder_awaiting_call_03,rms,168,5973887592648,5974498830097,103.76254309,post_cue,0.40175472417126185,1.296361072562011,0
autoencoder_awaiting_call_03,rms,169,5974505147619,5975116989309,104.380702302,post_cue,0.4106932401804309,1.296361072562011,0
autoencoder_awaiting_call_03,rms,170,5975121486127,5975735987966,104.999700959,post_cue,0.42567883229115294,1.296361072562011,0
autoencoder_awaiting_call_03,rms,171,5975741111470,5976351772011,105.615485004,post_cue,0.425761669554089,1.296361072562011,0
autoencoder_awaiting_call_03,rms,172,5976361194387,5976970943298,106.234656291,post_cue,0.43128678430077727,1.296361072562011,0
autoencoder_awaiting_call_03,rms,173,5976975377875,5977588737677,106.85245067,post_cue,0.427567810093187,1.296361072562011,0
autoencoder_awaiting_call_03,rms,174,5977593160810,5978204668740,107.468381733,post_cue,0.43786750957450715,1.296361072562011,0
autoencoder_awaiting_call_03,rms,175,5978211007004,5978823847361,108.087560354,post_cue,0.4155559343612356,1.296361072562011,0
autoencoder_awaiting_call_03,rms,176,5978829518735,5979441823056,108.705536049,post_cue,0.4480020011354531,1.296361072562011,0
autoencoder_awaiting_call_03,rms,177,5979446220596,5980059212620,109.322925613,post_cue,0.4267812260345114,1.296361072562011,0
autoencoder_awaiting_call_03,rms,178,5980063737419,5980676626944,109.940339937,post_cue,0.4169219264910824,1.296361072562011,0
autoencoder_awaiting_call_03,rms,179,5980681094762,5981293718323,110.557431316,post_cue,0.4463030569875032,1.296361072562011,0
autoencoder_awaiting_call_03,rms,180,5981298293548,5981911677499,111.175390492,post_cue,0.4350996709238384,1.296361072562011,0
autoencoder_awaiting_call_03,rms,181,5981916233169,5982528694434,111.792407427,post_cue,0.4252146447427727,1.296361072562011,0
autoencoder_awaiting_call_03,rms,182,5982533330215,5983146682796,112.410395789,post_cue,0.4196300959703605,1.296361072562011,0
autoencoder_awaiting_call_03,rms,183,5983151187966,5983763813268,113.027526261,post_cue,0.43682066322574026,1.296361072562011,0
autoencoder_awaiting_call_03,rms,184,5983768485827,5984381597278,113.645310271,post_cue,0.41128939044834073,1.296361072562011,0
autoencoder_awaiting_call_03,isolation_forest,1,5870748093182,5871362003372,0.625716365,pre_cue,0.3702854700601454,0.4833547401595273,0
autoencoder_awaiting_call_03,isolation_forest,2,5871367238672,5871978583047,1.24229604,pre_cue,0.37818089884113026,0.4833547401595273,0
autoencoder_awaiting_call_03,isolation_forest,3,5871982923123,5872597250704,1.860963697,pre_cue,0.37777497773969954,0.4833547401595273,0
autoencoder_awaiting_call_03,isolation_forest,4,5872601386873,5873214150119,2.477863112,pre_cue,0.37769038969661467,0.4833547401595273,0
autoencoder_awaiting_call_03,isolation_forest,5,5873218548974,5873832408331,3.096121324,pre_cue,0.3707250362912285,0.4833547401595273,0
autoencoder_awaiting_call_03,isolation_forest,6,5873836717927,5874449089599,3.712802592,pre_cue,0.37157585705019663,0.4833547401595273,0
autoencoder_awaiting_call_03,isolation_forest,7,5874453478713,5875068801498,4.332514491,pre_cue,0.37861449989311613,0.4833547401595273,0
autoencoder_awaiting_call_03,isolation_forest,8,5875072215759,5875684477894,4.948190887,pre_cue,0.377210777455491,0.4833547401595273,0
autoencoder_awaiting_call_03,isolation_forest,9,5875689211008,5876301522810,5.565235803,pre_cue,0.37891958049482255,0.4833547401595273,0
autoencoder_awaiting_call_03,isolation_forest,10,5876307842277,5876920233283,6.183946276,pre_cue,0.3780313169738723,0.4833547401595273,0
autoencoder_awaiting_call_03,isolation_forest,11,5876924495600,5877537020069,6.800733062,pre_cue,0.37605697947320094,0.4833547401595273,0
autoencoder_awaiting_call_03,isolation_forest,12,5877541395109,5878154851838,7.418564831,pre_cue,0.3707859120076427,0.4833547401595273,0
autoencoder_awaiting_call_03,isolation_forest,13,5878159327044,5878772532347,8.03624534,pre_cue,0.3760021749495846,0.4833547401595273,0
autoencoder_awaiting_call_03,isolation_forest,14,5878777100943,5879390867376,8.654580369,pre_cue,0.37059962392092166,0.4833547401595273,0
autoencoder_awaiting_call_03,isolation_forest,15,5879395279934,5880008341885,9.272054878,pre_cue,0.37227654242271907,0.4833547401595273,0
autoencoder_awaiting_call_03,isolation_forest,16,5880013006259,5880625875099,9.889588092,pre_cue,0.3690068422046457,0.4833547401595273,0
autoencoder_awaiting_call_03,isolation_forest,17,5880630430991,5881243345423,10.507058416,pre_cue,0.37299781360399603,0.4833547401595273,0
autoencoder_awaiting_call_03,isolation_forest,18,5881247880186,5881860504600,11.124217593,pre_cue,0.36699401579044266,0.4833547401595273,0
autoencoder_awaiting_call_03,isolation_forest,19,5881864988417,5882478559906,11.742272899,pre_cue,0.38189759990847955,0.4833547401595273,0
autoencoder_awaiting_call_03,isolation_forest,20,5882483131132,5883096841695,12.360554688,pre_cue,0.3753778304635183,0.4833547401595273,0
autoencoder_awaiting_call_03,isolation_forest,21,5883101418161,5883714344390,12.978057383,pre_cue,0.37380334469879856,0.4833547401595273,0
autoencoder_awaiting_call_03,isolation_forest,22,5883719177431,5884332492846,13.596205839,pre_cue,0.3748771902345403,0.4833547401595273,0
autoencoder_awaiting_call_03,isolation_forest,23,5884337222627,5884948660763,14.212373756,pre_cue,0.377011591553126,0.4833547401595273,0
autoencoder_awaiting_call_03,isolation_forest,24,5884953106599,5885566276311,14.829989304,pre_cue,0.3704045067154276,0.4833547401595273,0
autoencoder_awaiting_call_03,isolation_forest,25,5885570878610,5886184792489,15.448505482,pre_cue,0.3808676912521756,0.4833547401595273,0
autoencoder_awaiting_call_03,isolation_forest,26,5886189470121,5886802082777,16.06579577,pre_cue,0.3838437600541636,0.4833547401595273,0
autoencoder_awaiting_call_03,isolation_forest,27,5886807821003,5887418832232,16.682545225,pre_cue,0.38201145161113587,0.4833547401595273,0
autoencoder_awaiting_call_03,isolation_forest,28,5887423290439,5888036793040,17.300506033,pre_cue,0.37637269748127095,0.4833547401595273,0
autoencoder_awaiting_call_03,isolation_forest,29,5888041817821,5888655605589,17.919318582,pre_cue,0.3776194467118728,0.4833547401595273,0
autoencoder_awaiting_call_03,isolation_forest,30,5888660356314,5889271894007,18.535607,pre_cue,0.37658188584254704,0.4833547401595273,0
autoencoder_awaiting_call_03,isolation_forest,31,5889276732844,5889889869926,19.153582919,pre_cue,0.3787801743064792,0.4833547401595273,0
autoencoder_awaiting_call_03,isolation_forest,32,5889894316707,5890508310105,19.772023098,pre_cue,0.37728019224992415,0.4833547401595273,0
autoencoder_awaiting_call_03,isolation_forest,33,5890512901812,5891124598709,20.388311702,pre_cue,0.37232627427520215,0.4833547401595273,0
autoencoder_awaiting_call_03,isolation_forest,34,5891128967693,5891743180147,21.00689314,pre_cue,0.37308174085456003,0.4833547401595273,0
autoencoder_awaiting_call_03,isolation_forest,35,5891748241058,5892359099177,21.62281217,pre_cue,0.3723334494718506,0.4833547401595273,0
autoencoder_awaiting_call_03,isolation_forest,36,5892365658866,5892976741078,22.240454071,pre_cue,0.3760761374608822,0.4833547401595273,0
autoencoder_awaiting_call_03,isolation_forest,37,5892983159304,5893594919387,22.85863238,pre_cue,0.3720159205128343,0.4833547401595273,0
autoencoder_awaiting_call_03,isolation_forest,38,5893599299168,5894213458067,23.47717106,pre_cue,0.3760636186964945,0.4833547401595273,0
autoencoder_awaiting_call_03,isolation_forest,39,5894217877607,5894829707134,24.093420127,pre_cue,0.37131458031350073,0.4833547401595273,0
autoencoder_awaiting_call_03,isolation_forest,40,5894835670341,5895447414128,24.711127121,pre_cue,0.3724093020527699,0.4833547401595273,0
autoencoder_awaiting_call_03,isolation_forest,41,5895452098075,5896065317326,25.329030319,pre_cue,0.38157400695623456,0.4833547401595273,0
autoencoder_awaiting_call_03,isolation_forest,42,5896070012459,5896682479246,25.946192239,pre_cue,0.37397414658431377,0.4833547401595273,0
autoencoder_awaiting_call_03,isolation_forest,43,5896686991397,5897301399723,26.565112716,pre_cue,0.37713021223632415,0.4833547401595273,0
autoencoder_awaiting_call_03,isolation_forest,44,5897306079893,5897917893513,27.181606506,pre_cue,0.37522016913758505,0.4833547401595273,0
autoencoder_awaiting_call_03,isolation_forest,45,5897922482368,5898534907878,27.798620871,pre_cue,0.3730364579985425,0.4833547401595273,0
autoencoder_awaiting_call_03,isolation_forest,46,5898539615122,5899153862929,28.417575922,pre_cue,0.3727128467420592,0.4833547401595273,0
autoencoder_awaiting_call_03,isolation_forest,47,5899158362506,5899770501016,29.034214009,pre_cue,0.3737172520161846,0.4833547401595273,0
autoencoder_awaiting_call_03,isolation_forest,48,5899775040500,5900388976086,29.652689079,pre_cue,0.3780195143393942,0.4833547401595273,0
autoencoder_awaiting_call_03,isolation_forest,49,5900393696052,5901006229729,30.269942722,pre_cue,0.3768639962061437,0.4833547401595273,0
autoencoder_awaiting_call_03,isolation_forest,50,5901010878861,5901623704872,30.887417865,pre_cue,0.3737705425642726,0.4833547401595273,0
autoencoder_awaiting_call_03,isolation_forest,51,5901628117301,5902241252812,31.504965805,pre_cue,0.3720006023000664,0.4833547401595273,0
autoencoder_awaiting_call_03,isolation_forest,52,5902245948111,5902858389252,32.122102245,pre_cue,0.37658502248848047,0.4833547401595273,0
autoencoder_awaiting_call_03,isolation_forest,53,5902863113625,5903476438192,32.740151185,pre_cue,0.3718143385191965,0.4833547401595273,0
autoencoder_awaiting_call_03,isolation_forest,54,5903480960028,5904093045150,33.356758143,pre_cue,0.3762205538569126,0.4833547401595273,0
autoencoder_awaiting_call_03,isolation_forest,55,5904097982987,5904712229721,33.975942714,pre_cue,0.3759219537907155,0.4833547401595273,0
autoencoder_awaiting_call_03,isolation_forest,56,5904716875057,5905328044938,34.591757931,pre_cue,0.36971860551557195,0.4833547401595273,0
autoencoder_awaiting_call_03,isolation_forest,57,5905334419405,5905947179065,35.210892058,pre_cue,0.3766436967350945,0.4833547401595273,0
autoencoder_awaiting_call_03,isolation_forest,58,5905951900624,5906563797986,35.827510979,pre_cue,0.3732280045615425,0.4833547401595273,0
autoencoder_awaiting_call_03,isolation_forest,59,5906568531027,5907181378464,36.445091457,pre_cue,0.3726947955054405,0.4833547401595273,0
autoencoder_awaiting_call_03,isolation_forest,60,5907185831152,5907799280720,37.062993713,pre_cue,0.37433734479238373,0.4833547401595273,0
autoencoder_awaiting_call_03,isolation_forest,61,5907803794279,5908415878883,37.679591876,pre_cue,0.38047130770405346,0.4833547401595273,0
autoencoder_awaiting_call_03,isolation_forest,62,5908422285720,5909034045824,38.297758817,pre_cue,0.3716961573762758,0.4833547401595273,0
autoencoder_awaiting_call_03,isolation_forest,63,5909038300679,5909651793858,38.915506851,pre_cue,0.37373259736161085,0.4833547401595273,0
autoencoder_awaiting_call_03,isolation_forest,64,5909656247935,5910270097041,39.533810034,pre_cue,0.37410018542046214,0.4833547401595273,0
autoencoder_awaiting_call_03,isolation_forest,65,5910274696007,5910887479130,40.151192123,pre_cue,0.37373913625765376,0.4833547401595273,0
autoencoder_awaiting_call_03,isolation_forest,66,5910892215448,5911503499423,40.767212416,pre_cue,0.37373376870864666,0.4833547401595273,0
autoencoder_awaiting_call_03,isolation_forest,67,5911509974705,5912122476699,41.386189692,pre_cue,0.3727373730184625,0.4833547401595273,0
autoencoder_awaiting_call_03,isolation_forest,68,5912126962146,5912739692973,42.003405966,pre_cue,0.37831222424322114,0.4833547401595273,0
autoencoder_awaiting_call_03,isolation_forest,69,5912743972124,5913357920064,42.621633057,pre_cue,0.37482671016477553,0.4833547401595273,0
autoencoder_awaiting_call_03,isolation_forest,70,5913362184363,5913975830784,43.239543777,pre_cue,0.37391252769559397,0.4833547401595273,0
autoencoder_awaiting_call_03,isolation_forest,71,5913980391491,5914593273189,43.856986182,pre_cue,0.3739622466789769,0.4833547401595273,0
autoencoder_awaiting_call_03,isolation_forest,72,5914597677766,5915210259223,44.473972216,pre_cue,0.37169000577137423,0.4833547401595273,0
autoencoder_awaiting_call_03,isolation_forest,73,5915215500042,5915835233856,45.098946849,pre_cue,0.37666346764039377,0.4833547401595273,0
autoencoder_awaiting_call_03,isolation_forest,74,5915837830209,5916445854701,45.709567694,pre_cue,0.37458162889500274,0.4833547401595273,0
autoencoder_awaiting_call_03,isolation_forest,75,5916450349334,5917062785754,46.326498747,pre_cue,0.3704640166574171,0.4833547401595273,0
autoencoder_awaiting_call_03,isolation_forest,76,5917067183257,5917680339216,46.944052209,pre_cue,0.37197348705638805,0.4833547401595273,0
autoencoder_awaiting_call_03,isolation_forest,77,5917684890941,5918297675362,47.561388355,pre_cue,0.3715104218551838,0.4833547401595273,0
autoencoder_awaiting_call_03,isolation_forest,78,5918302326106,5918914741342,48.178454335,pre_cue,0.37460908825901973,0.4833547401595273,0
autoencoder_awaiting_call_03,isolation_forest,79,5918921045624,5919533119304,48.796832297,pre_cue,0.36990452808072444,0.4833547401595273,0
autoencoder_awaiting_call_03,isolation_forest,80,5919537811492,5920153482156,49.417195149,pre_cue,0.36990693727196716,0.4833547401595273,0
autoencoder_awaiting_call_03,isolation_forest,81,5920155922417,5920797711635,50.061424628,pre_cue,0.3729995102601409,0.4833547401595273,0
autoencoder_awaiting_call_03,isolation_forest,82,5920800283304,5921386509986,50.650222979,pre_cue,0.3727435537042304,0.4833547401595273,0
autoencoder_awaiting_call_03,isolation_forest,83,5921391087470,5922003188077,51.26690107,pre_cue,0.3710589293703179,0.4833547401595273,0
autoencoder_awaiting_call_03,isolation_forest,84,5922007733950,5922621570206,51.885283199,straddling,0.37919408167785384,0.4833547401595273,0
autoencoder_awaiting_call_03,isolation_forest,85,5922625679894,5923238781298,52.502494291,between_cues,0.37359620434389956,0.4833547401595273,0
autoencoder_awaiting_call_03,isolation_forest,86,5923243016838,5923856282427,53.11999542,between_cues,0.3763067787338819,0.4833547401595273,0
autoencoder_awaiting_call_03,isolation_forest,87,5923860742485,5924473374389,53.737087382,between_cues,0.3774252047156915,0.4833547401595273,0
autoencoder_awaiting_call_03,isolation_forest,88,5924479490560,5925091408833,54.355121826,between_cues,0.36760147882849864,0.4833547401595273,0
autoencoder_awaiting_call_03,isolation_forest,89,5925096707652,5925708559611,54.972272604,between_cues,0.37590033092101627,0.4833547401595273,0
autoencoder_awaiting_call_03,isolation_forest,90,5925713844503,5926327310722,55.591023715,between_cues,0.3720154692027633,0.4833547401595273,0
autoencoder_awaiting_call_03,isolation_forest,91,5926332723948,5926944152759,56.207865752,between_cues,0.3729921978319173,0.4833547401595273,0
autoencoder_awaiting_call_03,isolation_forest,92,5926948709095,5927561058740,56.824771733,between_cues,0.3802926740372963,0.4833547401595273,0
autoencoder_awaiting_call_03,isolation_forest,93,5927567652503,5928179983815,57.443696808,between_cues,0.3700488799622683,0.4833547401595273,0
autoencoder_awaiting_call_03,isolation_forest,94,5928184577281,5928796141462,58.059854455,between_cues,0.3750072245982691,0.4833547401595273,0
autoencoder_awaiting_call_03,isolation_forest,95,5928802712819,5929414184445,58.677897438,between_cues,0.3750100087737386,0.4833547401595273,0
autoencoder_awaiting_call_03,isolation_forest,96,5929418447577,5930032044353,59.295757346,between_cues,0.3771990585117064,0.4833547401595273,0
autoencoder_awaiting_call_03,isolation_forest,97,5930036365522,5930650398872,59.914111865,between_cues,0.5610279038624718,0.4833547401595273,1
autoencoder_awaiting_call_03,isolation_forest,98,5930654434560,5931267339632,60.531052625,between_cues,0.4613670606511411,0.4833547401595273,0
autoencoder_awaiting_call_03,isolation_forest,99,5931272634376,5931884997114,61.148710107,between_cues,0.37757030383102713,0.4833547401595273,0
autoencoder_awaiting_call_03,isolation_forest,100,5931889495043,5932520528442,61.784241435,between_cues,0.37381961808273245,0.4833547401595273,0
autoencoder_awaiting_call_03,isolation_forest,101,5932524717371,5933120856691,62.384569684,between_cues,0.5507822837839437,0.4833547401595273,1
autoencoder_awaiting_call_03,isolation_forest,102,5933125181657,5933738056877,63.00176987,between_cues,0.5170027510251037,0.4833547401595273,1
autoencoder_awaiting_call_03,isolation_forest,103,5933742025083,5934355138174,63.618851167,between_cues,0.3721554075782215,0.4833547401595273,0
autoencoder_awaiting_call_03,isolation_forest,104,5934361149826,5934973746602,64.237459595,between_cues,0.3709019540954887,0.4833547401595273,0
autoencoder_awaiting_call_03,isolation_forest,105,5934977777586,5935589949936,64.853662929,between_cues,0.4771327370179736,0.4833547401595273,0
autoencoder_awaiting_call_03,isolation_forest,106,5935595936588,5936215469128,65.479182121,between_cues,0.5707820719073676,0.4833547401595273,1
autoencoder_awaiting_call_03,isolation_forest,107,5936217732926,5936825741958,66.089454951,between_cues,0.3751269288732158,0.4833547401595273,0
autoencoder_awaiting_call_03,isolation_forest,108,5936829781128,5937443096478,66.706809471,between_cues,0.37773126157657355,0.4833547401595273,0
autoencoder_awaiting_call_03,isolation_forest,109,5937449084964,5938060358313,67.324071306,between_cues,0.40419437681514153,0.4833547401595273,0
autoencoder_awaiting_call_03,isolation_forest,110,5938066367151,5938677789964,67.941502957,between_cues,0.5741807753956011,0.4833547401595273,1
autoencoder_awaiting_call_03,isolation_forest,111,5938682878022,5939295664484,68.559377477,between_cues,0.4218995158630251,0.4833547401595273,0
autoencoder_awaiting_call_03,isolation_forest,112,5939301633581,5939912915561,69.176628554,between_cues,0.3726589119214933,0.4833547401595273,0
autoencoder_awaiting_call_03,isolation_forest,113,5939918873083,5940530718693,69.794431686,between_cues,0.37521096006272175,0.4833547401595273,0
autoencoder_awaiting_call_03,isolation_forest,114,5940536690085,5941148680806,70.412393799,between_cues,0.4867296117362382,0.4833547401595273,1
autoencoder_awaiting_call_03,isolation_forest,115,5941152810457,5941765620901,71.029333894,between_cues,0.38433335394748785,0.4833547401595273,0
autoencoder_awaiting_call_03,isolation_forest,116,5941771992350,5942384582923,71.648295916,between_cues,0.40917132190751077,0.4833547401595273,0
autoencoder_awaiting_call_03,isolation_forest,117,5942388541889,5943002152722,72.265865715,between_cues,0.3807146407622804,0.4833547401595273,0
autoencoder_awaiting_call_03,isolation_forest,118,5943006111225,5943619692855,72.883405848,between_cues,0.3717059686878765,0.4833547401595273,0
autoencoder_awaiting_call_03,isolation_forest,119,5943623726691,5944237569562,73.501282555,between_cues,0.37553935176134545,0.4833547401595273,0
autoencoder_awaiting_call_03,isolation_forest,120,5944241540601,5944853618527,74.11733152,between_cues,0.37021769132556653,0.4833547401595273,0
autoencoder_awaiting_call_03,isolation_forest,121,5944858375086,5945474317995,74.738030988,between_cues,0.3800626908220889,0.4833547401595273,0
autoencoder_awaiting_call_03,isolation_forest,122,5945481584944,5946090283016,75.353996009,between_cues,0.37214128469889063,0.4833547401595273,0
autoencoder_awaiting_call_03,isolation_forest,123,5946094732093,5946706691352,75.970404345,between_cues,0.37579054089909286,0.4833547401595273,0
autoencoder_awaiting_call_03,isolation_forest,124,5946711241892,5947324162726,76.587875719,between_cues,0.3813944372111608,0.4833547401595273,0
autoencoder_awaiting_call_03,isolation_forest,125,5947328603988,5947942786656,77.206499649,between_cues,0.38008055760482673,0.4833547401595273,0
autoencoder_awaiting_call_03,isolation_forest,126,5947947344270,5948559499807,77.8232128,between_cues,0.3694275790048465,0.4833547401595273,0
autoencoder_awaiting_call_03,isolation_forest,127,5948564046921,5949178560664,78.442273657,between_cues,0.37477518130340265,0.4833547401595273,0
autoencoder_awaiting_call_03,isolation_forest,128,5949182993982,5949794479556,79.058192549,between_cues,0.37104623640962037,0.4833547401595273,0
autoencoder_awaiting_call_03,isolation_forest,129,5949800694226,5950413084431,79.676797424,between_cues,0.37480595811248535,0.4833547401595273,0
autoencoder_awaiting_call_03,isolation_forest,130,5950417713971,5951031312121,80.295025114,between_cues,0.37284284551880353,0.4833547401595273,0
autoencoder_awaiting_call_03,isolation_forest,131,5951034907975,5951649469533,80.913182526,between_cues,0.3720735112550899,0.4833547401595273,0
autoencoder_awaiting_call_03,isolation_forest,132,5951653833813,5952265356610,81.529069603,between_cues,0.37205896782965125,0.4833547401595273,0
autoencoder_awaiting_call_03,isolation_forest,133,5952270141280,5952884164763,82.147877756,between_cues,0.3722631444715595,0.4833547401595273,0
autoencoder_awaiting_call_03,isolation_forest,134,5952888533063,5953501291360,82.765004353,between_cues,0.3739269181559933,0.4833547401595273,0
autoencoder_awaiting_call_03,isolation_forest,135,5953505707697,5954118681976,83.382394969,between_cues,0.3710309735543442,0.4833547401595273,0
autoencoder_awaiting_call_03,isolation_forest,136,5954123259405,5954735654017,83.99936701,between_cues,0.37545980851935074,0.4833547401595273,0
autoencoder_awaiting_call_03,isolation_forest,137,5954740757484,5955353610782,84.617323775,straddling,0.3738417937816843,0.4833547401595273,0
autoencoder_awaiting_call_03,isolation_forest,138,5955358846359,5955971097602,85.234810595,post_cue,0.37893074614633654,0.4833547401595273,0
autoencoder_awaiting_call_03,isolation_forest,139,5955975473475,5956589169551,85.852882544,post_cue,0.3758637007711239,0.4833547401595273,0
autoencoder_awaiting_call_03,isolation_forest,140,5956593548258,5957207221501,86.470934494,post_cue,0.37232265744793897,0.4833547401595273,0
autoencoder_awaiting_call_03,isolation_forest,141,5957211761597,5957823952377,87.08766537,post_cue,0.3741638906763376,0.4833547401595273,0
autoencoder_awaiting_call_03,isolation_forest,142,5957828713917,5958441766123,87.705479116,post_cue,0.37352914893889516,0.4833547401595273,0
autoencoder_awaiting_call_03,isolation_forest,143,5958446079126,5959058720795,88.322433788,post_cue,0.3777990962022662,0.4833547401595273,0
autoencoder_awaiting_call_03,isolation_forest,144,5959065089910,5959676839560,88.940552553,post_cue,0.37034048895560256,0.4833547401595273,0
autoencoder_awaiting_call_03,isolation_forest,145,5959681363674,5960295101455,89.558814448,post_cue,0.36951337202372286,0.4833547401595273,0
autoencoder_awaiting_call_03,isolation_forest,146,5960300080329,5960911482423,90.175195416,post_cue,0.3759781947356847,0.4833547401595273,0
autoencoder_awaiting_call_03,isolation_forest,147,5960917918816,5961528928577,90.79264157,post_cue,0.3760877065916009,0.4833547401595273,0
autoencoder_awaiting_call_03,isolation_forest,148,5961535254396,5962147564713,91.411277706,post_cue,0.37635278575834896,0.4833547401595273,0
autoencoder_awaiting_call_03,isolation_forest,149,5962152223661,5962765446479,92.029159472,post_cue,0.3744062508012474,0.4833547401595273,0
autoencoder_awaiting_call_03,isolation_forest,150,5962769893260,5963382923800,92.646636793,post_cue,0.3779030828851288,0.4833547401595273,0
autoencoder_awaiting_call_03,isolation_forest,151,5963387229470,5964000769066,93.264482059,post_cue,0.37454390705256807,0.4833547401595273,0
autoencoder_awaiting_call_03,isolation_forest,152,5964005200569,5964617599479,93.881312472,post_cue,0.3793571116585564,0.4833547401595273,0
autoencoder_awaiting_call_03,isolation_forest,153,5964621989704,5965234925430,94.498638423,post_cue,0.3733167987280879,0.4833547401595273,0
autoencoder_awaiting_call_03,isolation_forest,154,5965240998471,5965852397344,95.116110337,post_cue,0.37590495847790534,0.4833547401595273,0
autoencoder_awaiting_call_03,isolation_forest,155,5965856980884,5966470659981,95.734372974,post_cue,0.3743815049872691,0.4833547401595273,0
autoencoder_awaiting_call_03,isolation_forest,156,5966475100058,5967087801858,96.351514851,post_cue,0.37371326808118144,0.4833547401595273,0
autoencoder_awaiting_call_03,isolation_forest,157,5967092430824,5967706567958,96.970280951,post_cue,0.3706677082375446,0.4833547401595273,0
autoencoder_awaiting_call_03,isolation_forest,158,5967711249184,5968323678965,97.587391958,post_cue,0.3713869758940975,0.4833547401595273,0
autoencoder_awaiting_call_03,isolation_forest,159,5968328392561,5968941172306,98.204885299,post_cue,0.3718344051314326,0.4833547401595273,0
autoencoder_awaiting_call_03,isolation_forest,160,5968945606975,5969559386832,98.823099825,post_cue,0.3706113562113785,0.4833547401595273,0
autoencoder_awaiting_call_03,isolation_forest,161,5969564064465,5970177016043,99.440729036,post_cue,0.3758203016689602,0.4833547401595273,0
autoencoder_awaiting_call_03,isolation_forest,162,5970181686157,5970793216661,100.056929654,post_cue,0.37136563691801533,0.4833547401595273,0
autoencoder_awaiting_call_03,isolation_forest,163,5970798508960,5971411035798,100.674748791,post_cue,0.3731330795708108,0.4833547401595273,0
autoencoder_awaiting_call_03,isolation_forest,164,5971415509875,5972028945028,101.292658021,post_cue,0.37873399840944244,0.4833547401595273,0
autoencoder_awaiting_call_03,isolation_forest,165,5972033524309,5972646318406,101.910031399,post_cue,0.37338089192558543,0.4833547401595273,0
autoencoder_awaiting_call_03,isolation_forest,166,5972650820835,5973263677414,102.527390407,post_cue,0.36911169441643854,0.4833547401595273,0
autoencoder_awaiting_call_03,isolation_forest,167,5973270352307,5973882866497,103.14657949,post_cue,0.37178637941058934,0.4833547401595273,0
autoencoder_awaiting_call_03,isolation_forest,168,5973887592648,5974498830097,103.76254309,post_cue,0.367562867909192,0.4833547401595273,0
autoencoder_awaiting_call_03,isolation_forest,169,5974505147619,5975116989309,104.380702302,post_cue,0.3752312681958355,0.4833547401595273,0
autoencoder_awaiting_call_03,isolation_forest,170,5975121486127,5975735987966,104.999700959,post_cue,0.3705251568196582,0.4833547401595273,0
autoencoder_awaiting_call_03,isolation_forest,171,5975741111470,5976351772011,105.615485004,post_cue,0.37469143580184117,0.4833547401595273,0
autoencoder_awaiting_call_03,isolation_forest,172,5976361194387,5976970943298,106.234656291,post_cue,0.37320246370624793,0.4833547401595273,0
autoencoder_awaiting_call_03,isolation_forest,173,5976975377875,5977588737677,106.85245067,post_cue,0.37054110975636956,0.4833547401595273,0
autoencoder_awaiting_call_03,isolation_forest,174,5977593160810,5978204668740,107.468381733,post_cue,0.3821100795288193,0.4833547401595273,0
autoencoder_awaiting_call_03,isolation_forest,175,5978211007004,5978823847361,108.087560354,post_cue,0.3799537868518275,0.4833547401595273,0
autoencoder_awaiting_call_03,isolation_forest,176,5978829518735,5979441823056,108.705536049,post_cue,0.36991521269760685,0.4833547401595273,0
autoencoder_awaiting_call_03,isolation_forest,177,5979446220596,5980059212620,109.322925613,post_cue,0.37197257608357165,0.4833547401595273,0
autoencoder_awaiting_call_03,isolation_forest,178,5980063737419,5980676626944,109.940339937,post_cue,0.36844982862862163,0.4833547401595273,0
autoencoder_awaiting_call_03,isolation_forest,179,5980681094762,5981293718323,110.557431316,post_cue,0.36950874292498787,0.4833547401595273,0
autoencoder_awaiting_call_03,isolation_forest,180,5981298293548,5981911677499,111.175390492,post_cue,0.37183080863938134,0.4833547401595273,0
autoencoder_awaiting_call_03,isolation_forest,181,5981916233169,5982528694434,111.792407427,post_cue,0.3734652150338008,0.4833547401595273,0
autoencoder_awaiting_call_03,isolation_forest,182,5982533330215,5983146682796,112.410395789,post_cue,0.3711125432202976,0.4833547401595273,0
autoencoder_awaiting_call_03,isolation_forest,183,5983151187966,5983763813268,113.027526261,post_cue,0.3728376205946963,0.4833547401595273,0
autoencoder_awaiting_call_03,isolation_forest,184,5983768485827,5984381597278,113.645310271,post_cue,0.36560863739983307,0.4833547401595273,0
autoencoder_awaiting_call_03,tflite_autoencoder,1,5870748093182,5871362003372,0.625716365,pre_cue,0.1856968011281855,0.47720259914362284,0
autoencoder_awaiting_call_03,tflite_autoencoder,2,5871367238672,5871978583047,1.24229604,pre_cue,0.17818435017280546,0.47720259914362284,0
autoencoder_awaiting_call_03,tflite_autoencoder,3,5871982923123,5872597250704,1.860963697,pre_cue,0.18713453853845863,0.47720259914362284,0
autoencoder_awaiting_call_03,tflite_autoencoder,4,5872601386873,5873214150119,2.477863112,pre_cue,0.17549783447141656,0.47720259914362284,0
autoencoder_awaiting_call_03,tflite_autoencoder,5,5873218548974,5873832408331,3.096121324,pre_cue,0.18355132991698517,0.47720259914362284,0
autoencoder_awaiting_call_03,tflite_autoencoder,6,5873836717927,5874449089599,3.712802592,pre_cue,0.19591075993159637,0.47720259914362284,0
autoencoder_awaiting_call_03,tflite_autoencoder,7,5874453478713,5875068801498,4.332514491,pre_cue,0.18634559248707658,0.47720259914362284,0
autoencoder_awaiting_call_03,tflite_autoencoder,8,5875072215759,5875684477894,4.948190887,pre_cue,0.17840509304243093,0.47720259914362284,0
autoencoder_awaiting_call_03,tflite_autoencoder,9,5875689211008,5876301522810,5.565235803,pre_cue,0.1800018761337324,0.47720259914362284,0
autoencoder_awaiting_call_03,tflite_autoencoder,10,5876307842277,5876920233283,6.183946276,pre_cue,0.20353125978909148,0.47720259914362284,0
autoencoder_awaiting_call_03,tflite_autoencoder,11,5876924495600,5877537020069,6.800733062,pre_cue,0.16449127131902042,0.47720259914362284,0
autoencoder_awaiting_call_03,tflite_autoencoder,12,5877541395109,5878154851838,7.418564831,pre_cue,0.18613051642503584,0.47720259914362284,0
autoencoder_awaiting_call_03,tflite_autoencoder,13,5878159327044,5878772532347,8.03624534,pre_cue,0.1974237980334442,0.47720259914362284,0
autoencoder_awaiting_call_03,tflite_autoencoder,14,5878777100943,5879390867376,8.654580369,pre_cue,0.17468428472304484,0.47720259914362284,0
autoencoder_awaiting_call_03,tflite_autoencoder,15,5879395279934,5880008341885,9.272054878,pre_cue,0.15768161685240992,0.47720259914362284,0
autoencoder_awaiting_call_03,tflite_autoencoder,16,5880013006259,5880625875099,9.889588092,pre_cue,0.177063056336673,0.47720259914362284,0
autoencoder_awaiting_call_03,tflite_autoencoder,17,5880630430991,5881243345423,10.507058416,pre_cue,0.16449106551141077,0.47720259914362284,0
autoencoder_awaiting_call_03,tflite_autoencoder,18,5881247880186,5881860504600,11.124217593,pre_cue,0.16955413990405077,0.47720259914362284,0
autoencoder_awaiting_call_03,tflite_autoencoder,19,5881864988417,5882478559906,11.742272899,pre_cue,0.19452907496949243,0.47720259914362284,0
autoencoder_awaiting_call_03,tflite_autoencoder,20,5882483131132,5883096841695,12.360554688,pre_cue,0.19200253188020136,0.47720259914362284,0
autoencoder_awaiting_call_03,tflite_autoencoder,21,5883101418161,5883714344390,12.978057383,pre_cue,0.18356979354598005,0.47720259914362284,0
autoencoder_awaiting_call_03,tflite_autoencoder,22,5883719177431,5884332492846,13.596205839,pre_cue,0.19813841204690696,0.47720259914362284,0
autoencoder_awaiting_call_03,tflite_autoencoder,23,5884337222627,5884948660763,14.212373756,pre_cue,0.19325371066912075,0.47720259914362284,0
autoencoder_awaiting_call_03,tflite_autoencoder,24,5884953106599,5885566276311,14.829989304,pre_cue,0.18039794333558723,0.47720259914362284,0
autoencoder_awaiting_call_03,tflite_autoencoder,25,5885570878610,5886184792489,15.448505482,pre_cue,0.20417714821026114,0.47720259914362284,0
autoencoder_awaiting_call_03,tflite_autoencoder,26,5886189470121,5886802082777,16.06579577,pre_cue,0.18743270152753286,0.47720259914362284,0
autoencoder_awaiting_call_03,tflite_autoencoder,27,5886807821003,5887418832232,16.682545225,pre_cue,0.18052339053686403,0.47720259914362284,0
autoencoder_awaiting_call_03,tflite_autoencoder,28,5887423290439,5888036793040,17.300506033,pre_cue,0.1882031262122723,0.47720259914362284,0
autoencoder_awaiting_call_03,tflite_autoencoder,29,5888041817821,5888655605589,17.919318582,pre_cue,0.17417242495459107,0.47720259914362284,0
autoencoder_awaiting_call_03,tflite_autoencoder,30,5888660356314,5889271894007,18.535607,pre_cue,0.16326778023599173,0.47720259914362284,0
autoencoder_awaiting_call_03,tflite_autoencoder,31,5889276732844,5889889869926,19.153582919,pre_cue,0.20730071797489558,0.47720259914362284,0
autoencoder_awaiting_call_03,tflite_autoencoder,32,5889894316707,5890508310105,19.772023098,pre_cue,0.18109243794148475,0.47720259914362284,0
autoencoder_awaiting_call_03,tflite_autoencoder,33,5890512901812,5891124598709,20.388311702,pre_cue,0.1765474694203538,0.47720259914362284,0
autoencoder_awaiting_call_03,tflite_autoencoder,34,5891128967693,5891743180147,21.00689314,pre_cue,0.17238936725164322,0.47720259914362284,0
autoencoder_awaiting_call_03,tflite_autoencoder,35,5891748241058,5892359099177,21.62281217,pre_cue,0.18785312498414974,0.47720259914362284,0
autoencoder_awaiting_call_03,tflite_autoencoder,36,5892365658866,5892976741078,22.240454071,pre_cue,0.1831830682363815,0.47720259914362284,0
autoencoder_awaiting_call_03,tflite_autoencoder,37,5892983159304,5893594919387,22.85863238,pre_cue,0.19462319016393556,0.47720259914362284,0
autoencoder_awaiting_call_03,tflite_autoencoder,38,5893599299168,5894213458067,23.47717106,pre_cue,0.20337246463645306,0.47720259914362284,0
autoencoder_awaiting_call_03,tflite_autoencoder,39,5894217877607,5894829707134,24.093420127,pre_cue,0.18376908937572503,0.47720259914362284,0
autoencoder_awaiting_call_03,tflite_autoencoder,40,5894835670341,5895447414128,24.711127121,pre_cue,0.18154008917574296,0.47720259914362284,0
autoencoder_awaiting_call_03,tflite_autoencoder,41,5895452098075,5896065317326,25.329030319,pre_cue,0.17422161641357783,0.47720259914362284,0
autoencoder_awaiting_call_03,tflite_autoencoder,42,5896070012459,5896682479246,25.946192239,pre_cue,0.16652036726324612,0.47720259914362284,0
autoencoder_awaiting_call_03,tflite_autoencoder,43,5896686991397,5897301399723,26.565112716,pre_cue,0.17911325922704377,0.47720259914362284,0
autoencoder_awaiting_call_03,tflite_autoencoder,44,5897306079893,5897917893513,27.181606506,pre_cue,0.16734599116400392,0.47720259914362284,0
autoencoder_awaiting_call_03,tflite_autoencoder,45,5897922482368,5898534907878,27.798620871,pre_cue,0.1629858072975523,0.47720259914362284,0
autoencoder_awaiting_call_03,tflite_autoencoder,46,5898539615122,5899153862929,28.417575922,pre_cue,0.18442749572560993,0.47720259914362284,0
autoencoder_awaiting_call_03,tflite_autoencoder,47,5899158362506,5899770501016,29.034214009,pre_cue,0.18356026734459174,0.47720259914362284,0
autoencoder_awaiting_call_03,tflite_autoencoder,48,5899775040500,5900388976086,29.652689079,pre_cue,0.181444818752634,0.47720259914362284,0
autoencoder_awaiting_call_03,tflite_autoencoder,49,5900393696052,5901006229729,30.269942722,pre_cue,0.17671720010527378,0.47720259914362284,0
autoencoder_awaiting_call_03,tflite_autoencoder,50,5901010878861,5901623704872,30.887417865,pre_cue,0.2014226888730685,0.47720259914362284,0
autoencoder_awaiting_call_03,tflite_autoencoder,51,5901628117301,5902241252812,31.504965805,pre_cue,0.17324558361786657,0.47720259914362284,0
autoencoder_awaiting_call_03,tflite_autoencoder,52,5902245948111,5902858389252,32.122102245,pre_cue,0.17617711499099156,0.47720259914362284,0
autoencoder_awaiting_call_03,tflite_autoencoder,53,5902863113625,5903476438192,32.740151185,pre_cue,0.17921241341789682,0.47720259914362284,0
autoencoder_awaiting_call_03,tflite_autoencoder,54,5903480960028,5904093045150,33.356758143,pre_cue,0.1756193917390879,0.47720259914362284,0
autoencoder_awaiting_call_03,tflite_autoencoder,55,5904097982987,5904712229721,33.975942714,pre_cue,0.19121261909052656,0.47720259914362284,0
autoencoder_awaiting_call_03,tflite_autoencoder,56,5904716875057,5905328044938,34.591757931,pre_cue,0.19184016629818265,0.47720259914362284,0
autoencoder_awaiting_call_03,tflite_autoencoder,57,5905334419405,5905947179065,35.210892058,pre_cue,0.1651110275638595,0.47720259914362284,0
autoencoder_awaiting_call_03,tflite_autoencoder,58,5905951900624,5906563797986,35.827510979,pre_cue,0.18719223738194302,0.47720259914362284,0
autoencoder_awaiting_call_03,tflite_autoencoder,59,5906568531027,5907181378464,36.445091457,pre_cue,0.1791641685768607,0.47720259914362284,0
autoencoder_awaiting_call_03,tflite_autoencoder,60,5907185831152,5907799280720,37.062993713,pre_cue,0.17711786163575213,0.47720259914362284,0
autoencoder_awaiting_call_03,tflite_autoencoder,61,5907803794279,5908415878883,37.679591876,pre_cue,0.18934038794716956,0.47720259914362284,0
autoencoder_awaiting_call_03,tflite_autoencoder,62,5908422285720,5909034045824,38.297758817,pre_cue,0.17903114242631912,0.47720259914362284,0
autoencoder_awaiting_call_03,tflite_autoencoder,63,5909038300679,5909651793858,38.915506851,pre_cue,0.18859638156946681,0.47720259914362284,0
autoencoder_awaiting_call_03,tflite_autoencoder,64,5909656247935,5910270097041,39.533810034,pre_cue,0.1787303931957164,0.47720259914362284,0
autoencoder_awaiting_call_03,tflite_autoencoder,65,5910274696007,5910887479130,40.151192123,pre_cue,0.1761843011897041,0.47720259914362284,0
autoencoder_awaiting_call_03,tflite_autoencoder,66,5910892215448,5911503499423,40.767212416,pre_cue,0.16889138592678776,0.47720259914362284,0
autoencoder_awaiting_call_03,tflite_autoencoder,67,5911509974705,5912122476699,41.386189692,pre_cue,0.1717545394256336,0.47720259914362284,0
autoencoder_awaiting_call_03,tflite_autoencoder,68,5912126962146,5912739692973,42.003405966,pre_cue,0.20756319104615292,0.47720259914362284,0
autoencoder_awaiting_call_03,tflite_autoencoder,69,5912743972124,5913357920064,42.621633057,pre_cue,0.17818418574352565,0.47720259914362284,0
autoencoder_awaiting_call_03,tflite_autoencoder,70,5913362184363,5913975830784,43.239543777,pre_cue,0.18133414755576371,0.47720259914362284,0
autoencoder_awaiting_call_03,tflite_autoencoder,71,5913980391491,5914593273189,43.856986182,pre_cue,0.17916580613685337,0.47720259914362284,0
autoencoder_awaiting_call_03,tflite_autoencoder,72,5914597677766,5915210259223,44.473972216,pre_cue,0.18039659002901298,0.47720259914362284,0
autoencoder_awaiting_call_03,tflite_autoencoder,73,5915215500042,5915835233856,45.098946849,pre_cue,0.17116693251429874,0.47720259914362284,0
autoencoder_awaiting_call_03,tflite_autoencoder,74,5915837830209,5916445854701,45.709567694,pre_cue,0.20797842991486348,0.47720259914362284,0
autoencoder_awaiting_call_03,tflite_autoencoder,75,5916450349334,5917062785754,46.326498747,pre_cue,0.16892151323095148,0.47720259914362284,0
autoencoder_awaiting_call_03,tflite_autoencoder,76,5917067183257,5917680339216,46.944052209,pre_cue,0.1768396598264387,0.47720259914362284,0
autoencoder_awaiting_call_03,tflite_autoencoder,77,5917684890941,5918297675362,47.561388355,pre_cue,0.1804185805907442,0.47720259914362284,0
autoencoder_awaiting_call_03,tflite_autoencoder,78,5918302326106,5918914741342,48.178454335,pre_cue,0.18312324283214662,0.47720259914362284,0
autoencoder_awaiting_call_03,tflite_autoencoder,79,5918921045624,5919533119304,48.796832297,pre_cue,0.17189771006632878,0.47720259914362284,0
autoencoder_awaiting_call_03,tflite_autoencoder,80,5919537811492,5920153482156,49.417195149,pre_cue,0.18392930882320968,0.47720259914362284,0
autoencoder_awaiting_call_03,tflite_autoencoder,81,5920155922417,5920797711635,50.061424628,pre_cue,0.187341969364225,0.47720259914362284,0
autoencoder_awaiting_call_03,tflite_autoencoder,82,5920800283304,5921386509986,50.650222979,pre_cue,0.1836238026627471,0.47720259914362284,0
autoencoder_awaiting_call_03,tflite_autoencoder,83,5921391087470,5922003188077,51.26690107,pre_cue,0.20738473222104759,0.47720259914362284,0
autoencoder_awaiting_call_03,tflite_autoencoder,84,5922007733950,5922621570206,51.885283199,straddling,0.19967036944585725,0.47720259914362284,0
autoencoder_awaiting_call_03,tflite_autoencoder,85,5922625679894,5923238781298,52.502494291,between_cues,0.17135297380359793,0.47720259914362284,0
autoencoder_awaiting_call_03,tflite_autoencoder,86,5923243016838,5923856282427,53.11999542,between_cues,0.18317691916478637,0.47720259914362284,0
autoencoder_awaiting_call_03,tflite_autoencoder,87,5923860742485,5924473374389,53.737087382,between_cues,0.1907347647244322,0.47720259914362284,0
autoencoder_awaiting_call_03,tflite_autoencoder,88,5924479490560,5925091408833,54.355121826,between_cues,0.16921778044384048,0.47720259914362284,0
autoencoder_awaiting_call_03,tflite_autoencoder,89,5925096707652,5925708559611,54.972272604,between_cues,0.1782971817868133,0.47720259914362284,0
autoencoder_awaiting_call_03,tflite_autoencoder,90,5925713844503,5926327310722,55.591023715,between_cues,0.18866935099539717,0.47720259914362284,0
autoencoder_awaiting_call_03,tflite_autoencoder,91,5926332723948,5926944152759,56.207865752,between_cues,0.1846855167635956,0.47720259914362284,0
autoencoder_awaiting_call_03,tflite_autoencoder,92,5926948709095,5927561058740,56.824771733,between_cues,0.17592766980611385,0.47720259914362284,0
autoencoder_awaiting_call_03,tflite_autoencoder,93,5927567652503,5928179983815,57.443696808,between_cues,0.19486549211386617,0.47720259914362284,0
autoencoder_awaiting_call_03,tflite_autoencoder,94,5928184577281,5928796141462,58.059854455,between_cues,0.20221504731196305,0.47720259914362284,0
autoencoder_awaiting_call_03,tflite_autoencoder,95,5928802712819,5929414184445,58.677897438,between_cues,0.19980485612429,0.47720259914362284,0
autoencoder_awaiting_call_03,tflite_autoencoder,96,5929418447577,5930032044353,59.295757346,between_cues,0.1755845467900142,0.47720259914362284,0
autoencoder_awaiting_call_03,tflite_autoencoder,97,5930036365522,5930650398872,59.914111865,between_cues,3.9974649205387607,0.47720259914362284,1
autoencoder_awaiting_call_03,tflite_autoencoder,98,5930654434560,5931267339632,60.531052625,between_cues,1.687228440366815,0.47720259914362284,1
autoencoder_awaiting_call_03,tflite_autoencoder,99,5931272634376,5931884997114,61.148710107,between_cues,0.19000472213389874,0.47720259914362284,0
autoencoder_awaiting_call_03,tflite_autoencoder,100,5931889495043,5932520528442,61.784241435,between_cues,0.16545276938807577,0.47720259914362284,0
autoencoder_awaiting_call_03,tflite_autoencoder,101,5932524717371,5933120856691,62.384569684,between_cues,3.1812917740613087,0.47720259914362284,1
autoencoder_awaiting_call_03,tflite_autoencoder,102,5933125181657,5933738056877,63.00176987,between_cues,3.0766142565108225,0.47720259914362284,1
autoencoder_awaiting_call_03,tflite_autoencoder,103,5933742025083,5934355138174,63.618851167,between_cues,0.18147448307756742,0.47720259914362284,0
autoencoder_awaiting_call_03,tflite_autoencoder,104,5934361149826,5934973746602,64.237459595,between_cues,0.16574764673638756,0.47720259914362284,0
autoencoder_awaiting_call_03,tflite_autoencoder,105,5934977777586,5935589949936,64.853662929,between_cues,1.9271888515628373,0.47720259914362284,1
autoencoder_awaiting_call_03,tflite_autoencoder,106,5935595936588,5936215469128,65.479182121,between_cues,4.612298985826712,0.47720259914362284,1
autoencoder_awaiting_call_03,tflite_autoencoder,107,5936217732926,5936825741958,66.089454951,between_cues,0.18834513105802606,0.47720259914362284,0
autoencoder_awaiting_call_03,tflite_autoencoder,108,5936829781128,5937443096478,66.706809471,between_cues,0.17748189566882408,0.47720259914362284,0
autoencoder_awaiting_call_03,tflite_autoencoder,109,5937449084964,5938060358313,67.324071306,between_cues,0.5807289256211542,0.47720259914362284,1
autoencoder_awaiting_call_03,tflite_autoencoder,110,5938066367151,5938677789964,67.941502957,between_cues,5.408586139596271,0.47720259914362284,1
autoencoder_awaiting_call_03,tflite_autoencoder,111,5938682878022,5939295664484,68.559377477,between_cues,0.9422645194518916,0.47720259914362284,1
autoencoder_awaiting_call_03,tflite_autoencoder,112,5939301633581,5939912915561,69.176628554,between_cues,0.18415971106900494,0.47720259914362284,0
autoencoder_awaiting_call_03,tflite_autoencoder,113,5939918873083,5940530718693,69.794431686,between_cues,0.20505405627823356,0.47720259914362284,0
autoencoder_awaiting_call_03,tflite_autoencoder,114,5940536690085,5941148680806,70.412393799,between_cues,2.444136287115564,0.47720259914362284,1
autoencoder_awaiting_call_03,tflite_autoencoder,115,5941152810457,5941765620901,71.029333894,between_cues,0.2901600758100192,0.47720259914362284,0
autoencoder_awaiting_call_03,tflite_autoencoder,116,5941771992350,5942384582923,71.648295916,between_cues,0.6172249071061433,0.47720259914362284,1
autoencoder_awaiting_call_03,tflite_autoencoder,117,5942388541889,5943002152722,72.265865715,between_cues,0.19308448099353015,0.47720259914362284,0
autoencoder_awaiting_call_03,tflite_autoencoder,118,5943006111225,5943619692855,72.883405848,between_cues,0.17537154988625017,0.47720259914362284,0
autoencoder_awaiting_call_03,tflite_autoencoder,119,5943623726691,5944237569562,73.501282555,between_cues,0.19127911850075083,0.47720259914362284,0
autoencoder_awaiting_call_03,tflite_autoencoder,120,5944241540601,5944853618527,74.11733152,between_cues,0.18366665925758965,0.47720259914362284,0
autoencoder_awaiting_call_03,tflite_autoencoder,121,5944858375086,5945474317995,74.738030988,between_cues,0.20313930189286586,0.47720259914362284,0
autoencoder_awaiting_call_03,tflite_autoencoder,122,5945481584944,5946090283016,75.353996009,between_cues,0.17749084920309155,0.47720259914362284,0
autoencoder_awaiting_call_03,tflite_autoencoder,123,5946094732093,5946706691352,75.970404345,between_cues,0.19799536675311144,0.47720259914362284,0
autoencoder_awaiting_call_03,tflite_autoencoder,124,5946711241892,5947324162726,76.587875719,between_cues,0.19309340324340477,0.47720259914362284,0
autoencoder_awaiting_call_03,tflite_autoencoder,125,5947328603988,5947942786656,77.206499649,between_cues,0.19320127124196404,0.47720259914362284,0
autoencoder_awaiting_call_03,tflite_autoencoder,126,5947947344270,5948559499807,77.8232128,between_cues,0.17258259681942498,0.47720259914362284,0
autoencoder_awaiting_call_03,tflite_autoencoder,127,5948564046921,5949178560664,78.442273657,between_cues,0.17137461523034356,0.47720259914362284,0
autoencoder_awaiting_call_03,tflite_autoencoder,128,5949182993982,5949794479556,79.058192549,between_cues,0.1799669004159993,0.47720259914362284,0
autoencoder_awaiting_call_03,tflite_autoencoder,129,5949800694226,5950413084431,79.676797424,between_cues,0.17826391474527448,0.47720259914362284,0
autoencoder_awaiting_call_03,tflite_autoencoder,130,5950417713971,5951031312121,80.295025114,between_cues,0.18967666700334482,0.47720259914362284,0
autoencoder_awaiting_call_03,tflite_autoencoder,131,5951034907975,5951649469533,80.913182526,between_cues,0.1927215494757529,0.47720259914362284,0
autoencoder_awaiting_call_03,tflite_autoencoder,132,5951653833813,5952265356610,81.529069603,between_cues,0.18966452466599612,0.47720259914362284,0
autoencoder_awaiting_call_03,tflite_autoencoder,133,5952270141280,5952884164763,82.147877756,between_cues,0.18744256638774223,0.47720259914362284,0
autoencoder_awaiting_call_03,tflite_autoencoder,134,5952888533063,5953501291360,82.765004353,between_cues,0.18182005001398296,0.47720259914362284,0
autoencoder_awaiting_call_03,tflite_autoencoder,135,5953505707697,5954118681976,83.382394969,between_cues,0.17825332869928653,0.47720259914362284,0
autoencoder_awaiting_call_03,tflite_autoencoder,136,5954123259405,5954735654017,83.99936701,between_cues,0.17722367849696022,0.47720259914362284,0
autoencoder_awaiting_call_03,tflite_autoencoder,137,5954740757484,5955353610782,84.617323775,straddling,0.1756132906183204,0.47720259914362284,0
autoencoder_awaiting_call_03,tflite_autoencoder,138,5955358846359,5955971097602,85.234810595,post_cue,0.16939995018693024,0.47720259914362284,0
autoencoder_awaiting_call_03,tflite_autoencoder,139,5955975473475,5956589169551,85.852882544,post_cue,0.18472651099123075,0.47720259914362284,0
autoencoder_awaiting_call_03,tflite_autoencoder,140,5956593548258,5957207221501,86.470934494,post_cue,0.17459358333931144,0.47720259914362284,0
autoencoder_awaiting_call_03,tflite_autoencoder,141,5957211761597,5957823952377,87.08766537,post_cue,0.17607247159756403,0.47720259914362284,0
autoencoder_awaiting_call_03,tflite_autoencoder,142,5957828713917,5958441766123,87.705479116,post_cue,0.18752458792382853,0.47720259914362284,0
autoencoder_awaiting_call_03,tflite_autoencoder,143,5958446079126,5959058720795,88.322433788,post_cue,0.15230570805490137,0.47720259914362284,0
autoencoder_awaiting_call_03,tflite_autoencoder,144,5959065089910,5959676839560,88.940552553,post_cue,0.15264254198608773,0.47720259914362284,0
autoencoder_awaiting_call_03,tflite_autoencoder,145,5959681363674,5960295101455,89.558814448,post_cue,0.17019051967582102,0.47720259914362284,0
autoencoder_awaiting_call_03,tflite_autoencoder,146,5960300080329,5960911482423,90.175195416,post_cue,0.17948796056332625,0.47720259914362284,0
autoencoder_awaiting_call_03,tflite_autoencoder,147,5960917918816,5961528928577,90.79264157,post_cue,0.18577672473912799,0.47720259914362284,0
autoencoder_awaiting_call_03,tflite_autoencoder,148,5961535254396,5962147564713,91.411277706,post_cue,0.17093348289785956,0.47720259914362284,0
autoencoder_awaiting_call_03,tflite_autoencoder,149,5962152223661,5962765446479,92.029159472,post_cue,0.1683592846375325,0.47720259914362284,0
autoencoder_awaiting_call_03,tflite_autoencoder,150,5962769893260,5963382923800,92.646636793,post_cue,0.17328805391056315,0.47720259914362284,0
autoencoder_awaiting_call_03,tflite_autoencoder,151,5963387229470,5964000769066,93.264482059,post_cue,0.18635909549930987,0.47720259914362284,0
autoencoder_awaiting_call_03,tflite_autoencoder,152,5964005200569,5964617599479,93.881312472,post_cue,0.19527812190986796,0.47720259914362284,0
autoencoder_awaiting_call_03,tflite_autoencoder,153,5964621989704,5965234925430,94.498638423,post_cue,0.15854199812243527,0.47720259914362284,0
autoencoder_awaiting_call_03,tflite_autoencoder,154,5965240998471,5965852397344,95.116110337,post_cue,0.18606315424150544,0.47720259914362284,0
autoencoder_awaiting_call_03,tflite_autoencoder,155,5965856980884,5966470659981,95.734372974,post_cue,0.17708334174225052,0.47720259914362284,0
autoencoder_awaiting_call_03,tflite_autoencoder,156,5966475100058,5967087801858,96.351514851,post_cue,0.18465712567583173,0.47720259914362284,0
autoencoder_awaiting_call_03,tflite_autoencoder,157,5967092430824,5967706567958,96.970280951,post_cue,0.17117492132657844,0.47720259914362284,0
autoencoder_awaiting_call_03,tflite_autoencoder,158,5967711249184,5968323678965,97.587391958,post_cue,0.1686454325228762,0.47720259914362284,0
autoencoder_awaiting_call_03,tflite_autoencoder,159,5968328392561,5968941172306,98.204885299,post_cue,0.20131655333392176,0.47720259914362284,0
autoencoder_awaiting_call_03,tflite_autoencoder,160,5968945606975,5969559386832,98.823099825,post_cue,0.16582892317830566,0.47720259914362284,0
autoencoder_awaiting_call_03,tflite_autoencoder,161,5969564064465,5970177016043,99.440729036,post_cue,0.17372068375993402,0.47720259914362284,0
autoencoder_awaiting_call_03,tflite_autoencoder,162,5970181686157,5970793216661,100.056929654,post_cue,0.18714030301580034,0.47720259914362284,0
autoencoder_awaiting_call_03,tflite_autoencoder,163,5970798508960,5971411035798,100.674748791,post_cue,0.18140403139803962,0.47720259914362284,0
autoencoder_awaiting_call_03,tflite_autoencoder,164,5971415509875,5972028945028,101.292658021,post_cue,0.17319769734922463,0.47720259914362284,0
autoencoder_awaiting_call_03,tflite_autoencoder,165,5972033524309,5972646318406,101.910031399,post_cue,0.17774082453560114,0.47720259914362284,0
autoencoder_awaiting_call_03,tflite_autoencoder,166,5972650820835,5973263677414,102.527390407,post_cue,0.18276609251238676,0.47720259914362284,0
autoencoder_awaiting_call_03,tflite_autoencoder,167,5973270352307,5973882866497,103.14657949,post_cue,0.17939528244401495,0.47720259914362284,0
autoencoder_awaiting_call_03,tflite_autoencoder,168,5973887592648,5974498830097,103.76254309,post_cue,0.15778458947950114,0.47720259914362284,0
autoencoder_awaiting_call_03,tflite_autoencoder,169,5974505147619,5975116989309,104.380702302,post_cue,0.16092997847138954,0.47720259914362284,0
autoencoder_awaiting_call_03,tflite_autoencoder,170,5975121486127,5975735987966,104.999700959,post_cue,0.17402919536169448,0.47720259914362284,0
autoencoder_awaiting_call_03,tflite_autoencoder,171,5975741111470,5976351772011,105.615485004,post_cue,0.1863342014302214,0.47720259914362284,0
autoencoder_awaiting_call_03,tflite_autoencoder,172,5976361194387,5976970943298,106.234656291,post_cue,0.19345780485916897,0.47720259914362284,0
autoencoder_awaiting_call_03,tflite_autoencoder,173,5976975377875,5977588737677,106.85245067,post_cue,0.17069066188579404,0.47720259914362284,0
autoencoder_awaiting_call_03,tflite_autoencoder,174,5977593160810,5978204668740,107.468381733,post_cue,0.18906095846491025,0.47720259914362284,0
autoencoder_awaiting_call_03,tflite_autoencoder,175,5978211007004,5978823847361,108.087560354,post_cue,0.16596564609726627,0.47720259914362284,0
autoencoder_awaiting_call_03,tflite_autoencoder,176,5978829518735,5979441823056,108.705536049,post_cue,0.18386642980088178,0.47720259914362284,0
autoencoder_awaiting_call_03,tflite_autoencoder,177,5979446220596,5980059212620,109.322925613,post_cue,0.16784444327273743,0.47720259914362284,0
autoencoder_awaiting_call_03,tflite_autoencoder,178,5980063737419,5980676626944,109.940339937,post_cue,0.173951161118163,0.47720259914362284,0
autoencoder_awaiting_call_03,tflite_autoencoder,179,5980681094762,5981293718323,110.557431316,post_cue,0.17396769884022945,0.47720259914362284,0
autoencoder_awaiting_call_03,tflite_autoencoder,180,5981298293548,5981911677499,111.175390492,post_cue,0.18205270316733832,0.47720259914362284,0
autoencoder_awaiting_call_03,tflite_autoencoder,181,5981916233169,5982528694434,111.792407427,post_cue,0.1824191298740366,0.47720259914362284,0
autoencoder_awaiting_call_03,tflite_autoencoder,182,5982533330215,5983146682796,112.410395789,post_cue,0.16793411753918383,0.47720259914362284,0
autoencoder_awaiting_call_03,tflite_autoencoder,183,5983151187966,5983763813268,113.027526261,post_cue,0.1900293975176884,0.47720259914362284,0
autoencoder_awaiting_call_03,tflite_autoencoder,184,5983768485827,5984381597278,113.645310271,post_cue,0.1549884961197089,0.47720259914362284,0
isolation_forest_awaiting_call_02,rms,1,6413252514812,6413864940514,0.624521396,pre_cue,0.44126587946308893,1.296361072562011,0
isolation_forest_awaiting_call_02,rms,2,6413874596110,6414483288118,1.242869,pre_cue,0.43250477843098245,1.296361072562011,0
isolation_forest_awaiting_call_02,rms,3,6414491233839,6415101612554,1.861193436,pre_cue,0.424045168990884,1.296361072562011,0
isolation_forest_awaiting_call_02,rms,4,6415105797248,6415718173041,2.477753923,pre_cue,0.43585852275213,1.296361072562011,0
isolation_forest_awaiting_call_02,rms,5,6415723553034,6416335742306,3.095323188,pre_cue,0.42844413715184715,1.296361072562011,0
isolation_forest_awaiting_call_02,rms,6,6416343969695,6416953424831,3.713005713,pre_cue,0.42702279702808066,1.296361072562011,0
isolation_forest_awaiting_call_02,rms,7,6416961120903,6417571408855,4.330989737,pre_cue,0.4546924274203761,1.296361072562011,0
isolation_forest_awaiting_call_02,rms,8,6417575240956,6418188991507,4.948572389,pre_cue,0.4342249855650912,1.296361072562011,0
isolation_forest_awaiting_call_02,rms,9,6418192913497,6418806983345,5.566564227,pre_cue,0.41980918497966957,1.296361072562011,0
isolation_forest_awaiting_call_02,rms,10,6418812361801,6419424253124,6.183834006,pre_cue,0.433845180577681,1.296361072562011,0
isolation_forest_awaiting_call_02,rms,11,6419430412304,6420040771438,6.80035232,pre_cue,0.43211805024272265,1.296361072562011,0
isolation_forest_awaiting_call_02,rms,12,6420046674673,6420658925329,7.418506211,pre_cue,0.43164440257611725,1.296361072562011,0
isolation_forest_awaiting_call_02,rms,13,6420663682561,6421277459015,8.037039897,pre_cue,0.43511751956580824,1.296361072562011,0
isolation_forest_awaiting_call_02,rms,14,6421283358102,6421894930773,8.654511655,pre_cue,0.44874248053655846,1.296361072562011,0
isolation_forest_awaiting_call_02,rms,15,6421899332635,6422512965587,9.272546469,pre_cue,0.45374772489532134,1.296361072562011,0
isolation_forest_awaiting_call_02,rms,16,6422517444541,6423130346435,9.889927317,pre_cue,0.43612024154102974,1.296361072562011,0
isolation_forest_awaiting_call_02,rms,17,6423134650037,6423746683559,10.506264441,pre_cue,0.4260778790730018,1.296361072562011,0
isolation_forest_awaiting_call_02,rms,18,6423755123892,6424363967072,11.123547954,pre_cue,0.44394244092447577,1.296361072562011,0
isolation_forest_awaiting_call_02,rms,19,6424379130550,6424981948789,11.741529671,pre_cue,0.43552112070890425,1.296361072562011,0
isolation_forest_awaiting_call_02,rms,20,6424987820635,6425599831098,12.35941198,pre_cue,0.4232709341863906,1.296361072562011,0
isolation_forest_awaiting_call_02,rms,21,6425605960834,6426218284945,12.977865827,pre_cue,0.4312440527096279,1.296361072562011,0
isolation_forest_awaiting_call_02,rms,22,6426223198918,6426834424026,13.594004908,pre_cue,0.4332585011617049,1.296361072562011,0
isolation_forest_awaiting_call_02,rms,23,6426842150265,6427453994133,14.213575015,pre_cue,0.4340963665537744,1.296361072562011,0
isolation_forest_awaiting_call_02,rms,24,6427457996178,6428070286472,14.829867354,pre_cue,0.4270111431086256,1.296361072562011,0
isolation_forest_awaiting_call_02,rms,25,6428076510134,6428688892778,15.44847366,pre_cue,0.4372158081020653,1.296361072562011,0
isolation_forest_awaiting_call_02,rms,26,6428693312825,6429306210173,16.065791055,pre_cue,0.4233186421587487,1.296361072562011,0
isolation_forest_awaiting_call_02,rms,27,6429311504703,6429923596605,16.683177487,pre_cue,0.44090900294697066,1.296361072562011,0
isolation_forest_awaiting_call_02,rms,28,6429934106961,6430541860353,17.301441235,pre_cue,0.4469864732736172,1.296361072562011,0
isolation_forest_awaiting_call_02,rms,29,6430545906417,6431158983134,17.918564016,pre_cue,0.4194393619907808,1.296361072562011,0
isolation_forest_awaiting_call_02,rms,30,6431164325053,6431775256357,18.534837239,pre_cue,0.44009461373829334,1.296361072562011,0
isolation_forest_awaiting_call_02,rms,31,6431783023300,6432394096899,19.153677781,pre_cue,0.42257652983880734,1.296361072562011,0
isolation_forest_awaiting_call_02,rms,32,6432398766891,6433010797399,19.770378281,pre_cue,0.4450021275685369,1.296361072562011,0
isolation_forest_awaiting_call_02,rms,33,6433017386784,6433629325050,20.388905932,pre_cue,0.4456887705451911,1.296361072562011,0
isolation_forest_awaiting_call_02,rms,34,6433634299265,6434246592494,21.006173376,pre_cue,0.4326219674647208,1.296361072562011,0
isolation_forest_awaiting_call_02,rms,35,6434250467040,6434865041773,21.624622655,pre_cue,0.43851063858590755,1.296361072562011,0
isolation_forest_awaiting_call_02,rms,36,6434868785244,6435480906250,22.240487132,pre_cue,0.42432784022693115,1.296361072562011,0
isolation_forest_awaiting_call_02,rms,37,6435487733950,6436099798380,22.859379262,pre_cue,0.4153781553267249,1.296361072562011,0
isolation_forest_awaiting_call_02,rms,38,6436103632981,6436717343951,23.476924833,pre_cue,0.4202797514914302,1.296361072562011,0
isolation_forest_awaiting_call_02,rms,39,6436723062945,6437334495334,24.094076216,pre_cue,0.4278004768221473,1.296361072562011,0
isolation_forest_awaiting_call_02,rms,40,6437342923593,6437951924792,24.711505674,pre_cue,0.4268080159117739,1.296361072562011,0
isolation_forest_awaiting_call_02,rms,41,6437957863990,6438570660845,25.330241727,pre_cue,0.42515474615362947,1.296361072562011,0
isolation_forest_awaiting_call_02,rms,42,6438574690890,6439187395836,25.946976718,pre_cue,0.420061051370657,1.296361072562011,0
isolation_forest_awaiting_call_02,rms,43,6439193607868,6439805845275,26.565426157,pre_cue,0.4337214589239452,1.296361072562011,0
isolation_forest_awaiting_call_02,rms,44,6439812237604,6440422859543,27.182440425,pre_cue,0.44472140686464173,1.296361072562011,0
isolation_forest_awaiting_call_02,rms,45,6440427987295,6441039483958,27.79906484,pre_cue,0.4314204460769969,1.296361072562011,0
isolation_forest_awaiting_call_02,rms,46,6441045856972,6441656820763,28.416401645,pre_cue,0.4397041733691963,1.296361072562011,0
isolation_forest_awaiting_call_02,rms,47,6441663787759,6442275015957,29.034596839,pre_cue,0.44329317025019543,1.296361072562011,0
isolation_forest_awaiting_call_02,rms,48,6442281872916,6442892073389,29.651654271,pre_cue,0.4137296464213864,1.296361072562011,0
isolation_forest_awaiting_call_02,rms,49,6442898209606,6443509864673,30.269445555,pre_cue,0.4385097172466405,1.296361072562011,0
isolation_forest_awaiting_call_02,rms,50,6443516830207,6444128026439,30.887607321,pre_cue,0.4240664651274684,1.296361072562011,0
isolation_forest_awaiting_call_02,rms,51,6444133905544,6444745709758,31.50529064,pre_cue,0.42205344413837165,1.296361072562011,0
isolation_forest_awaiting_call_02,rms,52,6444753835017,6445363373188,32.12295407,pre_cue,0.405996382419889,1.296361072562011,0
isolation_forest_awaiting_call_02,rms,53,6445367992105,6445981597729,32.741178611,pre_cue,0.43240438015228533,1.296361072562011,0
isolation_forest_awaiting_call_02,rms,54,6445986515888,6446599466510,33.359047392,pre_cue,0.4227554093446548,1.296361072562011,0
isolation_forest_awaiting_call_02,rms,55,6446603850982,6447216194935,33.975775817,pre_cue,0.4353659502405547,1.296361072562011,0
isolation_forest_awaiting_call_02,rms,56,6447225947697,6447833272675,34.592853557,pre_cue,0.44053966897166796,1.296361072562011,0
isolation_forest_awaiting_call_02,rms,57,6447840547617,6448451815640,35.211396522,pre_cue,0.43457963805108185,1.296361072562011,0
isolation_forest_awaiting_call_02,rms,58,6448459514119,6449069142786,35.828723668,pre_cue,0.4339762151044939,1.296361072562011,0
isolation_forest_awaiting_call_02,rms,59,6449074118500,6449686320542,36.445901424,pre_cue,0.4443664746047927,1.296361072562011,0
isolation_forest_awaiting_call_02,rms,60,6449695625729,6450304238910,37.063819792,pre_cue,0.41482047815868334,1.296361072562011,0
isolation_forest_awaiting_call_02,rms,61,6450309136495,6450922653519,37.682234401,pre_cue,0.4241467659455844,1.296361072562011,0
isolation_forest_awaiting_call_02,rms,62,6450927062696,6451539663791,38.299244673,pre_cue,0.44146330311911114,1.296361072562011,0
isolation_forest_awaiting_call_02,rms,63,6451544353394,6452157979843,38.917560725,pre_cue,0.4284804869800643,1.296361072562011,0
isolation_forest_awaiting_call_02,rms,64,6452164856895,6452774343390,39.533924272,pre_cue,0.43879323938730813,1.296361072562011,0
isolation_forest_awaiting_call_02,rms,65,6452783626299,6453393379608,40.15296049,pre_cue,0.4276454936337203,1.296361072562011,0
isolation_forest_awaiting_call_02,rms,66,6453399566881,6454010209636,40.769790518,pre_cue,0.46058144954140395,1.296361072562011,0
isolation_forest_awaiting_call_02,rms,67,6454016325779,6454628611685,41.388192567,pre_cue,0.432570565871866,1.296361072562011,0
isolation_forest_awaiting_call_02,rms,68,6454634108308,6455245423321,42.005004203,pre_cue,0.4412885100923463,1.296361072562011,0
isolation_forest_awaiting_call_02,rms,69,6455253585413,6455863857535,42.623438417,pre_cue,0.4107338939113054,1.296361072562011,0
isolation_forest_awaiting_call_02,rms,70,6455867796322,6456480122207,43.239703089,pre_cue,0.4333309153660762,1.296361072562011,0
isolation_forest_awaiting_call_02,rms,71,6456486141053,6457097857825,43.857438707,pre_cue,0.4226219486473595,1.296361072562011,0
isolation_forest_awaiting_call_02,rms,72,6457105888157,6457716113091,44.475693973,pre_cue,0.42088654191014635,1.296361072562011,0
isolation_forest_awaiting_call_02,rms,73,6457723421496,6458333872467,45.093453349,pre_cue,0.43496466278515594,1.296361072562011,0
isolation_forest_awaiting_call_02,rms,74,6458339877258,6458952046269,45.711627151,pre_cue,0.44607991866987445,1.296361072562011,0
isolation_forest_awaiting_call_02,rms,75,6458956950520,6459569905236,46.329486118,pre_cue,0.43887437581868105,1.296361072562011,0
isolation_forest_awaiting_call_02,rms,76,6459575682193,6460187518553,46.947099435,pre_cue,0.45089582585798244,1.296361072562011,0
isolation_forest_awaiting_call_02,rms,77,6460194337345,6460804765202,47.564346084,straddling,0.42705920627005484,1.296361072562011,0
isolation_forest_awaiting_call_02,rms,78,6460809706491,6461422566315,48.182147197,between_cues,0.440141933313102,1.296361072562011,0
isolation_forest_awaiting_call_02,rms,79,6461426533509,6462039350276,48.798931158,between_cues,0.4315497352208437,1.296361072562011,0
isolation_forest_awaiting_call_02,rms,80,6462043998879,6462657010443,49.416591325,between_cues,0.44340094918930767,1.296361072562011,0
isolation_forest_awaiting_call_02,rms,81,6462664472848,6463276404834,50.035985716,between_cues,0.43826593462393393,1.296361072562011,0
isolation_forest_awaiting_call_02,rms,82,6463286265818,6463893192108,50.65277299,between_cues,0.4307333945889589,1.296361072562011,0
isolation_forest_awaiting_call_02,rms,83,6463897850896,6464510203326,51.269784208,between_cues,0.43255610127234917,1.296361072562011,0
isolation_forest_awaiting_call_02,rms,84,6464518387028,6465128952713,51.888533595,between_cues,0.44586022454062696,1.296361072562011,0
isolation_forest_awaiting_call_02,rms,85,6465179047079,6465745653559,52.505234441,between_cues,0.4345443208772114,1.296361072562011,0
isolation_forest_awaiting_call_02,rms,86,6465753628113,6466363452258,53.12303314,between_cues,0.43256414989801845,1.296361072562011,0
isolation_forest_awaiting_call_02,rms,87,6466369746993,6466980536454,53.740117336,between_cues,0.44740117384513084,1.296361072562011,0
isolation_forest_awaiting_call_02,rms,88,6466987181616,6467598369781,54.357950663,between_cues,0.42914582098780824,1.296361072562011,0
isolation_forest_awaiting_call_02,rms,89,6467604448516,6468216988535,54.976569417,between_cues,0.42850883349444907,1.296361072562011,0
isolation_forest_awaiting_call_02,rms,90,6468222613139,6468834112414,55.593693296,between_cues,0.4448402268160078,1.296361072562011,0
isolation_forest_awaiting_call_02,rms,91,6468841260448,6469451713090,56.211293972,between_cues,0.43808203532515555,1.296361072562011,0
isolation_forest_awaiting_call_02,rms,92,6469458273215,6470070158304,56.829739186,between_cues,0.43464726026114625,1.296361072562011,0
isolation_forest_awaiting_call_02,rms,93,6470074564183,6470687289959,57.446870841,between_cues,1.1207117673132168,1.296361072562011,0
isolation_forest_awaiting_call_02,rms,94,6470693190545,6471304531483,58.064112365,between_cues,2.0246718806248496,1.296361072562011,1
isolation_forest_awaiting_call_02,rms,95,6471312645593,6471922426842,58.682007724,between_cues,0.453283699521861,1.296361072562011,0
isolation_forest_awaiting_call_02,rms,96,6471927427537,6472540535885,59.300116767,between_cues,0.41779796413434095,1.296361072562011,0
isolation_forest_awaiting_call_02,rms,97,6472547305566,6473157110184,59.916691066,between_cues,0.4957827430074576,1.296361072562011,0
isolation_forest_awaiting_call_02,rms,98,6473164643125,6473775921672,60.535502554,between_cues,2.1565695996028587,1.296361072562011,1
isolation_forest_awaiting_call_02,rms,99,6473783250483,6474391886560,61.151467442,between_cues,1.1532087952308163,1.296361072562011,0
isolation_forest_awaiting_call_02,rms,100,6474397448479,6475010530379,61.770111261,between_cues,0.44494194658223557,1.296361072562011,0
isolation_forest_awaiting_call_02,rms,101,6475016382428,6475628060954,62.387641836,between_cues,0.437153113536824,1.296361072562011,0
isolation_forest_awaiting_call_02,rms,102,6475633965300,6476246056363,63.005637245,between_cues,1.8462036098287682,1.296361072562011,1
isolation_forest_awaiting_call_02,rms,103,6476253489156,6476862710157,63.622291039,between_cues,1.6279692324505286,1.296361072562011,1
isolation_forest_awaiting_call_02,rms,104,6476872809086,6477480710991,64.240291873,between_cues,0.4589936876474454,1.296361072562011,0
isolation_forest_awaiting_call_02,rms,105,6477489587454,6478098592341,64.858173223,between_cues,0.461583125222283,1.296361072562011,0
isolation_forest_awaiting_call_02,rms,106,6478113152872,6478715517449,65.475098331,between_cues,1.512406337928828,1.296361072562011,1
isolation_forest_awaiting_call_02,rms,107,6478727623678,6479334438151,66.094019033,between_cues,1.9791008912125887,1.296361072562011,1
isolation_forest_awaiting_call_02,rms,108,6479347665216,6479951612480,66.711193362,between_cues,0.46647746797526546,1.296361072562011,0
isolation_forest_awaiting_call_02,rms,109,6479959884016,6480569182864,67.328763746,between_cues,0.43734043149469476,1.296361072562011,0
isolation_forest_awaiting_call_02,rms,110,6480573884337,6481187262137,67.946843019,between_cues,0.44752999561371754,1.296361072562011,0
isolation_forest_awaiting_call_02,rms,111,6481195967951,6481804732001,68.564312883,between_cues,0.8152543255277228,1.296361072562011,0
isolation_forest_awaiting_call_02,rms,112,6481810134160,6482422008511,69.181589393,between_cues,0.4336906389534518,1.296361072562011,0
isolation_forest_awaiting_call_02,rms,113,6482431915625,6483040528191,69.800109073,between_cues,0.447039797766041,1.296361072562011,0
isolation_forest_awaiting_call_02,rms,114,6483046825667,6483656425660,70.416006542,between_cues,0.4365491668557325,1.296361072562011,0
isolation_forest_awaiting_call_02,rms,115,6483662202987,6484274263651,71.033844533,between_cues,0.43930321814133805,1.296361072562011,0
isolation_forest_awaiting_call_02,rms,116,6484280571145,6484892463123,71.652044005,between_cues,0.44817774340825867,1.296361072562011,0
isolation_forest_awaiting_call_02,rms,117,6484899192304,6485510333520,72.269914402,between_cues,0.4384287328382643,1.296361072562011,0
isolation_forest_awaiting_call_02,rms,118,6485516130125,6486127408415,72.886989297,between_cues,0.43833451961783376,1.296361072562011,0
isolation_forest_awaiting_call_02,rms,119,6486134669393,6486745370922,73.504951804,between_cues,0.4328948260409206,1.296361072562011,0
isolation_forest_awaiting_call_02,rms,120,6486752333233,6487362867204,74.122448086,between_cues,0.4362365778542745,1.296361072562011,0
isolation_forest_awaiting_call_02,rms,121,6487372565688,6487981618248,74.74119913,between_cues,0.4421865491308944,1.296361072562011,0
isolation_forest_awaiting_call_02,rms,122,6487997698226,6488598381139,75.357962021,between_cues,0.45712584132843215,1.296361072562011,0
isolation_forest_awaiting_call_02,rms,123,6488647595427,6489215594901,75.975175783,between_cues,0.4395434946507118,1.296361072562011,0
isolation_forest_awaiting_call_02,rms,124,6489220222984,6489833244181,76.592825063,between_cues,0.43726160663500413,1.296361072562011,0
isolation_forest_awaiting_call_02,rms,125,6489839478175,6490451875666,77.211456548,between_cues,0.44065870474261043,1.296361072562011,0
isolation_forest_awaiting_call_02,rms,126,6490455681266,6491068714091,77.828294973,between_cues,0.45622499321161525,1.296361072562011,0
isolation_forest_awaiting_call_02,rms,127,6491076696089,6491685819720,78.445400602,between_cues,0.44231634803377723,1.296361072562011,0
isolation_forest_awaiting_call_02,rms,128,6491691804769,6492303339885,79.062920767,between_cues,0.43286471632489887,1.296361072562011,0
isolation_forest_awaiting_call_02,rms,129,6492314875464,6492921383699,79.680964581,between_cues,0.4461014147800301,1.296361072562011,0
isolation_forest_awaiting_call_02,rms,130,6492927275545,6493540062310,80.299643192,between_cues,0.4280094167826593,1.296361072562011,0
isolation_forest_awaiting_call_02,rms,131,6493546321231,6494157358177,80.916939059,between_cues,0.42602502157826294,1.296361072562011,0
isolation_forest_awaiting_call_02,rms,132,6494164414636,6494775399489,81.534980371,between_cues,0.4554529126000374,1.296361072562011,0
isolation_forest_awaiting_call_02,rms,133,6494779494238,6495392316112,82.151896994,between_cues,0.4598303254917861,1.296361072562011,0
isolation_forest_awaiting_call_02,rms,134,6495397315845,6496010103459,82.769684341,between_cues,0.4575398982498608,1.296361072562011,0
isolation_forest_awaiting_call_02,rms,135,6496016049620,6496627477601,83.387058483,between_cues,0.4308663133222696,1.296361072562011,0
isolation_forest_awaiting_call_02,rms,136,6496638439105,6497246093152,84.005674034,between_cues,0.43402773108738935,1.296361072562011,0
isolation_forest_awaiting_call_02,rms,137,6497255929746,6497863075810,84.622656692,straddling,0.4421962380322019,1.296361072562011,0
isolation_forest_awaiting_call_02,rms,138,6497866960614,6498480582338,85.24016322,post_cue,0.4266277205071089,1.296361072562011,0
isolation_forest_awaiting_call_02,rms,139,6498486243998,6499097489531,85.857070413,post_cue,0.4346388384568033,1.296361072562011,0
isolation_forest_awaiting_call_02,rms,140,6499105444825,6499716106264,86.475687146,post_cue,0.42472951457762015,1.296361072562011,0
isolation_forest_awaiting_call_02,rms,141,6499720301032,6500333288919,87.092869801,post_cue,0.42457120161880174,1.296361072562011,0
isolation_forest_awaiting_call_02,rms,142,6500339007635,6500950400463,87.709981345,post_cue,0.4320556286885302,1.296361072562011,0
isolation_forest_awaiting_call_02,rms,143,6500957699367,6501568857341,88.328438223,post_cue,0.4350015907080324,1.296361072562011,0
isolation_forest_awaiting_call_02,rms,144,6501574739372,6502185704308,88.94528519,post_cue,0.4362672456121998,1.296361072562011,0
isolation_forest_awaiting_call_02,rms,145,6502191674376,6502804605779,89.564186661,post_cue,0.4533605593416808,1.296361072562011,0
isolation_forest_awaiting_call_02,rms,146,6502809732327,6503422137598,90.18171848,post_cue,0.4292992217060617,1.296361072562011,0
isolation_forest_awaiting_call_02,rms,147,6503426746163,6504039165082,90.798745964,post_cue,0.43478911747612,1.296361072562011,0
isolation_forest_awaiting_call_02,rms,148,6504047598544,6504656324584,91.415905466,post_cue,0.42395524434663123,1.296361072562011,0
isolation_forest_awaiting_call_02,rms,149,6504666780272,6505274208142,92.033789024,post_cue,0.4107249235159584,1.296361072562011,0
isolation_forest_awaiting_call_02,rms,150,6505281697305,6505892954053,92.652534935,post_cue,0.4344170117482125,1.296361072562011,0
isolation_forest_awaiting_call_02,rms,151,6505897286525,6506509421255,93.269002137,post_cue,0.42954012219009186,1.296361072562011,0
isolation_forest_awaiting_call_02,rms,152,6506515756990,6507127989701,93.887570583,post_cue,0.4347267115413338,1.296361072562011,0
isolation_forest_awaiting_call_02,rms,153,6507134458011,6507745942775,94.505523657,post_cue,0.43518767281956333,1.296361072562011,0
isolation_forest_awaiting_call_02,rms,154,6507750504099,6508362423864,95.122004746,post_cue,0.45464952561314315,1.296361072562011,0
isolation_forest_awaiting_call_02,rms,155,6508368669173,6508981053382,95.740634264,post_cue,0.43754809662643124,1.296361072562011,0
isolation_forest_awaiting_call_02,rms,156,6508986034022,6509598398064,96.357978946,post_cue,0.430069036554093,1.296361072562011,0
isolation_forest_awaiting_call_02,rms,157,6509607129230,6510216405153,96.975986035,post_cue,0.41927146687214634,1.296361072562011,0
isolation_forest_awaiting_call_02,rms,158,6510220905681,6510835032725,97.594613607,post_cue,0.43334745826951243,1.296361072562011,0
isolation_forest_awaiting_call_02,rms,159,6510839719679,6511451638384,98.211219266,post_cue,0.43617362482886435,1.296361072562011,0
isolation_forest_awaiting_call_02,rms,160,6511456419209,6512069775676,98.829356558,post_cue,0.42801455641356856,1.296361072562011,0
isolation_forest_awaiting_call_02,rms,161,6512076306707,6512686058111,99.445638993,post_cue,0.4335501310715944,1.296361072562011,0
isolation_forest_awaiting_call_02,rms,162,6512695534908,6513305620533,100.065201415,post_cue,0.44139443308904314,1.296361072562011,0
isolation_forest_awaiting_call_02,rms,163,6513310037949,6513921349188,100.68093007,post_cue,0.42085201313575327,1.296361072562011,0
isolation_forest_awaiting_call_02,rms,164,6513926450013,6514540532608,101.30011349,post_cue,0.4400679623364108,1.296361072562011,0
isolation_forest_awaiting_call_02,rms,165,6514546213360,6515158478766,101.918059648,post_cue,0.4321935632407776,1.296361072562011,0
isolation_forest_awaiting_call_02,rms,166,6515162077958,6515774964420,102.534545302,post_cue,0.43237724942464334,1.296361072562011,0
isolation_forest_awaiting_call_02,rms,167,6515780883969,6516392079574,103.151660456,post_cue,0.43343609633692937,1.296361072562011,0
isolation_forest_awaiting_call_02,rms,168,6516397940420,6517010232842,103.769813724,post_cue,0.44444721694178263,1.296361072562011,0
isolation_forest_awaiting_call_02,rms,169,6517016213946,6517627474088,104.38705497,post_cue,0.4292532896475738,1.296361072562011,0
isolation_forest_awaiting_call_02,rms,170,6517634534435,6518245207223,105.004788105,post_cue,0.44475941396170243,1.296361072562011,0
isolation_forest_awaiting_call_02,rms,171,6518251388865,6518864504898,105.62408578,post_cue,0.4226720090290712,1.296361072562011,0
isolation_forest_awaiting_call_02,rms,172,6518868695462,6519481403659,106.240984541,post_cue,0.4240924217347375,1.296361072562011,0
isolation_forest_awaiting_call_02,rms,173,6519486647355,6520098504661,106.858085543,post_cue,0.43796735690006733,1.296361072562011,0
isolation_forest_awaiting_call_02,rms,174,6520107144216,6520716950480,107.476531362,post_cue,0.4371286721647958,1.296361072562011,0
isolation_forest_awaiting_call_02,rms,175,6520721462378,6521333941740,108.093522622,post_cue,0.44048248250708616,1.296361072562011,0
isolation_forest_awaiting_call_02,rms,176,6521339643140,6521952645891,108.712226773,post_cue,0.4361340198190819,1.296361072562011,0
isolation_forest_awaiting_call_02,rms,177,6521957284419,6522569178038,109.32875892,post_cue,0.43343151967724086,1.296361072562011,0
isolation_forest_awaiting_call_02,rms,178,6522576248626,6523186750704,109.946331586,post_cue,0.45137672711074545,1.296361072562011,0
isolation_forest_awaiting_call_02,rms,179,6523194064867,6523805529187,110.565110069,post_cue,0.43494237574650035,1.296361072562011,0
isolation_forest_awaiting_call_02,rms,180,6523809827177,6524421749386,111.181330268,post_cue,0.424318661300602,1.296361072562011,0
isolation_forest_awaiting_call_02,rms,181,6524427546527,6525039255272,111.798836154,post_cue,0.4370177976115431,1.296361072562011,0
isolation_forest_awaiting_call_02,rms,182,6525047529974,6525657674882,112.417255764,post_cue,0.4298419944115074,1.296361072562011,0
isolation_forest_awaiting_call_02,rms,183,6525667298882,6526276269879,113.035850761,post_cue,0.42553938482747206,1.296361072562011,0
isolation_forest_awaiting_call_02,rms,184,6526281385538,6526893227855,113.652808737,post_cue,0.4242127785247695,1.296361072562011,0
isolation_forest_awaiting_call_02,rms,185,6526897863068,6527510593127,114.270174009,post_cue,0.43466352433744276,1.296361072562011,0
isolation_forest_awaiting_call_02,rms,186,6527521162019,6528128365084,114.887945966,post_cue,0.4232121069342209,1.296361072562011,0
isolation_forest_awaiting_call_02,rms,187,6528132688556,6528746797190,115.506378072,post_cue,0.42001291067731505,1.296361072562011,0
isolation_forest_awaiting_call_02,rms,188,6528750978569,6529364020182,116.123601064,post_cue,0.42475690993289406,1.296361072562011,0
isolation_forest_awaiting_call_02,rms,189,6529368746321,6529981443210,116.741024092,post_cue,0.4423298696021299,1.296361072562011,0
isolation_forest_awaiting_call_02,rms,190,6529987533963,6530599636407,117.359217289,post_cue,0.42095378879513945,1.296361072562011,0
isolation_forest_awaiting_call_02,rms,191,6530606374494,6531216277617,117.975858499,post_cue,0.457244186732504,1.296361072562011,0
isolation_forest_awaiting_call_02,rms,192,6531225350543,6531834611312,118.594192194,post_cue,0.4475114907046878,1.296361072562011,0
isolation_forest_awaiting_call_02,rms,193,6531839258729,6532452103523,119.211684405,post_cue,0.44028477626308443,1.296361072562011,0
isolation_forest_awaiting_call_02,rms,194,6532457554219,6533070226216,119.829807098,post_cue,0.4287188180780988,1.296361072562011,0
isolation_forest_awaiting_call_02,rms,195,6533075001115,6533687669185,120.447250067,post_cue,0.42547135064867897,1.296361072562011,0
isolation_forest_awaiting_call_02,rms,196,6533691962064,6534303884021,121.063464903,post_cue,0.4137109539826407,1.296361072562011,0
isolation_forest_awaiting_call_02,isolation_forest,1,6413252514812,6413864940514,0.624521396,pre_cue,0.37109488370401783,0.4833547401595273,0
isolation_forest_awaiting_call_02,isolation_forest,2,6413874596110,6414483288118,1.242869,pre_cue,0.37491415597115185,0.4833547401595273,0
isolation_forest_awaiting_call_02,isolation_forest,3,6414491233839,6415101612554,1.861193436,pre_cue,0.37691059390220394,0.4833547401595273,0
isolation_forest_awaiting_call_02,isolation_forest,4,6415105797248,6415718173041,2.477753923,pre_cue,0.3770400689842345,0.4833547401595273,0
isolation_forest_awaiting_call_02,isolation_forest,5,6415723553034,6416335742306,3.095323188,pre_cue,0.3747581696728141,0.4833547401595273,0
isolation_forest_awaiting_call_02,isolation_forest,6,6416343969695,6416953424831,3.713005713,pre_cue,0.3713402987369036,0.4833547401595273,0
isolation_forest_awaiting_call_02,isolation_forest,7,6416961120903,6417571408855,4.330989737,pre_cue,0.3761719481853799,0.4833547401595273,0
isolation_forest_awaiting_call_02,isolation_forest,8,6417575240956,6418188991507,4.948572389,pre_cue,0.37953278219140724,0.4833547401595273,0
isolation_forest_awaiting_call_02,isolation_forest,9,6418192913497,6418806983345,5.566564227,pre_cue,0.3696696229294229,0.4833547401595273,0
isolation_forest_awaiting_call_02,isolation_forest,10,6418812361801,6419424253124,6.183834006,pre_cue,0.38369264806009756,0.4833547401595273,0
isolation_forest_awaiting_call_02,isolation_forest,11,6419430412304,6420040771438,6.80035232,pre_cue,0.37619857418850633,0.4833547401595273,0
isolation_forest_awaiting_call_02,isolation_forest,12,6420046674673,6420658925329,7.418506211,pre_cue,0.3709210390818697,0.4833547401595273,0
isolation_forest_awaiting_call_02,isolation_forest,13,6420663682561,6421277459015,8.037039897,pre_cue,0.3743414811469596,0.4833547401595273,0
isolation_forest_awaiting_call_02,isolation_forest,14,6421283358102,6421894930773,8.654511655,pre_cue,0.37451028472618286,0.4833547401595273,0
isolation_forest_awaiting_call_02,isolation_forest,15,6421899332635,6422512965587,9.272546469,pre_cue,0.36983848447648415,0.4833547401595273,0
isolation_forest_awaiting_call_02,isolation_forest,16,6422517444541,6423130346435,9.889927317,pre_cue,0.3783619024142363,0.4833547401595273,0
isolation_forest_awaiting_call_02,isolation_forest,17,6423134650037,6423746683559,10.506264441,pre_cue,0.37775219178722536,0.4833547401595273,0
isolation_forest_awaiting_call_02,isolation_forest,18,6423755123892,6424363967072,11.123547954,pre_cue,0.3745013847743129,0.4833547401595273,0
isolation_forest_awaiting_call_02,isolation_forest,19,6424379130550,6424981948789,11.741529671,pre_cue,0.3726702940081154,0.4833547401595273,0
isolation_forest_awaiting_call_02,isolation_forest,20,6424987820635,6425599831098,12.35941198,pre_cue,0.3790218783095689,0.4833547401595273,0
isolation_forest_awaiting_call_02,isolation_forest,21,6425605960834,6426218284945,12.977865827,pre_cue,0.37697380381160667,0.4833547401595273,0
isolation_forest_awaiting_call_02,isolation_forest,22,6426223198918,6426834424026,13.594004908,pre_cue,0.3764347694282021,0.4833547401595273,0
isolation_forest_awaiting_call_02,isolation_forest,23,6426842150265,6427453994133,14.213575015,pre_cue,0.36999375303181664,0.4833547401595273,0
isolation_forest_awaiting_call_02,isolation_forest,24,6427457996178,6428070286472,14.829867354,pre_cue,0.38164803785855766,0.4833547401595273,0
isolation_forest_awaiting_call_02,isolation_forest,25,6428076510134,6428688892778,15.44847366,pre_cue,0.3751514439421566,0.4833547401595273,0
isolation_forest_awaiting_call_02,isolation_forest,26,6428693312825,6429306210173,16.065791055,pre_cue,0.37748805370891136,0.4833547401595273,0
isolation_forest_awaiting_call_02,isolation_forest,27,6429311504703,6429923596605,16.683177487,pre_cue,0.3764072848887139,0.4833547401595273,0
isolation_forest_awaiting_call_02,isolation_forest,28,6429934106961,6430541860353,17.301441235,pre_cue,0.3703374013535131,0.4833547401595273,0
isolation_forest_awaiting_call_02,isolation_forest,29,6430545906417,6431158983134,17.918564016,pre_cue,0.3754179975978345,0.4833547401595273,0
isolation_forest_awaiting_call_02,isolation_forest,30,6431164325053,6431775256357,18.534837239,pre_cue,0.37593323226114245,0.4833547401595273,0
isolation_forest_awaiting_call_02,isolation_forest,31,6431783023300,6432394096899,19.153677781,pre_cue,0.3713802080623483,0.4833547401595273,0
isolation_forest_awaiting_call_02,isolation_forest,32,6432398766891,6433010797399,19.770378281,pre_cue,0.3728648849287646,0.4833547401595273,0
isolation_forest_awaiting_call_02,isolation_forest,33,6433017386784,6433629325050,20.388905932,pre_cue,0.37886457622751774,0.4833547401595273,0
isolation_forest_awaiting_call_02,isolation_forest,34,6433634299265,6434246592494,21.006173376,pre_cue,0.3725964246223419,0.4833547401595273,0
isolation_forest_awaiting_call_02,isolation_forest,35,6434250467040,6434865041773,21.624622655,pre_cue,0.3766349131986111,0.4833547401595273,0
isolation_forest_awaiting_call_02,isolation_forest,36,6434868785244,6435480906250,22.240487132,pre_cue,0.37064701861045674,0.4833547401595273,0
isolation_forest_awaiting_call_02,isolation_forest,37,6435487733950,6436099798380,22.859379262,pre_cue,0.3732455674287396,0.4833547401595273,0
isolation_forest_awaiting_call_02,isolation_forest,38,6436103632981,6436717343951,23.476924833,pre_cue,0.3716267777669239,0.4833547401595273,0
isolation_forest_awaiting_call_02,isolation_forest,39,6436723062945,6437334495334,24.094076216,pre_cue,0.3756956026360926,0.4833547401595273,0
isolation_forest_awaiting_call_02,isolation_forest,40,6437342923593,6437951924792,24.711505674,pre_cue,0.36863493375501166,0.4833547401595273,0
isolation_forest_awaiting_call_02,isolation_forest,41,6437957863990,6438570660845,25.330241727,pre_cue,0.3720752137444643,0.4833547401595273,0
isolation_forest_awaiting_call_02,isolation_forest,42,6438574690890,6439187395836,25.946976718,pre_cue,0.37278319328484477,0.4833547401595273,0
isolation_forest_awaiting_call_02,isolation_forest,43,6439193607868,6439805845275,26.565426157,pre_cue,0.3715866903512409,0.4833547401595273,0
isolation_forest_awaiting_call_02,isolation_forest,44,6439812237604,6440422859543,27.182440425,pre_cue,0.37233692842841476,0.4833547401595273,0
isolation_forest_awaiting_call_02,isolation_forest,45,6440427987295,6441039483958,27.79906484,pre_cue,0.37253363135762685,0.4833547401595273,0
isolation_forest_awaiting_call_02,isolation_forest,46,6441045856972,6441656820763,28.416401645,pre_cue,0.37851181494375885,0.4833547401595273,0
isolation_forest_awaiting_call_02,isolation_forest,47,6441663787759,6442275015957,29.034596839,pre_cue,0.37837517760836814,0.4833547401595273,0
isolation_forest_awaiting_call_02,isolation_forest,48,6442281872916,6442892073389,29.651654271,pre_cue,0.3768624834348979,0.4833547401595273,0
isolation_forest_awaiting_call_02,isolation_forest,49,6442898209606,6443509864673,30.269445555,pre_cue,0.3797028262486171,0.4833547401595273,0
isolation_forest_awaiting_call_02,isolation_forest,50,6443516830207,6444128026439,30.887607321,pre_cue,0.374060479243433,0.4833547401595273,0
isolation_forest_awaiting_call_02,isolation_forest,51,6444133905544,6444745709758,31.50529064,pre_cue,0.37261654915396986,0.4833547401595273,0
isolation_forest_awaiting_call_02,isolation_forest,52,6444753835017,6445363373188,32.12295407,pre_cue,0.3711297545503761,0.4833547401595273,0
isolation_forest_awaiting_call_02,isolation_forest,53,6445367992105,6445981597729,32.741178611,pre_cue,0.3711611811049323,0.4833547401595273,0
isolation_forest_awaiting_call_02,isolation_forest,54,6445986515888,6446599466510,33.359047392,pre_cue,0.3719258013982921,0.4833547401595273,0
isolation_forest_awaiting_call_02,isolation_forest,55,6446603850982,6447216194935,33.975775817,pre_cue,0.37592638561689035,0.4833547401595273,0
isolation_forest_awaiting_call_02,isolation_forest,56,6447225947697,6447833272675,34.592853557,pre_cue,0.37783758557291186,0.4833547401595273,0
isolation_forest_awaiting_call_02,isolation_forest,57,6447840547617,6448451815640,35.211396522,pre_cue,0.378371004315985,0.4833547401595273,0
isolation_forest_awaiting_call_02,isolation_forest,58,6448459514119,6449069142786,35.828723668,pre_cue,0.37489246620877714,0.4833547401595273,0
isolation_forest_awaiting_call_02,isolation_forest,59,6449074118500,6449686320542,36.445901424,pre_cue,0.3744288463064715,0.4833547401595273,0
isolation_forest_awaiting_call_02,isolation_forest,60,6449695625729,6450304238910,37.063819792,pre_cue,0.3692665529295402,0.4833547401595273,0
isolation_forest_awaiting_call_02,isolation_forest,61,6450309136495,6450922653519,37.682234401,pre_cue,0.3770003870800412,0.4833547401595273,0
isolation_forest_awaiting_call_02,isolation_forest,62,6450927062696,6451539663791,38.299244673,pre_cue,0.3717237829087156,0.4833547401595273,0
isolation_forest_awaiting_call_02,isolation_forest,63,6451544353394,6452157979843,38.917560725,pre_cue,0.37143018335527256,0.4833547401595273,0
isolation_forest_awaiting_call_02,isolation_forest,64,6452164856895,6452774343390,39.533924272,pre_cue,0.37297317800542285,0.4833547401595273,0
isolation_forest_awaiting_call_02,isolation_forest,65,6452783626299,6453393379608,40.15296049,pre_cue,0.37635058863001486,0.4833547401595273,0
isolation_forest_awaiting_call_02,isolation_forest,66,6453399566881,6454010209636,40.769790518,pre_cue,0.37632644879811084,0.4833547401595273,0
isolation_forest_awaiting_call_02,isolation_forest,67,6454016325779,6454628611685,41.388192567,pre_cue,0.37543898952319815,0.4833547401595273,0
isolation_forest_awaiting_call_02,isolation_forest,68,6454634108308,6455245423321,42.005004203,pre_cue,0.3779337484242407,0.4833547401595273,0
isolation_forest_awaiting_call_02,isolation_forest,69,6455253585413,6455863857535,42.623438417,pre_cue,0.37143571056353236,0.4833547401595273,0
isolation_forest_awaiting_call_02,isolation_forest,70,6455867796322,6456480122207,43.239703089,pre_cue,0.3741575827546402,0.4833547401595273,0
isolation_forest_awaiting_call_02,isolation_forest,71,6456486141053,6457097857825,43.857438707,pre_cue,0.372349958145875,0.4833547401595273,0
isolation_forest_awaiting_call_02,isolation_forest,72,6457105888157,6457716113091,44.475693973,pre_cue,0.3734612615096211,0.4833547401595273,0
isolation_forest_awaiting_call_02,isolation_forest,73,6457723421496,6458333872467,45.093453349,pre_cue,0.37644137796971666,0.4833547401595273,0
isolation_forest_awaiting_call_02,isolation_forest,74,6458339877258,6458952046269,45.711627151,pre_cue,0.3744821018498374,0.4833547401595273,0
isolation_forest_awaiting_call_02,isolation_forest,75,6458956950520,6459569905236,46.329486118,pre_cue,0.37021481597238626,0.4833547401595273,0
isolation_forest_awaiting_call_02,isolation_forest,76,6459575682193,6460187518553,46.947099435,pre_cue,0.37843844176505975,0.4833547401595273,0
isolation_forest_awaiting_call_02,isolation_forest,77,6460194337345,6460804765202,47.564346084,straddling,0.37369433957671194,0.4833547401595273,0
isolation_forest_awaiting_call_02,isolation_forest,78,6460809706491,6461422566315,48.182147197,between_cues,0.37492319814279607,0.4833547401595273,0
isolation_forest_awaiting_call_02,isolation_forest,79,6461426533509,6462039350276,48.798931158,between_cues,0.37702673463003045,0.4833547401595273,0
isolation_forest_awaiting_call_02,isolation_forest,80,6462043998879,6462657010443,49.416591325,between_cues,0.37496039294050754,0.4833547401595273,0
isolation_forest_awaiting_call_02,isolation_forest,81,6462664472848,6463276404834,50.035985716,between_cues,0.3783684338372927,0.4833547401595273,0
isolation_forest_awaiting_call_02,isolation_forest,82,6463286265818,6463893192108,50.65277299,between_cues,0.3812574627525454,0.4833547401595273,0
isolation_forest_awaiting_call_02,isolation_forest,83,6463897850896,6464510203326,51.269784208,between_cues,0.3736640476190434,0.4833547401595273,0
isolation_forest_awaiting_call_02,isolation_forest,84,6464518387028,6465128952713,51.888533595,between_cues,0.37253987109236697,0.4833547401595273,0
isolation_forest_awaiting_call_02,isolation_forest,85,6465179047079,6465745653559,52.505234441,between_cues,0.3726518014150871,0.4833547401595273,0
isolation_forest_awaiting_call_02,isolation_forest,86,6465753628113,6466363452258,53.12303314,between_cues,0.37689664305732534,0.4833547401595273,0
isolation_forest_awaiting_call_02,isolation_forest,87,6466369746993,6466980536454,53.740117336,between_cues,0.36985550936622735,0.4833547401595273,0
isolation_forest_awaiting_call_02,isolation_forest,88,6466987181616,6467598369781,54.357950663,between_cues,0.37126298845113487,0.4833547401595273,0
isolation_forest_awaiting_call_02,isolation_forest,89,6467604448516,6468216988535,54.976569417,between_cues,0.3778813881612173,0.4833547401595273,0
isolation_forest_awaiting_call_02,isolation_forest,90,6468222613139,6468834112414,55.593693296,between_cues,0.37157644780597887,0.4833547401595273,0
isolation_forest_awaiting_call_02,isolation_forest,91,6468841260448,6469451713090,56.211293972,between_cues,0.3699013922818335,0.4833547401595273,0
isolation_forest_awaiting_call_02,isolation_forest,92,6469458273215,6470070158304,56.829739186,between_cues,0.3753963663426802,0.4833547401595273,0
isolation_forest_awaiting_call_02,isolation_forest,93,6470074564183,6470687289959,57.446870841,between_cues,0.4410025969486866,0.4833547401595273,0
isolation_forest_awaiting_call_02,isolation_forest,94,6470693190545,6471304531483,58.064112365,between_cues,0.5576362839953166,0.4833547401595273,1
isolation_forest_awaiting_call_02,isolation_forest,95,6471312645593,6471922426842,58.682007724,between_cues,0.379486754121984,0.4833547401595273,0
isolation_forest_awaiting_call_02,isolation_forest,96,6471927427537,6472540535885,59.300116767,between_cues,0.3689158772360875,0.4833547401595273,0
isolation_forest_awaiting_call_02,isolation_forest,97,6472547305566,6473157110184,59.916691066,between_cues,0.37107016381522745,0.4833547401595273,0
isolation_forest_awaiting_call_02,isolation_forest,98,6473164643125,6473775921672,60.535502554,between_cues,0.5772995702268586,0.4833547401595273,1
isolation_forest_awaiting_call_02,isolation_forest,99,6473783250483,6474391886560,61.151467442,between_cues,0.45230712028460596,0.4833547401595273,0
isolation_forest_awaiting_call_02,isolation_forest,100,6474397448479,6475010530379,61.770111261,between_cues,0.3681085041127942,0.4833547401595273,0
isolation_forest_awaiting_call_02,isolation_forest,101,6475016382428,6475628060954,62.387641836,between_cues,0.3785928153376081,0.4833547401595273,0
isolation_forest_awaiting_call_02,isolation_forest,102,6475633965300,6476246056363,63.005637245,between_cues,0.5571066298775579,0.4833547401595273,1
isolation_forest_awaiting_call_02,isolation_forest,103,6476253489156,6476862710157,63.622291039,between_cues,0.4933522944158459,0.4833547401595273,1
isolation_forest_awaiting_call_02,isolation_forest,104,6476872809086,6477480710991,64.240291873,between_cues,0.37793602259601633,0.4833547401595273,0
isolation_forest_awaiting_call_02,isolation_forest,105,6477489587454,6478098592341,64.858173223,between_cues,0.3727786779982213,0.4833547401595273,0
isolation_forest_awaiting_call_02,isolation_forest,106,6478113152872,6478715517449,65.475098331,between_cues,0.48513367207477176,0.4833547401595273,1
isolation_forest_awaiting_call_02,isolation_forest,107,6478727623678,6479334438151,66.094019033,between_cues,0.52318736677695,0.4833547401595273,1
isolation_forest_awaiting_call_02,isolation_forest,108,6479347665216,6479951612480,66.711193362,between_cues,0.38057905690040633,0.4833547401595273,0
isolation_forest_awaiting_call_02,isolation_forest,109,6479959884016,6480569182864,67.328763746,between_cues,0.37797046324000755,0.4833547401595273,0
isolation_forest_awaiting_call_02,isolation_forest,110,6480573884337,6481187262137,67.946843019,between_cues,0.37440607403598253,0.4833547401595273,0
isolation_forest_awaiting_call_02,isolation_forest,111,6481195967951,6481804732001,68.564312883,between_cues,0.40498956383277696,0.4833547401595273,0
isolation_forest_awaiting_call_02,isolation_forest,112,6481810134160,6482422008511,69.181589393,between_cues,0.3777762850814008,0.4833547401595273,0
isolation_forest_awaiting_call_02,isolation_forest,113,6482431915625,6483040528191,69.800109073,between_cues,0.37397367664838366,0.4833547401595273,0
isolation_forest_awaiting_call_02,isolation_forest,114,6483046825667,6483656425660,70.416006542,between_cues,0.37292684299111006,0.4833547401595273,0
isolation_forest_awaiting_call_02,isolation_forest,115,6483662202987,6484274263651,71.033844533,between_cues,0.3789939765797316,0.4833547401595273,0
isolation_forest_awaiting_call_02,isolation_forest,116,6484280571145,6484892463123,71.652044005,between_cues,0.3739800038046474,0.4833547401595273,0
isolation_forest_awaiting_call_02,isolation_forest,117,6484899192304,6485510333520,72.269914402,between_cues,0.3754251890363294,0.4833547401595273,0
isolation_forest_awaiting_call_02,isolation_forest,118,6485516130125,6486127408415,72.886989297,between_cues,0.3748738219576158,0.4833547401595273,0
isolation_forest_awaiting_call_02,isolation_forest,119,6486134669393,6486745370922,73.504951804,between_cues,0.3795750634903725,0.4833547401595273,0
isolation_forest_awaiting_call_02,isolation_forest,120,6486752333233,6487362867204,74.122448086,between_cues,0.37695340332358185,0.4833547401595273,0
isolation_forest_awaiting_call_02,isolation_forest,121,6487372565688,6487981618248,74.74119913,between_cues,0.37437757779424446,0.4833547401595273,0
isolation_forest_awaiting_call_02,isolation_forest,122,6487997698226,6488598381139,75.357962021,between_cues,0.37129429634569466,0.4833547401595273,0
isolation_forest_awaiting_call_02,isolation_forest,123,6488647595427,6489215594901,75.975175783,between_cues,0.3772415800353037,0.4833547401595273,0
isolation_forest_awaiting_call_02,isolation_forest,124,6489220222984,6489833244181,76.592825063,between_cues,0.37307524524837765,0.4833547401595273,0
isolation_forest_awaiting_call_02,isolation_forest,125,6489839478175,6490451875666,77.211456548,between_cues,0.37531014377099786,0.4833547401595273,0
isolation_forest_awaiting_call_02,isolation_forest,126,6490455681266,6491068714091,77.828294973,between_cues,0.3748774285923341,0.4833547401595273,0
isolation_forest_awaiting_call_02,isolation_forest,127,6491076696089,6491685819720,78.445400602,between_cues,0.37563467672072437,0.4833547401595273,0
isolation_forest_awaiting_call_02,isolation_forest,128,6491691804769,6492303339885,79.062920767,between_cues,0.3753362154084192,0.4833547401595273,0
isolation_forest_awaiting_call_02,isolation_forest,129,6492314875464,6492921383699,79.680964581,between_cues,0.36833261899360825,0.4833547401595273,0
isolation_forest_awaiting_call_02,isolation_forest,130,6492927275545,6493540062310,80.299643192,between_cues,0.37797035058565964,0.4833547401595273,0
isolation_forest_awaiting_call_02,isolation_forest,131,6493546321231,6494157358177,80.916939059,between_cues,0.37057204497618973,0.4833547401595273,0
isolation_forest_awaiting_call_02,isolation_forest,132,6494164414636,6494775399489,81.534980371,between_cues,0.3747556300790841,0.4833547401595273,0
isolation_forest_awaiting_call_02,isolation_forest,133,6494779494238,6495392316112,82.151896994,between_cues,0.3774335044413768,0.4833547401595273,0
isolation_forest_awaiting_call_02,isolation_forest,134,6495397315845,6496010103459,82.769684341,between_cues,0.3710270082628962,0.4833547401595273,0
isolation_forest_awaiting_call_02,isolation_forest,135,6496016049620,6496627477601,83.387058483,between_cues,0.36773211875040834,0.4833547401595273,0
isolation_forest_awaiting_call_02,isolation_forest,136,6496638439105,6497246093152,84.005674034,between_cues,0.3778885376310012,0.4833547401595273,0
isolation_forest_awaiting_call_02,isolation_forest,137,6497255929746,6497863075810,84.622656692,straddling,0.3717464695897146,0.4833547401595273,0
isolation_forest_awaiting_call_02,isolation_forest,138,6497866960614,6498480582338,85.24016322,post_cue,0.36817787497994037,0.4833547401595273,0
isolation_forest_awaiting_call_02,isolation_forest,139,6498486243998,6499097489531,85.857070413,post_cue,0.3740389096410105,0.4833547401595273,0
isolation_forest_awaiting_call_02,isolation_forest,140,6499105444825,6499716106264,86.475687146,post_cue,0.37263776519554853,0.4833547401595273,0
isolation_forest_awaiting_call_02,isolation_forest,141,6499720301032,6500333288919,87.092869801,post_cue,0.37124746407231385,0.4833547401595273,0
isolation_forest_awaiting_call_02,isolation_forest,142,6500339007635,6500950400463,87.709981345,post_cue,0.3774816124867497,0.4833547401595273,0
isolation_forest_awaiting_call_02,isolation_forest,143,6500957699367,6501568857341,88.328438223,post_cue,0.3736971737564008,0.4833547401595273,0
isolation_forest_awaiting_call_02,isolation_forest,144,6501574739372,6502185704308,88.94528519,post_cue,0.37162576187501856,0.4833547401595273,0
isolation_forest_awaiting_call_02,isolation_forest,145,6502191674376,6502804605779,89.564186661,post_cue,0.3797125267630266,0.4833547401595273,0
isolation_forest_awaiting_call_02,isolation_forest,146,6502809732327,6503422137598,90.18171848,post_cue,0.37525935152535034,0.4833547401595273,0
isolation_forest_awaiting_call_02,isolation_forest,147,6503426746163,6504039165082,90.798745964,post_cue,0.3692424040250193,0.4833547401595273,0
isolation_forest_awaiting_call_02,isolation_forest,148,6504047598544,6504656324584,91.415905466,post_cue,0.37052588334575043,0.4833547401595273,0
isolation_forest_awaiting_call_02,isolation_forest,149,6504666780272,6505274208142,92.033789024,post_cue,0.37109611558274,0.4833547401595273,0
isolation_forest_awaiting_call_02,isolation_forest,150,6505281697305,6505892954053,92.652534935,post_cue,0.3730143909590373,0.4833547401595273,0
isolation_forest_awaiting_call_02,isolation_forest,151,6505897286525,6506509421255,93.269002137,post_cue,0.37729936218516813,0.4833547401595273,0
isolation_forest_awaiting_call_02,isolation_forest,152,6506515756990,6507127989701,93.887570583,post_cue,0.3711223848617743,0.4833547401595273,0
isolation_forest_awaiting_call_02,isolation_forest,153,6507134458011,6507745942775,94.505523657,post_cue,0.3726391366059403,0.4833547401595273,0
isolation_forest_awaiting_call_02,isolation_forest,154,6507750504099,6508362423864,95.122004746,post_cue,0.3777926670092248,0.4833547401595273,0
isolation_forest_awaiting_call_02,isolation_forest,155,6508368669173,6508981053382,95.740634264,post_cue,0.37749284087008106,0.4833547401595273,0
isolation_forest_awaiting_call_02,isolation_forest,156,6508986034022,6509598398064,96.357978946,post_cue,0.37137564054555794,0.4833547401595273,0
isolation_forest_awaiting_call_02,isolation_forest,157,6509607129230,6510216405153,96.975986035,post_cue,0.36973567359204446,0.4833547401595273,0
isolation_forest_awaiting_call_02,isolation_forest,158,6510220905681,6510835032725,97.594613607,post_cue,0.3724413317740538,0.4833547401595273,0
isolation_forest_awaiting_call_02,isolation_forest,159,6510839719679,6511451638384,98.211219266,post_cue,0.3726967434325434,0.4833547401595273,0
isolation_forest_awaiting_call_02,isolation_forest,160,6511456419209,6512069775676,98.829356558,post_cue,0.37561600663737,0.4833547401595273,0
isolation_forest_awaiting_call_02,isolation_forest,161,6512076306707,6512686058111,99.445638993,post_cue,0.3758263258805314,0.4833547401595273,0
isolation_forest_awaiting_call_02,isolation_forest,162,6512695534908,6513305620533,100.065201415,post_cue,0.3718820496310032,0.4833547401595273,0
isolation_forest_awaiting_call_02,isolation_forest,163,6513310037949,6513921349188,100.68093007,post_cue,0.3740760321367581,0.4833547401595273,0
isolation_forest_awaiting_call_02,isolation_forest,164,6513926450013,6514540532608,101.30011349,post_cue,0.37724558161731775,0.4833547401595273,0
isolation_forest_awaiting_call_02,isolation_forest,165,6514546213360,6515158478766,101.918059648,post_cue,0.3775075216861834,0.4833547401595273,0
isolation_forest_awaiting_call_02,isolation_forest,166,6515162077958,6515774964420,102.534545302,post_cue,0.3771272687375758,0.4833547401595273,0
isolation_forest_awaiting_call_02,isolation_forest,167,6515780883969,6516392079574,103.151660456,post_cue,0.37599437313455325,0.4833547401595273,0
isolation_forest_awaiting_call_02,isolation_forest,168,6516397940420,6517010232842,103.769813724,post_cue,0.377367633754914,0.4833547401595273,0
isolation_forest_awaiting_call_02,isolation_forest,169,6517016213946,6517627474088,104.38705497,post_cue,0.3716953091078159,0.4833547401595273,0
isolation_forest_awaiting_call_02,isolation_forest,170,6517634534435,6518245207223,105.004788105,post_cue,0.3781791254064715,0.4833547401595273,0
isolation_forest_awaiting_call_02,isolation_forest,171,6518251388865,6518864504898,105.62408578,post_cue,0.37668238544048344,0.4833547401595273,0
isolation_forest_awaiting_call_02,isolation_forest,172,6518868695462,6519481403659,106.240984541,post_cue,0.3752684974237914,0.4833547401595273,0
isolation_forest_awaiting_call_02,isolation_forest,173,6519486647355,6520098504661,106.858085543,post_cue,0.3760791797462734,0.4833547401595273,0
isolation_forest_awaiting_call_02,isolation_forest,174,6520107144216,6520716950480,107.476531362,post_cue,0.373881042981241,0.4833547401595273,0
isolation_forest_awaiting_call_02,isolation_forest,175,6520721462378,6521333941740,108.093522622,post_cue,0.376937983215437,0.4833547401595273,0
isolation_forest_awaiting_call_02,isolation_forest,176,6521339643140,6521952645891,108.712226773,post_cue,0.37390494730770446,0.4833547401595273,0
isolation_forest_awaiting_call_02,isolation_forest,177,6521957284419,6522569178038,109.32875892,post_cue,0.3754889171252573,0.4833547401595273,0
isolation_forest_awaiting_call_02,isolation_forest,178,6522576248626,6523186750704,109.946331586,post_cue,0.3830005732439614,0.4833547401595273,0
isolation_forest_awaiting_call_02,isolation_forest,179,6523194064867,6523805529187,110.565110069,post_cue,0.37518949565989757,0.4833547401595273,0
isolation_forest_awaiting_call_02,isolation_forest,180,6523809827177,6524421749386,111.181330268,post_cue,0.37651609078273357,0.4833547401595273,0
isolation_forest_awaiting_call_02,isolation_forest,181,6524427546527,6525039255272,111.798836154,post_cue,0.37790480364339446,0.4833547401595273,0
isolation_forest_awaiting_call_02,isolation_forest,182,6525047529974,6525657674882,112.417255764,post_cue,0.36960395806383595,0.4833547401595273,0
isolation_forest_awaiting_call_02,isolation_forest,183,6525667298882,6526276269879,113.035850761,post_cue,0.37354541757691717,0.4833547401595273,0
isolation_forest_awaiting_call_02,isolation_forest,184,6526281385538,6526893227855,113.652808737,post_cue,0.37134144296745797,0.4833547401595273,0
isolation_forest_awaiting_call_02,isolation_forest,185,6526897863068,6527510593127,114.270174009,post_cue,0.37211897848602316,0.4833547401595273,0
isolation_forest_awaiting_call_02,isolation_forest,186,6527521162019,6528128365084,114.887945966,post_cue,0.3752829949414458,0.4833547401595273,0
isolation_forest_awaiting_call_02,isolation_forest,187,6528132688556,6528746797190,115.506378072,post_cue,0.3733926816052435,0.4833547401595273,0
isolation_forest_awaiting_call_02,isolation_forest,188,6528750978569,6529364020182,116.123601064,post_cue,0.3689549723308433,0.4833547401595273,0
isolation_forest_awaiting_call_02,isolation_forest,189,6529368746321,6529981443210,116.741024092,post_cue,0.38185244375747124,0.4833547401595273,0
isolation_forest_awaiting_call_02,isolation_forest,190,6529987533963,6530599636407,117.359217289,post_cue,0.3732420212959607,0.4833547401595273,0
isolation_forest_awaiting_call_02,isolation_forest,191,6530606374494,6531216277617,117.975858499,post_cue,0.3769703656959973,0.4833547401595273,0
isolation_forest_awaiting_call_02,isolation_forest,192,6531225350543,6531834611312,118.594192194,post_cue,0.3739680784983981,0.4833547401595273,0
isolation_forest_awaiting_call_02,isolation_forest,193,6531839258729,6532452103523,119.211684405,post_cue,0.37192685175289664,0.4833547401595273,0
isolation_forest_awaiting_call_02,isolation_forest,194,6532457554219,6533070226216,119.829807098,post_cue,0.36990525190686396,0.4833547401595273,0
isolation_forest_awaiting_call_02,isolation_forest,195,6533075001115,6533687669185,120.447250067,post_cue,0.3726877501888968,0.4833547401595273,0
isolation_forest_awaiting_call_02,isolation_forest,196,6533691962064,6534303884021,121.063464903,post_cue,0.37588566755707664,0.4833547401595273,0
isolation_forest_awaiting_call_02,tflite_autoencoder,1,6413252514812,6413864940514,0.624521396,pre_cue,0.18676936135905484,0.47720259914362284,0
isolation_forest_awaiting_call_02,tflite_autoencoder,2,6413874596110,6414483288118,1.242869,pre_cue,0.18767935065853317,0.47720259914362284,0
isolation_forest_awaiting_call_02,tflite_autoencoder,3,6414491233839,6415101612554,1.861193436,pre_cue,0.1838587930819425,0.47720259914362284,0
isolation_forest_awaiting_call_02,tflite_autoencoder,4,6415105797248,6415718173041,2.477753923,pre_cue,0.1993730129239696,0.47720259914362284,0
isolation_forest_awaiting_call_02,tflite_autoencoder,5,6415723553034,6416335742306,3.095323188,pre_cue,0.17574126824809108,0.47720259914362284,0
isolation_forest_awaiting_call_02,tflite_autoencoder,6,6416343969695,6416953424831,3.713005713,pre_cue,0.17828190073865743,0.47720259914362284,0
isolation_forest_awaiting_call_02,tflite_autoencoder,7,6416961120903,6417571408855,4.330989737,pre_cue,0.20990885665854483,0.47720259914362284,0
isolation_forest_awaiting_call_02,tflite_autoencoder,8,6417575240956,6418188991507,4.948572389,pre_cue,0.17701303309155966,0.47720259914362284,0
isolation_forest_awaiting_call_02,tflite_autoencoder,9,6418192913497,6418806983345,5.566564227,pre_cue,0.17346144442493175,0.47720259914362284,0
isolation_forest_awaiting_call_02,tflite_autoencoder,10,6418812361801,6419424253124,6.183834006,pre_cue,0.18405285349904796,0.47720259914362284,0
isolation_forest_awaiting_call_02,tflite_autoencoder,11,6419430412304,6420040771438,6.80035232,pre_cue,0.1869422841004115,0.47720259914362284,0
isolation_forest_awaiting_call_02,tflite_autoencoder,12,6420046674673,6420658925329,7.418506211,pre_cue,0.18102809021360736,0.47720259914362284,0
isolation_forest_awaiting_call_02,tflite_autoencoder,13,6420663682561,6421277459015,8.037039897,pre_cue,0.16965137210975975,0.47720259914362284,0
isolation_forest_awaiting_call_02,tflite_autoencoder,14,6421283358102,6421894930773,8.654511655,pre_cue,0.19411221060846096,0.47720259914362284,0
isolation_forest_awaiting_call_02,tflite_autoencoder,15,6421899332635,6422512965587,9.272546469,pre_cue,0.19330315957942545,0.47720259914362284,0
isolation_forest_awaiting_call_02,tflite_autoencoder,16,6422517444541,6423130346435,9.889927317,pre_cue,0.18857505235404545,0.47720259914362284,0
isolation_forest_awaiting_call_02,tflite_autoencoder,17,6423134650037,6423746683559,10.506264441,pre_cue,0.17262580329517854,0.47720259914362284,0
isolation_forest_awaiting_call_02,tflite_autoencoder,18,6423755123892,6424363967072,11.123547954,pre_cue,0.18230506560091442,0.47720259914362284,0
isolation_forest_awaiting_call_02,tflite_autoencoder,19,6424379130550,6424981948789,11.741529671,pre_cue,0.17724265887984578,0.47720259914362284,0
isolation_forest_awaiting_call_02,tflite_autoencoder,20,6424987820635,6425599831098,12.35941198,pre_cue,0.17683494905566968,0.47720259914362284,0
isolation_forest_awaiting_call_02,tflite_autoencoder,21,6425605960834,6426218284945,12.977865827,pre_cue,0.18603634120282245,0.47720259914362284,0
isolation_forest_awaiting_call_02,tflite_autoencoder,22,6426223198918,6426834424026,13.594004908,pre_cue,0.19203060847748551,0.47720259914362284,0
isolation_forest_awaiting_call_02,tflite_autoencoder,23,6426842150265,6427453994133,14.213575015,pre_cue,0.19396729155441092,0.47720259914362284,0
isolation_forest_awaiting_call_02,tflite_autoencoder,24,6427457996178,6428070286472,14.829867354,pre_cue,0.17395605280423077,0.47720259914362284,0
isolation_forest_awaiting_call_02,tflite_autoencoder,25,6428076510134,6428688892778,15.44847366,pre_cue,0.19146460616433184,0.47720259914362284,0
isolation_forest_awaiting_call_02,tflite_autoencoder,26,6428693312825,6429306210173,16.065791055,pre_cue,0.17494767235290265,0.47720259914362284,0
isolation_forest_awaiting_call_02,tflite_autoencoder,27,6429311504703,6429923596605,16.683177487,pre_cue,0.19645967439533685,0.47720259914362284,0
isolation_forest_awaiting_call_02,tflite_autoencoder,28,6429934106961,6430541860353,17.301441235,pre_cue,0.21170831454760208,0.47720259914362284,0
isolation_forest_awaiting_call_02,tflite_autoencoder,29,6430545906417,6431158983134,17.918564016,pre_cue,0.16961801249207356,0.47720259914362284,0
isolation_forest_awaiting_call_02,tflite_autoencoder,30,6431164325053,6431775256357,18.534837239,pre_cue,0.20349792316276746,0.47720259914362284,0
isolation_forest_awaiting_call_02,tflite_autoencoder,31,6431783023300,6432394096899,19.153677781,pre_cue,0.1742840396979138,0.47720259914362284,0
isolation_forest_awaiting_call_02,tflite_autoencoder,32,6432398766891,6433010797399,19.770378281,pre_cue,0.18141410036528025,0.47720259914362284,0
isolation_forest_awaiting_call_02,tflite_autoencoder,33,6433017386784,6433629325050,20.388905932,pre_cue,0.20114924796024525,0.47720259914362284,0
isolation_forest_awaiting_call_02,tflite_autoencoder,34,6433634299265,6434246592494,21.006173376,pre_cue,0.17201401351951814,0.47720259914362284,0
isolation_forest_awaiting_call_02,tflite_autoencoder,35,6434250467040,6434865041773,21.624622655,pre_cue,0.19170915331461721,0.47720259914362284,0
isolation_forest_awaiting_call_02,tflite_autoencoder,36,6434868785244,6435480906250,22.240487132,pre_cue,0.17860017766781233,0.47720259914362284,0
isolation_forest_awaiting_call_02,tflite_autoencoder,37,6435487733950,6436099798380,22.859379262,pre_cue,0.17439762685936433,0.47720259914362284,0
isolation_forest_awaiting_call_02,tflite_autoencoder,38,6436103632981,6436717343951,23.476924833,pre_cue,0.17097025842757496,0.47720259914362284,0
isolation_forest_awaiting_call_02,tflite_autoencoder,39,6436723062945,6437334495334,24.094076216,pre_cue,0.16827225242856989,0.47720259914362284,0
isolation_forest_awaiting_call_02,tflite_autoencoder,40,6437342923593,6437951924792,24.711505674,pre_cue,0.18461270566726765,0.47720259914362284,0
isolation_forest_awaiting_call_02,tflite_autoencoder,41,6437957863990,6438570660845,25.330241727,pre_cue,0.17778047501327668,0.47720259914362284,0
isolation_forest_awaiting_call_02,tflite_autoencoder,42,6438574690890,6439187395836,25.946976718,pre_cue,0.15844139322112868,0.47720259914362284,0
isolation_forest_awaiting_call_02,tflite_autoencoder,43,6439193607868,6439805845275,26.565426157,pre_cue,0.19698397936669862,0.47720259914362284,0
isolation_forest_awaiting_call_02,tflite_autoencoder,44,6439812237604,6440422859543,27.182440425,pre_cue,0.1831161000647601,0.47720259914362284,0
isolation_forest_awaiting_call_02,tflite_autoencoder,45,6440427987295,6441039483958,27.79906484,pre_cue,0.18791936975438328,0.47720259914362284,0
isolation_forest_awaiting_call_02,tflite_autoencoder,46,6441045856972,6441656820763,28.416401645,pre_cue,0.19850173333469825,0.47720259914362284,0
isolation_forest_awaiting_call_02,tflite_autoencoder,47,6441663787759,6442275015957,29.034596839,pre_cue,0.19574920406503585,0.47720259914362284,0
isolation_forest_awaiting_call_02,tflite_autoencoder,48,6442281872916,6442892073389,29.651654271,pre_cue,0.16283598310446715,0.47720259914362284,0
isolation_forest_awaiting_call_02,tflite_autoencoder,49,6442898209606,6443509864673,30.269445555,pre_cue,0.18588415612495432,0.47720259914362284,0
isolation_forest_awaiting_call_02,tflite_autoencoder,50,6443516830207,6444128026439,30.887607321,pre_cue,0.18021340908277228,0.47720259914362284,0
isolation_forest_awaiting_call_02,tflite_autoencoder,51,6444133905544,6444745709758,31.50529064,pre_cue,0.17510968930150858,0.47720259914362284,0
isolation_forest_awaiting_call_02,tflite_autoencoder,52,6444753835017,6445363373188,32.12295407,pre_cue,0.17588221229443635,0.47720259914362284,0
isolation_forest_awaiting_call_02,tflite_autoencoder,53,6445367992105,6445981597729,32.741178611,pre_cue,0.19463786647292144,0.47720259914362284,0
isolation_forest_awaiting_call_02,tflite_autoencoder,54,6445986515888,6446599466510,33.359047392,pre_cue,0.19153843314831284,0.47720259914362284,0
isolation_forest_awaiting_call_02,tflite_autoencoder,55,6446603850982,6447216194935,33.975775817,pre_cue,0.1824079446372006,0.47720259914362284,0
isolation_forest_awaiting_call_02,tflite_autoencoder,56,6447225947697,6447833272675,34.592853557,pre_cue,0.19527612503895053,0.47720259914362284,0
isolation_forest_awaiting_call_02,tflite_autoencoder,57,6447840547617,6448451815640,35.211396522,pre_cue,0.20406404550184817,0.47720259914362284,0
isolation_forest_awaiting_call_02,tflite_autoencoder,58,6448459514119,6449069142786,35.828723668,pre_cue,0.18624645753836275,0.47720259914362284,0
isolation_forest_awaiting_call_02,tflite_autoencoder,59,6449074118500,6449686320542,36.445901424,pre_cue,0.19193847373813944,0.47720259914362284,0
isolation_forest_awaiting_call_02,tflite_autoencoder,60,6449695625729,6450304238910,37.063819792,pre_cue,0.18001672853616224,0.47720259914362284,0
isolation_forest_awaiting_call_02,tflite_autoencoder,61,6450309136495,6450922653519,37.682234401,pre_cue,0.17098541123135172,0.47720259914362284,0
isolation_forest_awaiting_call_02,tflite_autoencoder,62,6450927062696,6451539663791,38.299244673,pre_cue,0.18972382747717256,0.47720259914362284,0
isolation_forest_awaiting_call_02,tflite_autoencoder,63,6451544353394,6452157979843,38.917560725,pre_cue,0.17162144719555528,0.47720259914362284,0
isolation_forest_awaiting_call_02,tflite_autoencoder,64,6452164856895,6452774343390,39.533924272,pre_cue,0.17045473539580058,0.47720259914362284,0
isolation_forest_awaiting_call_02,tflite_autoencoder,65,6452783626299,6453393379608,40.15296049,pre_cue,0.17488866997709032,0.47720259914362284,0
isolation_forest_awaiting_call_02,tflite_autoencoder,66,6453399566881,6454010209636,40.769790518,pre_cue,0.20454939731202212,0.47720259914362284,0
isolation_forest_awaiting_call_02,tflite_autoencoder,67,6454016325779,6454628611685,41.388192567,pre_cue,0.1924869288965905,0.47720259914362284,0
isolation_forest_awaiting_call_02,tflite_autoencoder,68,6454634108308,6455245423321,42.005004203,pre_cue,0.19357053459774262,0.47720259914362284,0
isolation_forest_awaiting_call_02,tflite_autoencoder,69,6455253585413,6455863857535,42.623438417,pre_cue,0.1596551793569668,0.47720259914362284,0
isolation_forest_awaiting_call_02,tflite_autoencoder,70,6455867796322,6456480122207,43.239703089,pre_cue,0.18617818898086114,0.47720259914362284,0
isolation_forest_awaiting_call_02,tflite_autoencoder,71,6456486141053,6457097857825,43.857438707,pre_cue,0.17970924075352931,0.47720259914362284,0
isolation_forest_awaiting_call_02,tflite_autoencoder,72,6457105888157,6457716113091,44.475693973,pre_cue,0.18775970551909885,0.47720259914362284,0
isolation_forest_awaiting_call_02,tflite_autoencoder,73,6457723421496,6458333872467,45.093453349,pre_cue,0.19069240497962361,0.47720259914362284,0
isolation_forest_awaiting_call_02,tflite_autoencoder,74,6458339877258,6458952046269,45.711627151,pre_cue,0.19834380036249044,0.47720259914362284,0
isolation_forest_awaiting_call_02,tflite_autoencoder,75,6458956950520,6459569905236,46.329486118,pre_cue,0.17962171224579038,0.47720259914362284,0
isolation_forest_awaiting_call_02,tflite_autoencoder,76,6459575682193,6460187518553,46.947099435,pre_cue,0.20447663442744282,0.47720259914362284,0
isolation_forest_awaiting_call_02,tflite_autoencoder,77,6460194337345,6460804765202,47.564346084,straddling,0.17920033631577326,0.47720259914362284,0
isolation_forest_awaiting_call_02,tflite_autoencoder,78,6460809706491,6461422566315,48.182147197,between_cues,0.1892662058386764,0.47720259914362284,0
isolation_forest_awaiting_call_02,tflite_autoencoder,79,6461426533509,6462039350276,48.798931158,between_cues,0.18786524020372278,0.47720259914362284,0
isolation_forest_awaiting_call_02,tflite_autoencoder,80,6462043998879,6462657010443,49.416591325,between_cues,0.19742934967843304,0.47720259914362284,0
isolation_forest_awaiting_call_02,tflite_autoencoder,81,6462664472848,6463276404834,50.035985716,between_cues,0.19537484514632053,0.47720259914362284,0
isolation_forest_awaiting_call_02,tflite_autoencoder,82,6463286265818,6463893192108,50.65277299,between_cues,0.1753209797038656,0.47720259914362284,0
isolation_forest_awaiting_call_02,tflite_autoencoder,83,6463897850896,6464510203326,51.269784208,between_cues,0.17253343177863587,0.47720259914362284,0
isolation_forest_awaiting_call_02,tflite_autoencoder,84,6464518387028,6465128952713,51.888533595,between_cues,0.19210203823148042,0.47720259914362284,0
isolation_forest_awaiting_call_02,tflite_autoencoder,85,6465179047079,6465745653559,52.505234441,between_cues,0.1910985296745095,0.47720259914362284,0
isolation_forest_awaiting_call_02,tflite_autoencoder,86,6465753628113,6466363452258,53.12303314,between_cues,0.18378108215645175,0.47720259914362284,0
isolation_forest_awaiting_call_02,tflite_autoencoder,87,6466369746993,6466980536454,53.740117336,between_cues,0.18973035724053608,0.47720259914362284,0
isolation_forest_awaiting_call_02,tflite_autoencoder,88,6466987181616,6467598369781,54.357950663,between_cues,0.18766389623097743,0.47720259914362284,0
isolation_forest_awaiting_call_02,tflite_autoencoder,89,6467604448516,6468216988535,54.976569417,between_cues,0.1875701132032622,0.47720259914362284,0
isolation_forest_awaiting_call_02,tflite_autoencoder,90,6468222613139,6468834112414,55.593693296,between_cues,0.1825496092202258,0.47720259914362284,0
isolation_forest_awaiting_call_02,tflite_autoencoder,91,6468841260448,6469451713090,56.211293972,between_cues,0.1902710628118395,0.47720259914362284,0
isolation_forest_awaiting_call_02,tflite_autoencoder,92,6469458273215,6470070158304,56.829739186,between_cues,0.1833412565997108,0.47720259914362284,0
isolation_forest_awaiting_call_02,tflite_autoencoder,93,6470074564183,6470687289959,57.446870841,between_cues,1.2440252898024338,0.47720259914362284,1
isolation_forest_awaiting_call_02,tflite_autoencoder,94,6470693190545,6471304531483,58.064112365,between_cues,4.098136102479126,0.47720259914362284,1
isolation_forest_awaiting_call_02,tflite_autoencoder,95,6471312645593,6471922426842,58.682007724,between_cues,0.2060517995092748,0.47720259914362284,0
isolation_forest_awaiting_call_02,tflite_autoencoder,96,6471927427537,6472540535885,59.300116767,between_cues,0.16374773938916057,0.47720259914362284,0
isolation_forest_awaiting_call_02,tflite_autoencoder,97,6472547305566,6473157110184,59.916691066,between_cues,0.25444984372196355,0.47720259914362284,0
isolation_forest_awaiting_call_02,tflite_autoencoder,98,6473164643125,6473775921672,60.535502554,between_cues,4.642034095212504,0.47720259914362284,1
isolation_forest_awaiting_call_02,tflite_autoencoder,99,6473783250483,6474391886560,61.151467442,between_cues,1.320412394579816,0.47720259914362284,1
isolation_forest_awaiting_call_02,tflite_autoencoder,100,6474397448479,6475010530379,61.770111261,between_cues,0.20505258349689104,0.47720259914362284,0
isolation_forest_awaiting_call_02,tflite_autoencoder,101,6475016382428,6475628060954,62.387641836,between_cues,0.19032138497292195,0.47720259914362284,0
isolation_forest_awaiting_call_02,tflite_autoencoder,102,6475633965300,6476246056363,63.005637245,between_cues,3.404393226436279,0.47720259914362284,1
isolation_forest_awaiting_call_02,tflite_autoencoder,103,6476253489156,6476862710157,63.622291039,between_cues,2.6378267517003127,0.47720259914362284,1
isolation_forest_awaiting_call_02,tflite_autoencoder,104,6476872809086,6477480710991,64.240291873,between_cues,0.205553034328157,0.47720259914362284,0
isolation_forest_awaiting_call_02,tflite_autoencoder,105,6477489587454,6478098592341,64.858173223,between_cues,0.22836977359881439,0.47720259914362284,0
isolation_forest_awaiting_call_02,tflite_autoencoder,106,6478113152872,6478715517449,65.475098331,between_cues,2.2533031455142014,0.47720259914362284,1
isolation_forest_awaiting_call_02,tflite_autoencoder,107,6478727623678,6479334438151,66.094019033,between_cues,3.9081352187496257,0.47720259914362284,1
isolation_forest_awaiting_call_02,tflite_autoencoder,108,6479347665216,6479951612480,66.711193362,between_cues,0.220462975169634,0.47720259914362284,0
isolation_forest_awaiting_call_02,tflite_autoencoder,109,6479959884016,6480569182864,67.328763746,between_cues,0.19058349362250482,0.47720259914362284,0
isolation_forest_awaiting_call_02,tflite_autoencoder,110,6480573884337,6481187262137,67.946843019,between_cues,0.20501279500955624,0.47720259914362284,0
isolation_forest_awaiting_call_02,tflite_autoencoder,111,6481195967951,6481804732001,68.564312883,between_cues,0.697886445055704,0.47720259914362284,1
isolation_forest_awaiting_call_02,tflite_autoencoder,112,6481810134160,6482422008511,69.181589393,between_cues,0.18221606090018896,0.47720259914362284,0
isolation_forest_awaiting_call_02,tflite_autoencoder,113,6482431915625,6483040528191,69.800109073,between_cues,0.1780903991103476,0.47720259914362284,0
isolation_forest_awaiting_call_02,tflite_autoencoder,114,6483046825667,6483656425660,70.416006542,between_cues,0.18976446838722674,0.47720259914362284,0
isolation_forest_awaiting_call_02,tflite_autoencoder,115,6483662202987,6484274263651,71.033844533,between_cues,0.20042032158482867,0.47720259914362284,0
isolation_forest_awaiting_call_02,tflite_autoencoder,116,6484280571145,6484892463123,71.652044005,between_cues,0.1976251687297458,0.47720259914362284,0
isolation_forest_awaiting_call_02,tflite_autoencoder,117,6484899192304,6485510333520,72.269914402,between_cues,0.1824934339475652,0.47720259914362284,0
isolation_forest_awaiting_call_02,tflite_autoencoder,118,6485516130125,6486127408415,72.886989297,between_cues,0.18991738287854285,0.47720259914362284,0
isolation_forest_awaiting_call_02,tflite_autoencoder,119,6486134669393,6486745370922,73.504951804,between_cues,0.19481080522252303,0.47720259914362284,0
isolation_forest_awaiting_call_02,tflite_autoencoder,120,6486752333233,6487362867204,74.122448086,between_cues,0.17771754983678414,0.47720259914362284,0
isolation_forest_awaiting_call_02,tflite_autoencoder,121,6487372565688,6487981618248,74.74119913,between_cues,0.19009044722939908,0.47720259914362284,0
isolation_forest_awaiting_call_02,tflite_autoencoder,122,6487997698226,6488598381139,75.357962021,between_cues,0.20632890840376117,0.47720259914362284,0
isolation_forest_awaiting_call_02,tflite_autoencoder,123,6488647595427,6489215594901,75.975175783,between_cues,0.18903149829762025,0.47720259914362284,0
isolation_forest_awaiting_call_02,tflite_autoencoder,124,6489220222984,6489833244181,76.592825063,between_cues,0.17842467236934567,0.47720259914362284,0
isolation_forest_awaiting_call_02,tflite_autoencoder,125,6489839478175,6490451875666,77.211456548,between_cues,0.19686501059666264,0.47720259914362284,0
isolation_forest_awaiting_call_02,tflite_autoencoder,126,6490455681266,6491068714091,77.828294973,between_cues,0.21103741609378565,0.47720259914362284,0
isolation_forest_awaiting_call_02,tflite_autoencoder,127,6491076696089,6491685819720,78.445400602,between_cues,0.2031428644140032,0.47720259914362284,0
isolation_forest_awaiting_call_02,tflite_autoencoder,128,6491691804769,6492303339885,79.062920767,between_cues,0.18842356868477625,0.47720259914362284,0
isolation_forest_awaiting_call_02,tflite_autoencoder,129,6492314875464,6492921383699,79.680964581,between_cues,0.18135924749645693,0.47720259914362284,0
isolation_forest_awaiting_call_02,tflite_autoencoder,130,6492927275545,6493540062310,80.299643192,between_cues,0.18407985255050838,0.47720259914362284,0
isolation_forest_awaiting_call_02,tflite_autoencoder,131,6493546321231,6494157358177,80.916939059,between_cues,0.16078113091005738,0.47720259914362284,0
isolation_forest_awaiting_call_02,tflite_autoencoder,132,6494164414636,6494775399489,81.534980371,between_cues,0.2061094180908094,0.47720259914362284,0
isolation_forest_awaiting_call_02,tflite_autoencoder,133,6494779494238,6495392316112,82.151896994,between_cues,0.20743136907063828,0.47720259914362284,0
isolation_forest_awaiting_call_02,tflite_autoencoder,134,6495397315845,6496010103459,82.769684341,between_cues,0.20053978841170897,0.47720259914362284,0
isolation_forest_awaiting_call_02,tflite_autoencoder,135,6496016049620,6496627477601,83.387058483,between_cues,0.17528556309451424,0.47720259914362284,0
isolation_forest_awaiting_call_02,tflite_autoencoder,136,6496638439105,6497246093152,84.005674034,between_cues,0.18534001722670687,0.47720259914362284,0
isolation_forest_awaiting_call_02,tflite_autoencoder,137,6497255929746,6497863075810,84.622656692,straddling,0.19668068343505096,0.47720259914362284,0
isolation_forest_awaiting_call_02,tflite_autoencoder,138,6497866960614,6498480582338,85.24016322,post_cue,0.16853846670761022,0.47720259914362284,0
isolation_forest_awaiting_call_02,tflite_autoencoder,139,6498486243998,6499097489531,85.857070413,post_cue,0.18524530312439058,0.47720259914362284,0
isolation_forest_awaiting_call_02,tflite_autoencoder,140,6499105444825,6499716106264,86.475687146,post_cue,0.17076318179995642,0.47720259914362284,0
isolation_forest_awaiting_call_02,tflite_autoencoder,141,6499720301032,6500333288919,87.092869801,post_cue,0.179251888327331,0.47720259914362284,0
isolation_forest_awaiting_call_02,tflite_autoencoder,142,6500339007635,6500950400463,87.709981345,post_cue,0.17384951308013563,0.47720259914362284,0
isolation_forest_awaiting_call_02,tflite_autoencoder,143,6500957699367,6501568857341,88.328438223,post_cue,0.18926844791781092,0.47720259914362284,0
isolation_forest_awaiting_call_02,tflite_autoencoder,144,6501574739372,6502185704308,88.94528519,post_cue,0.17614014033948658,0.47720259914362284,0
isolation_forest_awaiting_call_02,tflite_autoencoder,145,6502191674376,6502804605779,89.564186661,post_cue,0.18779750813280258,0.47720259914362284,0
isolation_forest_awaiting_call_02,tflite_autoencoder,146,6502809732327,6503422137598,90.18171848,post_cue,0.17971860276318452,0.47720259914362284,0
isolation_forest_awaiting_call_02,tflite_autoencoder,147,6503426746163,6504039165082,90.798745964,post_cue,0.1825211391967041,0.47720259914362284,0
isolation_forest_awaiting_call_02,tflite_autoencoder,148,6504047598544,6504656324584,91.415905466,post_cue,0.17973624328055848,0.47720259914362284,0
isolation_forest_awaiting_call_02,tflite_autoencoder,149,6504666780272,6505274208142,92.033789024,post_cue,0.1797680309301745,0.47720259914362284,0
isolation_forest_awaiting_call_02,tflite_autoencoder,150,6505281697305,6505892954053,92.652534935,post_cue,0.180020028963176,0.47720259914362284,0
isolation_forest_awaiting_call_02,tflite_autoencoder,151,6505897286525,6506509421255,93.269002137,post_cue,0.17647311165594756,0.47720259914362284,0
isolation_forest_awaiting_call_02,tflite_autoencoder,152,6506515756990,6507127989701,93.887570583,post_cue,0.18058110851193807,0.47720259914362284,0
isolation_forest_awaiting_call_02,tflite_autoencoder,153,6507134458011,6507745942775,94.505523657,post_cue,0.1767147363606784,0.47720259914362284,0
isolation_forest_awaiting_call_02,tflite_autoencoder,154,6507750504099,6508362423864,95.122004746,post_cue,0.21766345090902442,0.47720259914362284,0
isolation_forest_awaiting_call_02,tflite_autoencoder,155,6508368669173,6508981053382,95.740634264,post_cue,0.1875505319463334,0.47720259914362284,0
isolation_forest_awaiting_call_02,tflite_autoencoder,156,6508986034022,6509598398064,96.357978946,post_cue,0.19870362826283797,0.47720259914362284,0
isolation_forest_awaiting_call_02,tflite_autoencoder,157,6509607129230,6510216405153,96.975986035,post_cue,0.18247567222039032,0.47720259914362284,0
isolation_forest_awaiting_call_02,tflite_autoencoder,158,6510220905681,6510835032725,97.594613607,post_cue,0.1794962951304221,0.47720259914362284,0
isolation_forest_awaiting_call_02,tflite_autoencoder,159,6510839719679,6511451638384,98.211219266,post_cue,0.18912359347890906,0.47720259914362284,0
isolation_forest_awaiting_call_02,tflite_autoencoder,160,6511456419209,6512069775676,98.829356558,post_cue,0.17692995640324757,0.47720259914362284,0
isolation_forest_awaiting_call_02,tflite_autoencoder,161,6512076306707,6512686058111,99.445638993,post_cue,0.17630302673739462,0.47720259914362284,0
isolation_forest_awaiting_call_02,tflite_autoencoder,162,6512695534908,6513305620533,100.065201415,post_cue,0.18585620944814232,0.47720259914362284,0
isolation_forest_awaiting_call_02,tflite_autoencoder,163,6513310037949,6513921349188,100.68093007,post_cue,0.17760414906399524,0.47720259914362284,0
isolation_forest_awaiting_call_02,tflite_autoencoder,164,6513926450013,6514540532608,101.30011349,post_cue,0.18434855896431893,0.47720259914362284,0
isolation_forest_awaiting_call_02,tflite_autoencoder,165,6514546213360,6515158478766,101.918059648,post_cue,0.18550038126273183,0.47720259914362284,0
isolation_forest_awaiting_call_02,tflite_autoencoder,166,6515162077958,6515774964420,102.534545302,post_cue,0.18532144053008404,0.47720259914362284,0
isolation_forest_awaiting_call_02,tflite_autoencoder,167,6515780883969,6516392079574,103.151660456,post_cue,0.19928575340687674,0.47720259914362284,0
isolation_forest_awaiting_call_02,tflite_autoencoder,168,6516397940420,6517010232842,103.769813724,post_cue,0.19732150145786895,0.47720259914362284,0
isolation_forest_awaiting_call_02,tflite_autoencoder,169,6517016213946,6517627474088,104.38705497,post_cue,0.16560103140367932,0.47720259914362284,0
isolation_forest_awaiting_call_02,tflite_autoencoder,170,6517634534435,6518245207223,105.004788105,post_cue,0.19482459684637599,0.47720259914362284,0
isolation_forest_awaiting_call_02,tflite_autoencoder,171,6518251388865,6518864504898,105.62408578,post_cue,0.17312976939156718,0.47720259914362284,0
isolation_forest_awaiting_call_02,tflite_autoencoder,172,6518868695462,6519481403659,106.240984541,post_cue,0.17028438407199,0.47720259914362284,0
isolation_forest_awaiting_call_02,tflite_autoencoder,173,6519486647355,6520098504661,106.858085543,post_cue,0.19679069796387458,0.47720259914362284,0
isolation_forest_awaiting_call_02,tflite_autoencoder,174,6520107144216,6520716950480,107.476531362,post_cue,0.18033303944967535,0.47720259914362284,0
isolation_forest_awaiting_call_02,tflite_autoencoder,175,6520721462378,6521333941740,108.093522622,post_cue,0.18378641620299044,0.47720259914362284,0
isolation_forest_awaiting_call_02,tflite_autoencoder,176,6521339643140,6521952645891,108.712226773,post_cue,0.18731509353055684,0.47720259914362284,0
isolation_forest_awaiting_call_02,tflite_autoencoder,177,6521957284419,6522569178038,109.32875892,post_cue,0.2076990280367935,0.47720259914362284,0
isolation_forest_awaiting_call_02,tflite_autoencoder,178,6522576248626,6523186750704,109.946331586,post_cue,0.19260131169372877,0.47720259914362284,0
isolation_forest_awaiting_call_02,tflite_autoencoder,179,6523194064867,6523805529187,110.565110069,post_cue,0.17193164996590302,0.47720259914362284,0
isolation_forest_awaiting_call_02,tflite_autoencoder,180,6523809827177,6524421749386,111.181330268,post_cue,0.17560615395375953,0.47720259914362284,0
isolation_forest_awaiting_call_02,tflite_autoencoder,181,6524427546527,6525039255272,111.798836154,post_cue,0.1859012164810577,0.47720259914362284,0
isolation_forest_awaiting_call_02,tflite_autoencoder,182,6525047529974,6525657674882,112.417255764,post_cue,0.18279670498370373,0.47720259914362284,0
isolation_forest_awaiting_call_02,tflite_autoencoder,183,6525667298882,6526276269879,113.035850761,post_cue,0.16967764993231127,0.47720259914362284,0
isolation_forest_awaiting_call_02,tflite_autoencoder,184,6526281385538,6526893227855,113.652808737,post_cue,0.1750038818787392,0.47720259914362284,0
isolation_forest_awaiting_call_02,tflite_autoencoder,185,6526897863068,6527510593127,114.270174009,post_cue,0.17195609769513234,0.47720259914362284,0
isolation_forest_awaiting_call_02,tflite_autoencoder,186,6527521162019,6528128365084,114.887945966,post_cue,0.16338194027455546,0.47720259914362284,0
isolation_forest_awaiting_call_02,tflite_autoencoder,187,6528132688556,6528746797190,115.506378072,post_cue,0.17114794990723028,0.47720259914362284,0
isolation_forest_awaiting_call_02,tflite_autoencoder,188,6528750978569,6529364020182,116.123601064,post_cue,0.1847624636713987,0.47720259914362284,0
isolation_forest_awaiting_call_02,tflite_autoencoder,189,6529368746321,6529981443210,116.741024092,post_cue,0.197964216844727,0.47720259914362284,0
isolation_forest_awaiting_call_02,tflite_autoencoder,190,6529987533963,6530599636407,117.359217289,post_cue,0.16784684923381255,0.47720259914362284,0
isolation_forest_awaiting_call_02,tflite_autoencoder,191,6530606374494,6531216277617,117.975858499,post_cue,0.20075922504453084,0.47720259914362284,0
isolation_forest_awaiting_call_02,tflite_autoencoder,192,6531225350543,6531834611312,118.594192194,post_cue,0.19630216930955116,0.47720259914362284,0
isolation_forest_awaiting_call_02,tflite_autoencoder,193,6531839258729,6532452103523,119.211684405,post_cue,0.1929334239725525,0.47720259914362284,0
isolation_forest_awaiting_call_02,tflite_autoencoder,194,6532457554219,6533070226216,119.829807098,post_cue,0.1844431655177097,0.47720259914362284,0
isolation_forest_awaiting_call_02,tflite_autoencoder,195,6533075001115,6533687669185,120.447250067,post_cue,0.18554844321843525,0.47720259914362284,0
isolation_forest_awaiting_call_02,tflite_autoencoder,196,6533691962064,6534303884021,121.063464903,post_cue,0.16106886620751984,0.47720259914362284,0
rms_awaiting_call_01,rms,1,6589093043189,6589706012256,0.624721071,pre_cue,0.4469012596155998,1.296361072562011,0
rms_awaiting_call_01,rms,2,6589711456618,6590323146701,1.241855516,pre_cue,0.41779736025993114,1.296361072562011,0
rms_awaiting_call_01,rms,3,6590329694343,6590941702537,1.860411352,pre_cue,0.4268756749954967,1.296361072562011,0
rms_awaiting_call_01,rms,4,6590945999285,6591559222574,2.477931389,pre_cue,0.4318520437065207,1.296361072562011,0
rms_awaiting_call_01,rms,5,6591563436470,6592176409128,3.095117943,pre_cue,0.44252702937623434,1.296361072562011,0
rms_awaiting_call_01,rms,6,6592180825525,6592794271164,3.712979979,pre_cue,0.4423558818189236,1.296361072562011,0
rms_awaiting_call_01,rms,7,6592798564802,6593411215791,4.329924606,pre_cue,0.4489072915302694,1.296361072562011,0
rms_awaiting_call_01,rms,8,6593417380654,6594030003883,4.948712698,pre_cue,0.4327022214754862,1.296361072562011,0
rms_awaiting_call_01,rms,9,6594034182132,6594646067581,5.564776396,pre_cue,0.4521774370628988,1.296361072562011,0
rms_awaiting_call_01,rms,10,6594652736001,6595264047578,6.182756393,pre_cue,0.45503069441411353,1.296361072562011,0
rms_awaiting_call_01,rms,11,6595270394053,6595882190834,6.800899649,pre_cue,0.4591528768249577,1.296361072562011,0
rms_awaiting_call_01,rms,12,6595886409045,6596500503015,7.41921183,pre_cue,0.4336237682995348,1.296361072562011,0
rms_awaiting_call_01,rms,13,6596504906746,6597117112471,8.035821286,pre_cue,0.41536978035719757,1.296361072562011,0
rms_awaiting_call_01,rms,14,6597121505535,6597734350575,8.65305939,pre_cue,0.4223397488113111,1.296361072562011,0
rms_awaiting_call_01,rms,15,6597740441624,6598352420625,9.27112944,pre_cue,0.4345169210964528,1.296361072562011,0
rms_awaiting_call_01,rms,16,6598356756263,6598970207303,9.888916118,pre_cue,0.4391723758134479,1.296361072562011,0
rms_awaiting_call_01,rms,17,6598974567978,6599587317294,10.506026109,pre_cue,0.4282819800340916,1.296361072562011,0
rms_awaiting_call_01,rms,18,6599591666636,6600205124545,11.12383336,pre_cue,0.4384190695957713,1.296361072562011,0
rms_awaiting_call_01,rms,19,6600209410109,6600823697982,11.742406797,pre_cue,0.43967639819132787,1.296361072562011,0
rms_awaiting_call_01,rms,20,6600828122380,6601440570397,12.359279212,pre_cue,0.4434257465989873,1.296361072562011,0
rms_awaiting_call_01,rms,21,6601445005091,6602057433570,12.976142385,pre_cue,0.43346513063782993,1.296361072562011,0
rms_awaiting_call_01,rms,22,6602061930431,6602674977059,13.593685874,pre_cue,0.4464978898114768,1.296361072562011,0
rms_awaiting_call_01,rms,23,6602679830346,6603293845680,14.212554495,pre_cue,0.43605511276972875,1.296361072562011,0
rms_awaiting_call_01,rms,24,6603298369151,6603911320241,14.830029056,pre_cue,0.4231088475358048,1.296361072562011,0
rms_awaiting_call_01,rms,25,6603915849028,6604528358561,15.447067376,pre_cue,0.4406086152822838,1.296361072562011,0
rms_awaiting_call_01,rms,26,6604532816402,6605145047712,16.063756527,pre_cue,0.4239674264665485,1.296361072562011,0
rms_awaiting_call_01,rms,27,6605151344446,6605763774034,16.682482849,pre_cue,0.44383660164328204,1.296361072562011,0
rms_awaiting_call_01,rms,28,6605768260450,6606381860446,17.300569261,pre_cue,0.45753342494869753,1.296361072562011,0
rms_awaiting_call_01,rms,29,6606386341139,6606997674001,17.916382816,pre_cue,0.4182860832923079,1.296361072562011,0
rms_awaiting_call_01,rms,30,6607004108569,6607615442264,18.534151079,pre_cue,0.42124924241764883,1.296361072562011,0
rms_awaiting_call_01,rms,31,6607621657275,6608233048784,19.151757599,pre_cue,0.4284894850830518,1.296361072562011,0
rms_awaiting_call_01,rms,32,6608239401648,6608851455602,19.770164417,pre_cue,0.43613510332458155,1.296361072562011,0
rms_awaiting_call_01,rms,33,6608855896147,6609468929936,20.387638751,pre_cue,0.43684403811186573,1.296361072562011,0
rms_awaiting_call_01,rms,34,6609473349926,6610086720936,21.005429751,pre_cue,0.43727935806908486,1.296361072562011,0
rms_awaiting_call_01,rms,35,6610091346167,6610703728046,21.622436861,pre_cue,0.4360134449367084,1.296361072562011,0
rms_awaiting_call_01,rms,36,6610708102888,6611320984933,22.239693748,pre_cue,0.4387739821414565,1.296361072562011,0
rms_awaiting_call_01,rms,37,6611327250797,6611938710691,22.857419506,pre_cue,0.44501813330681106,1.296361072562011,0
rms_awaiting_call_01,rms,38,6611943163644,6612555917374,23.474626189,pre_cue,0.43520868908487637,1.296361072562011,0
rms_awaiting_call_01,rms,39,6612562112644,6613174897022,24.093605837,pre_cue,0.4117272556409083,1.296361072562011,0
rms_awaiting_call_01,rms,40,6613179246215,6613791722017,24.710430832,pre_cue,0.42797234916825166,1.296361072562011,0
rms_awaiting_call_01,rms,41,6613795909506,6614409820718,25.328529533,pre_cue,0.4362032316212118,1.296361072562011,0
rms_awaiting_call_01,rms,42,6614414245411,6615027261731,25.945970546,pre_cue,0.4156715200084683,1.296361072562011,0
rms_awaiting_call_01,rms,43,6615031477813,6615643727761,26.562436576,pre_cue,0.4352868812055638,1.296361072562011,0
rms_awaiting_call_01,rms,44,6615650091310,6616262181609,27.180890424,pre_cue,0.42726743739252604,1.296361072562011,0
rms_awaiting_call_01,rms,45,6616266927229,6616879411454,27.798120269,pre_cue,0.43629853363614873,1.296361072562011,0
rms_awaiting_call_01,rms,46,6616883942851,6617497297095,28.41600591,pre_cue,0.45461744762621387,1.296361072562011,0
rms_awaiting_call_01,rms,47,6617501844289,6618115526959,29.034235774,pre_cue,0.42974489843753677,1.296361072562011,0
rms_awaiting_call_01,rms,48,6618119855690,6618733641564,29.652350379,pre_cue,0.42087350551501324,1.296361072562011,0
rms_awaiting_call_01,rms,49,6618738776666,6619350359220,30.269068035,pre_cue,0.42631700254192434,1.296361072562011,0
rms_awaiting_call_01,rms,50,6619354854617,6619967991174,30.886699989,pre_cue,0.4134174083844652,1.296361072562011,0
rms_awaiting_call_01,rms,51,6619972582182,6620585817535,31.50452635,pre_cue,0.4290960221245365,1.296361072562011,0
rms_awaiting_call_01,rms,52,6620590096894,6621202662041,32.121370856,pre_cue,0.4289231077251966,1.296361072562011,0
rms_awaiting_call_01,rms,53,6621209011294,6621821012198,32.739721013,pre_cue,0.4244284287428758,1.296361072562011,0
rms_awaiting_call_01,rms,54,6621825395521,6622438629983,33.357338798,pre_cue,0.43773676195610156,1.296361072562011,0
rms_awaiting_call_01,rms,55,6622443107417,6623057125028,33.975833843,pre_cue,0.41788599643336194,1.296361072562011,0
rms_awaiting_call_01,rms,56,6623061691222,6623673558439,34.592267254,pre_cue,0.42247681321939007,1.296361072562011,0
rms_awaiting_call_01,rms,57,6623680079173,6624292408669,35.211117484,pre_cue,0.4343480045980472,1.296361072562011,0
rms_awaiting_call_01,rms,58,6624296846047,6624909885321,35.828594136,pre_cue,0.436598866905519,1.296361072562011,0
rms_awaiting_call_01,rms,59,6624914377885,6625527832956,36.446541771,pre_cue,0.4251604727445642,1.296361072562011,0
rms_awaiting_call_01,rms,60,6625532271612,6626144234123,37.062942938,pre_cue,0.44776599725383687,1.296361072562011,0
rms_awaiting_call_01,rms,61,6626150439783,6626762319479,37.681028294,pre_cue,0.4234101689966805,1.296361072562011,0
rms_awaiting_call_01,rms,62,6626766530654,6627380809150,38.299517965,pre_cue,0.44917006532696074,1.296361072562011,0
rms_awaiting_call_01,rms,63,6627385151232,6627996729315,38.91543813,pre_cue,0.44588960391181426,1.296361072562011,0
rms_awaiting_call_01,rms,64,6628003122660,6628614259834,39.532968649,pre_cue,0.4562139720955784,1.296361072562011,0
rms_awaiting_call_01,rms,65,6628620510846,6629233144078,40.151852893,pre_cue,0.4315352236730808,1.296361072562011,0
rms_awaiting_call_01,rms,66,6629237455512,6629850145466,40.768854281,pre_cue,0.4573547192152216,1.296361072562011,0
rms_awaiting_call_01,rms,67,6629854480900,6630468391244,41.387100059,pre_cue,0.4394346287977778,1.296361072562011,0
rms_awaiting_call_01,rms,68,6630472945086,6631085105778,42.003814593,pre_cue,0.4503239252096219,1.296361072562011,0
rms_awaiting_call_01,rms,69,6631091537827,6631703511556,42.622220371,pre_cue,0.42885103204695413,1.296361072562011,0
rms_awaiting_call_01,rms,70,6631707942490,6632320720238,43.239429053,pre_cue,0.44647405742452206,1.296361072562011,0
rms_awaiting_call_01,rms,71,6632325167709,6632939029125,43.85773794,pre_cue,0.42245534940854873,1.296361072562011,0
rms_awaiting_call_01,rms,72,6632943775782,6633556485603,44.475194418,pre_cue,0.44008131086911056,1.296361072562011,0
rms_awaiting_call_01,rms,73,6633560820648,6634173761932,45.092470747,pre_cue,0.4604598147122396,1.296361072562011,0
rms_awaiting_call_01,rms,74,6634178447440,6634790841908,45.709550723,pre_cue,0.4285304116371251,1.296361072562011,0
rms_awaiting_call_01,rms,75,6634796412121,6635409795719,46.328504534,pre_cue,0.42569064658616773,1.296361072562011,0
rms_awaiting_call_01,rms,76,6635414191579,6636026660342,46.945369157,pre_cue,0.43929712551607514,1.296361072562011,0
rms_awaiting_call_01,rms,77,6636030893498,6636644254058,47.562962873,pre_cue,0.43267999528375745,1.296361072562011,0
rms_awaiting_call_01,rms,78,6636648601899,6637262866219,48.181575034,pre_cue,0.4577630569746106,1.296361072562011,0
rms_awaiting_call_01,rms,79,6637267277542,6637879770526,48.798479341,pre_cue,0.41687063560095733,1.296361072562011,0
rms_awaiting_call_01,rms,80,6637884270237,6638497301091,49.416009906,pre_cue,0.43605418976985694,1.296361072562011,0
rms_awaiting_call_01,rms,81,6638501688229,6639114914546,50.033623361,pre_cue,0.445860979821366,1.296361072562011,0
rms_awaiting_call_01,rms,82,6639119431980,6639732022054,50.650730869,pre_cue,0.45033247604421023,1.296361072562011,0
rms_awaiting_call_01,rms,83,6639736375099,6640349391507,51.268100322,pre_cue,0.4271093144396753,1.296361072562011,0
rms_awaiting_call_01,rms,84,6640354035404,6640967007904,51.885716719,straddling,0.44747528362634265,1.296361072562011,0
rms_awaiting_call_01,rms,85,6640973251638,6641584668838,52.503377653,between_cues,0.42733877317520985,1.296361072562011,0
rms_awaiting_call_01,rms,86,6641590873386,6642203607903,53.122316718,between_cues,0.4317157212807491,1.296361072562011,0
rms_awaiting_call_01,rms,87,6642207839448,6642819749203,53.738458018,between_cues,0.4251416694465052,1.296361072562011,0
rms_awaiting_call_01,rms,88,6642826146807,6643439331713,54.358040528,between_cues,0.43556120905013684,1.296361072562011,0
rms_awaiting_call_01,rms,89,6643443802869,6644055761049,54.974469864,between_cues,0.443632542826104,1.296361072562011,0
rms_awaiting_call_01,rms,90,6644060324576,6644673074572,55.591783387,between_cues,0.4298813443610483,1.296361072562011,0
rms_awaiting_call_01,rms,91,6644679442676,6645291255725,56.20996454,between_cues,0.45139065172180465,1.296361072562011,0
rms_awaiting_call_01,rms,92,6645295696974,6645909295045,56.82800386,between_cues,0.43364325175963436,1.296361072562011,0
rms_awaiting_call_01,rms,93,6645913839275,6646526016713,57.444725528,between_cues,0.4260665332409339,1.296361072562011,0
rms_awaiting_call_01,rms,94,6646531830186,6647144400476,58.063109291,between_cues,0.42385322201541187,1.296361072562011,0
rms_awaiting_call_01,rms,95,6647148315131,6647760777513,58.679486328,between_cues,0.4211078745016721,1.296361072562011,0
rms_awaiting_call_01,rms,96,6647766610950,6648379466276,59.298175091,between_cues,0.4319900041109213,1.296361072562011,0
rms_awaiting_call_01,rms,97,6648383396320,6648997612093,59.916320908,between_cues,0.44090616993897436,1.296361072562011,0
rms_awaiting_call_01,rms,98,6649001542766,6649614279721,60.532988536,between_cues,0.44288459631090504,1.296361072562011,0
rms_awaiting_call_01,rms,99,6649620092028,6650231449146,61.150157961,between_cues,0.4511880021693663,1.296361072562011,0
rms_awaiting_call_01,rms,100,6650237265823,6650849491294,61.768200109,between_cues,0.4516879190425949,1.296361072562011,0
rms_awaiting_call_01,rms,101,6650853668172,6651466870329,62.385579144,between_cues,0.4458022425391377,1.296361072562011,0
rms_awaiting_call_01,rms,102,6651472862136,6652084637235,63.00334605,between_cues,0.4631012893946029,1.296361072562011,0
rms_awaiting_call_01,rms,103,6652090673876,6652702921512,63.621630327,between_cues,0.4620361635709956,1.296361072562011,0
rms_awaiting_call_01,rms,104,6652707019001,6653320644324,64.239353139,between_cues,0.4273261552760441,1.296361072562011,0
rms_awaiting_call_01,rms,105,6653324791220,6653937470189,64.856179004,between_cues,0.4475886798752557,1.296361072562011,0
rms_awaiting_call_01,rms,106,6653943739849,6654556137984,65.474846799,between_cues,0.42605367909789144,1.296361072562011,0
rms_awaiting_call_01,rms,107,6654560279584,6655173510608,66.092219423,between_cues,0.44021164717412486,1.296361072562011,0
rms_awaiting_call_01,rms,108,6655177636023,6655790531139,66.709239954,between_cues,0.4439726100363151,1.296361072562011,0
rms_awaiting_call_01,rms,109,6655796530687,6656408135930,67.326844745,between_cues,0.4411646684821536,1.296361072562011,0
rms_awaiting_call_01,rms,110,6656414334904,6657025647701,67.944356516,between_cues,0.4410758178342693,1.296361072562011,0
rms_awaiting_call_01,rms,111,6657031615804,6657643557047,68.562265862,between_cues,0.43292751072106955,1.296361072562011,0
rms_awaiting_call_01,rms,112,6657649546613,6658261700707,69.180409522,between_cues,0.43191526718803513,1.296361072562011,0
rms_awaiting_call_01,rms,113,6658265755103,6658879120995,69.79782981,between_cues,0.42554285513145684,1.296361072562011,0
rms_awaiting_call_01,rms,114,6658883257114,6659496311060,70.415019875,between_cues,0.438530320526611,1.296361072562011,0
rms_awaiting_call_01,rms,115,6659502279034,6660115333035,71.03404185,between_cues,0.4373258362917461,1.296361072562011,0
rms_awaiting_call_01,rms,116,6660119356746,6660731732875,71.65044169,between_cues,0.42900440737170054,1.296361072562011,0
rms_awaiting_call_01,rms,117,6660737559330,6661349171439,72.267880254,between_cues,0.4392668993000227,1.296361072562011,0
rms_awaiting_call_01,rms,118,6661354987209,6661966574354,72.885283169,between_cues,0.429218197469716,1.296361072562011,0
rms_awaiting_call_01,rms,119,6661972376049,6662585655345,73.50436416,between_cues,0.447726990430863,1.296361072562011,0
rms_awaiting_call_01,rms,120,6662589562352,6663202984222,74.121693037,between_cues,0.4214546059456802,1.296361072562011,0
rms_awaiting_call_01,rms,121,6663206937470,6663819467078,74.738175893,between_cues,0.4303720180334891,1.296361072562011,0
rms_awaiting_call_01,rms,122,6663825260200,6664438296216,75.357005031,between_cues,0.4385310569005577,1.296361072562011,0
rms_awaiting_call_01,rms,123,6664442206982,6665055662572,75.974371387,between_cues,0.4421539093657429,1.296361072562011,0
rms_awaiting_call_01,rms,124,6665059698950,6665674058394,76.592767209,between_cues,0.4522891753620166,1.296361072562011,0
rms_awaiting_call_01,rms,125,6665678148771,6666290301247,77.209010062,between_cues,0.43749853332230554,1.296361072562011,0
rms_awaiting_call_01,rms,126,6666296311776,6666908313955,77.82702277,between_cues,0.4235802144649101,1.296361072562011,0
rms_awaiting_call_01,rms,127,6666914293188,6667525625106,78.444333921,between_cues,0.43784921028690343,1.296361072562011,0
rms_awaiting_call_01,rms,128,6667531624413,6668143162738,79.061871553,between_cues,0.44849463029696995,1.296361072562011,0
rms_awaiting_call_01,rms,129,6668149264397,6668760955351,79.679664166,between_cues,0.44408725155683093,1.296361072562011,0
rms_awaiting_call_01,rms,130,6668766978140,6669379035742,80.297744557,between_cues,0.43892520751844166,1.296361072562011,0
rms_awaiting_call_01,rms,131,6669383056509,6669996922244,80.915631059,between_cues,0.4331320261846982,1.296361072562011,0
rms_awaiting_call_01,rms,132,6670000809880,6670614946615,81.53365543,between_cues,0.4150400357136926,1.296361072562011,0
rms_awaiting_call_01,rms,133,6670618853456,6671231556243,82.150265058,between_cues,0.4436512777263927,1.296361072562011,0
rms_awaiting_call_01,rms,134,6671237358846,6671849002909,82.767711724,between_cues,0.45347824443660373,1.296361072562011,0
rms_awaiting_call_01,rms,135,6671854801382,6672467127112,83.385835927,between_cues,0.4309843725796965,1.296361072562011,0
rms_awaiting_call_01,rms,136,6672471028527,6673084714166,84.003422981,between_cues,0.42981926660370684,1.296361072562011,0
rms_awaiting_call_01,rms,137,6673088635229,6673702810202,84.621519017,between_cues,0.4282711646968514,1.296361072562011,0
rms_awaiting_call_01,rms,138,6673706736987,6674319580531,85.238289346,between_cues,0.4294036696968247,1.296361072562011,0
rms_awaiting_call_01,rms,139,6674325490875,6674936816768,85.855525583,between_cues,0.4761484826051093,1.296361072562011,0
rms_awaiting_call_01,rms,140,6674941386868,6675554523042,86.473231857,between_cues,0.42904220128925225,1.296361072562011,0
rms_awaiting_call_01,rms,141,6675560583108,6676173048798,87.091757613,between_cues,0.4342705945689603,1.296361072562011,0
rms_awaiting_call_01,rms,142,6676177172435,6676790989479,87.709698294,between_cues,0.44791036594692746,1.296361072562011,0
rms_awaiting_call_01,rms,143,6676795023190,6677408816585,88.3275254,between_cues,0.4290523411520009,1.296361072562011,0
rms_awaiting_call_01,rms,144,6677412898981,6678024867743,88.943576558,between_cues,0.43620108017168757,1.296361072562011,0
rms_awaiting_call_01,rms,145,6678030828698,6678643527498,89.562236313,between_cues,0.43429860254162583,1.296361072562011,0
rms_awaiting_call_01,rms,146,6678647589783,6679260741842,90.179450657,between_cues,0.4375780250737373,1.296361072562011,0
rms_awaiting_call_01,rms,147,6679264883590,6679878291927,90.797000742,between_cues,0.4350879022441145,1.296361072562011,0
rms_awaiting_call_01,rms,148,6679884329882,6680496386531,91.415095346,between_cues,0.4332413943255372,1.296361072562011,0
rms_awaiting_call_01,rms,149,6680500312445,6681114071208,92.032780023,between_cues,0.41244760439414924,1.296361072562011,0
rms_awaiting_call_01,rms,150,6681117959381,6681730917179,92.649625994,between_cues,0.4245539356750985,1.296361072562011,0
rms_awaiting_call_01,rms,151,6681736737874,6682348727447,93.267436262,between_cues,0.43211972141232596,1.296361072562011,0
rms_awaiting_call_01,rms,152,6682354561272,6682966291826,93.885000641,between_cues,0.43197781687828707,1.296361072562011,0
rms_awaiting_call_01,rms,153,6682972142836,6683584690947,94.503399762,between_cues,0.4332326658756401,1.296361072562011,0
rms_awaiting_call_01,rms,154,6683588598028,6684202574362,95.121283177,between_cues,0.45236060426782637,1.296361072562011,0
rms_awaiting_call_01,rms,155,6684206528202,6684819264960,95.737973775,between_cues,1.4731178945689711,1.296361072562011,1
rms_awaiting_call_01,rms,156,6684825067599,6685436408354,96.355117169,between_cues,1.8285069162034089,1.296361072562011,1
rms_awaiting_call_01,rms,157,6685442396642,6686055550474,96.974259289,between_cues,0.44448247909276933,1.296361072562011,0
rms_awaiting_call_01,rms,158,6686059650555,6686672743108,97.591451923,between_cues,0.4288557681709868,1.296361072562011,0
rms_awaiting_call_01,rms,159,6686676878597,6687289461611,98.208170426,between_cues,1.0977027224725264,1.296361072562011,0
rms_awaiting_call_01,rms,160,6687295459233,6687907242375,98.82595119,between_cues,2.1737410543080085,1.296361072562011,1
rms_awaiting_call_01,rms,161,6687913232163,6688525201527,99.443910342,between_cues,0.5040484114547974,1.296361072562011,0
rms_awaiting_call_01,rms,162,6688529352664,6689142250696,100.060959511,between_cues,0.45005999998110685,1.296361072562011,0
rms_awaiting_call_01,rms,163,6689148199744,6689760755941,100.679464756,between_cues,0.4443593475470609,1.296361072562011,0
rms_awaiting_call_01,rms,164,6689764847893,6690377634294,101.296343109,between_cues,2.1609149914921755,1.296361072562011,1
rms_awaiting_call_01,rms,165,6690383582860,6690995843075,101.91455189,between_cues,1.2404490894714624,1.296361072562011,0
rms_awaiting_call_01,rms,166,6690999980045,6691614045170,102.532753985,between_cues,0.4592153046268115,1.296361072562011,0
rms_awaiting_call_01,rms,167,6691617953658,6692231344447,103.150053262,between_cues,0.45671733276472687,1.296361072562011,0
rms_awaiting_call_01,rms,168,6692235302695,6692847892946,103.766601761,between_cues,1.8653415281287915,1.296361072562011,1
rms_awaiting_call_01,rms,169,6692853694197,6693466595429,104.385304244,between_cues,1.707343546927684,1.296361072562011,1
rms_awaiting_call_01,rms,170,6693470502584,6694083820668,105.002529483,between_cues,0.432828955846684,1.296361072562011,0
rms_awaiting_call_01,rms,171,6694089654567,6694702169464,105.620878279,between_cues,0.4353371893885382,1.296361072562011,0
rms_awaiting_call_01,rms,172,6694706191101,6695318622331,106.237331146,between_cues,0.4456515827978117,1.296361072562011,0
rms_awaiting_call_01,rms,173,6695324750027,6695935960921,106.854669736,between_cues,0.8784550606939873,1.296361072562011,0
rms_awaiting_call_01,rms,174,6695941804394,6696555109143,107.473817958,between_cues,0.4277156347863102,1.296361072562011,0
rms_awaiting_call_01,rms,175,6696559336317,6697172563120,108.091271935,between_cues,0.4428632147946414,1.296361072562011,0
rms_awaiting_call_01,rms,176,6697176959795,6697789886264,108.708595079,between_cues,0.44681307980673823,1.296361072562011,0
rms_awaiting_call_01,rms,177,6697794035290,6698407159518,109.325868333,between_cues,0.43974863231685546,1.296361072562011,0
rms_awaiting_call_01,rms,178,6698411719471,6699026248609,109.944957424,between_cues,0.4335493564982764,1.296361072562011,0
rms_awaiting_call_01,rms,179,6699036165552,6699641632155,110.56034097,between_cues,0.44351057772583247,1.296361072562011,0
rms_awaiting_call_01,rms,180,6699647932222,6700259653539,111.178362354,between_cues,0.45544577482402854,1.296361072562011,0
rms_awaiting_call_01,rms,181,6700266433661,6700877203791,111.795912606,between_cues,0.42385745483130194,1.296361072562011,0
rms_awaiting_call_01,rms,182,6700883357710,6701495895768,112.414604583,between_cues,0.437794370000382,1.296361072562011,0
rms_awaiting_call_01,rms,183,6701500194868,6702114464818,113.033173633,between_cues,0.4206267825584508,1.296361072562011,0
rms_awaiting_call_01,rms,184,6702118705381,6702729885195,113.64859401,between_cues,0.44601601574409255,1.296361072562011,0
rms_awaiting_call_01,rms,185,6702734744259,6703348290188,114.266999003,between_cues,0.4433462331331557,1.296361072562011,0
rms_awaiting_call_01,rms,186,6703352641399,6703965413808,114.884122623,between_cues,0.44313555017050077,1.296361072562011,0
rms_awaiting_call_01,rms,187,6703971801171,6704587543195,115.50625201,between_cues,0.4367672665259943,1.296361072562011,0
rms_awaiting_call_01,rms,188,6704589971533,6705201837661,116.120546476,between_cues,0.44292433207847026,1.296361072562011,0
rms_awaiting_call_01,rms,189,6705206387483,6705819249798,116.737958613,between_cues,0.45723242960072713,1.296361072562011,0
rms_awaiting_call_01,rms,190,6705823730750,6706436034156,117.354742971,between_cues,0.4386992224412979,1.296361072562011,0
rms_awaiting_call_01,rms,191,6706442426278,6707053581515,117.97229033,between_cues,0.44085906690266496,1.296361072562011,0
rms_awaiting_call_01,rms,192,6707058422931,6707672086320,118.590795135,between_cues,0.4265819646959304,1.296361072562011,0
rms_awaiting_call_01,rms,193,6707688403200,6708292316071,119.211024886,between_cues,0.44187883927751836,1.296361072562011,0
rms_awaiting_call_01,rms,194,6708294948427,6708907105257,119.825814072,straddling,0.4552417968601248,1.296361072562011,0
rms_awaiting_call_01,rms,195,6708911329005,6709524218076,120.442926891,post_cue,0.433570605209519,1.296361072562011,0
rms_awaiting_call_01,rms,196,6709530487939,6710143062675,121.06177149,post_cue,0.439047731531415,1.296361072562011,0
rms_awaiting_call_01,rms,197,6710147447294,6710762009219,121.680718034,post_cue,0.4464222400180914,1.296361072562011,0
rms_awaiting_call_01,rms,198,6710764492279,6711377424960,122.296133775,post_cue,0.4406425316157375,1.296361072562011,0
rms_awaiting_call_01,rms,199,6711382944191,6711995190445,122.91389926,post_cue,0.4471597712868046,1.296361072562011,0
rms_awaiting_call_01,rms,200,6711999422359,6712612563780,123.531272595,post_cue,0.4365786501036104,1.296361072562011,0
rms_awaiting_call_01,rms,201,6712617109121,6713230697246,124.149406061,post_cue,0.460665702119933,1.296361072562011,0
rms_awaiting_call_01,rms,202,6713235208791,6713849213583,124.767922398,post_cue,0.44174713959234324,1.296361072562011,0
rms_awaiting_call_01,rms,203,6713853674665,6714465293026,125.384001841,post_cue,0.4197085891516692,1.296361072562011,0
rms_awaiting_call_01,rms,204,6714471627185,6715083359083,126.002067898,post_cue,0.4393709463020365,1.296361072562011,0
rms_awaiting_call_01,rms,205,6715087788350,6715701230010,126.619938825,post_cue,0.44804313785938027,1.296361072562011,0
rms_awaiting_call_01,rms,206,6715705810629,6716318393379,127.237102194,post_cue,0.44020724882842405,1.296361072562011,0
rms_awaiting_call_01,rms,207,6716323108665,6716936972898,127.855681713,post_cue,0.4332842007959522,1.296361072562011,0
rms_awaiting_call_01,rms,208,6716941404313,6717554772175,128.47348099,post_cue,0.43282421215031763,1.296361072562011,0
rms_awaiting_call_01,rms,209,6717559262072,6718172051191,129.090760006,post_cue,0.43026346751799743,1.296361072562011,0
rms_awaiting_call_01,rms,210,6718176509958,6718789285689,129.707994504,post_cue,0.4399285513355772,1.296361072562011,0
rms_awaiting_call_01,rms,211,6718794236438,6719408179633,130.326888448,post_cue,0.44811195531891096,1.296361072562011,0
rms_awaiting_call_01,rms,212,6719412585455,6720025339629,130.944048444,post_cue,0.4250501319958237,1.296361072562011,0
rms_awaiting_call_01,rms,213,6720029908562,6720652833920,131.571542735,post_cue,0.45791743796448153,1.296361072562011,0
rms_awaiting_call_01,rms,214,6720655339461,6721260675362,132.179384177,post_cue,0.4253527621231862,1.296361072562011,0
rms_awaiting_call_01,rms,215,6721265241814,6721877237078,132.795945893,post_cue,0.44683233188653065,1.296361072562011,0
rms_awaiting_call_01,rms,216,6721883908145,6722495980389,133.414689204,post_cue,0.42709438752212575,1.296361072562011,0
rms_awaiting_call_01,rms,217,6722500419378,6723113058827,134.031767642,post_cue,0.43159941500615334,1.296361072562011,0
rms_awaiting_call_01,rms,218,6723117707169,6723730378839,134.649087654,post_cue,0.4337655217162184,1.296361072562011,0
rms_awaiting_call_01,rms,219,6723735175848,6724348135833,135.266844648,post_cue,0.45182425691415995,1.296361072562011,0
rms_awaiting_call_01,rms,220,6724352623711,6724965914141,135.884622956,post_cue,0.4321976569481903,1.296361072562011,0
rms_awaiting_call_01,rms,221,6724970222463,6725583947708,136.502656523,post_cue,0.4684814308139847,1.296361072562011,0
rms_awaiting_call_01,rms,222,6725588437105,6726202130924,137.120839739,post_cue,0.43286580362887556,1.296361072562011,0
rms_awaiting_call_01,rms,223,6726206642357,6726818364783,137.737073598,post_cue,0.44140897453749356,1.296361072562011,0
rms_awaiting_call_01,rms,224,6726824559701,6727437522814,138.356231629,post_cue,0.44819788344600203,1.296361072562011,0
rms_awaiting_call_01,rms,225,6727441993173,6728054103229,138.972812044,post_cue,0.4379826584121789,1.296361072562011,0
rms_awaiting_call_01,rms,226,6728058406495,6728673083129,139.591791944,post_cue,0.4355603630809223,1.296361072562011,0
rms_awaiting_call_01,rms,227,6728677522303,6729288795634,140.207504449,post_cue,0.42778886809668637,1.296361072562011,0
rms_awaiting_call_01,rms,228,6729295027589,6729907934755,140.82664357,post_cue,0.4499186769913362,1.296361072562011,0
rms_awaiting_call_01,rms,229,6729912421263,6730525522929,141.444231744,post_cue,0.43754606359210685,1.296361072562011,0
rms_awaiting_call_01,rms,230,6730529981936,6731142309897,142.061018712,post_cue,0.46403001421497675,1.296361072562011,0
rms_awaiting_call_01,rms,231,6731147010220,6731759858792,142.678567607,post_cue,0.46063083324404747,1.296361072562011,0
rms_awaiting_call_01,rms,232,6731764531096,6732377045019,143.295753834,post_cue,0.44314464702472733,1.296361072562011,0
rms_awaiting_call_01,rms,233,6732383490808,6732995111063,143.913819878,post_cue,0.44561105753150687,1.296361072562011,0
rms_awaiting_call_01,rms,234,6732999438625,6733614140848,144.532849663,post_cue,0.4412339361187426,1.296361072562011,0
rms_awaiting_call_01,isolation_forest,1,6589093043189,6589706012256,0.624721071,pre_cue,0.37159353959594826,0.4833547401595273,0
rms_awaiting_call_01,isolation_forest,2,6589711456618,6590323146701,1.241855516,pre_cue,0.37358133075590716,0.4833547401595273,0
rms_awaiting_call_01,isolation_forest,3,6590329694343,6590941702537,1.860411352,pre_cue,0.37890953588553866,0.4833547401595273,0
rms_awaiting_call_01,isolation_forest,4,6590945999285,6591559222574,2.477931389,pre_cue,0.3631278426153953,0.4833547401595273,0
rms_awaiting_call_01,isolation_forest,5,6591563436470,6592176409128,3.095117943,pre_cue,0.38257838053290194,0.4833547401595273,0
rms_awaiting_call_01,isolation_forest,6,6592180825525,6592794271164,3.712979979,pre_cue,0.37730143632417823,0.4833547401595273,0
rms_awaiting_call_01,isolation_forest,7,6592798564802,6593411215791,4.329924606,pre_cue,0.37217867316130193,0.4833547401595273,0
rms_awaiting_call_01,isolation_forest,8,6593417380654,6594030003883,4.948712698,pre_cue,0.37327892599469686,0.4833547401595273,0
rms_awaiting_call_01,isolation_forest,9,6594034182132,6594646067581,5.564776396,pre_cue,0.38040321358725554,0.4833547401595273,0
rms_awaiting_call_01,isolation_forest,10,6594652736001,6595264047578,6.182756393,pre_cue,0.3768286101168786,0.4833547401595273,0
rms_awaiting_call_01,isolation_forest,11,6595270394053,6595882190834,6.800899649,pre_cue,0.37718497018018016,0.4833547401595273,0
rms_awaiting_call_01,isolation_forest,12,6595886409045,6596500503015,7.41921183,pre_cue,0.37086129773781423,0.4833547401595273,0
rms_awaiting_call_01,isolation_forest,13,6596504906746,6597117112471,8.035821286,pre_cue,0.37153256086224623,0.4833547401595273,0
rms_awaiting_call_01,isolation_forest,14,6597121505535,6597734350575,8.65305939,pre_cue,0.37481288359244697,0.4833547401595273,0
rms_awaiting_call_01,isolation_forest,15,6597740441624,6598352420625,9.27112944,pre_cue,0.3706539801917805,0.4833547401595273,0
rms_awaiting_call_01,isolation_forest,16,6598356756263,6598970207303,9.888916118,pre_cue,0.3746045060792751,0.4833547401595273,0
rms_awaiting_call_01,isolation_forest,17,6598974567978,6599587317294,10.506026109,pre_cue,0.36985828763532763,0.4833547401595273,0
rms_awaiting_call_01,isolation_forest,18,6599591666636,6600205124545,11.12383336,pre_cue,0.3811565082738951,0.4833547401595273,0
rms_awaiting_call_01,isolation_forest,19,6600209410109,6600823697982,11.742406797,pre_cue,0.37363195899078916,0.4833547401595273,0
rms_awaiting_call_01,isolation_forest,20,6600828122380,6601440570397,12.359279212,pre_cue,0.37599549525250403,0.4833547401595273,0
rms_awaiting_call_01,isolation_forest,21,6601445005091,6602057433570,12.976142385,pre_cue,0.3812918786340148,0.4833547401595273,0
rms_awaiting_call_01,isolation_forest,22,6602061930431,6602674977059,13.593685874,pre_cue,0.3804757610724155,0.4833547401595273,0
rms_awaiting_call_01,isolation_forest,23,6602679830346,6603293845680,14.212554495,pre_cue,0.36940303829000265,0.4833547401595273,0
rms_awaiting_call_01,isolation_forest,24,6603298369151,6603911320241,14.830029056,pre_cue,0.37518945329000253,0.4833547401595273,0
rms_awaiting_call_01,isolation_forest,25,6603915849028,6604528358561,15.447067376,pre_cue,0.378285766923332,0.4833547401595273,0
rms_awaiting_call_01,isolation_forest,26,6604532816402,6605145047712,16.063756527,pre_cue,0.3735425143894096,0.4833547401595273,0
rms_awaiting_call_01,isolation_forest,27,6605151344446,6605763774034,16.682482849,pre_cue,0.376382500994406,0.4833547401595273,0
rms_awaiting_call_01,isolation_forest,28,6605768260450,6606381860446,17.300569261,pre_cue,0.3768123302812031,0.4833547401595273,0
rms_awaiting_call_01,isolation_forest,29,6606386341139,6606997674001,17.916382816,pre_cue,0.36921193842496197,0.4833547401595273,0
rms_awaiting_call_01,isolation_forest,30,6607004108569,6607615442264,18.534151079,pre_cue,0.375699014588076,0.4833547401595273,0
rms_awaiting_call_01,isolation_forest,31,6607621657275,6608233048784,19.151757599,pre_cue,0.37492487480033293,0.4833547401595273,0
rms_awaiting_call_01,isolation_forest,32,6608239401648,6608851455602,19.770164417,pre_cue,0.37116595056480045,0.4833547401595273,0
rms_awaiting_call_01,isolation_forest,33,6608855896147,6609468929936,20.387638751,pre_cue,0.37538392321444053,0.4833547401595273,0
rms_awaiting_call_01,isolation_forest,34,6609473349926,6610086720936,21.005429751,pre_cue,0.37530618616807127,0.4833547401595273,0
rms_awaiting_call_01,isolation_forest,35,6610091346167,6610703728046,21.622436861,pre_cue,0.36964894771974327,0.4833547401595273,0
rms_awaiting_call_01,isolation_forest,36,6610708102888,6611320984933,22.239693748,pre_cue,0.36867014336079573,0.4833547401595273,0
rms_awaiting_call_01,isolation_forest,37,6611327250797,6611938710691,22.857419506,pre_cue,0.37422385628604365,0.4833547401595273,0
rms_awaiting_call_01,isolation_forest,38,6611943163644,6612555917374,23.474626189,pre_cue,0.3739160503413474,0.4833547401595273,0
rms_awaiting_call_01,isolation_forest,39,6612562112644,6613174897022,24.093605837,pre_cue,0.36793415193002416,0.4833547401595273,0
rms_awaiting_call_01,isolation_forest,40,6613179246215,6613791722017,24.710430832,pre_cue,0.3784671160172658,0.4833547401595273,0
rms_awaiting_call_01,isolation_forest,41,6613795909506,6614409820718,25.328529533,pre_cue,0.3792730735737988,0.4833547401595273,0
rms_awaiting_call_01,isolation_forest,42,6614414245411,6615027261731,25.945970546,pre_cue,0.3718829671294666,0.4833547401595273,0
rms_awaiting_call_01,isolation_forest,43,6615031477813,6615643727761,26.562436576,pre_cue,0.3772243308662131,0.4833547401595273,0
rms_awaiting_call_01,isolation_forest,44,6615650091310,6616262181609,27.180890424,pre_cue,0.37604150420765586,0.4833547401595273,0
rms_awaiting_call_01,isolation_forest,45,6616266927229,6616879411454,27.798120269,pre_cue,0.3727731740074075,0.4833547401595273,0
rms_awaiting_call_01,isolation_forest,46,6616883942851,6617497297095,28.41600591,pre_cue,0.38086117504882583,0.4833547401595273,0
rms_awaiting_call_01,isolation_forest,47,6617501844289,6618115526959,29.034235774,pre_cue,0.3762806791894685,0.4833547401595273,0
rms_awaiting_call_01,isolation_forest,48,6618119855690,6618733641564,29.652350379,pre_cue,0.36662262204033097,0.4833547401595273,0
rms_awaiting_call_01,isolation_forest,49,6618738776666,6619350359220,30.269068035,pre_cue,0.3735213208327743,0.4833547401595273,0
rms_awaiting_call_01,isolation_forest,50,6619354854617,6619967991174,30.886699989,pre_cue,0.3695533027244462,0.4833547401595273,0
rms_awaiting_call_01,isolation_forest,51,6619972582182,6620585817535,31.50452635,pre_cue,0.37042464495343547,0.4833547401595273,0
rms_awaiting_call_01,isolation_forest,52,6620590096894,6621202662041,32.121370856,pre_cue,0.37461677718136827,0.4833547401595273,0
rms_awaiting_call_01,isolation_forest,53,6621209011294,6621821012198,32.739721013,pre_cue,0.3715829703958487,0.4833547401595273,0
rms_awaiting_call_01,isolation_forest,54,6621825395521,6622438629983,33.357338798,pre_cue,0.3728422748796507,0.4833547401595273,0
rms_awaiting_call_01,isolation_forest,55,6622443107417,6623057125028,33.975833843,pre_cue,0.37613729256651607,0.4833547401595273,0
rms_awaiting_call_01,isolation_forest,56,6623061691222,6623673558439,34.592267254,pre_cue,0.3735251359204424,0.4833547401595273,0
rms_awaiting_call_01,isolation_forest,57,6623680079173,6624292408669,35.211117484,pre_cue,0.3742365703404515,0.4833547401595273,0
rms_awaiting_call_01,isolation_forest,58,6624296846047,6624909885321,35.828594136,pre_cue,0.3723765629635531,0.4833547401595273,0
rms_awaiting_call_01,isolation_forest,59,6624914377885,6625527832956,36.446541771,pre_cue,0.3726833841740337,0.4833547401595273,0
rms_awaiting_call_01,isolation_forest,60,6625532271612,6626144234123,37.062942938,pre_cue,0.37506677555444695,0.4833547401595273,0
rms_awaiting_call_01,isolation_forest,61,6626150439783,6626762319479,37.681028294,pre_cue,0.3707367850586179,0.4833547401595273,0
rms_awaiting_call_01,isolation_forest,62,6626766530654,6627380809150,38.299517965,pre_cue,0.37712285649716565,0.4833547401595273,0
rms_awaiting_call_01,isolation_forest,63,6627385151232,6627996729315,38.91543813,pre_cue,0.38029387625148997,0.4833547401595273,0
rms_awaiting_call_01,isolation_forest,64,6628003122660,6628614259834,39.532968649,pre_cue,0.37806578271664987,0.4833547401595273,0
rms_awaiting_call_01,isolation_forest,65,6628620510846,6629233144078,40.151852893,pre_cue,0.37604782038899764,0.4833547401595273,0
rms_awaiting_call_01,isolation_forest,66,6629237455512,6629850145466,40.768854281,pre_cue,0.3848945591944813,0.4833547401595273,0
rms_awaiting_call_01,isolation_forest,67,6629854480900,6630468391244,41.387100059,pre_cue,0.3705344283170283,0.4833547401595273,0
rms_awaiting_call_01,isolation_forest,68,6630472945086,6631085105778,42.003814593,pre_cue,0.3833074390681352,0.4833547401595273,0
rms_awaiting_call_01,isolation_forest,69,6631091537827,6631703511556,42.622220371,pre_cue,0.37352671045569846,0.4833547401595273,0
rms_awaiting_call_01,isolation_forest,70,6631707942490,6632320720238,43.239429053,pre_cue,0.37715695770595903,0.4833547401595273,0
rms_awaiting_call_01,isolation_forest,71,6632325167709,6632939029125,43.85773794,pre_cue,0.37528013012642975,0.4833547401595273,0
rms_awaiting_call_01,isolation_forest,72,6632943775782,6633556485603,44.475194418,pre_cue,0.37079883378643497,0.4833547401595273,0
rms_awaiting_call_01,isolation_forest,73,6633560820648,6634173761932,45.092470747,pre_cue,0.3710357067414456,0.4833547401595273,0
rms_awaiting_call_01,isolation_forest,74,6634178447440,6634790841908,45.709550723,pre_cue,0.3760661404261836,0.4833547401595273,0
rms_awaiting_call_01,isolation_forest,75,6634796412121,6635409795719,46.328504534,pre_cue,0.37247333738212357,0.4833547401595273,0
rms_awaiting_call_01,isolation_forest,76,6635414191579,6636026660342,46.945369157,pre_cue,0.37866610370865067,0.4833547401595273,0
rms_awaiting_call_01,isolation_forest,77,6636030893498,6636644254058,47.562962873,pre_cue,0.3736228465248055,0.4833547401595273,0
rms_awaiting_call_01,isolation_forest,78,6636648601899,6637262866219,48.181575034,pre_cue,0.37837429089564284,0.4833547401595273,0
rms_awaiting_call_01,isolation_forest,79,6637267277542,6637879770526,48.798479341,pre_cue,0.37371565193611106,0.4833547401595273,0
rms_awaiting_call_01,isolation_forest,80,6637884270237,6638497301091,49.416009906,pre_cue,0.37300753391010394,0.4833547401595273,0
rms_awaiting_call_01,isolation_forest,81,6638501688229,6639114914546,50.033623361,pre_cue,0.3758781919393574,0.4833547401595273,0
rms_awaiting_call_01,isolation_forest,82,6639119431980,6639732022054,50.650730869,pre_cue,0.3701670349199807,0.4833547401595273,0
rms_awaiting_call_01,isolation_forest,83,6639736375099,6640349391507,51.268100322,pre_cue,0.3772872645857387,0.4833547401595273,0
rms_awaiting_call_01,isolation_forest,84,6640354035404,6640967007904,51.885716719,straddling,0.37466884769283154,0.4833547401595273,0
rms_awaiting_call_01,isolation_forest,85,6640973251638,6641584668838,52.503377653,between_cues,0.37170138908061284,0.4833547401595273,0
rms_awaiting_call_01,isolation_forest,86,6641590873386,6642203607903,53.122316718,between_cues,0.37221803167698364,0.4833547401595273,0
rms_awaiting_call_01,isolation_forest,87,6642207839448,6642819749203,53.738458018,between_cues,0.3763869156471955,0.4833547401595273,0
rms_awaiting_call_01,isolation_forest,88,6642826146807,6643439331713,54.358040528,between_cues,0.3788107112280625,0.4833547401595273,0
rms_awaiting_call_01,isolation_forest,89,6643443802869,6644055761049,54.974469864,between_cues,0.3770519000147082,0.4833547401595273,0
rms_awaiting_call_01,isolation_forest,90,6644060324576,6644673074572,55.591783387,between_cues,0.378054703958232,0.4833547401595273,0
rms_awaiting_call_01,isolation_forest,91,6644679442676,6645291255725,56.20996454,between_cues,0.3733648802871085,0.4833547401595273,0
rms_awaiting_call_01,isolation_forest,92,6645295696974,6645909295045,56.82800386,between_cues,0.3753313536414359,0.4833547401595273,0
rms_awaiting_call_01,isolation_forest,93,6645913839275,6646526016713,57.444725528,between_cues,0.37665541612557984,0.4833547401595273,0
rms_awaiting_call_01,isolation_forest,94,6646531830186,6647144400476,58.063109291,between_cues,0.3784302655321526,0.4833547401595273,0
rms_awaiting_call_01,isolation_forest,95,6647148315131,6647760777513,58.679486328,between_cues,0.36760160121491997,0.4833547401595273,0
rms_awaiting_call_01,isolation_forest,96,6647766610950,6648379466276,59.298175091,between_cues,0.3760553514041143,0.4833547401595273,0
rms_awaiting_call_01,isolation_forest,97,6648383396320,6648997612093,59.916320908,between_cues,0.37243601685802785,0.4833547401595273,0
rms_awaiting_call_01,isolation_forest,98,6649001542766,6649614279721,60.532988536,between_cues,0.36727751918119683,0.4833547401595273,0
rms_awaiting_call_01,isolation_forest,99,6649620092028,6650231449146,61.150157961,between_cues,0.37639782573249325,0.4833547401595273,0
rms_awaiting_call_01,isolation_forest,100,6650237265823,6650849491294,61.768200109,between_cues,0.37872821414106983,0.4833547401595273,0
rms_awaiting_call_01,isolation_forest,101,6650853668172,6651466870329,62.385579144,between_cues,0.3755278277720678,0.4833547401595273,0
rms_awaiting_call_01,isolation_forest,102,6651472862136,6652084637235,63.00334605,between_cues,0.38088929032838953,0.4833547401595273,0
rms_awaiting_call_01,isolation_forest,103,6652090673876,6652702921512,63.621630327,between_cues,0.3771123100543197,0.4833547401595273,0
rms_awaiting_call_01,isolation_forest,104,6652707019001,6653320644324,64.239353139,between_cues,0.375516829600999,0.4833547401595273,0
rms_awaiting_call_01,isolation_forest,105,6653324791220,6653937470189,64.856179004,between_cues,0.37476813597364333,0.4833547401595273,0
rms_awaiting_call_01,isolation_forest,106,6653943739849,6654556137984,65.474846799,between_cues,0.3751992999555236,0.4833547401595273,0
rms_awaiting_call_01,isolation_forest,107,6654560279584,6655173510608,66.092219423,between_cues,0.3748785151472849,0.4833547401595273,0
rms_awaiting_call_01,isolation_forest,108,6655177636023,6655790531139,66.709239954,between_cues,0.37485185374856445,0.4833547401595273,0
rms_awaiting_call_01,isolation_forest,109,6655796530687,6656408135930,67.326844745,between_cues,0.37545649047317986,0.4833547401595273,0
rms_awaiting_call_01,isolation_forest,110,6656414334904,6657025647701,67.944356516,between_cues,0.37300798821362946,0.4833547401595273,0
rms_awaiting_call_01,isolation_forest,111,6657031615804,6657643557047,68.562265862,between_cues,0.37001901012640503,0.4833547401595273,0
rms_awaiting_call_01,isolation_forest,112,6657649546613,6658261700707,69.180409522,between_cues,0.383261494378169,0.4833547401595273,0
rms_awaiting_call_01,isolation_forest,113,6658265755103,6658879120995,69.79782981,between_cues,0.37826578767236313,0.4833547401595273,0
rms_awaiting_call_01,isolation_forest,114,6658883257114,6659496311060,70.415019875,between_cues,0.3742365466884588,0.4833547401595273,0
rms_awaiting_call_01,isolation_forest,115,6659502279034,6660115333035,71.03404185,between_cues,0.37873746294453287,0.4833547401595273,0
rms_awaiting_call_01,isolation_forest,116,6660119356746,6660731732875,71.65044169,between_cues,0.3764582923049815,0.4833547401595273,0
rms_awaiting_call_01,isolation_forest,117,6660737559330,6661349171439,72.267880254,between_cues,0.3772261051837912,0.4833547401595273,0
rms_awaiting_call_01,isolation_forest,118,6661354987209,6661966574354,72.885283169,between_cues,0.37691974868386113,0.4833547401595273,0
rms_awaiting_call_01,isolation_forest,119,6661972376049,6662585655345,73.50436416,between_cues,0.3801702893648663,0.4833547401595273,0
rms_awaiting_call_01,isolation_forest,120,6662589562352,6663202984222,74.121693037,between_cues,0.36772201784055,0.4833547401595273,0
rms_awaiting_call_01,isolation_forest,121,6663206937470,6663819467078,74.738175893,between_cues,0.3759475460503521,0.4833547401595273,0
rms_awaiting_call_01,isolation_forest,122,6663825260200,6664438296216,75.357005031,between_cues,0.37513116876724145,0.4833547401595273,0
rms_awaiting_call_01,isolation_forest,123,6664442206982,6665055662572,75.974371387,between_cues,0.37805018610631025,0.4833547401595273,0
rms_awaiting_call_01,isolation_forest,124,6665059698950,6665674058394,76.592767209,between_cues,0.37277997626160414,0.4833547401595273,0
rms_awaiting_call_01,isolation_forest,125,6665678148771,6666290301247,77.209010062,between_cues,0.3704960275266056,0.4833547401595273,0
rms_awaiting_call_01,isolation_forest,126,6666296311776,6666908313955,77.82702277,between_cues,0.37374578321062735,0.4833547401595273,0
rms_awaiting_call_01,isolation_forest,127,6666914293188,6667525625106,78.444333921,between_cues,0.3730306241897218,0.4833547401595273,0
rms_awaiting_call_01,isolation_forest,128,6667531624413,6668143162738,79.061871553,between_cues,0.3772459781446969,0.4833547401595273,0
rms_awaiting_call_01,isolation_forest,129,6668149264397,6668760955351,79.679664166,between_cues,0.3747692525398453,0.4833547401595273,0
rms_awaiting_call_01,isolation_forest,130,6668766978140,6669379035742,80.297744557,between_cues,0.37299802987718317,0.4833547401595273,0
rms_awaiting_call_01,isolation_forest,131,6669383056509,6669996922244,80.915631059,between_cues,0.374980622515141,0.4833547401595273,0
rms_awaiting_call_01,isolation_forest,132,6670000809880,6670614946615,81.53365543,between_cues,0.3731389230652548,0.4833547401595273,0
rms_awaiting_call_01,isolation_forest,133,6670618853456,6671231556243,82.150265058,between_cues,0.37520806670324164,0.4833547401595273,0
rms_awaiting_call_01,isolation_forest,134,6671237358846,6671849002909,82.767711724,between_cues,0.37479429159969885,0.4833547401595273,0
rms_awaiting_call_01,isolation_forest,135,6671854801382,6672467127112,83.385835927,between_cues,0.3750817175635382,0.4833547401595273,0
rms_awaiting_call_01,isolation_forest,136,6672471028527,6673084714166,84.003422981,between_cues,0.3719359615053228,0.4833547401595273,0
rms_awaiting_call_01,isolation_forest,137,6673088635229,6673702810202,84.621519017,between_cues,0.37959313303495534,0.4833547401595273,0
rms_awaiting_call_01,isolation_forest,138,6673706736987,6674319580531,85.238289346,between_cues,0.37340075952115986,0.4833547401595273,0
rms_awaiting_call_01,isolation_forest,139,6674325490875,6674936816768,85.855525583,between_cues,0.3740771003161301,0.4833547401595273,0
rms_awaiting_call_01,isolation_forest,140,6674941386868,6675554523042,86.473231857,between_cues,0.3798446234392856,0.4833547401595273,0
rms_awaiting_call_01,isolation_forest,141,6675560583108,6676173048798,87.091757613,between_cues,0.38240109011149986,0.4833547401595273,0
rms_awaiting_call_01,isolation_forest,142,6676177172435,6676790989479,87.709698294,between_cues,0.3727230239115808,0.4833547401595273,0
rms_awaiting_call_01,isolation_forest,143,6676795023190,6677408816585,88.3275254,between_cues,0.3770784491196729,0.4833547401595273,0
rms_awaiting_call_01,isolation_forest,144,6677412898981,6678024867743,88.943576558,between_cues,0.3727395515365312,0.4833547401595273,0
rms_awaiting_call_01,isolation_forest,145,6678030828698,6678643527498,89.562236313,between_cues,0.3668417157721292,0.4833547401595273,0
rms_awaiting_call_01,isolation_forest,146,6678647589783,6679260741842,90.179450657,between_cues,0.3772981315539865,0.4833547401595273,0
rms_awaiting_call_01,isolation_forest,147,6679264883590,6679878291927,90.797000742,between_cues,0.37179358395305584,0.4833547401595273,0
rms_awaiting_call_01,isolation_forest,148,6679884329882,6680496386531,91.415095346,between_cues,0.3737425074334899,0.4833547401595273,0
rms_awaiting_call_01,isolation_forest,149,6680500312445,6681114071208,92.032780023,between_cues,0.37382251372024955,0.4833547401595273,0
rms_awaiting_call_01,isolation_forest,150,6681117959381,6681730917179,92.649625994,between_cues,0.37305697272560534,0.4833547401595273,0
rms_awaiting_call_01,isolation_forest,151,6681736737874,6682348727447,93.267436262,between_cues,0.3775041780544506,0.4833547401595273,0
rms_awaiting_call_01,isolation_forest,152,6682354561272,6682966291826,93.885000641,between_cues,0.37769947844070506,0.4833547401595273,0
rms_awaiting_call_01,isolation_forest,153,6682972142836,6683584690947,94.503399762,between_cues,0.3743999729153938,0.4833547401595273,0
rms_awaiting_call_01,isolation_forest,154,6683588598028,6684202574362,95.121283177,between_cues,0.371660222426128,0.4833547401595273,0
rms_awaiting_call_01,isolation_forest,155,6684206528202,6684819264960,95.737973775,between_cues,0.49961894431346315,0.4833547401595273,1
rms_awaiting_call_01,isolation_forest,156,6684825067599,6685436408354,96.355117169,between_cues,0.5530330268616687,0.4833547401595273,1
rms_awaiting_call_01,isolation_forest,157,6685442396642,6686055550474,96.974259289,between_cues,0.37366967332590756,0.4833547401595273,0
rms_awaiting_call_01,isolation_forest,158,6686059650555,6686672743108,97.591451923,between_cues,0.3712926463562322,0.4833547401595273,0
rms_awaiting_call_01,isolation_forest,159,6686676878597,6687289461611,98.208170426,between_cues,0.44341897101061833,0.4833547401595273,0
rms_awaiting_call_01,isolation_forest,160,6687295459233,6687907242375,98.82595119,between_cues,0.5890971832466677,0.4833547401595273,1
rms_awaiting_call_01,isolation_forest,161,6687913232163,6688525201527,99.443910342,between_cues,0.3712650629781826,0.4833547401595273,0
rms_awaiting_call_01,isolation_forest,162,6688529352664,6689142250696,100.060959511,between_cues,0.37898510658503054,0.4833547401595273,0
rms_awaiting_call_01,isolation_forest,163,6689148199744,6689760755941,100.679464756,between_cues,0.37685511329396526,0.4833547401595273,0
rms_awaiting_call_01,isolation_forest,164,6689764847893,6690377634294,101.296343109,between_cues,0.5668827323577732,0.4833547401595273,1
rms_awaiting_call_01,isolation_forest,165,6690383582860,6690995843075,101.91455189,between_cues,0.457618695712663,0.4833547401595273,0
rms_awaiting_call_01,isolation_forest,166,6690999980045,6691614045170,102.532753985,between_cues,0.37580434424647785,0.4833547401595273,0
rms_awaiting_call_01,isolation_forest,167,6691617953658,6692231344447,103.150053262,between_cues,0.3707610329290141,0.4833547401595273,0
rms_awaiting_call_01,isolation_forest,168,6692235302695,6692847892946,103.766601761,between_cues,0.5375865316304107,0.4833547401595273,1
rms_awaiting_call_01,isolation_forest,169,6692853694197,6693466595429,104.385304244,between_cues,0.5080415174895861,0.4833547401595273,1
rms_awaiting_call_01,isolation_forest,170,6693470502584,6694083820668,105.002529483,between_cues,0.3738306171628706,0.4833547401595273,0
rms_awaiting_call_01,isolation_forest,171,6694089654567,6694702169464,105.620878279,between_cues,0.3736828148582659,0.4833547401595273,0
rms_awaiting_call_01,isolation_forest,172,6694706191101,6695318622331,106.237331146,between_cues,0.38147970819689625,0.4833547401595273,0
rms_awaiting_call_01,isolation_forest,173,6695324750027,6695935960921,106.854669736,between_cues,0.4067891687129673,0.4833547401595273,0
rms_awaiting_call_01,isolation_forest,174,6695941804394,6696555109143,107.473817958,between_cues,0.3714153318407841,0.4833547401595273,0
rms_awaiting_call_01,isolation_forest,175,6696559336317,6697172563120,108.091271935,between_cues,0.3750142789443957,0.4833547401595273,0
rms_awaiting_call_01,isolation_forest,176,6697176959795,6697789886264,108.708595079,between_cues,0.3726644545776089,0.4833547401595273,0
rms_awaiting_call_01,isolation_forest,177,6697794035290,6698407159518,109.325868333,between_cues,0.36698014787640537,0.4833547401595273,0
rms_awaiting_call_01,isolation_forest,178,6698411719471,6699026248609,109.944957424,between_cues,0.37762363549803096,0.4833547401595273,0
rms_awaiting_call_01,isolation_forest,179,6699036165552,6699641632155,110.56034097,between_cues,0.37954386664727474,0.4833547401595273,0
rms_awaiting_call_01,isolation_forest,180,6699647932222,6700259653539,111.178362354,between_cues,0.375670011496913,0.4833547401595273,0
rms_awaiting_call_01,isolation_forest,181,6700266433661,6700877203791,111.795912606,between_cues,0.3768941625722452,0.4833547401595273,0
rms_awaiting_call_01,isolation_forest,182,6700883357710,6701495895768,112.414604583,between_cues,0.38380767094399565,0.4833547401595273,0
rms_awaiting_call_01,isolation_forest,183,6701500194868,6702114464818,113.033173633,between_cues,0.3704654197878447,0.4833547401595273,0
rms_awaiting_call_01,isolation_forest,184,6702118705381,6702729885195,113.64859401,between_cues,0.38249745226570264,0.4833547401595273,0
rms_awaiting_call_01,isolation_forest,185,6702734744259,6703348290188,114.266999003,between_cues,0.38086599438803176,0.4833547401595273,0
rms_awaiting_call_01,isolation_forest,186,6703352641399,6703965413808,114.884122623,between_cues,0.3752395764466411,0.4833547401595273,0
rms_awaiting_call_01,isolation_forest,187,6703971801171,6704587543195,115.50625201,between_cues,0.37186094781557616,0.4833547401595273,0
rms_awaiting_call_01,isolation_forest,188,6704589971533,6705201837661,116.120546476,between_cues,0.37832126066207244,0.4833547401595273,0
rms_awaiting_call_01,isolation_forest,189,6705206387483,6705819249798,116.737958613,between_cues,0.37588775835274507,0.4833547401595273,0
rms_awaiting_call_01,isolation_forest,190,6705823730750,6706436034156,117.354742971,between_cues,0.36919105504190913,0.4833547401595273,0
rms_awaiting_call_01,isolation_forest,191,6706442426278,6707053581515,117.97229033,between_cues,0.3764436839372807,0.4833547401595273,0
rms_awaiting_call_01,isolation_forest,192,6707058422931,6707672086320,118.590795135,between_cues,0.3671976682242665,0.4833547401595273,0
rms_awaiting_call_01,isolation_forest,193,6707688403200,6708292316071,119.211024886,between_cues,0.37267487350115674,0.4833547401595273,0
rms_awaiting_call_01,isolation_forest,194,6708294948427,6708907105257,119.825814072,straddling,0.37783847080196936,0.4833547401595273,0
rms_awaiting_call_01,isolation_forest,195,6708911329005,6709524218076,120.442926891,post_cue,0.3686070226544029,0.4833547401595273,0
rms_awaiting_call_01,isolation_forest,196,6709530487939,6710143062675,121.06177149,post_cue,0.37613116510034705,0.4833547401595273,0
rms_awaiting_call_01,isolation_forest,197,6710147447294,6710762009219,121.680718034,post_cue,0.37390598104082745,0.4833547401595273,0
rms_awaiting_call_01,isolation_forest,198,6710764492279,6711377424960,122.296133775,post_cue,0.37357392583637433,0.4833547401595273,0
rms_awaiting_call_01,isolation_forest,199,6711382944191,6711995190445,122.91389926,post_cue,0.377030749200363,0.4833547401595273,0
rms_awaiting_call_01,isolation_forest,200,6711999422359,6712612563780,123.531272595,post_cue,0.37576467701913124,0.4833547401595273,0
rms_awaiting_call_01,isolation_forest,201,6712617109121,6713230697246,124.149406061,post_cue,0.37256631765258313,0.4833547401595273,0
rms_awaiting_call_01,isolation_forest,202,6713235208791,6713849213583,124.767922398,post_cue,0.369647690305329,0.4833547401595273,0
rms_awaiting_call_01,isolation_forest,203,6713853674665,6714465293026,125.384001841,post_cue,0.3696866594112921,0.4833547401595273,0
rms_awaiting_call_01,isolation_forest,204,6714471627185,6715083359083,126.002067898,post_cue,0.3693815098033089,0.4833547401595273,0
rms_awaiting_call_01,isolation_forest,205,6715087788350,6715701230010,126.619938825,post_cue,0.3752767036196415,0.4833547401595273,0
rms_awaiting_call_01,isolation_forest,206,6715705810629,6716318393379,127.237102194,post_cue,0.3751240020842448,0.4833547401595273,0
rms_awaiting_call_01,isolation_forest,207,6716323108665,6716936972898,127.855681713,post_cue,0.374477591679728,0.4833547401595273,0
rms_awaiting_call_01,isolation_forest,208,6716941404313,6717554772175,128.47348099,post_cue,0.36958962824099667,0.4833547401595273,0
rms_awaiting_call_01,isolation_forest,209,6717559262072,6718172051191,129.090760006,post_cue,0.3730467046249658,0.4833547401595273,0
rms_awaiting_call_01,isolation_forest,210,6718176509958,6718789285689,129.707994504,post_cue,0.3736975654501106,0.4833547401595273,0
rms_awaiting_call_01,isolation_forest,211,6718794236438,6719408179633,130.326888448,post_cue,0.37471965924462636,0.4833547401595273,0
rms_awaiting_call_01,isolation_forest,212,6719412585455,6720025339629,130.944048444,post_cue,0.3763938061314839,0.4833547401595273,0
rms_awaiting_call_01,isolation_forest,213,6720029908562,6720652833920,131.571542735,post_cue,0.37743419131956574,0.4833547401595273,0
rms_awaiting_call_01,isolation_forest,214,6720655339461,6721260675362,132.179384177,post_cue,0.3699739486566809,0.4833547401595273,0
rms_awaiting_call_01,isolation_forest,215,6721265241814,6721877237078,132.795945893,post_cue,0.3788421717748842,0.4833547401595273,0
rms_awaiting_call_01,isolation_forest,216,6721883908145,6722495980389,133.414689204,post_cue,0.37415930035519795,0.4833547401595273,0
rms_awaiting_call_01,isolation_forest,217,6722500419378,6723113058827,134.031767642,post_cue,0.36594474955739315,0.4833547401595273,0
rms_awaiting_call_01,isolation_forest,218,6723117707169,6723730378839,134.649087654,post_cue,0.3787286697065132,0.4833547401595273,0
rms_awaiting_call_01,isolation_forest,219,6723735175848,6724348135833,135.266844648,post_cue,0.3772900771623192,0.4833547401595273,0
rms_awaiting_call_01,isolation_forest,220,6724352623711,6724965914141,135.884622956,post_cue,0.37691859618522994,0.4833547401595273,0
rms_awaiting_call_01,isolation_forest,221,6724970222463,6725583947708,136.502656523,post_cue,0.3785796811168392,0.4833547401595273,0
rms_awaiting_call_01,isolation_forest,222,6725588437105,6726202130924,137.120839739,post_cue,0.3724042339189363,0.4833547401595273,0
rms_awaiting_call_01,isolation_forest,223,6726206642357,6726818364783,137.737073598,post_cue,0.37423766256014485,0.4833547401595273,0
rms_awaiting_call_01,isolation_forest,224,6726824559701,6727437522814,138.356231629,post_cue,0.37580545661603,0.4833547401595273,0
rms_awaiting_call_01,isolation_forest,225,6727441993173,6728054103229,138.972812044,post_cue,0.3719252475557148,0.4833547401595273,0
rms_awaiting_call_01,isolation_forest,226,6728058406495,6728673083129,139.591791944,post_cue,0.37698281436023146,0.4833547401595273,0
rms_awaiting_call_01,isolation_forest,227,6728677522303,6729288795634,140.207504449,post_cue,0.3732112228151285,0.4833547401595273,0
rms_awaiting_call_01,isolation_forest,228,6729295027589,6729907934755,140.82664357,post_cue,0.3734378693353998,0.4833547401595273,0
rms_awaiting_call_01,isolation_forest,229,6729912421263,6730525522929,141.444231744,post_cue,0.3779453551607381,0.4833547401595273,0
rms_awaiting_call_01,isolation_forest,230,6730529981936,6731142309897,142.061018712,post_cue,0.3783602497011292,0.4833547401595273,0
rms_awaiting_call_01,isolation_forest,231,6731147010220,6731759858792,142.678567607,post_cue,0.37706029094732363,0.4833547401595273,0
rms_awaiting_call_01,isolation_forest,232,6731764531096,6732377045019,143.295753834,post_cue,0.3698817161040925,0.4833547401595273,0
rms_awaiting_call_01,isolation_forest,233,6732383490808,6732995111063,143.913819878,post_cue,0.37702241968232764,0.4833547401595273,0
rms_awaiting_call_01,isolation_forest,234,6732999438625,6733614140848,144.532849663,post_cue,0.3785872919457835,0.4833547401595273,0
rms_awaiting_call_01,tflite_autoencoder,1,6589093043189,6589706012256,0.624721071,pre_cue,0.18762251522997206,0.47720259914362284,0
rms_awaiting_call_01,tflite_autoencoder,2,6589711456618,6590323146701,1.241855516,pre_cue,0.16715943140871983,0.47720259914362284,0
rms_awaiting_call_01,tflite_autoencoder,3,6590329694343,6590941702537,1.860411352,pre_cue,0.17185633352507126,0.47720259914362284,0
rms_awaiting_call_01,tflite_autoencoder,4,6590945999285,6591559222574,2.477931389,pre_cue,0.17348556428089845,0.47720259914362284,0
rms_awaiting_call_01,tflite_autoencoder,5,6591563436470,6592176409128,3.095117943,pre_cue,0.18230922519220064,0.47720259914362284,0
rms_awaiting_call_01,tflite_autoencoder,6,6592180825525,6592794271164,3.712979979,pre_cue,0.19361166713216116,0.47720259914362284,0
rms_awaiting_call_01,tflite_autoencoder,7,6592798564802,6593411215791,4.329924606,pre_cue,0.1962041732990052,0.47720259914362284,0
rms_awaiting_call_01,tflite_autoencoder,8,6593417380654,6594030003883,4.948712698,pre_cue,0.18036242165715657,0.47720259914362284,0
rms_awaiting_call_01,tflite_autoencoder,9,6594034182132,6594646067581,5.564776396,pre_cue,0.209694768651969,0.47720259914362284,0
rms_awaiting_call_01,tflite_autoencoder,10,6594652736001,6595264047578,6.182756393,pre_cue,0.19211115877059712,0.47720259914362284,0
rms_awaiting_call_01,tflite_autoencoder,11,6595270394053,6595882190834,6.800899649,pre_cue,0.21254384769038218,0.47720259914362284,0
rms_awaiting_call_01,tflite_autoencoder,12,6595886409045,6596500503015,7.41921183,pre_cue,0.17851476981829797,0.47720259914362284,0
rms_awaiting_call_01,tflite_autoencoder,13,6596504906746,6597117112471,8.035821286,pre_cue,0.1586022529851109,0.47720259914362284,0
rms_awaiting_call_01,tflite_autoencoder,14,6597121505535,6597734350575,8.65305939,pre_cue,0.17972102590736494,0.47720259914362284,0
rms_awaiting_call_01,tflite_autoencoder,15,6597740441624,6598352420625,9.27112944,pre_cue,0.17326201146981332,0.47720259914362284,0
rms_awaiting_call_01,tflite_autoencoder,16,6598356756263,6598970207303,9.888916118,pre_cue,0.18415798400786562,0.47720259914362284,0
rms_awaiting_call_01,tflite_autoencoder,17,6598974567978,6599587317294,10.506026109,pre_cue,0.18246032926791145,0.47720259914362284,0
rms_awaiting_call_01,tflite_autoencoder,18,6599591666636,6600205124545,11.12383336,pre_cue,0.19605362982979693,0.47720259914362284,0
rms_awaiting_call_01,tflite_autoencoder,19,6600209410109,6600823697982,11.742406797,pre_cue,0.19622769713779972,0.47720259914362284,0
rms_awaiting_call_01,tflite_autoencoder,20,6600828122380,6601440570397,12.359279212,pre_cue,0.20085323883921893,0.47720259914362284,0
rms_awaiting_call_01,tflite_autoencoder,21,6601445005091,6602057433570,12.976142385,pre_cue,0.18111307698378357,0.47720259914362284,0
rms_awaiting_call_01,tflite_autoencoder,22,6602061930431,6602674977059,13.593685874,pre_cue,0.19791301503919811,0.47720259914362284,0
rms_awaiting_call_01,tflite_autoencoder,23,6602679830346,6603293845680,14.212554495,pre_cue,0.18913278889394528,0.47720259914362284,0
rms_awaiting_call_01,tflite_autoencoder,24,6603298369151,6603911320241,14.830029056,pre_cue,0.17124352031800907,0.47720259914362284,0
rms_awaiting_call_01,tflite_autoencoder,25,6603915849028,6604528358561,15.447067376,pre_cue,0.18176085567629854,0.47720259914362284,0
rms_awaiting_call_01,tflite_autoencoder,26,6604532816402,6605145047712,16.063756527,pre_cue,0.16536438262615505,0.47720259914362284,0
rms_awaiting_call_01,tflite_autoencoder,27,6605151344446,6605763774034,16.682482849,pre_cue,0.18441352450839096,0.47720259914362284,0
rms_awaiting_call_01,tflite_autoencoder,28,6605768260450,6606381860446,17.300569261,pre_cue,0.19181116101808726,0.47720259914362284,0
rms_awaiting_call_01,tflite_autoencoder,29,6606386341139,6606997674001,17.916382816,pre_cue,0.17517732177267442,0.47720259914362284,0
rms_awaiting_call_01,tflite_autoencoder,30,6607004108569,6607615442264,18.534151079,pre_cue,0.1634561046719134,0.47720259914362284,0
rms_awaiting_call_01,tflite_autoencoder,31,6607621657275,6608233048784,19.151757599,pre_cue,0.19282761022054803,0.47720259914362284,0
rms_awaiting_call_01,tflite_autoencoder,32,6608239401648,6608851455602,19.770164417,pre_cue,0.18188834622923933,0.47720259914362284,0
rms_awaiting_call_01,tflite_autoencoder,33,6608855896147,6609468929936,20.387638751,pre_cue,0.1853863442010574,0.47720259914362284,0
rms_awaiting_call_01,tflite_autoencoder,34,6609473349926,6610086720936,21.005429751,pre_cue,0.1936369347551906,0.47720259914362284,0
rms_awaiting_call_01,tflite_autoencoder,35,6610091346167,6610703728046,21.622436861,pre_cue,0.18393597384820085,0.47720259914362284,0
rms_awaiting_call_01,tflite_autoencoder,36,6610708102888,6611320984933,22.239693748,pre_cue,0.18984681412827106,0.47720259914362284,0
rms_awaiting_call_01,tflite_autoencoder,37,6611327250797,6611938710691,22.857419506,pre_cue,0.1987519545444766,0.47720259914362284,0
rms_awaiting_call_01,tflite_autoencoder,38,6611943163644,6612555917374,23.474626189,pre_cue,0.19312112626235836,0.47720259914362284,0
rms_awaiting_call_01,tflite_autoencoder,39,6612562112644,6613174897022,24.093605837,pre_cue,0.15460632501493876,0.47720259914362284,0
rms_awaiting_call_01,tflite_autoencoder,40,6613179246215,6613791722017,24.710430832,pre_cue,0.18572961420289977,0.47720259914362284,0
rms_awaiting_call_01,tflite_autoencoder,41,6613795909506,6614409820718,25.328529533,pre_cue,0.17696712218131694,0.47720259914362284,0
rms_awaiting_call_01,tflite_autoencoder,42,6614414245411,6615027261731,25.945970546,pre_cue,0.1652315857644382,0.47720259914362284,0
rms_awaiting_call_01,tflite_autoencoder,43,6615031477813,6615643727761,26.562436576,pre_cue,0.19140435130185138,0.47720259914362284,0
rms_awaiting_call_01,tflite_autoencoder,44,6615650091310,6616262181609,27.180890424,pre_cue,0.18280468304426098,0.47720259914362284,0
rms_awaiting_call_01,tflite_autoencoder,45,6616266927229,6616879411454,27.798120269,pre_cue,0.19940837494530683,0.47720259914362284,0
rms_awaiting_call_01,tflite_autoencoder,46,6616883942851,6617497297095,28.41600591,pre_cue,0.1976143785070216,0.47720259914362284,0
rms_awaiting_call_01,tflite_autoencoder,47,6617501844289,6618115526959,29.034235774,pre_cue,0.1842872388889969,0.47720259914362284,0
rms_awaiting_call_01,tflite_autoencoder,48,6618119855690,6618733641564,29.652350379,pre_cue,0.1634123758450642,0.47720259914362284,0
rms_awaiting_call_01,tflite_autoencoder,49,6618738776666,6619350359220,30.269068035,pre_cue,0.17968301068063341,0.47720259914362284,0
rms_awaiting_call_01,tflite_autoencoder,50,6619354854617,6619967991174,30.886699989,pre_cue,0.1476997644067124,0.47720259914362284,0
rms_awaiting_call_01,tflite_autoencoder,51,6619972582182,6620585817535,31.50452635,pre_cue,0.185679265631028,0.47720259914362284,0
rms_awaiting_call_01,tflite_autoencoder,52,6620590096894,6621202662041,32.121370856,pre_cue,0.18129321662034092,0.47720259914362284,0
rms_awaiting_call_01,tflite_autoencoder,53,6621209011294,6621821012198,32.739721013,pre_cue,0.1721086447797522,0.47720259914362284,0
rms_awaiting_call_01,tflite_autoencoder,54,6621825395521,6622438629983,33.357338798,pre_cue,0.1849906588262827,0.47720259914362284,0
rms_awaiting_call_01,tflite_autoencoder,55,6622443107417,6623057125028,33.975833843,pre_cue,0.19564451382553374,0.47720259914362284,0
rms_awaiting_call_01,tflite_autoencoder,56,6623061691222,6623673558439,34.592267254,pre_cue,0.17027237444422028,0.47720259914362284,0
rms_awaiting_call_01,tflite_autoencoder,57,6623680079173,6624292408669,35.211117484,pre_cue,0.1842595269175066,0.47720259914362284,0
rms_awaiting_call_01,tflite_autoencoder,58,6624296846047,6624909885321,35.828594136,pre_cue,0.18051431680744376,0.47720259914362284,0
rms_awaiting_call_01,tflite_autoencoder,59,6624914377885,6625527832956,36.446541771,pre_cue,0.1881136437277698,0.47720259914362284,0
rms_awaiting_call_01,tflite_autoencoder,60,6625532271612,6626144234123,37.062942938,pre_cue,0.19061472534302007,0.47720259914362284,0
rms_awaiting_call_01,tflite_autoencoder,61,6626150439783,6626762319479,37.681028294,pre_cue,0.18687903941033332,0.47720259914362284,0
rms_awaiting_call_01,tflite_autoencoder,62,6626766530654,6627380809150,38.299517965,pre_cue,0.2037988839141954,0.47720259914362284,0
rms_awaiting_call_01,tflite_autoencoder,63,6627385151232,6627996729315,38.91543813,pre_cue,0.1974444591954038,0.47720259914362284,0
rms_awaiting_call_01,tflite_autoencoder,64,6628003122660,6628614259834,39.532968649,pre_cue,0.19087186078336912,0.47720259914362284,0
rms_awaiting_call_01,tflite_autoencoder,65,6628620510846,6629233144078,40.151852893,pre_cue,0.18037510120131328,0.47720259914362284,0
rms_awaiting_call_01,tflite_autoencoder,66,6629237455512,6629850145466,40.768854281,pre_cue,0.2059450852419593,0.47720259914362284,0
rms_awaiting_call_01,tflite_autoencoder,67,6629854480900,6630468391244,41.387100059,pre_cue,0.16836496374769183,0.47720259914362284,0
rms_awaiting_call_01,tflite_autoencoder,68,6630472945086,6631085105778,42.003814593,pre_cue,0.18961102352219952,0.47720259914362284,0
rms_awaiting_call_01,tflite_autoencoder,69,6631091537827,6631703511556,42.622220371,pre_cue,0.18230296881949104,0.47720259914362284,0
rms_awaiting_call_01,tflite_autoencoder,70,6631707942490,6632320720238,43.239429053,pre_cue,0.19596100103119105,0.47720259914362284,0
rms_awaiting_call_01,tflite_autoencoder,71,6632325167709,6632939029125,43.85773794,pre_cue,0.1808226061378211,0.47720259914362284,0
rms_awaiting_call_01,tflite_autoencoder,72,6632943775782,6633556485603,44.475194418,pre_cue,0.19973671209418362,0.47720259914362284,0
rms_awaiting_call_01,tflite_autoencoder,73,6633560820648,6634173761932,45.092470747,pre_cue,0.19605808572971264,0.47720259914362284,0
rms_awaiting_call_01,tflite_autoencoder,74,6634178447440,6634790841908,45.709550723,pre_cue,0.17925881366615584,0.47720259914362284,0
rms_awaiting_call_01,tflite_autoencoder,75,6634796412121,6635409795719,46.328504534,pre_cue,0.16760094876850054,0.47720259914362284,0
rms_awaiting_call_01,tflite_autoencoder,76,6635414191579,6636026660342,46.945369157,pre_cue,0.18637261723241258,0.47720259914362284,0
rms_awaiting_call_01,tflite_autoencoder,77,6636030893498,6636644254058,47.562962873,pre_cue,0.18384361176909247,0.47720259914362284,0
rms_awaiting_call_01,tflite_autoencoder,78,6636648601899,6637262866219,48.181575034,pre_cue,0.21412293589550999,0.47720259914362284,0
rms_awaiting_call_01,tflite_autoencoder,79,6637267277542,6637879770526,48.798479341,pre_cue,0.17806481907081206,0.47720259914362284,0
rms_awaiting_call_01,tflite_autoencoder,80,6637884270237,6638497301091,49.416009906,pre_cue,0.1753763536374985,0.47720259914362284,0
rms_awaiting_call_01,tflite_autoencoder,81,6638501688229,6639114914546,50.033623361,pre_cue,0.19641255128315582,0.47720259914362284,0
rms_awaiting_call_01,tflite_autoencoder,82,6639119431980,6639732022054,50.650730869,pre_cue,0.20865168098470774,0.47720259914362284,0
rms_awaiting_call_01,tflite_autoencoder,83,6639736375099,6640349391507,51.268100322,pre_cue,0.17829936700965257,0.47720259914362284,0
rms_awaiting_call_01,tflite_autoencoder,84,6640354035404,6640967007904,51.885716719,straddling,0.18703789119146275,0.47720259914362284,0
rms_awaiting_call_01,tflite_autoencoder,85,6640973251638,6641584668838,52.503377653,between_cues,0.1790780855768063,0.47720259914362284,0
rms_awaiting_call_01,tflite_autoencoder,86,6641590873386,6642203607903,53.122316718,between_cues,0.18810854273450062,0.47720259914362284,0
rms_awaiting_call_01,tflite_autoencoder,87,6642207839448,6642819749203,53.738458018,between_cues,0.17366140765696989,0.47720259914362284,0
rms_awaiting_call_01,tflite_autoencoder,88,6642826146807,6643439331713,54.358040528,between_cues,0.19166500794559482,0.47720259914362284,0
rms_awaiting_call_01,tflite_autoencoder,89,6643443802869,6644055761049,54.974469864,between_cues,0.19207514582583465,0.47720259914362284,0
rms_awaiting_call_01,tflite_autoencoder,90,6644060324576,6644673074572,55.591783387,between_cues,0.1865885419709852,0.47720259914362284,0
rms_awaiting_call_01,tflite_autoencoder,91,6644679442676,6645291255725,56.20996454,between_cues,0.19602851103519628,0.47720259914362284,0
rms_awaiting_call_01,tflite_autoencoder,92,6645295696974,6645909295045,56.82800386,between_cues,0.18630275477824498,0.47720259914362284,0
rms_awaiting_call_01,tflite_autoencoder,93,6645913839275,6646526016713,57.444725528,between_cues,0.17219547076046413,0.47720259914362284,0
rms_awaiting_call_01,tflite_autoencoder,94,6646531830186,6647144400476,58.063109291,between_cues,0.17430504787198972,0.47720259914362284,0
rms_awaiting_call_01,tflite_autoencoder,95,6647148315131,6647760777513,58.679486328,between_cues,0.17326169141131467,0.47720259914362284,0
rms_awaiting_call_01,tflite_autoencoder,96,6647766610950,6648379466276,59.298175091,between_cues,0.18327948041540232,0.47720259914362284,0
rms_awaiting_call_01,tflite_autoencoder,97,6648383396320,6648997612093,59.916320908,between_cues,0.19645043345650018,0.47720259914362284,0
rms_awaiting_call_01,tflite_autoencoder,98,6649001542766,6649614279721,60.532988536,between_cues,0.18367414012656624,0.47720259914362284,0
rms_awaiting_call_01,tflite_autoencoder,99,6649620092028,6650231449146,61.150157961,between_cues,0.20006234572752093,0.47720259914362284,0
rms_awaiting_call_01,tflite_autoencoder,100,6650237265823,6650849491294,61.768200109,between_cues,0.17528521962735985,0.47720259914362284,0
rms_awaiting_call_01,tflite_autoencoder,101,6650853668172,6651466870329,62.385579144,between_cues,0.1920142608075306,0.47720259914362284,0
rms_awaiting_call_01,tflite_autoencoder,102,6651472862136,6652084637235,63.00334605,between_cues,0.2143969753806275,0.47720259914362284,0
rms_awaiting_call_01,tflite_autoencoder,103,6652090673876,6652702921512,63.621630327,between_cues,0.19643527199641161,0.47720259914362284,0
rms_awaiting_call_01,tflite_autoencoder,104,6652707019001,6653320644324,64.239353139,between_cues,0.19157487968626138,0.47720259914362284,0
rms_awaiting_call_01,tflite_autoencoder,105,6653324791220,6653937470189,64.856179004,between_cues,0.18214107054559836,0.47720259914362284,0
rms_awaiting_call_01,tflite_autoencoder,106,6653943739849,6654556137984,65.474846799,between_cues,0.1900800868258711,0.47720259914362284,0
rms_awaiting_call_01,tflite_autoencoder,107,6654560279584,6655173510608,66.092219423,between_cues,0.20175153136566623,0.47720259914362284,0
rms_awaiting_call_01,tflite_autoencoder,108,6655177636023,6655790531139,66.709239954,between_cues,0.18577827935085497,0.47720259914362284,0
rms_awaiting_call_01,tflite_autoencoder,109,6655796530687,6656408135930,67.326844745,between_cues,0.18058346894608204,0.47720259914362284,0
rms_awaiting_call_01,tflite_autoencoder,110,6656414334904,6657025647701,67.944356516,between_cues,0.1898277814119814,0.47720259914362284,0
rms_awaiting_call_01,tflite_autoencoder,111,6657031615804,6657643557047,68.562265862,between_cues,0.18379776751940927,0.47720259914362284,0
rms_awaiting_call_01,tflite_autoencoder,112,6657649546613,6658261700707,69.180409522,between_cues,0.17758224526514385,0.47720259914362284,0
rms_awaiting_call_01,tflite_autoencoder,113,6658265755103,6658879120995,69.79782981,between_cues,0.18782308020376584,0.47720259914362284,0
rms_awaiting_call_01,tflite_autoencoder,114,6658883257114,6659496311060,70.415019875,between_cues,0.18875956590928875,0.47720259914362284,0
rms_awaiting_call_01,tflite_autoencoder,115,6659502279034,6660115333035,71.03404185,between_cues,0.18511960432119756,0.47720259914362284,0
rms_awaiting_call_01,tflite_autoencoder,116,6660119356746,6660731732875,71.65044169,between_cues,0.17424104693100015,0.47720259914362284,0
rms_awaiting_call_01,tflite_autoencoder,117,6660737559330,6661349171439,72.267880254,between_cues,0.19772450725795387,0.47720259914362284,0
rms_awaiting_call_01,tflite_autoencoder,118,6661354987209,6661966574354,72.885283169,between_cues,0.18382054659982336,0.47720259914362284,0
rms_awaiting_call_01,tflite_autoencoder,119,6661972376049,6662585655345,73.50436416,between_cues,0.1883518853496701,0.47720259914362284,0
rms_awaiting_call_01,tflite_autoencoder,120,6662589562352,6663202984222,74.121693037,between_cues,0.16118733362552126,0.47720259914362284,0
rms_awaiting_call_01,tflite_autoencoder,121,6663206937470,6663819467078,74.738175893,between_cues,0.17724134519461524,0.47720259914362284,0
rms_awaiting_call_01,tflite_autoencoder,122,6663825260200,6664438296216,75.357005031,between_cues,0.18522174579244313,0.47720259914362284,0
rms_awaiting_call_01,tflite_autoencoder,123,6664442206982,6665055662572,75.974371387,between_cues,0.19081373183936043,0.47720259914362284,0
rms_awaiting_call_01,tflite_autoencoder,124,6665059698950,6665674058394,76.592767209,between_cues,0.19369441472746018,0.47720259914362284,0
rms_awaiting_call_01,tflite_autoencoder,125,6665678148771,6666290301247,77.209010062,between_cues,0.17765746908625943,0.47720259914362284,0
rms_awaiting_call_01,tflite_autoencoder,126,6666296311776,6666908313955,77.82702277,between_cues,0.1807242610931504,0.47720259914362284,0
rms_awaiting_call_01,tflite_autoencoder,127,6666914293188,6667525625106,78.444333921,between_cues,0.19704973160464098,0.47720259914362284,0
rms_awaiting_call_01,tflite_autoencoder,128,6667531624413,6668143162738,79.061871553,between_cues,0.20959596897682017,0.47720259914362284,0
rms_awaiting_call_01,tflite_autoencoder,129,6668149264397,6668760955351,79.679664166,between_cues,0.19087306683049357,0.47720259914362284,0
rms_awaiting_call_01,tflite_autoencoder,130,6668766978140,6669379035742,80.297744557,between_cues,0.19641204312389723,0.47720259914362284,0
rms_awaiting_call_01,tflite_autoencoder,131,6669383056509,6669996922244,80.915631059,between_cues,0.17700798872117626,0.47720259914362284,0
rms_awaiting_call_01,tflite_autoencoder,132,6670000809880,6670614946615,81.53365543,between_cues,0.1652124713719895,0.47720259914362284,0
rms_awaiting_call_01,tflite_autoencoder,133,6670618853456,6671231556243,82.150265058,between_cues,0.17512923310329143,0.47720259914362284,0
rms_awaiting_call_01,tflite_autoencoder,134,6671237358846,6671849002909,82.767711724,between_cues,0.19412908333350742,0.47720259914362284,0
rms_awaiting_call_01,tflite_autoencoder,135,6671854801382,6672467127112,83.385835927,between_cues,0.16394306249026633,0.47720259914362284,0
rms_awaiting_call_01,tflite_autoencoder,136,6672471028527,6673084714166,84.003422981,between_cues,0.18012728856757457,0.47720259914362284,0
rms_awaiting_call_01,tflite_autoencoder,137,6673088635229,6673702810202,84.621519017,between_cues,0.17910368314483746,0.47720259914362284,0
rms_awaiting_call_01,tflite_autoencoder,138,6673706736987,6674319580531,85.238289346,between_cues,0.1846682992901331,0.47720259914362284,0
rms_awaiting_call_01,tflite_autoencoder,139,6674325490875,6674936816768,85.855525583,between_cues,0.21068242592266836,0.47720259914362284,0
rms_awaiting_call_01,tflite_autoencoder,140,6674941386868,6675554523042,86.473231857,between_cues,0.18120103937613755,0.47720259914362284,0
rms_awaiting_call_01,tflite_autoencoder,141,6675560583108,6676173048798,87.091757613,between_cues,0.18842312181573106,0.47720259914362284,0
rms_awaiting_call_01,tflite_autoencoder,142,6676177172435,6676790989479,87.709698294,between_cues,0.20325030821337928,0.47720259914362284,0
rms_awaiting_call_01,tflite_autoencoder,143,6676795023190,6677408816585,88.3275254,between_cues,0.174448847132289,0.47720259914362284,0
rms_awaiting_call_01,tflite_autoencoder,144,6677412898981,6678024867743,88.943576558,between_cues,0.1905176764362905,0.47720259914362284,0
rms_awaiting_call_01,tflite_autoencoder,145,6678030828698,6678643527498,89.562236313,between_cues,0.174992841912777,0.47720259914362284,0
rms_awaiting_call_01,tflite_autoencoder,146,6678647589783,6679260741842,90.179450657,between_cues,0.19137458436694152,0.47720259914362284,0
rms_awaiting_call_01,tflite_autoencoder,147,6679264883590,6679878291927,90.797000742,between_cues,0.19183026045158602,0.47720259914362284,0
rms_awaiting_call_01,tflite_autoencoder,148,6679884329882,6680496386531,91.415095346,between_cues,0.17238867864628507,0.47720259914362284,0
rms_awaiting_call_01,tflite_autoencoder,149,6680500312445,6681114071208,92.032780023,between_cues,0.16191996597532052,0.47720259914362284,0
rms_awaiting_call_01,tflite_autoencoder,150,6681117959381,6681730917179,92.649625994,between_cues,0.1751092163985686,0.47720259914362284,0
rms_awaiting_call_01,tflite_autoencoder,151,6681736737874,6682348727447,93.267436262,between_cues,0.1841636479657988,0.47720259914362284,0
rms_awaiting_call_01,tflite_autoencoder,152,6682354561272,6682966291826,93.885000641,between_cues,0.19187056790417753,0.47720259914362284,0
rms_awaiting_call_01,tflite_autoencoder,153,6682972142836,6683584690947,94.503399762,between_cues,0.17345496899095533,0.47720259914362284,0
rms_awaiting_call_01,tflite_autoencoder,154,6683588598028,6684202574362,95.121283177,between_cues,0.2061396776864197,0.47720259914362284,0
rms_awaiting_call_01,tflite_autoencoder,155,6684206528202,6684819264960,95.737973775,between_cues,2.1574501103693886,0.47720259914362284,1
rms_awaiting_call_01,tflite_autoencoder,156,6684825067599,6685436408354,96.355117169,between_cues,3.3333259899979915,0.47720259914362284,1
rms_awaiting_call_01,tflite_autoencoder,157,6685442396642,6686055550474,96.974259289,between_cues,0.17917368942368914,0.47720259914362284,0
rms_awaiting_call_01,tflite_autoencoder,158,6686059650555,6686672743108,97.591451923,between_cues,0.17360016983557594,0.47720259914362284,0
rms_awaiting_call_01,tflite_autoencoder,159,6686676878597,6687289461611,98.208170426,between_cues,1.219879385682037,0.47720259914362284,1
rms_awaiting_call_01,tflite_autoencoder,160,6687295459233,6687907242375,98.82595119,between_cues,4.677386971203617,0.47720259914362284,1
rms_awaiting_call_01,tflite_autoencoder,161,6687913232163,6688525201527,99.443910342,between_cues,0.2529117709634743,0.47720259914362284,0
rms_awaiting_call_01,tflite_autoencoder,162,6688529352664,6689142250696,100.060959511,between_cues,0.1957367517655649,0.47720259914362284,0
rms_awaiting_call_01,tflite_autoencoder,163,6689148199744,6689760755941,100.679464756,between_cues,0.19862403325122754,0.47720259914362284,0
rms_awaiting_call_01,tflite_autoencoder,164,6689764847893,6690377634294,101.296343109,between_cues,4.659987537282547,0.47720259914362284,1
rms_awaiting_call_01,tflite_autoencoder,165,6690383582860,6690995843075,101.91455189,between_cues,1.5383067589017536,0.47720259914362284,1
rms_awaiting_call_01,tflite_autoencoder,166,6690999980045,6691614045170,102.532753985,between_cues,0.21162779986992356,0.47720259914362284,0
rms_awaiting_call_01,tflite_autoencoder,167,6691617953658,6692231344447,103.150053262,between_cues,0.19673898303312853,0.47720259914362284,0
rms_awaiting_call_01,tflite_autoencoder,168,6692235302695,6692847892946,103.766601761,between_cues,3.477646547759296,0.47720259914362284,1
rms_awaiting_call_01,tflite_autoencoder,169,6692853694197,6693466595429,104.385304244,between_cues,2.890177365580218,0.47720259914362284,1
rms_awaiting_call_01,tflite_autoencoder,170,6693470502584,6694083820668,105.002529483,between_cues,0.19021154641164073,0.47720259914362284,0
rms_awaiting_call_01,tflite_autoencoder,171,6694089654567,6694702169464,105.620878279,between_cues,0.19389127629258476,0.47720259914362284,0
rms_awaiting_call_01,tflite_autoencoder,172,6694706191101,6695318622331,106.237331146,between_cues,0.19529596666234283,0.47720259914362284,0
rms_awaiting_call_01,tflite_autoencoder,173,6695324750027,6695935960921,106.854669736,between_cues,0.7880705135293288,0.47720259914362284,1
rms_awaiting_call_01,tflite_autoencoder,174,6695941804394,6696555109143,107.473817958,between_cues,0.17846598446291276,0.47720259914362284,0
rms_awaiting_call_01,tflite_autoencoder,175,6696559336317,6697172563120,108.091271935,between_cues,0.1895755613399762,0.47720259914362284,0
rms_awaiting_call_01,tflite_autoencoder,176,6697176959795,6697789886264,108.708595079,between_cues,0.2058412483458009,0.47720259914362284,0
rms_awaiting_call_01,tflite_autoencoder,177,6697794035290,6698407159518,109.325868333,between_cues,0.20194179905606968,0.47720259914362284,0
rms_awaiting_call_01,tflite_autoencoder,178,6698411719471,6699026248609,109.944957424,between_cues,0.18082555185226803,0.47720259914362284,0
rms_awaiting_call_01,tflite_autoencoder,179,6699036165552,6699641632155,110.56034097,between_cues,0.19915368534229935,0.47720259914362284,0
rms_awaiting_call_01,tflite_autoencoder,180,6699647932222,6700259653539,111.178362354,between_cues,0.18255395946035927,0.47720259914362284,0
rms_awaiting_call_01,tflite_autoencoder,181,6700266433661,6700877203791,111.795912606,between_cues,0.18371406237935448,0.47720259914362284,0
rms_awaiting_call_01,tflite_autoencoder,182,6700883357710,6701495895768,112.414604583,between_cues,0.17828109881233445,0.47720259914362284,0
rms_awaiting_call_01,tflite_autoencoder,183,6701500194868,6702114464818,113.033173633,between_cues,0.17709238988754641,0.47720259914362284,0
rms_awaiting_call_01,tflite_autoencoder,184,6702118705381,6702729885195,113.64859401,between_cues,0.19841429289026183,0.47720259914362284,0
rms_awaiting_call_01,tflite_autoencoder,185,6702734744259,6703348290188,114.266999003,between_cues,0.18679318881286597,0.47720259914362284,0
rms_awaiting_call_01,tflite_autoencoder,186,6703352641399,6703965413808,114.884122623,between_cues,0.18567100300861084,0.47720259914362284,0
rms_awaiting_call_01,tflite_autoencoder,187,6703971801171,6704587543195,115.50625201,between_cues,0.19131236542479257,0.47720259914362284,0
rms_awaiting_call_01,tflite_autoencoder,188,6704589971533,6705201837661,116.120546476,between_cues,0.18926716645124486,0.47720259914362284,0
rms_awaiting_call_01,tflite_autoencoder,189,6705206387483,6705819249798,116.737958613,between_cues,0.20218476931104176,0.47720259914362284,0
rms_awaiting_call_01,tflite_autoencoder,190,6705823730750,6706436034156,117.354742971,between_cues,0.19559097097767028,0.47720259914362284,0
rms_awaiting_call_01,tflite_autoencoder,191,6706442426278,6707053581515,117.97229033,between_cues,0.19766706122584118,0.47720259914362284,0
rms_awaiting_call_01,tflite_autoencoder,192,6707058422931,6707672086320,118.590795135,between_cues,0.1855914043749697,0.47720259914362284,0
rms_awaiting_call_01,tflite_autoencoder,193,6707688403200,6708292316071,119.211024886,between_cues,0.20372016179474114,0.47720259914362284,0
rms_awaiting_call_01,tflite_autoencoder,194,6708294948427,6708907105257,119.825814072,straddling,0.18801527028394638,0.47720259914362284,0
rms_awaiting_call_01,tflite_autoencoder,195,6708911329005,6709524218076,120.442926891,post_cue,0.18462700930031653,0.47720259914362284,0
rms_awaiting_call_01,tflite_autoencoder,196,6709530487939,6710143062675,121.06177149,post_cue,0.18758994845542887,0.47720259914362284,0
rms_awaiting_call_01,tflite_autoencoder,197,6710147447294,6710762009219,121.680718034,post_cue,0.1895689058760439,0.47720259914362284,0
rms_awaiting_call_01,tflite_autoencoder,198,6710764492279,6711377424960,122.296133775,post_cue,0.20073637730730332,0.47720259914362284,0
rms_awaiting_call_01,tflite_autoencoder,199,6711382944191,6711995190445,122.91389926,post_cue,0.1966958185975689,0.47720259914362284,0
rms_awaiting_call_01,tflite_autoencoder,200,6711999422359,6712612563780,123.531272595,post_cue,0.17847312663607795,0.47720259914362284,0
rms_awaiting_call_01,tflite_autoencoder,201,6712617109121,6713230697246,124.149406061,post_cue,0.1948622473007878,0.47720259914362284,0
rms_awaiting_call_01,tflite_autoencoder,202,6713235208791,6713849213583,124.767922398,post_cue,0.18789468026858427,0.47720259914362284,0
rms_awaiting_call_01,tflite_autoencoder,203,6713853674665,6714465293026,125.384001841,post_cue,0.1739598069225916,0.47720259914362284,0
rms_awaiting_call_01,tflite_autoencoder,204,6714471627185,6715083359083,126.002067898,post_cue,0.19173401696335146,0.47720259914362284,0
rms_awaiting_call_01,tflite_autoencoder,205,6715087788350,6715701230010,126.619938825,post_cue,0.18440804804710176,0.47720259914362284,0
rms_awaiting_call_01,tflite_autoencoder,206,6715705810629,6716318393379,127.237102194,post_cue,0.2018819077229046,0.47720259914362284,0
rms_awaiting_call_01,tflite_autoencoder,207,6716323108665,6716936972898,127.855681713,post_cue,0.181818776145831,0.47720259914362284,0
rms_awaiting_call_01,tflite_autoencoder,208,6716941404313,6717554772175,128.47348099,post_cue,0.18519084215005735,0.47720259914362284,0
rms_awaiting_call_01,tflite_autoencoder,209,6717559262072,6718172051191,129.090760006,post_cue,0.17577018353925222,0.47720259914362284,0
rms_awaiting_call_01,tflite_autoencoder,210,6718176509958,6718789285689,129.707994504,post_cue,0.18798781339868795,0.47720259914362284,0
rms_awaiting_call_01,tflite_autoencoder,211,6718794236438,6719408179633,130.326888448,post_cue,0.19347543849770923,0.47720259914362284,0
rms_awaiting_call_01,tflite_autoencoder,212,6719412585455,6720025339629,130.944048444,post_cue,0.1808416322800627,0.47720259914362284,0
rms_awaiting_call_01,tflite_autoencoder,213,6720029908562,6720652833920,131.571542735,post_cue,0.19458787331602956,0.47720259914362284,0
rms_awaiting_call_01,tflite_autoencoder,214,6720655339461,6721260675362,132.179384177,post_cue,0.17696405136527696,0.47720259914362284,0
rms_awaiting_call_01,tflite_autoencoder,215,6721265241814,6721877237078,132.795945893,post_cue,0.18379953333502294,0.47720259914362284,0
rms_awaiting_call_01,tflite_autoencoder,216,6721883908145,6722495980389,133.414689204,post_cue,0.18478835823616815,0.47720259914362284,0
rms_awaiting_call_01,tflite_autoencoder,217,6722500419378,6723113058827,134.031767642,post_cue,0.189116410755825,0.47720259914362284,0
rms_awaiting_call_01,tflite_autoencoder,218,6723117707169,6723730378839,134.649087654,post_cue,0.17765996467754666,0.47720259914362284,0
rms_awaiting_call_01,tflite_autoencoder,219,6723735175848,6724348135833,135.266844648,post_cue,0.19875450207466372,0.47720259914362284,0
rms_awaiting_call_01,tflite_autoencoder,220,6724352623711,6724965914141,135.884622956,post_cue,0.16987871852370118,0.47720259914362284,0
rms_awaiting_call_01,tflite_autoencoder,221,6724970222463,6725583947708,136.502656523,post_cue,0.19945852339209638,0.47720259914362284,0
rms_awaiting_call_01,tflite_autoencoder,222,6725588437105,6726202130924,137.120839739,post_cue,0.19441027061774832,0.47720259914362284,0
rms_awaiting_call_01,tflite_autoencoder,223,6726206642357,6726818364783,137.737073598,post_cue,0.17617608664436327,0.47720259914362284,0
rms_awaiting_call_01,tflite_autoencoder,224,6726824559701,6727437522814,138.356231629,post_cue,0.22424513624978962,0.47720259914362284,0
rms_awaiting_call_01,tflite_autoencoder,225,6727441993173,6728054103229,138.972812044,post_cue,0.1839003840359227,0.47720259914362284,0
rms_awaiting_call_01,tflite_autoencoder,226,6728058406495,6728673083129,139.591791944,post_cue,0.19171389908642,0.47720259914362284,0
rms_awaiting_call_01,tflite_autoencoder,227,6728677522303,6729288795634,140.207504449,post_cue,0.17403610294835556,0.47720259914362284,0
rms_awaiting_call_01,tflite_autoencoder,228,6729295027589,6729907934755,140.82664357,post_cue,0.20152726785775835,0.47720259914362284,0
rms_awaiting_call_01,tflite_autoencoder,229,6729912421263,6730525522929,141.444231744,post_cue,0.1800673419016583,0.47720259914362284,0
rms_awaiting_call_01,tflite_autoencoder,230,6730529981936,6731142309897,142.061018712,post_cue,0.196165406919947,0.47720259914362284,0
rms_awaiting_call_01,tflite_autoencoder,231,6731147010220,6731759858792,142.678567607,post_cue,0.2090158759800443,0.47720259914362284,0
rms_awaiting_call_01,tflite_autoencoder,232,6731764531096,6732377045019,143.295753834,post_cue,0.19754915923960148,0.47720259914362284,0
rms_awaiting_call_01,tflite_autoencoder,233,6732383490808,6732995111063,143.913819878,post_cue,0.2134544139974892,0.47720259914362284,0
rms_awaiting_call_01,tflite_autoencoder,234,6732999438625,6733614140848,144.532849663,post_cue,0.20339537413329425,0.47720259914362284,0
