split,split_index,source_file,window_index,start_sample,end_sample_exclusive,window_start_s,window_end_s,label,anomaly_fraction
train,0,normal_001.csv,0,0,128,8.700008038431406e-07,0.2540531160011596,0,0.0
train,1,normal_001.csv,1,128,256,0.2560543380004674,0.5100527880003938,0,0.0
train,2,normal_001.csv,2,256,384,0.5120526200007589,0.7660526810013835,0,0.0
train,3,normal_001.csv,3,384,512,0.7680525140003738,1.0220528150002792,0,0.0
train,4,normal_001.csv,4,512,640,1.0240543150011945,1.2780551350006135,0,0.0
train,5,normal_001.csv,5,640,768,1.2800551160016769,1.5340554540016456,0,0.0
train,6,normal_001.csv,6,768,896,1.5360615280005732,1.7913987730007648,0,0.0
train,7,normal_001.csv,7,896,1024,1.7924781990004703,2.0460699080013,0,0.0
train,8,normal_001.csv,8,1024,1152,2.048059259001093,2.3020550050005117,0,0.0
train,9,normal_001.csv,9,1152,1280,2.3040538190016377,2.5580527310012258,0,0.0
train,10,normal_001.csv,10,1280,1408,2.560057286000301,2.814054088001285,0,0.0
train,11,normal_001.csv,11,1408,1536,2.816054717000952,3.0700552400012384,0,0.0
train,12,normal_001.csv,12,1536,1664,3.07205468400025,3.326054171000578,0,0.0
train,13,normal_001.csv,13,1664,1792,3.328054707000774,3.582054157001039,0,0.0
train,14,normal_001.csv,14,1792,1920,3.584069434000412,3.838065550000465,0,0.0
train,15,normal_001.csv,15,1920,2048,3.840060920001633,4.094053980001263,0,0.0
train,16,normal_001.csv,16,2048,2176,4.096054831001311,4.35005444700073,0,0.0
train,17,normal_001.csv,17,2176,2304,4.3520547060015815,4.606053989000429,0,0.0
train,18,normal_001.csv,18,2304,2432,4.608054377000372,4.862054066999917,0,0.0
train,19,normal_001.csv,19,2432,2560,4.864054491999923,5.118054016000315,0,0.0
train,20,normal_001.csv,20,2560,2688,5.120055719000447,5.374054982999951,0,0.0
train,21,normal_001.csv,21,2688,2816,5.376055223001458,5.630054265000581,0,0.0
train,22,normal_001.csv,22,2816,2944,5.632054950001475,5.886053862001063,0,0.0
train,23,normal_001.csv,23,2944,3072,5.888054861001365,6.142053958999895,0,0.0
train,24,normal_001.csv,24,3072,3200,6.14405497700136,6.39805422200152,0,0.0
train,25,normal_001.csv,25,3200,3328,6.400055146999875,6.654065171000184,0,0.0
train,26,normal_001.csv,26,3328,3456,6.656059652001204,6.910059434001596,0,0.0
train,27,normal_001.csv,27,3456,3584,6.912056619001305,7.166058549000809,0,0.0
train,28,normal_001.csv,28,3584,3712,7.168055530000856,7.422054831000423,0,0.0
train,29,normal_001.csv,29,3712,3840,7.424053627000831,7.67805263199989,0,0.0
train,30,normal_001.csv,30,3840,3968,7.680060261000108,7.934060710000267,0,0.0
train,31,normal_001.csv,31,3968,4096,7.93605393100006,8.190055158000177,0,0.0
train,32,normal_001.csv,32,4096,4224,8.19205371300086,8.446052717999919,0,0.0
train,33,normal_001.csv,33,4224,4352,8.448055273000136,8.70205525900019,0,0.0
train,34,normal_001.csv,34,4352,4480,8.704053869001655,8.958052670001052,0,0.0
train,35,normal_001.csv,35,4480,4608,8.960053966000487,9.214052563000225,0,0.0
train,36,normal_001.csv,36,4608,4736,9.216053137000928,9.47005312300098,0,0.0
train,37,normal_001.csv,37,4736,4864,9.47205358500105,9.726052645000893,0,0.0
train,38,normal_001.csv,38,4864,4992,9.728053237000497,9.982052612000189,0,0.0
train,39,normal_001.csv,39,4992,5120,9.98405309300142,10.238052579001303,0,0.0
train,40,normal_001.csv,40,5120,5248,10.24005350400148,10.494052694000857,0,0.0
train,41,normal_001.csv,41,5248,5376,10.496053026001391,10.75005727200005,0,0.0
train,42,normal_001.csv,42,5376,5504,10.752055401000687,11.006052998000088,0,0.0
train,43,normal_001.csv,43,5504,5632,11.008053238001594,11.262052779000442,0,0.0
train,44,normal_001.csv,44,5632,5760,11.264053353001144,11.518052654000712,0,0.0
train,45,normal_001.csv,45,5760,5888,11.52005494900004,11.774052804999885,0,0.0
train,46,normal_001.csv,46,5888,6016,11.776053249001052,12.030053180000325,0,0.0
train,47,normal_001.csv,47,6016,6144,12.032053568000263,12.28605266500017,0,0.0
train,48,normal_001.csv,48,6144,6272,12.288053053000112,12.542065409001223,0,0.0
train,49,normal_001.csv,49,6272,6400,12.544055464000849,12.798053950000394,0,0.0
train,50,normal_001.csv,50,6400,6528,12.80005657900074,13.054058972000348,0,0.0
train,51,normal_001.csv,51,6528,6656,13.056056768000415,13.310054661000322,0,0.0
train,52,normal_001.csv,52,6656,6784,13.312054975000136,13.566054165001333,0,0.0
train,53,normal_001.csv,53,6784,6912,13.56805529400117,13.822053965001032,0,0.0
train,54,normal_001.csv,54,6912,7040,13.824054407999938,14.07805396799995,0,0.0
train,55,normal_001.csv,55,7040,7168,14.08006113400006,14.334053898001002,0,0.0
train,56,normal_001.csv,56,7168,7296,14.336054377999972,14.590058142000998,0,0.0
train,57,normal_001.csv,57,7296,7424,14.592058604001068,14.846053960000065,0,0.0
train,58,normal_001.csv,58,7424,7552,14.848054997000872,15.10205939000116,0,0.0
train,59,normal_001.csv,59,7552,7680,15.104055685000276,15.358053875001133,0,0.0
train,60,normal_001.csv,60,7680,7808,15.360055207000189,15.614054137000494,0,0.0
train,61,normal_001.csv,61,7808,7936,15.616054877000352,15.870055493000107,0,0.0
train,62,normal_001.csv,62,7936,8064,15.872054862000368,16.12605412599987,0,0.0
train,63,normal_001.csv,63,8064,8192,16.128054940001675,16.382054259000142,0,0.0
train,64,normal_001.csv,64,8192,8320,16.38405470300131,16.638054003000434,0,0.0
train,65,normal_001.csv,65,8320,8448,16.640057817001434,16.894053932001043,0,0.0
train,66,normal_001.csv,66,8448,8576,16.896055006000097,17.150055547001102,0,0.0
train,67,normal_001.csv,67,8576,8704,17.15205506500024,17.40605434600002,0,0.0
train,68,normal_001.csv,68,8704,8832,17.408054735000405,17.66205751600137,0,0.0
train,69,normal_001.csv,69,8832,8960,17.66405501600093,17.918068853001387,0,0.0
train,70,normal_001.csv,70,8960,9088,17.920057852001264,18.174053967000876,0,0.0
train,71,normal_001.csv,71,9088,9216,18.176054651999948,18.430059045000235,0,0.0
train,72,normal_001.csv,72,9216,9344,18.43205995200151,18.686054104000505,0,0.0
train,73,normal_001.csv,73,9344,9472,18.68805486200108,18.94205388500086,0,0.0
train,74,normal_001.csv,74,9472,9600,18.944054199000675,19.198054517000852,0,0.0
train,75,normal_001.csv,75,9600,9728,19.200055850000357,19.454054317000555,0,0.0
train,76,normal_001.csv,76,9728,9856,19.456054705000497,19.71005417200104,0,0.0
train,77,normal_001.csv,77,9856,9984,19.712054579000323,19.96605397100029,0,0.0
train,78,normal_001.csv,78,9984,10112,19.96805441500146,20.222053882000186,0,0.0
train,79,normal_001.csv,79,10112,10240,20.224054752001397,20.47805953300121,0,0.0
train,80,normal_001.csv,80,10240,10368,20.480056736001643,20.73405401800119,0,0.0
train,81,normal_001.csv,81,10368,10496,20.736054887000137,20.990054539000997,0,0.0
train,82,normal_001.csv,82,10496,10624,20.9920551310006,21.24605441300082,0,0.0
train,83,normal_001.csv,83,10624,10752,21.24805415300034,21.502053934000287,0,0.0
train,84,normal_001.csv,84,10752,10880,21.504054878001625,21.758053937001023,0,0.0
train,85,normal_001.csv,85,10880,11008,21.76005664000149,22.014054200000828,0,0.0
train,86,normal_001.csv,86,11008,11136,22.01605481000115,22.270058388001416,0,0.0
train,87,normal_001.csv,87,11136,11264,22.272055387000364,22.526054687001302,0,0.0
train,88,normal_001.csv,88,11264,11392,22.52805474200068,22.78205454199997,0,0.0
train,89,normal_001.csv,89,11392,11520,22.784054856001603,23.038053878000937,0,0.0
train,90,normal_001.csv,90,11520,11648,23.04005513700031,23.294053992000045,0,0.0
train,91,normal_001.csv,91,11648,11776,23.296054491000177,23.550063272999974,0,0.0
train,92,normal_001.csv,92,11776,11904,23.552057142000194,23.80605392400139,0,0.0
train,93,normal_001.csv,93,11904,12032,23.808054645000084,24.062054112000624,0,0.0
train,94,normal_001.csv,94,12032,12160,24.064054833001137,24.31805391099988,0,0.0
train,95,normal_001.csv,95,12160,12288,24.32005783600107,24.574054303000597,0,0.0
train,96,normal_001.csv,96,12288,12416,24.5760547280006,24.83005437900101,0,0.0
train,97,normal_001.csv,97,12416,12544,24.832055027000024,25.08605386400086,0,0.0
train,98,normal_001.csv,98,12544,12672,25.08805476999987,25.342054200000348,0,0.0
train,99,normal_001.csv,99,12672,12800,25.344054625000357,25.59805398000026,0,0.0
train,100,normal_001.csv,100,12800,12928,25.60005590500077,25.85405411300053,0,0.0
train,101,normal_001.csv,101,12928,13056,25.856054704001508,26.110055412000293,0,0.0
train,102,normal_001.csv,102,13056,13184,26.11205515200163,26.36605393300124,0,0.0
train,103,normal_001.csv,103,13184,13312,26.368054969001605,26.622057935001067,0,0.0
train,104,normal_001.csv,104,13312,13440,26.624055731001132,26.878053919001104,0,0.0
train,105,normal_001.csv,105,13440,13568,26.88005532600073,27.134054441001357,0,0.0
train,106,normal_001.csv,106,13568,13696,27.136055014001613,27.39005477700084,0,0.0
train,107,normal_001.csv,107,13696,13824,27.392054943000403,27.646054075001302,0,0.0
train,108,normal_001.csv,108,13824,13952,27.64805470400097,27.90205418900041,0,0.0
train,109,normal_001.csv,109,13952,14080,27.904055336000965,28.15805391400136,0,0.0
train,110,normal_001.csv,110,14080,14208,28.16005893200054,28.41405398999996,0,0.0
train,111,normal_001.csv,111,14208,14336,28.416055305000555,28.670062808001603,0,0.0
train,112,normal_001.csv,112,14336,14464,28.67205643700072,28.9260543470009,0,0.0
train,113,normal_001.csv,113,14464,14592,28.92805417999989,29.18205390500043,0,0.0
train,114,normal_001.csv,114,14592,14720,29.1840573490008,29.43805390800117,0,0.0
train,115,normal_001.csv,115,14720,14848,29.440055777000453,29.69405444699987,0,0.0
train,116,normal_001.csv,116,14848,14976,29.69605520600089,29.95005478300118,0,0.0
train,117,normal_001.csv,117,14976,15104,29.95205528200131,30.20605389600132,0,0.0
train,118,normal_001.csv,118,15104,15232,30.208053840000503,30.46205402800115,0,0.0
train,119,normal_001.csv,119,15232,15360,30.464054620000752,30.71805521600072,0,0.0
train,120,normal_001.csv,120,15360,15488,30.72005577100026,30.974068569999872,0,0.0
train,121,normal_001.csv,121,15488,15616,30.97605495800053,31.230054665000356,0,0.0
train,122,normal_001.csv,122,15616,15744,31.23205501600023,31.4860543900013,0,0.0
train,123,normal_001.csv,123,15744,15872,31.488056314999994,31.74205417000121,0,0.0
train,124,normal_001.csv,124,15872,16000,31.744054873001005,31.998054005000085,0,0.0
train,125,normal_001.csv,125,16000,16128,32.00005580100151,32.25406152600044,0,0.0
train,126,normal_001.csv,126,16128,16256,32.25605695100057,32.51005406500008,0,0.0
train,127,normal_001.csv,127,16256,16384,32.512055009001415,32.766054012001405,0,0.0
train,128,normal_001.csv,128,16384,16512,32.76805486300145,33.02205395800047,0,0.0
train,129,normal_001.csv,129,16512,16640,33.02405456900124,33.27805383100167,0,0.0
train,130,normal_001.csv,130,16640,16768,33.280055238001296,33.53405409200059,0,0.0
train,131,normal_001.csv,131,16768,16896,33.53605607300051,33.79006378000122,0,0.0
train,132,normal_001.csv,132,16896,17024,33.792058409000674,34.046053893000135,0,0.0
train,133,normal_001.csv,133,17024,17152,34.04805428100008,34.30205400600062,0,0.0
train,134,normal_001.csv,134,17152,17280,34.30405456100016,34.55805550800142,0,0.0
train,135,normal_001.csv,135,17280,17408,34.560064119001254,34.81405397300114,0,0.0
train,136,normal_001.csv,136,17408,17536,34.816054806000466,35.07005415999993,0,0.0
train,137,normal_001.csv,137,17536,17664,35.07205497399991,35.32605384800081,0,0.0
train,138,normal_001.csv,138,17664,17792,35.328054680001514,35.58205759000157,0,0.0
train,139,normal_001.csv,139,17792,17920,35.58405583000058,35.83805392600152,0,0.0
train,140,normal_001.csv,140,17920,18048,35.84005527699992,36.0940684090001,0,0.0
train,141,normal_001.csv,141,18048,18176,36.096055038000486,36.35005480000109,0,0.0
train,142,normal_001.csv,142,18176,18304,36.35205542900076,36.60605387600117,0,0.0
train,143,normal_001.csv,143,18304,18432,36.60805493100088,36.862053915001525,0,0.0
train,144,normal_001.csv,144,18432,18560,36.86405476600157,37.11805408300097,0,0.0
train,145,normal_001.csv,145,18560,18688,37.1200577489999,37.37405388200023,0,0.0
train,146,normal_001.csv,146,18688,18816,37.376054788001056,37.63005749400145,0,0.0
train,147,normal_001.csv,147,18816,18944,37.632055864,37.88605405199996,0,0.0
train,148,normal_001.csv,148,18944,19072,37.88805462500022,38.142053905001376,0,0.0
train,149,normal_001.csv,149,19072,19200,38.14405455300039,38.39805388900095,0,0.0
train,150,normal_001.csv,150,19200,19328,38.40005540700077,38.6540540570004,0,0.0
train,151,normal_001.csv,151,19328,19456,38.6560544820004,38.91006444800041,0,0.0
train,152,normal_001.csv,152,19456,19584,38.91205994700067,39.166053875000216,0,0.0
train,153,normal_001.csv,153,19584,19712,39.16805459700117,39.42205652500161,0,0.0
train,154,normal_001.csv,154,19712,19840,39.42406189500071,39.67805389700152,0,0.0
train,155,normal_001.csv,155,19840,19968,39.6800605260014,39.93405401000018,0,0.0
train,156,normal_001.csv,156,19968,20096,39.93605462100095,40.190054827000495,0,0.0
train,157,normal_001.csv,157,20096,20224,40.19205495599999,40.44605760600098,0,0.0
train,158,normal_001.csv,158,20224,20352,40.448056013001406,40.70205749700108,0,0.0
train,159,normal_001.csv,159,20352,20480,40.70405595900047,40.95805390600072,0,0.0
train,160,normal_001.csv,160,20480,20608,40.96005538600002,41.21405392599991,0,0.0
train,161,normal_001.csv,161,20608,20736,41.21605494300093,41.47005466800147,0,0.0
train,162,normal_001.csv,162,20736,20864,41.47205500100063,41.7260539100007,0,0.0
train,163,normal_001.csv,163,20864,20992,41.72805481700016,41.98205398600112,0,0.0
train,164,normal_001.csv,164,20992,21120,41.98405546700087,42.23805398700097,0,0.0
train,165,normal_001.csv,165,21120,21248,42.24005609800042,42.49405789600132,0,0.0
train,166,normal_001.csv,166,21248,21376,42.49605650700141,42.75005693500134,0,0.0
train,167,normal_001.csv,167,21376,21504,42.75205547100086,43.0060539920014,0,0.0
train,168,normal_001.csv,168,21504,21632,43.0080546019999,43.262053882001055,0,0.0
train,169,normal_001.csv,169,21632,21760,43.26405469600104,43.51805392100141,0,0.0
train,170,normal_001.csv,170,21760,21888,43.52005543800078,43.77405392200126,0,0.0
train,171,normal_001.csv,171,21888,22016,43.77605451400086,44.03005434900115,0,0.0
train,172,normal_001.csv,172,22016,22144,44.03205484899991,44.28605396200146,0,0.0
train,173,normal_001.csv,173,22144,22272,44.2880573500006,44.54205444500076,0,0.0
train,174,normal_001.csv,174,22272,22400,44.54405981400123,44.79805587200099,0,0.0
train,175,normal_001.csv,175,22400,22528,44.80005933400025,45.05405389200132,0,0.0
train,176,normal_001.csv,176,22528,22656,45.05605453899989,45.3100546149999,0,0.0
train,177,normal_001.csv,177,22656,22784,45.312055022001005,45.56605422800021,0,0.0
train,178,normal_001.csv,178,22784,22912,45.56805517100111,45.82205397000144,0,0.0
train,179,normal_001.csv,179,22912,23040,45.82405482100148,46.078053915000055,0,0.0
train,180,normal_001.csv,180,23040,23168,46.08005522900021,46.3340550460016,0,0.0
train,181,normal_001.csv,181,23168,23296,46.33605463800086,46.59006039900123,0,0.0
train,182,normal_001.csv,182,23296,23424,46.59205551000014,46.8460539000007,0,0.0
train,183,normal_001.csv,183,23424,23552,46.84805443700134,47.102053994000016,0,0.0
train,184,normal_001.csv,184,23552,23680,47.10405971600085,47.35805388400149,0,0.0
train,185,normal_001.csv,185,23680,23808,47.36005682799987,47.61405420000119,0,0.0
train,186,normal_001.csv,186,23808,23936,47.61605514400071,47.87006672000098,0,0.0
train,187,normal_001.csv,187,23936,24064,47.87206157100081,48.12605386900032,0,0.0
train,188,normal_001.csv,188,24064,24192,48.12805475700043,48.382055500000206,0,0.0
train,189,normal_001.csv,189,24192,24320,48.38406157300051,48.63805411200156,0,0.0
train,190,normal_001.csv,190,24320,24448,48.64005800000086,48.89405514999999,0,0.0
train,191,normal_001.csv,191,24448,24576,48.89605550100168,49.15005470600045,0,0.0
train,192,normal_001.csv,192,24576,24704,49.152055150001615,49.406054095999934,0,0.0
train,193,normal_001.csv,193,24704,24832,49.408055188001526,49.66205519000141,0,0.0
train,194,normal_001.csv,194,24832,24960,49.66405502199996,49.91806176499995,0,0.0
train,195,normal_001.csv,195,24960,25088,49.92006848600067,50.174054599001465,0,0.0
train,196,normal_001.csv,196,25088,25216,50.17605498700141,50.430054804000974,0,0.0
train,197,normal_001.csv,197,25216,25344,50.43205517300157,50.686055453001245,0,0.0
train,198,normal_001.csv,198,25344,25472,50.68805532200168,50.942052843000056,0,0.0
train,199,normal_001.csv,199,25472,25600,50.9440530640004,51.198052899000686,0,0.0
train,200,normal_001.csv,200,25600,25728,51.200054121,51.45405267800015,0,0.0
train,201,normal_001.csv,201,25728,25856,51.456052973000624,51.71005512300144,0,0.0
train,202,normal_001.csv,202,25856,25984,51.7120542520006,51.966052716001286,0,0.0
train,203,normal_001.csv,203,25984,26112,51.9680531970007,52.22205262500029,0,0.0
train,204,normal_001.csv,204,26112,26240,52.22405321600127,52.47805257000073,0,0.0
train,205,normal_001.csv,205,26240,26368,52.4800552910001,52.73405266300142,0,0.0
train,206,normal_001.csv,206,26368,26496,52.73605325500103,52.99005560800106,0,0.0
train,207,normal_001.csv,207,26496,26624,52.99205379300111,53.24605266500112,0,0.0
train,208,normal_001.csv,208,26624,26752,53.24805384899992,53.50205348000054,0,0.0
train,209,normal_001.csv,209,26752,26880,53.50405336800032,53.75805270300043,0,0.0
train,210,normal_001.csv,210,26880,27008,53.7600600170008,54.01405263000015,0,0.0
train,211,normal_001.csv,211,27008,27136,54.01605303600081,54.2700557040007,0,0.0
train,212,normal_001.csv,212,27136,27264,54.27205366700037,54.52605289000167,0,0.0
train,213,normal_001.csv,213,27264,27392,54.52805335199992,54.78205546500067,0,0.0
train,214,normal_001.csv,214,27392,27520,54.784053686000334,55.038052669000535,0,0.0
train,215,normal_001.csv,215,27520,27648,55.04005552000126,55.294053429001,0,0.0
train,216,normal_001.csv,216,27648,27776,55.29605307600104,55.55005709600118,0,0.0
train,217,normal_001.csv,217,27776,27904,55.5520545950003,55.806054430000586,0,0.0
train,218,normal_001.csv,218,27904,28032,55.80805502200019,56.062054042000455,0,0.0
train,219,normal_001.csv,219,28032,28160,56.06405496700063,56.318053987000894,0,0.0
train,220,normal_001.csv,220,28160,28288,56.32005567100168,56.5740539870003,0,0.0
train,221,normal_001.csv,221,28288,28416,56.5760549860006,56.83005417300046,0,0.0
train,222,normal_001.csv,222,28416,28544,56.83205504200123,57.086054044000775,0,0.0
train,223,normal_001.csv,223,28544,28672,57.0880546540011,57.34205387700058,0,0.0
train,224,normal_001.csv,224,28672,28800,57.3440546540005,57.59805408200009,0,0.0
train,225,normal_001.csv,225,28800,28928,57.60006104400054,57.85407030400165,0,0.0
train,226,normal_001.csv,226,28928,29056,57.85605502600083,58.11005439700057,0,0.0
train,227,normal_001.csv,227,29056,29184,58.11205526699996,58.36605395300103,0,0.0
train,228,normal_001.csv,228,29184,29312,58.36805486000048,58.62205395300043,0,0.0
train,229,normal_001.csv,229,29312,29440,58.62405465600023,58.878053917000216,0,0.0
train,230,normal_001.csv,230,29440,29568,58.88005560100101,59.13405401000091,0,0.0
train,231,normal_001.csv,231,29568,29696,59.13605480500155,59.39005421399997,0,0.0
train,232,normal_001.csv,232,29696,29824,59.39205506500002,59.64605391800069,0,0.0
train,233,normal_001.csv,233,29824,29952,59.64805473200067,59.9020582510002,0,0.0
train,234,normal_002.csv,0,0,128,5.929996405029669e-07,0.2540534449999541,0,0.0
train,235,normal_002.csv,1,128,256,0.2560585560004256,0.5100563710002461,0,0.0
train,236,normal_002.csv,2,256,384,0.5120535559999553,0.766055370999311,0,0.0
train,237,normal_002.csv,3,384,512,0.7680527409993374,1.0220530560000043,0,0.0
train,238,normal_002.csv,4,512,640,1.0240539810001792,1.2780538520000846,0,0.0
train,239,normal_002.csv,5,640,768,1.2800527039998997,1.5340543709990015,0,0.0
train,240,normal_002.csv,6,768,896,1.536055591999684,1.790054686000076,0,0.0
train,241,normal_002.csv,7,896,1024,1.7920539259994257,2.0460578339989297,0,0.0
train,242,normal_002.csv,8,1024,1152,2.0480540369990194,2.302054722000321,0,0.0
train,243,normal_002.csv,9,1152,1280,2.3040602959990792,2.558055258999957,0,0.0
train,244,normal_002.csv,10,1280,1408,2.560053850998884,2.8140584630000376,0,0.0
train,245,normal_002.csv,11,1408,1536,2.8160574809990067,3.07005472200035,0,0.0
train,246,normal_002.csv,12,1536,1664,3.072053906000292,3.3260623699989083,0,0.0
train,247,normal_002.csv,13,1664,1792,3.3280556649988284,3.5820574810004477,0,0.0
train,248,normal_002.csv,14,1792,1920,3.584055016999628,3.838055553998856,0,0.0
train,249,normal_002.csv,15,1920,2048,3.840053923999221,4.09405575799974,0,0.0
train,250,normal_002.csv,16,2048,2176,4.096058887000254,4.350055868999334,0,0.0
train,251,normal_002.csv,17,2176,2304,4.352054385999509,4.60605509099878,0,0.0
train,252,normal_002.csv,18,2304,2432,4.6080539419999695,4.862054867999177,0,0.0
train,253,normal_002.csv,19,2432,2560,4.864054386000134,5.118055941999046,0,0.0
train,254,normal_002.csv,20,2560,2688,5.120054033999622,5.374071496999022,0,0.0
train,255,normal_002.csv,21,2688,2816,5.376083199998902,5.630053404000137,0,0.0
train,256,normal_002.csv,22,2816,2944,5.632052662998831,5.886055180999392,0,0.0
train,257,normal_002.csv,23,2944,3072,5.888052772999799,6.142053421999663,0,0.0
train,258,normal_002.csv,24,3072,3200,6.144053142999837,6.398053699000229,0,0.0
train,259,normal_002.csv,25,3200,3328,6.400052642999071,6.654053346999717,0,0.0
train,260,normal_002.csv,26,3328,3456,6.656055364999702,6.91005336499984,0,0.0
train,261,normal_002.csv,27,3456,3584,6.912052622999909,7.166056030999243,0,0.0
train,262,normal_002.csv,28,3584,3712,7.168053530000179,7.422053104999577,0,0.0
train,263,normal_002.csv,29,3712,3840,7.424052899999879,7.678053473999171,0,0.0
train,264,normal_002.csv,30,3840,3968,7.68005271400034,7.9340539000004355,0,0.0
train,265,normal_002.csv,31,3968,4096,7.936055103000399,8.190053565998824,0,0.0
train,266,normal_002.csv,32,4096,4224,8.192052639000394,8.446053879999454,0,0.0
train,267,normal_002.csv,33,4224,4352,8.448052730998825,8.70205354599966,0,0.0
train,268,normal_002.csv,34,4352,4480,8.70405276800011,8.958053674999974,0,0.0
train,269,normal_002.csv,35,4480,4608,8.96005265599888,9.214056340999376,0,0.0
train,270,normal_002.csv,36,4608,4736,9.2160581549997,9.470053266999455,0,0.0
train,271,normal_002.csv,37,4736,4864,9.47205265499906,9.726055635999728,0,0.0
train,272,normal_002.csv,38,4864,4992,9.728052839000156,9.982052653998837,0,0.0
train,273,normal_002.csv,39,4992,5120,9.984053727999708,10.238053523999042,0,0.0
train,274,normal_002.csv,40,5120,5248,10.24005267099892,10.494056042000013,0,0.0
train,275,normal_002.csv,41,5248,5376,10.496066281999449,10.750054615000408,0,0.0
train,276,normal_002.csv,42,5376,5504,10.752053910999166,11.006059133000235,0,0.0
train,277,normal_002.csv,43,5504,5632,11.008054521000304,11.262055076998877,0,0.0
train,278,normal_002.csv,44,5632,5760,11.264054317000046,11.518055260999972,0,0.0
train,279,normal_002.csv,45,5760,5888,11.520054018999872,11.774054741999862,0,0.0
train,280,normal_002.csv,46,5888,6016,11.77605437099919,12.030054332999498,0,0.0
train,281,normal_002.csv,47,6016,6144,12.032053906999865,12.286055851000128,0,0.0
train,282,normal_002.csv,48,6144,6272,12.288054016999013,12.54205477600044,0,0.0
train,283,normal_002.csv,49,6272,6400,12.544054089999918,12.798054941998998,0,0.0
train,284,normal_002.csv,50,6400,6528,12.800053922999725,13.054055403999882,0,0.0
train,285,normal_002.csv,51,6528,6656,13.056054884998956,13.310054829000364,0,0.0
train,286,normal_002.csv,52,6656,6784,13.31205392099946,13.566055846999006,0,0.0
train,287,normal_002.csv,53,6784,6912,13.56805401299971,13.82205488299951,0,0.0
train,288,normal_002.csv,54,6912,7040,13.82405414099958,14.078054493000309,0,0.0
train,289,normal_002.csv,55,7040,7168,14.080053880999913,14.33405480699912,0,0.0
train,290,normal_002.csv,56,7168,7296,14.33605597299902,14.590054768999837,0,0.0
train,291,normal_002.csv,57,7296,7424,14.592053915999712,14.84605545299928,0,0.0
train,292,normal_002.csv,58,7424,7552,14.848053915000492,15.102058229998876,0,0.0
train,293,normal_002.csv,59,7552,7680,15.104057006999938,15.35805548799908,0,0.0
train,294,normal_002.csv,60,7680,7808,15.36005389499951,15.614054838999436,0,0.0
train,295,normal_002.csv,61,7808,7936,15.61605798599885,15.8700544860003,0,0.0
train,296,normal_002.csv,62,7936,8064,15.87205394800003,16.126058428999386,0,0.0
train,297,normal_002.csv,63,8064,8192,16.128055409999433,16.38205544700031,0,0.0
train,298,normal_002.csv,64,8192,8320,16.384054538999408,16.63805544599927,0,0.0
train,299,normal_002.csv,65,8320,8448,16.640054073999636,16.8940584259999,0,0.0
train,300,normal_002.csv,66,8448,8576,16.896057628999188,17.15005540600032,0,0.0
train,301,normal_002.csv,67,8576,8704,17.152053886999056,17.406058090000442,0,0.0
train,302,normal_002.csv,68,8704,8832,17.40805407100015,17.662054811000417,0,0.0
train,303,normal_002.csv,69,8832,8960,17.66405408799983,17.918055309999545,0,0.0
train,304,normal_002.csv,70,8960,9088,17.920053865000227,18.17405499400047,0,0.0
train,305,normal_002.csv,71,9088,9216,18.176057696999123,18.43005497400009,0,0.0
train,306,normal_002.csv,72,9216,9344,18.43205402899912,18.68605817699972,0,0.0
train,307,normal_002.csv,73,9344,9472,18.68805421300021,18.942055100998918,0,0.0
train,308,normal_002.csv,74,9472,9600,18.94405478599947,19.1980555629998,0,0.0
train,309,normal_002.csv,75,9600,9728,19.200054044000357,19.45405509900047,0,0.0
train,310,normal_002.csv,76,9728,9856,19.456063690999144,19.710059708999324,0,0.0
train,311,normal_002.csv,77,9856,9984,19.712055541000154,19.96605594799985,0,0.0
train,312,normal_002.csv,78,9984,10112,19.96805390999907,20.22205498400035,0,0.0
train,313,normal_002.csv,79,10112,10240,20.2240542239997,20.47805548199904,0,0.0
train,314,normal_002.csv,80,10240,10368,20.48005390799881,20.73405503699905,0,0.0
train,315,normal_002.csv,81,10368,10496,20.73605751700052,20.99005953499909,0,0.0
train,316,normal_002.csv,82,10496,10624,20.99205970100047,21.24605888599945,0,0.0
train,317,normal_002.csv,83,10624,10752,21.248055162999663,21.502054661999864,0,0.0
train,318,normal_002.csv,84,10752,10880,21.50405408699953,21.75805519700043,0,0.0
train,319,normal_002.csv,85,10880,11008,21.76005960399925,22.014056770000025,0,0.0
train,320,normal_002.csv,86,11008,11136,22.016054714000347,22.270055823999428,0,0.0
train,321,normal_002.csv,87,11136,11264,22.27205415699973,22.52605669299919,0,0.0
train,322,normal_002.csv,88,11264,11392,22.52805504400021,22.782055136000054,0,0.0
train,323,normal_002.csv,89,11392,11520,22.78406576499947,23.038055633998734,0,0.0
train,324,normal_002.csv,90,11520,11648,23.04005407799923,23.29405485499956,0,0.0
train,325,normal_002.csv,91,11648,11776,23.296058927999184,23.62004693900053,0,0.0
train,326,normal_002.csv,92,11776,11904,23.62092077200032,23.80605524099883,0,0.0
train,327,normal_002.csv,93,11904,12032,23.80805288800002,24.062052979999866,0,0.0
train,328,normal_002.csv,94,12032,12160,24.06405681199976,24.31805558899941,0,0.0
train,329,normal_002.csv,95,12160,12288,24.32005297700016,24.574058883999896,0,0.0
train,330,normal_002.csv,96,12288,12416,24.576060846000477,24.83005308599968,0,0.0
train,331,normal_002.csv,97,12416,12544,24.832052603998815,25.08605578800052,0,0.0
train,332,normal_002.csv,98,12544,12672,25.0880528609996,25.342055434999565,0,0.0
train,333,normal_002.csv,99,12672,12800,25.34405300799881,25.59805371099901,0,0.0
train,334,normal_002.csv,100,12800,12928,25.600052653999228,25.85405750499922,0,0.0
train,335,normal_002.csv,101,12928,13056,25.856055652999203,26.110054577000483,0,0.0
train,336,normal_002.csv,102,13056,13184,26.11205277999943,26.36605713099925,0,0.0
train,337,normal_002.csv,103,13184,13312,26.3680541119993,26.62205307399927,0,0.0
train,338,normal_002.csv,104,13312,13440,26.62405577699974,26.87805357199977,0,0.0
train,339,normal_002.csv,105,13440,13568,26.88005272000009,27.13405642199905,0,0.0
train,340,normal_002.csv,106,13568,13696,27.136057532999985,27.39005312399968,0,0.0
train,341,normal_002.csv,107,13696,13824,27.39205258599941,27.646056178000435,0,0.0
train,342,normal_002.csv,108,13824,13952,27.648052824999468,27.902053064999564,0,0.0
train,343,normal_002.csv,109,13952,14080,27.90405602700048,28.158055358999263,0,0.0
train,344,normal_002.csv,110,14080,14208,28.16005295099967,28.414053524000337,0,0.0
train,345,normal_002.csv,111,14208,14336,28.41605498599893,28.670054652000545,0,0.0
train,346,normal_002.csv,112,14336,14464,28.672054225000466,28.926055112999165,0,0.0
train,347,normal_002.csv,113,14464,14592,28.92805392700029,29.18205446299908,0,0.0
train,348,normal_002.csv,114,14592,14720,29.18405820299995,29.43805546099975,0,0.0
train,349,normal_002.csv,115,14720,14848,29.440054014999987,29.694054884999787,0,0.0
train,350,normal_002.csv,116,14848,14976,29.696057051000025,29.950055326999063,0,0.0
train,351,normal_002.csv,117,14976,15104,29.9520541969996,30.20605728800001,0,0.0
train,352,normal_002.csv,118,15104,15232,30.20805439799915,30.462054637999245,0,0.0
train,353,normal_002.csv,119,15232,15360,30.46405404500001,30.718055747000108,0,0.0
train,354,normal_002.csv,120,15360,15488,30.720054023999182,30.974054799999067,0,0.0
train,355,normal_002.csv,121,15488,15616,30.976054373999432,31.230055316998914,0,0.0
train,356,normal_002.csv,122,15616,15744,31.23205414899894,31.48606303700035,0,0.0
train,357,normal_002.csv,123,15744,15872,31.488055591999,31.74205449799956,0,0.0
train,358,normal_002.csv,124,15872,16000,31.744058533999123,31.99805569899945,0,0.0
train,359,normal_002.csv,125,16000,16128,32.00005403199975,32.25405908599896,0,0.0
train,360,normal_002.csv,126,16128,16256,32.25605751100011,32.51005513999917,0,0.0
train,361,normal_002.csv,127,16256,16384,32.512053954000294,32.76605535999988,0,0.0
train,362,normal_002.csv,128,16384,16512,32.7680538959994,33.02205393099939,0,0.0
train,363,normal_002.csv,129,16512,16640,33.02405459699912,33.27805581800021,0,0.0
train,364,normal_002.csv,130,16640,16768,33.280054077000386,33.53405644600025,0,0.0
train,365,normal_002.csv,131,16768,16896,33.536054722999324,33.79005488799885,0,0.0
train,366,normal_002.csv,132,16896,17024,33.79205399800048,34.04605769999944,0,0.0
train,367,normal_002.csv,133,17024,17152,34.04805432899957,34.30205501300043,0,0.0
train,368,normal_002.csv,134,17152,17280,34.30405406799946,34.55805521399998,0,0.0
train,369,normal_002.csv,135,17280,17408,34.56005367599937,34.81405489700046,0,0.0
train,370,normal_002.csv,136,17408,17536,34.816100656000344,35.0700564130002,0,0.0
train,371,normal_002.csv,137,17536,17664,35.072054041998854,35.32606450399908,0,0.0
train,372,normal_002.csv,138,17664,17792,35.32806959499976,35.582055241999115,0,0.0
train,373,normal_002.csv,139,17792,17920,35.5840542779988,35.83805562799898,0,0.0
train,374,normal_002.csv,140,17920,18048,35.840054164998946,36.09405592199983,0,0.0
train,375,normal_002.csv,141,18048,18176,36.09606007000002,36.35005532700052,0,0.0
train,376,normal_002.csv,142,18176,18304,36.352053900998726,36.606057787999816,0,0.0
train,377,normal_002.csv,143,18304,18432,36.608054119999,36.86205476699979,0,0.0
train,378,normal_002.csv,144,18432,18560,36.86405858099897,37.11805728299987,0,0.0
train,379,normal_002.csv,145,18560,18688,37.12005452300036,37.37405991000014,0,0.0
train,380,normal_002.csv,146,18688,18816,37.37605740899926,37.63005472199984,0,0.0
train,381,normal_002.csv,147,18816,18944,37.63205390700023,37.88605783099956,0,0.0
train,382,normal_002.csv,148,18944,19072,37.8880543489995,38.14205516199945,0,0.0
train,383,normal_002.csv,149,19072,19200,38.144054438998864,38.39805560399873,0,0.0
train,384,normal_002.csv,150,19200,19328,38.40005408399884,38.65405876799923,0,0.0
train,385,normal_002.csv,151,19328,19456,38.65605845199934,38.910054875999776,0,0.0
train,386,normal_002.csv,152,19456,19584,38.91205396799887,39.1660612809992,0,0.0
train,387,normal_002.csv,153,19584,19712,39.16805604000001,39.42205457499949,0,0.0
train,388,normal_002.csv,154,19712,19840,39.42405413000051,39.67805505399883,0,0.0
train,389,normal_002.csv,155,19840,19968,39.6800541270004,39.93405494000035,0,0.0
train,390,normal_002.csv,156,19968,20096,39.93609384699994,40.19005491899952,0,0.0
train,391,normal_002.csv,157,20096,20224,40.19205397400037,40.44605521199992,0,0.0
train,392,normal_002.csv,158,20224,20352,40.4480539519991,40.70205459899989,0,0.0
train,393,normal_002.csv,159,20352,20480,40.70405407900034,40.958064354999806,0,0.0
train,394,normal_002.csv,160,20480,20608,40.96005753999998,41.21405520400003,0,0.0
train,395,normal_002.csv,161,20608,20736,41.2160604439996,41.47005573899878,0,0.0
train,396,normal_002.csv,162,20736,20864,41.47205401599968,41.72606001399981,0,0.0
train,397,normal_002.csv,163,20864,20992,41.72805427200001,41.98205467799926,0,0.0
train,398,normal_002.csv,164,20992,21120,41.984054120999645,42.23805737799921,0,0.0
train,399,normal_002.csv,165,21120,21248,42.24005406299875,42.49405500499961,0,0.0
train,400,normal_002.csv,166,21248,21376,42.49605809700006,42.75005435399908,0,0.0
train,401,normal_002.csv,167,21376,21504,42.75205429800008,43.006055648000256,0,0.0
train,402,normal_002.csv,168,21504,21632,43.00805386899992,43.262054830000125,0,0.0
train,403,normal_002.csv,169,21632,21760,43.26405749600053,43.51805604899892,0,0.0
train,404,normal_002.csv,170,21760,21888,43.520054864000485,43.77406030599923,0,0.0
train,405,normal_002.csv,171,21888,22016,43.776057305,44.030057228999794,0,0.0
train,406,normal_002.csv,172,22016,22144,44.03205422799874,44.28605352199884,0,0.0
train,407,normal_002.csv,173,22144,22272,44.288052650999816,44.54205320399888,0,0.0
train,408,normal_002.csv,174,22272,22400,44.54405272199983,44.79805368300004,0,0.0
train,409,normal_002.csv,175,22400,22528,44.80005266399894,45.05405388399959,0,0.0
train,410,normal_002.csv,176,22528,22656,45.05605306799953,45.310053176999645,0,0.0
train,411,normal_002.csv,177,22656,22784,45.3120527129995,45.56605526699968,0,0.0
train,412,normal_002.csv,178,22784,22912,45.5680527659988,45.82205298599911,0,0.0
train,413,normal_002.csv,179,22912,23040,45.82405320699945,46.07805368699883,0,0.0
train,414,normal_002.csv,180,23040,23168,46.08005274099924,46.33405614599906,0,0.0
train,415,normal_002.csv,181,23168,23296,46.3360615900001,46.59005338399948,0,0.0
train,416,normal_002.csv,182,23296,23424,46.592052623998825,46.84605641800045,0,0.0
train,417,normal_002.csv,183,23424,23552,46.84805276899897,47.102052971000376,0,0.0
train,418,normal_002.csv,184,23552,23680,47.10405335900032,47.35805630100003,0,0.0
train,419,normal_002.csv,185,23680,23808,47.36005287399894,47.61405363099948,0,0.0
train,420,normal_002.csv,186,23808,23936,47.616056908000246,47.87005349799984,0,0.0
train,421,normal_002.csv,187,23936,24064,47.87205270099912,48.12605910599996,0,0.0
train,422,normal_002.csv,188,24064,24192,48.12805369799935,48.38205345499955,0,0.0
train,423,normal_002.csv,189,24192,24320,48.38405615800002,48.63805367399982,0,0.0
train,424,normal_002.csv,190,24320,24448,48.640053154998895,48.894055855998886,0,0.0
train,425,normal_002.csv,191,24448,24576,48.89605505899999,49.15005462999943,0,0.0
train,426,normal_002.csv,192,24576,24704,49.15205272200001,49.40605805300038,0,0.0
train,427,normal_002.csv,193,24704,24832,49.40805418200034,49.66205501299919,0,0.0
train,428,normal_002.csv,194,24832,24960,49.664054344999386,49.91805580599976,0,0.0
train,429,normal_002.csv,195,24960,25088,49.92005419399902,50.17405543200039,0,0.0
train,430,normal_002.csv,196,25088,25216,50.17605598699993,50.43005444699884,0,0.0
train,431,normal_002.csv,197,25216,25344,50.4320539649998,50.686057980999976,0,0.0
train,432,normal_002.csv,198,25344,25472,50.688054147,50.94205486700048,0,0.0
train,433,normal_002.csv,199,25472,25600,50.94405416199879,51.19805588199961,0,0.0
train,434,normal_002.csv,200,25600,25728,51.20005408500037,51.45406669299882,0,0.0
train,435,normal_002.csv,201,25728,25856,51.45605852599874,51.71005463399888,0,0.0
train,436,normal_002.csv,202,25856,25984,51.71205396699952,51.96605424199879,0,0.0
train,437,normal_002.csv,203,25984,26112,51.96805388899884,52.22205475699957,0,0.0
train,438,normal_002.csv,204,26112,26240,52.224054348998834,52.47805484600031,0,0.0
train,439,normal_002.csv,205,26240,26368,52.48005401199953,52.734055547000025,0,0.0
train,440,normal_002.csv,206,26368,26496,52.73605728700022,52.99005506200047,0,0.0
train,441,normal_002.csv,207,26496,26624,52.9920539679988,53.2460616139997,0,0.0
train,442,normal_002.csv,208,26624,26752,53.24805594600002,53.50205475799885,0,0.0
train,443,normal_002.csv,209,26752,26880,53.504054164999616,53.75805532899904,0,0.0
train,444,normal_002.csv,210,26880,27008,53.76005921700016,54.014061343999856,0,0.0
train,445,normal_002.csv,211,27008,27136,54.0160560839995,54.27005552599985,0,0.0
train,446,normal_002.csv,212,27136,27264,54.27205428399975,54.526055706999614,0,0.0
train,447,normal_002.csv,213,27264,27392,54.5280538549996,54.78205475899995,0,0.0
train,448,normal_002.csv,214,27392,27520,54.78405838799881,55.03805508900041,0,0.0
train,449,normal_002.csv,215,27520,27648,55.04005399599919,55.29405534499893,0,0.0
train,450,normal_002.csv,216,27648,27776,55.2960571399999,55.550054395998814,0,0.0
train,451,normal_002.csv,217,27776,27904,55.552054043999306,55.80605879999894,0,0.0
train,452,normal_002.csv,218,27904,28032,55.8080544659988,56.06205816699912,0,0.0
train,453,normal_002.csv,219,28032,28160,56.06405473999985,56.31805875600003,0,0.0
train,454,normal_002.csv,220,28160,28288,56.32005425500029,56.57405502999973,0,0.0
train,455,normal_002.csv,221,28288,28416,56.57605825099927,56.83005521099949,0,0.0
train,456,normal_002.csv,222,28416,28544,56.83205395100049,57.0860558559998,0,0.0
train,457,normal_002.csv,223,28544,28672,57.08808415099884,57.34206172300037,0,0.0
train,458,normal_002.csv,224,28672,28800,57.34405538799911,57.59805514499931,0,0.0
train,459,normal_002.csv,225,28800,28928,57.6000539960005,57.854058603999874,0,0.0
train,460,normal_002.csv,226,28928,29056,57.856058399000176,58.11005456299972,0,0.0
train,461,normal_002.csv,227,29056,29184,58.11205424800028,58.36606026299887,0,0.0
train,462,normal_002.csv,228,29184,29312,58.36805798400019,58.62205475900009,0,0.0
train,463,normal_002.csv,229,29312,29440,58.62405405499885,58.87805592199948,0,0.0
train,464,normal_002.csv,230,29440,29568,58.88005464399976,59.13405527000032,0,0.0
train,465,normal_002.csv,231,29568,29696,59.13605676899897,59.390055099000165,0,0.0
train,466,normal_002.csv,232,29696,29824,59.39205398800004,59.646055946999695,0,0.0
train,467,normal_002.csv,233,29824,29952,59.64805437299947,59.90205503600009,0,0.0
train,468,normal_003.csv,0,0,128,4.260000423528254e-07,0.2540526819993829,0,0.0
train,469,normal_003.csv,1,128,256,0.2560533289997693,0.510052788999019,0,0.0
train,470,normal_003.csv,2,256,384,0.5120532689998072,0.7660526729996491,0,0.0
train,471,normal_003.csv,3,384,512,0.768057264998788,1.0220529649996024,0,0.0
train,472,normal_003.csv,4,512,640,1.0240535199991427,1.278056850000212,0,0.0
train,473,normal_003.csv,5,640,768,1.2800570159997733,1.534052752998832,0,0.0
train,474,normal_003.csv,6,768,896,1.5360533639995992,1.790059618999294,0,0.0
train,475,normal_003.csv,7,896,1024,1.792057192998982,2.046054299999014,0,0.0
train,476,normal_003.csv,8,1024,1152,2.048059299999295,2.302054185000088,0,0.0
train,477,normal_003.csv,9,1152,1280,2.304054758000348,2.5580619769989426,0,0.0
train,478,normal_003.csv,10,1280,1408,2.5600590689991805,2.81405391699991,0,0.0
train,479,normal_003.csv,11,1408,1536,2.816054675999112,3.0700546169991867,0,0.0
train,480,normal_003.csv,12,1536,1664,3.072055171000102,3.326053945998865,0,0.0
train,481,normal_003.csv,13,1664,1792,3.328056203999949,3.582054107999284,0,0.0
train,482,normal_003.csv,14,1792,1920,3.5840551999990566,3.838060936999682,0,0.0
train,483,normal_003.csv,15,1920,2048,3.840057991999856,4.094054024999423,0,0.0
train,484,normal_003.csv,16,2048,2176,4.096054301999175,4.350060112999927,0,0.0
train,485,normal_003.csv,17,2176,2304,4.352056501998959,4.606054054000197,0,0.0
train,486,normal_003.csv,18,2304,2432,4.608057441999335,4.862058290000277,0,0.0
train,487,normal_003.csv,19,2432,2560,4.864055382000515,5.118059136999364,0,0.0
train,488,normal_003.csv,20,2560,2688,5.120057451000321,5.374053928999274,0,0.0
train,489,normal_003.csv,21,2688,2816,5.376054836000549,5.630054090999693,0,0.0
train,490,normal_003.csv,22,2816,2944,5.632054256999254,5.886055049999413,0,0.0
train,491,normal_003.csv,23,2944,3072,5.888066456998786,6.14205406399924,0,0.0
train,492,normal_003.csv,24,3072,3200,6.144055507998928,6.398060355999405,0,0.0
train,493,normal_003.csv,25,3200,3328,6.400058113998966,6.654060277000099,0,0.0
train,494,normal_003.csv,26,3328,3456,6.656055924999237,6.910057531998973,0,0.0
train,495,normal_003.csv,27,3456,3584,6.91205888299919,7.166055194000364,0,0.0
train,496,normal_003.csv,28,3584,3712,7.168056655998953,7.422054245000254,0,0.0
train,497,normal_003.csv,29,3712,3840,7.424054836999858,7.678058925999721,0,0.0
train,498,normal_003.csv,30,3840,3968,7.680060314000002,7.934054272998765,0,0.0
train,499,normal_003.csv,31,3968,4096,7.936054624000462,8.190054249998866,0,0.0
train,500,normal_003.csv,32,4096,4224,8.192054933999316,8.446053948999179,0,0.0
train,501,normal_003.csv,33,4224,4352,8.448055892999037,8.702055906998794,0,0.0
train,502,normal_003.csv,34,4352,4480,8.704054702999201,8.95805564299917,0,0.0
train,503,normal_003.csv,35,4480,4608,8.960057697999218,9.214053989999227,0,0.0
train,504,normal_003.csv,36,4608,4736,9.21605476699915,9.47005709699988,0,0.0
train,505,normal_003.csv,37,4736,4864,9.472055428999738,9.726053962998776,0,0.0
train,506,normal_003.csv,38,4864,4992,9.728059831999415,9.982053902000189,0,0.0
train,507,normal_003.csv,39,4992,5120,9.984054697999454,10.238054434999867,0,0.0
train,508,normal_003.csv,40,5120,5248,10.240058248999048,10.494053966998765,0,0.0
train,509,normal_003.csv,41,5248,5376,10.49605461399915,10.750054072999774,0,0.0
train,510,normal_003.csv,42,5376,5504,10.752054331998806,11.00605392000034,0,0.0
train,511,normal_003.csv,43,5504,5632,11.00805630799914,11.26205395299985,0,0.0
train,512,normal_003.csv,44,5632,5760,11.264054655999644,11.518056040000374,0,0.0
train,513,normal_003.csv,45,5760,5888,11.520056131999809,11.77405399899908,0,0.0
train,514,normal_003.csv,46,5888,6016,11.77605479399972,12.030058141999689,0,0.0
train,515,normal_003.csv,47,6016,6144,12.032055622999906,12.286053932999494,0,0.0
train,516,normal_003.csv,48,6144,6272,12.288058894999269,12.542054243000166,0,0.0
train,517,normal_003.csv,49,6272,6400,12.54405533499994,12.798060052999062,0,0.0
train,518,normal_003.csv,50,6400,6528,12.800060866999049,13.054054084999734,0,0.0
train,519,normal_003.csv,51,6528,6656,13.056054602999213,13.310057283999411,0,0.0
train,520,normal_003.csv,52,6656,6784,13.31205546899946,13.566053946000466,0,0.0
train,521,normal_003.csv,53,6784,6912,13.568060001000047,13.822054422000292,0,0.0
train,522,normal_003.csv,54,6912,7040,13.824055458999284,14.0780560660005,0,0.0
train,523,normal_003.csv,55,7040,7168,14.080055602000357,14.33405415299967,0,0.0
train,524,normal_003.csv,56,7168,7296,14.3360548189994,14.590057351999349,0,0.0
train,525,normal_003.csv,57,7296,7424,14.592055295999671,14.846053940000274,0,0.0
train,526,normal_003.csv,58,7424,7552,14.848055827998904,15.102056046000143,0,0.0
train,527,normal_003.csv,59,7552,7680,15.104055767000318,15.35805470699961,0,0.0
train,528,normal_003.csv,60,7680,7808,15.36005779900006,15.614053961000536,0,0.0
train,529,normal_003.csv,61,7808,7936,15.616054886999336,15.870057067999369,0,0.0
train,530,normal_003.csv,62,7936,8064,15.872055677999017,16.126065043999915,0,0.0
train,531,normal_003.csv,63,8064,8192,16.12805552499958,16.382054112998958,0,0.0
train,532,normal_003.csv,64,8192,8320,16.384058167999683,16.638056607998806,0,0.0
train,533,normal_003.csv,65,8320,8448,16.64005551399896,16.89405421399897,0,0.0
train,534,normal_003.csv,66,8448,8576,16.896055138999145,17.15005867199943,0,0.0
train,535,normal_003.csv,67,8576,8704,17.152056262999395,17.40605390699966,0,0.0
train,536,normal_003.csv,68,8704,8832,17.408055109999623,17.662053920999824,0,0.0
train,537,normal_003.csv,69,8832,8960,17.66405456800021,17.91805461900003,0,0.0
train,538,normal_003.csv,70,8960,9088,17.920058841000355,18.174053929000365,0,0.0
train,539,normal_003.csv,71,9088,9216,18.176054595000096,18.430053997999494,0,0.0
train,540,normal_003.csv,72,9216,9344,18.432055330000367,18.686054158999468,0,0.0
train,541,normal_003.csv,73,9344,9472,18.688056176999453,18.942054117000225,0,0.0
train,542,normal_003.csv,74,9472,9600,18.944055096999364,19.19805566700052,0,0.0
train,543,normal_003.csv,75,9600,9728,19.20005775899881,19.454054124998947,0,0.0
train,544,normal_003.csv,76,9728,9856,19.456054771999334,19.71005904499907,0,0.0
train,545,normal_003.csv,77,9856,9984,19.712054710998927,19.96605396599989,0,0.0
train,546,normal_003.csv,78,9984,10112,19.968055706000087,20.222054312998807,0,0.0
train,547,normal_003.csv,79,10112,10240,20.22405505200004,20.478055399998997,0,0.0
train,548,normal_003.csv,80,10240,10368,20.480058842998915,20.73405413500041,0,0.0
train,549,normal_003.csv,81,10368,10496,20.73607506000008,20.99005516699981,0,0.0
train,550,normal_003.csv,82,10496,10624,20.99205499900017,21.246054068999,0,0.0
train,551,normal_003.csv,83,10624,10752,21.24805575299979,21.50205426699904,0,0.0
train,552,normal_003.csv,84,10752,10880,21.504054802999235,21.758054410000117,0,0.0
train,553,normal_003.csv,85,10880,11008,21.76005526100016,22.014053922999665,0,0.0
train,554,normal_003.csv,86,11008,11136,22.016054477999205,22.27005828799884,0,0.0
train,555,normal_003.csv,87,11136,11264,22.272055397999797,22.52605520799989,0,0.0
train,556,normal_003.csv,88,11264,11392,22.52806043000055,22.78205425899978,0,0.0
train,557,normal_003.csv,89,11392,11520,22.784054906000165,23.038058789999923,0,0.0
train,558,normal_003.csv,90,11520,11648,23.04006041899993,23.29405400699943,0,0.0
train,559,normal_003.csv,91,11648,11776,23.29605457999969,23.550058000999343,0,0.0
train,560,normal_003.csv,92,11776,11904,23.552055518999623,23.80605431100048,0,0.0
train,561,normal_003.csv,93,11904,12032,23.80805832799888,24.06205391599906,0,0.0
train,562,normal_003.csv,94,12032,12160,24.06405491499936,24.31805483700009,0,0.0
train,563,normal_003.csv,95,12160,12288,24.32005531699906,24.57405442399977,0,0.0
train,564,normal_003.csv,96,12288,12416,24.576054737999584,24.830057048000526,0,0.0
train,565,normal_003.csv,97,12416,12544,24.832055306000257,25.086054264000268,0,0.0
train,566,normal_003.csv,98,12544,12672,25.08805498599941,25.34205438800018,0,0.0
train,567,normal_003.csv,99,12672,12800,25.344054683999275,25.598054697000407,0,0.0
train,568,normal_003.csv,100,12800,12928,25.600055214999884,25.85405391399945,0,0.0
train,569,normal_003.csv,101,12928,13056,25.85606950600049,26.110057038000377,0,0.0
train,570,normal_003.csv,102,13056,13184,26.11205548199905,26.366053994999675,0,0.0
train,571,normal_003.csv,103,13184,13312,26.36805732799985,26.62205426699984,0,0.0
train,572,normal_003.csv,104,13312,13440,26.624054988998974,26.87806122499933,0,0.0
train,573,normal_003.csv,105,13440,13568,26.880057909000243,27.13405405199956,0,0.0
train,574,normal_003.csv,106,13568,13696,27.13605464399916,27.390057917000377,0,0.0
train,575,normal_003.csv,107,13696,13824,27.392055323000022,27.64605393000056,0,0.0
train,576,normal_003.csv,108,13824,13952,27.64805872499892,27.90205773900016,0,0.0
train,577,normal_003.csv,109,13952,14080,27.904057701000056,28.15806043699922,0,0.0
train,578,normal_003.csv,110,14080,14208,28.16005786200003,28.414053948999936,0,0.0
train,579,normal_003.csv,111,14208,14336,28.416054559998884,28.67005749899909,0,0.0
train,580,normal_003.csv,112,14336,14464,28.672056035000423,28.92605434500001,0,0.0
train,581,normal_003.csv,113,14464,14592,28.92805519600006,29.18205754299925,0,0.0
train,582,normal_003.csv,114,14592,14720,29.184055394000097,29.43805505599994,0,0.0
train,583,normal_003.csv,115,14720,14848,29.440058795998997,29.69405547600036,0,0.0
train,584,normal_003.csv,116,14848,14976,29.696055604999856,29.950054155000544,0,0.0
train,585,normal_003.csv,117,14976,15104,29.952055136000126,30.206053907999376,0,0.0
train,586,normal_003.csv,118,15104,15232,30.208060408000165,30.46205429099973,0,0.0
train,587,normal_003.csv,119,15232,15360,30.464054956999465,30.718059970999093,0,0.0
train,588,normal_003.csv,120,15360,15488,30.720059376999416,30.97405390899985,0,0.0
train,589,normal_003.csv,121,15488,15616,30.97605437099992,31.23005756999919,0,0.0
train,590,normal_003.csv,122,15616,15744,31.23206043899881,31.48605397099891,0,0.0
train,591,normal_003.csv,123,15744,15872,31.48806124799921,31.742056094999494,0,0.0
train,592,normal_003.csv,124,15872,16000,31.7440558899998,31.99805514400032,0,0.0
train,593,normal_003.csv,125,16000,16128,32.00005740300003,32.25405408299957,0,0.0
train,594,normal_003.csv,126,16128,16256,32.25605506399916,32.510059614000056,0,0.0
train,595,normal_003.csv,127,16256,16384,32.51205574300002,32.76605427399954,0,0.0
train,596,normal_003.csv,128,16384,16512,32.768058884999846,33.02205434200005,0,0.0
train,597,normal_003.csv,129,16512,16640,33.02405521199944,33.27805544799958,0,0.0
train,598,normal_003.csv,130,16640,16768,33.28005744700022,33.534054071000355,0,0.0
train,599,normal_003.csv,131,16768,16896,33.536054754998986,33.790060397999696,0,0.0
train,600,normal_003.csv,132,16896,17024,33.79205647199888,34.04605426299895,0,0.0
train,601,normal_003.csv,133,17024,17152,34.048055798999485,34.30205425599888,0,0.0
train,602,normal_003.csv,134,17152,17280,34.304055329999755,34.55806108399884,0,0.0
train,603,normal_003.csv,135,17280,17408,34.56005774999903,34.81405420699957,0,0.0
train,604,normal_003.csv,136,17408,17536,34.81605466899964,35.070059145000414,0,0.0
train,605,normal_003.csv,137,17536,17664,35.072059144999,35.32605404700007,0,0.0
train,606,normal_003.csv,138,17664,17792,35.32805941600054,35.58206859599886,0,0.0
train,607,normal_003.csv,139,17792,17920,35.58405605799999,35.838059960000464,0,0.0
train,608,normal_003.csv,140,17920,18048,35.840060292999624,36.094053917000565,0,0.0
train,609,normal_003.csv,141,18048,18176,36.09606956400057,36.35005746599927,0,0.0
train,610,normal_003.csv,142,18176,18304,36.35205552099978,36.60605386699899,0,0.0
train,611,normal_003.csv,143,18304,18432,36.60805640400031,36.862054045999685,0,0.0
train,612,normal_003.csv,144,18432,18560,36.86405474899948,37.118060243999935,0,0.0
train,613,normal_003.csv,145,18560,18688,37.120059113000025,37.3740539219998,0,0.0
train,614,normal_003.csv,146,18688,18816,37.37605453300057,37.63005406400043,0,0.0
train,615,normal_003.csv,147,18816,18944,37.6320548599997,37.8860539469988,0,0.0
train,616,normal_003.csv,148,18944,19072,37.88805563099959,38.14205421800034,0,0.0
train,617,normal_003.csv,149,19072,19200,38.144055013999605,38.3980611930001,0,0.0
train,618,normal_003.csv,150,19200,19328,38.40005767399998,38.65405389099942,0,0.0
train,619,normal_003.csv,151,19328,19456,38.6560548159996,38.91005805100031,0,0.0
train,620,normal_003.csv,152,19456,19584,38.91205540199917,39.16605391499979,0,0.0
train,621,normal_003.csv,153,19584,19712,39.16805515499982,39.42205431599905,0,0.0
train,622,normal_003.csv,154,19712,19840,39.42405470399899,39.6780568840004,0,0.0
train,623,normal_003.csv,155,19840,19968,39.68005716100015,39.93405428400001,0,0.0
train,624,normal_003.csv,156,19968,20096,39.93605496899909,40.19005405600001,0,0.0
train,625,normal_003.csv,157,20096,20224,40.19205462900027,40.44605414199941,0,0.0
train,626,normal_003.csv,158,20224,20352,40.448055344999375,40.70205448699926,0,0.0
train,627,normal_003.csv,159,20352,20480,40.70405589399888,40.95805461000055,0,0.0
train,628,normal_003.csv,160,20480,20608,40.96005572099966,41.21407080800054,0,0.0
train,629,normal_003.csv,161,20608,20736,41.21605495499898,41.4700550969992,0,0.0
train,630,normal_003.csv,162,20736,20864,41.47205494799891,41.72605392399964,0,0.0
train,631,normal_003.csv,163,20864,20992,41.72806253399904,41.98205404699911,0,0.0
train,632,normal_003.csv,164,20992,21120,41.9840547499989,42.238055152000015,0,0.0
train,633,normal_003.csv,165,21120,21248,42.2400553919997,42.49405382999976,0,0.0
train,634,normal_003.csv,166,21248,21376,42.49605473699921,42.75005591599984,0,0.0
train,635,normal_003.csv,167,21376,21504,42.75205534099951,43.00605389100019,0,0.0
train,636,normal_003.csv,168,21504,21632,43.00805613100056,43.2620539769996,0,0.0
train,637,normal_003.csv,169,21632,21760,43.26405553199948,43.518055340999126,0,0.0
train,638,normal_003.csv,170,21760,21888,43.52005526599896,43.77405388999978,0,0.0
train,639,normal_003.csv,171,21888,22016,43.7760546669997,44.03005466099967,0,0.0
train,640,normal_003.csv,172,22016,22144,44.03205510400039,44.28605406099996,0,0.0
train,641,normal_003.csv,173,22144,22272,44.288055671999246,44.54205433300013,0,0.0
train,642,normal_003.csv,174,22272,22400,44.54405514700011,44.79805756699898,0,0.0
train,643,normal_003.csv,175,22400,22528,44.800060862000464,45.054054782000094,0,0.0
train,644,normal_003.csv,176,22528,22656,45.056055336999634,45.31005579399971,0,0.0
train,645,normal_003.csv,177,22656,22784,45.31205399700048,45.56605260200013,0,0.0
train,646,normal_003.csv,178,22784,22912,45.568054064000535,45.822052669000186,0,0.0
train,647,normal_003.csv,179,22912,23040,45.82405335399926,46.07806973600054,0,0.0
train,648,normal_003.csv,180,23040,23168,46.08005549500013,46.334052895999776,0,0.0
train,649,normal_003.csv,181,23168,23296,46.336053357999845,46.59005490799973,0,0.0
train,650,normal_003.csv,182,23296,23424,46.592053628999565,46.84605264200036,0,0.0
train,651,normal_003.csv,183,23424,23552,46.84805460399912,47.10205296799904,0,0.0
train,652,normal_003.csv,184,23552,23680,47.10405487499884,47.35805683199942,0,0.0
train,653,normal_003.csv,185,23680,23808,47.36005525700057,47.61405267699956,0,0.0
train,654,normal_003.csv,186,23808,23936,47.61605269499887,47.87005489200055,0,0.0
train,655,normal_003.csv,187,23936,24064,47.87205381700005,48.12605784799962,0,0.0
train,656,normal_003.csv,188,24064,24192,48.1280549589992,48.382052618999296,0,0.0
train,657,normal_003.csv,189,24192,24320,48.38405328499903,48.63805481599957,0,0.0
train,658,normal_003.csv,190,24320,24448,48.64005364799959,48.89405262400032,0,0.0
train,659,normal_003.csv,191,24448,24576,48.89605330799896,49.150053023999135,0,0.0
train,660,normal_003.csv,192,24576,24704,49.15205404199878,49.40605277599934,0,0.0
train,661,normal_003.csv,193,24704,24832,49.40805520200047,49.66205265799909,0,0.0
train,662,normal_003.csv,194,24832,24960,49.66405310200025,49.9180528550005,0,0.0
train,663,normal_003.csv,195,24960,25088,49.92005598399919,50.1740539959992,0,0.0
train,664,normal_003.csv,196,25088,25216,50.17605497699879,50.430057247998775,0,0.0
train,665,normal_003.csv,197,25216,25344,50.432055748000494,50.68605401899913,0,0.0
train,666,normal_003.csv,198,25344,25472,50.68806596300056,50.94205743800012,0,0.0
train,667,normal_003.csv,199,25472,25600,50.9440563449989,51.19805439399897,0,0.0
train,668,normal_003.csv,200,25600,25728,51.20005763399968,51.45405434999884,0,0.0
train,669,normal_003.csv,201,25728,25856,51.45605499699923,51.71006163899983,0,0.0
train,670,normal_003.csv,202,25856,25984,51.71206248999988,51.96605398399879,0,0.0
train,671,normal_003.csv,203,25984,26112,51.96805603800021,52.22205399499944,0,0.0
train,672,normal_003.csv,204,26112,26240,52.22405469799924,52.47805508000056,0,0.0
train,673,normal_003.csv,205,26240,26368,52.48005535700031,52.73405620300037,0,0.0
train,674,normal_003.csv,206,26368,26496,52.73605585000041,52.99005751100049,0,0.0
train,675,normal_003.csv,207,26496,26624,52.99205528799939,53.24605391099976,0,0.0
train,676,normal_003.csv,208,26624,26752,53.24805594700047,53.5020542000002,0,0.0
train,677,normal_003.csv,209,26752,26880,53.50405497700012,53.75805837799999,0,0.0
train,678,normal_003.csv,210,26880,27008,53.76005617299961,54.01405403699937,0,0.0
train,679,normal_003.csv,211,27008,27136,54.01605481399929,54.27005771499898,0,0.0
train,680,normal_003.csv,212,27136,27264,54.27205554799912,54.52605430099902,0,0.0
train,681,normal_003.csv,213,27264,27392,54.5280573,54.78205471900037,0,0.0
train,682,normal_003.csv,214,27392,27520,54.78405621799902,55.03805497099893,0,0.0
train,683,normal_003.csv,215,27520,27648,55.04005624799902,55.294054111998776,0,0.0
train,684,normal_003.csv,216,27648,27776,55.296054667000135,55.550058770999385,0,0.0
train,685,normal_003.csv,217,27776,27904,55.55205591899903,55.80605400499917,0,0.0
train,686,normal_003.csv,218,27904,28032,55.80805550399964,56.06205594200037,0,0.0
train,687,normal_003.csv,219,28032,28160,56.06405566300055,56.318055507999816,0,0.0
train,688,normal_003.csv,220,28160,28288,56.320057766999525,56.57405388999905,0,0.0
train,689,normal_003.csv,221,28288,28416,56.57606177799971,56.83005830900038,0,0.0
train,690,normal_003.csv,222,28416,28544,56.83205801099939,57.086053949000416,0,0.0
train,691,normal_003.csv,223,28544,28672,57.08806141099922,57.34205418300007,0,0.0
train,692,normal_003.csv,224,28672,28800,57.344054977998894,57.59805980499914,0,0.0
train,693,normal_003.csv,225,28800,28928,57.60005821099912,57.85405403799996,0,0.0
train,694,normal_003.csv,226,28928,29056,57.8560556299999,58.110058419999405,0,0.0
train,695,normal_003.csv,227,29056,29184,58.11205573400002,58.36608615299883,0,0.0
train,696,normal_003.csv,228,29184,29312,58.36805755899877,58.62205407100009,0,0.0
train,697,normal_003.csv,229,29312,29440,58.6240550700004,58.87805485999888,0,0.0
train,698,normal_003.csv,230,29440,29568,58.880055358999016,59.13405889000023,0,0.0
train,699,normal_003.csv,231,29568,29696,59.13605585199912,59.39005762299894,0,0.0
train,700,normal_003.csv,232,29696,29824,59.3920553629996,59.64605417100029,0,0.0
train,701,normal_003.csv,233,29824,29952,59.648059762999765,59.90205421899918,0,0.0
train,702,normal_004.csv,0,0,128,4.449993866728619e-07,0.2540602150002087,0,0.0
train,703,normal_004.csv,1,128,256,0.2560538809993886,0.5100543740009016,0,0.0
train,704,normal_004.csv,2,256,384,0.5120527439994476,0.7660537369993108,0,0.0
train,705,normal_004.csv,3,384,512,0.7680527550000988,1.0220526180000888,0,0.0
train,706,normal_004.csv,4,512,640,1.0240575799998624,1.278057092000381,0,0.0
train,707,normal_004.csv,5,640,768,1.2800540169992018,1.5340559169999324,0,0.0
train,708,normal_004.csv,6,768,896,1.536054026999409,1.790054113000224,0,0.0
train,709,normal_004.csv,7,896,1024,1.792053963999933,2.046055067999987,0,0.0
train,710,normal_004.csv,8,1024,1152,2.0480539750005846,2.302054394000152,0,0.0
train,711,normal_004.csv,9,1152,1280,2.304056134000348,2.558054256000105,0,0.0
train,712,normal_004.csv,10,1280,1408,2.5600687740006838,2.814062785000715,0,0.0
train,713,normal_004.csv,11,1408,1536,2.816055358000085,3.0700540550005826,0,0.0
train,714,normal_004.csv,12,1536,1664,3.0720539619997,3.326057972999479,0,0.0
train,715,normal_004.csv,13,1664,1792,3.328054138999505,3.5820540950007853,0,0.0
train,716,normal_004.csv,14,1792,1920,3.5840593529992475,3.8380542529994273,0,0.0
train,717,normal_004.csv,15,1920,2048,3.8400540120001097,4.094060986000841,0,0.0
train,718,normal_004.csv,16,2048,2176,4.096055578000232,4.350070570999378,0,0.0
train,719,normal_004.csv,17,2176,2304,4.352081940000062,4.606053396000789,0,0.0
train,720,normal_004.csv,18,2304,2432,4.608052599000075,4.862052610000319,0,0.0
train,721,normal_004.csv,19,2432,2560,4.864054794999902,5.118052601999807,0,0.0
train,722,normal_004.csv,20,2560,2688,5.120052565000151,5.3740555019994645,0,0.0
train,723,normal_004.csv,21,2688,2816,5.376054018999639,5.630052586000602,0,0.0
train,724,normal_004.csv,22,2816,2944,5.6320526039999095,5.886053411999455,0,0.0
train,725,normal_004.csv,23,2944,3072,5.888052706999588,6.142052754999895,0,0.0
train,726,normal_004.csv,24,3072,3200,6.144056273000388,6.39805280300061,0,0.0
train,727,normal_004.csv,25,3200,3328,6.400052691000383,6.654057220999675,0,0.0
train,728,normal_004.csv,26,3328,3456,6.656066052999449,6.91005267500077,0,0.0
train,729,normal_004.csv,27,3456,3584,6.912052600999232,7.166053445000216,0,0.0
train,730,normal_004.csv,28,3584,3712,7.16805283299982,7.422053381000296,0,0.0
train,731,normal_004.csv,29,3712,3840,7.424055362000217,7.678052707000461,0,0.0
train,732,normal_004.csv,30,3840,3968,7.680052521000107,7.934056865000457,0,0.0
train,733,normal_004.csv,31,3968,4096,7.93605358700006,8.19005263500003,0,0.0
train,734,normal_004.csv,32,4096,4224,8.192052578000585,8.446052700999644,0,0.0
train,735,normal_004.csv,33,4224,4352,8.448052588999417,8.70205259999966,0,0.0
train,736,normal_004.csv,34,4352,4480,8.704056005999519,8.958052665999276,0,0.0
train,737,normal_004.csv,35,4480,4608,8.960052571999768,9.214059620000626,0,0.0
train,738,normal_004.csv,36,4608,4736,9.216053730999192,9.470053945000473,0,0.0
train,739,normal_004.csv,37,4736,4864,9.472053871000751,9.726054085000214,0,0.0
train,740,normal_004.csv,38,4864,4992,9.728053824999732,9.982053928999449,0,0.0
train,741,normal_004.csv,39,4992,5120,9.984055279999666,10.238054753999675,0,0.0
train,742,normal_004.csv,40,5120,5248,10.240061234999304,10.494055634000688,0,0.0
train,743,normal_004.csv,41,5248,5376,10.496060781999404,10.75005394099935,0,0.0
train,744,normal_004.csv,42,5376,5504,10.752053811000224,11.00605415499922,0,0.0
train,745,normal_004.csv,43,5504,5632,11.008053912999458,11.262054664999596,0,0.0
train,746,normal_004.csv,44,5632,5760,11.264063738000914,11.51805402699938,0,0.0
train,747,normal_004.csv,45,5760,5888,11.52005398899928,11.774055611000222,0,0.0
train,748,normal_004.csv,46,5888,6016,11.776054203000967,12.030054139999264,0,0.0
train,749,normal_004.csv,47,6016,6144,12.032054397999673,12.28605918699941,0,0.0
train,750,normal_004.csv,48,6144,6272,12.288054370999816,12.542054030000145,0,0.0
train,751,normal_004.csv,49,6272,6400,12.544055196000045,12.798058521999335,0,0.0
train,752,normal_004.csv,50,6400,6528,12.800054298999385,13.054056421000496,0,0.0
train,753,normal_004.csv,51,6528,6656,13.056054179000055,13.310054931000195,0,0.0
train,754,normal_004.csv,52,6656,6784,13.312054153000645,13.566055441000572,0,0.0
train,755,normal_004.csv,53,6784,6912,13.568054126000789,13.822056987999533,0,0.0
train,756,normal_004.csv,54,6912,7040,13.82406302399977,14.078054016999886,0,0.0
train,757,normal_004.csv,55,7040,7168,14.080057183000465,14.334058878999713,0,0.0
train,758,normal_004.csv,56,7168,7296,14.336055581999972,14.590054091999264,0,0.0
train,759,normal_004.csv,57,7296,7424,14.592053943000792,14.846054621000803,0,0.0
train,760,normal_004.csv,58,7424,7552,14.848054231000788,15.10205272299936,0,0.0
train,761,normal_004.csv,59,7552,7680,15.104056481999578,15.358052715000667,0,0.0
train,762,normal_004.csv,60,7680,7808,15.360052583999275,15.614055447000284,0,0.0
train,763,normal_004.csv,61,7808,7936,15.616053928000838,15.870052715999918,0,0.0
train,764,normal_004.csv,62,7936,8064,15.872052640999756,16.126053930000126,0,0.0
train,765,normal_004.csv,63,8064,8192,16.128052780999496,16.382052680000925,0,0.0
train,766,normal_004.csv,64,8192,8320,16.384060828000656,16.638052800999503,0,0.0
train,767,normal_004.csv,65,8320,8448,16.640052634000313,16.89405584800079,0,0.0
train,768,normal_004.csv,66,8448,8576,16.89605377299995,17.150054765999812,0,0.0
train,769,normal_004.csv,67,8576,8704,17.152059043000918,17.40605572000095,0,0.0
train,770,normal_004.csv,68,8704,8832,17.40805275599996,17.662053432999528,0,0.0
train,771,normal_004.csv,69,8832,8960,17.66405600700091,17.91805285100054,0,0.0
train,772,normal_004.csv,70,8960,9088,17.920052683000904,18.17405700900053,0,0.0
train,773,normal_004.csv,71,9088,9216,18.17605385999923,18.43005296299998,0,0.0
train,774,normal_004.csv,72,9216,9344,18.43205266599944,18.68605362100061,0,0.0
train,775,normal_004.csv,73,9344,9472,18.688052916000743,18.94205274200067,0,0.0
train,776,normal_004.csv,74,9472,9600,18.94405787100004,19.198052825999184,0,0.0
train,777,normal_004.csv,75,9600,9728,19.200052714000776,19.45405650199973,0,0.0
train,778,normal_004.csv,76,9728,9856,19.45605363100003,19.710052788999747,0,0.0
train,779,normal_004.csv,77,9856,9984,19.71205301100053,19.966053447000377,0,0.0
train,780,normal_004.csv,78,9984,10112,19.968052686999727,20.22205421599938,0,0.0
train,781,normal_004.csv,79,10112,10240,20.22404599299989,20.47805409600005,0,0.0
train,782,normal_004.csv,80,10240,10368,20.4800538920008,20.734056049999708,0,0.0
train,783,normal_004.csv,81,10368,10496,20.736054438999417,20.99005415300053,0,0.0
train,784,normal_004.csv,82,10496,10624,20.99205393000011,21.24605527300082,0,0.0
train,785,normal_004.csv,83,10624,10752,21.248054087000128,21.50205395000012,0,0.0
train,786,normal_004.csv,84,10752,10880,21.504055023000543,21.75805444099933,0,0.0
train,787,normal_004.csv,85,10880,11008,21.76005401399925,22.014056080000955,0,0.0
train,788,normal_004.csv,86,11008,11136,22.01605506099986,22.27005468199968,0,0.0
train,789,normal_004.csv,87,11136,11264,22.27205410699935,22.526056155000333,0,0.0
train,790,normal_004.csv,88,11264,11392,22.528059264999683,22.782054237999542,0,0.0
train,791,normal_004.csv,89,11392,11520,22.784058997000106,23.03805459999967,0,0.0
train,792,normal_004.csv,90,11520,11648,23.04005400599999,23.294064869000067,0,0.0
train,793,normal_004.csv,91,11648,11776,23.29605836799965,23.55005417400025,0,0.0
train,794,normal_004.csv,92,11776,11904,23.552053839999644,23.80605401700086,0,0.0
train,795,normal_004.csv,93,11904,12032,23.80805384999985,24.062054194000662,0,0.0
train,796,normal_004.csv,94,12032,12160,24.06405656300012,24.318054370000027,0,0.0
train,797,normal_004.csv,95,12160,12288,24.320053905999885,24.574059361000764,0,0.0
train,798,normal_004.csv,96,12288,12416,24.576055248999182,24.830056943999807,0,0.0
train,799,normal_004.csv,97,12416,12544,24.83205451700087,25.08605452799929,0,0.0
train,800,normal_004.csv,98,12544,12672,25.08805408199987,25.342054000000644,0,0.0
train,801,normal_004.csv,99,12672,12800,25.34405898099976,25.59805413899994,0,0.0
train,802,normal_004.csv,100,12800,12928,25.600053935000687,25.85405631499998,0,0.0
train,803,normal_004.csv,101,12928,13056,25.856054129000768,26.110054287999446,0,0.0
train,804,normal_004.csv,102,13056,13184,26.112067398000363,26.3660549640008,0,0.0
train,805,normal_004.csv,103,13184,13312,26.368053943999257,26.62205425100001,0,0.0
train,806,normal_004.csv,104,13312,13440,26.62406280600044,26.87805403799939,0,0.0
train,807,normal_004.csv,105,13440,13568,26.880053945000327,27.13405884399981,0,0.0
train,808,normal_004.csv,106,13568,13696,27.136055343000407,27.390054019999297,0,0.0
train,809,normal_004.csv,107,13696,13824,27.39205390800089,27.64605423300054,0,0.0
train,810,normal_004.csv,108,13824,13952,27.648053936,27.90205409400005,0,0.0
train,811,normal_004.csv,109,13952,14080,27.904058963000352,28.158054232999348,0,0.0
train,812,normal_004.csv,110,14080,14208,28.16005395399952,28.414062723000825,0,0.0
train,813,normal_004.csv,111,14208,14336,28.416062222999244,28.67005428800076,0,0.0
train,814,normal_004.csv,112,14336,14464,28.672054028000275,28.92605440899933,0,0.0
train,815,normal_004.csv,113,14464,14592,28.928053888999784,29.18205412200041,0,0.0
train,816,normal_004.csv,114,14592,14720,29.18405730599989,29.43805409400011,0,0.0
train,817,normal_004.csv,115,14720,14848,29.44005387099969,29.694055288000527,0,0.0
train,818,normal_004.csv,116,14848,14976,29.696054010000807,29.950053983000544,0,0.0
train,819,normal_004.csv,117,14976,15104,29.95205390800038,30.20605528799933,0,0.0
train,820,normal_004.csv,118,15104,15232,30.20805404699968,30.46205400100007,0,0.0
train,821,normal_004.csv,119,15232,15360,30.46406018500056,30.718054028999177,0,0.0
train,822,normal_004.csv,120,15360,15488,30.720053897999605,30.97405575999983,0,0.0
train,823,normal_004.csv,121,15488,15616,30.97605542599922,31.230053899000268,0,0.0
train,824,normal_004.csv,122,15616,15744,31.23205393500029,31.48606212999948,0,0.0
train,825,normal_004.csv,123,15744,15872,31.48805638900012,31.74205399099992,0,0.0
train,826,normal_004.csv,124,15872,16000,31.74405513800048,31.99805444500089,0,0.0
train,827,normal_004.csv,125,16000,16128,32.00005403599971,32.25406547199964,0,0.0
train,828,normal_004.csv,126,16128,16256,32.256056063999495,32.51005390700084,0,0.0
train,829,normal_004.csv,127,16256,16384,32.5120539060008,32.76605410100092,0,0.0
train,830,normal_004.csv,128,16384,16512,32.76805385999978,33.022053925000364,0,0.0
train,831,normal_004.csv,129,16512,16640,33.02405486899988,33.27806567500011,0,0.0
train,832,normal_004.csv,130,16640,16768,33.28006241500043,33.53405640600067,0,0.0
train,833,normal_004.csv,131,16768,16896,33.53605614600019,33.79005882300044,0,0.0
train,834,normal_004.csv,132,16896,17024,33.792056747999595,34.04605540600096,0,0.0
train,835,normal_004.csv,133,17024,17152,34.048057052999866,34.30206078499941,0,0.0
train,836,normal_004.csv,134,17152,17280,34.30405495100058,34.55805347900059,0,0.0
train,837,normal_004.csv,135,17280,17408,34.56005849699977,34.814052748000904,0,0.0
train,838,normal_004.csv,136,17408,17536,34.816052616999514,35.07005736800056,0,0.0
train,839,normal_004.csv,137,17536,17664,35.07205783000063,35.32605284000056,0,0.0
train,840,normal_004.csv,138,17664,17792,35.328052691000266,35.58205960799933,0,0.0
train,841,normal_004.csv,139,17792,17920,35.58406294000088,35.83939776400075,0,0.0
train,842,normal_004.csv,140,17920,18048,35.840384653,36.09408312500091,0,0.0
train,843,normal_004.csv,141,18048,18176,36.09607666199918,36.35005378300048,0,0.0
train,844,normal_004.csv,142,18176,18304,36.35206222600027,36.606059253999774,0,0.0
train,845,normal_004.csv,143,18304,18432,36.608053346000816,36.862059634000616,0,0.0
train,846,normal_004.csv,144,18432,18560,36.86405355900024,37.11805408700093,0,0.0
train,847,normal_004.csv,145,18560,18688,37.12006862300041,37.3740550220009,0,0.0
train,848,normal_004.csv,146,18688,18816,37.37605424300091,37.63005480799984,0,0.0
train,849,normal_004.csv,147,18816,18944,37.632053085000734,37.886052799000026,0,0.0
train,850,normal_004.csv,148,18944,19072,37.88805503799995,38.142053011000826,0,0.0
train,851,normal_004.csv,149,19072,19200,38.14405380599965,38.39805513099964,0,0.0
train,852,normal_004.csv,150,19200,19328,38.4000601860007,38.65405421399919,0,0.0
train,853,normal_004.csv,151,19328,19456,38.65605515700008,38.910055203999946,0,0.0
train,854,normal_004.csv,152,19456,19584,38.912053035999634,39.16605261999939,0,0.0
train,855,normal_004.csv,153,19584,19712,39.16805256400039,39.42205777699928,0,0.0
train,856,normal_004.csv,154,19712,19840,39.424054350000006,39.67805369300004,0,0.0
train,857,normal_004.csv,155,19840,19968,39.68025411800045,39.93406599800073,0,0.0
train,858,normal_004.csv,156,19968,20096,39.9360547010001,40.19005591399946,0,0.0
train,859,normal_004.csv,157,20096,20224,40.192056949999824,40.44605384900024,0,0.0
train,860,normal_004.csv,158,20224,20352,40.44805386600092,40.70205452399932,0,0.0
train,861,normal_004.csv,159,20352,20480,40.70405504200062,40.95805392200055,0,0.0
train,862,normal_004.csv,160,20480,20608,40.96005393899941,41.21405435599991,0,0.0
train,863,normal_004.csv,161,20608,20736,41.216053967000335,41.4700595689992,0,0.0
train,864,normal_004.csv,162,20736,20864,41.472060346000944,41.72605442900021,0,0.0
train,865,normal_004.csv,163,20864,20992,41.72805396500007,41.982057270999576,0,0.0
train,866,normal_004.csv,164,20992,21120,41.98405406600068,42.23805401999925,0,0.0
train,867,normal_004.csv,165,21120,21248,42.2400578529996,42.494054418000815,0,0.0
train,868,normal_004.csv,166,21248,21376,42.4960540280008,42.750054963000366,0,0.0
train,869,normal_004.csv,167,21376,21504,42.75205783300044,43.006054101999325,0,0.0
train,870,normal_004.csv,168,21504,21632,43.00805387800028,43.26206064700091,0,0.0
train,871,normal_004.csv,169,21632,21760,43.264054776000194,43.51805547000004,0,0.0
train,872,normal_004.csv,170,21760,21888,43.52005450700017,43.77405431199986,0,0.0
train,873,normal_004.csv,171,21888,22016,43.77605388600023,44.0300625609998,0,0.0
train,874,normal_004.csv,172,22016,22144,44.032057635000456,44.28605410700038,0,0.0
train,875,normal_004.csv,173,22144,22272,44.288054106000345,44.5420542819993,0,0.0
train,876,normal_004.csv,174,22272,22400,44.54405385499922,44.79805419799959,0,0.0
train,877,normal_004.csv,175,22400,22528,44.800054400999215,45.05412455800069,0,0.0
train,878,normal_004.csv,176,22528,22656,45.056072539000525,45.31005451099918,0,0.0
train,879,normal_004.csv,177,22656,22784,45.31205521400079,45.56605429699994,0,0.0
train,880,normal_004.csv,178,22784,22912,45.56805407399952,45.822058527999616,0,0.0
train,881,normal_004.csv,179,22912,23040,45.82405406399994,46.07805431400084,0,0.0
train,882,normal_004.csv,180,23040,23168,46.080059072999575,46.33405422999931,0,0.0
train,883,normal_004.csv,181,23168,23296,46.33605419199921,46.59006090500043,0,0.0
train,884,normal_004.csv,182,23296,23424,46.59205734900024,46.84605387600095,0,0.0
train,885,normal_004.csv,183,23424,23552,46.84805380100079,47.10205342200061,0,0.0
train,886,normal_004.csv,184,23552,23680,47.104059142999176,47.358052781999504,0,0.0
train,887,normal_004.csv,185,23680,23808,47.36005835499964,47.61405910500071,0,0.0
train,888,normal_004.csv,186,23808,23936,47.61605867800063,47.870053650000045,0,0.0
train,889,normal_004.csv,187,23936,24064,47.87205540899959,48.126052640000125,0,0.0
train,890,normal_004.csv,188,24064,24192,48.12805262099937,48.38205579699934,0,0.0
train,891,normal_004.csv,189,24192,24320,48.38405283300017,48.638052674999926,0,0.0
train,892,normal_004.csv,190,24320,24448,48.64005487800023,48.89405273900047,0,0.0
train,893,normal_004.csv,191,24448,24576,48.89605259000018,49.150053487999685,0,0.0
train,894,normal_004.csv,192,24576,24704,49.1520527470002,49.4060526810008,0,0.0
train,895,normal_004.csv,193,24704,24832,49.40805260699926,49.66206570800023,0,0.0
train,896,normal_004.csv,194,24832,24960,49.66406205900057,49.91807466099999,0,0.0
train,897,normal_004.csv,195,24960,25088,49.920069900999806,50.17405485400013,0,0.0
train,898,normal_004.csv,196,25088,25216,50.17605372400067,50.4300547139992,0,0.0
train,899,normal_004.csv,197,25216,25344,50.43205338000007,50.68605285199919,0,0.0
train,900,normal_004.csv,198,25344,25472,50.688052685,50.94205526800033,0,0.0
train,901,normal_004.csv,199,25472,25600,50.94405278500017,51.19805268299933,0,0.0
train,902,normal_004.csv,200,25600,25728,51.20005721900088,51.45405261700034,0,0.0
train,903,normal_004.csv,201,25728,25856,51.45605259799959,51.71005799600061,0,0.0
train,904,normal_004.csv,202,25856,25984,51.71205488399937,51.966052652000144,0,0.0
train,905,normal_004.csv,203,25984,26112,51.96805261400005,52.22205412299991,0,0.0
train,906,normal_004.csv,204,26112,26240,52.224054140999215,52.478054519999205,0,0.0
train,907,normal_004.csv,205,26240,26368,52.48005527799978,52.73405430599996,0,0.0
train,908,normal_004.csv,206,26368,26496,52.73605395300001,52.9900589810004,0,0.0
train,909,normal_004.csv,207,26496,26624,52.99205785000049,53.246054302999255,0,0.0
train,910,normal_004.csv,208,26624,26752,53.24805365499924,53.50205827399986,0,0.0
train,911,normal_004.csv,209,26752,26880,53.504057440000906,53.758054005000304,0,0.0
train,912,normal_004.csv,210,26880,27008,53.76005904100021,54.01405425300072,0,0.0
train,913,normal_004.csv,211,27008,27136,54.0160541969999,54.27005716900021,0,0.0
train,914,normal_004.csv,212,27136,27264,54.27207276099944,54.52605430599942,0,0.0
train,915,normal_004.csv,213,27264,27392,54.52805397200064,54.78205890699974,0,0.0
train,916,normal_004.csv,214,27392,27520,54.78405403599936,55.03805402599937,0,0.0
train,917,normal_004.csv,215,27520,27648,55.040055228999336,55.29405555300036,0,0.0
train,918,normal_004.csv,216,27648,27776,55.29605405199982,55.550059486000464,0,0.0
train,919,normal_004.csv,217,27776,27904,55.55205806000049,55.80605451299925,0,0.0
train,920,normal_004.csv,218,27904,28032,55.80805386400061,56.062057928000286,0,0.0
train,921,normal_004.csv,219,28032,28160,56.06405398300012,56.31805678800083,0,0.0
train,922,normal_004.csv,220,28160,28288,56.32005467599993,56.57406401799926,0,0.0
train,923,normal_004.csv,221,28288,28416,56.57609416500054,56.830055451999215,0,0.0
train,924,normal_004.csv,222,28416,28544,56.83205413600081,57.08606395999959,0,0.0
train,925,normal_004.csv,223,28544,28672,57.08805886600021,57.34205711600043,0,0.0
train,926,normal_004.csv,224,28672,28800,57.34405417000016,57.598058511999625,0,0.0
train,927,normal_004.csv,225,28800,28928,57.60005608599931,57.854052983000656,0,0.0
train,928,normal_004.csv,226,28928,29056,57.85605263099933,58.11005547199966,0,0.0
train,929,normal_004.csv,227,29056,29184,58.11205534200053,58.36605277700073,0,0.0
train,930,normal_004.csv,228,29184,29312,58.368052887000886,58.622055969999565,0,0.0
train,931,normal_004.csv,229,29312,29440,58.62405274599951,58.87805266199939,0,0.0
train,932,normal_004.csv,230,29440,29568,58.88005256900033,59.13405302200045,0,0.0
train,933,normal_004.csv,231,29568,29696,59.13605266900049,59.390052733999255,0,0.0
train,934,normal_004.csv,232,29696,29824,59.39205695500095,59.64605261200086,0,0.0
train,935,normal_004.csv,233,29824,29952,59.64805261100082,59.90205324899944,0,0.0
train,936,normal_005.csv,0,0,128,6.110003596404567e-07,0.2540540449990658,0,0.0
train,937,normal_005.csv,1,128,256,0.2560571369995159,0.5100584600004368,0,0.0
train,938,normal_005.csv,2,256,384,0.5120553849992575,0.7660541530003684,0,0.0
train,939,normal_005.csv,3,384,512,0.768053855999824,1.022053994000089,0,0.0
train,940,normal_005.csv,4,512,640,1.0240539559999888,1.2780539089999363,0,0.0
train,941,normal_005.csv,5,640,768,1.2800586479988851,1.5340540269990015,0,0.0
train,942,normal_005.csv,6,768,896,1.5360540820001916,1.7900546829987434,0,0.0
train,943,normal_005.csv,7,896,1024,1.7920540149989392,2.046058615998845,0,0.0
train,944,normal_005.csv,8,1024,1152,2.048057467000035,2.302055456999369,0,0.0
train,945,normal_005.csv,9,1152,1280,2.304054066999015,2.5580539089987724,0,0.0
train,946,normal_005.csv,10,1280,1408,2.560058797000238,2.814053989999593,0,0.0
train,947,normal_005.csv,11,1408,1536,2.8160539149994293,3.070062089998828,0,0.0
train,948,normal_005.csv,12,1536,1664,3.072059996999087,3.326054078999732,0,0.0
train,949,normal_005.csv,13,1664,1792,3.328053948998786,3.58205519799958,0,0.0
train,950,normal_005.csv,14,1792,1920,3.584054085999014,3.838057982999089,0,0.0
train,951,normal_005.csv,15,1920,2048,3.8400556670003434,4.094055341998683,0,0.0
train,952,normal_005.csv,16,2048,2176,4.096054341000126,4.350060108999969,0,0.0
train,953,normal_005.csv,17,2176,2304,4.352055145000122,4.606054042000324,0,0.0
train,954,normal_005.csv,18,2304,2432,4.608054133999758,4.862054548999367,0,0.0
train,955,normal_005.csv,19,2432,2560,4.864054030000261,5.118061852999745,0,0.0
train,956,normal_005.csv,20,2560,2688,5.12005587099884,5.374053452998851,0,0.0
train,957,normal_005.csv,21,2688,2816,5.376054136999301,5.63005805299872,0,0.0
train,958,normal_005.csv,22,2816,2944,5.632077348000166,5.886059540998758,0,0.0
train,959,normal_005.csv,23,2944,3072,5.88805361499908,6.142057715000192,0,0.0
train,960,normal_005.csv,24,3072,3200,6.144054418000451,6.398058519000188,0,0.0
train,961,normal_005.csv,25,3200,3328,6.400062480999623,6.654053508000288,0,0.0
train,962,normal_005.csv,26,3328,3456,6.656053135999173,6.910052719000305,0,0.0
train,963,normal_005.csv,27,3456,3584,6.9120525879989145,7.166052632999708,0,0.0
train,964,normal_005.csv,28,3584,3712,7.168052872999397,7.422052788999281,0,0.0
train,965,normal_005.csv,29,3712,3840,7.424052565000238,7.678052684999784,0,0.0
train,966,normal_005.csv,30,3840,3968,7.680054147000192,7.934052581000287,0,0.0
train,967,normal_005.csv,31,3968,4096,7.936052597999151,8.190056976998676,0,0.0
train,968,normal_005.csv,32,4096,4224,8.19205343899921,8.446052631999919,0,0.0
train,969,normal_005.csv,33,4224,4352,8.448052667999946,8.702053510000042,0,0.0
train,970,normal_005.csv,34,4352,4480,8.704055823998715,8.958052645999487,0,0.0
train,971,normal_005.csv,35,4480,4608,8.960059237999303,9.21405265300018,0,0.0
train,972,normal_005.csv,36,4608,4736,9.216052818999742,9.470053345999986,0,0.0
train,973,normal_005.csv,37,4736,4864,9.47205445599866,9.726083001000006,0,0.0
train,974,normal_005.csv,38,4864,4992,9.728059314998973,9.982062859999132,0,0.0
train,975,normal_005.csv,39,4992,5120,9.984056080998926,10.238052718999825,0,0.0
train,976,normal_005.csv,40,5120,5248,10.24007642200013,10.494055559000117,0,0.0
train,977,normal_005.csv,41,5248,5376,10.496052872998916,10.750067787999797,0,0.0
train,978,normal_005.csv,42,5376,5504,10.7520541949998,11.006052591999833,0,0.0
train,979,normal_005.csv,43,5504,5632,11.008052590999796,11.2620535799997,0,0.0
train,980,normal_005.csv,44,5632,5760,11.264052839000216,11.5180526059994,0,0.0
train,981,normal_005.csv,45,5760,5888,11.520057271998668,11.77405409399944,0,0.0
train,982,normal_005.csv,46,5888,6016,11.776054018999275,12.030058915999687,0,0.0
train,983,normal_005.csv,47,6016,6144,12.03205506300037,12.286053849000382,0,0.0
train,984,normal_005.csv,48,6144,6272,12.28805438499876,12.542054040999574,0,0.0
train,985,normal_005.csv,49,6272,6400,12.544053874000385,12.79805386299995,0,0.0
train,986,normal_005.csv,50,6400,6528,12.80005889899985,13.054055350999988,0,0.0
train,987,normal_005.csv,51,6528,6656,13.056054090999169,13.3100603949988,0,0.0
train,988,normal_005.csv,52,6656,6784,13.31205709799906,13.566074846999982,0,0.0
train,989,normal_005.csv,53,6784,6912,13.568116660999294,13.822059705000356,0,0.0
train,990,normal_005.csv,54,6912,7040,13.82406442699903,14.078085785999065,0,0.0
train,991,normal_005.csv,55,7040,7168,14.080073211998752,14.334417070998825,0,0.0
train,992,normal_005.csv,56,7168,7296,14.336081051998915,14.590062003999265,0,0.0
train,993,normal_005.csv,57,7296,7424,14.592053966000094,14.846052880999196,0,0.0
train,994,normal_005.csv,58,7424,7552,14.848052751000068,15.102055720999488,0,0.0
train,995,normal_005.csv,59,7552,7680,15.104053238999768,15.358052747000327,0,0.0
train,996,normal_005.csv,60,7680,7808,15.360056931000145,15.614088530999652,0,0.0
train,997,normal_005.csv,61,7808,7936,15.616084770999803,15.870053483000447,0,0.0
train,998,normal_005.csv,62,7936,8064,15.872052796999924,16.12605259999873,0,0.0
train,999,normal_005.csv,63,8064,8192,16.128052617999856,16.382053347999317,0,0.0
train,1000,normal_005.csv,64,8192,8320,16.384052772998984,16.638074262000373,0,0.0
train,1001,normal_005.csv,65,8320,8448,16.640063908998854,16.894057620998865,0,0.0
train,1002,normal_005.csv,66,8448,8576,16.896052934998806,17.150072794000152,0,0.0
train,1003,normal_005.csv,67,8576,8704,17.152060663998782,17.406053022999913,0,0.0
train,1004,normal_005.csv,68,8704,8832,17.4080548740003,17.662061270999402,0,0.0
train,1005,normal_005.csv,69,8832,8960,17.664053787999364,17.918093500000396,0,0.0
train,1006,normal_005.csv,70,8960,9088,17.920078535998982,18.174061765999795,0,0.0
train,1007,normal_005.csv,71,9088,9216,18.176055264999377,18.43006536499888,0,0.0
train,1008,normal_005.csv,72,9216,9344,18.432055659999605,18.68605268600004,0,0.0
train,1009,normal_005.csv,73,9344,9472,18.68805299999985,18.94205774900001,0,0.0
train,1010,normal_005.csv,74,9472,9600,18.94405380299941,19.198052792000453,0,0.0
train,1011,normal_005.csv,75,9600,9728,19.200063698999656,19.454052594999663,0,0.0
train,1012,normal_005.csv,76,9728,9856,19.45605259399963,19.710074343000088,0,0.0
train,1013,normal_005.csv,77,9856,9984,19.712063156999648,19.96608722000019,0,0.0
train,1014,normal_005.csv,78,9984,10112,19.96806281099998,20.222055133999675,0,0.0
train,1015,normal_005.csv,79,10112,10240,20.2240644479989,20.478055121999205,0,0.0
train,1016,normal_005.csv,80,10240,10368,20.48005719499997,20.734054999000364,0,0.0
train,1017,normal_005.csv,81,10368,10496,20.73607529400033,20.99005643099917,0,0.0
train,1018,normal_005.csv,82,10496,10624,20.992063985999263,21.246058251999784,0,0.0
train,1019,normal_005.csv,83,10624,10752,21.24805823299903,21.50205848099904,0,0.0
train,1020,normal_005.csv,84,10752,10880,21.504053388000106,21.75807011699908,0,0.0
train,1021,normal_005.csv,85,10880,11008,21.76005731999976,22.014067234998947,0,0.0
train,1022,normal_005.csv,86,11008,11136,22.016055660000347,22.270065278999027,0,0.0
train,1023,normal_005.csv,87,11136,11264,22.27207216699935,22.526055080999868,0,0.0
train,1024,normal_005.csv,88,11264,11392,22.528053246998752,22.782076383999083,0,0.0
train,1025,normal_005.csv,89,11392,11520,22.78405704999932,23.03807898299965,0,0.0
train,1026,normal_005.csv,90,11520,11648,23.04007574199932,23.294070545000068,0,0.0
train,1027,normal_005.csv,91,11648,11776,23.29605878499933,23.550119625999287,0,0.0
train,1028,normal_005.csv,92,11776,11904,23.552081494999584,23.806054372998915,0,0.0
train,1029,normal_005.csv,93,11904,12032,23.80808266900021,24.062055954000243,0,0.0
train,1030,normal_005.csv,94,12032,12160,24.06405926799925,24.31806159000007,0,0.0
train,1031,normal_005.csv,95,12160,12288,24.320083217999127,24.574057002999325,0,0.0
train,1032,normal_005.csv,96,12288,12416,24.576055446999817,24.830062973000167,0,0.0
train,1033,normal_005.csv,97,12416,12544,24.83208656500028,25.08613736799998,0,0.0
train,1034,normal_005.csv,98,12544,12672,25.08812281199971,25.342056077999587,0,0.0
train,1035,normal_005.csv,99,12672,12800,25.344053224998788,25.598059918000217,0,0.0
train,1036,normal_005.csv,100,12800,12928,25.600060990998827,25.85405355399962,0,0.0
train,1037,normal_005.csv,101,12928,13056,25.856064219999094,26.11005630100044,0,0.0
train,1038,normal_005.csv,102,13056,13184,26.11205370799871,26.3660535479994,0,0.0
train,1039,normal_005.csv,103,13184,13312,26.36805764000019,26.62205379499937,0,0.0
train,1040,normal_005.csv,104,13312,13440,26.62405290499919,26.878056264000406,0,0.0
train,1041,normal_005.csv,105,13440,13568,26.88005733799946,27.134053382000275,0,0.0
train,1042,normal_005.csv,106,13568,13696,27.136052844000005,27.390058850998685,0,0.0
train,1043,normal_005.csv,107,13696,13824,27.392053645999116,27.646052672000224,0,0.0
train,1044,normal_005.csv,108,13824,13952,27.648052745000317,27.902059549000118,0,0.0
train,1045,normal_005.csv,109,13952,14080,27.90405402899887,28.158052609998776,0,0.0
train,1046,normal_005.csv,110,14080,14208,28.160056386999717,28.41405295000004,0,0.0
train,1047,normal_005.csv,111,14208,14336,28.416052652999497,28.670057956000164,0,0.0
train,1048,normal_005.csv,112,14336,14464,28.67205439999998,28.926054850999208,0,0.0
train,1049,normal_005.csv,113,14464,14592,28.9280532949997,29.18205454300005,0,0.0
train,1050,normal_005.csv,114,14592,14720,29.18405935699957,29.43805691899979,0,0.0
train,1051,normal_005.csv,115,14720,14848,29.44005847399967,29.69405951800036,0,0.0
train,1052,normal_005.csv,116,14848,14976,29.69606181400013,29.95006115399883,0,0.0
train,1053,normal_005.csv,117,14976,15104,29.952058282999133,30.206058382000265,0,0.0
train,1054,normal_005.csv,118,15104,15232,30.20807832599894,30.46205398100028,0,0.0
train,1055,normal_005.csv,119,15232,15360,30.46405288799906,30.718052690999684,0,0.0
train,1056,normal_005.csv,120,15360,15488,30.720056209000177,30.97405286399953,0,0.0
train,1057,normal_005.csv,121,15488,15616,30.97605282599943,31.23005470299904,0,0.0
train,1058,normal_005.csv,122,15616,15744,31.232052961999216,31.48605265399965,0,0.0
train,1059,normal_005.csv,123,15744,15872,31.48805267100033,31.742057604000365,0,0.0
train,1060,normal_005.csv,124,15872,16000,31.744055899998784,31.998073925000423,0,0.0
train,1061,normal_005.csv,125,16000,16128,32.00007673899927,32.254053467999256,0,0.0
train,1062,normal_005.csv,126,16128,16256,32.256057466998755,32.51008008499957,0,0.0
train,1063,normal_005.csv,127,16256,16384,32.51208143599979,32.76605727700007,0,0.0
train,1064,normal_005.csv,128,16384,16512,32.76807605399881,33.022080837999965,0,0.0
train,1065,normal_005.csv,129,16512,16640,33.02406476299984,33.278092196000216,0,0.0
train,1066,normal_005.csv,130,16640,16768,33.280143992000376,33.53407714700006,0,0.0
train,1067,normal_005.csv,131,16768,16896,33.53607821999867,33.79005902300014,0,0.0
train,1068,normal_005.csv,132,16896,17024,33.79207165200023,34.04665491800006,0,0.0
train,1069,normal_005.csv,133,17024,17152,34.04805926900008,34.30207760899975,0,0.0
train,1070,normal_005.csv,134,17152,17280,34.30406136700003,34.55810872599977,0,0.0
train,1071,normal_005.csv,135,17280,17408,34.56007905899969,34.8142010470001,0,0.0
train,1072,normal_005.csv,136,17408,17536,34.8160786569988,35.070053182000265,0,0.0
train,1073,normal_005.csv,137,17536,17664,35.072059107000314,35.32605411399891,0,0.0
train,1074,normal_005.csv,138,17664,17792,35.32805422399906,35.58274078700015,0,0.0
train,1075,normal_005.csv,139,17792,17920,35.584361064000404,35.838772162998794,0,0.0
train,1076,normal_005.csv,140,17920,18048,35.84007716199994,36.09405592799885,0,0.0
train,1077,normal_005.csv,141,18048,18176,36.0960541129989,36.35008154499883,0,0.0
train,1078,normal_005.csv,142,18176,18304,36.35208515500017,36.60605816200041,0,0.0
train,1079,normal_005.csv,143,18304,18432,36.60805295799946,36.86286968599961,0,0.0
train,1080,normal_005.csv,144,18432,18560,36.86421183399944,37.11805300699962,0,0.0
train,1081,normal_005.csv,145,18560,18688,37.12006687699977,37.3740582169994,0,0.0
train,1082,normal_005.csv,146,18688,18816,37.37605514200004,37.63006250000035,0,0.0
train,1083,normal_005.csv,147,18816,18944,37.63206466599877,37.88607519099969,0,0.0
train,1084,normal_005.csv,148,18944,19072,37.88806261699938,38.1426083819988,0,0.0
train,1085,normal_005.csv,149,19072,19200,38.1444161039999,38.39806455500002,0,0.0
train,1086,normal_005.csv,150,19200,19328,38.400071035999645,38.655563930000426,0,0.0
train,1087,normal_005.csv,151,19328,19456,38.65657681899938,38.91006560299866,0,0.0
train,1088,normal_005.csv,152,19456,19584,38.912077787999806,39.16605438700026,0,0.0
train,1089,normal_005.csv,153,19584,19712,39.168060885998784,39.42207079999935,0,0.0
train,1090,normal_005.csv,154,19712,19840,39.424066298999605,39.67805623200002,0,0.0
train,1091,normal_005.csv,155,19840,19968,39.680064582998966,39.93405362599879,0,0.0
train,1092,normal_005.csv,156,19968,20096,39.93605919999936,40.1900751510002,0,0.0
train,1093,normal_005.csv,157,20096,20224,40.19208270499985,40.44605348999903,0,0.0
train,1094,normal_005.csv,158,20224,20352,40.448054914999375,40.70396492100008,0,0.0
train,1095,normal_005.csv,159,20352,20480,40.70499560499957,40.95806042699951,0,0.0
train,1096,normal_005.csv,160,20480,20608,40.96006127799956,41.21407480299968,0,0.0
train,1097,normal_005.csv,161,20608,20736,41.21607882100034,41.47006645699912,0,0.0
train,1098,normal_005.csv,162,20736,20864,41.47205925199887,41.72609898100018,0,0.0
train,1099,normal_005.csv,163,20864,20992,41.72807029499927,41.98205587600023,0,0.0
train,1100,normal_005.csv,164,20992,21120,41.98405511499914,42.23805439999887,0,0.0
train,1101,normal_005.csv,165,21120,21248,42.2400690279992,42.494070127999294,0,0.0
train,1102,normal_005.csv,166,21248,21376,42.49607060800008,42.75091944799897,0,0.0
train,1103,normal_005.csv,167,21376,21504,42.75207068800046,43.00607874999878,0,0.0
train,1104,normal_005.csv,168,21504,21632,43.008070896999925,43.26205912600017,0,0.0
train,1105,normal_005.csv,169,21632,21760,43.26405517999956,43.51807226100027,0,0.0
train,1106,normal_005.csv,170,21760,21888,43.520062055999006,43.774063414999546,0,0.0
train,1107,normal_005.csv,171,21888,22016,43.77606320999985,44.03008229099942,0,0.0
train,1108,normal_005.csv,172,22016,22144,44.03206827099893,44.2860580180004,0,0.0
train,1109,normal_005.csv,173,22144,22272,44.28805592499885,44.54205548699974,0,0.0
train,1110,normal_005.csv,174,22272,22400,44.544054948999474,44.79805730699991,0,0.0
train,1111,normal_005.csv,175,22400,22528,44.80005567700027,45.054064404999735,0,0.0
train,1112,normal_005.csv,176,22528,22656,45.056057849000354,45.310026725999705,0,0.0
train,1113,normal_005.csv,177,22656,22784,45.31206466900039,45.5660592309996,0,0.0
train,1114,normal_005.csv,178,22784,22912,45.568065007999394,45.82208114399873,0,0.0
train,1115,normal_005.csv,179,22912,23040,45.82406612500017,46.07809772299879,0,0.0
train,1116,normal_005.csv,180,23040,23168,46.08008590799909,46.33407659899967,0,0.0
train,1117,normal_005.csv,181,23168,23296,46.33609437599989,46.5900593819988,0,0.0
train,1118,normal_005.csv,182,23296,23424,46.59205597399887,46.84605635099979,0,0.0
train,1119,normal_005.csv,183,23424,23552,46.84806236899931,47.10205672699885,0,0.0
train,1120,normal_005.csv,184,23552,23680,47.1040561890004,47.35806406499978,0,0.0
train,1121,normal_005.csv,185,23680,23808,47.36006745299892,47.614080033999926,0,0.0
train,1122,normal_005.csv,186,23808,23936,47.61606801400012,47.87005874299939,0,0.0
train,1123,normal_005.csv,187,23936,24064,47.87206016799973,48.12605593300032,0,0.0
train,1124,normal_005.csv,188,24064,24192,48.12807011800032,48.38205616099913,0,0.0
train,1125,normal_005.csv,189,24192,24320,48.384066233998965,48.63806594400012,0,0.0
train,1126,normal_005.csv,190,24320,24448,48.6400736100004,48.89405878300022,0,0.0
train,1127,normal_005.csv,191,24448,24576,48.8960743560001,49.150077307000174,0,0.0
train,1128,normal_005.csv,192,24576,24704,49.15206952799963,49.40605447899907,0,0.0
train,1129,normal_005.csv,193,24704,24832,49.40805473699948,49.66206759499983,0,0.0
train,1130,normal_005.csv,194,24832,24960,49.66408427900024,49.91807995199997,0,0.0
train,1131,normal_005.csv,195,24960,25088,49.92006693300027,50.17405675400005,0,0.0
train,1132,normal_005.csv,196,25088,25216,50.176261196998894,50.43005653699947,0,0.0
train,1133,normal_005.csv,197,25216,25344,50.432057035999605,50.68607357899964,0,0.0
train,1134,normal_005.csv,198,25344,25472,50.688087466998695,50.94205736199911,0,0.0
train,1135,normal_005.csv,199,25472,25600,50.94406330600032,51.19805373800045,0,0.0
train,1136,normal_005.csv,200,25600,25728,51.20005368099919,51.45405640999888,0,0.0
train,1137,normal_005.csv,201,25728,25856,51.45605707499999,51.71005809999952,0,0.0
train,1138,normal_005.csv,202,25856,25984,51.71205432100032,51.966103845999896,0,0.0
train,1139,normal_005.csv,203,25984,26112,51.96807791900028,52.22221688799982,0,0.0
train,1140,normal_005.csv,204,26112,26240,52.22405890600021,52.478054929999416,0,0.0
train,1141,normal_005.csv,205,26240,26368,52.48005550400012,52.73405276899939,0,0.0
train,1142,normal_005.csv,206,26368,26496,52.7360527869987,52.99005275499985,0,0.0
train,1143,normal_005.csv,207,26496,26624,52.99205712500043,53.24605264999991,0,0.0
train,1144,normal_005.csv,208,26624,26752,53.24805283400019,53.50205546899997,0,0.0
train,1145,normal_005.csv,209,26752,26880,53.5040530059996,53.75805260400011,0,0.0
train,1146,normal_005.csv,210,26880,27008,53.76005275199896,54.01406146099907,0,0.0
train,1147,normal_005.csv,211,27008,27136,54.01605434900012,54.27005274399926,0,0.0
train,1148,normal_005.csv,212,27136,27264,54.27205381699969,54.52605278599913,0,0.0
train,1149,normal_005.csv,213,27264,27392,54.52805271099896,54.78206055099872,0,0.0
train,1150,normal_005.csv,214,27392,27520,54.78405940199991,55.03805953699885,0,0.0
train,1151,normal_005.csv,215,27520,27648,55.04005662899908,55.29405343100007,0,0.0
train,1152,normal_005.csv,216,27648,27776,55.29605350400016,55.55005402899951,0,0.0
train,1153,normal_005.csv,217,27776,27904,55.55205502799981,55.80605357099921,0,0.0
train,1154,normal_005.csv,218,27904,28032,55.80805371799943,56.06205687199872,0,0.0
train,1155,normal_005.csv,219,28032,28160,56.06405733399879,56.31805370999973,0,0.0
train,1156,normal_005.csv,220,28160,28288,56.320055227999546,56.5740539189992,0,0.0
train,1157,normal_005.csv,221,28288,28416,56.57605430699914,56.83005675700042,0,0.0
train,1158,normal_005.csv,222,28416,28544,56.83206651599903,57.086059448000015,0,0.0
train,1159,normal_005.csv,223,28544,28672,57.0880544470001,57.34206206399904,0,0.0
train,1160,normal_005.csv,224,28672,28800,57.34406217399919,57.59805393900024,0,0.0
train,1161,normal_005.csv,225,28800,28928,57.60005397500026,57.85410251800022,0,0.0
train,1162,normal_005.csv,226,28928,29056,57.85607136900035,58.1100525969996,0,0.0
train,1163,normal_005.csv,227,29056,29184,58.11205294799947,58.3660530090001,0,0.0
train,1164,normal_005.csv,228,29184,29312,58.36805308299881,58.622056070000326,0,0.0
train,1165,normal_005.csv,229,29312,29440,58.62405303199921,58.87805918599952,0,0.0
train,1166,normal_005.csv,230,29440,29568,58.8800554999998,59.13405257999875,0,0.0
train,1167,normal_005.csv,231,29568,29696,59.1360526339995,59.39005263999934,0,0.0
train,1168,normal_005.csv,232,29696,29824,59.39205574999869,59.64605420099906,0,0.0
train,1169,normal_005.csv,233,29824,29952,59.64805284799877,59.90205866799988,0,0.0
train,1170,normal_006.csv,0,0,128,4.810008249478415e-07,0.2540552089994889,0,0.0
train,1171,normal_006.csv,1,128,256,0.2560541149996425,0.5100539909999497,0,0.0
train,1172,normal_006.csv,2,256,384,0.5120634159993642,0.7660536260009394,0,0.0
train,1173,normal_006.csv,3,384,512,0.7680536250009027,1.0220682230010425,0,0.0
train,1174,normal_006.csv,4,512,640,1.0240612779998628,1.2780526160004229,0,0.0
train,1175,normal_006.csv,5,640,768,1.2800530050008092,1.5340552689995093,0,0.0
train,1176,normal_006.csv,6,768,896,1.5360550830009745,1.7900537370005625,0,0.0
train,1177,normal_006.csv,7,896,1024,1.7920568290010124,2.0460550009993312,0,0.0
train,1178,normal_006.csv,8,1024,1152,2.048054091999802,2.30205611600104,0,0.0
train,1179,normal_006.csv,9,1152,1280,2.3040550790010457,2.558053695000126,0,0.0
train,1180,normal_006.csv,10,1280,1408,2.5600666390000697,2.814060848000736,0,0.0
train,1181,normal_006.csv,11,1408,1536,2.816067920999558,3.0700526670007093,0,0.0
train,1182,normal_006.csv,12,1536,1664,3.072058499999912,3.32605495000098,0,0.0
train,1183,normal_006.csv,13,1664,1792,3.328055485999357,3.5820526019997487,0,0.0
train,1184,normal_006.csv,14,1792,1920,3.584058267999353,3.838052606999554,0,0.0
train,1185,normal_006.csv,15,1920,2048,3.840052662000744,4.094059999999445,0,0.0
train,1186,normal_006.csv,16,2048,2176,4.096054407000338,4.350053042000582,0,0.0
train,1187,normal_006.csv,17,2176,2304,4.352054799999678,4.606052732000535,0,0.0
train,1188,normal_006.csv,18,2304,2432,4.608052822999525,4.862052606000361,0,0.0
train,1189,normal_006.csv,19,2432,2560,4.8640532350000285,5.11805253700004,0,0.0
train,1190,normal_006.csv,20,2560,2688,5.120052628999474,5.374054707999676,0,0.0
train,1191,normal_006.csv,21,2688,2816,5.376052892001098,5.630145175000507,0,0.0
train,1192,normal_006.csv,22,2816,2944,5.632124138001018,5.886054847000196,0,0.0
train,1193,normal_006.csv,23,2944,3072,5.888052938000328,6.142052666000382,0,0.0
train,1194,normal_006.csv,24,3072,3200,6.144053109001106,6.398054466999383,0,0.0
train,1195,normal_006.csv,25,3200,3328,6.400057131999347,6.654055193001113,0,0.0
train,1196,normal_006.csv,26,3328,3456,6.656054174000019,6.910053957000855,0,0.0
train,1197,normal_006.csv,27,3456,3584,6.912054067001009,7.166063369000767,0,0.0
train,1198,normal_006.csv,28,3584,3712,7.168060145999334,7.422054169001058,0,0.0
train,1199,normal_006.csv,29,3712,3840,7.424064187000113,7.6780558959999325,0,0.0
train,1200,normal_006.csv,30,3840,3968,7.680054247000953,7.934060178000436,0,0.0
train,1201,normal_006.csv,31,3968,4096,7.93605508499968,8.190053979000368,0,0.0
train,1202,normal_006.csv,32,4096,4224,8.192054126000585,8.446057354000004,0,0.0
train,1203,normal_006.csv,33,4224,4352,8.448057445000813,8.702058079999915,0,0.0
train,1204,normal_006.csv,34,4352,4480,8.704056376000153,8.958053898999424,0,0.0
train,1205,normal_006.csv,35,4480,4608,8.960054010000022,9.214060255999357,0,0.0
train,1206,normal_006.csv,36,4608,4736,9.216055328999571,9.470054649000303,0,0.0
train,1207,normal_006.csv,37,4736,4864,9.4720539810005,9.726055467999686,0,0.0
train,1208,normal_006.csv,38,4864,4992,9.728054225999584,9.982053972000358,0,0.0
train,1209,normal_006.csv,39,4992,5120,9.984058322999772,10.23805406900101,0,0.0
train,1210,normal_006.csv,40,5120,5248,10.240054309000698,10.494061870000223,0,0.0
train,1211,normal_006.csv,41,5248,5376,10.496059110000717,10.750054078000176,0,0.0
train,1212,normal_006.csv,42,5376,5504,10.752054095000858,11.006055619000108,0,0.0
train,1213,normal_006.csv,43,5504,5632,11.00805417400079,11.262054271001034,0,0.0
train,1214,normal_006.csv,44,5632,5760,11.264061382000364,11.518055257000016,0,0.0
train,1215,normal_006.csv,45,5760,5888,11.520054201000676,11.774059335000857,0,0.0
train,1216,normal_006.csv,46,5888,6016,11.776055279000502,12.030053914000746,0,0.0
train,1217,normal_006.csv,47,6016,6144,12.03205393099961,12.286055361999388,0,0.0
train,1218,normal_006.csv,48,6144,6272,12.288054213000578,12.542053903000124,0,0.0
train,1219,normal_006.csv,49,6272,6400,12.54406158799975,12.79805401900012,0,0.0
train,1220,normal_006.csv,50,6400,6528,12.800054110000929,13.054058560001067,0,0.0
train,1221,normal_006.csv,51,6528,6656,13.056062781000946,13.310053879000408,0,0.0
train,1222,normal_006.csv,52,6656,6784,13.31205397099984,13.566055827001035,0,0.0
train,1223,normal_006.csv,53,6784,6912,13.568054012001085,13.822054034999384,0,0.0
train,1224,normal_006.csv,54,6912,7040,13.824059275000764,14.078054039000564,0,0.0
train,1225,normal_006.csv,55,7040,7168,14.080054113001095,14.334063747000982,0,0.0
train,1226,normal_006.csv,56,7168,7296,14.33605504300067,14.590053807000004,0,0.0
train,1227,normal_006.csv,57,7296,7424,14.592053972999564,14.846053867000592,0,0.0
train,1228,normal_006.csv,58,7424,7552,14.848058920999392,15.102058222999403,0,0.0
train,1229,normal_006.csv,59,7552,7680,15.104059666000468,15.358054227001048,0,0.0
train,1230,normal_006.csv,60,7680,7808,15.36005411500082,15.61405993399967,0,0.0
train,1231,normal_006.csv,61,7808,7936,15.616055082000456,15.870053938000638,0,0.0
train,1232,normal_006.csv,62,7936,8064,15.872054030000072,16.126054165000824,0,0.0
train,1233,normal_006.csv,63,8064,8192,16.128054831000554,16.382068261000313,0,0.0
train,1234,normal_006.csv,64,8192,8320,16.384065779000593,16.638053968999884,0,0.0
train,1235,normal_006.csv,65,8320,8448,16.640054356999826,16.894055972999922,0,0.0
train,1236,normal_006.csv,66,8448,8576,16.89605399100037,17.150053977000425,0,0.0
train,1237,normal_006.csv,67,8576,8704,17.152054105999923,17.40605390699966,0,0.0
train,1238,normal_006.csv,68,8704,8832,17.408053942999686,17.662054041000374,0,0.0
train,1239,normal_006.csv,69,8832,8960,17.66405992900036,17.918053952000264,0,0.0
train,1240,normal_006.csv,70,8960,9088,17.920053914000164,18.174059214999943,0,0.0
train,1241,normal_006.csv,71,9088,9216,18.17605538099997,18.430054255999494,0,0.0
train,1242,normal_006.csv,72,9216,9344,18.432054126000367,18.686055390000547,0,0.0
train,1243,normal_006.csv,73,9344,9472,18.68805424099992,18.942053837999996,0,0.0
train,1244,normal_006.csv,74,9472,9600,18.944059485000253,19.198054083000898,0,0.0
train,1245,normal_006.csv,75,9600,9728,19.20005408200086,19.454061864000323,0,0.0
train,1246,normal_006.csv,76,9728,9856,19.456057585999588,19.71005501699983,0,0.0
train,1247,normal_006.csv,77,9856,9984,19.71205423799984,19.9660555570008,0,0.0
train,1248,normal_006.csv,78,9984,10112,19.968054205000957,20.22205411700088,0,0.0
train,1249,normal_006.csv,79,10112,10240,20.22405852300108,20.478055417001087,0,0.0
train,1250,normal_006.csv,80,10240,10368,20.480054416000712,20.73405947600077,0,0.0
train,1251,normal_006.csv,81,10368,10496,20.736055772000327,20.99006096199992,0,0.0
train,1252,normal_006.csv,82,10496,10624,20.99205522000011,21.24605526199957,0,0.0
train,1253,normal_006.csv,83,10624,10752,21.24805428000036,21.502053968999466,0,0.0
train,1254,normal_006.csv,84,10752,10880,21.504055282999616,21.758053899000515,0,0.0
train,1255,normal_006.csv,85,10880,11008,21.760053972000605,22.014055792000363,0,0.0
train,1256,normal_006.csv,86,11008,11136,22.016054457999417,22.270054017999428,0,0.0
train,1257,normal_006.csv,87,11136,11264,22.27205399900049,22.526058392000778,0,0.0
train,1258,normal_006.csv,88,11264,11392,22.52805477999937,22.78205387700109,0,0.0
train,1259,normal_006.csv,89,11392,11520,22.784058728000677,23.038054085000116,0,0.0
train,1260,normal_006.csv,90,11520,11648,23.04005615800088,23.29405875500015,0,0.0
train,1261,normal_006.csv,91,11648,11776,23.29605695800092,23.550054018000083,0,0.0
train,1262,normal_006.csv,92,11776,11904,23.55205414699958,23.806055892000582,0,0.0
train,1263,normal_006.csv,93,11904,12032,23.80805427999985,24.0620539699994,0,0.0
train,1264,normal_006.csv,94,12032,12160,24.06405991400061,24.318054343999396,0,0.0
train,1265,normal_006.csv,95,12160,12288,24.320056324999317,24.57405695899979,0,0.0
train,1266,normal_006.csv,96,12288,12416,24.57605547700041,24.83005392599989,0,0.0
train,1267,normal_006.csv,97,12416,12544,24.83205392499985,25.0860586889994,0,0.0
train,1268,normal_006.csv,98,12544,12672,25.08805474300061,25.34205393299999,0,0.0
train,1269,normal_006.csv,99,12672,12800,25.34407307999936,25.59805477000009,0,0.0
train,1270,normal_006.csv,100,12800,12928,25.600053879999905,25.85405931100104,0,0.0
train,1271,normal_006.csv,101,12928,13056,25.856055088001085,26.110053500000504,0,0.0
train,1272,normal_006.csv,102,13056,13184,26.11205353600053,26.36606170699997,0,0.0
train,1273,normal_006.csv,103,13184,13312,26.36805446499966,26.6220535249995,0,0.0
train,1274,normal_006.csv,104,13312,13440,26.624058969000544,26.8780628250006,0,0.0
train,1275,normal_006.csv,105,13440,13568,26.880068972001027,27.134056680999493,0,0.0
train,1276,normal_006.csv,106,13568,13696,27.13605373500104,27.39005262899991,0,0.0
train,1277,normal_006.csv,107,13696,13824,27.392052702,27.646053853999547,0,0.0
train,1278,normal_006.csv,108,13824,13952,27.648052853999616,27.902052636000008,0,0.0
train,1279,normal_006.csv,109,13952,14080,27.90405709799961,28.15805273200021,0,0.0
train,1280,normal_006.csv,110,14080,14208,28.160052602001088,28.414056438999975,0,0.0
train,1281,normal_006.csv,111,14208,14336,28.41605345700009,28.670052757999656,0,0.0
train,1282,normal_006.csv,112,14336,14464,28.672053034000783,28.9260530570009,0,0.0
train,1283,normal_006.csv,113,14464,14592,28.92805266799951,29.18205367200062,0,0.0
train,1284,normal_006.csv,114,14592,14720,29.18405481899936,29.438052675999643,0,0.0
train,1285,normal_006.csv,115,14720,14848,29.440052748999733,29.69405567899957,0,0.0
train,1286,normal_006.csv,116,14848,14976,29.69605758599937,29.95005292300084,0,0.0
train,1287,normal_006.csv,117,14976,15104,29.952052681999703,30.206053575000624,0,0.0
train,1288,normal_006.csv,118,15104,15232,30.20805285200004,30.462062522999982,0,0.0
train,1289,normal_006.csv,119,15232,15360,30.46405907799999,30.7180527670007,0,0.0
train,1290,normal_006.csv,120,15360,15488,30.72006467400024,30.974056177999955,0,0.0
train,1291,normal_006.csv,121,15488,15616,30.976053509999478,31.230053237000902,0,0.0
train,1292,normal_006.csv,122,15616,15744,31.23205288400095,31.48605779600075,0,0.0
train,1293,normal_006.csv,123,15744,15872,31.48805361000086,31.74205276199973,0,0.0
train,1294,normal_006.csv,124,15872,16000,31.74405800200111,31.9980545060007,0,0.0
train,1295,normal_006.csv,125,16000,16128,32.00005461699948,32.25406271300017,0,0.0
train,1296,normal_006.csv,126,16128,16256,32.25606045300083,32.51005399499991,0,0.0
train,1297,normal_006.csv,127,16256,16384,32.51205399399987,32.76605660899986,0,0.0
train,1298,normal_006.csv,128,16384,16512,32.76805601600063,33.02206889000081,0,0.0
train,1299,normal_006.csv,129,16512,16640,33.024056001000645,33.278054059999704,0,0.0
train,1300,normal_006.csv,130,16640,16768,33.28005407800083,33.53406052699938,0,0.0
train,1301,normal_006.csv,131,16768,16896,33.53605498900106,33.790054196999336,0,0.0
train,1302,normal_006.csv,132,16896,17024,33.79205430699949,34.04605573700064,0,0.0
train,1303,normal_006.csv,133,17024,17152,34.04805416199997,34.3020539070003,0,0.0
train,1304,normal_006.csv,134,17152,17280,34.304058591000285,34.55805392900038,0,0.0
train,1305,normal_006.csv,135,17280,17408,34.560053872000935,34.81405961699966,0,0.0
train,1306,normal_006.csv,136,17408,17536,34.816055597999366,35.07005389799997,0,0.0
train,1307,normal_006.csv,137,17536,17664,35.07205395299934,35.326063104999776,0,0.0
train,1308,normal_006.csv,138,17664,17792,35.32805458599978,35.58205401600026,0,0.0
train,1309,normal_006.csv,139,17792,17920,35.58405520000088,35.83805385300002,0,0.0
train,1310,normal_006.csv,140,17920,18048,35.840053889000046,36.094066337000186,0,0.0
train,1311,normal_006.csv,141,18048,18176,36.09606367000015,36.35005261799961,0,0.0
train,1312,normal_006.csv,142,18176,18304,36.35205869200036,36.606053806999626,0,0.0
train,1313,normal_006.csv,143,18304,18432,36.608052769001006,36.862052624999706,0,0.0
train,1314,normal_006.csv,144,18432,18560,36.86405377200026,37.118055795001055,0,0.0
train,1315,normal_006.csv,145,18560,18688,37.12005331200089,37.37405527900046,0,0.0
train,1316,normal_006.csv,146,18688,18816,37.37605513000017,37.630052634000094,0,0.0
train,1317,normal_006.csv,147,18816,18944,37.63205270800063,37.88605384100083,0,0.0
train,1318,normal_006.csv,148,18944,19072,37.888052840000455,38.142052678000255,0,0.0
train,1319,normal_006.csv,149,19072,19200,38.14405632499984,38.39805262499976,0,0.0
train,1320,normal_006.csv,150,19200,19328,38.40005273600036,38.65405725799974,0,0.0
train,1321,normal_006.csv,151,19328,19456,38.656053034999786,38.91005265000058,0,0.0
train,1322,normal_006.csv,152,19456,19584,38.91205277900008,39.16605372699996,0,0.0
train,1323,normal_006.csv,153,19584,19712,39.16805283800022,39.42205360099979,0,0.0
train,1324,normal_006.csv,154,19712,19840,39.42405430399958,39.67805273399972,0,0.0
train,1325,normal_006.csv,155,19840,19968,39.68005278800047,39.9340576630002,0,0.0
train,1326,normal_006.csv,156,19968,20096,39.936053588000505,40.19005294300041,0,0.0
train,1327,normal_006.csv,157,20096,20224,40.1920527759994,40.44605329800106,0,0.0
train,1328,normal_006.csv,158,20224,20352,40.448052667999946,40.70205265299956,0,0.0
train,1329,normal_006.csv,159,20352,20480,40.70405926300009,40.95805278599983,0,0.0
train,1330,normal_006.csv,160,20480,20608,40.960052747999725,41.21405527000024,0,0.0
train,1331,normal_006.csv,161,20608,20736,41.21605504699983,41.47005394000007,0,0.0
train,1332,normal_006.csv,162,20736,20864,41.47205432800001,41.72605601699979,0,0.0
train,1333,normal_006.csv,163,20864,20992,41.728054294000685,41.98205401999985,0,0.0
train,1334,normal_006.csv,164,20992,21120,41.98405618600009,42.23805387500033,0,0.0
train,1335,normal_006.csv,165,21120,21248,42.24005424499956,42.49406152600022,0,0.0
train,1336,normal_006.csv,166,21248,21376,42.496064340000885,42.75006130700058,0,0.0
train,1337,normal_006.csv,167,21376,21504,42.75205641700086,43.00605931000064,0,0.0
train,1338,normal_006.csv,168,21504,21632,43.00805516100081,43.26205407199996,0,0.0
train,1339,normal_006.csv,169,21632,21760,43.264070145000005,43.51805524200063,0,0.0
train,1340,normal_006.csv,170,21760,21888,43.52005411100072,43.77405902300052,0,0.0
train,1341,normal_006.csv,171,21888,22016,43.77605587400103,44.03005404400028,0,0.0
train,1342,normal_006.csv,172,22016,22144,44.03205406199959,44.28605851000066,0,0.0
train,1343,normal_006.csv,173,22144,22272,44.28805454599933,44.542054087,0,0.0
train,1344,normal_006.csv,174,22272,22400,44.54407103099948,44.79805438599942,0,0.0
train,1345,normal_006.csv,175,22400,22528,44.80005403299947,45.05405548199997,0,0.0
train,1346,normal_006.csv,176,22528,22656,45.05605577700044,45.31005418799941,0,0.0
train,1347,normal_006.csv,177,22656,22784,45.31205398400016,45.56606317300066,0,0.0
train,1348,normal_006.csv,178,22784,22912,45.56805572700068,45.8220539720005,0,0.0
train,1349,normal_006.csv,179,22912,23040,45.82405989700055,46.07805904899942,0,0.0
train,1350,normal_006.csv,180,23040,23168,46.08005445500021,46.334060552000665,0,0.0
train,1351,normal_006.csv,181,23168,23296,46.33605614299995,46.5900541280007,0,0.0
train,1352,normal_006.csv,182,23296,23424,46.59205418300007,46.846058539000296,0,0.0
train,1353,normal_006.csv,183,23424,23552,46.84805509299986,47.10205422699983,0,0.0
train,1354,normal_006.csv,184,23552,23680,47.10406131799937,47.3580694150005,0,0.0
train,1355,normal_006.csv,185,23680,23808,47.36005469200063,47.61405469500096,0,0.0
train,1356,normal_006.csv,186,23808,23936,47.61605456500001,47.87005412399958,0,0.0
train,1357,normal_006.csv,187,23936,24064,47.87205458599965,48.12605829300082,0,0.0
train,1358,normal_006.csv,188,24064,24192,48.12805444100013,48.382054185000015,0,0.0
train,1359,normal_006.csv,189,24192,24320,48.38406016599947,48.63805402099933,0,0.0
train,1360,normal_006.csv,190,24320,24448,48.640054204999615,48.89406363499984,0,0.0
train,1361,normal_006.csv,191,24448,24576,48.89605811600086,49.150054027000806,0,0.0
train,1362,normal_006.csv,192,24576,24704,49.15205402600077,49.40605526999934,0,0.0
train,1363,normal_006.csv,193,24704,24832,49.40805419500066,49.66205506900042,0,0.0
train,1364,normal_006.csv,194,24832,24960,49.66405973499968,49.918054089999714,0,0.0
train,1365,normal_006.csv,195,24960,25088,49.92005418200097,50.17406081499939,0,0.0
train,1366,normal_006.csv,196,25088,25216,50.17605735100005,50.430053985001,0,0.0
train,1367,normal_006.csv,197,25216,25344,50.432058816999415,50.68605748700065,0,0.0
train,1368,normal_006.csv,198,25344,25472,50.68805435700051,50.94205389700073,0,0.0
train,1369,normal_006.csv,199,25472,25600,50.94405623000057,51.19805432599969,0,0.0
train,1370,normal_006.csv,200,25600,25728,51.20005489899995,51.45406840299984,0,0.0
train,1371,normal_006.csv,201,25728,25856,51.45608771700063,51.71005401600087,0,0.0
train,1372,normal_006.csv,202,25856,25984,51.71205408999958,51.96605798200108,0,0.0
train,1373,normal_006.csv,203,25984,26112,51.968054074000975,52.22205387400027,0,0.0
train,1374,normal_006.csv,204,26112,26240,52.22405479900044,52.4780555239995,0,0.0
train,1375,normal_006.csv,205,26240,26368,52.48005535700031,52.73405558200102,0,0.0
train,1376,normal_006.csv,206,26368,26496,52.73605522999969,52.990054380999936,0,0.0
train,1377,normal_006.csv,207,26496,26624,52.99205417700068,53.24605742099993,0,0.0
train,1378,normal_006.csv,208,26624,26752,53.24805714200011,53.50205390500014,0,0.0
train,1379,normal_006.csv,209,26752,26880,53.50405434899949,53.75806012999965,0,0.0
train,1380,normal_006.csv,210,26880,27008,53.76005466599963,54.01405918800083,0,0.0
train,1381,normal_006.csv,211,27008,27136,54.01605796500007,54.27005395000015,0,0.0
train,1382,normal_006.csv,212,27136,27264,54.27205454199975,54.526056712000354,0,0.0
train,1383,normal_006.csv,213,27264,27392,54.528054136999344,54.78205395499936,0,0.0
train,1384,normal_006.csv,214,27392,27520,54.78405515799932,55.038054217000536,0,0.0
train,1385,normal_006.csv,215,27520,27648,55.04005410500031,55.29405653399954,0,0.0
train,1386,normal_006.csv,216,27648,27776,55.29605479200109,55.55005412900027,0,0.0
train,1387,normal_006.csv,217,27776,27904,55.55205410999952,55.806056428000375,0,0.0
train,1388,normal_006.csv,218,27904,28032,55.8080576680004,56.06205398600105,0,0.0
train,1389,normal_006.csv,219,28032,28160,56.064055336999445,56.31805402499958,0,0.0
train,1390,normal_006.csv,220,28160,28288,56.32005394999942,56.57405445400036,0,0.0
train,1391,normal_006.csv,221,28288,28416,56.57605774900003,56.83005382699957,0,0.0
train,1392,normal_006.csv,222,28416,28544,56.83205384400026,57.08605799600082,0,0.0
train,1393,normal_006.csv,223,28544,28672,57.08805434699934,57.3420552940006,0,0.0
train,1394,normal_006.csv,224,28672,28800,57.344063996999466,57.59805726000013,0,0.0
train,1395,normal_006.csv,225,28800,28928,57.6000544439994,57.85405413300032,0,0.0
train,1396,normal_006.csv,226,28928,29056,57.85605785400003,58.11005404199932,0,0.0
train,1397,normal_006.csv,227,29056,29184,58.11205389300085,58.36605930400037,0,0.0
train,1398,normal_006.csv,228,29184,29312,58.36805541400099,58.62205389900009,0,0.0
train,1399,normal_006.csv,229,29312,29440,58.62405421299991,58.87805412399939,0,0.0
train,1400,normal_006.csv,230,29440,29568,58.88005408600111,59.13405458899979,0,0.0
train,1401,normal_006.csv,231,29568,29696,59.136057162000725,59.39005388800069,0,0.0
train,1402,normal_006.csv,232,29696,29824,59.39205390499956,59.64605798199955,0,0.0
train,1403,normal_006.csv,233,29824,29952,59.648054352001054,59.90205387400056,0,0.0
train,1404,normal_007.csv,0,0,128,4.260000423528254e-07,0.2540526510001655,0,0.0
train,1405,normal_007.csv,1,128,256,0.256052909000573,0.5100549119997595,0,0.0
train,1406,normal_007.csv,2,256,384,0.5120538560004206,0.7660526370000298,0,0.0
train,1407,normal_007.csv,3,384,512,0.7680530990000989,1.022054917000787,0,0.0
train,1408,normal_007.csv,4,512,640,1.0240537860008772,1.278052697000021,0,0.0
train,1409,normal_007.csv,5,640,768,1.280056048000915,1.534054551000736,0,0.0
train,1410,normal_007.csv,6,768,896,1.5360535130002972,1.790056256000753,0,0.0
train,1411,normal_007.csv,7,896,1024,1.7920554219999758,2.04605405500115,0,0.0
train,1412,normal_007.csv,8,1024,1152,2.048054517001219,2.302055427000596,0,0.0
train,1413,normal_007.csv,9,1152,1280,2.30405540799984,2.558054189001268,0,0.0
train,1414,normal_007.csv,10,1280,1408,2.5600601510013803,2.8140548760002275,0,0.0
train,1415,normal_007.csv,11,1408,1536,2.8160547080005927,3.070059470999695,0,0.0
train,1416,normal_007.csv,12,1536,1664,3.072056581000652,3.326054010000007,0,0.0
train,1417,normal_007.csv,13,1664,1792,3.328054953000901,3.5820541600005527,0,0.0
train,1418,normal_007.csv,14,1792,1920,3.5840548440010025,3.838054014000591,0,0.0
train,1419,normal_007.csv,15,1920,2048,3.840056271999856,4.094053812001221,0,0.0
train,1420,normal_007.csv,16,2048,2176,4.096054810999704,4.350058907000857,0,0.0
train,1421,normal_007.csv,17,2176,2304,4.352056554000228,4.606054001000302,0,0.0
train,1422,normal_007.csv,18,2304,2432,4.608054686001196,4.862055318000785,0,0.0
train,1423,normal_007.csv,19,2432,2560,4.864054947000113,5.118054079999638,0,0.0
train,1424,normal_007.csv,20,2560,2688,5.120063542000935,5.374054007999803,0,0.0
train,1425,normal_007.csv,21,2688,2816,5.376055025000824,5.630056453999714,0,0.0
train,1426,normal_007.csv,22,2816,2944,5.63205504600046,5.886053899999752,0,0.0
train,1427,normal_007.csv,23,2944,3072,5.888054474000455,6.142062162000002,0,0.0
train,1428,normal_007.csv,24,3072,3200,6.144058235000557,6.398070090001056,0,0.0
train,1429,normal_007.csv,25,3200,3328,6.400061700000151,6.654054054000881,0,0.0
train,1430,normal_007.csv,26,3328,3456,6.656053998000061,6.910064501000306,0,0.0
train,1431,normal_007.csv,27,3456,3584,6.912061111001094,7.1660539290005545,0,0.0
train,1432,normal_007.csv,28,3584,3712,7.168055113001174,7.422055689999979,0,0.0
train,1433,normal_007.csv,29,3712,3840,7.424055614999816,7.678053970001201,0,0.0
train,1434,normal_007.csv,30,3840,3968,7.68005880200144,7.93405395300033,0,0.0
train,1435,normal_007.csv,31,3968,4096,7.936054656000124,8.190055750999818,0,0.0
train,1436,normal_007.csv,32,4096,4224,8.192055491001156,8.446053883000786,0,0.0
train,1437,normal_007.csv,33,4224,4352,8.448055234001004,8.702054180999767,0,0.0
train,1438,normal_007.csv,34,4352,4480,8.704055068999878,8.958054533000904,0,0.0
train,1439,normal_007.csv,35,4480,4608,8.960057493000932,9.2140543050009,0,0.0
train,1440,normal_007.csv,36,4608,4736,9.216054709000671,9.470056132000536,0,0.0
train,1441,normal_007.csv,37,4736,4864,9.472056537000752,9.726054441000088,0,0.0
train,1442,normal_007.csv,38,4864,4992,9.72805504900134,9.982055333000972,0,0.0
train,1443,normal_007.csv,39,4992,5120,9.984055561000789,10.238053988001411,0,0.0
train,1444,normal_007.csv,40,5120,5248,10.240058217001206,10.49405399600073,0,0.0
train,1445,normal_007.csv,41,5248,5376,10.496054557001116,10.750058614001318,0,0.0
train,1446,normal_007.csv,42,5376,5504,10.752058157000649,11.006054012999812,0,0.0
train,1447,normal_007.csv,43,5504,5632,11.008054686000833,11.262056374000167,0,0.0
train,1448,normal_007.csv,44,5632,5760,11.264055269000892,11.51805392100141,0,0.0
train,1449,normal_007.csv,45,5760,5888,11.52005709399964,11.774054061001152,0,0.0
train,1450,normal_007.csv,46,5888,6016,11.776055067000923,12.03006218399969,0,0.0
train,1451,normal_007.csv,47,6016,6144,12.032059523000498,12.28605384399998,0,0.0
train,1452,normal_007.csv,48,6144,6272,12.288054665001257,12.542053912000483,0,0.0
train,1453,normal_007.csv,49,6272,6400,12.544054807000066,12.79805379500067,0,0.0
train,1454,normal_007.csv,50,6400,6528,12.800060838000718,13.054046920000474,0,0.0
train,1455,normal_007.csv,51,6528,6656,13.056056241000988,13.310056546000853,0,0.0
train,1456,normal_007.csv,52,6656,6784,13.312056108001345,13.566054079001333,0,0.0
train,1457,normal_007.csv,53,6784,6912,13.568054789000598,13.82209683400106,0,0.0
train,1458,normal_007.csv,54,6912,7040,13.824057804000404,14.078053870000076,0,0.0
train,1459,normal_007.csv,55,7040,7168,14.080061468999702,14.334054646000368,0,0.0
train,1460,normal_007.csv,56,7168,7296,14.33605461499974,14.590060718999666,0,0.0
train,1461,normal_007.csv,57,7296,7424,14.592056243000116,14.846053922001374,0,0.0
train,1462,normal_007.csv,58,7424,7552,14.848054520000003,15.10205445900101,0,0.0
train,1463,normal_007.csv,59,7552,7680,15.104055095000149,15.358053960000689,0,0.0
train,1464,normal_007.csv,60,7680,7808,15.36005696600114,15.61405685000136,0,0.0
train,1465,normal_007.csv,61,7808,7936,15.616060412001389,15.870055573999707,0,0.0
train,1466,normal_007.csv,62,7936,8064,15.87205452499984,16.126054114,0,0.0
train,1467,normal_007.csv,63,8064,8192,16.128054730999793,16.38205591299993,0,0.0
train,1468,normal_007.csv,64,8192,8320,16.38405636400057,16.63805389800109,0,0.0
train,1469,normal_007.csv,65,8320,8448,16.64005716400061,16.894054532000155,0,0.0
train,1470,normal_007.csv,66,8448,8576,16.89605503799976,17.15005442599977,0,0.0
train,1471,normal_007.csv,67,8576,8704,17.15205598800094,17.40605404300004,0,0.0
train,1472,normal_007.csv,68,8704,8832,17.408054809000532,17.662054010999782,0,0.0
train,1473,normal_007.csv,69,8832,8960,17.66405507300078,17.918053981000412,0,0.0
train,1474,normal_007.csv,70,8960,9088,17.92006130200025,18.174053841001296,0,0.0
train,1475,normal_007.csv,71,9088,9216,18.17605481000101,18.430060423001123,0,0.0
train,1476,normal_007.csv,72,9216,9344,18.43205780000062,18.68605406100141,0,0.0
train,1477,normal_007.csv,73,9344,9472,18.68805489999977,18.9420555329998,0,0.0
train,1478,normal_007.csv,74,9472,9600,18.944054688001412,19.19805409900073,0,0.0
train,1479,normal_007.csv,75,9600,9728,19.20005680900067,19.454054091000216,0,0.0
train,1480,normal_007.csv,76,9728,9856,19.456054763000797,19.710056249001354,0,0.0
train,1481,normal_007.csv,77,9856,9984,19.71205584800009,19.966054983000504,0,0.0
train,1482,normal_007.csv,78,9984,10112,19.968054840999685,20.22205751399997,0,0.0
train,1483,normal_007.csv,79,10112,10240,20.224055243001203,20.47805384200001,0,0.0
train,1484,normal_007.csv,80,10240,10368,20.480057218001093,20.734054447000744,0,0.0
train,1485,normal_007.csv,81,10368,10496,20.736054898001385,20.990055461999876,0,0.0
train,1486,normal_007.csv,82,10496,10624,20.99205582000104,21.24605401400004,0,0.0
train,1487,normal_007.csv,83,10624,10752,21.24807014900034,21.502055140001172,0,0.0
train,1488,normal_007.csv,84,10752,10880,21.50405505300114,21.75805393200062,0,0.0
train,1489,normal_007.csv,85,10880,11008,21.760055920000013,22.01405620900005,0,0.0
train,1490,normal_007.csv,86,11008,11136,22.01605764099986,22.27006989300025,0,0.0
train,1491,normal_007.csv,87,11136,11264,22.27205865799988,22.526053929001137,0,0.0
train,1492,normal_007.csv,88,11264,11392,22.528054489999704,22.78205855700071,0,0.0
train,1493,normal_007.csv,89,11392,11520,22.78405545200076,23.038053928999943,0,0.0
train,1494,normal_007.csv,90,11520,11648,23.04005654600041,23.294053892999727,0,0.0
train,1495,normal_007.csv,91,11648,11776,23.29605451000134,23.550055171999706,0,0.0
train,1496,normal_007.csv,92,11776,11904,23.552058715000385,23.806055840001136,0,0.0
train,1497,normal_007.csv,93,11904,12032,23.80805512400002,24.06205541700001,0,0.0
train,1498,normal_007.csv,94,12032,12160,24.064057442001285,24.318053975999646,0,0.0
train,1499,normal_007.csv,95,12160,12288,24.320071371001177,24.57405425700017,0,0.0
train,1500,normal_007.csv,96,12288,12416,24.57605493000119,24.83007266900131,0,0.0
train,1501,normal_007.csv,97,12416,12544,24.83205945300142,25.08605395199993,0,0.0
train,1502,normal_007.csv,98,12544,12672,25.08805460700023,25.34205812500113,0,0.0
train,1503,normal_007.csv,99,12672,12800,25.344055593999656,25.59805387100096,0,0.0
train,1504,normal_007.csv,100,12800,12928,25.600056044000667,25.854054192999683,0,0.0
train,1505,normal_007.csv,101,12928,13056,25.856053829000302,26.11006036800063,0,0.0
train,1506,normal_007.csv,102,13056,13184,26.11206018899975,26.36605400500048,0,0.0
train,1507,normal_007.csv,103,13184,13312,26.36805464100144,26.622054364999716,0,0.0
train,1508,normal_007.csv,104,13312,13440,26.62405505700008,26.878054245000385,0,0.0
train,1509,normal_007.csv,105,13440,13568,26.88005678800073,27.13405405200137,0,0.0
train,1510,normal_007.csv,106,13568,13696,27.13605466900117,27.39005495099991,0,0.0
train,1511,normal_007.csv,107,13696,13824,27.39205569800106,27.646054017001006,0,0.0
train,1512,normal_007.csv,108,13824,13952,27.648054152999972,27.90205967700058,0,0.0
train,1513,normal_007.csv,109,13952,14080,27.904056331000906,28.158054077999623,0,0.0
train,1514,normal_007.csv,110,14080,14208,28.16006119600024,28.414054184000637,0,0.0
train,1515,normal_007.csv,111,14208,14336,28.416067746000408,28.670061233000524,0,0.0
train,1516,normal_007.csv,112,14336,14464,28.67205829500017,28.926054137000392,0,0.0
train,1517,normal_007.csv,113,14464,14592,28.92805477300135,29.182059077000304,0,0.0
train,1518,normal_007.csv,114,14592,14720,29.184056064999822,29.438054000000196,0,0.0
train,1519,normal_007.csv,115,14720,14848,29.44006200600052,29.694054219000463,0,0.0
train,1520,normal_007.csv,116,14848,14976,29.69605478100129,29.95005486500122,0,0.0
train,1521,normal_007.csv,117,14976,15104,29.95205566799996,30.20605397500003,0,0.0
train,1522,normal_007.csv,118,15104,15232,30.208054537000866,30.462054659001296,0,0.0
train,1523,normal_007.csv,119,15232,15360,30.46405505400071,30.71805391700036,0,0.0
train,1524,normal_007.csv,120,15360,15488,30.720056035001107,30.97405414000059,0,0.0
train,1525,normal_007.csv,121,15488,15616,30.976055164999707,31.230056030000924,0,0.0
train,1526,normal_007.csv,122,15616,15744,31.23206268500144,31.486053919999904,0,0.0
train,1527,normal_007.csv,123,15744,15872,31.488054741999804,31.74205895799969,0,0.0
train,1528,normal_007.csv,124,15872,16000,31.744055391000074,31.998053905999768,0,0.0
train,1529,normal_007.csv,125,16000,16128,32.000061726999775,32.25405415000023,0,0.0
train,1530,normal_007.csv,126,16128,16256,32.25605512000038,32.51005589499982,0,0.0
train,1531,normal_007.csv,127,16256,16384,32.512055364000844,32.76606612000069,0,0.0
train,1532,normal_007.csv,128,16384,16512,32.76805492300082,33.02209021800081,0,0.0
train,1533,normal_007.csv,129,16512,16640,33.0240617440013,33.27805403900129,0,0.0
train,1534,normal_007.csv,130,16640,16768,33.280060823000895,33.534054286001265,0,0.0
train,1535,normal_007.csv,131,16768,16896,33.536054755000805,33.790058755001155,0,0.0
train,1536,normal_007.csv,132,16896,17024,33.79205785399972,34.04605598499984,0,0.0
train,1537,normal_007.csv,133,17024,17152,34.048055176999696,34.30205732600007,0,0.0
train,1538,normal_007.csv,134,17152,17280,34.30404505499973,34.55805400100144,0,0.0
train,1539,normal_007.csv,135,17280,17408,34.56005985900083,34.81405582400112,0,0.0
train,1540,normal_007.csv,136,17408,17536,34.816061294000974,35.07005468600073,0,0.0
train,1541,normal_007.csv,137,17536,17664,35.07205556300141,35.32606897400001,0,0.0
train,1542,normal_007.csv,138,17664,17792,35.32805577700128,35.5820578920011,0,0.0
train,1543,normal_007.csv,139,17792,17920,35.58405701000083,35.83805386600034,0,0.0
train,1544,normal_007.csv,140,17920,18048,35.84005881700068,36.09405445300035,0,0.0
train,1545,normal_007.csv,141,18048,18176,36.09605503400053,36.35005435400126,0,0.0
train,1546,normal_007.csv,142,18176,18304,36.35205808300088,36.60605401500106,0,0.0
train,1547,normal_007.csv,143,18304,18432,36.60805448500105,36.86205706600049,0,0.0
train,1548,normal_007.csv,144,18432,18560,36.86405448000005,37.11805408100008,0,0.0
train,1549,normal_007.csv,145,18560,18688,37.12006043899965,37.37406828100029,0,0.0
train,1550,normal_007.csv,146,18688,18816,37.37605497200093,37.63005899900054,0,0.0
train,1551,normal_007.csv,147,18816,18944,37.63205972800097,37.88605421900138,0,0.0
train,1552,normal_007.csv,148,18944,19072,37.888054799999736,38.142057032000594,0,0.0
train,1553,normal_007.csv,149,19072,19200,38.14406031700128,38.39805397500095,0,0.0
train,1554,normal_007.csv,150,19200,19328,38.40005457500047,38.654054251999696,0,0.0
train,1555,normal_007.csv,151,19328,19456,38.65605507300097,38.91005551099988,0,0.0
train,1556,normal_007.csv,152,19456,19584,38.91205996200006,39.166054160001295,0,0.0
train,1557,normal_007.csv,153,19584,19712,39.16805474099965,39.4220543829997,0,0.0
train,1558,normal_007.csv,154,19712,19840,39.42405516800136,39.67805397700067,0,0.0
train,1559,normal_007.csv,155,19840,19968,39.68005505800102,39.93405407200044,0,0.0
train,1560,normal_007.csv,156,19968,20096,39.93605433800076,40.19005937099973,0,0.0
train,1561,normal_007.csv,157,20096,20224,40.19205861900082,40.446054041000025,0,0.0
train,1562,normal_007.csv,158,20224,20352,40.44805784399978,40.70205778499985,0,0.0
train,1563,normal_007.csv,159,20352,20480,40.70405577299971,40.95805549400029,0,0.0
train,1564,normal_007.csv,160,20480,20608,40.96005537100064,41.21405388800122,0,0.0
train,1565,normal_007.csv,161,20608,20736,41.21605504299987,41.47005413400075,0,0.0
train,1566,normal_007.csv,162,20736,20864,41.472056067001176,41.726053936001335,0,0.0
train,1567,normal_007.csv,163,20864,20992,41.72805468300066,41.982054517000506,0,0.0
train,1568,normal_007.csv,164,20992,21120,41.98405469099998,42.23805389500012,0,0.0
train,1569,normal_007.csv,165,21120,21248,42.24005497600047,42.49405410700092,0,0.0
train,1570,normal_007.csv,166,21248,21376,42.496054688001095,42.7500541520003,0,0.0
train,1571,normal_007.csv,167,21376,21504,42.752055529001154,43.00605392100079,0,0.0
train,1572,normal_007.csv,168,21504,21632,43.00805483499971,43.26205757900061,0,0.0
train,1573,normal_007.csv,169,21632,21760,43.26406195600066,43.51805386600063,0,0.0
train,1574,normal_007.csv,170,21760,21888,43.52005589200053,43.774054358000285,0,0.0
train,1575,normal_007.csv,171,21888,22016,43.77605501300059,44.03005557400138,0,0.0
train,1576,normal_007.csv,172,22016,22144,44.03205924699978,44.28605397499996,0,0.0
train,1577,normal_007.csv,173,22144,22272,44.288055000000895,44.54205513499983,0,0.0
train,1578,normal_007.csv,174,22272,22400,44.54405499400127,44.798054000000775,0,0.0
train,1579,normal_007.csv,175,22400,22528,44.800054950999765,45.05404358800115,0,0.0
train,1580,normal_007.csv,176,22528,22656,45.05605631700018,45.31005434300096,0,0.0
train,1581,normal_007.csv,177,22656,22784,45.312058109000645,45.5660539319997,0,0.0
train,1582,normal_007.csv,178,22784,22912,45.5680548649998,45.82205726200118,0,0.0
train,1583,normal_007.csv,179,22912,23040,45.82405560200095,46.078054001000055,0,0.0
train,1584,normal_007.csv,180,23040,23168,46.080054341000505,46.33405531400058,0,0.0
train,1585,normal_007.csv,181,23168,23296,46.33605506100139,46.59005262699975,0,0.0
train,1586,normal_007.csv,182,23296,23424,46.59205543000098,46.84605262500008,0,0.0
train,1587,normal_007.csv,183,23424,23552,46.84805337299986,47.102056904001074,0,0.0
train,1588,normal_007.csv,184,23552,23680,47.10405400300078,47.35805268200056,0,0.0
train,1589,normal_007.csv,185,23680,23808,47.36005335499976,47.61405281200132,0,0.0
train,1590,normal_007.csv,186,23808,23936,47.6160532440008,47.87005268299981,0,0.0
train,1591,normal_007.csv,187,23936,24064,47.87205574600012,48.12605266799983,0,0.0
train,1592,normal_007.csv,188,24064,24192,48.12805339700026,48.38205333699989,0,0.0
train,1593,normal_007.csv,189,24192,24320,48.3840533069997,48.63805354299984,0,0.0
train,1594,normal_007.csv,190,24320,24448,48.64005336500122,48.89405284300119,0,0.0
train,1595,normal_007.csv,191,24448,24576,48.89605351700084,49.15005266300068,0,0.0
train,1596,normal_007.csv,192,24576,24704,49.15205835500092,49.40605270500055,0,0.0
train,1597,normal_007.csv,193,24704,24832,49.40805317500053,49.66205565400014,0,0.0
train,1598,normal_007.csv,194,24832,24960,49.66405390200089,49.91805269700126,0,0.0
train,1599,normal_007.csv,195,24960,25088,49.9200541120008,50.17405277800026,0,0.0
train,1600,normal_007.csv,196,25088,25216,50.17605330399965,50.43005265600004,0,0.0
train,1601,normal_007.csv,197,25216,25344,50.4320603289998,50.68605266300074,0,0.0
train,1602,normal_007.csv,198,25344,25472,50.6880530590006,50.94206176400076,0,0.0
train,1603,normal_007.csv,199,25472,25600,50.94405582699983,51.198052625000855,0,0.0
train,1604,normal_007.csv,200,25600,25728,51.20005328000116,51.45405274600125,0,0.0
train,1605,normal_007.csv,201,25728,25856,51.456053400999735,51.71005397699992,0,0.0
train,1606,normal_007.csv,202,25856,25984,51.71205896500032,51.96605384000031,0,0.0
train,1607,normal_007.csv,203,25984,26112,51.96805484700053,52.22205955500067,0,0.0
train,1608,normal_007.csv,204,26112,26240,52.22405906200038,52.47805404800056,0,0.0
train,1609,normal_007.csv,205,26240,26368,52.48005464800008,52.7340539300003,0,0.0
train,1610,normal_007.csv,206,26368,26496,52.7360551590009,52.99005398100053,0,0.0
train,1611,normal_007.csv,207,26496,26624,52.992056598999625,53.246053846,0,0.0
train,1612,normal_007.csv,208,26624,26752,53.24805464900055,53.502083175000735,0,0.0
train,1613,normal_007.csv,209,26752,26880,53.50405992200104,53.75805389200104,0,0.0
train,1614,normal_007.csv,210,26880,27008,53.760055157999886,54.01405831500051,0,0.0
train,1615,normal_007.csv,211,27008,27136,54.01606197000001,54.27005392400133,0,0.0
train,1616,normal_007.csv,212,27136,27264,54.27205506000064,54.526054773001306,0,0.0
train,1617,normal_007.csv,213,27264,27392,54.52805496499968,54.78205501100092,0,0.0
train,1618,normal_007.csv,214,27392,27520,54.78405488899989,55.03805403000115,0,0.0
train,1619,normal_007.csv,215,27520,27648,55.04005494400008,55.29405417700036,0,0.0
train,1620,normal_007.csv,216,27648,27776,55.29605527700005,55.55005399200127,0,0.0
train,1621,normal_007.csv,217,27776,27904,55.55205529500017,55.80605395500061,0,0.0
train,1622,normal_007.csv,218,27904,28032,55.80805461000091,56.0620653269998,0,0.0
train,1623,normal_007.csv,219,28032,28160,56.06405807400006,56.31805397700009,0,0.0
train,1624,normal_007.csv,220,28160,28288,56.32005448400014,56.57405618200028,0,0.0
train,1625,normal_007.csv,221,28288,28416,56.57605526299994,56.83005394400061,0,0.0
train,1626,normal_007.csv,222,28416,28544,56.832059988000765,57.08605396600069,0,0.0
train,1627,normal_007.csv,223,28544,28672,57.08805462100099,57.34205954400022,0,0.0
train,1628,normal_007.csv,224,28672,28800,57.34405657000025,57.59805391900045,0,0.0
train,1629,normal_007.csv,225,28800,28928,57.60005433300103,57.854055146000974,0,0.0
train,1630,normal_007.csv,226,28928,29056,57.8560558930003,58.110053874001096,0,0.0
train,1631,normal_007.csv,227,29056,29184,58.112056807000045,58.36605426900133,0,0.0
train,1632,normal_007.csv,228,29184,29312,58.36805473900131,58.62206090499967,0,0.0
train,1633,normal_007.csv,229,29312,29440,58.62405637499978,58.87805389300047,0,0.0
train,1634,normal_007.csv,230,29440,29568,58.880054660001406,59.13405458700072,0,0.0
train,1635,normal_007.csv,231,29568,29696,59.13605420500062,59.39005402099974,0,0.0
train,1636,normal_007.csv,232,29696,29824,59.39205941700129,59.64605410399963,0,0.0
train,1637,normal_007.csv,233,29824,29952,59.64805485100078,59.90205753900045,0,0.0
