monotonic_ns,process_cpu_percent_one_core,process_rss_bytes,process_lifetime_peak_rss_bytes
94682969056243,0.0,241008640,240386048
94683069282958,0.0,241025024,240386048
94683169423153,0.0,241041408,240386048
94683269538162,0.0,241041408,240386048
94683369651523,0.0,241041408,240386048
94683469807293,0.0,241041408,240386048
94683569939192,0.0,241041408,240386048
94683670054721,0.0,241041408,240386048
94683770199916,0.0,241041408,240386048
94683870316149,0.0,241041408,240386048
94683970460734,9.985626989421606,241041408,240386048
94684070581744,0.0,241041408,240386048
94684170770440,0.0,241041408,240386048
94684270936118,0.0,241041408,240386048
94684371124388,0.0,241041408,240386048
94684471258954,0.0,241041408,240386048
94684571409484,0.0,241041408,240386048
94684671534217,0.0,241041408,240386048
94684771699433,0.0,241041408,240386048
94684871879648,0.0,241041408,240386048
94684971995178,0.0,241041408,240386048
94685072124689,0.0,241041408,240386048
94685172295460,0.0,241041408,240386048
94685272432434,0.0,241041408,240386048
94685372555427,0.0,241041408,240386048
94685472699846,0.0,241041408,240386048
94685572815543,0.0,241041408,240386048
94685672938277,0.0,241041408,240386048
94685773105790,0.0,241041408,240386048
94685873230765,9.987560592732745,241041408,240386048
94685973349128,0.0,241041408,240386048
94686073524271,0.0,241041408,240386048
94686173708931,0.0,241041408,240386048
94686273890055,0.0,241041408,240386048
94686374046956,0.0,241041408,240386048
94686474242525,0.0,241041408,240386048
94686574426261,0.0,241041408,240386048
94686674581514,0.0,241041408,240386048
94686774772213,0.0,241041408,240386048
94686874953245,0.0,241041408,240386048
94686975102166,0.0,241041408,240386048
94687075252716,0.0,241041408,240386048
94687175432044,0.0,241041408,240386048
94687275575150,9.98570436665683,241041408,240386048
94687375725181,0.0,241041408,240386048
94687475920954,9.980577198068415,241041408,240386048
94687576071987,0.0,241041408,240386048
94687676222593,0.0,241041408,240386048
94687776420126,0.0,241041408,240386048
94687876574992,0.0,241041408,240386048
94687976724765,0.0,241041408,240386048
94688076950984,0.0,241041408,240386048
94688177128442,0.0,241041408,240386048
94688277307679,0.0,241041408,240386048
94688377452860,0.0,241041408,240386048
94688477601133,0.0,241041408,240386048
94688577781944,0.0,241041408,240386048
94688677933663,0.0,241041408,240386048
94688778125511,0.0,241041408,240386048
94688878304471,0.0,241041408,240386048
94688978450856,0.0,241041408,240386048
94689078598537,9.985188968598566,241041408,240386048
94689178777201,0.0,241041408,240386048
94689278922715,0.0,241041408,240386048
94689379124842,0.0,241041408,240386048
94689479318394,0.0,241057792,240386048
94689579583281,0.0,241057792,240386048
94689679780612,0.0,241074176,240386048
94689780036147,0.0,241074176,240386048
94689880207441,0.0,241074176,240386048
94689980389327,0.0,241074176,240386048
94690080618992,0.0,241074176,240386048
94690180834342,0.0,241074176,240386048
94690281049099,9.97862010867926,241074176,240386048
94690381213485,0.0,241074176,240386048
94690481385649,0.0,241074176,240386048
94690581595018,0.0,241074176,240386048
94690681768034,0.0,241074176,240386048
94690781971144,0.0,241074176,240386048
94690882187198,0.0,241074176,240386048
94690982361900,0.0,241074176,240386048
94691082622195,0.0,241074176,240386048
94691182869083,0.0,241074176,240386048
94691283086619,9.978286251190589,241074176,240386048
94691383312932,0.0,241074176,240386048
94691483538005,0.0,241074176,240386048
94691583706282,0.0,241074176,240386048
94691683906466,0.0,241074176,240386048
94691784169522,0.0,241074176,240386048
94691884350669,0.0,241074176,240386048
94691984550668,0.0,241074176,240386048
94692084731519,0.0,241074176,240386048
94692184912796,0.0,241074176,240386048
94692285103869,0.0,241074176,240386048
94692385256998,0.0,241074176,240386048
94692485448979,0.0,241074176,240386048
94692585639997,0.0,241074176,240386048
94692685824145,0.0,241074176,240386048
94692785977848,0.0,241074176,240386048
94692886154348,0.0,241074176,240386048
94692986299922,9.985461967167588,241074176,240386048
94693086450588,0.0,241074176,240386048
94693186630310,0.0,241074176,240386048
94693286780402,0.0,241074176,240386048
94693386942457,0.0,241074176,240386048
94693487122846,0.0,241074176,240386048
94693587304940,0.0,241074176,240386048
94693687497644,0.0,241074176,240386048
94693787640941,0.0,241074176,240386048
94693887784367,0.0,241074176,240386048
94693987966071,0.0,241074176,240386048
94694088141683,0.0,241074176,240386048
94694188321850,9.981997167758507,241074176,240386048
94694288548722,0.0,241074176,240386048
94694388774686,0.0,241074176,240386048
94694488960872,0.0,241074176,240386048
94694589160578,0.0,241074176,240386048
94694689357542,9.980347797020938,241074176,240386048
94694789549025,0.0,241074176,240386048
94694889704564,0.0,241074176,240386048
94694989885936,0.0,241074176,240386048
94695090081771,0.0,241074176,240386048
94695190267328,0.0,241074176,240386048
94695290456477,0.0,241074176,240386048
94695390651183,0.0,241074176,240386048
94695490843888,0.0,241074176,240386048
94695591082965,0.0,241074176,240386048
94695691300487,0.0,241074176,240386048
94695791484952,0.0,241074176,240386048
94695891680843,0.0,241074176,240386048
94695991831104,0.0,241074176,240386048
94696092025977,0.0,241074176,240386048
94696192249110,0.0,241074176,240386048
94696292433371,0.0,241074176,240386048
94696392616577,9.981629808643024,241074176,240386048
94696492816451,0.0,241074176,240386048
94696592999898,0.0,241074176,240386048
94696693208846,0.0,241074176,240386048
94696793407516,0.0,241074176,240386048
94696893583186,0.0,241074176,240386048
94696993760670,0.0,241074176,240386048
94697093960599,0.0,241074176,240386048
94697194173566,0.0,241074176,240386048
94697294383421,0.0,241074176,240386048
94697394575165,0.0,241074176,240386048
94697494784780,0.0,241074176,240386048
94697594984136,0.0,241074176,240386048
94697695176344,9.980843766225576,241074176,240386048
94697795362422,0.0,241074176,240386048
94697895556296,0.0,241074176,240386048
94697995777764,0.0,241074176,240386048
94698095962564,0.0,241074176,240386048
94698196171124,0.0,241074176,240386048
94698296348109,0.0,241074176,240386048
94698396551872,0.0,241074176,240386048
94698496737173,0.0,241074176,240386048
94698596921622,0.0,241074176,240386048
94698697123553,0.0,241074176,240386048
94698797278335,0.0,241074176,240386048
94698897453266,9.982522698891264,241074176,240386048
94698997618641,0.0,241074176,240386048
94699097768534,0.0,241074176,240386048
94699197949187,0.0,241074176,240386048
94699298115507,0.0,241074176,240386048
94699398294122,0.0,241074176,240386048
94699498479461,0.0,241074176,240386048
94699598680226,0.0,241074176,240386048
94699698879121,0.0,241074176,240386048
94699799072515,0.0,241074176,240386048
94699899242835,0.0,241074176,240386048
94699999549490,0.0,241074176,240386048
94700099798052,0.0,241074176,240386048
94700200023669,9.977535179954787,241074176,240386048
94700300237453,0.0,241074176,240386048
94700400446348,0.0,241074176,240386048
94700500673151,0.0,241074176,240386048
94700600884805,0.0,241074176,240386048
94700701123386,0.0,241074176,240386048
94700801335745,0.0,241074176,240386048
94700901542955,0.0,241074176,240386048
94701001781722,0.0,241074176,240386048
94701102010765,0.0,241074176,240386048
94701202242680,0.0,241074176,240386048
94701302438686,0.0,241074176,240386048
94701402641674,9.979581875018946,241074176,240386048
94701502875645,0.0,241074176,240386048
94701603057707,0.0,241074176,240386048
94701703285456,0.0,241074176,240386048
94701803514223,0.0,241074176,240386048
94701903692952,0.0,241074176,240386048
94702003866700,0.0,241074176,240386048
94702104102856,0.0,241074176,240386048
94702204279418,0.0,241074176,240386048
94702304511871,0.0,241074176,240386048
94702404730397,0.0,241074176,240386048
94702504963442,0.0,241090560,240386048
94702605229377,0.0,241090560,240386048
94702705441033,0.0,241090560,240386048
94702805631634,0.0,241090560,240386048
94702905851809,9.97814327642577,241090560,240386048
94703006022613,0.0,241090560,240386048
94703106204936,0.0,241090560,240386048
94703206441907,0.0,241090560,240386048
94703306665953,9.977671368961525,241090560,240386048
94703406895628,0.0,241090560,240386048
94703507138026,0.0,241090560,240386048
94703607429665,0.0,241090560,240386048
94703707669434,0.0,241090560,240386048
94703807880165,0.0,241090560,240386048
94703908198935,0.0,241090560,240386048
94704008410963,0.0,241090560,240386048
94704108589860,0.0,241090560,240386048
94704208787036,0.0,241090560,240386048
94704309009397,0.0,241090560,240386048
94704409264166,9.974600677062229,241090560,240386048
94704509493694,0.0,241090560,240386048
94704609734778,0.0,241090560,240386048
94704709976048,0.0,241090560,240386048
94704810212613,0.0,241090560,240386048
94704910421290,0.0,241090560,240386048
94705010642133,0.0,241090560,240386048
94705110850347,0.0,241090560,240386048
94705211011078,0.0,241090560,240386048
94705311220514,0.0,241090560,240386048
94705411432932,0.0,241090560,240386048
94705511621238,0.0,241090560,240386048
94705611807897,0.0,241090560,240386048
94705712054167,0.0,241090560,240386048
94705812256992,0.0,241090560,240386048
94705912450725,0.0,241090560,240386048
94706012656643,0.0,241090560,240386048
94706112855635,9.980092309943286,241090560,240386048
94706213065516,0.0,241090560,240386048
94706313262990,0.0,241106944,240386048
94706413524927,0.0,241106944,240386048
94706513734494,0.0,241106944,240386048
94706613901227,0.0,241106944,240386048
94706714109053,0.0,241106944,240386048
94706814347565,0.0,241106944,240386048
94706914547317,0.0,241106944,240386048
94707014732532,0.0,241106944,240386048
94707114946117,0.0,241106944,240386048
94707215131425,0.0,241106944,240386048
94707315354399,9.977774208908603,241106944,240386048
94707415553596,0.0,241106944,240386048
94707515758349,0.0,241106944,240386048
94707615965491,0.0,241106944,240386048
94707716179966,0.0,241106944,240386048
94707816369571,9.981082853704596,241106944,240386048
94707916575749,0.0,241106944,240386048
94708016754669,0.0,241106944,240386048
94708116942681,0.0,241106944,240386048
94708217162304,0.0,241123328,240386048
94708317369261,0.0,241123328,240386048
94708417561736,0.0,241123328,240386048
94708517775767,0.0,241123328,240386048
94708617975558,0.0,241123328,240386048
94708718211497,0.0,241123328,240386048
94708818397788,0.0,241123328,240386048
94708918619616,9.977866298291257,241123328,240386048
94709018821999,0.0,241123328,240386048
94709118984179,0.0,241123328,240386048
94709219157413,0.0,241123328,240386048
94709319346334,0.0,241123328,240386048
94709419520865,0.0,241123328,240386048
94709519697174,0.0,241123328,240386048
94709619889392,0.0,241123328,240386048
94709720152777,0.0,241123328,240386048
94709820359087,0.0,241123328,240386048
94709920525378,0.0,241123328,240386048
94710020712743,0.0,241123328,240386048
94710120916646,0.0,241123328,240386048
94710221083456,0.0,241123328,240386048
94710321254469,0.0,241123328,240386048
94710421438446,0.0,241123328,240386048
94710521586108,0.0,241123328,240386048
94710621751196,9.983474055517433,241123328,240386048
94710721935266,0.0,241123328,240386048
94710822106669,0.0,241123328,240386048
94710922269183,0.0,241123328,240386048
94711022445346,0.0,241123328,240386048
94711122597063,0.0,241123328,240386048
94711222774763,0.0,241123328,240386048
94711322919851,0.0,241123328,240386048
94711423090717,0.0,241123328,240386048
94711523266065,0.0,241123328,240386048
94711623413098,0.0,241123328,240386048
94711723582317,0.0,241123328,240386048
94711823773740,9.980962510497731,241123328,240386048
94711923929977,0.0,241123328,240386048
94712024108399,0.0,241123328,240386048
94712124284951,0.0,241123328,240386048
94712224460078,0.0,241123328,240386048
94712324668593,0.0,241123328,240386048
94712424838145,0.0,241123328,240386048
94712525135644,0.0,241123328,240386048
94712625339141,0.0,241123328,240386048
94712725504657,0.0,241123328,240386048
94712825697210,0.0,241123328,240386048
94712925908263,0.0,241123328,240386048
94713026078501,9.9829774260596,241123328,240386048
94713126259091,0.0,241123328,240386048
94713226475811,0.0,241123328,240386048
94713326715902,0.0,241123328,240386048
94713426906974,0.0,241123328,240386048
94713527116953,0.0,241123328,240386048
94713627294822,0.0,241123328,240386048
94713727513691,0.0,241123328,240386048
94713827686819,0.0,241123328,240386048
94713927884835,0.0,241123328,240386048
94714028103853,0.0,241123328,240386048
94714128274758,9.982892516591576,241123328,240386048
94714228455071,0.0,241123328,240386048
94714328638699,0.0,241123328,240386048
94714428812901,0.0,241123328,240386048
94714528970807,0.0,241123328,240386048
94714629140139,0.0,241123328,240386048
94714729317119,0.0,241123328,240386048
94714829501266,0.0,241123328,240386048
94714929658043,0.0,241123328,240386048
94715029835338,0.0,241123328,240386048
94715130055023,0.0,241123328,240386048
94715230251244,0.0,241139712,240386048
94715330444836,0.0,241139712,240386048
94715430626464,9.981901414984844,241139712,240386048
94715530795705,0.0,241139712,240386048
94715630958223,0.0,241139712,240386048
94715731153667,0.0,241139712,240386048
94715831363334,0.0,241139712,240386048
94715931591741,0.0,241139712,240386048
94716031756593,0.0,241139712,240386048
94716131941222,0.0,241139712,240386048
94716232151204,0.0,241139712,240386048
94716332314370,0.0,241139712,240386048
94716432515944,0.0,241139712,240386048
94716532753278,0.0,241139712,240386048
94716632944501,9.980869866731908,241139712,240386048
94716733148465,0.0,241139712,240386048
94716833346336,0.0,241139712,240386048
94716933526929,0.0,241139712,240386048
94717033718430,0.0,241139712,240386048
94717133911838,0.0,241139712,240386048
94717234099061,0.0,241139712,240386048
94717334305358,0.0,241139712,240386048
94717434498525,0.0,241139712,240386048
94717534681008,0.0,241139712,240386048
94717634886232,0.0,241139712,240386048
94717735089900,0.0,241139712,240386048
94717835284087,9.980606086118607,241139712,240386048
94717935488403,0.0,241139712,240386048
94718035676108,0.0,241139712,240386048
94718135871202,0.0,241139712,240386048
94718236083296,0.0,241139712,240386048
94718336275020,0.0,241139712,240386048
94718436481633,0.0,241139712,240386048
94718536646320,0.0,241139712,240386048
94718636836063,0.0,241139712,240386048
94718737073121,0.0,241139712,240386048
94718837248104,0.0,241139712,240386048
94718937439718,0.0,241139712,240386048
94719037641035,9.979958546297322,241139712,240386048
94719137827407,0.0,241139712,240386048
94719238021836,0.0,241139712,240386048
94719338233819,0.0,241139712,240386048
94719438422970,0.0,241139712,240386048
94719538620325,0.0,241139712,240386048
94719638828865,0.0,241139712,240386048
94719739042553,0.0,241139712,240386048
94719839260834,0.0,241139712,240386048
94719939451041,0.0,241139712,240386048
94720039644748,0.0,241139712,240386048
94720139871140,0.0,241139712,240386048
94720240060347,9.98110028772041,241139712,240386048
94720340256609,0.0,241139712,240386048
94720440475686,0.0,241139712,240386048
94720540638356,0.0,241139712,240386048
94720640820045,0.0,241139712,240386048
94720741040327,0.0,241139712,240386048
94720841277998,0.0,241139712,240386048
94720941471298,0.0,241139712,240386048
94721041678543,0.0,241139712,240386048
94721141895047,0.0,241139712,240386048
94721242118106,0.0,241139712,240386048
94721342305555,9.981232985975238,241139712,240386048
94721442520244,0.0,241139712,240386048
94721542738508,0.0,241139712,240386048
94721642945087,0.0,241139712,240386048
94721743158351,0.0,241139712,240386048
94721843368763,0.0,241139712,240386048
94721943566693,0.0,241139712,240386048
94722043761827,0.0,241139712,240386048
94722143981129,0.0,241139712,240386048
94722244200670,0.0,241139712,240386048
94722344402231,0.0,241139712,240386048
94722444619439,0.0,241139712,240386048
94722544836537,9.978289237330795,241139712,240386048
94722645065913,0.0,241139712,240386048
94722745285882,0.0,241139712,240386048
94722845566499,0.0,241139712,240386048
94722945780338,0.0,241139712,240386048
94723045976547,0.0,241139712,240386048
94723146179127,0.0,241139712,240386048
94723246396595,0.0,241139712,240386048
94723346610990,0.0,241139712,240386048
94723446811717,0.0,241139712,240386048
94723547025872,0.0,241139712,240386048
94723647233378,9.979211207005088,241139712,240386048
94723747495126,0.0,241139712,240386048
94723847665983,0.0,241139712,240386048
94723947861434,0.0,241139712,240386048
94724048091459,0.0,241139712,240386048
94724148288410,0.0,241139712,240386048
94724248534620,0.0,241139712,240386048
94724348772386,0.0,241139712,240386048
94724448977911,0.0,241139712,240386048
94724549177714,0.0,241139712,240386048
94724649382980,0.0,241139712,240386048
94724749598691,0.0,241139712,240386048
94724849799068,0.0,241139712,240386048
94724950025668,0.0,241139712,240386048
94725050252138,0.0,241139712,240386048
94725150498646,0.0,241139712,240386048
94725250684412,9.981415403630507,241139712,240386048
94725350928660,0.0,241139712,240386048
94725451155167,0.0,241139712,240386048
94725551355916,0.0,241139712,240386048
94725651546831,0.0,241139712,240386048
94725751769302,0.0,241139712,240386048
94725852034847,0.0,241139712,240386048
94725952227873,0.0,241139712,240386048
94726052445807,0.0,241139712,240386048
94726152675371,0.0,241139712,240386048
94726252891878,0.0,241139712,240386048
94726353107868,9.97846238725767,241139712,240386048
94726453320635,0.0,241139712,240386048
94726553547477,0.0,241139712,240386048
94726653731819,0.0,241139712,240386048
94726753960494,0.0,241139712,240386048
94726854187559,0.0,241139712,240386048
94726954360011,0.0,241139712,240386048
94727054539686,0.0,241139712,240386048
94727154765491,0.0,241139712,240386048
94727254937999,0.0,241139712,240386048
94727355118415,0.0,241139712,240386048
94727455342720,0.0,241139712,240386048
94727555515322,9.982786182023572,241139712,240386048
94727655704979,0.0,241139712,240386048
94727755936192,0.0,241139712,240386048
94727856117442,0.0,241139712,240386048
94727956303729,0.0,241139712,240386048
94728056480145,0.0,241156096,240386048
94728156646895,0.0,241156096,240386048
94728256817978,0.0,241156096,240386048
94728356983672,0.0,241156096,240386048
94728457154181,0.0,241156096,240386048
94728557374784,0.0,241156096,240386048
94728657587831,9.978688912320452,241156096,240386048
94728757799230,0.0,241156096,240386048
94728857980092,9.981987105069422,241156096,240386048
94728958151453,0.0,241156096,240386048
94729058366815,0.0,241156096,240386048
94729158538954,0.0,241156096,240386048
94729258707927,0.0,241156096,240386048
94729358919585,0.0,241156096,240386048
94729459089762,0.0,241172480,240386048
94729559278939,0.0,241172480,240386048
94729659492413,0.0,241172480,240386048
94729759701276,0.0,241172480,240386048
94729859885101,0.0,241172480,240386048
94729960122316,0.0,241172480,240386048
94730060309956,0.0,241172480,240386048
94730160509652,0.0,241172480,240386048
94730260727478,0.0,241172480,240386048
94730360927748,9.979998288031185,241172480,240386048
94730461143055,0.0,241172480,240386048
94730561302918,0.0,241172480,240386048
94730661482485,0.0,241172480,240386048
94730761797591,0.0,241172480,240386048
94730862014417,0.0,241172480,240386048
94730962208188,0.0,241172480,240386048
94731062420625,0.0,241172480,240386048
94731162600044,0.0,241172480,240386048
94731262816723,0.0,241172480,240386048
94731363037845,0.0,241172480,240386048
94731463256283,9.978198235474503,241172480,240386048
94731563473296,0.0,241172480,240386048
94731663661456,0.0,241172480,240386048
94731763888135,0.0,241172480,240386048
94731864106944,0.0,241172480,240386048
94731964290067,0.0,241172480,240386048
94732064465301,0.0,241172480,240386048
94732164677351,0.0,241172480,240386048
94732264845085,0.0,241172480,240386048
94732365032153,0.0,241172480,240386048
94732465304592,0.0,241172480,240386048
94732565520179,9.978465573455765,241172480,240386048
94732665729100,0.0,241172480,240386048
94732765870038,0.0,241172480,240386048
94732866024791,0.0,241172480,240386048
94732966195360,0.0,241172480,240386048
94733066384799,0.0,241172480,240386048
94733166570515,0.0,241172480,240386048
94733266741509,0.0,241172480,240386048
94733366882577,0.0,241172480,240386048
94733467021590,0.0,241172480,240386048
94733567172048,0.0,241172480,240386048
94733667336617,0.0,241172480,240386048
94733767486463,0.0,241172480,240386048
94733867606809,0.0,241188864,240386048
94733967750397,0.0,241188864,240386048
94734067895039,0.0,241188864,240386048
94734168035571,0.0,241188864,240386048
94734268234789,9.980021892625414,241188864,240386048
94734368431358,0.0,241188864,240386048
94734468587723,0.0,241188864,240386048
94734568737126,0.0,241188864,240386048
94734668900085,0.0,241188864,240386048
94734769061080,0.0,241188864,240386048
94734869184965,0.0,241188864,240386048
94734969336830,0.0,241188864,240386048
94735069481974,0.0,241188864,240386048
94735169627544,0.0,241188864,240386048
94735269760483,0.0,241188864,240386048
94735369897293,0.0,241188864,240386048
94735470038474,0.0,241188864,240386048
94735570156674,0.0,241188864,240386048
94735670290948,0.0,241188864,240386048
94735770444685,0.0,241188864,240386048
94735870578070,0.0,241188864,240386048
94735970699843,0.0,241188864,240386048
94736070844525,0.0,241188864,240386048
94736170978595,0.0,241188864,240386048
94736271121887,9.985757712752845,241188864,240386048
94736371239217,0.0,241188864,240386048
94736471384361,0.0,241188864,240386048
94736571527006,0.0,241188864,240386048
94736671640984,0.0,241188864,240386048
94736771781240,0.0,241188864,240386048
94736871930923,0.0,241188864,240386048
94736972073790,0.0,241188864,240386048
94737072195564,0.0,241188864,240386048
94737172341043,0.0,241188864,240386048
94737272474484,0.0,241188864,240386048
94737372599870,0.0,241188864,240386048
94737472798460,0.0,241188864,240386048
94737572981180,0.0,241188864,240386048
94737673174716,0.0,241188864,240386048
94737773335176,0.0,241188864,240386048
94737873512971,0.0,241188864,240386048
94737973702043,9.981200409092045,241188864,240386048
94738073863263,0.0,241188864,240386048
94738174051798,0.0,241188864,240386048
94738274245908,0.0,241188864,240386048
94738374424591,0.0,241188864,240386048
94738474602737,0.0,241188864,240386048
94738574794829,0.0,241188864,240386048
94738674983513,0.0,241188864,240386048
94738775183271,0.0,241188864,240386048
94738875339288,0.0,241188864,240386048
94738975514769,0.0,241188864,240386048
94739075707879,0.0,241188864,240386048
94739175889433,9.98188666778015,241188864,240386048
94739276065432,0.0,241188864,240386048
94739376263079,0.0,241188864,240386048
94739476432467,0.0,241188864,240386048
94739576602707,0.0,241188864,240386048
94739676812392,0.0,241188864,240386048
94739777001133,0.0,241188864,240386048
94739877195688,0.0,241188864,240386048
94739977363669,0.0,241188864,240386048
94740077554483,0.0,241188864,240386048
94740177754039,0.0,241188864,240386048
94740277934390,0.0,241188864,240386048
94740378124501,0.0,241188864,240386048
94740478349853,9.977613230059774,241188864,240386048
94740578523057,0.0,241188864,240386048
94740678702650,0.0,241188864,240386048
94740778924206,0.0,241205248,240386048
94740879106799,0.0,241205248,240386048
94740979263929,0.0,241205248,240386048
94741079461522,0.0,241205248,240386048
94741179636578,0.0,241205248,240386048
94741279825726,0.0,241205248,240386048
94741379990690,0.0,241205248,240386048
94741480188487,0.0,241205248,240386048
94741580382729,0.0,241205248,240386048
94741680551507,0.0,241205248,240386048
94741780740583,9.981065419750127,241205248,240386048
94741880944491,0.0,241205248,240386048
94741981121844,0.0,241205248,240386048
94742081277715,0.0,241205248,240386048
94742181477680,0.0,241205248,240386048
94742281656792,0.0,241221632,240386048
94742381872904,0.0,241221632,240386048
94742482073091,0.0,241221632,240386048
94742582261741,0.0,241221632,240386048
94742682459539,0.0,241221632,240386048
94742782632893,0.0,241221632,240386048
94742882815191,0.0,241221632,240386048
94742983021027,9.979528893431073,241221632,240386048
94743083193343,0.0,241221632,240386048
94743183353678,0.0,241221632,240386048
94743283551884,0.0,241221632,240386048
94743383732478,0.0,241221632,240386048
94743483914165,0.0,241221632,240386048
94743584158354,0.0,241221632,240386048
94743684338801,0.0,241221632,240386048
94743784545507,0.0,241221632,240386048
94743884728121,0.0,241221632,240386048
94743984907661,0.0,241221632,240386048
94744085101737,0.0,241221632,240386048
94744185258462,0.0,241221632,240386048
94744285446020,9.981128081373422,241221632,240386048
94744385653579,0.0,241221632,240386048
94744485831415,0.0,241221632,240386048
94744585987399,0.0,241221632,240386048
94744686188218,0.0,241221632,240386048
94744786376647,0.0,241221632,240386048
94744886571780,0.0,241221632,240386048
94744986734802,0.0,241221632,240386048
94745086925842,0.0,241221632,240386048
94745187137716,0.0,241221632,240386048
94745287321164,0.0,241221632,240386048
94745387513056,0.0,241221632,240386048
94745487778061,9.973742725838898,241221632,240386048
94745588015584,0.0,241221632,240386048
94745688228033,0.0,241221632,240386048
94745788464426,0.0,241221632,240386048
94745888676079,0.0,241221632,240386048
94745988913769,0.0,241221632,240386048
94746089099180,0.0,241221632,240386048
94746189297536,0.0,241221632,240386048
94746289524819,0.0,241221632,240386048
94746389703489,0.0,241221632,240386048
94746489906660,0.0,241221632,240386048
94746590102221,0.0,241221632,240386048
94746690271985,9.983078182606004,241221632,240386048
94746790430971,0.0,241221632,240386048
94746890623828,0.0,241221632,240386048
94746990791536,0.0,241221632,240386048
94747090941466,0.0,241221632,240386048
94747191197176,0.0,241221632,240386048
94747291381236,0.0,241221632,240386048
94747391591334,0.0,241221632,240386048
94747491776876,0.0,241221632,240386048
94747591951381,9.982496889911268,241221632,240386048
94747692147720,0.0,241221632,240386048
94747792315170,0.0,241221632,240386048
94747892491824,0.0,241221632,240386048
94747992681478,0.0,241221632,240386048
94748092848909,0.0,241221632,240386048
94748193035637,0.0,241221632,240386048
94748293262624,0.0,241221632,240386048
94748393457889,0.0,241221632,240386048
94748493693896,0.0,241221632,240386048
94748593890976,0.0,241221632,240386048
94748694106760,0.0,241221632,240386048
94748794340119,0.0,241221632,240386048
94748894557052,0.0,241221632,240386048
94748994762132,0.0,241221632,240386048
94749094980713,0.0,241221632,240386048
94749195167719,9.981360109033208,241221632,240386048
94749295352855,0.0,241221632,240386048
94749395557473,0.0,241221632,240386048
94749495746794,0.0,241221632,240386048
94749595978543,0.0,241221632,240386048
94749696223550,0.0,241221632,240386048
94749796429521,0.0,241221632,240386048
94749896651491,0.0,241221632,240386048
94749996822239,0.0,241221632,240386048
94750097015727,0.0,241221632,240386048
94750197232198,0.0,241221632,240386048
94750297429927,9.980269705577285,241221632,240386048
94750397624730,0.0,241221632,240386048
94750497841960,0.0,241221632,240386048
94750598028579,0.0,241221632,240386048
94750698241865,0.0,241221632,240386048
94750798429206,0.0,241221632,240386048
94750898620029,0.0,241221632,240386048
94750998830204,0.0,241221632,240386048
94751099020971,0.0,241221632,240386048
94751199229738,0.0,241221632,240386048
94751299449228,0.0,241221632,240386048
94751399626606,0.0,241221632,240386048
94751499846318,9.978071491398541,241221632,240386048
94751600081345,0.0,241221632,240386048
94751700286799,0.0,241221632,240386048
94751800514048,0.0,241221632,240386048
94751900719298,0.0,241221632,240386048
94752000914825,0.0,241221632,240386048
94752101130630,0.0,241221632,240386048
94752201316194,0.0,241221632,240386048
94752301508184,0.0,241221632,240386048
94752401738712,0.0,241221632,240386048
94752501938795,0.0,241221632,240386048
94752602124100,9.981428055944416,241221632,240386048
94752702344073,0.0,241221632,240386048
94752802539971,0.0,241221632,240386048
94752902723239,0.0,241221632,240386048
94753002943490,0.0,241221632,240386048
94753103144388,0.0,241221632,240386048
94753203359879,0.0,241221632,240386048
94753303540703,0.0,241221632,240386048
94753403734175,0.0,241221632,240386048
94753503959759,0.0,241221632,240386048
94753604171122,0.0,241238016,240386048
94753704366224,0.0,241238016,240386048
94753804588512,9.97797909977847,241238016,240386048
94753904768652,0.0,241238016,240386048
94754004943847,0.0,241238016,240386048
94754105161802,0.0,241238016,240386048
94754205351756,9.980976060451795,241238016,240386048
94754305566970,0.0,241238016,240386048
94754405774999,0.0,241238016,240386048
94754505980250,0.0,241238016,240386048
94754606225002,0.0,241238016,240386048
94754706423032,0.0,241238016,240386048
94754806620728,0.0,241238016,240386048
94754906828590,0.0,241238016,240386048
94755007028249,0.0,241254400,240386048
94755107259335,0.0,241254400,240386048
94755207481049,0.0,241254400,240386048
94755307676653,9.980433660464616,241254400,240386048
94755407906682,0.0,241254400,240386048
94755508139935,0.0,241254400,240386048
94755608334224,0.0,241254400,240386048
94755708557217,0.0,241254400,240386048
94755808740377,0.0,241254400,240386048
94755908936148,0.0,241254400,240386048
94756009130344,0.0,241254400,240386048
94756109314096,0.0,241254400,240386048
94756209527145,0.0,241254400,240386048
94756309745675,0.0,241254400,240386048
94756409959669,0.0,241254400,240386048
94756510177533,9.978294217132873,241254400,240386048
94756610388434,0.0,241254400,240386048
94756710594150,0.0,241254400,240386048
94756810823033,0.0,241254400,240386048
94756911028860,0.0,241254400,240386048
94757011218428,0.0,241254400,240386048
94757111441515,0.0,241254400,240386048
94757211638879,0.0,241254400,240386048
94757311837576,0.0,241254400,240386048
94757412060533,0.0,241254400,240386048
94757512280916,0.0,241254400,240386048
94757612482170,9.979854167053794,241254400,240386048
94757712706480,0.0,241254400,240386048
94757812920863,0.0,241254400,240386048
94757913150229,0.0,241254400,240386048
94758013354353,0.0,241254400,240386048
94758113563607,0.0,241254400,240386048
94758213783620,0.0,241254400,240386048
94758313986429,0.0,241254400,240386048
94758414189461,0.0,241254400,240386048
94758514414548,0.0,241254400,240386048
94758614618433,0.0,241254400,240386048
94758714824187,0.0,241254400,240386048
94758815049738,9.977538067136042,241254400,240386048
94758915245289,0.0,241254400,240386048
94759015427247,0.0,241254400,240386048
94759115629835,0.0,241254400,240386048
94759215820200,0.0,241254400,240386048
94759316012510,0.0,241254400,240386048
94759416193987,0.0,241270784,240386048
94759516397760,0.0,241270784,240386048
94759616682535,0.0,241270784,240386048
94759716890568,0.0,241270784,240386048
94759817111083,0.0,241270784,240386048
94759917336690,0.0,241270784,240386048
94760017539408,9.9796990964992,241270784,240386048
94760117757867,0.0,241270784,240386048
94760217972474,0.0,241270784,240386048
94760318176193,0.0,241270784,240386048
94760418390670,0.0,241270784,240386048
94760518584241,0.0,241270784,240386048
94760618768385,0.0,241270784,240386048
94760718971067,0.0,241270784,240386048
94760819146878,0.0,241270784,240386048
94760919333523,0.0,241270784,240386048
94761019518223,0.0,241270784,240386048
94761119698701,0.0,241270784,240386048
94761219874160,0.0,241270784,240386048
94761320078046,0.0,241270784,240386048
94761420266468,0.0,241270784,240386048
94761520446669,0.0,241270784,240386048
94761620627166,9.981971760231481,241270784,240386048
94761720900849,0.0,241270784,240386048
94761821112328,0.0,241270784,240386048
94761921286974,0.0,241270784,240386048
94762021485082,0.0,241270784,240386048
94762121711321,0.0,241270784,240386048
94762221910003,0.0,241270784,240386048
94762322116519,0.0,241270784,240386048
94762422340146,0.0,241270784,240386048
94762522547478,0.0,241270784,240386048
94762622762105,0.0,241270784,240386048
94762722993993,0.0,241270784,240386048
94762823203046,0.0,241270784,240386048
94762923407230,0.0,241270784,240386048
94763023608895,9.979850182835172,241270784,240386048
94763123815282,0.0,241270784,240386048
94763224025891,9.978999892446929,241270784,240386048
94763324238704,0.0,241270784,240386048
94763424432239,0.0,241270784,240386048
94763524642960,0.0,241270784,240386048
94763624837125,0.0,241270784,240386048
94763725038569,0.0,241270784,240386048
94763825248456,0.0,241270784,240386048
94763925443640,0.0,241270784,240386048
94764025627269,0.0,241270784,240386048
94764125828397,0.0,241270784,240386048
94764226020970,0.0,241270784,240386048
94764326228413,9.979337382972925,241270784,240386048
94764426422375,0.0,241270784,240386048
94764526614578,0.0,241270784,240386048
94764626827059,0.0,241270784,240386048
94764727011132,0.0,241270784,240386048
94764827196335,0.0,241270784,240386048
94764927391242,0.0,241270784,240386048
94765027582519,0.0,241270784,240386048
94765127776056,0.0,241270784,240386048
94765227975222,0.0,241270784,240386048
94765328226870,0.0,241270784,240386048
94765428447018,0.0,241270784,240386048
94765528646407,0.0,241270784,240386048
94765628846463,0.0,241270784,240386048
94765729071148,0.0,241270784,240386048
94765829272149,9.97990157645023,241270784,240386048
94765929472519,0.0,241270784,240386048
94766029677797,0.0,241270784,240386048
94766129877038,0.0,241270784,240386048
94766230070520,0.0,241270784,240386048
94766330288224,0.0,241287168,240386048
94766430496632,0.0,241287168,240386048
94766530707836,0.0,241287168,240386048
94766630900059,0.0,241287168,240386048
94766731100431,0.0,241287168,240386048
94766831354691,9.97468445087527,241287168,240386048
94766931575415,0.0,241287168,240386048
94767031783194,0.0,241287168,240386048
94767132019639,0.0,241287168,240386048
94767232217011,0.0,241287168,240386048
94767332401919,0.0,241287168,240386048
94767432599272,0.0,241287168,240386048
94767532797884,0.0,241287168,240386048
94767632999238,0.0,241287168,240386048
94767733217851,0.0,241303552,240386048
94767833520909,0.0,241303552,240386048
94767933742244,0.0,241303552,240386048
94768033937357,9.980499103033942,241303552,240386048
94768134136229,0.0,241303552,240386048
94768234356008,0.0,241303552,240386048
94768334555288,0.0,241303552,240386048
94768434756067,0.0,241303552,240386048
94768534976218,0.0,241303552,240386048
94768635183720,0.0,241303552,240386048
94768735397852,0.0,241303552,240386048
94768835611040,0.0,241303552,240386048
94768935815580,0.0,241303552,240386048
94769036020360,0.0,241303552,240386048
94769136226344,9.979499314535994,241303552,240386048
94769236417605,0.0,241303552,240386048
94769336639126,0.0,241303552,240386048
94769436840240,0.0,241303552,240386048
94769537043335,0.0,241303552,240386048
94769637260950,0.0,241303552,240386048
94769737479490,0.0,241303552,240386048
94769837680900,0.0,241303552,240386048
94769937897829,0.0,241303552,240386048
94770038098055,0.0,241303552,240386048
94770138304947,0.0,241303552,240386048
94770238468820,0.0,241303552,240386048
94770338681971,9.978781815550397,241303552,240386048
94770438907474,0.0,241303552,240386048
94770539119386,0.0,241303552,240386048
94770639331204,0.0,241303552,240386048
94770739561894,0.0,241303552,240386048
94770839776694,0.0,241303552,240386048
94770939987605,0.0,241303552,240386048
94771040217683,0.0,241303552,240386048
94771140428132,0.0,241303552,240386048
94771240630413,0.0,241303552,240386048
94771340832713,0.0,241303552,240386048
94771441038717,0.0,241303552,240386048
94771541245055,0.0,241303552,240386048
94771641442856,0.0,241303552,240386048
94771741655564,0.0,241303552,240386048
94771841863457,0.0,241303552,240386048
94771942055850,9.980788380837964,241303552,240386048
94772042248003,0.0,241303552,240386048
94772142464489,0.0,241303552,240386048
94772242676290,0.0,241303552,240386048
94772342880980,0.0,241303552,240386048
94772443114429,0.0,241303552,240386048
94772543325138,0.0,241303552,240386048
94772643548977,0.0,241303552,240386048
94772743770241,0.0,241303552,240386048
94772843979876,0.0,241303552,240386048
94772944215937,0.0,241303552,240386048
94773044436498,9.977975913891038,241303552,240386048
94773144639003,0.0,241303552,240386048
94773244854379,0.0,241303552,240386048
94773345050477,0.0,241303552,240386048
94773445243463,9.980707093417244,241303552,240386048
94773545458210,0.0,241303552,240386048
94773645660883,0.0,241303552,240386048
94773745889333,0.0,241303552,240386048
94773846088358,0.0,241303552,240386048
94773946293993,0.0,241303552,240386048
94774046557722,0.0,241303552,240386048
94774146766932,0.0,241303552,240386048
94774246969178,0.0,241303552,240386048
94774347195036,0.0,241303552,240386048
94774447407135,0.0,241303552,240386048
94774547608789,0.0,241303552,240386048
94774647834556,9.977536871990822,241303552,240386048
94774748047118,0.0,241303552,240386048
94774848281477,0.0,241303552,240386048
94774948488131,0.0,241303552,240386048
94775048678545,0.0,241303552,240386048
94775148895385,0.0,241303552,240386048
94775249083984,0.0,241303552,240386048
94775349267861,0.0,241303552,240386048
94775449482016,0.0,241303552,240386048
94775549664393,0.0,241303552,240386048
94775649878234,0.0,241303552,240386048
94775750084815,0.0,241303552,240386048
94775850264934,9.981989197352753,241303552,240386048
94775950457515,0.0,241303552,240386048
94776050688319,0.0,241303552,240386048
94776150860400,0.0,241303552,240386048
94776251066296,0.0,241303552,240386048
94776351237673,0.0,241303552,240386048
94776451447143,0.0,241303552,240386048
94776551654244,0.0,241303552,240386048
94776651815992,0.0,241303552,240386048
94776752020223,0.0,241303552,240386048
94776852231675,0.0,241303552,240386048
94776952416275,9.981596133091031,241303552,240386048
94777052588913,0.0,241303552,240386048
94777152792013,0.0,241303552,240386048
94777253010725,0.0,241303552,240386048
94777353221900,0.0,241303552,240386048
94777453430389,0.0,241303552,240386048
94777553620602,0.0,241303552,240386048
94777653825444,0.0,241303552,240386048
94777754038008,0.0,241303552,240386048
94777854219831,0.0,241303552,240386048
94777954465451,0.0,241303552,240386048
94778054657071,0.0,241303552,240386048
94778154851246,0.0,241303552,240386048
94778255056829,0.0,241303552,240386048
94778355244412,0.0,241303552,240386048
94778455453921,0.0,241303552,240386048
94778555629059,9.982501971070487,241303552,240386048
94778655822772,0.0,241303552,240386048
94778756013855,0.0,241303552,240386048
94778856181550,0.0,241303552,240386048
94778956366077,0.0,241303552,240386048
94779056564772,0.0,241303552,240386048
94779156759355,0.0,241319936,240386048
94779256943809,0.0,241319936,240386048
94779357142392,0.0,241319936,240386048
94779457329735,0.0,241319936,240386048
94779557533671,0.0,241319936,240386048
94779657737162,0.0,241319936,240386048
94779757945024,0.0,241319936,240386048
94779858148201,9.979821300609933,241319936,240386048
94779958307692,0.0,241319936,240386048
94780058490294,0.0,241319936,240386048
94780158689527,0.0,241319936,240386048
94780258852462,0.0,241319936,240386048
94780359033713,0.0,241319936,240386048
94780459225778,0.0,241336320,240386048
94780559421789,0.0,241336320,240386048
94780659640652,0.0,241336320,240386048
94780759854311,0.0,241336320,240386048
94780860008988,0.0,241336320,240386048
94780960213146,0.0,241336320,240386048
94781060385972,9.982658623846772,241336320,240386048
94781160604797,0.0,241336320,240386048
94781260884828,0.0,241336320,240386048
94781361115820,0.0,241336320,240386048
94781461335220,0.0,241336320,240386048
94781561534694,0.0,241336320,240386048
94781661748391,0.0,241336320,240386048
94781761954421,0.0,241336320,240386048
94781862147506,0.0,241336320,240386048
94781962341036,0.0,241336320,240386048
94782062535548,9.980557076985479,241336320,240386048
94782162751022,0.0,241336320,240386048
94782262963182,0.0,241336320,240386048
94782363194453,0.0,241336320,240386048
94782463437743,0.0,241336320,240386048
94782563689015,0.0,241336320,240386048
94782663872508,0.0,241336320,240386048
94782764069205,0.0,241336320,240386048
94782864244847,0.0,241336320,240386048
94782964437673,0.0,241336320,240386048
94783064631593,0.0,241336320,240386048
94783164837494,0.0,241336320,240386048
94783265015117,0.0,241336320,240386048
94783365348112,9.96676502450082,241336320,240386048
94783465577902,0.0,241336320,240386048
94783565756952,0.0,241336320,240386048
94783665939372,0.0,241336320,240386048
94783766116236,0.0,241336320,240386048
94783866279563,0.0,241336320,240386048
94783966445224,0.0,241336320,240386048
94784066609792,0.0,241336320,240386048
94784166793823,0.0,241336320,240386048
94784267047133,0.0,241336320,240386048
94784367252053,0.0,241336320,240386048
94784467490751,0.0,241336320,240386048
94784567699339,0.0,241336320,240386048
94784667881352,9.981744986056814,241336320,240386048
94784768082551,0.0,241336320,240386048
94784868280657,0.0,241352704,240386048
94784968488782,0.0,241352704,240386048
94785068699017,0.0,241352704,240386048
94785168884401,0.0,241352704,240386048
94785269074007,0.0,241352704,240386048
94785369272409,0.0,241352704,240386048
94785469466775,0.0,241352704,240386048
94785569645066,0.0,241352704,240386048
94785669849321,0.0,241352704,240386048
94785770040354,0.0,241352704,240386048
94785870201479,0.0,241352704,240386048
94785970396270,0.0,241352704,240386048
94786070585747,0.0,241352704,240386048
94786170783669,0.0,241352704,240386048
94786270957887,9.982591956596885,241352704,240386048
94786371144141,0.0,241352704,240386048
94786471337711,0.0,241352704,240386048
94786571502800,0.0,241352704,240386048
94786671704944,0.0,241352704,240386048
94786771911329,0.0,241352704,240386048
94786872111085,0.0,241352704,240386048
94786972291118,0.0,241352704,240386048
94787072490577,0.0,241352704,240386048
94787172690462,0.0,241352704,240386048
94787272885422,0.0,241352704,240386048
94787373073010,0.0,241352704,240386048
94787473272248,0.0,241352704,240386048
94787573462337,0.0,241352704,240386048
94787673642130,9.982005041030181,241352704,240386048
94787773841016,0.0,241352704,240386048
94787874032235,0.0,241352704,240386048
94787974212028,0.0,241352704,240386048
94788074404914,0.0,241352704,240386048
94788174596577,0.0,241352704,240386048
94788274782185,0.0,241352704,240386048
94788374977849,0.0,241352704,240386048
94788475168105,0.0,241352704,240386048
94788575356418,0.0,241352704,240386048
94788675551249,0.0,241352704,240386048
94788775736228,0.0,241352704,240386048
94788875915892,0.0,241352704,240386048
94788976120575,0.0,241352704,240386048
94789076314720,9.980630390826647,241352704,240386048
94789176551052,0.0,241352704,240386048
94789276732179,0.0,241352704,240386048
94789376904769,0.0,241352704,240386048
94789477094507,0.0,241352704,240386048
94789577289006,0.0,241352704,240386048
94789677472485,0.0,241352704,240386048
94789777702502,9.977032572147719,241352704,240386048
94789877920779,0.0,241352704,240386048
94789978151426,0.0,241352704,240386048
94790078389072,0.0,241352704,240386048
94790178621571,0.0,241352704,240386048
94790278853644,0.0,241352704,240386048
94790379096680,0.0,241352704,240386048
94790479379531,0.0,241352704,240386048
94790579984331,0.0,241352704,240386048
94790680220497,0.0,241352704,240386048
94790780441830,9.977924840003416,241352704,240386048
94790880659866,0.0,241352704,240386048
94790980898310,0.0,241352704,240386048
94791081126902,0.0,241352704,240386048
94791181353271,0.0,241352704,240386048
94791281588141,0.0,241352704,240386048
94791381877475,0.0,241352704,240386048
94791482088752,0.0,241352704,240386048
94791582315122,0.0,241352704,240386048
94791682543974,0.0,241352704,240386048
94791782748992,9.979545623482736,241352704,240386048
94791882983252,0.0,241369088,240386048
94791983199492,0.0,241369088,240386048
94792083469789,0.0,241369088,240386048
94792183698011,0.0,241369088,240386048
94792283912418,0.0,241369088,240386048
94792384111066,0.0,241369088,240386048
94792484322214,0.0,241369088,240386048
94792584499566,0.0,241369088,240386048
94792684666678,0.0,241369088,240386048
94792784876271,0.0,241369088,240386048
94792885044974,0.0,241369088,240386048
94792985217808,0.0,241369088,240386048
94793085444549,9.977378987798543,241369088,240386048
94793185646142,0.0,241385472,240386048
94793285831013,0.0,241385472,240386048
94793386098995,0.0,241385472,240386048
94793486308348,0.0,241385472,240386048
94793586531331,0.0,241385472,240386048
94793686722498,0.0,241385472,240386048
94793786927611,0.0,241385472,240386048
94793887139982,0.0,241385472,240386048
94793987315075,0.0,241385472,240386048
94794087514206,0.0,241385472,240386048
94794187736411,0.0,241385472,240386048
94794287940801,0.0,241385472,240386048
94794388185673,9.975631526402816,241385472,240386048
94794488451342,0.0,241385472,240386048
94794588668473,0.0,241385472,240386048
94794688885883,0.0,241385472,240386048
94794789079829,0.0,241385472,240386048
94794889301405,0.0,241385472,240386048
94794989552611,0.0,241385472,240386048
94795089790391,0.0,241385472,240386048
94795190055856,0.0,241385472,240386048
94795290273413,0.0,241385472,240386048
94795390484267,0.0,241385472,240386048
94795490700380,0.0,241385472,240386048
94795590881197,0.0,241385472,240386048
94795691091589,9.978968127131544,241385472,240386048
94795791307591,0.0,241385472,240386048
94795891488538,0.0,241385472,240386048
94795991730633,0.0,241385472,240386048
94796092366530,0.0,241385472,240386048
94796192557847,0.0,241385472,240386048
94796292729201,0.0,241385472,240386048
94796392958407,0.0,241385472,240386048
94796493173910,0.0,241385472,240386048
94796593390228,0.0,241385472,240386048
94796693565694,0.0,241385472,240386048
94796793770789,0.0,241385472,240386048
94796893983922,0.0,241385472,240386048
94796994177666,0.0,241385472,240386048
94797094393558,0.0,241385472,240386048
94797194613395,0.0,241385472,240386048
94797294809898,0.0,241385472,240386048
94797395006049,0.0,241385472,240386048
94797495222441,9.978459101085507,241385472,240386048
94797595436982,0.0,241385472,240386048
94797695664023,0.0,241385472,240386048
94797795870397,0.0,241385472,240386048
94797896081383,0.0,241385472,240386048
94797996305516,0.0,241385472,240386048
94798096512854,0.0,241385472,240386048
94798196882692,0.0,241385472,240386048
94798297105363,0.0,241385472,240386048
94798397348775,0.0,241385472,240386048
94798497559464,0.0,241385472,240386048
94798597740968,0.0,241385472,240386048
94798697962140,0.0,241385472,240386048
94798798188552,0.0,241385472,240386048
94798898363982,0.0,241385472,240386048
94798998579968,0.0,241385472,240386048
94799098802898,0.0,241385472,240386048
94799199012014,0.0,241385472,240386048
94799299180629,0.0,241385472,240386048
94799399391152,0.0,241385472,240386048
94799499623731,9.976703897585853,241385472,240386048
94799599859181,0.0,241385472,240386048
94799700058297,0.0,241385472,240386048
94799800301432,0.0,241385472,240386048
94799900517697,0.0,241385472,240386048
94800000740295,9.977809949209984,241385472,240386048
94800100976208,0.0,241385472,240386048
94800201337159,0.0,241385472,240386048
94800301564220,0.0,241385472,240386048
94800401819337,0.0,241385472,240386048
94800502032268,0.0,241385472,240386048
94800602301478,0.0,241385472,240386048
94800702535225,0.0,241385472,240386048
94800802789843,0.0,241385472,240386048
94800903002793,0.0,241385472,240386048
94801003225892,0.0,241385472,240386048
94801103432694,9.979569027389175,241385472,240386048
94801203612199,0.0,241385472,240386048
94801303837242,0.0,241385472,240386048
94801404037433,0.0,241385472,240386048
94801504279773,0.0,241385472,240386048
94801604487409,0.0,241385472,240386048
94801704686915,0.0,241385472,240386048
94801804901644,0.0,241385472,240386048
94801905084113,0.0,241385472,240386048
94802005288231,0.0,241385472,240386048
94802105504774,0.0,241385472,240386048
94802205692892,0.0,241385472,240386048
94802305867509,0.0,241385472,240386048
94802406075164,0.0,241385472,240386048
94802506294300,0.0,241385472,240386048
94802606511715,0.0,241385472,240386048
94802706703444,0.0,241385472,240386048
94802806907747,0.0,241385472,240386048
94802907106106,0.0,241385472,240386048
94803007278280,9.98278090044912,241385472,240386048
94803107486565,0.0,241385472,240386048
94803207713850,0.0,241385472,240386048
94803307936783,0.0,241385472,240386048
94803408123012,0.0,241385472,240386048
94803508338631,0.0,241385472,240386048
94803608541750,0.0,241385472,240386048
94803708770350,0.0,241385472,240386048
94803808987803,0.0,241385472,240386048
94803909193773,0.0,241385472,240386048
94804009416763,0.0,241385472,240386048
94804109618363,0.0,241385472,240386048
94804209854075,0.0,241385472,240386048
94804310082435,9.977192138744709,241385472,240386048
94804410306054,0.0,241385472,240386048
94804510526970,0.0,241385472,240386048
94804610748552,0.0,241385472,240386048
94804710968839,0.0,241401856,240386048
94804811195718,0.0,241401856,240386048
94804911411467,0.0,241401856,240386048
94805011628957,0.0,241401856,240386048
94805111854447,0.0,241401856,240386048
94805212079011,0.0,241401856,240386048
94805312355817,0.0,241401856,240386048
94805412580899,0.0,241401856,240386048
94805512785964,9.979487562733961,241401856,240386048
94805613008640,0.0,241401856,240386048
94805713218223,0.0,241401856,240386048
94805813446510,0.0,241401856,240386048
94805913671705,0.0,241418240,240386048
94806013899325,0.0,241418240,240386048
94806114113427,0.0,241418240,240386048
94806214340566,0.0,241418240,240386048
94806314549816,0.0,241418240,240386048
94806414768751,0.0,241418240,240386048
94806514995612,0.0,241418240,240386048
94806615289419,0.0,241418240,240386048
94806715518096,9.97709418945117,241418240,240386048
94806815753977,0.0,241418240,240386048
94806915987042,0.0,241418240,240386048
94807016223830,0.0,241418240,240386048
94807116449729,0.0,241418240,240386048
94807216673868,0.0,241418240,240386048
94807316912064,0.0,241418240,240386048
94807417177648,0.0,241418240,240386048
94807517402788,0.0,241418240,240386048
94807617626225,0.0,241418240,240386048
94807717838772,9.97875722134754,241418240,240386048
94807818059061,0.0,241418240,240386048
94807918251200,0.0,241418240,240386048
94808018472730,0.0,241418240,240386048
94808118697925,0.0,241418240,240386048
94808218915491,0.0,241418240,240386048
94808319131280,0.0,241418240,240386048
94808419367846,0.0,241418240,240386048
94808519782044,0.0,241418240,240386048
94808619953296,0.0,241418240,240386048
94808720180622,0.0,241418240,240386048
94808820403003,0.0,241418240,240386048
94808920612441,0.0,241418240,240386048
94809020787414,0.0,241418240,240386048
94809120996647,9.97910933297748,241418240,240386048
94809221209807,0.0,241418240,240386048
94809321394873,0.0,241418240,240386048
94809421562254,0.0,241418240,240386048
94809521895489,0.0,241418240,240386048
94809622082797,0.0,241418240,240386048
94809722285568,0.0,241418240,240386048
94809822492209,0.0,241418240,240386048
94809922684462,0.0,241418240,240386048
94810022893177,0.0,241418240,240386048
94810123087170,0.0,241418240,240386048
94810223278219,0.0,241418240,240386048
94810323525157,0.0,241418240,240386048
94810423909022,0.0,241434624,240386048
94810524108275,9.980099581604946,241434624,240386048
94810624321491,0.0,241434624,240386048
94810724508707,0.0,241434624,240386048
94810824727349,0.0,241434624,240386048
94810924904565,0.0,241434624,240386048
94811025184652,0.0,241434624,240386048
94811125395535,0.0,241434624,240386048
94811225588399,0.0,241434624,240386048
94811325793930,0.0,241434624,240386048
94811426014628,0.0,241434624,240386048
94811526206159,0.0,241434624,240386048
94811626377116,0.0,241434624,240386048
94811726591647,0.0,241434624,240386048
94811826810198,0.0,241434624,240386048
94811927041359,0.0,241434624,240386048
94812027227353,0.0,241434624,240386048
94812127503404,9.972621961458108,241434624,240386048
94812227714028,0.0,241434624,240386048
94812327927023,0.0,241434624,240386048
94812428134962,0.0,241434624,240386048
94812528353068,0.0,241434624,240386048
94812628558174,0.0,241434624,240386048
94812728763762,0.0,241434624,240386048
94812828978331,0.0,241434624,240386048
94812929183975,9.979481587572009,241434624,240386048
94813029403655,0.0,241434624,240386048
94813129595465,0.0,241434624,240386048
94813229791090,0.0,241434624,240386048
94813330018529,0.0,241434624,240386048
94813430197969,0.0,241434624,240386048
94813530371482,0.0,241434624,240386048
94813630575256,0.0,241434624,240386048
94813730770900,0.0,241434624,240386048
94813830988155,0.0,241434624,240386048
94813931165965,0.0,241434624,240386048
94814031373794,0.0,241434624,240386048
94814131690625,0.0,241434624,240386048
94814231883898,0.0,241434624,240386048
94814332107153,0.0,241434624,240386048
94814432316705,0.0,241434624,240386048
94814532510238,0.0,241434624,240386048
94814632728197,0.0,241434624,240386048
94814732933564,0.0,241434624,240386048
94814833121616,0.0,241434624,240386048
94814933329798,0.0,241434624,240386048
94815033505627,9.982425839773462,241434624,240386048
94815133694290,0.0,241434624,240386048
94815233918601,0.0,241434624,240386048
94815334088412,0.0,241434624,240386048
94815434295983,0.0,241434624,240386048
94815534525239,0.0,241434624,240386048
94815634753922,0.0,241434624,240386048
94815734950085,0.0,241434624,240386048
94815835177916,0.0,241434624,240386048
94815935386746,0.0,241434624,240386048
94816035599244,0.0,241434624,240386048
94816135788277,0.0,241434624,240386048
94816235992182,9.979656568738745,241434624,240386048
94816336223290,0.0,241434624,240386048
94816436428158,0.0,241434624,240386048
94816536626285,0.0,241434624,240386048
94816636844801,0.0,241434624,240386048
94816737058392,0.0,241434624,240386048
94816837274593,0.0,241434624,240386048
94816937485313,0.0,241434624,240386048
94817037735700,0.0,241434624,240386048
94817137993328,0.0,241434624,240386048
94817238219363,0.0,241434624,240386048
94817338447009,0.0,241434624,240386048
94817438688396,0.0,241451008,240386048
94817538915339,9.977388442919699,241451008,240386048
94817639155134,0.0,241451008,240386048
94817739400281,0.0,241451008,240386048
94817839648836,0.0,241451008,240386048
94817939885668,0.0,241451008,240386048
94818040134870,0.0,241451008,240386048
94818140527630,0.0,241451008,240386048
94818240774388,9.975250406178224,241451008,240386048
94818341136314,0.0,241451008,240386048
94818441363646,0.0,241451008,240386048
94818541600923,0.0,241451008,240386048
94818641829589,0.0,241467392,240386048
94818742081903,0.0,241467392,240386048
94818842327051,0.0,241467392,240386048
94818942553291,0.0,241467392,240386048
94819042788401,0.0,241467392,240386048
94819143014993,9.977421593207657,241467392,240386048
94819243255900,0.0,241467392,240386048
94819343506603,0.0,241467392,240386048
94819443731991,0.0,241467392,240386048
94819543964880,0.0,241467392,240386048
94819644224566,0.0,241467392,240386048
94819744451325,0.0,241467392,240386048
94819844718362,0.0,241467392,240386048
94819944946529,0.0,241467392,240386048
94820045205547,0.0,241467392,240386048
94820145438436,0.0,241467392,240386048
94820245686233,0.0,241467392,240386048
94820345929640,0.0,241467392,240386048
94820446219733,0.0,241467392,240386048
94820546452512,0.0,241467392,240386048
94820646694772,0.0,241467392,240386048
94820746931087,0.0,241467392,240386048
94820847165402,0.0,241467392,240386048
94820947392662,0.0,241467392,240386048
94821047627459,0.0,241467392,240386048
94821147871867,0.0,241467392,240386048
94821248135776,0.0,241467392,240386048
94821348388258,9.974817176944818,241467392,240386048
94821448656666,0.0,241467392,240386048
94821548883112,0.0,241467392,240386048
94821649115706,0.0,241467392,240386048
94821749347929,0.0,241467392,240386048
94821849575708,0.0,241467392,240386048
94821949796190,0.0,241467392,240386048
94822050042525,0.0,241467392,240386048
94822150280378,0.0,241467392,240386048
94822250523806,0.0,241467392,240386048
94822350757585,0.0,241467392,240386048
94822451031846,0.0,241467392,240386048
94822551403405,9.96331070697754,241467392,240386048
94822651648999,0.0,241467392,240386048
94822751882445,0.0,241467392,240386048
94822852148985,0.0,241467392,240386048
94822952354042,0.0,241467392,240386048
94823052576747,0.0,241467392,240386048
94823152811694,0.0,241467392,240386048
94823253047936,0.0,241467392,240386048
94823353295697,0.0,241467392,240386048
94823453556477,0.0,241467392,240386048
94823553790776,0.0,241467392,240386048
94823654048464,0.0,241467392,240386048
94823754260466,9.97876538655728,241467392,240386048
94823854519580,0.0,241467392,240386048
94823954749657,0.0,241467392,240386048
94824054985456,0.0,241467392,240386048
94824155191125,0.0,241467392,240386048
94824255397553,0.0,241467392,240386048
94824355601592,0.0,241467392,240386048
94824455822391,0.0,241467392,240386048
94824556101746,0.0,241467392,240386048
94824656318267,0.0,241467392,240386048
94824756543715,0.0,241467392,240386048
94824856819163,0.0,241467392,240386048
94824957049203,9.97692526732604,241467392,240386048
94825057310244,0.0,241467392,240386048
94825157529043,0.0,241467392,240386048
94825257749138,0.0,241467392,240386048
94825358127014,0.0,241467392,240386048
94825458334442,0.0,241467392,240386048
94825558546094,0.0,241467392,240386048
94825658770672,0.0,241467392,240386048
94825758977527,0.0,241467392,240386048
94825859190123,0.0,241467392,240386048
94825959405942,0.0,241467392,240386048
94826059598149,0.0,241467392,240386048
94826159813189,0.0,241467392,240386048
94826260039415,0.0,241467392,240386048
94826360236826,9.980229564533841,241467392,240386048
94826460473385,0.0,241467392,240386048
94826560669648,0.0,241467392,240386048
94826660884616,0.0,241467392,240386048
94826761103120,0.0,241467392,240386048
94826861308809,0.0,241467392,240386048
94826961534313,0.0,241467392,240386048
94827061765892,0.0,241467392,240386048
94827161975303,0.0,241467392,240386048
94827262201752,0.0,241467392,240386048
94827362398163,0.0,241467392,240386048
94827462623742,0.0,241467392,240386048
94827562830691,0.0,241467392,240386048
94827663029381,0.0,241467392,240386048
94827763245589,9.978447950140012,241467392,240386048
94827863474372,0.0,241467392,240386048
94827963671414,0.0,241467392,240386048
94828063881937,0.0,241467392,240386048
94828164120072,9.976355538821856,241467392,240386048
94828264330521,0.0,241467392,240386048
94828364549396,0.0,241467392,240386048
94828464728604,0.0,241467392,240386048
94828564942276,0.0,241467392,240386048
94828665195745,0.0,241467392,240386048
94828765405436,0.0,241467392,240386048
94828865636497,0.0,241467392,240386048
94828965848484,0.0,241467392,240386048
94829066038656,0.0,241467392,240386048
94829166256809,0.0,241467392,240386048
94829266489574,0.0,241467392,240386048
94829366695691,0.0,241467392,240386048
94829466923715,0.0,241467392,240386048
94829567138388,0.0,241467392,240386048
94829667350727,9.978702256140515,241467392,240386048
94829767578381,0.0,241467392,240386048
94829867805165,0.0,241467392,240386048
94829968017597,0.0,241467392,240386048
94830068250529,0.0,241467392,240386048
94830168459054,0.0,241467392,240386048
94830268705746,0.0,241483776,240386048
94830368921474,0.0,241483776,240386048
94830469144999,0.0,241483776,240386048
94830569404561,0.0,241483776,240386048
94830669635531,0.0,241483776,240386048
94830769856519,0.0,241483776,240386048
94830870077637,0.0,241483776,240386048
94830970277459,0.0,241483776,240386048
94831070454169,9.982247571417076,241483776,240386048
94831170661879,0.0,241483776,240386048
94831270859367,0.0,241483776,240386048
94831371068651,0.0,241500160,240386048
94831471291010,0.0,241500160,240386048
94831571492239,0.0,241500160,240386048
94831671710747,0.0,241500160,240386048
94831771930050,0.0,241500160,240386048
94831872146280,0.0,241500160,240386048
94831972356787,0.0,241500160,240386048
94832072576887,0.0,241500160,240386048
94832172765579,0.0,241500160,240386048
94832272985013,0.0,241500160,240386048
94832373195094,0.0,241500160,240386048
94832473438880,0.0,241500160,240386048
94832573637924,0.0,241500160,240386048
94832673833284,0.0,241500160,240386048
94832774050551,0.0,241500160,240386048
94832874238911,0.0,241500160,240386048
94832974423103,0.0,241500160,240386048
94833074636278,0.0,241500160,240386048
94833174826434,9.98092276253338,241500160,240386048
94833275057831,0.0,241500160,240386048
94833375258746,0.0,241500160,240386048
94833475453809,0.0,241500160,240386048
94833575657170,0.0,241500160,240386048
94833675835900,0.0,241500160,240386048
94833776008167,0.0,241500160,240386048
94833876217306,0.0,241500160,240386048
94833976408888,0.0,241500160,240386048
94834076616396,0.0,241500160,240386048
94834176819905,0.0,241500160,240386048
94834277029802,0.0,241500160,240386048
94834377282645,0.0,241500160,240386048
94834477482764,9.97998185213306,241500160,240386048
94834577716237,0.0,241500160,240386048
94834677921320,0.0,241500160,240386048
94834778134218,0.0,241500160,240386048
94834878329893,0.0,241500160,240386048
94834978537051,0.0,241500160,240386048
94835078752375,0.0,241500160,240386048
94835178964347,0.0,241500160,240386048
94835279186615,0.0,241500160,240386048
94835379401532,0.0,241500160,240386048
94835479620338,0.0,241500160,240386048
94835579819217,0.0,241500160,240386048
94835680025727,0.0,241500160,240386048
94835780246237,0.0,241500160,240386048
94835880442080,0.0,241500160,240386048
94835980647460,0.0,241516544,240386048
94836080876544,9.977094188002637,241516544,240386048
94836181106054,0.0,241516544,240386048
94836281614438,0.0,241516544,240386048
94836381924689,0.0,241516544,240386048
94836482134458,0.0,241516544,240386048
94836582335728,0.0,241516544,240386048
94836682528571,0.0,241516544,240386048
94836782736841,0.0,241516544,240386048
94836882944870,0.0,241516544,240386048
94836983138880,0.0,241516544,240386048
94837083332205,0.0,241516544,240386048
94837183535401,0.0,241516544,240386048
94837283754689,0.0,241516544,240386048
94837383996255,9.975942117589002,241516544,240386048
94837484225581,0.0,241516544,240386048
94837584430332,0.0,241516544,240386048
94837684634899,0.0,241516544,240386048
94837784833206,0.0,241516544,240386048
94837885029013,0.0,241516544,240386048
94837985247394,0.0,241516544,240386048
94838085516777,0.0,241516544,240386048
94838185733639,0.0,241516544,240386048
94838285947965,0.0,241516544,240386048
94838386180458,0.0,241516544,240386048
94838486414229,0.0,241516544,240386048
94838586615592,0.0,241516544,240386048
94838686806789,0.0,241516544,240386048
94838787017819,9.978954285568838,241516544,240386048
94838887260312,0.0,241516544,240386048
94838987459435,0.0,241516544,240386048
94839087672854,0.0,241516544,240386048
94839187876828,0.0,241516544,240386048
94839288090988,0.0,241516544,240386048
94839388308500,0.0,241516544,240386048
94839488516882,0.0,241516544,240386048
94839588731968,0.0,241516544,240386048
94839688920110,0.0,241516544,240386048
94839789115640,0.0,241516544,240386048
94839889325560,0.0,241516544,240386048
94839989528572,0.0,241516544,240386048
94840089739362,0.0,241516544,240386048
94840189950671,9.978913758063266,241516544,240386048
94840290148275,0.0,241516544,240386048
94840390359195,0.0,241516544,240386048
94840490590282,0.0,241516544,240386048
94840590991334,0.0,241516544,240386048
94840691218847,0.0,241516544,240386048
94840791490064,0.0,241516544,240386048
94840891702410,0.0,241516544,240386048
94840991914701,0.0,241516544,240386048
94841092122603,0.0,241516544,240386048
94841192332301,0.0,241516544,240386048
94841292530461,0.0,241516544,240386048
94841392740937,0.0,241516544,240386048
94841492955210,9.978622298082186,241516544,240386048
94841593166242,0.0,241516544,240386048
94841693375792,0.0,241516544,240386048
94841793733215,0.0,241516544,240386048
94841893921950,0.0,241516544,240386048
94841994187094,0.0,241516544,240386048
94842094376570,0.0,241516544,240386048
94842194586843,0.0,241516544,240386048
94842294808653,0.0,241516544,240386048
94842395041166,0.0,241516544,240386048
94842495279810,0.0,241516544,240386048
94842595533787,0.0,241516544,240386048
94842695853821,9.968153842233134,241516544,240386048
94842796112836,0.0,241516544,240386048
94842896342202,0.0,241516544,240386048
94842996592365,0.0,241532928,240386048
94843096846750,0.0,241532928,240386048
94843197074042,0.0,241532928,240386048
94843297266574,0.0,241532928,240386048
94843397503829,0.0,241532928,240386048
94843497719769,0.0,241532928,240386048
94843597912339,0.0,241532928,240386048
94843698118558,0.0,241532928,240386048
94843798313239,0.0,241532928,240386048
94843898520328,0.0,241532928,240386048
94843998728601,9.979236203412526,241532928,240386048
94844098965191,0.0,241549312,240386048
94844199308022,0.0,241549312,240386048
94844299518147,0.0,241549312,240386048
94844399720754,0.0,241549312,240386048
94844499922880,0.0,241549312,240386048
94844600140988,0.0,241549312,240386048
94844700332633,0.0,241549312,240386048
94844800535037,0.0,241549312,240386048
94844900761016,0.0,241549312,240386048
94845000965883,0.0,241549312,240386048
94845101281566,0.0,241549312,240386048
94845201494026,9.978815672082284,241549312,240386048
94845301699430,0.0,241549312,240386048
94845401901334,0.0,241549312,240386048
94845502095053,0.0,241549312,240386048
94845602283828,0.0,241549312,240386048
94845702482084,0.0,241549312,240386048
94845802678878,0.0,241549312,240386048
94845902885264,0.0,241549312,240386048
94846003079594,0.0,241549312,240386048
94846103358463,0.0,241549312,240386048
94846203902446,0.0,241549312,240386048
94846304113758,0.0,241549312,240386048
94846404326755,0.0,241549312,240386048
94846504540716,0.0,241549312,240386048
94846604715343,9.982493899802034,241549312,240386048
94846704926748,0.0,241549312,240386048
94846805145487,0.0,241549312,240386048
94846905335263,0.0,241549312,240386048
94847005576928,0.0,241549312,240386048
94847105779018,0.0,241549312,240386048
94847205993016,0.0,241549312,240386048
94847306212237,0.0,241549312,240386048
94847406411994,0.0,241549312,240386048
94847506637048,0.0,241549312,240386048
94847606847657,0.0,241549312,240386048
94847707021193,0.0,241549312,240386048
94847807239858,0.0,241549312,240386048
94847907457357,0.0,241549312,240386048
94848007634799,0.0,241549312,240386048
94848107853872,9.978210681139798,241549312,240386048
94848208051667,0.0,241549312,240386048
94848308268647,0.0,241549312,240386048
94848408506238,0.0,241549312,240386048
94848508711570,0.0,241549312,240386048
94848608925144,0.0,241549312,240386048
94848709152088,0.0,241549312,240386048
94848809355105,0.0,241549312,240386048
94848909575049,0.0,241549312,240386048
94849009795641,0.0,241549312,240386048
94849110052344,0.0,241549312,240386048
94849210291307,0.0,241549312,240386048
94849310461805,0.0,241549312,240386048
94849410674212,9.978795161068398,241549312,240386048
94849510889489,0.0,241549312,240386048
94849611071396,0.0,241549312,240386048
94849711282489,0.0,241549312,240386048
94849811493359,0.0,241549312,240386048
94849911662451,0.0,241549312,240386048
94850011877839,0.0,241549312,240386048
94850112092765,0.0,241549312,240386048
94850212302413,0.0,241549312,240386048
94850312525857,0.0,241549312,240386048
94850412732024,0.0,241549312,240386048
94850512951283,0.0,241549312,240386048
94850613167062,0.0,241549312,240386048
94850713342154,0.0,241549312,240386048
94850813575081,9.97663243308644,241549312,240386048
94850913892286,0.0,241549312,240386048
94851014506032,0.0,241549312,240386048
94851114729051,0.0,241549312,240386048
94851214921421,0.0,241549312,240386048
94851315142922,0.0,241549312,240386048
94851415362589,0.0,241549312,240386048
94851515552479,0.0,241549312,240386048
94851615754702,0.0,241549312,240386048
94851715973481,0.0,241549312,240386048
94851816179019,0.0,241549312,240386048
94851916396742,0.0,241549312,240386048
94852016607984,0.0,241549312,240386048
94852116868559,9.974266193788406,241549312,240386048
94852217086968,0.0,241549312,240386048
94852317301246,0.0,241549312,240386048
94852417523599,0.0,241549312,240386048
94852517745619,0.0,241549312,240386048
94852617937658,0.0,241549312,240386048
94852718154808,9.978313632178699,241549312,240386048
94852818370606,0.0,241549312,240386048
94852918577422,0.0,241549312,240386048
94853018797424,0.0,241549312,240386048
94853119006110,0.0,241549312,240386048
94853219233631,0.0,241549312,240386048
94853319491059,0.0,241549312,240386048
94853419671079,0.0,241549312,240386048
94853519881821,0.0,241549312,240386048
94853620108138,0.0,241549312,240386048
94853720324548,0.0,241549312,240386048
94853820575754,0.0,241549312,240386048
94853920814498,0.0,241549312,240386048
94854021020759,0.0,241549312,240386048
94854121236465,0.0,241549312,240386048
94854221441615,9.979419940776568,241549312,240386048
94854321683025,0.0,241549312,240386048
94854421901157,0.0,241549312,240386048
94854522113493,0.0,241549312,240386048
94854622321385,0.0,241549312,240386048
94854722548462,0.0,241549312,240386048
94854822761279,0.0,241549312,240386048
94854922972542,0.0,241549312,240386048
94855023154248,0.0,241549312,240386048
94855123370991,0.0,241549312,240386048
94855223580327,0.0,241549312,240386048
94855323771089,0.0,241549312,240386048
94855423973962,0.0,241549312,240386048
94855524204281,0.0,241549312,240386048
94855624401173,0.0,241549312,240386048
94855724622306,9.977887503791024,241549312,240386048
94855824873236,0.0,241565696,240386048
94855925083220,0.0,241565696,240386048
94856025300168,0.0,241565696,240386048
94856125496875,0.0,241565696,240386048
94856225707545,0.0,241565696,240386048
94856325941734,0.0,241565696,240386048
94856426150089,0.0,241565696,240386048
94856526365241,0.0,241565696,240386048
94856626582005,0.0,241565696,240386048
94856726792231,0.0,241565696,240386048
94856826987068,0.0,241582080,240386048
94856927224924,0.0,241582080,240386048
94857027422187,0.0,241582080,240386048
94857127643599,9.977874562006999,241582080,240386048
94857227848177,0.0,241582080,240386048
94857328068921,0.0,241582080,240386048
94857428281537,0.0,241582080,240386048
94857528464911,0.0,241582080,240386048
94857628673823,0.0,241582080,240386048
94857728896105,0.0,241582080,240386048
94857829104684,0.0,241582080,240386048
94857929324670,0.0,241582080,240386048
94858029535990,0.0,241582080,240386048
94858129740161,0.0,241582080,240386048
94858229953239,0.0,241582080,240386048
94858330166855,0.0,241582080,240386048
94858430386378,0.0,241582080,240386048
94858530609958,0.0,241582080,240386048
94858630820092,0.0,241582080,240386048
94858731014134,0.0,241582080,240386048
94858831234843,0.0,241582080,240386048
94858931435719,0.0,241582080,240386048
94859031656669,0.0,241582080,240386048
94859131866211,0.0,241582080,240386048
94859232076049,9.979050878802468,241582080,240386048
94859332290369,0.0,241582080,240386048
94859432482096,0.0,241582080,240386048
94859532696269,0.0,241582080,240386048
94859632919015,0.0,241582080,240386048
94859733115225,0.0,241582080,240386048
94859833321860,0.0,241582080,240386048
94859933542588,0.0,241582080,240386048
94860033737890,0.0,241582080,240386048
94860133967285,0.0,241582080,240386048
94860234311885,0.0,241582080,240386048
94860334528372,0.0,241582080,240386048
94860434753711,0.0,241582080,240386048
94860535009181,0.0,241582080,240386048
94860635255854,9.975398870108354,241582080,240386048
94860735473453,0.0,241582080,240386048
94860835669015,0.0,241582080,240386048
94860935885596,0.0,241582080,240386048
94861036111176,0.0,241582080,240386048
94861136305571,0.0,241582080,240386048
94861236529781,0.0,241582080,240386048
94861336786159,0.0,241582080,240386048
94861437006573,0.0,241582080,240386048
94861537229172,0.0,241598464,240386048
94861637435531,0.0,241598464,240386048
94861737666297,0.0,241598464,240386048
94861837894008,0.0,241598464,240386048
94861938134127,0.0,241598464,240386048
94862038358763,0.0,241598464,240386048
94862138567566,0.0,241598464,240386048
94862238786611,0.0,241598464,240386048
94862339019247,0.0,241598464,240386048
94862439242273,9.977778389946025,241598464,240386048
94862539457355,0.0,241598464,240386048
94862639673844,0.0,241598464,240386048
94862739860795,0.0,241598464,240386048
94862840098877,0.0,241614848,240386048
94862940343607,0.0,241614848,240386048
94863040549337,0.0,241631232,240386048
94863140778437,0.0,241631232,240386048
94863240993223,0.0,241647616,240386048
94863341183286,0.0,241647616,240386048
94863441415330,39.907212542309445,243924992,244056064
94863541691747,0.0,243924992,244056064
94863641926440,0.0,243941376,244056064
94863742210875,0.0,243941376,244056064
94863842415216,0.0,243957760,244056064
94863942615854,0.0,243957760,244056064
94864042805492,19.962162918203873,243974144,244056064
94864143012703,0.0,243974144,244056064
94864243213748,0.0,243974144,244056064
94864343423071,0.0,243974144,244056064
94864443620098,0.0,243974144,244056064
94864543831199,0.0,243974144,244056064
94864644945885,19.779502262918303,243990528,244056064
94864745363322,0.0,243990528,244056064
94864845578164,9.97858764737941,243990528,244056064
94864945785191,0.0,243990528,244056064
94865046002607,0.0,243990528,244056064
94865146206616,0.0,243990528,244056064
94865248174682,0.0,243990528,244056064
94865351501283,19.356079183975925,243990528,244056064
94865451712958,0.0,243990528,244056064
94865551925116,9.978718486412154,243990528,244056064
94865652208163,0.0,243990528,244056064
94865752507618,0.0,243990528,244056064
94865852770646,0.0,244006912,244056064
94865952994711,19.955213317673213,244023296,244056064
94866053255888,0.0,244023296,244056064
94866153528453,0.0,244023296,244056064
94866253785871,0.0,244023296,244056064
94866354085122,0.0,244023296,244056064
94866454296112,0.0,244023296,244056064
94866554490085,19.961398647327925,244039680,244056064
94866654705113,0.0,244039680,244056064
94866754908864,0.0,244039680,244056064
94866855076077,0.0,244039680,244056064
94866955233383,0.0,244039680,244056064
94867055414836,0.0,244039680,244056064
94867155591624,19.964730705801355,244039680,244056064
94867255790708,0.0,244039680,244056064
94867355992032,0.0,244039680,244056064
94867456150430,0.0,244039680,244056064
94867556311570,9.983902752857222,244039680,244056064
94867656484932,0.0,244039680,244056064
94867756639923,9.98449527799446,244039680,244056064
94867856836304,9.980369111634554,244039680,244056064
94867957034592,0.0,244039680,244056064
94868057218620,0.0,244039680,244056064
94868157376352,0.0,244039680,244056064
94868257551807,0.0,244039680,244056064
94868357716020,19.967259087299873,244039680,244056064
94868457897271,0.0,244039680,244056064
94868558088356,0.0,244039680,244056064
94868658267070,0.0,244039680,244056064
94868758430766,0.0,244039680,244056064
94868858613499,0.0,244039680,244056064
94868959888263,9.874120953747578,244039680,244056064
94869063240256,9.675540427155743,244039680,244056064
94869163457563,0.0,244039680,244056064
94869263658815,0.0,244039680,244056064
94869363854344,0.0,244039680,244056064
94869464074337,0.0,244039680,244056064
94869564286200,9.978801233943209,244039680,244056064
94869664508675,19.95559281859778,244039680,244056064
94869764758668,0.0,244039680,244056064
94869864968180,0.0,244039680,244056064
94869965107506,0.0,244039680,244056064
94870065250961,0.0,244039680,244056064
94870165465158,0.0,244039680,244056064
94870265636428,19.96574915488279,244039680,244056064
94870365834551,0.0,244039680,244056064
94870466002210,0.0,244039680,244056064
94870566141147,0.0,244039680,244056064
94870666260233,0.0,244056064,244056064
94870766401577,0.0,244056064,244056064
94870866538681,19.972457981727082,244056064,244056064
94870966737045,0.0,244056064,244056064
94871066912020,0.0,244056064,244056064
94871167044124,0.0,244056064,244056064
94871267179172,0.0,244056064,244056064
94871367330276,0.0,244056064,244056064
94871467473213,29.956997033667523,244072448,244056064
94871567696949,0.0,244072448,244056064
94871667889313,0.0,244072448,244056064
94871768092048,0.0,244072448,244056064
94871868285246,0.0,244072448,244056064
94871968469906,0.0,244072448,244056064
94872069465095,29.703993173133803,244072448,244056064
94872170042853,0.0,244072448,244056064
94872270232217,0.0,244072448,244056064
94872370418229,9.981317071297381,244072448,244056064
94872470620187,0.0,244088832,244056064
94872570815478,0.0,244088832,244056064
94872674903518,19.214315308955978,244088832,244056064
94872786580240,8.95443832252673,244088832,244056064
94872886790439,0.0,244088832,244056064
94872987003304,0.0,244088832,244056064
94873087192910,0.0,244088832,244056064
94873187382553,0.0,244088832,244056064
94873304315207,25.655598239614182,244105216,244056064
94873404895688,0.0,244105216,244056064
94873505094479,0.0,244105216,244056064
94873605291252,0.0,244105216,244056064
94873705457284,0.0,244105216,244056064
94873805663724,0.0,244105216,244056064
94873921893315,25.81069078163768,244121600,244056064
94874022332128,0.0,244121600,244056064
94874122543772,0.0,244121600,244056064
94874222756082,9.978778929097873,244121600,244056064
94874323000930,0.0,244121600,244056064
94874423230740,0.0,244121600,244056064
94874540657272,25.547808457580352,244137984,244056064
94874641242384,0.0,244137984,244056064
94874741442917,0.0,244137984,244056064
94874841656672,0.0,244137984,244056064
94874941853871,0.0,244137984,244056064
94875042060515,0.0,244137984,244056064
94875156123175,26.301196459939945,244137984,244056064
94875259300039,0.0,244137984,244056064
94875359504609,0.0,244137984,244056064
94875459717161,0.0,244137984,244056064
94875559914935,0.0,244137984,244056064
94875660132098,0.0,244137984,244056064
94875775620701,34.63510801097619,244137984,244056064
94875876211276,0.0,244137984,244056064
94875976411994,0.0,244137984,244056064
94876076621583,0.0,244137984,244056064
94876176814858,0.0,244137984,244056064
94876277050577,0.0,244137984,244056064
94876377222313,29.948262577423225,244137984,244056064
94876495032870,0.0,244137984,244056064
94876595256830,9.977646678823119,244137984,244056064
94876695474216,0.0,244137984,244056064
94876795681509,0.0,244137984,244056064
94876895878488,0.0,244137984,244056064
94877012966999,25.621371201182647,244154368,244056064
94877113437684,0.0,244154368,244056064
94877213650941,0.0,244154368,244056064
94877313862938,0.0,244154368,244056064
94877414063472,0.0,244154368,244056064
94877514268858,0.0,244154368,244056064
94877616014689,29.485141080988583,244154368,244056064
94877730394076,0.0,244154368,244056064
94877830601092,0.0,244154368,244056064
94877930809478,0.0,244154368,244056064
94878031006865,0.0,244154368,244056064
94878131205955,0.0,244154368,244056064
94878248103502,25.663315436513283,244154368,244056064
94878348535706,0.0,244154368,244056064
94878448733296,0.0,244154368,244056064
94878548939924,0.0,244154368,244056064
94878649145125,0.0,244170752,244056064
94878749339494,0.0,244187136,244056064
94878866713158,25.559505237274767,244187136,244056064
94878967257493,0.0,244187136,244056064
94879067456602,0.0,244187136,244056064
94879167661008,9.979619521012294,244187136,244056064
94879267853469,0.0,244187136,244056064
94879368047671,0.0,244187136,244056064
94879484136320,25.842142668437603,244187136,244056064
94879584562636,0.0,244187136,244056064
94879684759672,0.0,244187136,244056064
94879784965374,0.0,244187136,244056064
94879885171891,0.0,244187136,244056064
94879985371205,0.0,244187136,244056064
94880102035046,25.71487568615186,244187136,244056064
94880202450066,0.0,244187136,244056064
94880302669009,0.0,244187136,244056064
94880402878249,0.0,244187136,244056064
94880503120971,0.0,244187136,244056064
94880603319359,0.0,244187136,244056064
94880718923262,25.950460482229694,244187136,244056064
94880819457636,0.0,244187136,244056064
94880919663802,0.0,244187136,244056064
94881019867653,0.0,244187136,244056064
94881120060597,0.0,244203520,244056064
94881220264615,9.979643523815515,244203520,244056064
94881338643199,16.894826083568603,244219904,244056064
94881439078534,9.956644190943079,244219904,244056064
94881539289201,0.0,244219904,244056064
94881639501294,0.0,244219904,244056064
94881739693960,0.0,244219904,244056064
94881839903090,0.0,244219904,244056064
94881955192009,26.021360066922504,244219904,244056064
94882055621956,0.0,244219904,244056064
94882155824659,0.0,244219904,244056064
94882256030011,0.0,244219904,244056064
94882356201473,0.0,244219904,244056064
94882456396621,0.0,244219904,244056064
94882573294004,25.663184593557368,244236288,244056064
94882673735304,0.0,244236288,244056064
94882773955027,0.0,244236288,244056064
94882874170694,0.0,244236288,244056064
94882974335472,9.983493989659866,244236288,244056064
94883074533231,0.0,244236288,244056064
94883192335348,25.466247518951054,244236288,244056064
94883292885185,0.0,244236288,244056064
94883393098501,0.0,244236288,244056064
94883493303705,0.0,244236288,244056064
94883593462446,0.0,244236288,244056064
94883693656744,0.0,244236288,244056064
94883810372310,25.703324568818797,244236288,244056064
94883910791888,0.0,244236288,244056064
94884011008334,0.0,244236288,244056064
94884111217094,0.0,244236288,244056064
94884211376631,0.0,244236288,244056064
94884311569966,0.0,244236288,244056064
94884427522320,25.872518340026705,244236288,244056064
94884527932824,0.0,244236288,244056064
94884628153677,0.0,244236288,244056064
94884728356327,0.0,244236288,244056064
94884828536125,9.98201191529015,244236288,244056064
94884928727052,0.0,244236288,244056064
94885046838210,25.399570808716454,244236288,244056064
94885147411179,0.0,244236288,244056064
94885247661514,0.0,244236288,244056064
94885347862868,0.0,244236288,244056064
94885448017184,0.0,244236288,244056064
94885548214260,0.0,244252672,244056064
94885652011953,28.902366169217302,244252672,244056064
94885763440440,0.0,244252672,244056064
94885863678479,9.97628576947645,244252672,244056064
94885963885685,0.0,244252672,244056064
94886064080261,0.0,244252672,244056064
94886164280411,0.0,244252672,244056064
94886281019906,17.132029405277823,244252672,244056064
94886381430225,0.0,244252672,244056064
94886481632487,9.979820204921042,244252672,244056064
94886581841471,0.0,244252672,244056064
94886682005806,0.0,244252672,244056064
94886782199920,0.0,244252672,244056064
94886899292938,25.620697042236834,244269056,244056064
94886999831519,9.9464176533328,244269056,244056064
94887100016299,0.0,244269056,244056064
94887200216857,0.0,244269056,244056064
94887300399285,0.0,244269056,244056064
94887400586492,0.0,244285440,244056064
94887517777215,25.599348590261656,244301824,244056064
94887618201369,0.0,244301824,244056064
94887718409594,0.0,244301824,244056064
94887818621320,0.0,244301824,244056064
94887918814434,0.0,244301824,244056064
94888019003307,0.0,244301824,244056064
94888134110821,26.06244807550008,244301824,244056064
94888234661365,0.0,244301824,244056064
94888334862109,0.0,244301824,244056064
94888435139539,0.0,244301824,244056064
94888535348913,0.0,244301824,244056064
94888635553139,0.0,244301824,244056064
94888753855302,25.35848679980657,244318208,244056064
94888854323143,0.0,244318208,244056064
94888954541887,0.0,244318208,244056064
94889054762317,0.0,244318208,244056064
94889154970914,9.979148767977994,244318208,244056064
94889255170917,0.0,244318208,244056064
94889370465304,26.020117629595113,244334592,244056064
94889470894718,0.0,244334592,244056064
94889571120686,0.0,244334592,244056064
94889671329968,0.0,244334592,244056064
94889771487009,0.0,244334592,244056064
94889871690124,0.0,244334592,244056064
94889990079400,25.33983955449746,244334592,244056064
94890090516555,0.0,244334592,244056064
94890190745523,0.0,244334592,244056064
94890290995806,0.0,244334592,244056064
94890391184087,0.0,244334592,244056064
94890491427574,0.0,244334592,244056064
94890608449779,25.635981705147213,244334592,244056064
94890709056992,9.939540854233526,244334592,244056064
94890809366980,0.0,244334592,244056064
94890909575059,0.0,244334592,244056064
94891009728026,0.0,244334592,244056064
94891109894586,0.0,244334592,244056064
94891210878323,9.902599124303773,244334592,244056064
94891314105956,9.687271247275033,244334592,244056064
94891414364925,0.0,244334592,244056064
94891514564782,0.0,244334592,244056064
94891614702971,0.0,244334592,244056064
94891714859625,0.0,244334592,244056064
94891814996833,0.0,244334592,244056064
94891915140245,19.971170218107677,244334592,244056064
94892015333306,0.0,244334592,244056064
94892115497070,0.0,244334592,244056064
94892215639705,0.0,244334592,244056064
94892315799432,0.0,244334592,244056064
94892416010734,0.0,244334592,244056064
94892516172443,19.96760336173534,244334592,244056064
94892616371930,0.0,244334592,244056064
94892716537028,0.0,244334592,244056064
94892816687126,0.0,244334592,244056064
94892916825706,0.0,244334592,244056064
94893016973359,0.0,244334592,244056064
94893117115216,19.97148052492506,244334592,244056064
94893217316685,0.0,244334592,244056064
94893317487524,0.0,244334592,244056064
94893417617622,0.0,244334592,244056064
94893517767387,0.0,244334592,244056064
94893617922338,0.0,244334592,244056064
94893718062232,19.971908711174603,244334592,244056064
94893818251016,0.0,244334592,244056064
94893918431875,0.0,244334592,244056064
94894018562306,0.0,244334592,244056064
94894118712646,0.0,244334592,244056064
94894218870837,9.984133912993569,244334592,244056064
94894319066621,9.980489340515861,244334592,244056064
94894419254516,0.0,244334592,244056064
94894519435005,0.0,244334592,244056064
94894619601345,9.983412060611167,244334592,244056064
94894719748258,0.0,244334592,244056064
94894819912413,0.0,244334592,244056064
94894920386312,9.952727233780811,244334592,244056064
94895023688875,9.680234272344427,244334592,244056064
94895123896993,0.0,244334592,244056064
94895224081500,0.0,244334592,244056064
94895324242673,0.0,244334592,244056064
94895424393828,0.0,244334592,244056064
94895524770208,0.0,244334592,244056064
94895626767348,9.804148409857625,244334592,244056064
94895726975652,0.0,244334592,244056064
94895827214679,9.976235410962394,244334592,244056064
94895927410853,0.0,244334592,244056064
94896027611065,0.0,244334592,244056064
94896127795831,0.0,244334592,244056064
94896227973561,29.94648234197156,244334592,244056064
94896328211976,0.0,244334592,244056064
94896428431355,0.0,244334592,244056064
94896528625974,0.0,244334592,244056064
94896628795556,0.0,244334592,244056064
94896728995490,0.0,244334592,244056064
94896829184276,29.943177727925494,244334592,244056064
94896929430247,0.0,244334592,244056064
94897029641922,0.0,244334592,244056064
94897129822430,0.0,244334592,244056064
94897229975864,0.0,244334592,244056064
94897330194872,0.0,244334592,244056064
94897430397140,29.939464497500918,244334592,244056064
94897530618538,0.0,244334592,244056064
94897630816454,0.0,244334592,244056064
94897731015999,9.980118307959167,244334592,244056064
94897831186434,0.0,244334592,244056064
94897931379146,0.0,244334592,244056064
94898031545858,29.949897713324823,244334592,244056064
94898131770275,0.0,244334592,244056064
94898231971765,0.0,244334592,244056064
94898332182385,9.979063425134385,244334592,244056064
94898432347541,0.0,244334592,244056064
94898532532513,0.0,244334592,244056064
94898640882786,18.458469188474254,244334592,244056064
94898741472874,0.0,244334592,244056064
94898841688606,0.0,244334592,244056064
94898941906912,0.0,244334592,244056064
94899042085551,9.982123712885993,244334592,244056064
94899142286727,0.0,244334592,244056064
94899258647632,25.781666171977186,244334592,244056064
94899359235554,0.0,244334592,244056064
94899459448952,0.0,244334592,244056064
94899559666888,0.0,244334592,244056064
94899659864101,0.0,244334592,244056064
94899760057407,0.0,244334592,244056064
94899876098643,25.85275506485988,244334592,244056064
94899976634157,0.0,244334592,244056064
94900076850556,0.0,244334592,244056064
94900177067548,0.0,244334592,244056064
94900277268446,0.0,244334592,244056064
94900377475234,0.0,244334592,244056064
94900494640095,25.604736288701844,244334592,244056064
94900595218776,0.0,244334592,244056064
94900695436953,0.0,244334592,244056064
94900795657797,9.977931110301226,244334592,244056064
94900895872882,0.0,244334592,244056064
94900996096411,0.0,244334592,244056064
94901113839038,25.47926627291044,244334592,244056064
94901214416664,0.0,244334592,244056064
94901314632193,0.0,244334592,244056064
94901414857797,0.0,244334592,244056064
94901515067900,0.0,244334592,244056064
94901615275096,0.0,244334592,244056064
94901731525688,25.80620520584544,244334592,244056064
94901831975646,0.0,244334592,244056064
94901932244399,0.0,244334592,244056064
94902032499373,0.0,244334592,244056064
94902132742533,0.0,244334592,244056064
94902232983433,0.0,244334592,244056064
94902348761297,25.911680676589775,244334592,244056064
94902449299052,9.946559720357092,244334592,244056064
94902549508286,0.0,244334592,244056064
94902649725020,0.0,244334592,244056064
94902749919050,0.0,244334592,244056064
94902850141988,0.0,244334592,244056064
94902966011353,25.890995008894595,244334592,244056064
94903066625721,0.0,244334592,244056064
94903166852603,0.0,244334592,244056064
94903267064708,0.0,244334592,244056064
94903367245385,0.0,244334592,244056064
94903467454823,0.0,244334592,244056064
94903584899041,34.05848038483142,244334592,244056064
94903685317871,0.0,244334592,244056064
94903785520568,0.0,244334592,244056064
94903885734598,0.0,244334592,244056064
94903985904721,0.0,244334592,244056064
94904086110696,0.0,244334592,244056064
94904203629378,25.52781176118633,244334592,244056064
94904304149301,0.0,244334592,244056064
94904404407740,0.0,244334592,244056064
94904504638531,0.0,244334592,244056064
94904604833691,9.980411246856738,244334592,244056064
94904705061889,0.0,244350976,244056064
94904805250142,29.943442230952584,244350976,244056064
94904921938037,0.0,244350976,244056064
94905022178013,0.0,244350976,244056064
94905122411211,0.0,244350976,244056064
94905222629261,0.0,244350976,244056064
94905322848570,0.0,244350976,244056064
94905439350963,25.7500694828126,244367360,244056064
94905539892387,0.0,244367360,244056064
94905640137586,0.0,244367360,244056064
94905740351340,0.0,244367360,244056064
94905840581409,0.0,244367360,244056064
94905940846368,0.0,244367360,244056064
94906057976305,25.612378304440153,244383744,244056064
94906158566582,0.0,244383744,244056064
94906258806133,0.0,244383744,244056064
94906359055369,0.0,244383744,244056064
94906459288827,0.0,244383744,244056064
94906559515322,0.0,244383744,244056064
94906674522495,26.08507748814442,244383744,244056064
94906774972974,0.0,244383744,244056064
94906875201488,0.0,244383744,244056064
94906975441873,0.0,244383744,244056064
94907075655312,0.0,244383744,244056064
94907175881141,0.0,244383744,244056064
94907293320731,25.545068320097513,244400128,244056064
94907393932417,0.0,244400128,244056064
94907494172153,9.976081846051079,244400128,244056064
94907594413872,0.0,244400128,244056064
94907694632590,0.0,244400128,244056064
94907794859123,0.0,244400128,244056064
94907904129375,27.454864843729357,244416512,244056064
94908012672823,0.0,244416512,244056064
94908112920948,0.0,244416512,244056064
94908213159759,0.0,244416512,244056064
94908313378718,0.0,244416512,244056064
94908413608936,0.0,244416512,244056064
94908530066794,25.760367035484883,244432896,244056064
94908630509256,0.0,244432896,244056064
94908730736308,0.0,244432896,244056064
94908830977323,0.0,244432896,244056064
94908931201875,9.977571118459519,244432896,244056064
94909031431427,0.0,244432896,244056064
94909147269925,25.89788149643573,244432896,244056064
94909247863852,0.0,244432896,244056064
94909348107534,0.0,244432896,244056064
94909448332568,0.0,244432896,244056064
94909548530435,9.980145398973491,244432896,244056064
94909648754265,0.0,244432896,244056064
94909765352032,25.729157904022006,244432896,244056064
94909865870737,0.0,244432896,244056064
94909966109419,0.0,244432896,244056064
94910066353342,0.0,244432896,244056064
94910166558413,0.0,244432896,244056064
94910266798151,0.0,244432896,244056064
94910382100921,26.018238280267955,244432896,244056064
94910482709979,0.0,244432896,244056064
94910582937365,0.0,244432896,244056064
94910683169381,0.0,244432896,244056064
94910783374638,9.979451908960465,244432896,244056064
94910883589339,0.0,244432896,244056064
94911000765688,17.068147908648232,244432896,244056064
94911101204040,0.0,244432896,244056064
94911201420167,0.0,244432896,244056064
94911301640702,0.0,244432896,244056064
94911401834902,0.0,244432896,244056064
94911502040326,9.97956613903241,244432896,244056064
94911616114046,17.53243665155704,244432896,244056064
94911719471063,0.0,244432896,244056064
94911819725061,0.0,244432896,244056064
94911919952337,9.977392226712585,244432896,244056064
94912020168409,0.0,244432896,244056064
94912120378907,0.0,244449280,244056064
94912237980280,25.509834014180477,244449280,244056064
94912338373521,0.0,244449280,244056064
94912438601241,0.0,244449280,244056064
94912538825722,0.0,244449280,244056064
94912639004201,0.0,244449280,244056064
94912739206736,9.979724692460604,244449280,244056064
94912855950526,17.131570374636492,244449280,244056064
94912956396620,9.955625387787352,244449280,244056064
94913056593618,0.0,244449280,244056064
94913156833728,0.0,244449280,244056064
94913257029041,0.0,244449280,244056064
94913357237558,0.0,244465664,244056064
94913474484594,17.05790070771161,244498432,244056064
94913574995078,9.949144944363205,244498432,244056064
94913675225763,0.0,244498432,244056064
94913775466929,0.0,244498432,244056064
94913875701502,0.0,244498432,244056064
94913975939520,0.0,244498432,244056064
94914088016013,26.767322269069684,244514816,244056064
94914190965804,0.0,244514816,244056064
94914291201063,0.0,244514816,244056064
94914391502452,0.0,244514816,244056064
94914491716285,0.0,244514816,244056064
94914591924895,0.0,244514816,244056064
94914710231760,25.357526759916723,244531200,244056064
94914810763004,0.0,244531200,244056064
94914911004393,0.0,244531200,244056064
94915011234819,9.97707308582261,244531200,244056064
94915111417336,0.0,244531200,244056064
94915211629280,0.0,244531200,244056064
94915328768946,25.610295912665936,244531200,244056064
94915429234375,0.0,244531200,244056064
94915529482245,0.0,244531200,244056064
94915629696875,0.0,244531200,244056064
94915729879801,0.0,244531200,244056064
94915830102023,0.0,244531200,244056064
94915945620577,25.969924972867428,244531200,244056064
94916046117711,0.0,244531200,244056064
94916146340026,0.0,244531200,244056064
94916246572507,0.0,244531200,244056064
94916346782341,0.0,244531200,244056064
94916447005934,9.977734884732268,244531200,244056064
94916562459710,17.322866672390838,244531200,244056064
94916662890695,0.0,244531200,244056064
94916763118770,9.977168845936538,244531200,244056064
94916863346215,0.0,244531200,244056064
94916963553863,0.0,244531200,244056064
94917063766716,0.0,244531200,244056064
94917180986458,25.592849399166855,244531200,244056064
94917281432387,0.0,244531200,244056064
94917381681481,0.0,244531200,244056064
94917481931001,0.0,244531200,244056064
94917582146761,0.0,244531200,244056064
94917682383781,0.0,244531200,244056064
94917799041406,25.716168505203584,244531200,244056064
94917899614078,0.0,244531200,244056064
94917999871283,0.0,244531200,244056064
94918100128785,0.0,244531200,244056064
94918200351101,9.977814031762035,244531200,244056064
94918300580899,0.0,244531200,244056064
94918417792308,25.594555550635015,244531200,244056064
94918518370888,0.0,244531200,244056064
94918618612242,0.0,244531200,244056064
94918718853799,0.0,244531200,244056064
94918819084431,0.0,244531200,244056064
94918919318970,9.97669135718678,244531200,244056064
94919034399706,17.379036107291668,244531200,244056064
94919134828136,9.957306753718175,244531200,244056064
94919235071194,0.0,244531200,244056064
94919335307547,0.0,244531200,244056064
94919435523679,0.0,244531200,244056064
94919535755792,0.0,244531200,244056064
94919653506154,25.477460345189808,244531200,244056064
94919754117994,0.0,244531200,244056064
94919854348904,0.0,244531200,244056064
94919954572536,0.0,244531200,244056064
94920054765075,0.0,244531200,244056064
94920154980225,0.0,244531200,244056064
94920270646487,25.93644933724839,244547584,244056064
94920371106900,0.0,244547584,244056064
94920471318032,0.0,244547584,244056064
94920571548183,0.0,244547584,244056064
94920671762667,0.0,244547584,244056064
94920771979336,0.0,244547584,244056064
94920890119388,25.393609625632287,244547584,244056064
94920990625432,0.0,244547584,244056064
94921090843249,0.0,244547584,244056064
94921191057678,0.0,244547584,244056064
94921291264495,9.979407093563294,244547584,244056064
94921391480183,0.0,244547584,244056064
94921492442529,9.904791773984408,244547584,244056064
94921597616314,9.50807438459252,244547584,244056064
94921697811817,0.0,244547584,244056064
94921798028598,0.0,244547584,244056064
94921898191693,9.983600738173974,244547584,244056064
94921998400178,0.0,244547584,244056064
94922098528032,0.0,244547584,244056064
94922198703720,19.964772757736064,244547584,244056064
94922298900445,0.0,244547584,244056064
94922399054837,0.0,244547584,244056064
94922499222654,0.0,244547584,244056064
94922599400065,0.0,244547584,244056064
94922699567124,0.0,244547584,244056064
94922799708793,19.971473545405054,244547584,244056064
94922899916167,0.0,244547584,244056064
94923000109134,0.0,244547584,244056064
94923100261211,0.0,244547584,244056064
94923200391417,0.0,244547584,244056064
94923300542383,0.0,244547584,244056064
94923400729683,19.962617600856518,244547584,244056064
94923500934335,0.0,244547584,244056064
94923601103469,0.0,244547584,244056064
94923701255769,0.0,244547584,244056064
94923801398087,0.0,244547584,244056064
94923901552757,0.0,244547584,244056064
94924001685316,19.973371902371383,244547584,244056064
94924101861690,0.0,244547584,244056064
94924202030768,0.0,244547584,244056064
94924302169716,0.0,244547584,244056064
94924402332145,0.0,244547584,244056064
94924502485223,0.0,244547584,244056064
94924602613597,19.974287898050402,244547584,244056064
94924702788009,0.0,244547584,244056064
94924802940773,0.0,244547584,244056064
94924903098203,0.0,244547584,244056064
94925003227873,0.0,244547584,244056064
94925103376822,0.0,244547584,244056064
94925203526418,19.970018411679593,244547584,244056064
94925305636650,0.0,244547584,244056064
94925405836617,0.0,244547584,244056064
94925506019881,0.0,244547584,244056064
94925606169904,0.0,244547584,244056064
94925706322946,0.0,244547584,244056064
94925806440228,0.0,244547584,244056064
94925906596325,19.968729570003184,244547584,244056064
94926006790386,0.0,244547584,244056064
94926106962039,0.0,244547584,244056064
94926207100988,0.0,244547584,244056064
94926307252807,9.984902029684985,244547584,244056064
94926407375626,0.0,244547584,244056064
94926507545168,19.96602700769736,244547584,244056064
94926607791767,9.97547817991483,244547584,244056064
94926707995069,0.0,244547584,244056064
94926808182464,0.0,244547584,244056064
94926908375432,0.0,244547584,244056064
94927008572549,0.0,244547584,244056064
94927108742610,29.948952308928938,244547584,244056064
94927208955523,0.0,244547584,244056064
94927309174084,0.0,244547584,244056064
94927409362275,0.0,244547584,244056064
94927509560633,0.0,244547584,244056064
94927609756047,0.0,244547584,244056064
94927709929441,29.94794418292021,244563968,244056064
94927810139059,0.0,244563968,244056064
94927910354528,0.0,244563968,244056064
94928010568923,0.0,244563968,244056064
94928110755170,0.0,244563968,244056064
94928210948806,9.9807586944541,244563968,244056064
94928311100460,19.96962659609741,244563968,244056064
94928411313633,9.978656053551147,244563968,244056064
94928511523325,0.0,244563968,244056064
94928611736165,0.0,244563968,244056064
94928711918282,0.0,244563968,244056064
94928812169216,0.0,244563968,244056064
94928923954307,26.837214662622593,244563968,244056064
94929024400742,0.0,244563968,244056064
94929124610546,0.0,244563968,244056064
94929224814589,0.0,244563968,244056064
94929324978614,0.0,244563968,244056064
94929425170528,0.0,244563968,244056064
94929541136559,25.869504217920603,244563968,244056064
94929641739682,0.0,244563968,244056064
94929741963746,0.0,244563968,244056064
94929842162179,0.0,244563968,244056064
94929942344093,0.0,244563968,244056064
94930042529211,9.981583280273576,244580352,244056064
94930152082443,18.255706162341028,244580352,244056064
94930259598520,9.300956999400002,244580352,244056064
94930359821861,0.0,244580352,244056064
94930460028664,0.0,244580352,244056064
94930560225246,0.0,244580352,244056064
94930660422272,0.0,244580352,244056064
94930768127667,18.568942137289547,244596736,244056064
94930878037218,9.098356591518504,244596736,244056064
94930978253634,0.0,244596736,244056064
94931078467493,0.0,244596736,244056064
94931178677983,0.0,244596736,244056064
94931278881231,0.0,244596736,244056064
94931395365714,25.754261848382523,244596736,244056064
94931495774354,0.0,244596736,244056064
94931596019455,0.0,244596736,244056064
94931696238038,0.0,244596736,244056064
94931796458954,0.0,244596736,244056064
94931896673036,0.0,244596736,244056064
94932008461981,26.836080819152208,244613120,244056064
94932113963887,0.0,244613120,244056064
94932214130172,0.0,244613120,244056064
94932314294847,0.0,244613120,244056064
94932414468262,0.0,244613120,244056064
94932514636326,9.983271630724177,244613120,244056064
94932632408899,16.981700850208753,244629504,244056064
94932732820114,0.0,244629504,244056064
94932833011567,0.0,244629504,244056064
94932933178613,0.0,244629504,244056064
94933033347269,0.0,244629504,244056064
94933133512574,0.0,244629504,244056064
94933235193379,29.50371215624874,244629504,244056064
94933350485866,8.67356836364532,244629504,244056064
94933450745728,0.0,244629504,244056064
94933550963256,0.0,244629504,244056064
94933651138283,0.0,244629504,244056064
94933751348052,0.0,244629504,244056064
94933867808239,25.759708102040058,244645888,244056064
94933968374068,0.0,244645888,244056064
94934068583818,0.0,244645888,244056064
94934168796531,9.978808902206557,244645888,244056064
94934268975170,0.0,244645888,244056064
94934369216606,0.0,244645888,244056064
94934484778764,25.959838866219645,244645888,244056064
94934585202591,0.0,244645888,244056064
94934685415138,0.0,244645888,244056064
94934785632834,0.0,244645888,244056064
94934885849066,0.0,244645888,244056064
94934986060205,0.0,244645888,244056064
94935103648426,25.51262300801111,244662272,244056064
94935204081698,0.0,244662272,244056064
94935304290634,0.0,244662272,244056064
94935404507069,0.0,244662272,244056064
94935504712950,0.0,244662272,244056064
94935604919590,0.0,244662272,244056064
94935722335253,25.55024170228132,244662272,244056064
94935822852934,0.0,244662272,244056064
94935923068445,0.0,244662272,244056064
94936023283492,9.978559766446228,244662272,244056064
94936123476021,0.0,244662272,244056064
94936223702087,0.0,244662272,244056064
94936338866464,26.049579453661455,244662272,244056064
94936439309200,0.0,244662272,244056064
94936539514710,0.0,244662272,244056064
94936639730907,0.0,244662272,244056064
94936739935714,0.0,244662272,244056064
94936840159706,0.0,244662272,244056064
94936957749595,25.512417977771708,244662272,244056064
94937058150849,0.0,244662272,244056064
94937158373434,0.0,244662272,244056064
94937258597519,0.0,244662272,244056064
94937358815123,0.0,244662272,244056064
94937459025560,0.0,244662272,244056064
94937574248568,26.036504116988738,244662272,244056064
94937674777768,0.0,244662272,244056064
94937774993465,0.0,244662272,244056064
94937875206810,0.0,244662272,244056064
94937975374691,0.0,244662272,244056064
94938075575165,0.0,244662272,244056064
94938193074479,25.531927280803732,244662272,244056064
94938293688255,0.0,244662272,244056064
94938393887988,0.0,244678656,244056064
94938494094556,9.979431990956474,244678656,244056064
94938594271678,0.0,244695040,244056064
94938694440060,0.0,244695040,244056064
94938811880985,25.544516277558046,244711424,244056064
94938912312222,0.0,244711424,244056064
94939012563290,0.0,244711424,244056064
94939112812321,0.0,244711424,244056064
94939213011092,0.0,244711424,244056064
94939313266252,0.0,244711424,244056064
94939430646287,34.07743659375999,244727808,244056064
94939531147137,0.0,244727808,244056064
94939631402520,0.0,244727808,244056064
94939731686700,0.0,244727808,244056064
94939831948102,0.0,244727808,244056064
94939932251782,0.0,244727808,244056064
94940049054552,25.684505779519796,244727808,244056064
94940149634846,0.0,244727808,244056064
94940249886230,0.0,244727808,244056064
94940350148150,0.0,244727808,244056064
94940450338551,0.0,244727808,244056064
94940550593694,0.0,244727808,244056064
94940666257117,25.937472103165927,244727808,244056064
94940766848764,0.0,244727808,244056064
94940867076537,0.0,244727808,244056064
94940967333421,0.0,244727808,244056064
94941067575768,0.0,244727808,244056064
94941167824874,0.0,244727808,244056064
94941285004056,25.601784887773224,244727808,244056064
94941385602295,9.940500735630016,244727808,244056064
94941485821642,0.0,244727808,244056064
94941586034044,0.0,244727808,244056064
94941686274799,0.0,244727808,244056064
94941786500739,0.0,244727808,244056064
94941902260959,25.9156381533364,244727808,244056064
94942002714013,0.0,244727808,244056064
94942102951805,0.0,244727808,244056064
94942203198078,0.0,244727808,244056064
94942303410388,0.0,244727808,244056064
94942403630346,0.0,244727808,244056064
94942520662508,25.633885618406726,244727808,244056064
94942621101525,9.956315966831804,244727808,244056064
94942721312298,0.0,244727808,244056064
94942821528220,0.0,244727808,244056064
94942921760604,0.0,244727808,244056064
94943021977378,0.0,244727808,244056064
94943138245957,25.8022579947932,244727808,244056064
94943238683696,0.0,244727808,244056064
94943338909451,0.0,244727808,244056064
94943439140724,0.0,244727808,244056064
94943539355313,0.0,244727808,244056064
94943639572902,0.0,244727808,244056064
94943755804055,25.810537336892686,244727808,244056064
94943856233295,0.0,244727808,244056064
94943956469347,0.0,244727808,244056064
94944056699806,9.977053175864752,244727808,244056064
94944156901672,0.0,244727808,244056064
94944257113557,0.0,244727808,244056064
94944374754894,25.501244168123467,244727808,244056064
94944475205319,0.0,244727808,244056064
94944575437334,0.0,244727808,244056064
94944675666979,0.0,244727808,244056064
94944775854494,0.0,244727808,244056064
94944876090009,0.0,244727808,244056064
94944994356762,25.366230017921673,244727808,244056064
94945094885318,0.0,244727808,244056064
94945195113463,0.0,244727808,244056064
94945295347867,9.976678913862841,244727808,244056064
94945395563216,0.0,244727808,244056064
94945495783212,0.0,244727808,244056064
94945611017688,26.033653631979366,244727808,244056064
94945711456836,0.0,244727808,244056064
94945811682482,0.0,244727808,244056064
94945911915497,0.0,244727808,244056064
94946012126494,0.0,244727808,244056064
94946112353251,0.0,244727808,244056064
94946229011578,25.715993477532606,244727808,244056064
94946329635931,0.0,244727808,244056064
94946429874410,0.0,244727808,244056064
94946530092908,0.0,244727808,244056064
94946630287275,0.0,244727808,244056064
94946730495458,0.0,244727808,244056064
94946847507049,25.638315431954073,244727808,244056064
94946947983605,0.0,244727808,244056064
94947048205362,9.977856742299476,244727808,244056064
94947148416915,0.0,244727808,244056064
94947248610153,0.0,244727808,244056064
94947348820687,0.0,244727808,244056064
94947465746129,25.6573432722759,244727808,244056064
94947566366706,0.0,244727808,244056064
94947666598167,0.0,244727808,244056064
94947766839443,0.0,244727808,244056064
94947867064923,0.0,244727808,244056064
94947967294588,0.0,244727808,244056064
94948082805828,25.9714486157901,244727808,244056064
94948183369571,0.0,244727808,244056064
94948283576883,0.0,244727808,244056064
94948383796641,0.0,244727808,244056064
94948484010583,9.978610848283028,244727808,244056064
94948584233545,0.0,244727808,244056064
94948701003301,25.691421010360706,244727808,244056064
94948801437765,0.0,244727808,244056064
94948901636171,0.0,244727808,244056064
94949001845280,0.0,244727808,244056064
94949102035778,0.0,244727808,244056064
94949202256888,0.0,244727808,244056064
94949304011850,29.482296475855836,244727808,244056064
94949419530664,0.0,244727808,244056064
94949519772849,0.0,244727808,244056064
94949620022644,0.0,244727808,244056064
94949720255903,0.0,244727808,244056064
94949820498439,0.0,244727808,244056064
94949937334511,25.67695670296642,244727808,244056064
94950037744513,0.0,244727808,244056064
94950137968364,9.977712883091122,244727808,244056064
94950238181492,0.0,244727808,244056064
94950338378991,0.0,244727808,244056064
94950438589360,0.0,244727808,244056064
94950554697961,25.837722703280768,244727808,244056064
94950655277483,0.0,244727808,244056064
94950755491853,9.978592227564238,244727808,244056064
94950855761335,0.0,244727808,244056064
94950955967945,0.0,244727808,244056064
94951056196982,0.0,244727808,244056064
94951172640420,17.17558172941043,244727808,244056064
94951273280943,9.93638458312145,244727808,244056064
94951373520240,0.0,244727808,244056064
94951473772999,0.0,244727808,244056064
94951574008332,0.0,244727808,244056064
94951674237203,0.0,244727808,244056064
94951791742914,25.530553408075658,244727808,244056064
94951892228047,0.0,244727808,244056064
94951992458417,0.0,244727808,244056064
94952092696177,0.0,244727808,244056064
94952192920251,9.977644489848293,244727808,244056064
94952293139584,0.0,244727808,244056064
94952409296334,17.217969845895087,244760576,244056064
94952509882987,0.0,244760576,244056064
94952610101932,0.0,244760576,244056064
94952710319711,0.0,244760576,244056064
94952810502396,9.981624528292102,244760576,244056064
94952910727674,0.0,244760576,244056064
94953024126151,26.45515733186979,244760576,244056064
94953128050252,0.0,244760576,244056064
94953228273141,0.0,244760576,244056064
94953328493901,0.0,244760576,244056064
94953428695939,0.0,244760576,244056064
94953528913773,0.0,244760576,244056064
94953645496751,25.73257267720411,244760576,244056064
94953746081090,0.0,244760576,244056064
94953846307776,0.0,244760576,244056064
94953946550000,9.975841703434345,244760576,244056064
94954046772705,0.0,244760576,244056064
94954147009965,0.0,244760576,244056064
94954264354842,25.565577905705815,244760576,244056064
94954364994293,0.0,244760576,244056064
94954465224572,0.0,244760576,244056064
94954565461129,0.0,244760576,244056064
94954665686334,0.0,244760576,244056064
94954765913132,0.0,244760576,244056064
94954882819449,25.66163017320884,244760576,244056064
94954983286768,0.0,244760576,244056064
94955083529603,0.0,244760576,244056064
94955183786531,0.0,244760576,244056064
94955284026236,0.0,244760576,244056064
94955384268386,9.975847177516266,244760576,244056064
94955500139505,17.260501415709793,244793344,244056064
94955601063386,9.908497600378423,244793344,244056064
94955701277944,0.0,244793344,244056064
94955801505131,0.0,244793344,244056064
94955901745707,0.0,244793344,244056064
94956001992488,0.0,244793344,244056064
94956102250897,29.922621595320066,244793344,244056064
94956216666610,0.0,244793344,244056064
94956316906908,0.0,244793344,244056064
94956417152837,0.0,244793344,244056064
94956517391673,0.0,244793344,244056064
94956617634120,0.0,244793344,244056064
94956735567746,25.437905486437593,244809728,244056064
94956836150253,0.0,244809728,244056064
94956936383163,0.0,244809728,244056064
94957036626981,0.0,244809728,244056064
94957136861039,9.976658111811522,244809728,244056064
94957237099227,0.0,244809728,244056064
94957354177491,25.623820450782315,244809728,244056064
94957454646015,0.0,244809728,244056064
94957554887556,0.0,244809728,244056064
94957655131540,0.0,244809728,244056064
94957755363692,0.0,244809728,244056064
94957855607269,0.0,244809728,244056064
94957971937895,25.78853296239738,244809728,244056064
94958072414845,0.0,244809728,244056064
94958172642182,0.0,244809728,244056064
94958272874278,0.0,244809728,244056064
94958373085706,0.0,244809728,244056064
94958473326302,0.0,244809728,244056064
94958590443846,25.615295403967725,244826112,244056064
94958690973335,9.947397762411855,244826112,244056064
94958791181542,0.0,244826112,244056064
94958891404768,0.0,244826112,244056064
94958991613067,0.0,244826112,244056064
94959091817052,0.0,244826112,244056064
94959208077215,25.803965552454972,244858880,244056064
94959308532351,0.0,244858880,244056064
94959408767614,9.976539966729453,244858880,244056064
94959509006229,0.0,244858880,244056064
94959609233029,0.0,244858880,244056064
94959709454829,0.0,244858880,244056064
94959812065659,19.49099348262306,244858880,244056064
94959925717938,8.798806396153326,244858880,244056064
94960025939553,0.0,244858880,244056064
94960126183021,0.0,244858880,244056064
94960226381228,0.0,244858880,244056064
94960326596695,0.0,244858880,244056064
94960442849747,25.80545757679494,244858880,244056064
94960543460367,0.0,244858880,244056064
94960643695668,0.0,244858880,244056064
94960743924525,0.0,244858880,244056064
94960844160196,0.0,244858880,244056064
94960944381589,0.0,244858880,244056064
94961062319570,25.437034321322628,244858880,244056064
94961162827800,0.0,244858880,244056064
94961263060675,0.0,244858880,244056064
94961363295717,0.0,244858880,244056064
94961463516573,9.977957494024702,244858880,244056064
94961563729485,0.0,244858880,244056064
94961680527471,25.685199352433518,244858880,244056064
94961781164759,0.0,244858880,244056064
94961881387079,0.0,244858880,244056064
94961981604806,0.0,244858880,244056064
94962081793477,0.0,244858880,244056064
94962182005223,0.0,244858880,244056064
94962297188503,26.04520379450971,244858880,244056064
94962397595974,0.0,244858880,244056064
94962497828868,0.0,244858880,244056064
94962598042151,0.0,244858880,244056064
94962698239841,0.0,244858880,244056064
94962798449310,0.0,244858880,244056064
94962915423705,25.64650807622107,244858880,244056064
94963016011586,0.0,244858880,244056064
94963116198054,0.0,244858880,244056064
94963216387077,9.981136947772075,244858880,244056064
94963316575045,0.0,244858880,244056064
94963416749458,0.0,244858880,244056064
94963526845233,18.166031899475193,244891648,244056064
94963633745950,0.0,244891648,244056064
94963733935715,0.0,244891648,244056064
94963834174721,9.976178482165908,244891648,244056064
94963934394505,0.0,244891648,244056064
94964034623066,0.0,244891648,244056064
94964144014333,18.283044752338345,244908032,244056064
94964251877303,9.27099204286786,244908032,244056064
94964352164754,0.0,244908032,244056064
94964452388463,0.0,244908032,244056064
94964552602173,0.0,244908032,244056064
94964652813180,0.0,244908032,244056064
94964760018253,37.31134451409425,244908032,244056064
94964870262753,0.0,244908032,244056064
94964970481944,0.0,244908032,244056064
94965070705025,0.0,244908032,244056064
94965170909476,0.0,244908032,244056064
94965271133926,0.0,244908032,244056064
94965387822357,25.70922871004104,244940800,244056064
94965488308422,0.0,244940800,244056064
94965588549170,0.0,244940800,244056064
94965688778437,0.0,244940800,244056064
94965788986036,0.0,244940800,244056064
94965889209117,0.0,244940800,244056064
94966007503142,25.36044182923334,244940800,244056064
94966107956929,0.0,244940800,244056064
94966208208270,0.0,244940800,244056064
94966308452944,0.0,244940800,244056064
94966408699821,9.975363843580686,244940800,244056064
94966508943532,0.0,244940800,244056064
94966618202521,27.457764899935306,244940800,244056064
94966724017227,9.450497157289306,244940800,244056064
94966824248882,0.0,244940800,244056064
94966924494075,0.0,244940800,244056064
94967024715008,0.0,244940800,244056064
94967124957775,0.0,244940800,244056064
94967242096157,25.610584723581557,244940800,244056064
94967342552908,0.0,244940800,244056064
94967442794434,0.0,244940800,244056064
94967543035849,0.0,244940800,244056064
94967643255987,0.0,244940800,244056064
94967743484791,0.0,244940800,244056064
94967860855769,25.559904840612056,244940800,244056064
94967961465578,0.0,244940800,244056064
94968061695882,9.977018835900804,244940800,244056064
94968161924186,0.0,244940800,244056064
94968262134972,0.0,244940800,244056064
94968362357257,0.0,244940800,244056064
94968479390768,25.633485014837046,244940800,244056064
94968579862798,0.0,244940800,244056064
94968680118640,0.0,244940800,244056064
94968780333037,0.0,244940800,244056064
94968880545397,0.0,244940800,244056064
94968980840203,0.0,244940800,244056064
94969095374498,26.192697581919393,244940800,244056064
94969195807713,0.0,244940800,244056064
94969296030851,0.0,244940800,244056064
94969396256174,0.0,244940800,244056064
94969496461034,0.0,244940800,244056064
94969596684617,0.0,244940800,244056064
94969713513996,25.678350331294546,244940800,244056064
94969814059546,0.0,244940800,244056064
94969914297648,0.0,244940800,244056064
94970014519231,0.0,244940800,244056064
94970114740554,0.0,244940800,244056064
94970214969397,0.0,244940800,244056064
94970320756140,28.358657883953285,244940800,244056064
94970432394900,0.0,244940800,244056064
94970532623799,0.0,244940800,244056064
94970632863364,0.0,244940800,244056064
94970733090355,9.977313584692443,244940800,244056064
94970833324586,0.0,244940800,244056064
94970950910531,25.513422114351783,244940800,244056064
94971051518397,0.0,244940800,244056064
94971151752592,0.0,244940800,244056064
94971251988638,0.0,244940800,244056064
94971352214888,0.0,244940800,244056064
94971452443972,0.0,244940800,244056064
94971567526109,26.06825379805364,244940800,244056064
94971668047863,0.0,244940800,244056064
94971768271206,0.0,244940800,244056064
94971868506512,0.0,244940800,244056064
94971968734615,9.977267494913805,244940800,244056064
94972068962532,0.0,244940800,244056064
94972186254640,25.577135923675225,244940800,244056064
94972286693319,0.0,244940800,244056064
94972386903107,0.0,244940800,244056064
94972487129209,0.0,244940800,244056064
94972587335719,0.0,244940800,244056064
94972687545970,0.0,244940800,244056064
94972804358722,25.6820748164479,244940800,244056064
94972904901847,0.0,244940800,244056064
94973005115079,0.0,244940800,244056064
94973105336830,9.977897958075737,244940800,244056064
94973205550100,0.0,244940800,244056064
94973305784240,0.0,244940800,244056064
94973421587812,17.270571935134537,244940800,244056064
94973522150864,0.0,244940800,244056064
94973622372448,0.0,244940800,244056064
94973722595404,9.977807558790007,244940800,244056064
94973822814433,0.0,244940800,244056064
94973923082333,0.0,244940800,244056064
94974038645514,25.959937930896803,244940800,244056064
94974139092453,0.0,244940800,244056064
94974239357002,0.0,244940800,244056064
94974339619272,0.0,244940800,244056064
94974439859709,0.0,244940800,244056064
94974540104776,0.0,244940800,244056064
94974657308403,25.596537981981967,244940800,244056064
94974757737380,0.0,244940800,244056064
94974857971780,0.0,244940800,244056064
94974958197014,0.0,244940800,244056064
94975058409543,0.0,244940800,244056064
94975158644018,0.0,244940800,244056064
94975275450159,25.683450970251307,244940800,244056064
94975375902840,0.0,244940800,244056064
94975476154018,9.974928515168838,244940800,244056064
94975576427475,0.0,244940800,244056064
94975676650561,0.0,244940800,244056064
94975776884998,0.0,244940800,244056064
94975894138960,17.057019836457016,244940800,244056064
94975994692772,9.9449549723089,244940800,244056064
94976094909765,9.978331056521373,244940800,244056064
94976195127870,0.0,244940800,244056064
94976295316011,0.0,244940800,244056064
94976395511540,0.0,244940800,244056064
94976510399159,26.11232702945525,244940800,244056064
94976610973397,0.0,244940800,244056064
94976711200373,0.0,244940800,244056064
94976811416385,0.0,244940800,244056064
94976911633045,0.0,244940800,244056064
94977011841131,0.0,244940800,244056064
94977130393221,25.305138424728288,244940800,244056064
94977230821161,0.0,244940800,244056064
94977331024284,0.0,244940800,244056064
94977431266500,0.0,244940800,244056064
94977531495291,0.0,244940800,244056064
94977631718026,0.0,244940800,244056064
94977748135608,25.769168224561238,244940800,244056064
94977849183427,0.0,244940800,244056064
94977949437662,0.0,244940800,244056064
94978049681768,0.0,244940800,244056064
94978149900540,0.0,244940800,244056064
94978250133552,0.0,244940800,244056064
94978365198600,26.07221778308463,244940800,244056064
94978465749968,0.0,244940800,244056064
94978565996796,0.0,244940800,244056064
94978666243847,0.0,244940800,244056064
94978766460434,0.0,244940800,244056064
94978866695392,0.0,244940800,244056064
94978983894855,25.59741115367849,244940800,244056064
94979084518965,9.937946764615527,244940800,244056064
94979184754423,0.0,244940800,244056064
94979285002603,0.0,244940800,244056064
94979385238487,0.0,244940800,244056064
94979485477241,0.0,244957184,244056064
94979602838762,25.561968155123253,244957184,244056064
94979703508837,0.0,244957184,244056064
94979803746184,0.0,244957184,244056064
94979903991475,0.0,244957184,244056064
94980004219507,0.0,244957184,244056064
94980104447299,0.0,244957184,244056064
94980220806956,34.37606066302656,244973568,244056064
94980321422122,0.0,244973568,244056064
94980421649710,0.0,244973568,244056064
94980521875205,0.0,244973568,244056064
94980622090775,0.0,244973568,244056064
94980722316752,0.0,244973568,244056064
94980839130471,25.68167908135171,244989952,244056064
94980939741360,0.0,244989952,244056064
94981039979670,0.0,244989952,244056064
94981140226333,0.0,244989952,244056064
94981240443347,9.978288441895893,244989952,244056064
94981340676342,0.0,244989952,244056064
94981446585834,28.326097855377334,244989952,244056064
94981556500227,0.0,244989952,244056064
94981656695778,0.0,244989952,244056064
94981756889552,0.0,244989952,244056064
94981857077066,0.0,244989952,244056064
94981957304673,0.0,244989952,244056064
94982074831956,25.52581476821193,244989952,244056064
94982175273659,0.0,244989952,244056064
94982275500414,0.0,244989952,244056064
94982375727892,0.0,244989952,244056064
94982475946721,0.0,244989952,244056064
94982576192847,0.0,244989952,244056064
94982692365263,25.823550247202416,244989952,244056064
94982792917152,0.0,244989952,244056064
94982893150741,0.0,245104640,244056064
94982902463986,107.3737413288009,245088256,244056064
