timestamp,window_index,reconstruction_error,threshold,predicted_label,inference_time_ms,measured_sampling_rate_hz,status,error,threshold_source,runtime_backend,window_start_timestamp,window_complete_monotonic_ns,decision_monotonic_ns,queue_wait_ms,preprocessing_time_ms,decision_latency_ms,window_formation_time_ms,total_window_pipeline_time_ms,queue_pending_windows,windows_dropped,gap_count,overrun_count,saturated_count,process_cpu_percent_one_core,process_rss_bytes,process_lifetime_peak_rss_bytes,isolation_forest_score,isolation_forest_threshold,isolation_forest_predicted_label,isolation_forest_inference_time_ms,isolation_forest_status,isolation_forest_runtime,rms_score,rms_threshold,rms_predicted_label,rms_inference_time_ms,rms_status,rms_runtime
2026-09-18T18:55:10.995+02:00,1,0.2810167795187084,0.47720259914362284,0,0.218389,207.38814349834269,NORMAL,,PROFILE/P99,ai_edge_litert.Interpreter 2.1.6 num_threads=1,2026-09-18T18:55:10.359+02:00,14163174771555,14163198776748,2.121429,0.909167,24.005193,612.378306,636.383499,0,0,0,0,0,13.491270500414174,242450432,240435200,0.3914046918077177,0.4833547401595273,0,20.52267,NORMAL,scikit-learn IsolationForest.score_samples,0.5435856225318124,1.296361072562011,0,0.189315,NORMAL,NumPy RMS auf standardisiertem 128×3-Fenster
2026-09-18T18:55:11.609+02:00,2,0.28563845255752085,0.47720259914362284,0,0.148148,207.08347078634588,NORMAL,,PROFILE/P99,ai_edge_litert.Interpreter 2.1.6 num_threads=1,2026-09-18T18:55:10.976+02:00,14163793319128,14163812644334,0.365111,0.519019,19.325206,613.279271,632.604477,0,0,0,0,0,55.39278034057752,242581504,240435200,0.390408463009594,0.4833547401595273,0,18.165519,NORMAL,scikit-learn IsolationForest.score_samples,0.5490250988959062,1.296361072562011,0,0.101852,NORMAL,NumPy RMS auf standardisiertem 128×3-Fenster
2026-09-18T18:55:12.233+02:00,3,0.2767362600439585,0.47720259914362284,0,0.297982,208.3512366379225,NORMAL,,PROFILE/P99,ai_edge_litert.Interpreter 2.1.6 num_threads=1,2026-09-18T18:55:11.597+02:00,14164410168902,14164436443727,0.829057,0.954186,26.274825,609.547618,635.822443,0,0,0,0,0,62.520849200404705,242581504,240435200,0.3887007151901446,0.4833547401595273,0,24.044229,NORMAL,scikit-learn IsolationForest.score_samples,0.5491283184915547,1.296361072562011,0,0.115056,NORMAL,NumPy RMS auf standardisiertem 128×3-Fenster
2026-09-18T18:55:12.845+02:00,4,0.28576610853043705,0.47720259914362284,0,0.24126,207.65361010256723,NORMAL,,PROFILE/P99,ai_edge_litert.Interpreter 2.1.6 num_threads=1,2026-09-18T18:55:12.214+02:00,14165028996660,14165048837848,0.811131,0.880445,19.841188,611.595435,631.436623,0,0,0,0,0,60.420456386634605,242581504,240435200,0.3911219826404913,0.4833547401595273,0,17.775241,NORMAL,scikit-learn IsolationForest.score_samples,0.5687201141035321,1.296361072562011,0,0.097815,NORMAL,NumPy RMS auf standardisiertem 128×3-Fenster
2026-09-18T18:55:13.470+02:00,5,0.29450928199849596,0.47720259914362284,0,0.260241,207.65264822496195,NORMAL,,PROFILE/P99,ai_edge_litert.Interpreter 2.1.6 num_threads=1,2026-09-18T18:55:12.832+02:00,14165647320158,14165673335057,3.77156,0.886538,26.014899,611.598268,637.613167,0,0,0,0,0,57.64556093005672,242597888,240435200,0.3920025404168092,0.4833547401595273,0,20.906467,NORMAL,scikit-learn IsolationForest.score_samples,0.5635931234574882,1.296361072562011,0,0.120926,NORMAL,NumPy RMS auf standardisiertem 128×3-Fenster
2026-09-18T18:55:14.080+02:00,6,0.3032394492674939,0.47720259914362284,0,0.196463,208.61986806787556,NORMAL,,PROFILE/P99,ai_edge_litert.Interpreter 2.1.6 num_threads=1,2026-09-18T18:55:13.451+02:00,14166263867395,14166283341879,0.399945,0.500075,19.474484,608.762728,628.237212,0,0,0,0,0,49.18566983564841,242663424,240959488,0.39086895670843347,0.4833547401595273,0,18.301723,NORMAL,scikit-learn IsolationForest.score_samples,0.5552273193763768,1.296361072562011,0,0.0565,NORMAL,NumPy RMS auf standardisiertem 128×3-Fenster
2026-09-18T18:55:14.697+02:00,7,0.2911293366308345,0.47720259914362284,0,0.143556,207.8900708472501,NORMAL,,PROFILE/P99,ai_edge_litert.Interpreter 2.1.6 num_threads=1,2026-09-18T18:55:14.067+02:00,14166882053301,14166901272729,0.581019,0.470853,19.219428,610.899787,630.119215,0,0,0,0,0,55.015510450182795,242761728,240959488,0.3858171848505882,0.4833547401595273,0,17.902982,NORMAL,scikit-learn IsolationForest.score_samples,0.5322743449703048,1.296361072562011,0,0.098759,NORMAL,NumPy RMS auf standardisiertem 128×3-Fenster
2026-09-18T18:55:15.319+02:00,8,0.2984041053123481,0.47720259914362284,0,0.283704,208.14938268219754,NORMAL,,PROFILE/P99,ai_edge_litert.Interpreter 2.1.6 num_threads=1,2026-09-18T18:55:14.686+02:00,14167499968558,14167522890324,0.892242,0.966723,22.921766,610.13873,633.060496,0,0,0,0,0,54.697476382226185,242827264,240959488,0.3946939460754205,0.4833547401595273,0,20.644726,NORMAL,scikit-learn IsolationForest.score_samples,0.566015583340418,1.296361072562011,0,0.099055,NORMAL,NumPy RMS auf standardisiertem 128×3-Fenster
2026-09-18T18:55:15.941+02:00,9,0.2541981465816196,0.47720259914362284,0,0.387889,208.8157302119444,NORMAL,,PROFILE/P99,ai_edge_litert.Interpreter 2.1.6 num_threads=1,2026-09-18T18:55:15.307+02:00,14168118934502,14168144775733,0.905038,1.057038,25.841231,608.191729,634.03296,0,0,0,0,0,56.28109172528515,242860032,240959488,0.386551091040993,0.4833547401595273,0,23.354877,NORMAL,scikit-learn IsolationForest.score_samples,0.5285710760184525,1.296361072562011,0,0.095241,NORMAL,NumPy RMS auf standardisiertem 128×3-Fenster
2026-09-18T18:55:16.552+02:00,10,0.32185967270245897,0.47720259914362284,0,0.232945,208.85262022624516,NORMAL,,PROFILE/P99,ai_edge_litert.Interpreter 2.1.6 num_threads=1,2026-09-18T18:55:15.924+02:00,14168736115425,14168756066872,0.659278,0.856445,19.951447,608.084303,628.03575,0,0,0,0,0,55.6185076178591,242892800,240959488,0.3937603138017468,0.4833547401595273,0,18.044316,NORMAL,scikit-learn IsolationForest.score_samples,0.5634531480836091,1.296361072562011,0,0.128926,NORMAL,NumPy RMS auf standardisiertem 128×3-Fenster
2026-09-18T18:55:17.170+02:00,11,0.31766171736548926,0.47720259914362284,0,0.143555,207.98307802512522,NORMAL,,PROFILE/P99,ai_edge_litert.Interpreter 2.1.6 num_threads=1,2026-09-18T18:55:16.538+02:00,14169352844514,14169373718629,0.411167,0.487408,20.874115,610.626601,631.500716,0,0,0,0,0,51.81492275671775,242892800,240959488,0.3914065039540279,0.4833547401595273,0,19.753818,NORMAL,scikit-learn IsolationForest.score_samples,0.5561605727718513,1.296361072562011,0,0.060408,NORMAL,NumPy RMS auf standardisiertem 128×3-Fenster
2026-09-18T18:55:17.787+02:00,12,0.2847468025532329,0.47720259914362284,0,0.238704,207.67570688121566,NORMAL,,PROFILE/P99,ai_edge_litert.Interpreter 2.1.6 num_threads=1,2026-09-18T18:55:17.156+02:00,14169971087586,14169991268571,0.780205,0.870408,20.180985,611.530361,631.711346,0,0,0,0,0,53.43100374014429,242909184,240959488,0.39025741158606847,0.4833547401595273,0,18.159853,NORMAL,scikit-learn IsolationForest.score_samples,0.5300905483921488,1.296361072562011,0,0.102056,NORMAL,NumPy RMS auf standardisiertem 128×3-Fenster
2026-09-18T18:55:18.407+02:00,13,0.3134470441637838,0.47720259914362284,0,0.277,207.36010724259822,NORMAL,,PROFILE/P99,ai_edge_litert.Interpreter 2.1.6 num_threads=1,2026-09-18T18:55:17.773+02:00,14170589603492,14170611240034,0.616427,0.865278,21.636542,612.461103,634.097645,0,0,0,0,0,50.003896674685784,242925568,240959488,0.39526020900190956,0.4833547401595273,0,19.759743,NORMAL,scikit-learn IsolationForest.score_samples,0.5842290209586072,1.296361072562011,0,0.091648,NORMAL,NumPy RMS auf standardisiertem 128×3-Fenster
2026-09-18T18:55:19.024+02:00,14,0.28532854990209205,0.47720259914362284,0,0.2425,208.93519178630947,NORMAL,,PROFILE/P99,ai_edge_litert.Interpreter 2.1.6 num_threads=1,2026-09-18T18:55:18.396+02:00,14171207454101,14171227542104,0.676075,0.877723,20.088003,607.843987,627.93199,0,0,0,0,0,55.16673956379254,242941952,240959488,0.38399116196207006,0.4833547401595273,0,18.15926,NORMAL,scikit-learn IsolationForest.score_samples,0.5543555812988307,1.296361072562011,0,0.099759,NORMAL,NumPy RMS auf standardisiertem 128×3-Fenster
2026-09-18T18:55:19.654+02:00,15,0.27699048886241123,0.47720259914362284,0,0.298334,207.38919064088705,NORMAL,,PROFILE/P99,ai_edge_litert.Interpreter 2.1.6 num_threads=1,2026-09-18T18:55:19.010+02:00,14171826302878,14171857841764,1.070538,1.247464,31.538886,612.375214,643.9141,0,0,0,0,0,60.285046674655035,242941952,240959488,0.3935269914779163,0.4833547401595273,0,28.738735,NORMAL,scikit-learn IsolationForest.score_samples,0.5459938257988948,1.296361072562011,0,0.136111,NORMAL,NumPy RMS auf standardisiertem 128×3-Fenster
2026-09-18T18:55:20.258+02:00,16,0.32380130268417445,0.47720259914362284,0,0.155315,218.0792615463924,NORMAL,,PROFILE/P99,ai_edge_litert.Interpreter 2.1.6 num_threads=1,2026-09-18T18:55:19.656+02:00,14172442480689,14172461821599,0.399037,0.501001,19.34091,582.357071,601.697981,0,0,0,0,0,61.26355046253186,242991104,240959488,0.39730150388082963,0.4833547401595273,0,18.167871,NORMAL,scikit-learn IsolationForest.score_samples,0.5711336392557248,1.296361072562011,0,0.097092,NORMAL,NumPy RMS auf standardisiertem 128×3-Fenster
2026-09-18T18:55:20.878+02:00,17,0.25769820492578316,0.47720259914362284,0,0.237686,207.5089522793264,NORMAL,,PROFILE/P99,ai_edge_litert.Interpreter 2.1.6 num_threads=1,2026-09-18T18:55:20.245+02:00,14173061296947,14173081601561,0.878594,0.859315,20.304614,612.021788,632.326402,0,0,0,0,0,54.85837879511504,242991104,240959488,0.37692322012978424,0.4833547401595273,0,18.195519,NORMAL,scikit-learn IsolationForest.score_samples,0.5304455877441485,1.296361072562011,0,0.102555,NORMAL,NumPy RMS auf standardisiertem 128×3-Fenster
2026-09-18T18:55:21.497+02:00,18,0.27488681693684186,0.47720259914362284,0,0.281148,207.5485916317202,NORMAL,,PROFILE/P99,ai_edge_litert.Interpreter 2.1.6 num_threads=1,2026-09-18T18:55:20.864+02:00,14173679352260,14173701021765,1.021872,0.87113,21.669505,611.904899,633.574404,0,0,0,0,0,56.5041475432981,243007488,240959488,0.39278572635552483,0.4833547401595273,0,19.357243,NORMAL,scikit-learn IsolationForest.score_samples,0.5373016167299238,1.296361072562011,0,0.107056,NORMAL,NumPy RMS auf standardisiertem 128×3-Fenster
2026-09-18T18:55:22.116+02:00,19,0.30649279682391417,0.47720259914362284,0,0.229463,209.00513260651553,NORMAL,,PROFILE/P99,ai_edge_litert.Interpreter 2.1.6 num_threads=1,2026-09-18T18:55:21.486+02:00,14174297774333,14174319996227,0.886723,0.796779,22.221894,607.64058,629.862474,0,0,0,0,0,56.54103327696839,243007488,240959488,0.39174089039615256,0.4833547401595273,0,20.169892,NORMAL,scikit-learn IsolationForest.score_samples,0.5752197591533396,1.296361072562011,0,0.111759,NORMAL,NumPy RMS auf standardisiertem 128×3-Fenster
2026-09-18T18:55:22.731+02:00,20,0.26651946596886456,0.47720259914362284,0,0.274908,207.44792781367485,NORMAL,,PROFILE/P99,ai_edge_litert.Interpreter 2.1.6 num_threads=1,2026-09-18T18:55:22.098+02:00,14174914227385,14174934504203,0.701093,0.807779,20.276818,612.201825,632.478643,0,0,0,0,0,66.72484302657503,243007488,240959488,0.3832183770906177,0.4833547401595273,0,18.35452,NORMAL,scikit-learn IsolationForest.score_samples,0.535242756852353,1.296361072562011,0,0.105685,NORMAL,NumPy RMS auf standardisiertem 128×3-Fenster
2026-09-18T18:55:23.349+02:00,21,9.098974025510268,0.47720259914362284,1,0.138982,207.28843673299758,ANOMALY,,PROFILE/P99,ai_edge_litert.Interpreter 2.1.6 num_threads=1,2026-09-18T18:55:22.716+02:00,14175532746495,14175552531349,0.597667,0.493723,19.784854,612.672863,632.457717,0,0,0,0,0,56.63154511450724,243007488,240959488,0.4390751887536097,0.4833547401595273,0,18.431335,NORMAL,scikit-learn IsolationForest.score_samples,2.667448076259776,1.296361072562011,1,0.102519,ANOMALY,NumPy RMS auf standardisiertem 128×3-Fenster
2026-09-18T18:55:23.971+02:00,22,16.37181268673453,0.47720259914362284,1,0.385667,207.72960417758563,ANOMALY,,PROFILE/P99,ai_edge_litert.Interpreter 2.1.6 num_threads=1,2026-09-18T18:55:23.336+02:00,14176150806937,14176174976704,1.174483,1.221409,24.169767,611.371694,635.541461,0,0,0,0,0,57.838542993915034,243007488,240959488,0.5634827320326964,0.4833547401595273,1,21.206837,ANOMALY,scikit-learn IsolationForest.score_samples,4.320299420183372,1.296361072562011,1,0.139186,ANOMALY,NumPy RMS auf standardisiertem 128×3-Fenster
2026-09-18T18:55:24.585+02:00,23,8.800474013891645,0.47720259914362284,1,0.25363,207.83665112771305,ANOMALY,,PROFILE/P99,ai_edge_litert.Interpreter 2.1.6 num_threads=1,2026-09-18T18:55:23.953+02:00,14176767467434,14176788853402,0.776908,0.876557,21.385968,611.056805,632.442773,0,0,0,0,0,53.75456864158333,243007488,240959488,0.543710548648694,0.4833547401595273,1,19.348762,ANOMALY,scikit-learn IsolationForest.score_samples,2.9578213992644975,1.296361072562011,1,0.103611,ANOMALY,NumPy RMS auf standardisiertem 128×3-Fenster
2026-09-18T18:55:25.201+02:00,24,7.133234367357507,0.47720259914362284,1,0.244927,207.60572838280177,ANOMALY,,PROFILE/P99,ai_edge_litert.Interpreter 2.1.6 num_threads=1,2026-09-18T18:55:24.570+02:00,14177385257673,14177405160657,0.671982,0.856408,19.902984,611.736492,631.639476,0,0,0,0,0,48.679899065101985,243007488,240959488,0.5341503383849576,0.4833547401595273,1,18.019297,ANOMALY,scikit-learn IsolationForest.score_samples,2.534945704530334,1.296361072562011,1,0.082056,ANOMALY,NumPy RMS auf standardisiertem 128×3-Fenster
2026-09-18T18:55:25.820+02:00,25,5.172473929356012,0.47720259914362284,1,0.287111,207.01675330673686,ANOMALY,,PROFILE/P99,ai_edge_litert.Interpreter 2.1.6 num_threads=1,2026-09-18T18:55:25.188+02:00,14178004808154,14178023832101,0.419001,0.835501,19.023947,613.476919,632.500866,0,0,0,0,0,51.72699938725778,243007488,240959488,0.5248300237479085,0.4833547401595273,1,17.390963,ANOMALY,scikit-learn IsolationForest.score_samples,2.459972747353006,1.296361072562011,1,0.057482,ANOMALY,NumPy RMS auf standardisiertem 128×3-Fenster
2026-09-18T18:55:26.442+02:00,26,5.878603448868165,0.47720259914362284,1,0.237852,207.46337806218173,ANOMALY,,PROFILE/P99,ai_edge_litert.Interpreter 2.1.6 num_threads=1,2026-09-18T18:55:25.806+02:00,14178622388652,14178645383751,0.875742,0.897816,22.995099,612.156233,635.151332,0,0,0,0,0,53.089239435101916,243007488,240959488,0.4549589251940518,0.4833547401595273,0,20.872485,NORMAL,scikit-learn IsolationForest.score_samples,2.1558698276313453,1.296361072562011,1,0.083315,ANOMALY,NumPy RMS auf standardisiertem 128×3-Fenster
2026-09-18T18:55:27.066+02:00,27,0.312233142051691,0.47720259914362284,0,0.259241,207.53897552136777,NORMAL,,PROFILE/P99,ai_edge_litert.Interpreter 2.1.6 num_threads=1,2026-09-18T18:55:26.425+02:00,14179240537113,14179269917478,0.997446,0.927057,29.380365,611.933251,641.313616,0,0,0,0,0,51.236888592273544,243007488,240959488,0.390034596192138,0.4833547401595273,0,27.068178,NORMAL,scikit-learn IsolationForest.score_samples,0.5701930924163977,1.296361072562011,0,0.096075,NORMAL,NumPy RMS auf standardisiertem 128×3-Fenster
2026-09-18T18:55:27.681+02:00,28,0.30643596086847386,0.47720259914362284,0,0.324981,208.90343924920288,NORMAL,,PROFILE/P99,ai_edge_litert.Interpreter 2.1.6 num_threads=1,2026-09-18T18:55:27.046+02:00,14179858131556,14179884927862,0.881667,0.863835,26.796306,607.936377,634.732683,0,0,0,0,0,53.653699900683975,243040256,240959488,0.390734068733453,0.4833547401595273,0,24.583286,NORMAL,scikit-learn IsolationForest.score_samples,0.5638470546088966,1.296361072562011,0,0.106575,NORMAL,NumPy RMS auf standardisiertem 128×3-Fenster
2026-09-18T18:55:28.293+02:00,29,0.29356225771139915,0.47720259914362284,0,0.23513,208.17748707676782,NORMAL,,PROFILE/P99,ai_edge_litert.Interpreter 2.1.6 num_threads=1,2026-09-18T18:55:27.662+02:00,14180475441757,14180496339576,0.853482,0.888464,20.897819,610.05636,630.954179,0,0,0,0,0,55.611923874283214,243056640,240959488,0.3801278012524757,0.4833547401595273,0,18.789187,NORMAL,scikit-learn IsolationForest.score_samples,0.5372052559503643,1.296361072562011,0,0.101241,NORMAL,NumPy RMS auf standardisiertem 128×3-Fenster
2026-09-18T18:55:28.910+02:00,30,0.29257625513905633,0.47720259914362284,0,0.256315,207.3655932149978,NORMAL,,PROFILE/P99,ai_edge_litert.Interpreter 2.1.6 num_threads=1,2026-09-18T18:55:28.278+02:00,14181094007034,14181114226148,0.731982,0.781723,20.219114,612.4449,632.664014,0,0,0,0,0,50.17139811979337,243073024,240959488,0.3882627137114926,0.4833547401595273,0,18.322908,NORMAL,scikit-learn IsolationForest.score_samples,0.5438442632881165,1.296361072562011,0,0.102278,NORMAL,NumPy RMS auf standardisiertem 128×3-Fenster
2026-09-18T18:55:29.529+02:00,31,0.32200248723176045,0.47720259914362284,0,0.241185,208.24336133814654,NORMAL,,PROFILE/P99,ai_edge_litert.Interpreter 2.1.6 num_threads=1,2026-09-18T18:55:28.896+02:00,14181710048549,14181733272981,2.212409,0.906298,23.224432,609.863379,633.087811,0,0,0,0,0,61.38458861618443,243073024,240959488,0.3914858561983548,0.4833547401595273,0,19.730614,NORMAL,scikit-learn IsolationForest.score_samples,0.5609543134647736,1.296361072562011,0,0.100463,NORMAL,NumPy RMS auf standardisiertem 128×3-Fenster
2026-09-18T18:55:30.145+02:00,32,0.25442880654297645,0.47720259914362284,0,0.234815,207.87438005210345,NORMAL,,PROFILE/P99,ai_edge_litert.Interpreter 2.1.6 num_threads=1,2026-09-18T18:55:29.514+02:00,14182328556585,14182348406606,0.616722,0.86402,19.850021,610.945899,630.79592,0,0,0,0,0,53.647469940930364,243073024,240959488,0.3808963325742555,0.4833547401595273,0,18.007945,NORMAL,scikit-learn IsolationForest.score_samples,0.5285232696729337,1.296361072562011,0,0.09924,NORMAL,NumPy RMS auf standardisiertem 128×3-Fenster
2026-09-18T18:55:30.763+02:00,33,0.2987641342816101,0.47720259914362284,0,0.214056,207.38744044220542,NORMAL,,PROFILE/P99,ai_edge_litert.Interpreter 2.1.6 num_threads=1,2026-09-18T18:55:30.131+02:00,14182947047269,14182966500623,0.92276,0.86226,19.453354,612.380382,631.833736,0,0,0,0,0,50.15173910189302,243073024,240959488,0.38559418263253836,0.4833547401595273,0,17.302703,NORMAL,scikit-learn IsolationForest.score_samples,0.5381278038330587,1.296361072562011,0,0.119815,NORMAL,NumPy RMS auf standardisiertem 128×3-Fenster
2026-09-18T18:55:31.383+02:00,34,0.2642689936861628,0.47720259914362284,0,0.280482,207.50981890712873,NORMAL,,PROFILE/P99,ai_edge_litert.Interpreter 2.1.6 num_threads=1,2026-09-18T18:55:30.749+02:00,14183565230415,14183586608716,0.694705,0.917853,21.378301,612.019232,633.397533,0,0,0,0,0,53.219028407430244,243089408,240959488,0.38401690156339174,0.4833547401595273,0,19.346465,NORMAL,scikit-learn IsolationForest.score_samples,0.5561279584912076,1.296361072562011,0,0.107333,NORMAL,NumPy RMS auf standardisiertem 128×3-Fenster
2026-09-18T18:55:31.999+02:00,35,0.28681993402091166,0.47720259914362284,0,0.187093,207.87711501808528,NORMAL,,PROFILE/P99,ai_edge_litert.Interpreter 2.1.6 num_threads=1,2026-09-18T18:55:31.367+02:00,14184182195357,14184203301750,1.109946,1.009019,21.106393,610.937861,632.044254,0,0,0,0,0,50.265926207530065,243089408,240959488,0.3870893414551247,0.4833547401595273,0,18.662242,NORMAL,scikit-learn IsolationForest.score_samples,0.5487202474724666,1.296361072562011,0,0.11076,NORMAL,NumPy RMS auf standardisiertem 128×3-Fenster
2026-09-18T18:55:32.616+02:00,36,0.3203179765134321,0.47720259914362284,0,0.232926,208.42807134538833,NORMAL,,PROFILE/P99,ai_edge_litert.Interpreter 2.1.6 num_threads=1,2026-09-18T18:55:31.987+02:00,14184800262078,14184819796099,0.88989,0.857797,19.534021,609.322915,628.856936,0,0,0,0,0,55.1534602449545,243089408,240959488,0.3890709704010324,0.4833547401595273,0,17.427667,NORMAL,scikit-learn IsolationForest.score_samples,0.5533369027132633,1.296361072562011,0,0.096686,NORMAL,NumPy RMS auf standardisiertem 128×3-Fenster
2026-09-18T18:55:33.237+02:00,37,0.33555070637382006,0.47720259914362284,0,0.234371,207.5429636977026,NORMAL,,PROFILE/P99,ai_edge_litert.Interpreter 2.1.6 num_threads=1,2026-09-18T18:55:32.603+02:00,14185418972781,14185440596045,0.649371,0.882334,21.623264,611.921492,633.544756,0,0,0,0,0,53.15655203791131,243089408,240959488,0.38234287012948437,0.4833547401595273,0,19.721336,NORMAL,scikit-learn IsolationForest.score_samples,0.5514614165812575,1.296361072562011,0,0.103537,NORMAL,NumPy RMS auf standardisiertem 128×3-Fenster
2026-09-18T18:55:33.856+02:00,38,0.2872921849167834,0.47720259914362284,0,0.251038,208.49797080088692,NORMAL,,PROFILE/P99,ai_edge_litert.Interpreter 2.1.6 num_threads=1,2026-09-18T18:55:33.224+02:00,14186036587409,14186059752767,0.763871,0.882908,23.165358,609.118638,632.283996,0,0,0,0,0,62.9887460333307,243089408,240959488,0.3798591269975432,0.4833547401595273,0,21.133504,NORMAL,scikit-learn IsolationForest.score_samples,0.5393413205324192,1.296361072562011,0,0.096444,NORMAL,NumPy RMS auf standardisiertem 128×3-Fenster
2026-09-18T18:55:34.474+02:00,39,0.2761101927477346,0.47720259914362284,0,0.378352,207.74772670741405,NORMAL,,PROFILE/P99,ai_edge_litert.Interpreter 2.1.6 num_threads=1,2026-09-18T18:55:33.839+02:00,14186654178962,14186677805710,0.931446,0.856926,23.626748,611.318362,634.94511,0,0,0,0,0,71.19062531552396,243089408,240959488,0.38126125541691597,0.4833547401595273,0,21.315393,NORMAL,scikit-learn IsolationForest.score_samples,0.5523816817503596,1.296361072562011,0,0.105444,NORMAL,NumPy RMS auf standardisiertem 128×3-Fenster
2026-09-18T18:55:35.124+02:00,40,0.28425444617534446,0.47720259914362284,0,0.485945,203.4490620162017,NORMAL,,PROFILE/P99,ai_edge_litert.Interpreter 2.1.6 num_threads=1,2026-09-18T18:55:34.461+02:00,14187288873553,14187328079725,1.751613,1.306927,39.206172,624.234876,663.441048,0,0,0,0,0,78.42297088899572,243105792,240959488,0.3858543306443044,0.4833547401595273,0,35.403872,NORMAL,scikit-learn IsolationForest.score_samples,0.5393649857067394,1.296361072562011,0,0.204685,NORMAL,NumPy RMS auf standardisiertem 128×3-Fenster
2026-09-18T18:55:35.727+02:00,41,0.29371852903149076,0.47720259914362284,0,0.35137,212.6295457436463,NORMAL,,PROFILE/P99,ai_edge_litert.Interpreter 2.1.6 num_threads=1,2026-09-18T18:55:35.096+02:00,14187897497356,14187930344169,1.001149,1.005575,32.846813,597.282939,630.129752,0,0,0,0,0,83.02785737892465,243122176,240959488,0.38654325478103724,0.4833547401595273,0,30.350458,NORMAL,scikit-learn IsolationForest.score_samples,0.544166365087323,1.296361072562011,0,0.101352,NORMAL,NumPy RMS auf standardisiertem 128×3-Fenster
2026-09-18T18:55:36.332+02:00,42,0.2666810350340499,0.47720259914362284,0,0.236963,209.69455923524558,NORMAL,,PROFILE/P99,ai_edge_litert.Interpreter 2.1.6 num_threads=1,2026-09-18T18:55:35.699+02:00,14188508837514,14188535387098,0.914223,0.834205,26.549584,605.6428,632.192384,0,0,0,0,0,76.02848923017176,243122176,240959488,0.38278144207433173,0.4833547401595273,0,24.439322,NORMAL,scikit-learn IsolationForest.score_samples,0.5190500711555818,1.296361072562011,0,0.095648,NORMAL,NumPy RMS auf standardisiertem 128×3-Fenster
2026-09-18T18:55:37.037+02:00,43,0.27794534372569685,0.47720259914362284,0,0.465593,206.92738665778876,NORMAL,,PROFILE/P99,ai_edge_litert.Interpreter 2.1.6 num_threads=1,2026-09-18T18:55:36.311+02:00,14189128199366,14189240585580,5.334469,1.730705,112.386214,613.741864,726.128078,0,0,0,0,0,66.64442038101718,243122176,240959488,0.38578873305090516,0.4833547401595273,0,104.664112,NORMAL,scikit-learn IsolationForest.score_samples,0.5293439204564138,1.296361072562011,0,0.125981,NORMAL,NumPy RMS auf standardisiertem 128×3-Fenster
2026-09-18T18:55:37.555+02:00,44,0.25839974045730923,0.47720259914362284,0,0.140778,217.1889505699428,NORMAL,,PROFILE/P99,ai_edge_litert.Interpreter 2.1.6 num_threads=1,2026-09-18T18:55:36.954+02:00,14189742628527,14189758598119,0.363001,0.476908,15.969592,584.744296,600.713888,0,0,0,0,0,69.50850597207699,243138560,240959488,0.38337950875698934,0.4833547401595273,0,14.916091,NORMAL,scikit-learn IsolationForest.score_samples,0.5267926061892269,1.296361072562011,0,0.055611,NORMAL,NumPy RMS auf standardisiertem 128×3-Fenster
2026-09-18T18:55:38.173+02:00,45,0.3304954072071224,0.47720259914362284,0,0.141481,207.64385185512376,NORMAL,,PROFILE/P99,ai_edge_litert.Interpreter 2.1.6 num_threads=1,2026-09-18T18:55:37.546+02:00,14190361166304,14190377103025,0.359816,0.471556,15.936721,611.624177,627.560898,0,0,0,0,0,38.80344086469267,243138560,240959488,0.38724494121965086,0.4833547401595273,0,14.890535,NORMAL,scikit-learn IsolationForest.score_samples,0.5577626025093654,1.296361072562011,0,0.055111,NORMAL,NumPy RMS auf standardisiertem 128×3-Fenster
2026-09-18T18:55:38.792+02:00,46,4.946060110102278,0.47720259914362284,1,0.158833,207.48925743566468,ANOMALY,,PROFILE/P99,ai_edge_litert.Interpreter 2.1.6 num_threads=1,2026-09-18T18:55:38.163+02:00,14190979283229,14190995715247,0.372871,0.518352,16.432018,612.079881,628.511899,0,0,0,0,0,40.41330780423353,243138560,240959488,0.4932215029171187,0.4833547401595273,1,15.313053,ANOMALY,scikit-learn IsolationForest.score_samples,2.290261253099901,1.296361072562011,1,0.050481,ANOMALY,NumPy RMS auf standardisiertem 128×3-Fenster
2026-09-18T18:55:39.410+02:00,47,17.523477911393783,0.47720259914362284,1,0.157704,207.6589856447518,ANOMALY,,PROFILE/P99,ai_edge_litert.Interpreter 2.1.6 num_threads=1,2026-09-18T18:55:38.781+02:00,14191596414764,14191613791690,1.414612,0.516945,17.376926,611.579603,628.956529,0,0,0,0,0,35.593787626572,243138560,240959488,0.5764815387239842,0.4833547401595273,1,15.211646,ANOMALY,scikit-learn IsolationForest.score_samples,4.457296487449144,1.296361072562011,1,0.058111,ANOMALY,NumPy RMS auf standardisiertem 128×3-Fenster
2026-09-18T18:55:40.027+02:00,48,1.2742085666729277,0.47720259914362284,1,0.139722,207.4735959014065,ANOMALY,,PROFILE/P99,ai_edge_litert.Interpreter 2.1.6 num_threads=1,2026-09-18T18:55:39.399+02:00,14192215373097,14192231120836,0.329852,0.466223,15.747739,612.126085,627.873824,0,0,0,0,0,35.63772321494407,243138560,240959488,0.43692415495137515,0.4833547401595273,0,14.740719,NORMAL,scikit-learn IsolationForest.score_samples,1.099912103993142,1.296361072562011,0,0.051963,NORMAL,NumPy RMS auf standardisiertem 128×3-Fenster
2026-09-18T18:55:40.646+02:00,49,0.2826891638557561,0.47720259914362284,0,0.158241,207.438339664052,NORMAL,,PROFILE/P99,ai_edge_litert.Interpreter 2.1.6 num_threads=1,2026-09-18T18:55:40.017+02:00,14192832713669,14192849680687,0.426445,0.514797,16.967018,612.230122,629.19714,0,0,0,0,0,33.949696979714986,243138560,240959488,0.38364265225531274,0.4833547401595273,0,15.791572,NORMAL,scikit-learn IsolationForest.score_samples,0.5546332345195777,1.296361072562011,0,0.056333,NORMAL,NumPy RMS auf standardisiertem 128×3-Fenster
2026-09-18T18:55:41.263+02:00,50,0.31162578160694904,0.47720259914362284,0,0.158814,208.24563138256153,NORMAL,,PROFILE/P99,ai_edge_litert.Interpreter 2.1.6 num_threads=1,2026-09-18T18:55:40.636+02:00,14193449870111,14193466330999,0.341537,0.505797,16.460888,609.856731,626.317619,0,0,0,0,0,35.67655758095302,243138560,240959488,0.3877456073597137,0.4833547401595273,0,15.379276,NORMAL,scikit-learn IsolationForest.score_samples,0.5550709191494502,1.296361072562011,0,0.056481,NORMAL,NumPy RMS auf standardisiertem 128×3-Fenster
2026-09-18T18:55:41.881+02:00,51,0.32440151437248943,0.47720259914362284,0,0.145481,207.13719824314126,NORMAL,,PROFILE/P99,ai_edge_litert.Interpreter 2.1.6 num_threads=1,2026-09-18T18:55:41.252+02:00,14194068555074,14194084345553,0.351407,0.477223,15.790479,613.120198,628.910677,0,0,0,0,0,35.59779781536471,243138560,240959488,0.3886227444309966,0.4833547401595273,0,14.742868,NORMAL,scikit-learn IsolationForest.score_samples,0.5776506793692393,1.296361072562011,0,0.055297,NORMAL,NumPy RMS auf standardisiertem 128×3-Fenster
2026-09-18T18:55:42.498+02:00,52,0.2691657265320669,0.47720259914362284,0,0.137445,207.7649088556776,NORMAL,,PROFILE/P99,ai_edge_litert.Interpreter 2.1.6 num_threads=1,2026-09-18T18:55:41.871+02:00,14194685732775,14194701847866,0.340741,0.479056,16.115091,611.267806,627.382897,0,0,0,0,0,35.627466379177505,243138560,240959488,0.38510711665247027,0.4833547401595273,0,15.08459,NORMAL,scikit-learn IsolationForest.score_samples,0.5404912046598093,1.296361072562011,0,0.055722,NORMAL,NumPy RMS auf standardisiertem 128×3-Fenster
2026-09-18T18:55:43.136+02:00,53,0.2904346642555815,0.47720259914362284,0,0.260964,206.4986259004212,NORMAL,,PROFILE/P99,ai_edge_litert.Interpreter 2.1.6 num_threads=1,2026-09-18T18:55:42.487+02:00,14195306080165,14195340039276,0.98452,0.739427,33.959111,615.016199,648.97531,0,0,0,0,0,39.17278098798293,243154944,240959488,0.387270924270091,0.4833547401595273,0,31.86133,NORMAL,scikit-learn IsolationForest.score_samples,0.5438925389307924,1.296361072562011,0,0.085185,NORMAL,NumPy RMS auf standardisiertem 128×3-Fenster
2026-09-18T18:55:43.740+02:00,54,0.2903564643552979,0.47720259914362284,0,0.143204,207.7572931795,NORMAL,,PROFILE/P99,ai_edge_litert.Interpreter 2.1.6 num_threads=1,2026-09-18T18:55:43.107+02:00,14195921657124,14195944082963,0.345556,0.480112,22.425839,611.290213,633.716052,0,0,0,0,0,38.07534570573354,243154944,240959488,0.3874687994979946,0.4833547401595273,0,21.332468,NORMAL,scikit-learn IsolationForest.score_samples,0.5663393742590872,1.296361072562011,0,0.104185,NORMAL,NumPy RMS auf standardisiertem 128×3-Fenster
2026-09-18T18:55:44.353+02:00,55,0.30537031160277356,0.47720259914362284,0,0.144093,213.2008131693894,NORMAL,,PROFILE/P99,ai_edge_litert.Interpreter 2.1.6 num_threads=1,2026-09-18T18:55:43.740+02:00,14196539963309,14196556777049,0.403537,0.486686,16.81374,595.682531,612.496271,0,0,0,0,0,45.70173985929285,243154944,240959488,0.3957305526103062,0.4833547401595273,0,15.702572,NORMAL,scikit-learn IsolationForest.score_samples,0.5721811894844767,1.296361072562011,0,0.057852,NORMAL,NumPy RMS auf standardisiertem 128×3-Fenster
2026-09-18T18:55:44.970+02:00,56,0.30463231806890373,0.47720259914362284,0,0.158704,208.48914168768246,NORMAL,,PROFILE/P99,ai_edge_litert.Interpreter 2.1.6 num_threads=1,2026-09-18T18:55:44.344+02:00,14197156750917,14197173400157,0.37576,0.523297,16.64924,609.144433,625.793673,0,0,0,0,0,37.3000148755949,243154944,240959488,0.38549810534993667,0.4833547401595273,0,15.514128,NORMAL,scikit-learn IsolationForest.score_samples,0.5516870219202848,1.296361072562011,0,0.057129,NORMAL,NumPy RMS auf standardisiertem 128×3-Fenster
2026-09-18T18:55:45.587+02:00,57,0.29330698311847847,0.47720259914362284,0,0.157074,207.75300040972817,NORMAL,,PROFILE/P99,ai_edge_litert.Interpreter 2.1.6 num_threads=1,2026-09-18T18:55:44.959+02:00,14197774368379,14197790722748,0.341056,0.497056,16.354369,611.302844,627.657213,0,0,0,0,0,35.637834402087854,243154944,240959488,0.39021914117760365,0.4833547401595273,0,15.27148,NORMAL,scikit-learn IsolationForest.score_samples,0.5409154805965621,1.296361072562011,0,0.068277,NORMAL,NumPy RMS auf standardisiertem 128×3-Fenster
2026-09-18T18:55:46.207+02:00,58,0.3009850810196613,0.47720259914362284,0,0.156056,206.9773100781581,NORMAL,,PROFILE/P99,ai_edge_litert.Interpreter 2.1.6 num_threads=1,2026-09-18T18:55:45.576+02:00,14198393880583,14198410409027,0.291019,0.529667,16.528444,613.593828,630.122272,0,0,0,0,0,38.729305743834615,243154944,240959488,0.3807099455496252,0.4833547401595273,0,15.477776,NORMAL,scikit-learn IsolationForest.score_samples,0.5529215660986575,1.296361072562011,0,0.053852,NORMAL,NumPy RMS auf standardisiertem 128×3-Fenster
2026-09-18T18:55:46.823+02:00,59,0.2621811950501118,0.47720259914362284,0,0.138611,207.7102319404646,NORMAL,,PROFILE/P99,ai_edge_litert.Interpreter 2.1.6 num_threads=1,2026-09-18T18:55:46.196+02:00,14199011263655,14199027166283,0.397612,0.485908,15.902628,611.428714,627.331342,0,0,0,0,0,34.04911761298024,243154944,240959488,0.3840893226375914,0.4833547401595273,0,14.80722,NORMAL,scikit-learn IsolationForest.score_samples,0.5404884968473428,1.296361072562011,0,0.055333,NORMAL,NumPy RMS auf standardisiertem 128×3-Fenster
2026-09-18T18:55:47.443+02:00,60,0.2967197690307928,0.47720259914362284,0,0.186056,207.13126761254907,NORMAL,,PROFILE/P99,ai_edge_litert.Interpreter 2.1.6 num_threads=1,2026-09-18T18:55:46.813+02:00,14199629477599,14199647107321,0.611926,0.50726,17.629722,613.137753,630.767475,0,0,0,0,0,37.09910222203487,243154944,240959488,0.3865230897425622,0.4833547401595273,0,16.199536,NORMAL,scikit-learn IsolationForest.score_samples,0.5568447986406331,1.296361072562011,0,0.104963,NORMAL,NumPy RMS auf standardisiertem 128×3-Fenster
2026-09-18T18:55:48.058+02:00,61,0.2700720190527989,0.47720259914362284,0,0.144723,208.3376976253259,NORMAL,,PROFILE/P99,ai_edge_litert.Interpreter 2.1.6 num_threads=1,2026-09-18T18:55:47.433+02:00,14200246492059,14200262196076,0.357742,0.469908,15.704017,609.58723,625.291247,0,0,0,0,0,35.768344922423104,243154944,240959488,0.3818943214019901,0.4833547401595273,0,14.659423,NORMAL,scikit-learn IsolationForest.score_samples,0.5354751299890113,1.296361072562011,0,0.052222,NORMAL,NumPy RMS auf standardisiertem 128×3-Fenster
2026-09-18T18:55:48.676+02:00,62,0.30109244157232595,0.47720259914362284,0,0.160389,207.48139823890378,NORMAL,,PROFILE/P99,ai_edge_litert.Interpreter 2.1.6 num_threads=1,2026-09-18T18:55:48.048+02:00,14200863850502,14200880258464,0.372908,0.523352,16.407962,612.103066,628.511028,0,0,0,0,0,42.06673016935025,243154944,240959488,0.3826509898689083,0.4833547401595273,0,15.277813,NORMAL,scikit-learn IsolationForest.score_samples,0.5576483931856879,1.296361072562011,0,0.054259,NORMAL,NumPy RMS auf standardisiertem 128×3-Fenster
2026-09-18T18:55:49.295+02:00,63,0.3061613585783208,0.47720259914362284,0,0.151352,207.965102735252,NORMAL,,PROFILE/P99,ai_edge_litert.Interpreter 2.1.6 num_threads=1,2026-09-18T18:55:48.668+02:00,14201482364465,14201498559778,0.353352,0.493667,16.195313,610.67938,626.874693,0,0,0,0,0,37.19899366817574,243154944,240959488,0.38430138170296535,0.4833547401595273,0,15.124238,NORMAL,scikit-learn IsolationForest.score_samples,0.5412598186515726,1.296361072562011,0,0.053963,NORMAL,NumPy RMS auf standardisiertem 128×3-Fenster
2026-09-18T18:55:49.914+02:00,64,0.29164661482398874,0.47720259914362284,0,0.159741,207.51967679924735,NORMAL,,PROFILE/P99,ai_edge_litert.Interpreter 2.1.6 num_threads=1,2026-09-18T18:55:49.285+02:00,14202101205557,14202117576704,0.367093,0.502001,16.371147,611.990159,628.361306,0,0,0,0,0,35.540215163803744,243154944,240959488,0.38290499672601946,0.4833547401595273,0,15.269572,NORMAL,scikit-learn IsolationForest.score_samples,0.5446442818981755,1.296361072562011,0,0.054481,NORMAL,NumPy RMS auf standardisiertem 128×3-Fenster
2026-09-18T18:55:50.531+02:00,65,0.33491377680838735,0.47720259914362284,0,0.1595,207.81611903538428,NORMAL,,PROFILE/P99,ai_edge_litert.Interpreter 2.1.6 num_threads=1,2026-09-18T18:55:49.903+02:00,14202717970277,14202734883203,0.359704,0.512149,16.912926,611.117177,628.030103,0,0,0,0,0,37.25866030815807,243154944,240959488,0.3879536682855693,0.4833547401595273,0,15.806461,NORMAL,scikit-learn IsolationForest.score_samples,0.5562835019475111,1.296361072562011,0,0.056982,NORMAL,NumPy RMS auf standardisiertem 128×3-Fenster
2026-09-18T18:55:51.147+02:00,66,0.31374461656310554,0.47720259914362284,0,0.135686,207.4377748457619,NORMAL,,PROFILE/P99,ai_edge_litert.Interpreter 2.1.6 num_threads=1,2026-09-18T18:55:50.520+02:00,14203335592275,14203351207366,0.332945,0.454927,15.615091,612.231789,627.84688,0,0,0,0,0,35.69547448902994,243154944,240959488,0.389328804841383,0.4833547401595273,0,14.620738,NORMAL,scikit-learn IsolationForest.score_samples,0.5688437473192377,1.296361072562011,0,0.052889,NORMAL,NumPy RMS auf standardisiertem 128×3-Fenster
2026-09-18T18:55:51.767+02:00,67,0.2941117310196688,0.47720259914362284,0,0.229501,207.1776474085152,NORMAL,,PROFILE/P99,ai_edge_litert.Interpreter 2.1.6 num_threads=1,2026-09-18T18:55:51.137+02:00,14203953860682,14203971207368,0.645445,0.860983,17.346686,613.000493,630.347179,0,0,0,0,0,35.48375003679016,243154944,240959488,0.38513735001994165,0.4833547401595273,0,15.527683,NORMAL,scikit-learn IsolationForest.score_samples,0.5469065674135081,1.296361072562011,0,0.054556,NORMAL,NumPy RMS auf standardisiertem 128×3-Fenster
2026-09-18T18:55:52.384+02:00,68,0.28761378917228964,0.47720259914362284,0,0.158945,207.71450357852837,NORMAL,,PROFILE/P99,ai_edge_litert.Interpreter 2.1.6 num_threads=1,2026-09-18T18:55:51.756+02:00,14204571548736,14204588186143,0.357112,0.527352,16.637407,611.41614,628.053547,0,0,0,0,0,37.27833809873407,243154944,240959488,0.38513561238037247,0.4833547401595273,0,15.517184,NORMAL,scikit-learn IsolationForest.score_samples,0.5365226203253162,1.296361072562011,0,0.056963,NORMAL,NumPy RMS auf standardisiertem 128×3-Fenster
2026-09-18T18:55:53.002+02:00,69,0.27540751939438496,0.47720259914362284,0,0.157222,207.55276843238752,NORMAL,,PROFILE/P99,ai_edge_litert.Interpreter 2.1.6 num_threads=1,2026-09-18T18:55:52.374+02:00,14205189369365,14205205883160,0.382482,0.517,16.513795,611.892585,628.40638,0,0,0,0,0,35.61659177370623,243154944,240959488,0.38147966659032145,0.4833547401595273,0,15.382739,NORMAL,scikit-learn IsolationForest.score_samples,0.5526568124141006,1.296361072562011,0,0.053352,NORMAL,NumPy RMS auf standardisiertem 128×3-Fenster
2026-09-18T18:55:53.627+02:00,70,0.30809320441127613,0.47720259914362284,0,0.169092,207.73477570141833,NORMAL,,PROFILE/P99,ai_edge_litert.Interpreter 2.1.6 num_threads=1,2026-09-18T18:55:52.993+02:00,14205807788087,14205830979741,0.507241,0.614241,23.191654,611.356474,634.548128,0,0,0,0,0,38.39227676386513,243154944,240959488,0.3867468366144269,0.4833547401595273,0,21.809653,NORMAL,scikit-learn IsolationForest.score_samples,0.5789091377109847,1.296361072562011,0,0.0665,NORMAL,NumPy RMS auf standardisiertem 128×3-Fenster
2026-09-18T18:55:54.236+02:00,71,0.31099870944640085,0.47720259914362284,0,0.138519,208.38946927215724,NORMAL,,PROFILE/P99,ai_edge_litert.Interpreter 2.1.6 num_threads=1,2026-09-18T18:55:53.611+02:00,14206424541214,14206440318657,0.378482,0.485612,15.777443,609.435786,625.213229,0,0,0,0,0,42.67088701434755,243154944,240959488,0.3863330702393951,0.4833547401595273,0,14.700757,NORMAL,scikit-learn IsolationForest.score_samples,0.5564365240656202,1.296361072562011,0,0.056,NORMAL,NumPy RMS auf standardisiertem 128×3-Fenster
2026-09-18T18:55:54.856+02:00,72,0.2876628732217175,0.47720259914362284,0,0.136445,207.33099409119075,NORMAL,,PROFILE/P99,ai_edge_litert.Interpreter 2.1.6 num_threads=1,2026-09-18T18:55:54.228+02:00,14207044172344,14207060032825,0.367723,0.480852,15.860481,612.547104,628.407585,0,0,0,0,0,38.72753387317181,243154944,240959488,0.38760750350904993,0.4833547401595273,0,14.793035,NORMAL,scikit-learn IsolationForest.score_samples,0.5583339084389767,1.296361072562011,0,0.064055,NORMAL,NumPy RMS auf standardisiertem 128×3-Fenster
2026-09-18T18:55:55.475+02:00,73,0.2653777526784525,0.47720259914362284,0,0.162277,208.03345529160873,NORMAL,,PROFILE/P99,ai_edge_litert.Interpreter 2.1.6 num_threads=1,2026-09-18T18:55:54.847+02:00,14207661551936,14207678464935,0.376444,0.484205,16.912999,610.478732,627.391731,0,0,0,0,0,35.57360193599556,243154944,240959488,0.3804677137660559,0.4833547401595273,0,15.808406,NORMAL,scikit-learn IsolationForest.score_samples,0.5298249439827655,1.296361072562011,0,0.059241,NORMAL,NumPy RMS auf standardisiertem 128×3-Fenster
2026-09-18T18:55:56.092+02:00,74,0.3076630239516207,0.47720259914362284,0,0.141703,207.98885554441765,NORMAL,,PROFILE/P99,ai_edge_litert.Interpreter 2.1.6 num_threads=1,2026-09-18T18:55:55.465+02:00,14208279258527,14208295353026,0.384037,0.487871,16.094499,610.609639,626.704138,0,0,0,0,0,35.66310157934842,243154944,240959488,0.3850292029661317,0.4833547401595273,0,15.00872,NORMAL,scikit-learn IsolationForest.score_samples,0.5524805416299834,1.296361072562011,0,0.053908,NORMAL,NumPy RMS auf standardisiertem 128×3-Fenster
2026-09-18T18:55:56.710+02:00,75,0.2535175226506629,0.47720259914362284,0,0.140518,207.6879576548261,NORMAL,,PROFILE/P99,ai_edge_litert.Interpreter 2.1.6 num_threads=1,2026-09-18T18:55:56.082+02:00,14208897708138,14208913575710,0.346222,0.475334,15.867572,611.494289,627.361861,0,0,0,0,0,37.2033727775235,243154944,240959488,0.3878051805300952,0.4833547401595273,0,14.835608,NORMAL,scikit-learn IsolationForest.score_samples,0.5477717285505231,1.296361072562011,0,0.052223,NORMAL,NumPy RMS auf standardisiertem 128×3-Fenster
2026-09-18T18:55:57.327+02:00,76,0.2740386697514055,0.47720259914362284,0,0.13863,208.1123928052393,NORMAL,,PROFILE/P99,ai_edge_litert.Interpreter 2.1.6 num_threads=1,2026-09-18T18:55:56.700+02:00,14209514222709,14209530342819,0.422279,0.481148,16.12011,610.247176,626.367286,0,0,0,0,0,37.291093450218774,243154944,240959488,0.38869884371672314,0.4833547401595273,0,15.004923,NORMAL,scikit-learn IsolationForest.score_samples,0.5592564281350595,1.296361072562011,0,0.054204,NORMAL,NumPy RMS auf standardisiertem 128×3-Fenster
2026-09-18T18:55:57.945+02:00,77,0.28710412433873717,0.47720259914362284,0,0.138538,207.358514289503,NORMAL,,PROFILE/P99,ai_edge_litert.Interpreter 2.1.6 num_threads=1,2026-09-18T18:55:57.317+02:00,14210132905357,14210148590374,0.354223,0.470686,15.685017,612.465808,628.150825,0,0,0,0,0,37.20211468148736,243154944,240959488,0.3828102507397899,0.4833547401595273,0,14.650053,NORMAL,scikit-learn IsolationForest.score_samples,0.5369666217103971,1.296361072562011,0,0.053778,NORMAL,NumPy RMS auf standardisiertem 128×3-Fenster
2026-09-18T18:55:58.564+02:00,78,0.3385951292887152,0.47720259914362284,0,0.193815,207.84121096446046,NORMAL,,PROFILE/P99,ai_edge_litert.Interpreter 2.1.6 num_threads=1,2026-09-18T18:55:57.936+02:00,14210751000357,14210767444282,0.421722,0.538723,16.443925,611.043399,627.487324,0,0,0,0,0,37.16524234076566,243154944,240959488,0.3827787983252786,0.4833547401595273,0,15.210479,NORMAL,scikit-learn IsolationForest.score_samples,0.569225776683776,1.296361072562011,0,0.057723,NORMAL,NumPy RMS auf standardisiertem 128×3-Fenster
2026-09-18T18:55:59.182+02:00,79,0.2953116799793989,0.47720259914362284,0,0.138815,207.81685594664089,NORMAL,,PROFILE/P99,ai_edge_litert.Interpreter 2.1.6 num_threads=1,2026-09-18T18:55:58.554+02:00,14211369324041,14211385526855,0.355556,0.478093,16.202814,611.11501,627.317824,0,0,0,0,0,38.829927316123694,243154944,240959488,0.3864341768624258,0.4833547401595273,0,15.156758,NORMAL,scikit-learn IsolationForest.score_samples,0.5527014305457293,1.296361072562011,0,0.055741,NORMAL,NumPy RMS auf standardisiertem 128×3-Fenster
2026-09-18T18:55:59.799+02:00,80,0.3126068712057067,0.47720259914362284,0,0.135148,208.14511804205472,NORMAL,,PROFILE/P99,ai_edge_litert.Interpreter 2.1.6 num_threads=1,2026-09-18T18:55:59.173+02:00,14211987215003,14212002959298,0.355205,0.485963,15.744295,610.151231,625.895526,0,0,0,0,0,35.63154296651132,243154944,240959488,0.38313434569413735,0.4833547401595273,0,14.69609,NORMAL,scikit-learn IsolationForest.score_samples,0.5588533563317181,1.296361072562011,0,0.052889,NORMAL,NumPy RMS auf standardisiertem 128×3-Fenster
2026-09-18T18:56:00.417+02:00,81,0.27674161526479174,0.47720259914362284,0,0.14913,207.7717946117634,NORMAL,,PROFILE/P99,ai_edge_litert.Interpreter 2.1.6 num_threads=1,2026-09-18T18:55:59.790+02:00,14212604720169,14212620980779,0.3525,0.484871,16.26061,611.247548,627.508158,0,0,0,0,0,37.21527392833604,243154944,240959488,0.38467351672065764,0.4833547401595273,0,15.199275,NORMAL,scikit-learn IsolationForest.score_samples,0.5519858614593276,1.296361072562011,0,0.054445,NORMAL,NumPy RMS auf standardisiertem 128×3-Fenster
2026-09-18T18:56:01.035+02:00,82,0.3086331920820129,0.47720259914362284,0,0.148037,207.29547906890292,NORMAL,,PROFILE/P99,ai_edge_litert.Interpreter 2.1.6 num_threads=1,2026-09-18T18:56:00.406+02:00,14213222673575,14213238890667,0.371223,0.488297,16.217092,612.652049,628.869141,0,0,0,0,0,38.84085124334848,243154944,240959488,0.38779458740864936,0.4833547401595273,0,15.135294,NORMAL,scikit-learn IsolationForest.score_samples,0.54723542851621,1.296361072562011,0,0.056037,NORMAL,NumPy RMS auf standardisiertem 128×3-Fenster
2026-09-18T18:56:01.653+02:00,83,0.2871367555972637,0.47720259914362284,0,0.157074,207.81841140084865,NORMAL,,PROFILE/P99,ai_edge_litert.Interpreter 2.1.6 num_threads=1,2026-09-18T18:56:01.025+02:00,14213839874444,14213856555962,0.37626,0.516186,16.681518,611.110436,627.791954,0,0,0,0,0,37.23689977049145,243154944,240959488,0.3810068476485432,0.4833547401595273,0,15.564388,NORMAL,scikit-learn IsolationForest.score_samples,0.5436243791397828,1.296361072562011,0,0.047667,NORMAL,NumPy RMS auf standardisiertem 128×3-Fenster
2026-09-18T18:56:02.270+02:00,84,0.25730012683218223,0.47720259914362284,0,0.136112,207.07246582792337,NORMAL,,PROFILE/P99,ai_edge_litert.Interpreter 2.1.6 num_threads=1,2026-09-18T18:56:01.641+02:00,14214458253129,14214474102091,0.392464,0.481759,15.848962,613.311864,629.160826,0,0,0,0,0,38.86344697831499,243154944,240959488,0.3885235152996472,0.4833547401595273,0,14.765572,NORMAL,scikit-learn IsolationForest.score_samples,0.5228364680558069,1.296361072562011,0,0.054426,NORMAL,NumPy RMS auf standardisiertem 128×3-Fenster
2026-09-18T18:56:02.888+02:00,85,0.3650112708853648,0.47720259914362284,0,0.124222,207.95232040379193,NORMAL,,PROFILE/P99,ai_edge_litert.Interpreter 2.1.6 num_threads=1,2026-09-18T18:56:02.261+02:00,14215075506942,14215091442478,0.347834,0.46163,15.935536,610.716917,626.652453,0,0,0,0,0,37.256670810952215,243154944,240959488,0.3939310856967684,0.4833547401595273,0,14.929628,NORMAL,scikit-learn IsolationForest.score_samples,0.5840410645047294,1.296361072562011,0,0.055,NORMAL,NumPy RMS auf standardisiertem 128×3-Fenster
2026-09-18T18:56:03.508+02:00,86,0.3046110883995385,0.47720259914362284,0,0.160555,207.95271130456106,NORMAL,,PROFILE/P99,ai_edge_litert.Interpreter 2.1.6 num_threads=1,2026-09-18T18:56:02.878+02:00,14215692993626,14215711943128,0.369371,0.514316,18.949502,610.715769,629.665271,0,0,0,0,0,38.67507302252924,243154944,240959488,0.3869431814187143,0.4833547401595273,0,17.809408,NORMAL,scikit-learn IsolationForest.score_samples,0.5615305291093599,1.296361072562011,0,0.07537,NORMAL,NumPy RMS auf standardisiertem 128×3-Fenster
2026-09-18T18:56:04.132+02:00,87,0.2860256570882065,0.47720259914362284,0,0.196056,207.1260375883037,NORMAL,,PROFILE/P99,ai_edge_litert.Interpreter 2.1.6 num_threads=1,2026-09-18T18:56:03.495+02:00,14216311659682,14216335619375,0.471001,0.623111,23.959693,613.153235,637.112928,0,0,0,0,0,38.48352316096771,243154944,240959488,0.38693462092031305,0.4833547401595273,0,22.574395,NORMAL,scikit-learn IsolationForest.score_samples,0.5452787560331146,1.296361072562011,0,0.069037,NORMAL,NumPy RMS auf standardisiertem 128×3-Fenster
2026-09-18T18:56:04.741+02:00,88,0.27183303343947157,0.47720259914362284,0,0.14187,208.52887704605413,NORMAL,,PROFILE/P99,ai_edge_litert.Interpreter 2.1.6 num_threads=1,2026-09-18T18:56:04.117+02:00,14216929424440,14216945262402,0.340427,0.475889,15.837962,609.02836,624.866322,0,0,0,0,0,44.28771216290368,243154944,240959488,0.39170661155382414,0.4833547401595273,0,14.801794,NORMAL,scikit-learn IsolationForest.score_samples,0.5337598039027798,1.296361072562011,0,0.059092,NORMAL,NumPy RMS auf standardisiertem 128×3-Fenster
2026-09-18T18:56:05.360+02:00,89,0.3057839823754402,0.47720259914362284,0,0.139481,207.30694630404034,NORMAL,,PROFILE/P99,ai_edge_litert.Interpreter 2.1.6 num_threads=1,2026-09-18T18:56:04.731+02:00,14217547293014,14217563321901,0.365371,0.49387,16.028887,612.61816,628.647047,0,0,0,0,0,35.596734318081545,243154944,240959488,0.3854238424749064,0.4833547401595273,0,14.954701,NORMAL,scikit-learn IsolationForest.score_samples,0.5467206566835038,1.296361072562011,0,0.057037,NORMAL,NumPy RMS auf standardisiertem 128×3-Fenster
2026-09-18T18:56:05.977+02:00,90,0.2807143138996836,0.47720259914362284,0,0.136055,207.7630578214798,NORMAL,,PROFILE/P99,ai_edge_litert.Interpreter 2.1.6 num_threads=1,2026-09-18T18:56:05.350+02:00,14218165278180,14218181101456,0.337556,0.473426,15.823276,611.273252,627.096528,0,0,0,0,0,37.230413423069194,243154944,240959488,0.3876978549727858,0.4833547401595273,0,14.802497,NORMAL,scikit-learn IsolationForest.score_samples,0.557541919093331,1.296361072562011,0,0.05463,NORMAL,NumPy RMS auf standardisiertem 128×3-Fenster
2026-09-18T18:56:06.595+02:00,91,0.3129636338328951,0.47720259914362284,0,0.147038,207.59918585222468,NORMAL,,PROFILE/P99,ai_edge_litert.Interpreter 2.1.6 num_threads=1,2026-09-18T18:56:05.967+02:00,14218782551123,14218798871215,0.379463,0.499186,16.320092,611.755771,628.075863,0,0,0,0,0,38.84877533415049,243154944,240959488,0.38606493728552804,0.4833547401595273,0,15.223516,NORMAL,scikit-learn IsolationForest.score_samples,0.553468341730902,1.296361072562011,0,0.053222,NORMAL,NumPy RMS auf standardisiertem 128×3-Fenster
2026-09-18T18:56:07.213+02:00,92,0.2749483995154378,0.47720259914362284,0,0.136722,207.31798838389474,NORMAL,,PROFILE/P99,ai_edge_litert.Interpreter 2.1.6 num_threads=1,2026-09-18T18:56:06.585+02:00,14219401369031,14219417146344,0.360074,0.471704,15.777313,612.585531,628.362844,0,0,0,0,0,35.58331082551432,243154944,240959488,0.3901221772076265,0.4833547401595273,0,14.732331,NORMAL,scikit-learn IsolationForest.score_samples,0.5479407990431522,1.296361072562011,0,0.056852,NORMAL,NumPy RMS auf standardisiertem 128×3-Fenster
2026-09-18T18:56:07.831+02:00,93,0.2698451595663302,0.47720259914362284,0,0.150019,207.48245208584456,NORMAL,,PROFILE/P99,ai_edge_litert.Interpreter 2.1.6 num_threads=1,2026-09-18T18:56:07.203+02:00,14220019111808,14220035216510,0.365056,0.482815,16.104702,612.099957,628.204659,0,0,0,0,0,35.594771876133386,243154944,240959488,0.38834946979255514,0.4833547401595273,0,15.034387,NORMAL,scikit-learn IsolationForest.score_samples,0.5436052878129201,1.296361072562011,0,0.053815,NORMAL,NumPy RMS auf standardisiertem 128×3-Fenster
2026-09-18T18:56:08.448+02:00,94,0.27677608464792786,0.47720259914362284,0,0.121852,207.67222230414646,NORMAL,,PROFILE/P99,ai_edge_litert.Interpreter 2.1.6 num_threads=1,2026-09-18T18:56:07.820+02:00,14220635663435,14220651488860,0.34826,0.454,15.825425,611.540622,627.366047,0,0,0,0,0,35.698271851994186,243154944,240959488,0.38444158574017645,0.4833547401595273,0,14.82846,NORMAL,scikit-learn IsolationForest.score_samples,0.5424263918419859,1.296361072562011,0,0.055,NORMAL,NumPy RMS auf standardisiertem 128×3-Fenster
2026-09-18T18:56:09.068+02:00,95,0.29904196142116746,0.47720259914362284,0,0.196963,207.09790363092378,NORMAL,,PROFILE/P99,ai_edge_litert.Interpreter 2.1.6 num_threads=1,2026-09-18T18:56:08.438+02:00,14221254734065,14221271777084,1.147446,0.500704,17.043019,613.236531,630.27955,0,0,0,0,0,35.46756195311105,243154944,240959488,0.395038848044789,0.4833547401595273,0,15.124572,NORMAL,scikit-learn IsolationForest.score_samples,0.555163071818313,1.296361072562011,0,0.05563,NORMAL,NumPy RMS auf standardisiertem 128×3-Fenster
2026-09-18T18:56:09.691+02:00,96,0.3147209192235702,0.47720259914362284,0,0.161871,207.98644599169364,NORMAL,,PROFILE/P99,ai_edge_litert.Interpreter 2.1.6 num_threads=1,2026-09-18T18:56:09.058+02:00,14221872891509,14221894608107,0.441149,0.582834,21.716598,610.616713,632.333311,0,0,0,0,0,35.3213670995914,243154944,240959488,0.3847877032817923,0.4833547401595273,0,20.44167,NORMAL,scikit-learn IsolationForest.score_samples,0.5741801017575588,1.296361072562011,0,0.065167,NORMAL,NumPy RMS auf standardisiertem 128×3-Fenster
2026-09-18T18:56:10.302+02:00,97,0.31660840327628864,0.47720259914362284,0,0.145796,208.51594931682615,NORMAL,,PROFILE/P99,ai_edge_litert.Interpreter 2.1.6 num_threads=1,2026-09-18T18:56:09.677+02:00,14222489923193,14222505835451,0.42726,0.49163,15.912258,609.066119,624.978377,0,0,0,0,0,37.630645379272785,243154944,240959488,0.388194122444695,0.4833547401595273,0,14.775423,NORMAL,scikit-learn IsolationForest.score_samples,0.5490288948321701,1.296361072562011,0,0.053463,NORMAL,NumPy RMS auf standardisiertem 128×3-Fenster
2026-09-18T18:56:10.921+02:00,98,0.27270797808995145,0.47720259914362284,0,0.139093,207.02722688253823,NORMAL,,PROFILE/P99,ai_edge_litert.Interpreter 2.1.6 num_threads=1,2026-09-18T18:56:10.291+02:00,14223108638397,14223124614211,0.343038,0.472185,15.975814,613.445883,629.421697,0,0,0,0,0,33.93775253139147,243154944,240959488,0.3889355945771705,0.4833547401595273,0,14.947812,NORMAL,scikit-learn IsolationForest.score_samples,0.5557347177546721,1.296361072562011,0,0.055352,NORMAL,NumPy RMS auf standardisiertem 128×3-Fenster
2026-09-18T18:56:11.539+02:00,99,0.337983259974943,0.47720259914362284,0,0.128852,207.67605191538274,NORMAL,,PROFILE/P99,ai_edge_litert.Interpreter 2.1.6 num_threads=1,2026-09-18T18:56:10.910+02:00,14223725527007,14223742344710,0.342722,0.476834,16.817703,611.529345,628.347048,0,0,0,0,0,37.232575267681966,243154944,240959488,0.3868047826138128,0.4833547401595273,0,15.78961,NORMAL,scikit-learn IsolationForest.score_samples,0.581593033459832,1.296361072562011,0,0.061445,NORMAL,NumPy RMS auf standardisiertem 128×3-Fenster
2026-09-18T18:56:12.156+02:00,100,0.2920153811627632,0.47720259914362284,0,0.139056,207.42817509936052,NORMAL,,PROFILE/P99,ai_edge_litert.Interpreter 2.1.6 num_threads=1,2026-09-18T18:56:11.528+02:00,14224343977173,14224359799376,0.383019,0.48463,15.822203,612.260123,628.082326,0,0,0,0,0,34.01081439593142,243154944,240959488,0.38002150206952257,0.4833547401595273,0,14.741368,NORMAL,scikit-learn IsolationForest.score_samples,0.5645460949111738,1.296361072562011,0,0.054833,NORMAL,NumPy RMS auf standardisiertem 128×3-Fenster
2026-09-18T18:56:12.773+02:00,101,0.2761844842076376,0.47720259914362284,0,0.137018,208.12237147078065,NORMAL,,PROFILE/P99,ai_edge_litert.Interpreter 2.1.6 num_threads=1,2026-09-18T18:56:12.147+02:00,14224960966190,14224976950652,0.367667,0.47826,15.984462,610.217917,626.202379,0,0,0,0,0,34.02726148503938,243154944,240959488,0.3849797155274046,0.4833547401595273,0,14.923072,NORMAL,scikit-learn IsolationForest.score_samples,0.5331019860067802,1.296361072562011,0,0.057759,NORMAL,NumPy RMS auf standardisiertem 128×3-Fenster
2026-09-18T18:56:13.392+02:00,102,0.28849282507328927,0.47720259914362284,0,0.14026,207.23494326034532,NORMAL,,PROFILE/P99,ai_edge_litert.Interpreter 2.1.6 num_threads=1,2026-09-18T18:56:12.763+02:00,14225579637746,14225595463615,0.351464,0.475778,15.825869,612.831012,628.656881,0,0,0,0,0,33.952637635554105,243154944,240959488,0.38520930476054976,0.4833547401595273,0,14.786256,NORMAL,scikit-learn IsolationForest.score_samples,0.5422665371196876,1.296361072562011,0,0.053426,NORMAL,NumPy RMS auf standardisiertem 128×3-Fenster
2026-09-18T18:56:14.011+02:00,103,0.28603642870181645,0.47720259914362284,0,0.142074,208.2148848174849,NORMAL,,PROFILE/P99,ai_edge_litert.Interpreter 2.1.6 num_threads=1,2026-09-18T18:56:13.382+02:00,14226196208411,14226215271709,0.380093,0.440056,19.063298,609.946787,629.010085,0,0,0,0,0,37.106718015861276,243154944,240959488,0.38116452378835536,0.4833547401595273,0,18.000372,NORMAL,scikit-learn IsolationForest.score_samples,0.5565698663162661,1.296361072562011,0,0.079741,NORMAL,NumPy RMS auf standardisiertem 128×3-Fenster
2026-09-18T18:56:14.628+02:00,104,0.26193139095586204,0.47720259914362284,0,0.125593,207.17041233409375,NORMAL,,PROFILE/P99,ai_edge_litert.Interpreter 2.1.6 num_threads=1,2026-09-18T18:56:13.999+02:00,14226815547708,14226831570540,0.518094,0.478778,16.022832,613.021901,629.044733,0,0,0,0,0,35.6984134231851,243154944,240959488,0.3870894928240436,0.4833547401595273,0,14.829405,NORMAL,scikit-learn IsolationForest.score_samples,0.5162320333554297,1.296361072562011,0,0.053371,NORMAL,NumPy RMS auf standardisiertem 128×3-Fenster
2026-09-18T18:56:15.244+02:00,105,0.2505047851776207,0.47720259914362284,0,0.135944,208.27714565336075,NORMAL,,PROFILE/P99,ai_edge_litert.Interpreter 2.1.6 num_threads=1,2026-09-18T18:56:14.619+02:00,14227432113781,14227447702186,0.340407,0.469464,15.588405,609.764454,625.352859,0,0,0,0,0,38.95296608531548,243154944,240959488,0.3870630089118135,0.4833547401595273,0,14.572164,NORMAL,scikit-learn IsolationForest.score_samples,0.5429034002246982,1.296361072562011,0,0.052538,NORMAL,NumPy RMS auf standardisiertem 128×3-Fenster
2026-09-18T18:56:15.863+02:00,106,0.2740633790637837,0.47720259914362284,0,0.14563,207.31229172990916,NORMAL,,PROFILE/P99,ai_edge_litert.Interpreter 2.1.6 num_threads=1,2026-09-18T18:56:15.234+02:00,14228050275373,14228066415650,0.360389,0.484334,16.140277,612.602364,628.742641,0,0,0,0,0,33.94132394589063,243154944,240959488,0.38944261461377544,0.4833547401595273,0,15.074591,NORMAL,scikit-learn IsolationForest.score_samples,0.5436525843954468,1.296361072562011,0,0.056722,NORMAL,NumPy RMS auf standardisiertem 128×3-Fenster
2026-09-18T18:56:16.479+02:00,107,0.25728750392829625,0.47720259914362284,0,0.144649,207.76357410919243,NORMAL,,PROFILE/P99,ai_edge_litert.Interpreter 2.1.6 num_threads=1,2026-09-18T18:56:15.852+02:00,14228667466353,14228683168537,0.356334,0.488204,15.702184,611.271733,626.973917,0,0,0,0,0,35.67065835655655,243154944,240959488,0.3844189780193798,0.4833547401595273,0,14.642275,NORMAL,scikit-learn IsolationForest.score_samples,0.5426767210110596,1.296361072562011,0,0.051722,NORMAL,NumPy RMS auf standardisiertem 128×3-Fenster
2026-09-18T18:56:17.104+02:00,108,0.30043249587238313,0.47720259914362284,0,0.157482,207.26161094681152,NORMAL,,PROFILE/P99,ai_edge_litert.Interpreter 2.1.6 num_threads=1,2026-09-18T18:56:16.471+02:00,14229287117892,14229307349932,4.261875,0.474945,20.23204,612.752161,632.984201,0,0,0,0,0,35.24597078396961,243154944,240959488,0.38774044092001136,0.4833547401595273,0,15.261387,NORMAL,scikit-learn IsolationForest.score_samples,0.5538247350611426,1.296361072562011,0,0.057093,NORMAL,NumPy RMS auf standardisiertem 128×3-Fenster
2026-09-18T18:56:17.716+02:00,109,0.29950940634606005,0.47720259914362284,0,0.139852,208.32403359264083,NORMAL,,PROFILE/P99,ai_edge_litert.Interpreter 2.1.6 num_threads=1,2026-09-18T18:56:17.090+02:00,14229903702816,14229919412833,0.361334,0.47263,15.710017,609.627213,625.33723,0,0,0,0,0,35.94396267592026,243154944,240959488,0.3873347424245374,0.4833547401595273,0,14.666127,NORMAL,scikit-learn IsolationForest.score_samples,0.5664575391594746,1.296361072562011,0,0.052204,NORMAL,NumPy RMS auf standardisiertem 128×3-Fenster
2026-09-18T18:56:18.333+02:00,110,0.2683874462314351,0.47720259914362284,0,0.143334,207.49960292418507,NORMAL,,PROFILE/P99,ai_edge_litert.Interpreter 2.1.6 num_threads=1,2026-09-18T18:56:17.705+02:00,14230521147593,14230537058591,0.442741,0.478834,15.910998,612.049364,627.960362,0,0,0,0,0,35.619225114805914,243171328,240959488,0.386496078545698,0.4833547401595273,0,14.778127,NORMAL,scikit-learn IsolationForest.score_samples,0.5328941329047341,1.296361072562011,0,0.048463,NORMAL,NumPy RMS auf standardisiertem 128×3-Fenster
2026-09-18T18:56:18.953+02:00,111,0.2707265735339964,0.47720259914362284,0,0.147444,206.73697390698098,NORMAL,,PROFILE/P99,ai_edge_litert.Interpreter 2.1.6 num_threads=1,2026-09-18T18:56:18.323+02:00,14231140757483,14231156704389,0.352297,0.480334,15.946906,614.307144,630.25405,0,0,0,0,0,35.50471876589129,243171328,240959488,0.38639254589829236,0.4833547401595273,0,14.898182,NORMAL,scikit-learn IsolationForest.score_samples,0.5452880113847788,1.296361072562011,0,0.048778,NORMAL,NumPy RMS auf standardisiertem 128×3-Fenster
2026-09-18T18:56:19.571+02:00,112,0.31882295160254703,0.47720259914362284,0,0.13813,207.9358637251614,NORMAL,,PROFILE/P99,ai_edge_litert.Interpreter 2.1.6 num_threads=1,2026-09-18T18:56:18.943+02:00,14231757957871,14231775184890,0.346074,0.467186,17.227019,610.765251,627.99227,0,0,0,0,0,35.56999861344906,243171328,240959488,0.39108833896443695,0.4833547401595273,0,16.193814,NORMAL,scikit-learn IsolationForest.score_samples,0.5753509952151505,1.296361072562011,0,0.061204,NORMAL,NumPy RMS auf standardisiertem 128×3-Fenster
2026-09-18T18:56:20.195+02:00,113,0.2873802005405757,0.47720259914362284,0,0.152111,207.4651600448729,NORMAL,,PROFILE/P99,ai_edge_litert.Interpreter 2.1.6 num_threads=1,2026-09-18T18:56:19.560+02:00,14232375847371,14232398953118,0.479111,0.581519,23.105747,612.150975,635.256722,0,0,0,0,0,38.47489282547334,243171328,240959488,0.3806731156953709,0.4833547401595273,0,21.805708,NORMAL,scikit-learn IsolationForest.score_samples,0.5321140525920431,1.296361072562011,0,0.064444,NORMAL,NumPy RMS auf standardisiertem 128×3-Fenster
2026-09-18T18:56:20.815+02:00,114,0.3414397209051276,0.47720259914362284,0,0.182463,208.10372794314526,NORMAL,,PROFILE/P99,ai_edge_litert.Interpreter 2.1.6 num_threads=1,2026-09-18T18:56:20.180+02:00,14232994157612,14233018757323,0.517667,0.647926,24.599711,610.272585,634.872296,0,0,0,0,0,41.94818097639374,243204096,240959488,0.39102971438276196,0.4833547401595273,0,23.14984,NORMAL,scikit-learn IsolationForest.score_samples,0.5799921916766791,1.296361072562011,0,0.074926,NORMAL,NumPy RMS auf standardisiertem 128×3-Fenster
2026-09-18T18:56:21.423+02:00,115,0.2740727730539088,0.47720259914362284,0,0.14437,209.1934171746837,NORMAL,,PROFILE/P99,ai_edge_litert.Interpreter 2.1.6 num_threads=1,2026-09-18T18:56:20.801+02:00,14233611403499,14233627220035,0.353908,0.493723,15.816536,607.093673,622.910209,0,0,0,0,0,42.732686607570514,243204096,240959488,0.381985328302272,0.4833547401595273,0,14.750664,NORMAL,scikit-learn IsolationForest.score_samples,0.5292377889331541,1.296361072562011,0,0.056074,NORMAL,NumPy RMS auf standardisiertem 128×3-Fenster
2026-09-18T18:56:22.042+02:00,116,0.29544805714859407,0.47720259914362284,0,0.150019,207.9423073073751,NORMAL,,PROFILE/P99,ai_edge_litert.Interpreter 2.1.6 num_threads=1,2026-09-18T18:56:21.416+02:00,14234230088333,14234245901924,0.346556,0.484871,15.813591,610.746325,626.559916,0,0,0,0,0,33.943315235729386,243204096,240959488,0.38595880313437475,0.4833547401595273,0,14.758053,NORMAL,scikit-learn IsolationForest.score_samples,0.552609924387414,1.296361072562011,0,0.054722,NORMAL,NumPy RMS auf standardisiertem 128×3-Fenster
2026-09-18T18:56:22.661+02:00,117,0.32915220485799196,0.47720259914362284,0,0.139352,207.5244994477618,NORMAL,,PROFILE/P99,ai_edge_litert.Interpreter 2.1.6 num_threads=1,2026-09-18T18:56:22.032+02:00,14234848196333,14234864410240,0.367464,0.490259,16.213907,611.975937,628.189844,0,0,0,0,0,35.569299935467,243204096,240959488,0.3900939611656663,0.4833547401595273,0,15.140257,NORMAL,scikit-learn IsolationForest.score_samples,0.547817620536519,1.296361072562011,0,0.056722,NORMAL,NumPy RMS auf standardisiertem 128×3-Fenster
2026-09-18T18:56:23.277+02:00,118,0.25998406818046443,0.47720259914362284,0,0.158167,207.756751093252,NORMAL,,PROFILE/P99,ai_edge_litert.Interpreter 2.1.6 num_threads=1,2026-09-18T18:56:22.650+02:00,14235465017795,14235481221868,0.37326,0.513296,16.204073,611.291808,627.495881,0,0,0,0,0,35.66715209390203,243204096,240959488,0.39249956441472095,0.4833547401595273,0,15.078831,NORMAL,scikit-learn IsolationForest.score_samples,0.5307889938423659,1.296361072562011,0,0.062352,NORMAL,NumPy RMS auf standardisiertem 128×3-Fenster
2026-09-18T18:56:23.897+02:00,119,0.2978860141279016,0.47720259914362284,0,0.157833,207.0109227015053,NORMAL,,PROFILE/P99,ai_edge_litert.Interpreter 2.1.6 num_threads=1,2026-09-18T18:56:23.267+02:00,14236084190166,14236100620388,0.360297,0.500649,16.430222,613.494198,629.92442,0,0,0,0,0,33.904112292764104,243204096,240959488,0.38919207439441794,0.4833547401595273,0,15.336035,NORMAL,scikit-learn IsolationForest.score_samples,0.5436538437520207,1.296361072562011,0,0.054667,NORMAL,NumPy RMS auf standardisiertem 128×3-Fenster
2026-09-18T18:56:24.513+02:00,120,0.24617130607466745,0.47720259914362284,0,0.137001,207.95725750671582,NORMAL,,PROFILE/P99,ai_edge_litert.Interpreter 2.1.6 num_threads=1,2026-09-18T18:56:23.887+02:00,14236701046702,14236717316997,0.355426,0.48326,16.270295,610.702418,626.972713,0,0,0,0,0,35.67392096222968,243204096,240959488,0.38420214983989237,0.4833547401595273,0,15.219164,NORMAL,scikit-learn IsolationForest.score_samples,0.5289138055071483,1.296361072562011,0,0.05624,NORMAL,NumPy RMS auf standardisiertem 128×3-Fenster
2026-09-18T18:56:25.133+02:00,121,0.27753115272208806,0.47720259914362284,0,0.160741,207.76610426198152,NORMAL,,PROFILE/P99,ai_edge_litert.Interpreter 2.1.6 num_threads=1,2026-09-18T18:56:24.504+02:00,14237318622998,14237337005332,0.966631,0.552056,18.382334,611.264289,629.646623,0,0,0,0,0,37.11579316405996,243204096,240959488,0.38669878952971665,0.4833547401595273,0,16.630666,NORMAL,scikit-learn IsolationForest.score_samples,0.5398287112902072,1.296361072562011,0,0.0515,NORMAL,NumPy RMS auf standardisiertem 128×3-Fenster
2026-09-18T18:56:25.750+02:00,122,0.2629431283113419,0.47720259914362284,0,0.13887,207.63510681110392,NORMAL,,PROFILE/P99,ai_edge_litert.Interpreter 2.1.6 num_threads=1,2026-09-18T18:56:25.121+02:00,14237936857183,14237953895461,0.326278,0.466871,17.038278,611.649937,628.688215,0,0,0,0,0,35.658655953431584,243204096,240959488,0.38049351402850506,0.4833547401595273,0,15.988758,NORMAL,scikit-learn IsolationForest.score_samples,0.5337748977569441,1.296361072562011,0,0.098334,NORMAL,NumPy RMS auf standardisiertem 128×3-Fenster
2026-09-18T18:56:26.377+02:00,123,0.3150746834538746,0.47720259914362284,0,0.171592,206.83368630153345,NORMAL,,PROFILE/P99,ai_edge_litert.Interpreter 2.1.6 num_threads=1,2026-09-18T18:56:25.738+02:00,14238555662888,14238580545192,0.501741,0.637445,24.882304,614.019903,638.902207,0,0,0,0,0,36.70507199207303,243204096,240959488,0.38895655760064474,0.4833547401595273,0,23.468229,NORMAL,scikit-learn IsolationForest.score_samples,0.5656893605676002,1.296361072562011,0,0.078704,NORMAL,NumPy RMS auf standardisiertem 128×3-Fenster
2026-09-18T18:56:26.987+02:00,124,0.262575182162854,0.47720259914362284,0,0.147093,208.4547996304809,NORMAL,,PROFILE/P99,ai_edge_litert.Interpreter 2.1.6 num_threads=1,2026-09-18T18:56:26.361+02:00,14239174077629,14239190393276,0.339704,0.466686,16.315647,609.244787,625.560434,0,0,0,0,0,40.99600677414746,243220480,240959488,0.3849832200601657,0.4833547401595273,0,15.288832,NORMAL,scikit-learn IsolationForest.score_samples,0.5375111349989905,1.296361072562011,0,0.055185,NORMAL,NumPy RMS auf standardisiertem 128×3-Fenster
2026-09-18T18:56:27.603+02:00,125,0.2708652212412792,0.47720259914362284,0,0.138723,207.86119279633175,NORMAL,,PROFILE/P99,ai_edge_litert.Interpreter 2.1.6 num_threads=1,2026-09-18T18:56:26.976+02:00,14239790829942,14239806662571,0.306482,0.488427,15.832629,610.984659,626.817288,0,0,0,0,0,35.69863869961729,243220480,240959488,0.39021269855636237,0.4833547401595273,0,14.827405,NORMAL,scikit-learn IsolationForest.score_samples,0.5486530960826893,1.296361072562011,0,0.05363,NORMAL,NumPy RMS auf standardisiertem 128×3-Fenster
2026-09-18T18:56:28.221+02:00,126,0.26940643178939566,0.47720259914362284,0,0.140315,207.74816033851212,NORMAL,,PROFILE/P99,ai_edge_litert.Interpreter 2.1.6 num_threads=1,2026-09-18T18:56:27.593+02:00,14240408580609,14240424484404,0.358204,0.475852,15.903795,611.317086,627.220881,0,0,0,0,0,37.22761123357626,243220480,240959488,0.3870565269624015,0.4833547401595273,0,14.856405,NORMAL,scikit-learn IsolationForest.score_samples,0.528542447099006,1.296361072562011,0,0.055112,NORMAL,NumPy RMS auf standardisiertem 128×3-Fenster
2026-09-18T18:56:28.840+02:00,127,0.3082095581735267,0.47720259914362284,0,0.160297,207.267336274533,NORMAL,,PROFILE/P99,ai_edge_litert.Interpreter 2.1.6 num_threads=1,2026-09-18T18:56:28.211+02:00,14241027411924,14241043823220,0.392001,0.516778,16.411296,612.735235,629.146531,0,0,0,0,0,33.907084584087286,243220480,240959488,0.38907758217089566,0.4833547401595273,0,15.267479,NORMAL,scikit-learn IsolationForest.score_samples,0.5615489370016061,1.296361072562011,0,0.056296,NORMAL,NumPy RMS auf standardisiertem 128×3-Fenster
2026-09-18T18:56:29.457+02:00,128,0.26527232604325707,0.47720259914362284,0,0.146722,207.7429249417353,NORMAL,,PROFILE/P99,ai_edge_litert.Interpreter 2.1.6 num_threads=1,2026-09-18T18:56:28.830+02:00,14241644815905,14241660547774,0.372445,0.510353,15.731869,611.332492,627.064361,0,0,0,0,0,37.29385918652149,243220480,240959488,0.3835027544016496,0.4833547401595273,0,14.629498,NORMAL,scikit-learn IsolationForest.score_samples,0.5270778709015729,1.296361072562011,0,0.053278,NORMAL,NumPy RMS auf standardisiertem 128×3-Fenster
2026-09-18T18:56:30.075+02:00,129,0.278579905959836,0.47720259914362284,0,0.158408,207.63599282434205,NORMAL,,PROFILE/P99,ai_edge_litert.Interpreter 2.1.6 num_threads=1,2026-09-18T18:56:29.447+02:00,14242262397035,14242279178738,0.352926,0.506445,16.781703,611.647327,628.42903,0,0,0,0,0,33.94590217117346,243220480,240959488,0.3934625271647952,0.4833547401595273,0,15.689887,NORMAL,scikit-learn IsolationForest.score_samples,0.5604222615142457,1.296361072562011,0,0.055333,NORMAL,NumPy RMS auf standardisiertem 128×3-Fenster
2026-09-18T18:56:30.697+02:00,130,0.25983925018534987,0.47720259914362284,0,0.139667,207.22381535003103,NORMAL,,PROFILE/P99,ai_edge_litert.Interpreter 2.1.6 num_threads=1,2026-09-18T18:56:30.065+02:00,14242881733777,14242900419038,3.226948,0.482074,18.685261,612.863921,631.549182,0,0,0,0,0,35.412945406588925,243220480,240959488,0.38449273120150856,0.4833547401595273,0,14.761498,NORMAL,scikit-learn IsolationForest.score_samples,0.5149692007877895,1.296361072562011,0,0.055074,NORMAL,NumPy RMS auf standardisiertem 128×3-Fenster
2026-09-18T18:56:31.311+02:00,131,0.2968471368693064,0.47720259914362284,0,0.138667,207.85244202282638,NORMAL,,PROFILE/P99,ai_edge_litert.Interpreter 2.1.6 num_threads=1,2026-09-18T18:56:30.684+02:00,14243498537924,14243514953386,0.362704,0.469223,16.415462,611.010382,627.425844,0,0,0,0,0,34.1718383221537,243220480,240959488,0.38487627000751595,0.4833547401595273,0,15.364239,NORMAL,scikit-learn IsolationForest.score_samples,0.5418425707279954,1.296361072562011,0,0.060611,NORMAL,NumPy RMS auf standardisiertem 128×3-Fenster
2026-09-18T18:56:31.936+02:00,132,0.28848588098734734,0.47720259914362284,0,0.151389,208.04396929022013,NORMAL,,PROFILE/P99,ai_edge_litert.Interpreter 2.1.6 num_threads=1,2026-09-18T18:56:31.302+02:00,14244116054997,14244139755616,0.464019,0.601131,23.700619,610.44788,634.148499,0,0,0,0,0,36.81033481073805,243220480,240959488,0.38787278778012485,0.4833547401595273,0,22.382876,NORMAL,scikit-learn IsolationForest.score_samples,0.5452528896945974,1.296361072562011,0,0.077834,NORMAL,NumPy RMS auf standardisiertem 128×3-Fenster
2026-09-18T18:56:32.547+02:00,133,0.3053841210348563,0.47720259914362284,0,0.141556,207.87087655626297,NORMAL,,PROFILE/P99,ai_edge_litert.Interpreter 2.1.6 num_threads=1,2026-09-18T18:56:31.921+02:00,14244735543703,14244751256127,0.346593,0.487593,15.712424,610.956196,626.66862,0,0,0,0,0,44.155792179829,243220480,240959488,0.39023454782784617,0.4833547401595273,0,14.666812,NORMAL,scikit-learn IsolationForest.score_samples,0.5724753310123599,1.296361072562011,0,0.050667,NORMAL,NumPy RMS auf standardisiertem 128×3-Fenster
2026-09-18T18:56:33.165+02:00,134,0.28110483760215743,0.47720259914362284,0,0.14237,207.66387724970556,NORMAL,,PROFILE/P99,ai_edge_litert.Interpreter 2.1.6 num_threads=1,2026-09-18T18:56:32.537+02:00,14245352227294,14245368603812,0.422852,0.47239,16.376518,611.565197,627.941715,0,0,0,0,0,34.016360304554155,243220480,240959488,0.38370106426253564,0.4833547401595273,0,15.262091,NORMAL,scikit-learn IsolationForest.score_samples,0.5423613333685953,1.296361072562011,0,0.057167,NORMAL,NumPy RMS auf standardisiertem 128×3-Fenster
2026-09-18T18:56:33.784+02:00,135,0.2951392924456376,0.47720259914362284,0,0.174259,207.11587894836194,NORMAL,,PROFILE/P99,ai_edge_litert.Interpreter 2.1.6 num_threads=1,2026-09-18T18:56:33.154+02:00,14245971024054,14245987717739,0.36413,0.507594,16.693685,613.183309,629.876994,0,0,0,0,0,35.53482538560224,243220480,240959488,0.39257285175223566,0.4833547401595273,0,15.572091,NORMAL,scikit-learn IsolationForest.score_samples,0.5549023942686186,1.296361072562011,0,0.056148,NORMAL,NumPy RMS auf standardisiertem 128×3-Fenster
2026-09-18T18:56:34.401+02:00,136,0.3560385871757082,0.47720259914362284,0,0.140555,207.5427998806547,NORMAL,,PROFILE/P99,ai_edge_litert.Interpreter 2.1.6 num_threads=1,2026-09-18T18:56:33.774+02:00,14246589400833,14246605224091,0.450259,0.485797,15.823258,611.921975,627.745233,0,0,0,0,0,35.627374353929014,243220480,240959488,0.3906012941490379,0.4833547401595273,0,14.674182,NORMAL,scikit-learn IsolationForest.score_samples,0.575767410622363,1.296361072562011,0,0.053648,NORMAL,NumPy RMS auf standardisiertem 128×3-Fenster
2026-09-18T18:56:35.019+02:00,137,0.3045596567967015,0.47720259914362284,0,0.149315,208.1038732097887,NORMAL,,PROFILE/P99,ai_edge_litert.Interpreter 2.1.6 num_threads=1,2026-09-18T18:56:34.393+02:00,14247206651351,14247223042905,0.360444,0.462501,16.391554,610.272159,626.663713,0,0,0,0,0,33.990473532041655,243220480,240959488,0.38667209132894237,0.4833547401595273,0,15.346165,NORMAL,scikit-learn IsolationForest.score_samples,0.5650014813768897,1.296361072562011,0,0.056278,NORMAL,NumPy RMS auf standardisiertem 128×3-Fenster
2026-09-18T18:56:35.637+02:00,138,0.3223283210461365,0.47720259914362284,0,0.160241,207.26988581475877,NORMAL,,PROFILE/P99,ai_edge_litert.Interpreter 2.1.6 num_threads=1,2026-09-18T18:56:35.008+02:00,14247824545517,14247841026943,0.351741,0.507834,16.481426,612.727698,629.209124,0,0,0,0,0,37.21729797101252,243220480,240959488,0.38745776777882773,0.4833547401595273,0,15.383535,NORMAL,scikit-learn IsolationForest.score_samples,0.5473491957999432,1.296361072562011,0,0.05987,NORMAL,NumPy RMS auf standardisiertem 128×3-Fenster
2026-09-18T18:56:36.255+02:00,139,0.2629204316580449,0.47720259914362284,0,0.13513,207.29979592510333,NORMAL,,PROFILE/P99,ai_edge_litert.Interpreter 2.1.6 num_threads=1,2026-09-18T18:56:35.626+02:00,14248442809222,14248458790128,0.362426,0.483463,15.980906,612.639291,628.620197,0,0,0,0,0,33.993906265316326,243220480,240959488,0.3814556167115171,0.4833547401595273,0,14.927238,NORMAL,scikit-learn IsolationForest.score_samples,0.5291738856266486,1.296361072562011,0,0.054482,NORMAL,NumPy RMS auf standardisiertem 128×3-Fenster
2026-09-18T18:56:36.873+02:00,140,0.2762896386058194,0.47720259914362284,0,0.1405,208.10055804360346,NORMAL,,PROFILE/P99,ai_edge_litert.Interpreter 2.1.6 num_threads=1,2026-09-18T18:56:36.247+02:00,14249061129241,14249077067813,0.373907,0.471945,15.938572,610.281881,626.220453,0,0,0,0,0,35.58287382886823,243220480,240959488,0.3829531555073696,0.4833547401595273,0,14.879664,NORMAL,scikit-learn IsolationForest.score_samples,0.5299256622441625,1.296361072562011,0,0.054056,NORMAL,NumPy RMS auf standardisiertem 128×3-Fenster
2026-09-18T18:56:37.500+02:00,141,0.28634031051609554,0.47720259914362284,0,0.186686,207.91854572574863,NORMAL,,PROFILE/P99,ai_edge_litert.Interpreter 2.1.6 num_threads=1,2026-09-18T18:56:36.864+02:00,14249678954093,14249703625397,0.499611,0.650334,24.671304,610.816123,635.487427,0,0,0,0,0,36.70670459519708,243220480,240959488,0.3858028022894009,0.4833547401595273,0,23.237673,NORMAL,scikit-learn IsolationForest.score_samples,0.5394582608847395,1.296361072562011,0,0.071555,NORMAL,NumPy RMS auf standardisiertem 128×3-Fenster
2026-09-18T18:56:38.108+02:00,142,0.28570547395236606,0.47720259914362284,0,0.1405,208.66483315670922,NORMAL,,PROFILE/P99,ai_edge_litert.Interpreter 2.1.6 num_threads=1,2026-09-18T18:56:37.483+02:00,14250295458054,14250311323497,0.375167,0.492612,15.865443,608.631546,624.496989,0,0,0,0,0,41.14087808508509,243220480,240959488,0.39186524187599414,0.4833547401595273,0,14.789572,NORMAL,scikit-learn IsolationForest.score_samples,0.5525112188976607,1.296361072562011,0,0.048204,NORMAL,NumPy RMS auf standardisiertem 128×3-Fenster
2026-09-18T18:56:38.727+02:00,143,1.8149937845275683,0.47720259914362284,1,0.180907,207.63344682964467,ANOMALY,,PROFILE/P99,ai_edge_litert.Interpreter 2.1.6 num_threads=1,2026-09-18T18:56:38.099+02:00,14250914081407,14250931251981,0.457241,0.631964,17.170574,611.654827,628.825401,0,0,0,0,0,35.48787857957815,243220480,240959488,0.41874211344672696,0.4833547401595273,0,15.821387,NORMAL,scikit-learn IsolationForest.score_samples,1.4132762913826122,1.296361072562011,1,0.056111,ANOMALY,NumPy RMS auf standardisiertem 128×3-Fenster
2026-09-18T18:56:39.345+02:00,144,20.719258781629833,0.47720259914362284,1,0.138296,207.42174436934278,ANOMALY,,PROFILE/P99,ai_edge_litert.Interpreter 2.1.6 num_threads=1,2026-09-18T18:56:38.717+02:00,14251533031612,14251548823536,0.395556,0.479204,15.791924,612.279105,628.071029,0,0,0,0,0,34.00429953278292,243220480,240959488,0.5536490994807164,0.4833547401595273,1,14.705108,ANOMALY,scikit-learn IsolationForest.score_samples,4.429285884638188,1.296361072562011,1,0.054277,ANOMALY,NumPy RMS auf standardisiertem 128×3-Fenster
2026-09-18T18:56:39.963+02:00,145,12.650623578532747,0.47720259914362284,1,0.183667,207.75776423605402,ANOMALY,,PROFILE/P99,ai_edge_litert.Interpreter 2.1.6 num_threads=1,2026-09-18T18:56:39.336+02:00,14252150674242,14252166445777,0.360222,0.497723,15.771535,611.288827,627.060362,0,0,0,0,0,35.62049175517407,243220480,240959488,0.5370701387770506,0.4833547401595273,1,14.657738,ANOMALY,scikit-learn IsolationForest.score_samples,3.4525080790935183,1.296361072562011,1,0.053148,ANOMALY,NumPy RMS auf standardisiertem 128×3-Fenster
2026-09-18T18:56:40.581+02:00,146,4.096786176193501,0.47720259914362284,1,0.138778,207.54520526999505,ANOMALY,,PROFILE/P99,ai_edge_litert.Interpreter 2.1.6 num_threads=1,2026-09-18T18:56:39.953+02:00,14252768482168,14252784514092,0.349259,0.474871,16.031924,611.914883,627.946807,0,0,0,0,0,35.59454358944023,243220480,240959488,0.5082872192442462,0.4833547401595273,1,14.992887,ANOMALY,scikit-learn IsolationForest.score_samples,2.2243444995257016,1.296361072562011,1,0.057223,ANOMALY,NumPy RMS auf standardisiertem 128×3-Fenster
2026-09-18T18:56:41.199+02:00,147,5.179271966156587,0.47720259914362284,1,0.141889,208.11436909094172,ANOMALY,,PROFILE/P99,ai_edge_litert.Interpreter 2.1.6 num_threads=1,2026-09-18T18:56:40.573+02:00,14253386655650,14253402887926,0.38513,0.497685,16.232276,610.241381,626.473657,0,0,0,0,0,33.959975687930175,243220480,240959488,0.5047085894173109,0.4833547401595273,1,15.133424,ANOMALY,scikit-learn IsolationForest.score_samples,2.2705636162048592,1.296361072562011,1,0.056796,ANOMALY,NumPy RMS auf standardisiertem 128×3-Fenster
2026-09-18T18:56:41.816+02:00,148,8.200997433745917,0.47720259914362284,1,0.143593,207.6113464851623,ANOMALY,,PROFILE/P99,ai_edge_litert.Interpreter 2.1.6 num_threads=1,2026-09-18T18:56:41.189+02:00,14254004449650,14254020197685,0.371204,0.479926,15.748035,611.719938,627.467973,0,0,0,0,0,35.63850892975948,243220480,240959488,0.5375748564088465,0.4833547401595273,1,14.680534,ANOMALY,scikit-learn IsolationForest.score_samples,2.653557802932876,1.296361072562011,1,0.054389,ANOMALY,NumPy RMS auf standardisiertem 128×3-Fenster
2026-09-18T18:56:42.434+02:00,149,7.293858247005308,0.47720259914362284,1,0.137333,208.30927081049433,ANOMALY,,PROFILE/P99,ai_edge_litert.Interpreter 2.1.6 num_threads=1,2026-09-18T18:56:41.809+02:00,14254622161261,14254638152945,0.401834,0.479241,15.991684,609.670417,625.662101,0,0,0,0,0,33.98313642843652,243220480,240959488,0.51664875425809,0.4833547401595273,1,14.900164,ANOMALY,scikit-learn IsolationForest.score_samples,2.517016439279799,1.296361072562011,1,0.054555,ANOMALY,NumPy RMS auf standardisiertem 128×3-Fenster
2026-09-18T18:56:43.061+02:00,150,4.574919593826022,0.47720259914362284,1,0.211537,207.9663951195953,ANOMALY,,PROFILE/P99,ai_edge_litert.Interpreter 2.1.6 num_threads=1,2026-09-18T18:56:42.425+02:00,14255239302205,14255264322287,0.499871,0.65763,25.020082,610.675585,635.695667,0,0,0,0,0,38.32654646848663,243220480,240959488,0.47935044145948963,0.4833547401595273,0,23.539007,NORMAL,scikit-learn IsolationForest.score_samples,2.1676628810131975,1.296361072562011,1,0.084852,ANOMALY,NumPy RMS auf standardisiertem 128×3-Fenster
2026-09-18T18:56:43.671+02:00,151,0.2735291892374845,0.47720259914362284,0,0.129871,209.20469284277075,NORMAL,,PROFILE/P99,ai_edge_litert.Interpreter 2.1.6 num_threads=1,2026-09-18T18:56:43.046+02:00,14255856938890,14255875282928,0.359037,0.437538,18.344038,607.060952,625.40499,0,0,0,0,0,40.91978015261451,243220480,240959488,0.39053805903222316,0.4833547401595273,0,17.329649,NORMAL,scikit-learn IsolationForest.score_samples,0.550549724416281,1.296361072562011,0,0.069167,NORMAL,NumPy RMS auf standardisiertem 128×3-Fenster
2026-09-18T18:56:44.322+02:00,152,0.31948323975312753,0.47720259914362284,0,0.189908,206.7974433615794,NORMAL,,PROFILE/P99,ai_edge_litert.Interpreter 2.1.6 num_threads=1,2026-09-18T18:56:43.659+02:00,14256476506522,14256526175798,3.959226,0.643038,49.669276,614.127515,663.796791,0,0,0,0,0,36.87236539460565,243220480,240959488,0.3890746828163377,0.4833547401595273,0,44.779048,NORMAL,scikit-learn IsolationForest.score_samples,0.5669393267259637,1.296361072562011,0,0.072018,NORMAL,NumPy RMS auf standardisiertem 128×3-Fenster
2026-09-18T18:56:44.907+02:00,153,0.31191464631824256,0.47720259914362284,0,0.158186,206.69414265467583,NORMAL,,PROFILE/P99,ai_edge_litert.Interpreter 2.1.6 num_threads=1,2026-09-18T18:56:44.276+02:00,14257094343485,14257110762262,0.35976,0.500204,16.418777,614.434441,630.853218,0,0,0,0,0,39.345669406118596,243220480,240959488,0.39166581716941845,0.4833547401595273,0,15.327221,NORMAL,scikit-learn IsolationForest.score_samples,0.5781713795958918,1.296361072562011,0,0.055185,NORMAL,NumPy RMS auf standardisiertem 128×3-Fenster
2026-09-18T18:56:45.524+02:00,154,0.28596349998481446,0.47720259914362284,0,0.144926,207.7687602409447,NORMAL,,PROFILE/P99,ai_edge_litert.Interpreter 2.1.6 num_threads=1,2026-09-18T18:56:44.896+02:00,14257711358429,14257727492539,0.356111,0.489112,16.13411,611.256475,627.390585,0,0,0,0,0,35.67227772729117,243220480,240959488,0.3779571608743979,0.4833547401595273,0,15.075406,NORMAL,scikit-learn IsolationForest.score_samples,0.5380829392484153,1.296361072562011,0,0.049833,NORMAL,NumPy RMS auf standardisiertem 128×3-Fenster
2026-09-18T18:56:46.143+02:00,155,0.26881718388264453,0.47720259914362284,0,0.162593,207.08148769375703,NORMAL,,PROFILE/P99,ai_edge_litert.Interpreter 2.1.6 num_threads=1,2026-09-18T18:56:45.513+02:00,14258330326375,14258347031115,0.36863,0.520148,16.70474,613.285144,629.989884,0,0,0,0,0,35.50983186219904,243220480,240959488,0.38877749050886395,0.4833547401595273,0,15.580165,NORMAL,scikit-learn IsolationForest.score_samples,0.5548582145383617,1.296361072562011,0,0.054296,NORMAL,NumPy RMS auf standardisiertem 128×3-Fenster
2026-09-18T18:56:46.761+02:00,156,0.26083901792407954,0.47720259914362284,0,0.21113,207.7458946699884,NORMAL,,PROFILE/P99,ai_edge_litert.Interpreter 2.1.6 num_threads=1,2026-09-18T18:56:46.132+02:00,14258946972911,14258964474467,0.625797,0.737001,17.501556,611.323753,628.825309,0,0,0,0,0,37.25032164154124,243220480,240959488,0.38654194295443106,0.4833547401595273,0,15.852054,NORMAL,scikit-learn IsolationForest.score_samples,0.5175676429327424,1.296361072562011,0,0.052852,NORMAL,NumPy RMS auf standardisiertem 128×3-Fenster
2026-09-18T18:56:47.377+02:00,157,0.2915358743416236,0.47720259914362284,0,0.157426,207.47510825965384,NORMAL,,PROFILE/P99,ai_edge_litert.Interpreter 2.1.6 num_threads=1,2026-09-18T18:56:46.749+02:00,14259564610929,14259581203929,0.377538,0.501667,16.593,612.121623,628.714623,0,0,0,0,0,34.05067766247395,243220480,240959488,0.3890919072931063,0.4833547401595273,0,15.483369,NORMAL,scikit-learn IsolationForest.score_samples,0.5608804499047283,1.296361072562011,0,0.054278,NORMAL,NumPy RMS auf standardisiertem 128×3-Fenster
2026-09-18T18:56:47.995+02:00,158,3.358352352724659,0.47720259914362284,1,0.157389,207.39051313065355,ANOMALY,,PROFILE/P99,ai_edge_litert.Interpreter 2.1.6 num_threads=1,2026-09-18T18:56:47.367+02:00,14260183019060,14260198622947,0.360704,0.476149,15.603887,612.371309,627.975196,0,0,0,0,0,35.63236684509536,243220480,240959488,0.42727343522329014,0.4833547401595273,0,14.539164,NORMAL,scikit-learn IsolationForest.score_samples,1.699727838447651,1.296361072562011,1,0.051889,ANOMALY,NumPy RMS auf standardisiertem 128×3-Fenster
2026-09-18T18:56:48.622+02:00,159,4.525709048626709,0.47720259914362284,1,0.199149,207.41261051817636,ANOMALY,,PROFILE/P99,ai_edge_litert.Interpreter 2.1.6 num_threads=1,2026-09-18T18:56:47.986+02:00,14260801682820,14260825741254,0.571909,0.633259,24.058434,612.306068,636.364502,0,0,0,0,0,35.0795430231994,243220480,240959488,0.4899571489701197,0.4833547401595273,1,22.558339,ANOMALY,scikit-learn IsolationForest.score_samples,1.928730471372881,1.296361072562011,1,0.069796,ANOMALY,NumPy RMS auf standardisiertem 128×3-Fenster
2026-09-18T18:56:49.231+02:00,160,4.010502148359045,0.47720259914362284,1,0.180408,209.6288139565173,ANOMALY,,PROFILE/P99,ai_edge_litert.Interpreter 2.1.6 num_threads=1,2026-09-18T18:56:48.609+02:00,14261418429560,14261434725837,0.384093,0.515168,16.296277,605.832746,622.129023,0,0,0,0,0,42.695483236526336,243220480,240959488,0.4850697248475967,0.4833547401595273,1,15.140146,ANOMALY,scikit-learn IsolationForest.score_samples,1.8392430074093904,1.296361072562011,1,0.057945,ANOMALY,NumPy RMS auf standardisiertem 128×3-Fenster
2026-09-18T18:56:49.849+02:00,161,1.757589192022376,0.47720259914362284,1,0.122889,207.47291768605436,ANOMALY,,PROFILE/P99,ai_edge_litert.Interpreter 2.1.6 num_threads=1,2026-09-18T18:56:49.221+02:00,14262036946950,14262052944894,0.367353,0.450945,15.997944,612.128086,628.12603,0,0,0,0,0,35.58619718363227,243220480,240959488,0.4606352627129181,0.4833547401595273,0,14.983331,NORMAL,scikit-learn IsolationForest.score_samples,1.4012526947897215,1.296361072562011,1,0.056741,ANOMALY,NumPy RMS auf standardisiertem 128×3-Fenster
2026-09-18T18:56:50.466+02:00,162,2.621033757768404,0.47720259914362284,1,0.141167,207.91727265752,ANOMALY,,PROFILE/P99,ai_edge_litert.Interpreter 2.1.6 num_threads=1,2026-09-18T18:56:49.840+02:00,14262654178024,14262669783319,0.37763,0.47439,15.605295,610.819863,626.425158,0,0,0,0,0,34.04474850167253,243220480,240959488,0.47531825653609827,0.4833547401595273,0,14.538941,NORMAL,scikit-learn IsolationForest.score_samples,1.593875409818913,1.296361072562011,1,0.053481,ANOMALY,NumPy RMS auf standardisiertem 128×3-Fenster
2026-09-18T18:56:51.086+02:00,163,3.8830349114129175,0.47720259914362284,1,0.137167,206.7754957035471,ANOMALY,,PROFILE/P99,ai_edge_litert.Interpreter 2.1.6 num_threads=1,2026-09-18T18:56:50.456+02:00,14263273902934,14263289552081,0.347426,0.475538,15.649147,614.1927,629.841847,0,0,0,0,0,33.88353629323859,243220480,240959488,0.5057255125108752,0.4833547401595273,1,14.615331,ANOMALY,scikit-learn IsolationForest.score_samples,2.0984646339573856,1.296361072562011,1,0.053759,ANOMALY,NumPy RMS auf standardisiertem 128×3-Fenster
2026-09-18T18:56:51.708+02:00,164,3.484901354679463,0.47720259914362284,1,0.143852,207.70482724859153,ANOMALY,,PROFILE/P99,ai_edge_litert.Interpreter 2.1.6 num_threads=1,2026-09-18T18:56:51.076+02:00,14263891730046,14263911632345,0.364519,0.465204,19.902299,611.444624,631.346923,0,0,0,0,0,36.97221575284164,243220480,240959488,0.4849137662646921,0.4833547401595273,1,18.83591,ANOMALY,scikit-learn IsolationForest.score_samples,1.8649283405926822,1.296361072562011,1,0.072222,ANOMALY,NumPy RMS auf standardisiertem 128×3-Fenster
2026-09-18T18:56:52.323+02:00,165,4.103529025717214,0.47720259914362284,1,0.144001,207.79205888058607,ANOMALY,,PROFILE/P99,ai_edge_litert.Interpreter 2.1.6 num_threads=1,2026-09-18T18:56:51.695+02:00,14264509679954,14264526587676,0.357833,0.470279,16.907722,611.187938,628.09566,0,0,0,0,0,35.775227653088265,243220480,240959488,0.4813454095786451,0.4833547401595273,0,15.860721,NORMAL,scikit-learn IsolationForest.score_samples,1.9121924116310396,1.296361072562011,1,0.057185,ANOMALY,NumPy RMS auf standardisiertem 128×3-Fenster
2026-09-18T18:56:52.939+02:00,166,3.906711911297729,0.47720259914362284,1,0.139222,207.95790688310066,ANOMALY,,PROFILE/P99,ai_edge_litert.Interpreter 2.1.6 num_threads=1,2026-09-18T18:56:52.313+02:00,14265127627676,14265143137452,0.318001,0.458019,15.509776,610.700511,626.210287,0,0,0,0,0,34.060851937235064,243220480,240959488,0.5000184010552247,0.4833547401595273,1,14.521757,ANOMALY,scikit-learn IsolationForest.score_samples,2.0460335342509137,1.296361072562011,1,0.053797,ANOMALY,NumPy RMS auf standardisiertem 128×3-Fenster
2026-09-18T18:56:53.557+02:00,167,2.5302671353938755,0.47720259914362284,1,0.138167,207.83331215888276,ANOMALY,,PROFILE/P99,ai_edge_litert.Interpreter 2.1.6 num_threads=1,2026-09-18T18:56:52.930+02:00,14265745064565,14265760980231,0.353204,0.470112,15.915666,611.066622,626.982288,0,0,0,0,0,33.989062465427054,243220480,240959488,0.47165361347856855,0.4833547401595273,0,14.880442,NORMAL,scikit-learn IsolationForest.score_samples,1.756893960361241,1.296361072562011,1,0.054741,ANOMALY,NumPy RMS auf standardisiertem 128×3-Fenster
2026-09-18T18:56:54.176+02:00,168,1.4900907653603497,0.47720259914362284,1,0.1365,207.30502829870338,ANOMALY,,PROFILE/P99,ai_edge_litert.Interpreter 2.1.6 num_threads=1,2026-09-18T18:56:53.547+02:00,14266363640085,14266379669788,0.38926,0.476,16.029703,612.623828,628.653531,0,0,0,0,0,45.257073560946914,243220480,240959488,0.45491325613173433,0.4833547401595273,0,14.954942,NORMAL,scikit-learn IsolationForest.score_samples,1.2325675955548896,1.296361072562011,0,0.053648,NORMAL,NumPy RMS auf standardisiertem 128×3-Fenster
2026-09-18T18:56:54.793+02:00,169,2.281198042611061,0.47720259914362284,1,0.145352,207.4194292415394,ANOMALY,,PROFILE/P99,ai_edge_litert.Interpreter 2.1.6 num_threads=1,2026-09-18T18:56:54.166+02:00,14266981619586,14266997137658,0.375093,0.473852,15.518072,612.285939,627.804011,0,0,0,0,0,35.62945793250967,243220480,240959488,0.4797458407493682,0.4833547401595273,0,14.452738,NORMAL,scikit-learn IsolationForest.score_samples,1.5696780013133507,1.296361072562011,1,0.052889,ANOMALY,NumPy RMS auf standardisiertem 128×3-Fenster
2026-09-18T18:56:55.411+02:00,170,2.6652379491842644,0.47720259914362284,1,0.139149,207.8024162266853,ANOMALY,,PROFILE/P99,ai_edge_litert.Interpreter 2.1.6 num_threads=1,2026-09-18T18:56:54.784+02:00,14267598521993,14267614486288,0.360111,0.482019,15.964295,611.157475,627.12177,0,0,0,0,0,34.01622861454904,243220480,240959488,0.45396794935498325,0.4833547401595273,0,14.911776,NORMAL,scikit-learn IsolationForest.score_samples,1.6293411287716941,1.296361072562011,1,0.053408,ANOMALY,NumPy RMS auf standardisiertem 128×3-Fenster
2026-09-18T18:56:56.029+02:00,171,2.4996582164590246,0.47720259914362284,1,0.13513,207.1791801276445,ANOMALY,,PROFILE/P99,ai_edge_litert.Interpreter 2.1.6 num_threads=1,2026-09-18T18:56:55.401+02:00,14268217380642,14268232928011,0.372112,0.421908,15.547369,612.995958,628.543327,0,0,0,0,0,33.956326059059144,243220480,240959488,0.47201400294317525,0.4833547401595273,0,14.550386,NORMAL,scikit-learn IsolationForest.score_samples,1.4843839821012175,1.296361072562011,1,0.0515,ANOMALY,NumPy RMS auf standardisiertem 128×3-Fenster
2026-09-18T18:56:56.648+02:00,172,2.0055626689817783,0.47720259914362284,1,0.143278,207.4501985089316,ANOMALY,,PROFILE/P99,ai_edge_litert.Interpreter 2.1.6 num_threads=1,2026-09-18T18:56:56.019+02:00,14268835383569,14268851405975,0.346778,0.487334,16.022406,612.195124,628.21753,0,0,0,0,0,35.57121798681367,243220480,240959488,0.4710728882453291,0.4833547401595273,0,14.971294,NORMAL,scikit-learn IsolationForest.score_samples,1.3977856444660897,1.296361072562011,1,0.055203,ANOMALY,NumPy RMS auf standardisiertem 128×3-Fenster
2026-09-18T18:56:57.266+02:00,173,2.125288514873234,0.47720259914362284,1,0.1415,207.3962831764159,ANOMALY,,PROFILE/P99,ai_edge_litert.Interpreter 2.1.6 num_threads=1,2026-09-18T18:56:56.637+02:00,14269453166310,14269469457328,0.393001,0.478537,16.291018,612.354272,628.64529,0,0,0,0,0,37.213747385364044,243220480,240959488,0.4535975514628073,0.4833547401595273,0,15.201221,NORMAL,scikit-learn IsolationForest.score_samples,1.518147881420325,1.296361072562011,1,0.057241,ANOMALY,NumPy RMS auf standardisiertem 128×3-Fenster
2026-09-18T18:56:57.883+02:00,174,0.6911296044828958,0.47720259914362284,1,0.139611,207.48122163838912,ANOMALY,,PROFILE/P99,ai_edge_litert.Interpreter 2.1.6 num_threads=1,2026-09-18T18:56:57.255+02:00,14270070810459,14270086657828,0.353963,0.472316,15.847369,612.103587,627.950956,0,0,0,0,0,35.64498457329701,243220480,240959488,0.4186160633542873,0.4833547401595273,0,14.810165,NORMAL,scikit-learn IsolationForest.score_samples,0.8465883201017402,1.296361072562011,0,0.052871,NORMAL,NumPy RMS auf standardisiertem 128×3-Fenster
2026-09-18T18:56:58.501+02:00,175,0.38500453852638117,0.47720259914362284,0,0.14363,207.67313376394318,NORMAL,,PROFILE/P99,ai_edge_litert.Interpreter 2.1.6 num_threads=1,2026-09-18T18:56:57.874+02:00,14270689020386,14270704877644,0.405167,0.479797,15.857258,611.537938,627.395196,0,0,0,0,0,32.35092942434803,243220480,240959488,0.40168505161066403,0.4833547401595273,0,14.757423,NORMAL,scikit-learn IsolationForest.score_samples,0.5991604918301149,1.296361072562011,0,0.052333,NORMAL,NumPy RMS auf standardisiertem 128×3-Fenster
2026-09-18T18:56:59.128+02:00,176,0.2816999061752609,0.47720259914362284,0,0.172296,207.1752995363319,NORMAL,,PROFILE/P99,ai_edge_litert.Interpreter 2.1.6 num_threads=1,2026-09-18T18:56:58.491+02:00,14271307392091,14271331347487,0.470297,0.564315,23.955396,613.00744,636.962836,0,0,0,0,0,36.71188220197771,243220480,240959488,0.38328849256760983,0.4833547401595273,0,22.646636,NORMAL,scikit-learn IsolationForest.score_samples,0.529728701661752,1.296361072562011,0,0.075963,NORMAL,NumPy RMS auf standardisiertem 128×3-Fenster
2026-09-18T18:56:59.736+02:00,177,0.2799697069632406,0.47720259914362284,0,0.13976,209.7097811642271,NORMAL,,PROFILE/P99,ai_edge_litert.Interpreter 2.1.6 num_threads=1,2026-09-18T18:56:59.114+02:00,14271923448515,14271939994181,0.342279,0.485,16.545666,605.598839,622.144505,0,0,0,0,0,39.42933522273775,243220480,240959488,0.39200228811252386,0.4833547401595273,0,15.47485,NORMAL,scikit-learn IsolationForest.score_samples,0.5469599573059518,1.296361072562011,0,0.084371,NORMAL,NumPy RMS auf standardisiertem 128×3-Fenster
2026-09-18T18:57:00.354+02:00,178,0.2919243735976658,0.47720259914362284,0,0.139444,207.36384917045257,NORMAL,,PROFILE/P99,ai_edge_litert.Interpreter 2.1.6 num_threads=1,2026-09-18T18:56:59.725+02:00,14272541436387,14272557383033,0.373111,0.476371,15.946646,612.450051,628.396697,0,0,0,0,0,35.63757664043754,243220480,240959488,0.3820956247764863,0.4833547401595273,0,14.878831,NORMAL,scikit-learn IsolationForest.score_samples,0.5361047386146358,1.296361072562011,0,0.059371,NORMAL,NumPy RMS auf standardisiertem 128×3-Fenster
2026-09-18T18:57:00.973+02:00,179,0.2902403217911064,0.47720259914362284,0,0.157834,206.9793832660415,NORMAL,,PROFILE/P99,ai_edge_litert.Interpreter 2.1.6 num_threads=1,2026-09-18T18:57:00.343+02:00,14273160519426,14273177182536,0.367648,0.512112,16.66311,613.587682,630.250792,0,0,0,0,0,35.495652833719774,243220480,240959488,0.3870336693283903,0.4833547401595273,0,15.551424,NORMAL,scikit-learn IsolationForest.score_samples,0.5565306123684609,1.296361072562011,0,0.055759,NORMAL,NumPy RMS auf standardisiertem 128×3-Fenster
2026-09-18T18:57:01.589+02:00,180,0.28769673454170225,0.47720259914362284,0,0.132574,208.01004491316857,NORMAL,,PROFILE/P99,ai_edge_litert.Interpreter 2.1.6 num_threads=1,2026-09-18T18:57:00.963+02:00,14273777455185,14273793162961,0.365296,0.445204,15.707776,610.547438,626.255214,0,0,0,0,0,34.09182851871253,243220480,240959488,0.40037833054598415,0.4833547401595273,0,14.694831,NORMAL,scikit-learn IsolationForest.score_samples,0.5431531517773169,1.296361072562011,0,0.05226,NORMAL,NumPy RMS auf standardisiertem 128×3-Fenster
2026-09-18T18:57:02.209+02:00,181,0.29924891714386587,0.47720259914362284,0,0.139185,206.9552422753646,NORMAL,,PROFILE/P99,ai_edge_litert.Interpreter 2.1.6 num_threads=1,2026-09-18T18:57:01.579+02:00,14274396337409,14274412372981,0.363389,0.477908,16.035572,613.659256,629.694828,0,0,0,0,0,37.14428496922101,243220480,240959488,0.3954800834510237,0.4833547401595273,0,14.980294,NORMAL,scikit-learn IsolationForest.score_samples,0.5445091730556556,1.296361072562011,0,0.057352,NORMAL,NumPy RMS auf standardisiertem 128×3-Fenster
2026-09-18T18:57:02.827+02:00,182,0.31809339324980596,0.47720259914362284,0,0.148241,207.79164988469586,NORMAL,,PROFILE/P99,ai_edge_litert.Interpreter 2.1.6 num_threads=1,2026-09-18T18:57:02.199+02:00,14275014319946,14275030918113,0.392723,0.485704,16.598167,611.189141,627.787308,0,0,0,0,0,35.567112582205574,243220480,240959488,0.397925941286891,0.4833547401595273,0,15.493517,NORMAL,scikit-learn IsolationForest.score_samples,0.5860721491530775,1.296361072562011,0,0.059185,NORMAL,NumPy RMS auf standardisiertem 128×3-Fenster
2026-09-18T18:57:03.444+02:00,183,5.158649440432614,0.47720259914362284,1,0.158186,208.59983981798976,ANOMALY,,PROFILE/P99,ai_edge_litert.Interpreter 2.1.6 num_threads=1,2026-09-18T18:57:02.819+02:00,14275631607873,14275647442575,0.365241,0.482278,15.834702,608.821177,624.655879,0,0,0,0,0,34.062066372670486,243220480,240959488,0.4274457950757032,0.4833547401595273,0,14.755127,NORMAL,scikit-learn IsolationForest.score_samples,2.015663073952395,1.296361072562011,1,0.055704,ANOMALY,NumPy RMS auf standardisiertem 128×3-Fenster
2026-09-18T18:57:04.063+02:00,184,5.159857257068509,0.47720259914362284,1,0.159241,207.08280727506232,ANOMALY,,PROFILE/P99,ai_edge_litert.Interpreter 2.1.6 num_threads=1,2026-09-18T18:57:03.433+02:00,14276249949003,14276266344317,0.35663,0.504075,16.395314,613.281236,629.67655,0,0,0,0,0,37.16253335625659,243220480,240959488,0.5224251228975965,0.4833547401595273,1,15.302795,ANOMALY,scikit-learn IsolationForest.score_samples,2.448769962186071,1.296361072562011,1,0.054092,ANOMALY,NumPy RMS auf standardisiertem 128×3-Fenster
2026-09-18T18:57:04.680+02:00,185,2.7903338713770816,0.47720259914362284,1,0.141871,207.4483534169992,ANOMALY,,PROFILE/P99,ai_edge_litert.Interpreter 2.1.6 num_threads=1,2026-09-18T18:57:04.052+02:00,14276868362875,14276884031985,0.330686,0.467778,15.66911,612.200569,627.869679,0,0,0,0,0,37.23552541236596,243220480,240959488,0.4635917603916977,0.4833547401595273,0,14.644794,NORMAL,scikit-learn IsolationForest.score_samples,1.5730120043081426,1.296361072562011,1,0.065648,ANOMALY,NumPy RMS auf standardisiertem 128×3-Fenster
2026-09-18T18:57:05.301+02:00,186,3.15409601114168,0.47720259914362284,1,0.155815,207.4752963738866,ANOMALY,,PROFILE/P99,ai_edge_litert.Interpreter 2.1.6 num_threads=1,2026-09-18T18:57:04.670+02:00,14277485936357,14277504507248,2.506133,0.505963,18.570891,612.121068,630.691959,0,0,0,0,0,35.45638569224912,243220480,240959488,0.458439451254171,0.4833547401595273,0,15.321831,NORMAL,scikit-learn IsolationForest.score_samples,1.6242064504822433,1.296361072562011,1,0.062666,ANOMALY,NumPy RMS auf standardisiertem 128×3-Fenster
2026-09-18T18:57:05.915+02:00,187,3.7808323416590075,0.47720259914362284,1,0.143426,207.66730415896046,ANOMALY,,PROFILE/P99,ai_edge_litert.Interpreter 2.1.6 num_threads=1,2026-09-18T18:57:05.288+02:00,14278103305154,14278118904208,0.358204,0.492556,15.599054,611.555105,627.154159,0,0,0,0,0,35.80790594937598,243220480,240959488,0.4958114816867031,0.4833547401595273,1,14.530479,ANOMALY,scikit-learn IsolationForest.score_samples,1.9890956882954833,1.296361072562011,1,0.054501,ANOMALY,NumPy RMS auf standardisiertem 128×3-Fenster
2026-09-18T18:57:06.534+02:00,188,1.1314375349808803,0.47720259914362284,1,0.144075,207.06543762340294,ANOMALY,,PROFILE/P99,ai_edge_litert.Interpreter 2.1.6 num_threads=1,2026-09-18T18:57:05.905+02:00,14278722105230,14278738003247,0.406815,0.483575,15.898017,613.332681,629.230698,0,0,0,0,0,33.920475496658646,243220480,240959488,0.43721290357659964,0.4833547401595273,0,14.788683,NORMAL,scikit-learn IsolationForest.score_samples,1.2991350308190601,1.296361072562011,1,0.055074,ANOMALY,NumPy RMS auf standardisiertem 128×3-Fenster
2026-09-18T18:57:07.152+02:00,189,1.7409747232169284,0.47720259914362284,1,0.136389,207.91265195930546,ANOMALY,,PROFILE/P99,ai_edge_litert.Interpreter 2.1.6 num_threads=1,2026-09-18T18:57:06.526+02:00,14279340225472,14279355736229,0.357648,0.477482,15.510757,610.833438,626.344195,0,0,0,0,0,37.2325606817612,243220480,240959488,0.44700892375375767,0.4833547401595273,0,14.468293,NORMAL,scikit-learn IsolationForest.score_samples,1.1296603801473408,1.296361072562011,0,0.052796,NORMAL,NumPy RMS auf standardisiertem 128×3-Fenster
2026-09-18T18:57:07.771+02:00,190,1.1826352037810866,0.47720259914362284,1,0.144833,208.06198889459796,ANOMALY,,PROFILE/P99,ai_edge_litert.Interpreter 2.1.6 num_threads=1,2026-09-18T18:57:07.143+02:00,14279957059675,14279974808546,0.577112,0.654019,17.748871,610.395011,628.143882,0,0,0,0,0,35.53665998829506,243220480,240959488,0.44276540956704485,0.4833547401595273,0,16.294758,NORMAL,scikit-learn IsolationForest.score_samples,1.1842147885983287,1.296361072562011,0,0.059611,NORMAL,NumPy RMS auf standardisiertem 128×3-Fenster
2026-09-18T18:57:08.388+02:00,191,0.9455262356109179,0.47720259914362284,1,0.136593,207.43571618197774,ANOMALY,,PROFILE/P99,ai_edge_litert.Interpreter 2.1.6 num_threads=1,2026-09-18T18:57:07.760+02:00,14280576104066,14280591745287,0.352278,0.470334,15.641221,612.237865,627.879086,0,0,0,0,0,34.039637825846036,243220480,240959488,0.4373505381314143,0.4833547401595273,0,14.608701,NORMAL,scikit-learn IsolationForest.score_samples,1.0756019119984659,1.296361072562011,0,0.05274,NORMAL,NumPy RMS auf standardisiertem 128×3-Fenster
2026-09-18T18:57:09.006+02:00,192,1.3428677441023558,0.47720259914362284,1,0.143426,207.83027599096422,ANOMALY,,PROFILE/P99,ai_edge_litert.Interpreter 2.1.6 num_threads=1,2026-09-18T18:57:08.379+02:00,14281193651863,14281209358824,0.389574,0.511797,15.706961,611.075549,626.78251,0,0,0,0,0,35.62103106931237,243220480,240959488,0.4523400581687426,0.4833547401595273,0,14.593071,NORMAL,scikit-learn IsolationForest.score_samples,1.2462219607907878,1.296361072562011,0,0.051222,NORMAL,NumPy RMS auf standardisiertem 128×3-Fenster
2026-09-18T18:57:09.631+02:00,193,0.8925071762034046,0.47720259914362284,1,0.171352,207.99404611638423,ANOMALY,,PROFILE/P99,ai_edge_litert.Interpreter 2.1.6 num_threads=1,2026-09-18T18:57:08.997+02:00,14281811362827,14281834777204,0.510778,0.620056,23.414377,610.594401,634.008778,0,0,0,0,0,36.77273204838339,243220480,240959488,0.4223986848263484,0.4833547401595273,0,22.00319,NORMAL,scikit-learn IsolationForest.score_samples,0.9022185700863281,1.296361072562011,0,0.083167,NORMAL,NumPy RMS auf standardisiertem 128×3-Fenster
2026-09-18T18:57:10.240+02:00,194,0.302377033298626,0.47720259914362284,0,0.14187,208.84929283900786,NORMAL,,PROFILE/P99,ai_edge_litert.Interpreter 2.1.6 num_threads=1,2026-09-18T18:57:09.617+02:00,14282428429086,14282444066621,0.339519,0.469445,15.637535,608.093991,623.731526,0,0,0,0,0,39.39304612674923,243220480,240959488,0.38175302513792386,0.4833547401595273,0,14.611516,NORMAL,scikit-learn IsolationForest.score_samples,0.5356845974879167,1.296361072562011,0,0.056167,NORMAL,NumPy RMS auf standardisiertem 128×3-Fenster
2026-09-18T18:57:10.859+02:00,195,0.2648036303877686,0.47720259914362284,0,0.141075,207.53429565515512,NORMAL,,PROFILE/P99,ai_edge_litert.Interpreter 2.1.6 num_threads=1,2026-09-18T18:57:10.231+02:00,14283046880884,14283062444641,0.380352,0.475038,15.563757,611.94705,627.510807,0,0,0,0,0,37.19384803727026,243220480,240959488,0.39063152517022753,0.4833547401595273,0,14.495423,NORMAL,scikit-learn IsolationForest.score_samples,0.5307528129035914,1.296361072562011,0,0.053852,NORMAL,NumPy RMS auf standardisiertem 128×3-Fenster
2026-09-18T18:57:11.477+02:00,196,0.2849594510481952,0.47720259914362284,0,0.139056,207.4518989367659,NORMAL,,PROFILE/P99,ai_edge_litert.Interpreter 2.1.6 num_threads=1,2026-09-18T18:57:10.849+02:00,14283664803070,14283680403865,0.355685,0.473945,15.600795,612.190106,627.790901,0,0,0,0,0,33.98303254699982,243220480,240959488,0.38744494273029484,0.4833547401595273,0,14.562145,NORMAL,scikit-learn IsolationForest.score_samples,0.548444035830461,1.296361072562011,0,0.051778,NORMAL,NumPy RMS auf standardisiertem 128×3-Fenster
2026-09-18T18:57:12.094+02:00,197,0.2993715532639452,0.47720259914362284,0,0.139426,207.79329267761028,NORMAL,,PROFILE/P99,ai_edge_litert.Interpreter 2.1.6 num_threads=1,2026-09-18T18:57:11.468+02:00,14284282575756,14284298246532,0.372,0.470205,15.670776,611.184309,626.855085,0,0,0,0,0,35.60812921023483,243220480,240959488,0.3859105890647629,0.4833547401595273,0,14.620109,NORMAL,scikit-learn IsolationForest.score_samples,0.5526456231543846,1.296361072562011,0,0.050611,NORMAL,NumPy RMS auf standardisiertem 128×3-Fenster
2026-09-18T18:57:12.712+02:00,198,0.2746209110374161,0.47720259914362284,0,0.138296,208.41717543295835,NORMAL,,PROFILE/P99,ai_edge_litert.Interpreter 2.1.6 num_threads=1,2026-09-18T18:57:12.087+02:00,14284900292720,14284915911551,0.351611,0.474482,15.618831,609.35477,624.973601,0,0,0,0,0,35.617579418337094,243220480,240959488,0.3851382790095011,0.4833547401595273,0,14.58235,NORMAL,scikit-learn IsolationForest.score_samples,0.5291133416623562,1.296361072562011,0,0.053259,NORMAL,NumPy RMS auf standardisiertem 128×3-Fenster
2026-09-18T18:57:13.332+02:00,199,0.3052985758299704,0.47720259914362284,0,0.144926,207.39065706461642,NORMAL,,PROFILE/P99,ai_edge_litert.Interpreter 2.1.6 num_threads=1,2026-09-18T18:57:12.702+02:00,14285518247258,14285536179870,1.515335,0.605426,17.932612,612.370884,630.303496,0,0,0,0,0,35.46837506349455,243220480,240959488,0.3889680908511531,0.4833547401595273,0,15.585368,NORMAL,scikit-learn IsolationForest.score_samples,0.5292182824353433,1.296361072562011,0,0.058833,NORMAL,NumPy RMS auf standardisiertem 128×3-Fenster
2026-09-18T18:57:13.949+02:00,200,0.2957950283084827,0.47720259914362284,0,0.141445,207.91572185001334,NORMAL,,PROFILE/P99,ai_edge_litert.Interpreter 2.1.6 num_threads=1,2026-09-18T18:57:13.322+02:00,14286136532852,14286152429554,0.349685,0.481779,15.896702,610.824419,626.721121,0,0,0,0,0,34.07728398596072,243220480,240959488,0.38423957923588925,0.4833547401595273,0,14.850349,NORMAL,scikit-learn IsolationForest.score_samples,0.5464098743470122,1.296361072562011,0,0.054871,NORMAL,NumPy RMS auf standardisiertem 128×3-Fenster
2026-09-18T18:57:14.566+02:00,201,0.267677446960809,0.47720259914362284,0,0.138278,207.88078749851695,NORMAL,,PROFILE/P99,ai_edge_litert.Interpreter 2.1.6 num_threads=1,2026-09-18T18:57:13.939+02:00,14286753887871,14286769899407,0.366185,0.479186,16.011536,610.927068,626.938604,0,0,0,0,0,34.009567866416134,243220480,240959488,0.3870683525182707,0.4833547401595273,0,14.951905,NORMAL,scikit-learn IsolationForest.score_samples,0.5267976955590783,1.296361072562011,0,0.057278,NORMAL,NumPy RMS auf standardisiertem 128×3-Fenster
2026-09-18T18:57:15.193+02:00,202,0.25347110639303994,0.47720259914362284,0,0.17276,207.1979957225589,NORMAL,,PROFILE/P99,ai_edge_litert.Interpreter 2.1.6 num_threads=1,2026-09-18T18:57:14.557+02:00,14287373499615,14287396606473,0.489833,0.611686,23.106858,612.940292,636.04715,0,0,0,0,0,38.29417126984579,243220480,240959488,0.3907626293589857,0.4833547401595273,0,21.740597,NORMAL,scikit-learn IsolationForest.score_samples,0.56325581632209,1.296361072562011,0,0.066352,NORMAL,NumPy RMS auf standardisiertem 128×3-Fenster
2026-09-18T18:57:15.804+02:00,203,0.3144834623445269,0.47720259914362284,0,0.1405,209.20098515346567,NORMAL,,PROFILE/P99,ai_edge_litert.Interpreter 2.1.6 num_threads=1,2026-09-18T18:57:15.180+02:00,14287990588318,14288007548466,0.367834,0.473241,16.960148,607.071711,624.031859,0,0,0,0,0,42.55815149913712,243220480,240959488,0.3835158071389244,0.4833547401595273,0,15.90248,NORMAL,scikit-learn IsolationForest.score_samples,0.5401020937321308,1.296361072562011,0,0.057203,NORMAL,NumPy RMS auf standardisiertem 128×3-Fenster
2026-09-18T18:57:16.420+02:00,204,0.27090561623191106,0.47720259914362284,0,0.138037,207.67825255397443,NORMAL,,PROFILE/P99,ai_edge_litert.Interpreter 2.1.6 num_threads=1,2026-09-18T18:57:15.793+02:00,14288608398412,14288624175596,0.335537,0.466982,15.777184,611.522865,627.300049,0,0,0,0,0,34.05678165252166,243220480,240959488,0.38768179112043666,0.4833547401595273,0,14.762571,NORMAL,scikit-learn IsolationForest.score_samples,0.5247178287697462,1.296361072562011,0,0.056667,NORMAL,NumPy RMS auf standardisiertem 128×3-Fenster
2026-09-18T18:57:17.038+02:00,205,0.3062413546119333,0.47720259914362284,0,0.137667,207.583513487219,NORMAL,,PROFILE/P99,ai_edge_litert.Interpreter 2.1.6 num_threads=1,2026-09-18T18:57:16.411+02:00,14289226175543,14289242101412,0.361945,0.469259,15.925869,611.801958,627.727827,0,0,0,0,0,33.98454997302896,243220480,240959488,0.38428001225869374,0.4833547401595273,0,14.882831,NORMAL,scikit-learn IsolationForest.score_samples,0.5522227886332094,1.296361072562011,0,0.056408,NORMAL,NumPy RMS auf standardisiertem 128×3-Fenster
2026-09-18T18:57:17.657+02:00,206,0.3135036342463546,0.47720259914362284,0,0.140704,207.78350294043514,NORMAL,,PROFILE/P99,ai_edge_litert.Interpreter 2.1.6 num_threads=1,2026-09-18T18:57:17.030+02:00,14289844655063,14289860550043,0.356371,0.491667,15.89498,611.213105,627.108085,0,0,0,0,0,37.19002133384038,243220480,240959488,0.3850133094012872,0.4833547401595273,0,14.835998,NORMAL,scikit-learn IsolationForest.score_samples,0.5454891800978993,1.296361072562011,0,0.052297,NORMAL,NumPy RMS auf standardisiertem 128×3-Fenster
2026-09-18T18:57:18.274+02:00,207,0.3015268030736718,0.47720259914362284,0,0.139315,207.30955231699693,NORMAL,,PROFILE/P99,ai_edge_litert.Interpreter 2.1.6 num_threads=1,2026-09-18T18:57:17.646+02:00,14290462491194,14290478244970,0.351889,0.471186,15.753776,612.610459,628.364235,0,0,0,0,0,37.23502079917538,243220480,240959488,0.4009187560625244,0.4833547401595273,0,14.719201,NORMAL,scikit-learn IsolationForest.score_samples,0.5591253154891068,1.296361072562011,0,0.053333,NORMAL,NumPy RMS auf standardisiertem 128×3-Fenster
2026-09-18T18:57:18.892+02:00,208,0.2408083491123918,0.47720259914362284,0,0.142426,207.63465362334765,NORMAL,,PROFILE/P99,ai_edge_litert.Interpreter 2.1.6 num_threads=1,2026-09-18T18:57:18.265+02:00,14291080045972,14291095654656,0.365464,0.472833,15.608684,611.651272,627.259956,0,0,0,0,0,34.01332998604091,243220480,240959488,0.3829419546849924,0.4833547401595273,0,14.557645,NORMAL,scikit-learn IsolationForest.score_samples,0.5215289556501939,1.296361072562011,0,0.051444,NORMAL,NumPy RMS auf standardisiertem 128×3-Fenster
2026-09-18T18:57:19.511+02:00,209,0.31633179174473486,0.47720259914362284,0,0.135759,207.4220641686418,NORMAL,,PROFILE/P99,ai_edge_litert.Interpreter 2.1.6 num_threads=1,2026-09-18T18:57:18.882+02:00,14291698293455,14291714403825,0.331945,0.434223,16.11037,612.278161,628.388531,0,0,0,0,0,35.55534575743405,243220480,240959488,0.3908497096448651,0.4833547401595273,0,15.13459,NORMAL,scikit-learn IsolationForest.score_samples,0.5629222711061856,1.296361072562011,0,0.054944,NORMAL,NumPy RMS auf standardisiertem 128×3-Fenster
2026-09-18T18:57:20.130+02:00,210,0.288797671054865,0.47720259914362284,0,0.131166,207.0537344612612,NORMAL,,PROFILE/P99,ai_edge_litert.Interpreter 2.1.6 num_threads=1,2026-09-18T18:57:19.501+02:00,14292317827440,14292333580401,0.348463,0.448964,15.752961,613.367348,629.120309,0,0,0,0,0,33.915021714077376,243220480,240959488,0.38788550905875063,0.4833547401595273,0,14.709034,NORMAL,scikit-learn IsolationForest.score_samples,0.5435080939641243,1.296361072562011,0,0.097241,NORMAL,NumPy RMS auf standardisiertem 128×3-Fenster
2026-09-18T18:57:20.756+02:00,211,0.28832422468233904,0.47720259914362284,0,0.165,207.8950169059,NORMAL,,PROFILE/P99,ai_edge_litert.Interpreter 2.1.6 num_threads=1,2026-09-18T18:57:20.120+02:00,14292934715199,14292959418059,0.474427,0.595778,24.70286,610.885253,635.588113,0,0,0,0,0,36.7470684055373,243220480,240959488,0.3860241427569667,0.4833547401595273,0,23.323822,NORMAL,scikit-learn IsolationForest.score_samples,0.5434896052390753,1.296361072562011,0,0.119055,NORMAL,NumPy RMS auf standardisiertem 128×3-Fenster
2026-09-18T18:57:21.365+02:00,212,0.28450691813908036,0.47720259914362284,0,0.140667,208.8528355758723,NORMAL,,PROFILE/P99,ai_edge_litert.Interpreter 2.1.6 num_threads=1,2026-09-18T18:57:20.741+02:00,14293553027275,14293568996070,0.396463,0.485797,15.968795,608.083676,624.052471,0,0,0,0,0,39.37664513163507,243220480,240959488,0.38784243178562944,0.4833547401595273,0,14.874608,NORMAL,scikit-learn IsolationForest.score_samples,0.5332946435358181,1.296361072562011,0,0.052463,NORMAL,NumPy RMS auf standardisiertem 128×3-Fenster
2026-09-18T18:57:21.983+02:00,213,0.3224223580711507,0.47720259914362284,0,0.141056,207.61071793764285,NORMAL,,PROFILE/P99,ai_edge_litert.Interpreter 2.1.6 num_threads=1,2026-09-18T18:57:21.355+02:00,14294170949535,14294187296183,0.35326,0.471667,16.346648,611.72179,628.068438,0,0,0,0,0,35.580465216476846,243220480,240959488,0.3965979787023497,0.4833547401595273,0,15.294646,NORMAL,scikit-learn IsolationForest.score_samples,0.5629668687872492,1.296361072562011,0,0.065519,NORMAL,NumPy RMS auf standardisiertem 128×3-Fenster
2026-09-18T18:57:22.602+02:00,214,0.26124040893846495,0.47720259914362284,0,0.138167,207.3808486761428,NORMAL,,PROFILE/P99,ai_edge_litert.Interpreter 2.1.6 num_threads=1,2026-09-18T18:57:21.973+02:00,14294789437426,14294805452258,0.381982,0.480871,16.014832,612.399847,628.414679,0,0,0,0,0,35.590806991583975,243220480,240959488,0.39185262874801524,0.4833547401595273,0,14.940794,NORMAL,scikit-learn IsolationForest.score_samples,0.529350658261963,1.296361072562011,0,0.054112,NORMAL,NumPy RMS auf standardisiertem 128×3-Fenster
2026-09-18T18:57:23.219+02:00,215,0.2739843245588367,0.47720259914362284,0,0.14513,207.82160977895649,NORMAL,,PROFILE/P99,ai_edge_litert.Interpreter 2.1.6 num_threads=1,2026-09-18T18:57:22.592+02:00,14295407036983,14295422773889,0.358889,0.475686,15.736906,611.101031,626.837937,0,0,0,0,0,35.6380427501233,243220480,240959488,0.38506364415771327,0.4833547401595273,0,14.686368,NORMAL,scikit-learn IsolationForest.score_samples,0.5516883501356509,1.296361072562011,0,0.051981,NORMAL,NumPy RMS auf standardisiertem 128×3-Fenster
2026-09-18T18:57:23.838+02:00,216,0.2774046951977455,0.47720259914362284,0,0.13913,207.4580363644371,NORMAL,,PROFILE/P99,ai_edge_litert.Interpreter 2.1.6 num_threads=1,2026-09-18T18:57:23.210+02:00,14296025491003,14296042241799,0.373908,0.476574,16.750796,612.171995,628.922791,0,0,0,0,0,33.89948951485414,243220480,240959488,0.39269732042839667,0.4833547401595273,0,15.671906,NORMAL,scikit-learn IsolationForest.score_samples,0.5398659960938536,1.296361072562011,0,0.068889,NORMAL,NumPy RMS auf standardisiertem 128×3-Fenster
2026-09-18T18:57:24.454+02:00,217,0.32495678755476326,0.47720259914362284,0,0.138611,207.89364917837352,NORMAL,,PROFILE/P99,ai_edge_litert.Interpreter 2.1.6 num_threads=1,2026-09-18T18:57:23.827+02:00,14296642140633,14296658147909,0.385815,0.477519,16.007276,610.889272,626.896548,0,0,0,0,0,35.72005009536435,243220480,240959488,0.3911230178021286,0.4833547401595273,0,14.931683,NORMAL,scikit-learn IsolationForest.score_samples,0.5399625578391789,1.296361072562011,0,0.055186,NORMAL,NumPy RMS auf standardisiertem 128×3-Fenster
2026-09-18T18:57:25.074+02:00,218,0.2990998908245235,0.47720259914362284,0,0.157759,207.15357773663672,NORMAL,,PROFILE/P99,ai_edge_litert.Interpreter 2.1.6 num_threads=1,2026-09-18T18:57:24.444+02:00,14297260726246,14297277772338,0.342593,0.506593,17.046092,613.071719,630.117811,0,0,0,0,0,33.89155456545381,243220480,240959488,0.387715073446402,0.4833547401595273,0,15.962517,NORMAL,scikit-learn IsolationForest.score_samples,0.5635827434448887,1.296361072562011,0,0.05863,NORMAL,NumPy RMS auf standardisiertem 128×3-Fenster
2026-09-18T18:57:25.690+02:00,219,0.28867879798355084,0.47720259914362284,0,0.137722,207.25735757744388,NORMAL,,PROFILE/P99,ai_edge_litert.Interpreter 2.1.6 num_threads=1,2026-09-18T18:57:25.062+02:00,14297878717747,14297894234894,0.331223,0.467185,15.517147,612.764736,628.281883,0,0,0,0,0,35.68758444894443,243220480,240959488,0.3979944017039709,0.4833547401595273,0,14.510164,NORMAL,scikit-learn IsolationForest.score_samples,0.5423065194332066,1.296361072562011,0,0.053167,NORMAL,NumPy RMS auf standardisiertem 128×3-Fenster
2026-09-18T18:57:26.308+02:00,220,0.2891891132942656,0.47720259914362284,0,0.137278,207.97714790331884,NORMAL,,PROFILE/P99,ai_edge_litert.Interpreter 2.1.6 num_threads=1,2026-09-18T18:57:25.682+02:00,14298496463156,14298511909895,0.356074,0.470575,15.446739,610.644012,626.090751,0,0,0,0,0,38.855339569787105,243220480,240959488,0.39082209901796283,0.4833547401595273,0,14.412849,NORMAL,scikit-learn IsolationForest.score_samples,0.558422859281903,1.296361072562011,0,0.051019,NORMAL,NumPy RMS auf standardisiertem 128×3-Fenster
2026-09-18T18:57:26.928+02:00,221,0.302028863148242,0.47720259914362284,0,0.141537,207.24104215567223,NORMAL,,PROFILE/P99,ai_edge_litert.Interpreter 2.1.6 num_threads=1,2026-09-18T18:57:26.299+02:00,14299115387084,14299131466342,0.395704,0.494742,16.079258,612.812977,628.892235,0,0,0,0,0,35.509263986043614,243220480,240959488,0.38927804106938546,0.4833547401595273,0,14.97309,NORMAL,scikit-learn IsolationForest.score_samples,0.5476223805283503,1.296361072562011,0,0.054092,NORMAL,NumPy RMS auf standardisiertem 128×3-Fenster
2026-09-18T18:57:27.545+02:00,222,0.2645413259466391,0.47720259914362284,0,0.14863,208.26541851331885,NORMAL,,PROFILE/P99,ai_edge_litert.Interpreter 2.1.6 num_threads=1,2026-09-18T18:57:26.919+02:00,14299732240807,14299748331176,0.344296,0.476297,16.090369,609.798789,625.889158,0,0,0,0,0,35.66419668162458,243220480,240959488,0.39255874123308204,0.4833547401595273,0,15.048276,NORMAL,scikit-learn IsolationForest.score_samples,0.5380785267181171,1.296361072562011,0,0.05426,NORMAL,NumPy RMS auf standardisiertem 128×3-Fenster
2026-09-18T18:57:28.163+02:00,223,0.3224489681070774,0.47720259914362284,0,0.14087,207.00276769383174,NORMAL,,PROFILE/P99,ai_edge_litert.Interpreter 2.1.6 num_threads=1,2026-09-18T18:57:27.534+02:00,14300351006883,14300366830993,0.357889,0.467945,15.82411,613.518367,629.342477,0,0,0,0,0,37.18668854756813,243220480,240959488,0.38811098502511693,0.4833547401595273,0,14.781442,NORMAL,scikit-learn IsolationForest.score_samples,0.5628567599868649,1.296361072562011,0,0.056685,NORMAL,NumPy RMS auf standardisiertem 128×3-Fenster
2026-09-18T18:57:28.780+02:00,224,0.300437101698457,0.47720259914362284,0,0.128629,207.84386206103326,NORMAL,,PROFILE/P99,ai_edge_litert.Interpreter 2.1.6 num_threads=1,2026-09-18T18:57:28.153+02:00,14300967997809,14300983618530,0.369279,0.459389,15.620721,611.035605,626.656326,0,0,0,0,0,32.42612735606236,243220480,240959488,0.3854670647374763,0.4833547401595273,0,14.593701,NORMAL,scikit-learn IsolationForest.score_samples,0.555518893571275,1.296361072562011,0,0.052481,NORMAL,NumPy RMS auf standardisiertem 128×3-Fenster
2026-09-18T18:57:29.398+02:00,225,0.2732013805404418,0.47720259914362284,0,0.149963,207.21853669732516,NORMAL,,PROFILE/P99,ai_edge_litert.Interpreter 2.1.6 num_threads=1,2026-09-18T18:57:28.769+02:00,14301585992552,14301602278532,0.416426,0.497241,16.28598,612.879533,629.165513,0,0,0,0,0,35.560641689988984,243220480,240959488,0.3971240146893378,0.4833547401595273,0,15.145424,NORMAL,scikit-learn IsolationForest.score_samples,0.546355062683645,1.296361072562011,0,0.058685,NORMAL,NumPy RMS auf standardisiertem 128×3-Fenster
2026-09-18T18:57:30.016+02:00,226,0.2771779267751819,0.47720259914362284,0,0.143241,207.71255866029588,NORMAL,,PROFILE/P99,ai_edge_litert.Interpreter 2.1.6 num_threads=1,2026-09-18T18:57:29.389+02:00,14302203811979,14302219496385,0.360297,0.477352,15.684406,611.421865,627.106271,0,0,0,0,0,34.02374935792892,243220480,240959488,0.3889737779735321,0.4833547401595273,0,14.629683,NORMAL,scikit-learn IsolationForest.score_samples,0.5270275394306161,1.296361072562011,0,0.053259,NORMAL,NumPy RMS auf standardisiertem 128×3-Fenster
2026-09-18T18:57:30.635+02:00,227,0.32407841077880306,0.47720259914362284,0,0.137648,207.4024671036252,NORMAL,,PROFILE/P99,ai_edge_litert.Interpreter 2.1.6 num_threads=1,2026-09-18T18:57:30.006+02:00,14302822414592,14302838951277,0.413982,0.481334,16.536685,612.336014,628.872699,0,0,0,0,0,37.129464111557475,243220480,240959488,0.3874082750458928,0.4833547401595273,0,15.431369,NORMAL,scikit-learn IsolationForest.score_samples,0.5555278970442599,1.296361072562011,0,0.054259,NORMAL,NumPy RMS auf standardisiertem 128×3-Fenster
2026-09-18T18:57:31.261+02:00,228,0.24456600411710502,0.47720259914362284,0,0.17063,207.25721315198203,NORMAL,,PROFILE/P99,ai_edge_litert.Interpreter 2.1.6 num_threads=1,2026-09-18T18:57:30.624+02:00,14303440955391,14303465051472,0.450778,0.599482,24.096081,612.765163,636.861244,0,0,0,0,0,36.73342428304987,243220480,240959488,0.38559972901428,0.4833547401595273,0,22.774617,NORMAL,scikit-learn IsolationForest.score_samples,0.5293011830084183,1.296361072562011,0,0.073981,NORMAL,NumPy RMS auf standardisiertem 128×3-Fenster
2026-09-18T18:57:31.870+02:00,229,0.29207138414555683,0.47720259914362284,0,0.124426,209.73737816766507,NORMAL,,PROFILE/P99,ai_edge_litert.Interpreter 2.1.6 num_threads=1,2026-09-18T18:57:31.249+02:00,14304058274632,14304074286946,0.356427,0.450556,16.012314,605.519155,621.531469,0,0,0,0,0,41.03613556909859,243220480,240959488,0.39135334590374204,0.4833547401595273,0,14.99485,NORMAL,scikit-learn IsolationForest.score_samples,0.5531784487203917,1.296361072562011,0,0.069,NORMAL,NumPy RMS auf standardisiertem 128×3-Fenster
2026-09-18T18:57:32.489+02:00,230,0.2991689000729155,0.47720259914362284,0,0.138833,207.04663934391178,NORMAL,,PROFILE/P99,ai_edge_litert.Interpreter 2.1.6 num_threads=1,2026-09-18T18:57:31.860+02:00,14304677287579,14304693006800,0.371204,0.479871,15.719221,613.388367,629.107588,0,0,0,0,0,35.55824579907583,243220480,240959488,0.38879470046647646,0.4833547401595273,0,14.659275,NORMAL,scikit-learn IsolationForest.score_samples,0.5511515619709806,1.296361072562011,0,0.051722,NORMAL,NumPy RMS auf standardisiertem 128×3-Fenster
2026-09-18T18:57:33.107+02:00,231,0.27596182160135047,0.47720259914362284,0,0.138055,208.02937804636193,NORMAL,,PROFILE/P99,ai_edge_litert.Interpreter 2.1.6 num_threads=1,2026-09-18T18:57:32.480+02:00,14305294232839,14305310720338,0.349667,0.476297,16.487499,610.490697,626.978196,0,0,0,0,0,35.61522168611645,243220480,240959488,0.38437751034308737,0.4833547401595273,0,15.451091,NORMAL,scikit-learn IsolationForest.score_samples,0.5416118329803847,1.296361072562011,0,0.054537,NORMAL,NumPy RMS auf standardisiertem 128×3-Fenster
2026-09-18T18:57:33.724+02:00,232,0.2819494045259959,0.47720259914362284,0,0.139741,207.5083358794497,NORMAL,,PROFILE/P99,ai_edge_litert.Interpreter 2.1.6 num_threads=1,2026-09-18T18:57:33.097+02:00,14305912667582,14305928237006,0.351834,0.472519,15.569424,612.023606,627.59303,0,0,0,0,0,34.007172115761456,243220480,240959488,0.381126110670266,0.4833547401595273,0,14.533349,NORMAL,scikit-learn IsolationForest.score_samples,0.5344265301014446,1.296361072562011,0,0.052518,NORMAL,NumPy RMS auf standardisiertem 128×3-Fenster
2026-09-18T18:57:34.343+02:00,233,0.26160301369952776,0.47720259914362284,0,0.137296,207.15946639192603,NORMAL,,PROFILE/P99,ai_edge_litert.Interpreter 2.1.6 num_threads=1,2026-09-18T18:57:33.715+02:00,14306531381695,14306546985249,0.387816,0.481945,15.603554,613.054292,628.657846,0,0,0,0,0,35.555723522225286,243220480,240959488,0.38333870722901237,0.4833547401595273,0,14.522812,NORMAL,scikit-learn IsolationForest.score_samples,0.5378471732611109,1.296361072562011,0,0.053871,NORMAL,NumPy RMS auf standardisiertem 128×3-Fenster
2026-09-18T18:57:34.960+02:00,234,0.3016849018962084,0.47720259914362284,0,0.14126,208.080245494581,NORMAL,,PROFILE/P99,ai_edge_litert.Interpreter 2.1.6 num_threads=1,2026-09-18T18:57:34.334+02:00,14307148170825,14307164177269,0.378945,0.476093,16.006444,610.341456,626.3479,0,0,0,0,0,35.645131093084984,243220480,240959488,0.3848397445255857,0.4833547401595273,0,14.935906,NORMAL,scikit-learn IsolationForest.score_samples,0.5449254000471164,1.296361072562011,0,0.054926,NORMAL,NumPy RMS auf standardisiertem 128×3-Fenster
2026-09-18T18:57:35.579+02:00,235,0.2604236496396055,0.47720259914362284,0,0.1365,207.27105658789208,NORMAL,,PROFILE/P99,ai_edge_litert.Interpreter 2.1.6 num_threads=1,2026-09-18T18:57:34.950+02:00,14307766987865,14307782777345,0.361963,0.468205,15.78948,612.724237,628.513717,0,0,0,0,0,35.56411744084743,243220480,240959488,0.38404306739082106,0.4833547401595273,0,14.750942,NORMAL,scikit-learn IsolationForest.score_samples,0.5226090014650128,1.296361072562011,0,0.053055,NORMAL,NumPy RMS auf standardisiertem 128×3-Fenster
2026-09-18T18:57:36.197+02:00,236,0.2845391430073687,0.47720259914362284,0,0.144093,207.37223243222948,NORMAL,,PROFILE/P99,ai_edge_litert.Interpreter 2.1.6 num_threads=1,2026-09-18T18:57:35.569+02:00,14308385172348,14308401128847,0.382223,0.473445,15.956499,612.425292,628.381791,0,0,0,0,0,33.96140762780712,243220480,240959488,0.38580457939017876,0.4833547401595273,0,14.884961,NORMAL,scikit-learn IsolationForest.score_samples,0.546439106820943,1.296361072562011,0,0.054444,NORMAL,NumPy RMS auf standardisiertem 128×3-Fenster
2026-09-18T18:57:36.822+02:00,237,0.25157861061169723,0.47720259914362284,0,0.173315,207.83998782286784,NORMAL,,PROFILE/P99,ai_edge_litert.Interpreter 2.1.6 num_threads=1,2026-09-18T18:57:36.187+02:00,14309002200516,14309026013745,0.498722,0.601649,23.813229,611.046995,634.860224,0,0,0,0,0,38.405430773696885,243220480,240959488,0.39052645377228007,0.4833547401595273,0,22.440043,NORMAL,scikit-learn IsolationForest.score_samples,0.5461668751626825,1.296361072562011,0,0.075334,NORMAL,NumPy RMS auf standardisiertem 128×3-Fenster
2026-09-18T18:57:37.435+02:00,238,0.2865343428084852,0.47720259914362284,0,0.171556,209.9190173753607,NORMAL,,PROFILE/P99,ai_edge_litert.Interpreter 2.1.6 num_threads=1,2026-09-18T18:57:36.813+02:00,14309621557926,14309638992704,1.175501,0.502927,17.434778,604.99521,622.429988,0,0,0,0,0,39.15458036957196,243220480,240959488,0.3859911237857838,0.4833547401595273,0,15.511702,NORMAL,scikit-learn IsolationForest.score_samples,0.5422804103513997,1.296361072562011,0,0.054149,NORMAL,NumPy RMS auf standardisiertem 128×3-Fenster
2026-09-18T18:57:38.052+02:00,239,0.2888483748078272,0.47720259914362284,0,0.16963,207.91699489925094,NORMAL,,PROFILE/P99,ai_edge_litert.Interpreter 2.1.6 num_threads=1,2026-09-18T18:57:37.425+02:00,14310239159094,14310255588964,0.318389,0.503705,16.42987,610.820679,627.250549,0,0,0,0,0,35.68005475634182,243220480,240959488,0.3851525982786761,0.4833547401595273,0,15.365794,NORMAL,scikit-learn IsolationForest.score_samples,0.5435897792543655,1.296361072562011,0,0.052648,NORMAL,NumPy RMS auf standardisiertem 128×3-Fenster
2026-09-18T18:57:38.669+02:00,240,0.295279398047807,0.47720259914362284,0,0.138796,207.54531821477363,NORMAL,,PROFILE/P99,ai_edge_litert.Interpreter 2.1.6 num_threads=1,2026-09-18T18:57:38.041+02:00,14310856657021,14310872462001,0.417982,0.481112,15.80498,611.91455,627.71953,0,0,0,0,0,34.04245407858741,243220480,240959488,0.38659884984559634,0.4833547401595273,0,14.695775,NORMAL,scikit-learn IsolationForest.score_samples,0.5530606961843003,1.296361072562011,0,0.0515,NORMAL,NumPy RMS auf standardisiertem 128×3-Fenster
2026-09-18T18:57:39.288+02:00,241,0.2789274064799708,0.47720259914362284,0,0.160926,207.19005818441727,NORMAL,,PROFILE/P99,ai_edge_litert.Interpreter 2.1.6 num_threads=1,2026-09-18T18:57:38.659+02:00,14311475629654,14311492106857,0.354537,0.499001,16.477203,612.963774,629.440977,0,0,0,0,0,35.50447243784618,243220480,240959488,0.38049067191733293,0.4833547401595273,0,15.386813,NORMAL,scikit-learn IsolationForest.score_samples,0.5310918011808335,1.296361072562011,0,0.056723,NORMAL,NumPy RMS auf standardisiertem 128×3-Fenster
2026-09-18T18:57:39.906+02:00,242,0.2801074918520905,0.47720259914362284,0,0.160296,207.5817040238574,NORMAL,,PROFILE/P99,ai_edge_litert.Interpreter 2.1.6 num_threads=1,2026-09-18T18:57:39.278+02:00,14312093506433,14312110032118,0.349112,0.497796,16.525685,611.807291,628.332976,0,0,0,0,0,35.602775451988784,243220480,240959488,0.3838387247017192,0.4833547401595273,0,15.444869,NORMAL,scikit-learn IsolationForest.score_samples,0.5454569758857509,1.296361072562011,0,0.054704,NORMAL,NumPy RMS auf standardisiertem 128×3-Fenster
2026-09-18T18:57:40.524+02:00,243,0.28134470101585407,0.47720259914362284,0,0.157685,207.86022797406025,NORMAL,,PROFILE/P99,ai_edge_litert.Interpreter 2.1.6 num_threads=1,2026-09-18T18:57:39.897+02:00,14312711312824,14312727798508,0.365204,0.518056,16.485684,610.987495,627.473179,0,0,0,0,0,35.61226541910882,243220480,240959488,0.3884423403361588,0.4833547401595273,0,15.371591,NORMAL,scikit-learn IsolationForest.score_samples,0.5556496060618107,1.296361072562011,0,0.054593,NORMAL,NumPy RMS auf standardisiertem 128×3-Fenster
2026-09-18T18:57:41.142+02:00,244,0.2790910585767333,0.47720259914362284,0,0.141074,207.58289766218883,NORMAL,,PROFILE/P99,ai_edge_litert.Interpreter 2.1.6 num_threads=1,2026-09-18T18:57:40.513+02:00,14313328523065,14313346174047,0.346575,0.474426,17.650982,611.803773,629.454755,0,0,0,0,0,33.956825219364276,243220480,240959488,0.3847029185563463,0.4833547401595273,0,16.581573,NORMAL,scikit-learn IsolationForest.score_samples,0.545106686994132,1.296361072562011,0,0.089,NORMAL,NumPy RMS auf standardisiertem 128×3-Fenster
2026-09-18T18:57:41.762+02:00,245,0.26004437009544307,0.47720259914362284,0,0.232408,207.35650696645942,NORMAL,,PROFILE/P99,ai_edge_litert.Interpreter 2.1.6 num_threads=1,2026-09-18T18:57:41.131+02:00,14313947162605,14313965702477,0.61526,0.794852,18.539872,612.471737,631.011609,0,0,0,0,0,35.513950539228055,243220480,240959488,0.3855906452050348,0.4833547401595273,0,16.815167,NORMAL,scikit-learn IsolationForest.score_samples,0.5205143139644824,1.296361072562011,0,0.057648,NORMAL,NumPy RMS auf standardisiertem 128×3-Fenster
2026-09-18T18:57:42.378+02:00,246,0.3134779438183852,0.47720259914362284,0,0.137352,207.1263493825006,NORMAL,,PROFILE/P99,ai_edge_litert.Interpreter 2.1.6 num_threads=1,2026-09-18T18:57:41.749+02:00,14314566004404,14314581771421,0.369111,0.473649,15.767017,613.152312,628.919329,0,0,0,0,0,37.33368139141879,243220480,240959488,0.3878534129662218,0.4833547401595273,0,14.71309,NORMAL,scikit-learn IsolationForest.score_samples,0.5356512843735833,1.296361072562011,0,0.053352,NORMAL,NumPy RMS auf standardisiertem 128×3-Fenster
2026-09-18T18:57:42.998+02:00,247,0.2779624777303252,0.47720259914362284,0,0.163167,207.80687391268017,NORMAL,,PROFILE/P99,ai_edge_litert.Interpreter 2.1.6 num_threads=1,2026-09-18T18:57:42.369+02:00,14315183969313,14315201667425,0.548223,0.551908,17.698112,611.144365,628.842477,0,0,0,0,0,37.1026784265963,243220480,240959488,0.3808998976896756,0.4833547401595273,0,16.347129,NORMAL,scikit-learn IsolationForest.score_samples,0.549168790645612,1.296361072562011,0,0.065001,NORMAL,NumPy RMS auf standardisiertem 128×3-Fenster
2026-09-18T18:57:43.613+02:00,248,0.27553058266296365,0.47720259914362284,0,0.13713,209.49843261025813,NORMAL,,PROFILE/P99,ai_edge_litert.Interpreter 2.1.6 num_threads=1,2026-09-18T18:57:42.990+02:00,14315800189776,14315816695849,0.353741,0.477334,16.506073,606.209786,622.715859,0,0,0,0,0,37.396862907257926,243220480,240959488,0.3804974351004598,0.4833547401595273,0,15.462146,NORMAL,scikit-learn IsolationForest.score_samples,0.5162862852759713,1.296361072562011,0,0.05763,NORMAL,NumPy RMS auf standardisiertem 128×3-Fenster
2026-09-18T18:57:44.232+02:00,249,0.282083271675198,0.47720259914362284,0,0.135352,207.15029277814986,NORMAL,,PROFILE/P99,ai_edge_litert.Interpreter 2.1.6 num_threads=1,2026-09-18T18:57:43.603+02:00,14316419692076,14316435564667,0.40087,0.477612,15.872591,613.081441,628.954032,0,0,0,0,0,37.16444483313955,243220480,240959488,0.384841167084635,0.4833547401595273,0,14.784775,NORMAL,scikit-learn IsolationForest.score_samples,0.5575083922396188,1.296361072562011,0,0.054667,NORMAL,NumPy RMS auf standardisiertem 128×3-Fenster
2026-09-18T18:57:44.850+02:00,250,0.27399476089602537,0.47720259914362284,0,0.135111,207.54021784610944,NORMAL,,PROFILE/P99,ai_edge_litert.Interpreter 2.1.6 num_threads=1,2026-09-18T18:57:44.222+02:00,14317037726170,14317053684724,0.360686,0.476537,15.958554,611.929588,627.888142,0,0,0,0,0,37.209646655928424,243220480,240959488,0.3801385710855436,0.4833547401595273,0,14.912016,NORMAL,scikit-learn IsolationForest.score_samples,0.5218484741385567,1.296361072562011,0,0.054167,NORMAL,NumPy RMS auf standardisiertem 128×3-Fenster
2026-09-18T18:57:45.468+02:00,251,0.30699871835835807,0.47720259914362284,0,0.138148,207.88107740984552,NORMAL,,PROFILE/P99,ai_edge_litert.Interpreter 2.1.6 num_threads=1,2026-09-18T18:57:44.840+02:00,14317654915986,14317671548078,0.402649,0.48787,16.632092,610.926216,627.558308,0,0,0,0,0,33.987983600152496,243220480,240959488,0.3854390309906542,0.4833547401595273,0,15.525202,NORMAL,scikit-learn IsolationForest.score_samples,0.5449750862915624,1.296361072562011,0,0.059667,NORMAL,NumPy RMS auf standardisiertem 128×3-Fenster
2026-09-18T18:57:46.086+02:00,252,0.24896595232223717,0.47720259914362284,0,0.143148,207.23676460618506,NORMAL,,PROFILE/P99,ai_edge_litert.Interpreter 2.1.6 num_threads=1,2026-09-18T18:57:45.457+02:00,14318273439655,14318289740525,0.347963,0.485038,16.30087,612.825626,629.126496,0,0,0,0,0,35.58772576686261,243220480,240959488,0.38124156465896414,0.4833547401595273,0,15.254461,NORMAL,scikit-learn IsolationForest.score_samples,0.5321004811510788,1.296361072562011,0,0.051871,NORMAL,NumPy RMS auf standardisiertem 128×3-Fenster
2026-09-18T18:57:46.703+02:00,253,0.2509809466249273,0.47720259914362284,0,0.140537,208.12240864658605,NORMAL,,PROFILE/P99,ai_edge_litert.Interpreter 2.1.6 num_threads=1,2026-09-18T18:57:46.076+02:00,14318890128989,14318906738933,0.351445,0.475167,16.609944,610.217808,626.827752,0,0,0,0,0,35.65634409729279,243220480,240959488,0.38547122457400557,0.4833547401595273,0,15.562776,NORMAL,scikit-learn IsolationForest.score_samples,0.5181376473760626,1.296361072562011,0,0.061666,NORMAL,NumPy RMS auf standardisiertem 128×3-Fenster
2026-09-18T18:57:47.329+02:00,254,0.29001657800130926,0.47720259914362284,0,0.172297,207.38074200574752,NORMAL,,PROFILE/P99,ai_edge_litert.Interpreter 2.1.6 num_threads=1,2026-09-18T18:57:46.693+02:00,14319509261918,14319532897907,0.419167,0.592167,23.635989,612.400162,636.036151,0,0,0,0,0,35.13358908452036,243220480,240959488,0.39187760956852125,0.4833547401595273,0,22.353746,NORMAL,scikit-learn IsolationForest.score_samples,0.5471833028393741,1.296361072562011,0,0.073778,NORMAL,NumPy RMS auf standardisiertem 128×3-Fenster
2026-09-18T18:57:47.940+02:00,255,0.25817339867612316,0.47720259914362284,0,0.138038,208.3234003806505,NORMAL,,PROFILE/P99,ai_edge_litert.Interpreter 2.1.6 num_threads=1,2026-09-18T18:57:47.314+02:00,14320127698420,14320143711919,0.356242,0.474111,16.013499,609.629066,625.642565,0,0,0,0,0,39.29360330694034,243220480,240959488,0.383211142251594,0.4833547401595273,0,14.971979,NORMAL,scikit-learn IsolationForest.score_samples,0.5383893643925725,1.296361072562011,0,0.055092,NORMAL,NumPy RMS auf standardisiertem 128×3-Fenster
2026-09-18T18:57:48.557+02:00,256,0.28735789589303334,0.47720259914362284,0,0.138833,207.474235142924,NORMAL,,PROFILE/P99,ai_edge_litert.Interpreter 2.1.6 num_threads=1,2026-09-18T18:57:47.930+02:00,14320745536552,14320761254180,0.3655,0.483742,15.717628,612.124199,627.841827,0,0,0,0,0,34.00569336263875,243220480,240959488,0.38680883923605663,0.4833547401595273,0,14.655905,NORMAL,scikit-learn IsolationForest.score_samples,0.5491420722066376,1.296361072562011,0,0.053908,NORMAL,NumPy RMS auf standardisiertem 128×3-Fenster
2026-09-18T18:57:49.175+02:00,257,0.28760034839206955,0.47720259914362284,0,0.166,207.92819057499494,NORMAL,,PROFILE/P99,ai_edge_litert.Interpreter 2.1.6 num_threads=1,2026-09-18T18:57:48.548+02:00,14321363097590,14321378822811,0.358353,0.471389,15.725221,610.78779,626.513011,0,0,0,0,0,37.242813115199944,243220480,240959488,0.38455139306418534,0.4833547401595273,0,14.655608,NORMAL,scikit-learn IsolationForest.score_samples,0.5530715422801761,1.296361072562011,0,0.055278,NORMAL,NumPy RMS auf standardisiertem 128×3-Fenster
2026-09-18T18:57:49.793+02:00,258,0.2401913829876451,0.47720259914362284,0,0.139111,207.66473192903138,NORMAL,,PROFILE/P99,ai_edge_litert.Interpreter 2.1.6 num_threads=1,2026-09-18T18:57:49.166+02:00,14321981015055,14321996845369,0.366186,0.482574,15.830314,611.56268,627.392994,0,0,0,0,0,35.59753734938891,243220480,240959488,0.38874382010786235,0.4833547401595273,0,14.76972,NORMAL,scikit-learn IsolationForest.score_samples,0.5397807958180878,1.296361072562011,0,0.053834,NORMAL,NumPy RMS auf standardisiertem 128×3-Fenster
2026-09-18T18:57:50.410+02:00,259,0.28951761501188916,0.47720259914362284,0,0.141538,207.73403257633737,NORMAL,,PROFILE/P99,ai_edge_litert.Interpreter 2.1.6 num_threads=1,2026-09-18T18:57:49.783+02:00,14322598428927,14322614056870,0.3445,0.503205,15.627943,611.358661,626.986604,0,0,0,0,0,34.02385144892487,243220480,240959488,0.38317514921634643,0.4833547401595273,0,14.561756,NORMAL,scikit-learn IsolationForest.score_samples,0.5319781840463491,1.296361072562011,0,0.056352,NORMAL,NumPy RMS auf standardisiertem 128×3-Fenster
2026-09-18T18:57:51.029+02:00,260,0.28482906431519844,0.47720259914362284,0,0.139352,207.52315456345957,NORMAL,,PROFILE/P99,ai_edge_litert.Interpreter 2.1.6 num_threads=1,2026-09-18T18:57:50.400+02:00,14323216247633,14323233234910,1.090167,0.473834,16.987277,611.979903,628.96718,0,0,0,0,0,37.14587246947337,243220480,240959488,0.3839624493990561,0.4833547401595273,0,15.210239,NORMAL,scikit-learn IsolationForest.score_samples,0.5272384141217171,1.296361072562011,0,0.055259,NORMAL,NumPy RMS auf standardisiertem 128×3-Fenster
2026-09-18T18:57:51.650+02:00,261,0.28723694443373965,0.47720259914362284,0,0.144001,207.90191775538952,NORMAL,,PROFILE/P99,ai_edge_litert.Interpreter 2.1.6 num_threads=1,2026-09-18T18:57:51.020+02:00,14323834385950,14323853464563,0.362722,0.477945,19.078613,610.864976,629.943589,0,0,0,0,0,33.855028903548586,243220480,240959488,0.3823876429321634,0.4833547401595273,0,17.974371,NORMAL,scikit-learn IsolationForest.score_samples,0.5502507144518897,1.296361072562011,0,0.098871,NORMAL,NumPy RMS auf standardisiertem 128×3-Fenster
2026-09-18T18:57:52.267+02:00,262,0.25103509554828324,0.47720259914362284,0,0.197297,207.79967064570315,NORMAL,,PROFILE/P99,ai_edge_litert.Interpreter 2.1.6 num_threads=1,2026-09-18T18:57:51.639+02:00,14324453790101,14324471219768,0.435797,0.706834,17.429667,611.16555,628.595217,0,0,0,0,0,51.80579609135063,243220480,240959488,0.38868796272035366,0.4833547401595273,0,16.010962,NORMAL,scikit-learn IsolationForest.score_samples,0.5562546171373154,1.296361072562011,0,0.056889,NORMAL,NumPy RMS auf standardisiertem 128×3-Fenster
2026-09-18T18:57:52.891+02:00,263,0.2934387516557484,0.47720259914362284,0,0.175167,207.91983753150444,NORMAL,,PROFILE/P99,ai_edge_litert.Interpreter 2.1.6 num_threads=1,2026-09-18T18:57:52.257+02:00,14325071398270,14325094369868,0.480537,0.61689,22.971598,610.812328,633.783926,0,0,0,0,0,36.90787557885874,243220480,240959488,0.38528326900374305,0.4833547401595273,0,21.606153,NORMAL,scikit-learn IsolationForest.score_samples,0.5288501736344821,1.296361072562011,0,0.06726,NORMAL,NumPy RMS auf standardisiertem 128×3-Fenster
2026-09-18T18:57:53.502+02:00,264,0.29623214173781126,0.47720259914362284,0,0.143111,209.1605330477595,NORMAL,,PROFILE/P99,ai_edge_litert.Interpreter 2.1.6 num_threads=1,2026-09-18T18:57:52.878+02:00,14325688838771,14325705349844,0.398241,0.491038,16.511073,607.18912,623.700193,0,0,0,0,0,42.556115881594614,243220480,240959488,0.3861231376735006,0.4833547401595273,0,15.403795,NORMAL,scikit-learn IsolationForest.score_samples,0.539404238780058,1.296361072562011,0,0.05726,NORMAL,NumPy RMS auf standardisiertem 128×3-Fenster
2026-09-18T18:57:54.119+02:00,265,0.2832286328404784,0.47720259914362284,0,0.155648,207.65455772878784,NORMAL,,PROFILE/P99,ai_edge_litert.Interpreter 2.1.6 num_threads=1,2026-09-18T18:57:53.491+02:00,14326306325273,14326322993772,0.355574,0.504519,16.668499,611.592644,628.261143,0,0,0,0,0,35.61864398857543,243220480,240959488,0.38877619505979644,0.4833547401595273,0,15.572073,NORMAL,scikit-learn IsolationForest.score_samples,0.5284663618092887,1.296361072562011,0,0.060648,NORMAL,NumPy RMS auf standardisiertem 128×3-Fenster
2026-09-18T18:57:54.803+02:00,266,0.29649162583565364,0.47720259914362284,0,0.339685,207.283260342668,NORMAL,,PROFILE/P99,ai_edge_litert.Interpreter 2.1.6 num_threads=1,2026-09-18T18:57:54.109+02:00,14326925451294,14327006929808,0.596964,0.834816,81.478514,612.688163,694.166677,0,0,0,0,0,38.014232911793,243220480,240959488,0.3932954996839095,0.4833547401595273,0,79.552661,NORMAL,scikit-learn IsolationForest.score_samples,0.5537071093099617,1.296361072562011,0,0.078963,NORMAL,NumPy RMS auf standardisiertem 128×3-Fenster
2026-09-18T18:57:55.357+02:00,267,0.23598002140007424,0.47720259914362284,0,0.139797,237.63456340162284,NORMAL,,PROFILE/P99,ai_edge_litert.Interpreter 2.1.6 num_threads=1,2026-09-18T18:57:54.805+02:00,14327543410574,14327560503519,0.387667,0.499853,17.092945,534.434041,551.526986,0,0,0,0,0,45.16271173013436,243220480,240959488,0.3823493658541966,0.4833547401595273,0,15.983795,NORMAL,scikit-learn IsolationForest.score_samples,0.5100867589552623,1.296361072562011,0,0.062186,NORMAL,NumPy RMS auf standardisiertem 128×3-Fenster
2026-09-18T18:57:55.973+02:00,268,0.2918514721749945,0.47720259914362284,0,0.143834,207.6658321225489,NORMAL,,PROFILE/P99,ai_edge_litert.Interpreter 2.1.6 num_threads=1,2026-09-18T18:57:55.345+02:00,14328160263390,14328176619482,0.373926,0.481167,16.356092,611.55944,627.915532,0,0,0,0,0,35.70818402037319,243220480,240959488,0.38485544057350624,0.4833547401595273,0,15.283276,NORMAL,scikit-learn IsolationForest.score_samples,0.5492859547137612,1.296361072562011,0,0.055723,NORMAL,NumPy RMS auf standardisiertem 128×3-Fenster
2026-09-18T18:57:56.592+02:00,269,0.2701535415605936,0.47720259914362284,0,0.141055,206.96672788704453,NORMAL,,PROFILE/P99,ai_edge_litert.Interpreter 2.1.6 num_threads=1,2026-09-18T18:57:55.962+02:00,14328779615616,14328795336670,0.323,0.477371,15.721054,613.625201,629.346255,0,0,0,0,0,37.173858746393876,243220480,240959488,0.3872967610580041,0.4833547401595273,0,14.707701,NORMAL,scikit-learn IsolationForest.score_samples,0.5405553680832832,1.296361072562011,0,0.053352,NORMAL,NumPy RMS auf standardisiertem 128×3-Fenster
2026-09-18T18:57:57.209+02:00,270,0.31272388401605394,0.47720259914362284,0,0.147371,208.0212567454844,NORMAL,,PROFILE/P99,ai_edge_litert.Interpreter 2.1.6 num_threads=1,2026-09-18T18:57:56.583+02:00,14329397009691,14329413056079,0.481019,0.586371,16.046388,610.514531,626.560919,0,0,0,0,0,38.852568392814725,243220480,240959488,0.3895020651302782,0.4833547401595273,0,14.753015,NORMAL,scikit-learn IsolationForest.score_samples,0.552012585829179,1.296361072562011,0,0.055889,NORMAL,NumPy RMS auf standardisiertem 128×3-Fenster
2026-09-18T18:57:57.828+02:00,271,0.2817024833109632,0.47720259914362284,0,0.139889,207.6326793093584,NORMAL,,PROFILE/P99,ai_edge_litert.Interpreter 2.1.6 num_threads=1,2026-09-18T18:57:57.200+02:00,14330015795287,14330031639767,0.383797,0.486167,15.84448,611.657088,627.501568,0,0,0,0,0,38.79825151219951,243220480,240959488,0.383981396882781,0.4833547401595273,0,14.761904,NORMAL,scikit-learn IsolationForest.score_samples,0.5360403008927891,1.296361072562011,0,0.054926,NORMAL,NumPy RMS auf standardisiertem 128×3-Fenster
2026-09-18T18:57:58.445+02:00,272,0.3005103849147387,0.47720259914362284,0,0.136222,208.14330389167057,NORMAL,,PROFILE/P99,ai_edge_litert.Interpreter 2.1.6 num_threads=1,2026-09-18T18:57:57.819+02:00,14330632480621,14330648816120,0.4645,0.482816,16.335499,610.156549,626.492048,0,0,0,0,0,53.46944523947879,243220480,240959488,0.39083480545555344,0.4833547401595273,0,15.174498,NORMAL,scikit-learn IsolationForest.score_samples,0.5426118894992747,1.296361072562011,0,0.05663,NORMAL,NumPy RMS auf standardisiertem 128×3-Fenster
2026-09-18T18:57:59.063+02:00,273,0.31553990199412824,0.47720259914362284,0,0.159963,207.5503740610119,NORMAL,,PROFILE/P99,ai_edge_litert.Interpreter 2.1.6 num_threads=1,2026-09-18T18:57:58.435+02:00,14331250996402,14331266836493,0.420426,0.493037,15.840091,611.899644,627.739735,0,0,0,0,0,38.833516564135316,243220480,240959488,0.39173300859669496,0.4833547401595273,0,14.694256,NORMAL,scikit-learn IsolationForest.score_samples,0.5604554623846651,1.296361072562011,0,0.053815,NORMAL,NumPy RMS auf standardisiertem 128×3-Fenster
2026-09-18T18:57:59.681+02:00,274,0.2885594140395878,0.47720259914362284,0,0.137241,207.92740215081346,NORMAL,,PROFILE/P99,ai_edge_litert.Interpreter 2.1.6 num_threads=1,2026-09-18T18:57:59.054+02:00,14331868195255,14331884906365,0.402074,0.481204,16.71111,610.790106,627.501216,0,0,0,0,0,42.06618663391051,243220480,240959488,0.38597862151455437,0.4833547401595273,0,15.612628,NORMAL,scikit-learn IsolationForest.score_samples,0.520683066127355,1.296361072562011,0,0.059722,NORMAL,NumPy RMS auf standardisiertem 128×3-Fenster
2026-09-18T18:58:00.299+02:00,275,0.2882418467904441,0.47720259914362284,0,0.142111,206.87416561397987,NORMAL,,PROFILE/P99,ai_edge_litert.Interpreter 2.1.6 num_threads=1,2026-09-18T18:57:59.670+02:00,14332487290703,14332503167590,0.353963,0.486926,15.876887,613.899757,629.776644,0,0,0,0,0,40.436344583059764,243220480,240959488,0.39052681742082834,0.4833547401595273,0,14.822665,NORMAL,scikit-learn IsolationForest.score_samples,0.5468456745965602,1.296361072562011,0,0.052612,NORMAL,NumPy RMS auf standardisiertem 128×3-Fenster
2026-09-18T18:58:00.917+02:00,276,0.2730056288033997,0.47720259914362284,0,0.146852,207.49354371993613,NORMAL,,PROFILE/P99,ai_edge_litert.Interpreter 2.1.6 num_threads=1,2026-09-18T18:58:00.289+02:00,14333105151631,14333121162852,0.389093,0.48063,16.011221,612.067237,628.078458,0,0,0,0,0,40.45337246641795,243220480,240959488,0.39222881198682963,0.4833547401595273,0,14.923479,NORMAL,scikit-learn IsolationForest.score_samples,0.5232115130046986,1.296361072562011,0,0.0525,NORMAL,NumPy RMS auf standardisiertem 128×3-Fenster
2026-09-18T18:58:01.534+02:00,277,0.30281216793648724,0.47720259914362284,0,0.147852,208.34745591408435,NORMAL,,PROFILE/P99,ai_edge_litert.Interpreter 2.1.6 num_threads=1,2026-09-18T18:58:00.909+02:00,14333722233558,14333738083890,0.360389,0.487278,15.850332,609.558679,625.409011,0,0,0,0,0,35.66109314141614,243220480,240959488,0.3866945423463039,0.4833547401595273,0,14.782609,NORMAL,scikit-learn IsolationForest.score_samples,0.5403401172739166,1.296361072562011,0,0.0525,NORMAL,NumPy RMS auf standardisiertem 128×3-Fenster
2026-09-18T18:58:02.158+02:00,278,0.281243756672455,0.47720259914362284,0,0.156185,207.25273470962594,NORMAL,,PROFILE/P99,ai_edge_litert.Interpreter 2.1.6 num_threads=1,2026-09-18T18:58:01.525+02:00,14334341359728,14334361684398,0.694815,0.670205,20.32467,612.778404,633.103074,0,0,0,0,0,38.48155300092953,243220480,240959488,0.3939491755008106,0.4833547401595273,0,18.677538,NORMAL,scikit-learn IsolationForest.score_samples,0.5401231895013566,1.296361072562011,0,0.103297,NORMAL,NumPy RMS auf standardisiertem 128×3-Fenster
2026-09-18T18:58:02.775+02:00,279,0.29785266139733385,0.47720259914362284,0,0.24413,208.6357775199211,NORMAL,,PROFILE/P99,ai_edge_litert.Interpreter 2.1.6 num_threads=1,2026-09-18T18:58:02.147+02:00,14334959479582,14334978799640,0.722094,0.921741,19.320058,608.716307,628.036365,0,0,0,0,0,35.65073613584428,243220480,240959488,0.3904133841896707,0.4833547401595273,0,17.305222,NORMAL,scikit-learn IsolationForest.score_samples,0.5535461454715421,1.296361072562011,0,0.098427,NORMAL,NumPy RMS auf standardisiertem 128×3-Fenster
2026-09-18T18:58:03.398+02:00,280,0.3017849621648641,0.47720259914362284,0,0.16813,207.65052146474284,NORMAL,,PROFILE/P99,ai_edge_litert.Interpreter 2.1.6 num_threads=1,2026-09-18T18:58:02.761+02:00,14335576841287,14335601420296,0.498816,0.605445,24.579009,611.604532,636.183541,0,0,0,0,0,38.54825325134284,243220480,240959488,0.3927524682536022,0.4833547401595273,0,23.206581,NORMAL,scikit-learn IsolationForest.score_samples,0.5644098123271771,1.296361072562011,0,0.074649,NORMAL,NumPy RMS auf standardisiertem 128×3-Fenster
2026-09-18T18:58:04.007+02:00,281,0.28066807922725806,0.47720259914362284,0,0.137685,208.7200893306205,NORMAL,,PROFILE/P99,ai_edge_litert.Interpreter 2.1.6 num_threads=1,2026-09-18T18:58:03.383+02:00,14336194805308,14336210827770,0.374945,0.480223,16.022462,608.470418,624.49288,0,0,0,0,0,45.948771560415516,243220480,240959488,0.3879703725846068,0.4833547401595273,0,14.957702,NORMAL,scikit-learn IsolationForest.score_samples,0.5302583746024329,1.296361072562011,0,0.053741,NORMAL,NumPy RMS auf standardisiertem 128×3-Fenster
2026-09-18T18:58:04.624+02:00,282,0.29864224543651735,0.47720259914362284,0,0.137167,207.76812394187232,NORMAL,,PROFILE/P99,ai_edge_litert.Interpreter 2.1.6 num_threads=1,2026-09-18T18:58:03.997+02:00,14336812101662,14336827830531,0.367463,0.469982,15.728869,611.258347,626.987216,0,0,0,0,0,34.03538152625911,243220480,240959488,0.38822754219638833,0.4833547401595273,0,14.681386,NORMAL,scikit-learn IsolationForest.score_samples,0.5456122464426479,1.296361072562011,0,0.054112,NORMAL,NumPy RMS auf standardisiertem 128×3-Fenster
2026-09-18T18:58:05.243+02:00,283,0.2961160522624577,0.47720259914362284,0,0.14187,207.26916461697317,NORMAL,,PROFILE/P99,ai_edge_litert.Interpreter 2.1.6 num_threads=1,2026-09-18T18:58:04.614+02:00,14337430746257,14337446401885,0.365408,0.468797,15.655628,612.72983,628.385458,0,0,0,0,0,37.18244915321619,243220480,240959488,0.3875704386641988,0.4833547401595273,0,14.606757,NORMAL,scikit-learn IsolationForest.score_samples,0.5465169680081045,1.296361072562011,0,0.053963,NORMAL,NumPy RMS auf standardisiertem 128×3-Fenster
2026-09-18T18:58:05.861+02:00,284,0.2422603228794069,0.47720259914362284,0,0.125074,206.94947145170173,NORMAL,,PROFILE/P99,ai_edge_litert.Interpreter 2.1.6 num_threads=1,2026-09-18T18:58:05.232+02:00,14338049202464,14338064967333,0.361037,0.45626,15.764869,613.676368,629.441237,0,0,0,0,0,35.56615096340793,243220480,240959488,0.3944381423154703,0.4833547401595273,0,14.751942,NORMAL,scikit-learn IsolationForest.score_samples,0.5150991280376961,1.296361072562011,0,0.051648,NORMAL,NumPy RMS auf standardisiertem 128×3-Fenster
2026-09-18T18:58:06.478+02:00,285,0.268534408850186,0.47720259914362284,0,0.136852,207.95793140079925,NORMAL,,PROFILE/P99,ai_edge_litert.Interpreter 2.1.6 num_threads=1,2026-09-18T18:58:05.852+02:00,14338666593484,14338682300501,0.39013,0.480056,15.707017,610.700439,626.407456,0,0,0,0,0,34.017263262232674,243220480,240959488,0.39043590951975926,0.4833547401595273,0,14.629979,NORMAL,scikit-learn IsolationForest.score_samples,0.5234983935191185,1.296361072562011,0,0.052148,NORMAL,NumPy RMS auf standardisiertem 128×3-Fenster
2026-09-18T18:58:07.098+02:00,286,0.2746567857439775,0.47720259914362284,0,0.136944,207.13047204538773,NORMAL,,PROFILE/P99,ai_edge_litert.Interpreter 2.1.6 num_threads=1,2026-09-18T18:58:06.469+02:00,14339285729599,14339301708060,0.363593,0.469574,15.978461,613.140108,629.118569,0,0,0,0,0,37.132336910678816,243220480,240959488,0.38579603561098497,0.4833547401595273,0,14.935554,NORMAL,scikit-learn IsolationForest.score_samples,0.5237256956983709,1.296361072562011,0,0.055019,NORMAL,NumPy RMS auf standardisiertem 128×3-Fenster
2026-09-18T18:58:07.715+02:00,287,0.2709472981498943,0.47720259914362284,0,0.138,207.77778033546227,NORMAL,,PROFILE/P99,ai_edge_litert.Interpreter 2.1.6 num_threads=1,2026-09-18T18:58:07.088+02:00,14339902853785,14339918628617,0.366982,0.471871,15.774832,611.229939,627.004771,0,0,0,0,0,35.6607591463303,243220480,240959488,0.3893877378365391,0.4833547401595273,0,14.725182,NORMAL,scikit-learn IsolationForest.score_samples,0.516943889985852,1.296361072562011,0,0.054333,NORMAL,NumPy RMS auf standardisiertem 128×3-Fenster
2026-09-18T18:58:08.335+02:00,288,0.2760064278844863,0.47720259914362284,0,0.134944,207.2379356815135,NORMAL,,PROFILE/P99,ai_edge_litert.Interpreter 2.1.6 num_threads=1,2026-09-18T18:58:07.705+02:00,14340521728233,14340538322807,0.357501,0.469778,16.594574,612.822163,629.416737,0,0,0,0,0,35.50131070035617,243220480,240959488,0.3895501166536826,0.4833547401595273,0,15.556758,NORMAL,scikit-learn IsolationForest.score_samples,0.522469840800932,1.296361072562011,0,0.057407,NORMAL,NumPy RMS auf standardisiertem 128×3-Fenster
2026-09-18T18:58:08.960+02:00,289,0.2753362548467284,0.47720259914362284,0,0.170185,208.41685050564553,NORMAL,,PROFILE/P99,ai_edge_litert.Interpreter 2.1.6 num_threads=1,2026-09-18T18:58:08.326+02:00,14341139603499,14341163948885,0.877223,0.604907,24.345386,609.35572,633.701106,0,0,0,0,0,36.761015619251324,243220480,240959488,0.38692985153687276,0.4833547401595273,0,22.596496,NORMAL,scikit-learn IsolationForest.score_samples,0.5400641244307445,1.296361072562011,0,0.070296,NORMAL,NumPy RMS auf standardisiertem 128×3-Fenster
2026-09-18T18:58:09.569+02:00,290,0.2699200054068716,0.47720259914362284,0,0.139907,209.1991456590216,NORMAL,,PROFILE/P99,ai_edge_litert.Interpreter 2.1.6 num_threads=1,2026-09-18T18:58:08.946+02:00,14341756634647,14341772402213,0.368443,0.477091,15.767566,607.077049,622.844615,0,0,0,0,0,42.734196339473876,243220480,240959488,0.3873450065739478,0.4833547401595273,0,14.708328,NORMAL,scikit-learn IsolationForest.score_samples,0.5262374538162318,1.296361072562011,0,0.054481,NORMAL,NumPy RMS auf standardisiertem 128×3-Fenster
2026-09-18T18:58:10.187+02:00,291,0.2853802511389854,0.47720259914362284,0,0.139981,207.32718802596878,NORMAL,,PROFILE/P99,ai_edge_litert.Interpreter 2.1.6 num_threads=1,2026-09-18T18:58:09.558+02:00,14342374796146,14342390958563,0.44198,0.487054,16.162417,612.558349,628.720766,0,0,0,0,0,37.18321082523973,243220480,240959488,0.39286641374870557,0.4833547401595273,0,15.016142,NORMAL,scikit-learn IsolationForest.score_samples,0.5421750428196215,1.296361072562011,0,0.057185,NORMAL,NumPy RMS auf standardisiertem 128×3-Fenster
2026-09-18T18:58:10.807+02:00,292,0.29885432009309637,0.47720259914362284,0,0.15674,207.1176728686211,NORMAL,,PROFILE/P99,ai_edge_litert.Interpreter 2.1.6 num_threads=1,2026-09-18T18:58:10.177+02:00,14342993740572,14343010335451,0.372869,0.515721,16.594879,613.177998,629.772877,0,0,0,0,0,35.51941169105989,243220480,240959488,0.3853538553051045,0.4833547401595273,0,15.482345,NORMAL,scikit-learn IsolationForest.score_samples,0.559709531729279,1.296361072562011,0,0.048204,NORMAL,NumPy RMS auf standardisiertem 128×3-Fenster
2026-09-18T18:58:11.424+02:00,293,0.32194630244312616,0.47720259914362284,0,0.161222,208.0231951824868,NORMAL,,PROFILE/P99,ai_edge_litert.Interpreter 2.1.6 num_threads=1,2026-09-18T18:58:10.797+02:00,14343611719411,14343628315345,0.364277,0.49698,16.595934,610.508842,627.104776,0,0,0,0,0,35.60016660622172,243220480,240959488,0.3916243409611756,0.4833547401595273,0,15.501252,NORMAL,scikit-learn IsolationForest.score_samples,0.5694959709127093,1.296361072562011,0,0.053722,NORMAL,NumPy RMS auf standardisiertem 128×3-Fenster
2026-09-18T18:58:12.042+02:00,294,0.28774263672920125,0.47720259914362284,0,0.159518,207.45571703761553,NORMAL,,PROFILE/P99,ai_edge_litert.Interpreter 2.1.6 num_threads=1,2026-09-18T18:58:11.414+02:00,14344229698326,14344246140631,0.372369,0.462184,16.442305,612.178839,628.621144,0,0,0,0,0,35.60866146435594,243220480,240959488,0.389566216495357,0.4833547401595273,0,15.374975,NORMAL,scikit-learn IsolationForest.score_samples,0.5573764575696942,1.296361072562011,0,0.055203,NORMAL,NumPy RMS auf standardisiertem 128×3-Fenster
2026-09-18T18:58:12.661+02:00,295,0.26741292481718987,0.47720259914362284,0,0.164444,207.56539516932435,NORMAL,,PROFILE/P99,ai_edge_litert.Interpreter 2.1.6 num_threads=1,2026-09-18T18:58:12.031+02:00,14344847023395,14344864836270,0.474776,0.540128,17.812875,611.855362,629.668237,0,0,0,0,0,37.175140108410965,243220480,240959488,0.3892883645171209,0.4833547401595273,0,16.557046,NORMAL,scikit-learn IsolationForest.score_samples,0.5443078988548468,1.296361072562011,0,0.056037,NORMAL,NumPy RMS auf standardisiertem 128×3-Fenster
2026-09-18T18:58:13.278+02:00,296,0.27458090668564217,0.47720259914362284,0,0.158222,207.17046370242244,NORMAL,,PROFILE/P99,ai_edge_litert.Interpreter 2.1.6 num_threads=1,2026-09-18T18:58:12.649+02:00,14345465386536,14345481781286,0.358851,0.508036,16.39475,613.021749,629.416499,0,0,0,0,0,35.659458775434835,243220480,240959488,0.4041800238640281,0.4833547401595273,0,15.29679,NORMAL,scikit-learn IsolationForest.score_samples,0.5510155601732825,1.296361072562011,0,0.054,NORMAL,NumPy RMS auf standardisiertem 128×3-Fenster
2026-09-18T18:58:13.896+02:00,297,0.2981895658424532,0.47720259914362284,0,0.151796,207.4469857997883,NORMAL,,PROFILE/P99,ai_edge_litert.Interpreter 2.1.6 num_threads=1,2026-09-18T18:58:13.267+02:00,14346083264885,14346099672432,0.379592,0.502332,16.407547,612.204605,628.612152,0,0,0,0,0,37.223389492842045,243220480,240959488,0.3949499904398324,0.4833547401595273,0,15.305087,NORMAL,scikit-learn IsolationForest.score_samples,0.5319699654522166,1.296361072562011,0,0.051426,NORMAL,NumPy RMS auf standardisiertem 128×3-Fenster
2026-09-18T18:58:14.522+02:00,298,0.2962560479693111,0.47720259914362284,0,0.215795,207.60397859980264,NORMAL,,PROFILE/P99,ai_edge_litert.Interpreter 2.1.6 num_threads=1,2026-09-18T18:58:13.885+02:00,14346700523925,14346725410929,0.585924,0.643887,24.887004,611.741648,636.628652,0,0,0,0,0,38.35294137054684,243220480,240959488,0.3888297028699523,0.4833547401595273,0,23.340323,NORMAL,scikit-learn IsolationForest.score_samples,0.5641477295524622,1.296361072562011,0,0.073963,NORMAL,NumPy RMS auf standardisiertem 128×3-Fenster
2026-09-18T18:58:15.132+02:00,299,0.28604545825256567,0.47720259914362284,0,0.141055,209.7436792850424,NORMAL,,PROFILE/P99,ai_edge_litert.Interpreter 2.1.6 num_threads=1,2026-09-18T18:58:14.510+02:00,14347319359888,14347335883489,0.350425,0.511831,16.523601,605.500964,622.024565,0,0,0,0,0,42.59194911740837,243220480,240959488,0.39092063820158873,0.4833547401595273,0,15.44803,NORMAL,scikit-learn IsolationForest.score_samples,0.5524475665624544,1.296361072562011,0,0.054667,NORMAL,NumPy RMS auf standardisiertem 128×3-Fenster
2026-09-18T18:58:15.765+02:00,300,0.29419366719964524,0.47720259914362284,0,0.158574,207.64849354574116,NORMAL,,PROFILE/P99,ai_edge_litert.Interpreter 2.1.6 num_threads=1,2026-09-18T18:58:15.122+02:00,14347937451411,14347968470528,0.371018,0.506813,31.019117,611.610505,642.629622,0,0,0,0,0,39.51929076167049,243220480,240959488,0.3864910654540713,0.4833547401595273,0,29.890694,NORMAL,scikit-learn IsolationForest.score_samples,0.5461801584560891,1.296361072562011,0,0.071925,NORMAL,NumPy RMS auf standardisiertem 128×3-Fenster
2026-09-18T18:58:16.375+02:00,301,0.2926480497101854,0.47720259914362284,0,0.174629,207.77699509110818,NORMAL,,PROFILE/P99,ai_edge_litert.Interpreter 2.1.6 num_threads=1,2026-09-18T18:58:15.740+02:00,14348554581736,14348578439040,0.479166,0.604554,23.857304,611.232249,635.089553,0,0,0,0,0,40.98417563272834,243220480,240959488,0.3913155412370211,0.4833547401595273,0,22.512122,NORMAL,scikit-learn IsolationForest.score_samples,0.5477950720876067,1.296361072562011,0,0.062388,NORMAL,NumPy RMS auf standardisiertem 128×3-Fenster
2026-09-18T18:58:16.987+02:00,302,0.27264336279907025,0.47720259914362284,0,0.148999,209.4446768171748,NORMAL,,PROFILE/P99,ai_edge_litert.Interpreter 2.1.6 num_threads=1,2026-09-18T18:58:16.363+02:00,14349172979652,14349190999268,2.309568,0.492202,18.019616,606.365375,624.384991,0,0,0,0,0,40.814236974975785,243220480,240959488,0.3974761302320308,0.4833547401595273,0,14.990255,NORMAL,scikit-learn IsolationForest.score_samples,0.5228907959933203,1.296361072562011,0,0.057815,NORMAL,NumPy RMS auf standardisiertem 128×3-Fenster
2026-09-18T18:58:17.602+02:00,303,0.27743488927121024,0.47720259914362284,0,0.137463,207.57341713223641,NORMAL,,PROFILE/P99,ai_edge_litert.Interpreter 2.1.6 num_threads=1,2026-09-18T18:58:16.975+02:00,14349790228316,14349805889069,0.330462,0.468647,15.660753,611.831716,627.492469,0,0,0,0,0,42.28447572223304,243220480,240959488,0.3892294959878002,0.4833547401595273,0,14.650181,NORMAL,scikit-learn IsolationForest.score_samples,0.5321267586495282,1.296361072562011,0,0.056055,NORMAL,NumPy RMS auf standardisiertem 128×3-Fenster
2026-09-18T18:58:18.222+02:00,304,0.29148183745738326,0.47720259914362284,0,0.129074,207.0315089485824,NORMAL,,PROFILE/P99,ai_edge_litert.Interpreter 2.1.6 num_threads=1,2026-09-18T18:58:17.592+02:00,14350409323643,14350426256781,0.369906,0.470184,16.933138,613.433195,630.366333,0,0,0,0,0,37.07301511472433,243220480,240959488,0.385353957491757,0.4833547401595273,0,15.875566,NORMAL,scikit-learn IsolationForest.score_samples,0.537978950894758,1.296361072562011,0,0.071055,NORMAL,NumPy RMS auf standardisiertem 128×3-Fenster
2026-09-18T18:58:18.839+02:00,305,0.27789135748430266,0.47720259914362284,0,0.138167,207.65883862173683,NORMAL,,PROFILE/P99,ai_edge_litert.Interpreter 2.1.6 num_threads=1,2026-09-18T18:58:18.211+02:00,14351026703607,14351042558507,0.372851,0.464369,15.8549,611.580036,627.434936,0,0,0,0,0,42.18959137145142,243220480,240959488,0.39027519145764084,0.4833547401595273,0,14.808606,NORMAL,scikit-learn IsolationForest.score_samples,0.5444450012302423,1.296361072562011,0,0.05287,NORMAL,NumPy RMS auf standardisiertem 128×3-Fenster
2026-09-18T18:58:19.458+02:00,306,0.25916511661460007,0.47720259914362284,0,0.137462,207.1870532875835,NORMAL,,PROFILE/P99,ai_edge_litert.Interpreter 2.1.6 num_threads=1,2026-09-18T18:58:18.829+02:00,14351645402959,14351661941099,0.420184,0.477721,16.53814,612.972664,629.510804,0,0,0,0,0,41.97701715049305,243220480,240959488,0.3898181979779684,0.4833547401595273,0,15.429402,NORMAL,scikit-learn IsolationForest.score_samples,0.5341811799312032,1.296361072562011,0,0.055499,NORMAL,NumPy RMS auf standardisiertem 128×3-Fenster
2026-09-18T18:58:20.079+02:00,307,0.2803860968781363,0.47720259914362284,0,0.143926,207.57691366178244,NORMAL,,PROFILE/P99,ai_edge_litert.Interpreter 2.1.6 num_threads=1,2026-09-18T18:58:19.448+02:00,14352263619685,14352282788854,0.373295,0.490962,19.169169,611.82141,630.990579,0,0,0,0,0,41.87376160860873,243220480,240959488,0.3843038932826253,0.4833547401595273,0,18.030913,NORMAL,scikit-learn IsolationForest.score_samples,0.5531512428249138,1.296361072562011,0,0.108203,NORMAL,NumPy RMS auf standardisiertem 128×3-Fenster
2026-09-18T18:58:20.696+02:00,308,0.28378325152440975,0.47720259914362284,0,0.164684,207.41108857013492,NORMAL,,PROFILE/P99,ai_edge_litert.Interpreter 2.1.6 num_threads=1,2026-09-18T18:58:20.065+02:00,14352881256453,14352900042697,2.584178,0.582443,18.786244,612.310561,631.096805,0,0,0,0,0,38.88595050622329,243220480,240959488,0.3956590895970407,0.4833547401595273,0,15.367124,NORMAL,scikit-learn IsolationForest.score_samples,0.5595680112115432,1.296361072562011,0,0.065982,NORMAL,NumPy RMS auf standardisiertem 128×3-Fenster
2026-09-18T18:58:21.312+02:00,309,0.2547362416997058,0.47720259914362284,0,0.149073,207.3901825912974,NORMAL,,PROFILE/P99,ai_edge_litert.Interpreter 2.1.6 num_threads=1,2026-09-18T18:58:20.683+02:00,14353499102704,14353515662565,0.395573,0.496776,16.559861,612.372285,628.932146,0,0,0,0,0,40.60953297615731,243220480,240959488,0.3952036429508593,0.4833547401595273,0,15.430624,NORMAL,scikit-learn IsolationForest.score_samples,0.5463541980610417,1.296361072562011,0,0.057296,NORMAL,NumPy RMS auf standardisiertem 128×3-Fenster
2026-09-18T18:58:21.933+02:00,310,0.26204925092729175,0.47720259914362284,0,0.305684,207.27075179996942,NORMAL,,PROFILE/P99,ai_edge_litert.Interpreter 2.1.6 num_threads=1,2026-09-18T18:58:21.301+02:00,14354117543085,14354137045420,0.516387,0.908665,19.502335,612.725138,632.227473,0,0,0,0,0,43.44714907271831,243220480,240959488,0.38005464565376,0.4833547401595273,0,17.636655,NORMAL,scikit-learn IsolationForest.score_samples,0.5101967360961687,1.296361072562011,0,0.100481,NORMAL,NumPy RMS auf standardisiertem 128×3-Fenster
2026-09-18T18:58:22.548+02:00,311,0.2788690935112455,0.47720259914362284,0,0.145074,207.8067657834798,NORMAL,,PROFILE/P99,ai_edge_litert.Interpreter 2.1.6 num_threads=1,2026-09-18T18:58:21.921+02:00,14354735647267,14354751720871,0.425628,0.483184,16.073604,611.144683,627.218287,0,0,0,0,0,40.67613458910933,243220480,240959488,0.39261749171368,0.4833547401595273,0,14.944903,NORMAL,scikit-learn IsolationForest.score_samples,0.5351453119409246,1.296361072562011,0,0.05637,NORMAL,NumPy RMS auf standardisiertem 128×3-Fenster
2026-09-18T18:58:23.168+02:00,312,0.25417038571334655,0.47720259914362284,0,0.203962,207.5903180032602,NORMAL,,PROFILE/P99,ai_edge_litert.Interpreter 2.1.6 num_threads=1,2026-09-18T18:58:22.538+02:00,14355353278951,14355371420179,0.699517,0.753091,18.141228,611.781904,629.923132,0,0,0,0,0,38.728352543350596,243220480,240959488,0.39346719491147303,0.4833547401595273,0,16.403936,NORMAL,scikit-learn IsolationForest.score_samples,0.5386259779876322,1.296361072562011,0,0.056371,NORMAL,NumPy RMS auf standardisiertem 128×3-Fenster
2026-09-18T18:58:23.783+02:00,313,0.298959351138573,0.47720259914362284,0,0.139611,207.38551959251507,NORMAL,,PROFILE/P99,ai_edge_litert.Interpreter 2.1.6 num_threads=1,2026-09-18T18:58:23.155+02:00,14355971414879,14355987057706,0.366925,0.48585,15.642827,612.386054,628.028881,0,0,0,0,0,38.984059237869815,243220480,240959488,0.3841984838052198,0.4833547401595273,0,14.578756,NORMAL,scikit-learn IsolationForest.score_samples,0.5308430775499544,1.296361072562011,0,0.052259,NORMAL,NumPy RMS auf standardisiertem 128×3-Fenster
2026-09-18T18:58:24.402+02:00,314,0.3121024469286476,0.47720259914362284,0,0.158036,207.27968776915503,NORMAL,,PROFILE/P99,ai_edge_litert.Interpreter 2.1.6 num_threads=1,2026-09-18T18:58:23.773+02:00,14356589875104,14356606067096,0.357666,0.46035,16.191992,612.698723,628.890715,0,0,0,0,0,40.38685208608569,243220480,240959488,0.3952886239083974,0.4833547401595273,0,15.136848,NORMAL,scikit-learn IsolationForest.score_samples,0.5736962802395049,1.296361072562011,0,0.057907,NORMAL,NumPy RMS auf standardisiertem 128×3-Fenster
2026-09-18T18:58:25.034+02:00,315,0.28830093701042375,0.47720259914362284,0,0.257944,207.62074562511415,NORMAL,,PROFILE/P99,ai_edge_litert.Interpreter 2.1.6 num_threads=1,2026-09-18T18:58:24.392+02:00,14357207790073,14357237558232,2.611196,0.948294,29.768159,611.692245,641.460404,0,0,0,0,0,42.75413166310696,243220480,240959488,0.38741692984400916,0.4833547401595273,0,25.836892,NORMAL,scikit-learn IsolationForest.score_samples,0.5431913464059387,1.296361072562011,0,0.075203,NORMAL,NumPy RMS auf standardisiertem 128×3-Fenster
2026-09-18T18:58:25.637+02:00,316,0.300071018457146,0.47720259914362284,0,0.138982,208.0854917702778,NORMAL,,PROFILE/P99,ai_edge_litert.Interpreter 2.1.6 num_threads=1,2026-09-18T18:58:25.011+02:00,14357824717863,14357840554746,0.388351,0.486851,15.836883,610.326068,626.162951,0,0,0,0,0,44.7790805404105,243220480,240959488,0.3853808364902174,0.4833547401595273,0,14.752719,NORMAL,scikit-learn IsolationForest.score_samples,0.5380284285249203,1.296361072562011,0,0.049462,NORMAL,NumPy RMS auf standardisiertem 128×3-Fenster
2026-09-18T18:58:26.258+02:00,317,0.26623696292313187,0.47720259914362284,0,0.138426,207.16956915365566,NORMAL,,PROFILE/P99,ai_edge_litert.Interpreter 2.1.6 num_threads=1,2026-09-18T18:58:25.626+02:00,14358442881060,14358461902211,0.357443,0.474703,19.021151,613.024396,632.045547,0,0,0,0,0,38.622734591301004,243220480,240959488,0.39063193960336934,0.4833547401595273,0,17.942544,NORMAL,scikit-learn IsolationForest.score_samples,0.5487437268902058,1.296361072562011,0,0.087037,NORMAL,NumPy RMS auf standardisiertem 128×3-Fenster
2026-09-18T18:58:26.877+02:00,318,0.2712540020349934,0.47720259914362284,0,0.143388,207.18782562900972,NORMAL,,PROFILE/P99,ai_edge_litert.Interpreter 2.1.6 num_threads=1,2026-09-18T18:58:26.245+02:00,14359062166329,14359080892186,0.45074,0.490128,18.725857,612.970379,631.696236,0,0,0,0,0,37.15687706033749,243220480,240959488,0.38633817250708496,0.4833547401595273,0,17.54923,NORMAL,scikit-learn IsolationForest.score_samples,0.5504585230459036,1.296361072562011,0,0.074092,NORMAL,NumPy RMS auf standardisiertem 128×3-Fenster
2026-09-18T18:58:27.493+02:00,319,0.29212081233531384,0.47720259914362284,0,0.219684,208.01594181764625,NORMAL,,PROFILE/P99,ai_edge_litert.Interpreter 2.1.6 num_threads=1,2026-09-18T18:58:26.865+02:00,14359678835739,14359696892097,0.648498,0.829368,18.056358,610.53013,628.586488,0,0,0,0,0,38.964200248044385,243220480,240959488,0.38719092088228296,0.4833547401595273,0,16.275493,NORMAL,scikit-learn IsolationForest.score_samples,0.5486990254797846,1.296361072562011,0,0.056796,NORMAL,NumPy RMS auf standardisiertem 128×3-Fenster
2026-09-18T18:58:28.109+02:00,320,0.27282472122176965,0.47720259914362284,0,0.141536,207.26803107468731,NORMAL,,PROFILE/P99,ai_edge_litert.Interpreter 2.1.6 num_threads=1,2026-09-18T18:58:27.481+02:00,14360297426645,14360313207732,0.378425,0.476017,15.781087,612.733181,628.514268,0,0,0,0,0,35.695789384743414,243220480,240959488,0.38483439915119605,0.4833547401595273,0,14.712997,NORMAL,scikit-learn IsolationForest.score_samples,0.5527057745631337,1.296361072562011,0,0.053407,NORMAL,NumPy RMS auf standardisiertem 128×3-Fenster
2026-09-18T18:58:28.726+02:00,321,0.2749259048197151,0.47720259914362284,0,0.141592,207.93713906379872,NORMAL,,PROFILE/P99,ai_edge_litert.Interpreter 2.1.6 num_threads=1,2026-09-18T18:58:28.100+02:00,14360914404263,14360930089146,0.359221,0.467073,15.684883,610.761505,626.446388,0,0,0,0,0,35.663456488644194,243220480,240959488,0.38934458261642785,0.4833547401595273,0,14.644627,NORMAL,scikit-learn IsolationForest.score_samples,0.5387536558981615,1.296361072562011,0,0.053704,NORMAL,NumPy RMS auf standardisiertem 128×3-Fenster
2026-09-18T18:58:29.346+02:00,322,0.2715049132337792,0.47720259914362284,0,0.141148,206.96104343761118,NORMAL,,PROFILE/P99,ai_edge_litert.Interpreter 2.1.6 num_threads=1,2026-09-18T18:58:28.716+02:00,14361533736117,14361549816351,0.437499,0.478183,16.080234,613.642055,629.722289,0,0,0,0,0,37.11296951530666,243220480,240959488,0.39092254148720834,0.4833547401595273,0,14.94846,NORMAL,scikit-learn IsolationForest.score_samples,0.5068369801653927,1.296361072562011,0,0.056259,NORMAL,NumPy RMS auf standardisiertem 128×3-Fenster
2026-09-18T18:58:29.963+02:00,323,0.2427464365181168,0.47720259914362284,0,0.139,207.71980175451105,NORMAL,,PROFILE/P99,ai_edge_litert.Interpreter 2.1.6 num_threads=1,2026-09-18T18:58:29.336+02:00,14362151349274,14362167167564,0.374665,0.476332,15.81829,611.400545,627.218835,0,0,0,0,0,37.255983975542975,243220480,240959488,0.388453738973106,0.4833547401595273,0,14.756349,NORMAL,scikit-learn IsolationForest.score_samples,0.5074395924500944,1.296361072562011,0,0.05363,NORMAL,NumPy RMS auf standardisiertem 128×3-Fenster
2026-09-18T18:58:30.591+02:00,324,0.2873736330705352,0.47720259914362284,0,0.157685,207.2564203375751,NORMAL,,PROFILE/P99,ai_edge_litert.Interpreter 2.1.6 num_threads=1,2026-09-18T18:58:29.953+02:00,14362769373026,14362795198382,0.519276,0.607221,25.825356,612.767507,638.592863,0,0,0,0,0,38.212211984243744,243220480,240959488,0.3876213335453566,0.4833547401595273,0,24.442342,NORMAL,scikit-learn IsolationForest.score_samples,0.5522921220230543,1.296361072562011,0,0.075167,NORMAL,NumPy RMS auf standardisiertem 128×3-Fenster
2026-09-18T18:58:31.200+02:00,325,0.2498335368169465,0.47720259914362284,0,0.156888,211.05929745695434,NORMAL,,PROFILE/P99,ai_edge_litert.Interpreter 2.1.6 num_threads=1,2026-09-18T18:58:30.581+02:00,14363386426152,14363404290715,1.606033,0.544388,17.864563,601.726631,619.591194,0,0,0,0,0,42.68934219434777,243220480,240959488,0.38608990760548256,0.4833547401595273,0,15.482995,NORMAL,scikit-learn IsolationForest.score_samples,0.5346928863610334,1.296361072562011,0,0.053648,NORMAL,NumPy RMS auf standardisiertem 128×3-Fenster
2026-09-18T18:58:31.817+02:00,326,0.25108953587081767,0.47720259914362284,0,0.159722,207.8127922878742,NORMAL,,PROFILE/P99,ai_edge_litert.Interpreter 2.1.6 num_threads=1,2026-09-18T18:58:31.190+02:00,14364004747686,14364021293734,0.397277,0.505998,16.546048,611.12696,627.673008,0,0,0,0,0,34.03546129106284,243220480,240959488,0.3888022156020734,0.4833547401595273,0,15.394958,NORMAL,scikit-learn IsolationForest.score_samples,0.5318562436896015,1.296361072562011,0,0.069722,NORMAL,NumPy RMS auf standardisiertem 128×3-Fenster
2026-09-18T18:58:32.435+02:00,327,0.2809530581554173,0.47720259914362284,0,0.138296,207.44896132796086,NORMAL,,PROFILE/P99,ai_edge_litert.Interpreter 2.1.6 num_threads=1,2026-09-18T18:58:31.808+02:00,14364623574517,14364639311901,0.385758,0.483925,15.737384,612.198775,627.936159,0,0,0,0,0,43.68809634399531,243220480,240959488,0.3814944536683343,0.4833547401595273,0,14.657313,NORMAL,scikit-learn IsolationForest.score_samples,0.5592670438231778,1.296361072562011,0,0.053037,NORMAL,NumPy RMS auf standardisiertem 128×3-Fenster
2026-09-18T18:58:33.055+02:00,328,0.2768544259315948,0.47720259914362284,0,0.139018,208.04311966568326,NORMAL,,PROFILE/P99,ai_edge_litert.Interpreter 2.1.6 num_threads=1,2026-09-18T18:58:32.428+02:00,14365241804092,14365258331511,0.45511,0.482147,16.527419,610.450373,626.977792,0,0,0,0,0,42.00139401655127,243220480,240959488,0.38332436555466887,0.4833547401595273,0,15.371866,NORMAL,scikit-learn IsolationForest.score_samples,0.5402422475085139,1.296361072562011,0,0.06,NORMAL,NumPy RMS auf standardisiertem 128×3-Fenster
2026-09-18T18:58:33.673+02:00,329,0.2936055523037228,0.47720259914362284,0,0.246999,207.56461220793392,NORMAL,,PROFILE/P99,ai_edge_litert.Interpreter 2.1.6 num_threads=1,2026-09-18T18:58:33.044+02:00,14365859615635,14365877270236,0.820591,0.806924,17.654601,611.85767,629.512271,0,0,0,0,0,42.00787692613611,243220480,240959488,0.3819889055393534,0.4833547401595273,0,15.693384,NORMAL,scikit-learn IsolationForest.score_samples,0.5355319266882673,1.296361072562011,0,0.056463,NORMAL,NumPy RMS auf standardisiertem 128×3-Fenster
2026-09-18T18:58:34.295+02:00,330,0.2721422942133498,0.47720259914362284,0,0.138962,207.62039941701826,NORMAL,,PROFILE/P99,ai_edge_litert.Interpreter 2.1.6 num_threads=1,2026-09-18T18:58:33.663+02:00,14366478241011,14366498741086,0.371722,0.479165,20.500075,611.693265,632.19334,0,0,0,0,0,38.617644596190445,243220480,240959488,0.3903247873951527,0.4833547401595273,0,19.426799,NORMAL,scikit-learn IsolationForest.score_samples,0.5491714137074952,1.296361072562011,0,0.062871,NORMAL,NumPy RMS auf standardisiertem 128×3-Fenster
2026-09-18T18:58:34.909+02:00,331,0.25918348753505427,0.47720259914362284,0,0.144815,207.62107146908264,NORMAL,,PROFILE/P99,ai_edge_litert.Interpreter 2.1.6 num_threads=1,2026-09-18T18:58:34.281+02:00,14367096403909,14367112351404,0.366092,0.491073,15.947495,611.691285,627.63878,0,0,0,0,0,40.74286478396554,243220480,240959488,0.39165657844983354,0.4833547401595273,0,14.874109,NORMAL,scikit-learn IsolationForest.score_samples,0.5442000322148037,1.296361072562011,0,0.053408,NORMAL,NumPy RMS auf standardisiertem 128×3-Fenster
2026-09-18T18:58:35.525+02:00,332,0.2813945039878263,0.47720259914362284,0,0.139629,208.2903956486726,NORMAL,,PROFILE/P99,ai_edge_litert.Interpreter 2.1.6 num_threads=1,2026-09-18T18:58:34.900+02:00,14367713060574,14367728625162,0.372129,0.474943,15.564588,609.725665,625.290253,0,0,0,0,0,34.07576639567747,243220480,240959488,0.3888354756664394,0.4833547401595273,0,14.509294,NORMAL,scikit-learn IsolationForest.score_samples,0.5484687001115444,1.296361072562011,0,0.051055,NORMAL,NumPy RMS auf standardisiertem 128×3-Fenster
2026-09-18T18:58:36.145+02:00,333,0.2550456903551431,0.47720259914362284,0,0.140648,207.40222357361012,NORMAL,,PROFILE/P99,ai_edge_litert.Interpreter 2.1.6 num_threads=1,2026-09-18T18:58:35.516+02:00,14368332601584,14368348338320,0.38137,0.485739,15.736736,612.336733,628.073469,0,0,0,0,0,41.95488922519706,243220480,240959488,0.3907218322598253,0.4833547401595273,0,14.65422,NORMAL,scikit-learn IsolationForest.score_samples,0.53093170691716,1.296361072562011,0,0.054722,NORMAL,NumPy RMS auf standardisiertem 128×3-Fenster
2026-09-18T18:58:36.768+02:00,334,0.2722622836737898,0.47720259914362284,0,0.204148,207.87653249628337,NORMAL,,PROFILE/P99,ai_edge_litert.Interpreter 2.1.6 num_threads=1,2026-09-18T18:58:36.134+02:00,14368949233457,14368972096822,0.842257,0.822757,22.863365,610.939573,633.802938,0,0,0,0,0,44.876366867520304,243220480,240959488,0.3867543657279737,0.4833547401595273,0,20.721297,NORMAL,scikit-learn IsolationForest.score_samples,0.5365063913477841,1.296361072562011,0,0.23674,NORMAL,NumPy RMS auf standardisiertem 128×3-Fenster
2026-09-18T18:58:37.380+02:00,335,0.28405842923403785,0.47720259914362284,0,0.140611,208.0550927526559,NORMAL,,PROFILE/P99,ai_edge_litert.Interpreter 2.1.6 num_threads=1,2026-09-18T18:58:36.754+02:00,14369568204178,14369583865248,0.369851,0.477018,15.66107,610.415243,626.076313,0,0,0,0,0,39.241953247793894,243220480,240959488,0.38778143401447007,0.4833547401595273,0,14.60035,NORMAL,scikit-learn IsolationForest.score_samples,0.5387803067703075,1.296361072562011,0,0.054167,NORMAL,NumPy RMS auf standardisiertem 128×3-Fenster
2026-09-18T18:58:38.009+02:00,336,0.27358279117642753,0.47720259914362284,0,0.155833,207.31467147385968,NORMAL,,PROFILE/P99,ai_edge_litert.Interpreter 2.1.6 num_threads=1,2026-09-18T18:58:37.370+02:00,14370186723643,14370212781092,0.48748,0.590443,26.057449,612.595332,638.652781,0,0,0,0,0,42.92713650709315,243220480,240959488,0.38745138537456264,0.4833547401595273,0,24.692231,NORMAL,scikit-learn IsolationForest.score_samples,0.5477845154308428,1.296361072562011,0,0.107482,NORMAL,NumPy RMS auf standardisiertem 128×3-Fenster
2026-09-18T18:58:38.617+02:00,337,0.2870473276836189,0.47720259914362284,0,0.143852,210.34698996811312,NORMAL,,PROFILE/P99,ai_edge_litert.Interpreter 2.1.6 num_threads=1,2026-09-18T18:58:37.997+02:00,14370804635539,14370820645941,0.448888,0.487184,16.010402,603.764285,619.774687,0,0,0,0,0,46.06720601552455,243220480,240959488,0.3871227459133305,0.4833547401595273,0,14.854628,NORMAL,scikit-learn IsolationForest.score_samples,0.5541379323437409,1.296361072562011,0,0.057,NORMAL,NumPy RMS auf standardisiertem 128×3-Fenster
2026-09-18T18:58:39.236+02:00,338,0.27192110598574093,0.47720259914362284,0,0.157796,208.28146523511418,NORMAL,,PROFILE/P99,ai_edge_litert.Interpreter 2.1.6 num_threads=1,2026-09-18T18:58:38.609+02:00,14371422074753,14371439584262,0.389054,0.508295,17.509509,609.751808,627.261317,0,0,0,0,0,40.39107739770494,243220480,240959488,0.3886918317007736,0.4833547401595273,0,16.36829,NORMAL,scikit-learn IsolationForest.score_samples,0.538850903530374,1.296361072562011,0,0.065907,NORMAL,NumPy RMS auf standardisiertem 128×3-Fenster
2026-09-18T18:58:39.864+02:00,339,0.26504432919204507,0.47720259914362284,0,0.150555,207.3990069310952,NORMAL,,PROFILE/P99,ai_edge_litert.Interpreter 2.1.6 num_threads=1,2026-09-18T18:58:39.225+02:00,14372040722207,14372067797728,0.625794,0.493147,27.075521,612.34623,639.421751,0,0,0,0,0,41.38316433589165,243220480,240959488,0.38336852103192764,0.4833547401595273,0,25.670895,NORMAL,scikit-learn IsolationForest.score_samples,0.514501109219964,1.296361072562011,0,0.109352,NORMAL,NumPy RMS auf standardisiertem 128×3-Fenster
2026-09-18T18:58:40.470+02:00,340,0.28348066613393275,0.47720259914362284,0,0.143462,208.54091467243876,NORMAL,,PROFILE/P99,ai_edge_litert.Interpreter 2.1.6 num_threads=1,2026-09-18T18:58:39.844+02:00,14372657269947,14372673333886,0.371277,0.476998,16.063939,608.993205,625.057144,0,0,0,0,0,42.94221776105922,243220480,240959488,0.3905289439210803,0.4833547401595273,0,14.999923,NORMAL,scikit-learn IsolationForest.score_samples,0.5674541132552837,1.296361072562011,0,0.054093,NORMAL,NumPy RMS auf standardisiertem 128×3-Fenster
2026-09-18T18:58:41.128+02:00,341,0.3204034044859281,0.47720259914362284,0,0.222684,203.60018446946225,NORMAL,,PROFILE/P99,ai_edge_litert.Interpreter 2.1.6 num_threads=1,2026-09-18T18:58:40.459+02:00,14373286745265,14373331477814,2.18318,1.677588,44.732549,623.771537,668.504086,0,0,0,0,0,78.99403886671864,243220480,240959488,0.39102204509939864,0.4833547401595273,0,40.464097,NORMAL,scikit-learn IsolationForest.score_samples,0.5725350201085514,1.296361072562011,0,0.155241,NORMAL,NumPy RMS auf standardisiertem 128×3-Fenster
2026-09-18T18:58:41.747+02:00,342,0.30107930860659354,0.47720259914362284,0,0.235074,202.98263742299753,NORMAL,,PROFILE/P99,ai_edge_litert.Interpreter 2.1.6 num_threads=1,2026-09-18T18:58:41.093+02:00,14373922839552,14373951156199,5.511967,0.917442,28.316647,625.669277,653.985924,0,0,0,0,0,77.4677771974789,243220480,240959488,0.3939411690106079,0.4833547401595273,0,21.514536,NORMAL,scikit-learn IsolationForest.score_samples,0.5448355035404708,1.296361072562011,0,0.107889,NORMAL,NumPy RMS auf standardisiertem 128×3-Fenster
2026-09-18T18:58:42.333+02:00,343,0.2515525253352185,0.47720259914362284,0,0.236777,218.9118830751573,NORMAL,,PROFILE/P99,ai_edge_litert.Interpreter 2.1.6 num_threads=1,2026-09-18T18:58:41.728+02:00,14374512177074,14374537184953,0.89022,0.87085,25.007879,580.142102,605.149981,0,0,0,0,0,75.08094506557165,243220480,240959488,0.37954457286859067,0.4833547401595273,0,22.8382,NORMAL,scikit-learn IsolationForest.score_samples,0.5461636065265665,1.296361072562011,0,0.134166,NORMAL,NumPy RMS auf standardisiertem 128×3-Fenster
2026-09-18T18:58:42.949+02:00,344,0.305554842642729,0.47720259914362284,0,0.310703,207.9749930344344,NORMAL,,PROFILE/P99,ai_edge_litert.Interpreter 2.1.6 num_threads=1,2026-09-18T18:58:42.315+02:00,14375129717710,14375152357743,0.766998,0.865108,22.640033,610.650339,633.290372,0,0,0,0,0,55.26924910493555,243220480,240959488,0.3883099983137636,0.4833547401595273,0,20.559372,NORMAL,scikit-learn IsolationForest.score_samples,0.5667385648482749,1.296361072562011,0,0.105963,NORMAL,NumPy RMS auf standardisiertem 128×3-Fenster
2026-09-18T18:58:43.575+02:00,345,0.27131774012065435,0.47720259914362284,0,0.602517,207.16150403179842,NORMAL,,PROFILE/P99,ai_edge_litert.Interpreter 2.1.6 num_threads=1,2026-09-18T18:58:42.932+02:00,14375749186158,14375778635822,2.915919,1.223756,29.449664,613.048262,642.497926,0,0,0,0,0,54.287628170993486,243220480,240959488,0.3887894408304211,0.4833547401595273,0,24.549139,NORMAL,scikit-learn IsolationForest.score_samples,0.5338863242242355,1.296361072562011,0,0.119148,NORMAL,NumPy RMS auf standardisiertem 128×3-Fenster
2026-09-18T18:58:44.191+02:00,346,0.2860409144157663,0.47720259914362284,0,0.313925,207.21371913020974,NORMAL,,PROFILE/P99,ai_edge_litert.Interpreter 2.1.6 num_threads=1,2026-09-18T18:58:43.550+02:00,14376366350392,14376395208595,1.080071,1.046257,28.858203,612.893782,641.751985,0,0,0,0,0,53.52214501529454,243220480,240959488,0.3868549181848786,0.4833547401595273,0,26.252117,NORMAL,scikit-learn IsolationForest.score_samples,0.5521285401020032,1.296361072562011,0,0.117259,NORMAL,NumPy RMS auf standardisiertem 128×3-Fenster
2026-09-18T18:58:44.801+02:00,347,0.2981298686797415,0.47720259914362284,0,0.234944,208.32558810510366,NORMAL,,PROFILE/P99,ai_edge_litert.Interpreter 2.1.6 num_threads=1,2026-09-18T18:58:44.171+02:00,14376984646515,14377005295776,0.709091,0.835887,20.649261,609.622664,630.271925,0,0,0,0,0,54.092849924478664,243220480,240959488,0.37860437852331347,0.4833547401595273,0,18.735155,NORMAL,scikit-learn IsolationForest.score_samples,0.542868022463055,1.296361072562011,0,0.108185,NORMAL,NumPy RMS auf standardisiertem 128×3-Fenster
2026-09-18T18:58:45.419+02:00,348,0.2857946212639398,0.47720259914362284,0,0.211574,207.71394880599914,NORMAL,,PROFILE/P99,ai_edge_litert.Interpreter 2.1.6 num_threads=1,2026-09-18T18:58:44.788+02:00,14377602785159,14377623084255,0.869702,0.829312,20.299096,611.417773,631.716869,0,0,0,0,0,51.79633484965069,243220480,240959488,0.3876689272299251,0.4833547401595273,0,18.243212,NORMAL,scikit-learn IsolationForest.score_samples,0.5251977976311252,1.296361072562011,0,0.115722,NORMAL,NumPy RMS auf standardisiertem 128×3-Fenster
2026-09-18T18:58:46.047+02:00,349,0.2875306847763615,0.47720259914362284,0,0.337091,207.84706700531032,NORMAL,,PROFILE/P99,ai_edge_litert.Interpreter 2.1.6 num_threads=1,2026-09-18T18:58:45.406+02:00,14378220360251,14378250339266,0.528258,0.844257,29.979015,611.026183,641.005198,0,0,0,0,0,52.60833327979853,243220480,240959488,0.38745218444216467,0.4833547401595273,0,28.111686,NORMAL,scikit-learn IsolationForest.score_samples,0.5231322485843986,1.296361072562011,0,0.116352,NORMAL,NumPy RMS auf standardisiertem 128×3-Fenster
2026-09-18T18:58:46.656+02:00,350,0.2623837616446683,0.47720259914362284,0,0.158759,208.49412998485104,NORMAL,,PROFILE/P99,ai_edge_litert.Interpreter 2.1.6 num_threads=1,2026-09-18T18:58:46.025+02:00,14378837555922,14378859965437,1.438459,0.741443,22.409515,609.129859,631.539374,0,0,0,0,0,55.77812412432773,243220480,240959488,0.38271228116856265,0.4833547401595273,0,19.988763,NORMAL,scikit-learn IsolationForest.score_samples,0.5455696326097734,1.296361072562011,0,0.061611,NORMAL,NumPy RMS auf standardisiertem 128×3-Fenster
2026-09-18T18:58:47.274+02:00,351,0.2900800086174418,0.47720259914362284,0,0.240259,208.0240040962187,NORMAL,,PROFILE/P99,ai_edge_litert.Interpreter 2.1.6 num_threads=1,2026-09-18T18:58:46.642+02:00,14379456631071,14379477863256,0.896719,0.851702,21.232185,610.506468,631.738653,0,0,0,0,0,53.404046073063654,243220480,240959488,0.38346856982927596,0.4833547401595273,0,19.112358,NORMAL,scikit-learn IsolationForest.score_samples,0.5277619660386862,1.296361072562011,0,0.101741,NORMAL,NumPy RMS auf standardisiertem 128×3-Fenster
2026-09-18T18:58:47.893+02:00,352,0.29670429043537805,0.47720259914362284,0,0.278369,207.40037628666602,NORMAL,,PROFILE/P99,ai_edge_litert.Interpreter 2.1.6 num_threads=1,2026-09-18T18:58:47.259+02:00,14380075277760,14380096563482,0.892553,0.902331,21.285722,612.342187,633.627909,0,0,0,0,0,53.33610258686948,243220480,240959488,0.38830007249457055,0.4833547401595273,0,19.05545,NORMAL,scikit-learn IsolationForest.score_samples,0.5464275438947211,1.296361072562011,0,0.125704,NORMAL,NumPy RMS auf standardisiertem 128×3-Fenster
2026-09-18T18:58:48.508+02:00,353,0.25630174819740753,0.47720259914362284,0,0.249796,207.40777680979136,NORMAL,,PROFILE/P99,ai_edge_litert.Interpreter 2.1.6 num_threads=1,2026-09-18T18:58:47.876+02:00,14380692148716,14380711488703,0.951646,0.881349,19.339987,612.320338,631.660325,0,0,0,0,0,52.03950918888958,243220480,240959488,0.38382826940867754,0.4833547401595273,0,17.127715,NORMAL,scikit-learn IsolationForest.score_samples,0.5265201089243052,1.296361072562011,0,0.094203,NORMAL,NumPy RMS auf standardisiertem 128×3-Fenster
2026-09-18T18:58:49.128+02:00,354,0.2624328536399941,0.47720259914362284,0,0.142963,207.93662633901712,NORMAL,,PROFILE/P99,ai_edge_litert.Interpreter 2.1.6 num_threads=1,2026-09-18T18:58:48.495+02:00,14381309335803,14381332063985,0.384425,0.482684,22.728182,610.763011,633.491193,0,0,0,0,0,54.78691377573378,243220480,240959488,0.39039706424171927,0.4833547401595273,0,21.524055,NORMAL,scikit-learn IsolationForest.score_samples,0.5277510231803481,1.296361072562011,0,0.171703,NORMAL,NumPy RMS auf standardisiertem 128×3-Fenster
2026-09-18T18:58:49.745+02:00,355,0.26800537642672495,0.47720259914362284,0,0.145129,208.17884318544407,NORMAL,,PROFILE/P99,ai_edge_litert.Interpreter 2.1.6 num_threads=1,2026-09-18T18:58:49.113+02:00,14381927266280,14381948691095,0.716498,0.953053,21.424815,610.052386,631.477201,0,0,0,0,0,55.14051684958031,243220480,240959488,0.3886913989857222,0.4833547401595273,0,19.477764,NORMAL,scikit-learn IsolationForest.score_samples,0.5334904632061059,1.296361072562011,0,0.099259,NORMAL,NumPy RMS auf standardisiertem 128×3-Fenster
2026-09-18T18:58:50.363+02:00,356,0.2766304184403741,0.47720259914362284,0,0.266703,207.74919752619323,NORMAL,,PROFILE/P99,ai_edge_litert.Interpreter 2.1.6 num_threads=1,2026-09-18T18:58:49.731+02:00,14382546212849,14382566545111,0.72559,0.874331,20.332262,611.314034,631.646296,0,0,0,0,0,50.173604150157956,243220480,240959488,0.3806640475130441,0.4833547401595273,0,18.332064,NORMAL,scikit-learn IsolationForest.score_samples,0.5248417516442574,1.296361072562011,0,0.104574,NORMAL,NumPy RMS auf standardisiertem 128×3-Fenster
2026-09-18T18:58:50.981+02:00,357,0.2797721945337537,0.47720259914362284,0,0.256037,208.42088378043212,NORMAL,,PROFILE/P99,ai_edge_litert.Interpreter 2.1.6 num_threads=1,2026-09-18T18:58:50.351+02:00,14383164341384,14383184511240,0.81348,0.76609,20.169856,609.343928,629.513784,0,0,0,0,0,51.783353730531175,243220480,240959488,0.38588030137811175,0.4833547401595273,0,18.206361,NORMAL,scikit-learn IsolationForest.score_samples,0.5320968531546353,1.296361072562011,0,0.103518,NORMAL,NumPy RMS auf standardisiertem 128×3-Fenster
2026-09-18T18:58:51.599+02:00,358,0.29346559993005067,0.47720259914362284,0,0.248129,207.44817009560796,NORMAL,,PROFILE/P99,ai_edge_litert.Interpreter 2.1.6 num_threads=1,2026-09-18T18:58:50.967+02:00,14383782754127,14383802866186,0.781776,0.892386,20.112059,612.20111,632.313169,0,0,0,0,0,54.98347958290342,243220480,240959488,0.3845142820059699,0.4833547401595273,0,18.057009,NORMAL,scikit-learn IsolationForest.score_samples,0.5531464357678472,1.296361072562011,0,0.104722,NORMAL,NumPy RMS auf standardisiertem 128×3-Fenster
2026-09-18T18:58:52.220+02:00,359,0.26162160051672995,0.47720259914362284,0,0.261851,207.49887843180045,NORMAL,,PROFILE/P99,ai_edge_litert.Interpreter 2.1.6 num_threads=1,2026-09-18T18:58:51.585+02:00,14384401042575,14384424280478,0.694628,0.94196,23.237903,612.051501,635.289404,0,0,0,0,0,64.3579221044791,243220480,240959488,0.38161362606199206,0.4833547401595273,0,21.094039,NORMAL,scikit-learn IsolationForest.score_samples,0.5230200098903772,1.296361072562011,0,0.203092,NORMAL,NumPy RMS auf standardisiertem 128×3-Fenster
2026-09-18T18:58:52.852+02:00,360,0.270443263385704,0.47720259914362284,0,0.297128,207.3132914052268,NORMAL,,PROFILE/P99,ai_edge_litert.Interpreter 2.1.6 num_threads=1,2026-09-18T18:58:52.202+02:00,14385017910770,14385055532766,1.105738,1.192885,37.621996,612.59941,650.221406,0,0,0,0,0,71.29574259393131,243220480,240959488,0.3809031503089384,0.4833547401595273,0,34.813744,NORMAL,scikit-learn IsolationForest.score_samples,0.5384189202140306,1.296361072562011,0,0.161278,NORMAL,NumPy RMS auf standardisiertem 128×3-Fenster
2026-09-18T18:58:53.465+02:00,361,0.2993149403421776,0.47720259914362284,0,0.401518,207.9229273781321,NORMAL,,PROFILE/P99,ai_edge_litert.Interpreter 2.1.6 num_threads=1,2026-09-18T18:58:52.827+02:00,14385641985042,14385668785288,1.406089,1.041441,26.800246,610.803251,637.603497,0,0,0,0,0,79.90073667300196,243220480,240959488,0.3898102214456024,0.4833547401595273,0,23.761698,NORMAL,scikit-learn IsolationForest.score_samples,0.5645678607082584,1.296361072562011,0,0.139036,NORMAL,NumPy RMS auf standardisiertem 128×3-Fenster
2026-09-18T18:58:54.056+02:00,362,nan,0.47720259914362284,-1,0.0,208.54872249497905,ERROR,"ValueError: Sensorfenster mit Lücke, Overrun oder Sättigung; Entscheidung ungültig",PROFILE/P99,ai_edge_litert.Interpreter 2.1.6 num_threads=1,2026-09-18T18:58:53.446+02:00,14386258504316,14386259732368,1.182812,0.0,1.228052,608.970405,610.198457,0,0,1,1,0,76.15314106962349,243220480,240959488,nan,0.4833547401595273,-1,0.0,ERROR,scikit-learn IsolationForest.score_samples,nan,1.296361072562011,-1,0.0,ERROR,NumPy RMS auf standardisiertem 128×3-Fenster
2026-09-18T18:58:54.714+02:00,363,0.2887485196411994,0.47720259914362284,0,0.708498,205.6542638356007,NORMAL,,PROFILE/P99,ai_edge_litert.Interpreter 2.1.6 num_threads=1,2026-09-18T18:58:54.060+02:00,14386881028152,14386917750058,1.756792,1.337534,36.721906,617.541293,654.263199,0,0,0,0,0,74.46598455449382,243220480,240959488,0.38701026110484615,0.4833547401595273,0,32.760861,NORMAL,scikit-learn IsolationForest.score_samples,0.5367457896091777,1.296361072562011,0,0.103093,NORMAL,NumPy RMS auf standardisiertem 128×3-Fenster
2026-09-18T18:58:55.350+02:00,364,0.31845684042644556,0.47720259914362284,0,0.31924,210.37938571051495,NORMAL,,PROFILE/P99,ai_edge_litert.Interpreter 2.1.6 num_threads=1,2026-09-18T18:58:54.689+02:00,14387496437472,14387553722418,0.792498,0.929701,57.284946,603.671313,660.956259,0,0,0,0,0,81.76153619669323,243220480,240959488,0.39475254435598484,0.4833547401595273,0,55.07123,NORMAL,scikit-learn IsolationForest.score_samples,0.5603223455807773,1.296361072562011,0,0.134333,NORMAL,NumPy RMS auf standardisiertem 128×3-Fenster
2026-09-18T18:58:55.991+02:00,365,0.25805788793828793,0.47720259914362284,0,0.502628,201.1929987580261,NORMAL,,PROFILE/P99,ai_edge_litert.Interpreter 2.1.6 num_threads=1,2026-09-18T18:58:55.325+02:00,14388160441392,14388194734397,0.974608,1.122145,34.293005,631.234689,665.527694,0,0,0,0,0,88.92762943907468,243220480,240959488,0.38653741458828955,0.4833547401595273,0,31.54916,NORMAL,scikit-learn IsolationForest.score_samples,0.5137323200404807,1.296361072562011,0,0.097222,NORMAL,NumPy RMS auf standardisiertem 128×3-Fenster
2026-09-18T18:58:56.569+02:00,366,0.29060736479168003,0.47720259914362284,0,0.279166,222.13330321322346,NORMAL,,PROFILE/P99,ai_edge_litert.Interpreter 2.1.6 num_threads=1,2026-09-18T18:58:55.965+02:00,14388740952953,14388772832354,0.800739,1.003479,31.879401,571.728769,603.60817,0,0,0,0,0,79.56882484117959,243220480,240959488,0.38531271625767266,0.4833547401595273,0,29.633962,NORMAL,scikit-learn IsolationForest.score_samples,0.533299346782247,1.296361072562011,0,0.120315,NORMAL,NumPy RMS auf standardisiertem 128×3-Fenster
2026-09-18T18:58:57.169+02:00,367,0.2633384326245508,0.47720259914362284,0,0.276777,210.91156775067202,NORMAL,,PROFILE/P99,ai_edge_litert.Interpreter 2.1.6 num_threads=1,2026-09-18T18:58:56.542+02:00,14389348273930,14389372970775,1.246034,1.050293,24.696845,602.148101,626.844946,0,0,0,0,0,76.64861004262573,243220480,240959488,0.391403025486878,0.4833547401595273,0,21.977314,NORMAL,scikit-learn IsolationForest.score_samples,0.5611023429819229,1.296361072562011,0,0.111222,NORMAL,NumPy RMS auf standardisiertem 128×3-Fenster
2026-09-18T18:58:57.785+02:00,368,0.2800126592479895,0.47720259914362284,0,0.142926,205.99481170113205,NORMAL,,PROFILE/P99,ai_edge_litert.Interpreter 2.1.6 num_threads=1,2026-09-18T18:58:57.152+02:00,14389972106015,14389988964991,0.448573,0.507018,16.858976,616.520382,633.379358,0,0,0,0,0,74.68473725567253,243220480,240959488,0.3885671487995519,0.4833547401595273,0,15.680238,NORMAL,scikit-learn IsolationForest.score_samples,0.5441063904814132,1.296361072562011,0,0.060037,NORMAL,NumPy RMS auf standardisiertem 128×3-Fenster
2026-09-18T18:58:58.425+02:00,369,0.2719441447062499,0.47720259914362284,0,0.191222,208.04622203869013,NORMAL,,PROFILE/P99,ai_edge_litert.Interpreter 2.1.6 num_threads=1,2026-09-18T18:58:57.771+02:00,14390585513315,14390629079297,0.650258,0.638387,43.565982,610.44127,654.007252,0,0,0,0,0,46.86469064675188,243220480,240959488,0.3846756474272197,0.4833547401595273,0,41.970691,NORMAL,scikit-learn IsolationForest.score_samples,0.5411692704818539,1.296361072562011,0,0.087833,NORMAL,NumPy RMS auf standardisiertem 128×3-Fenster
2026-09-18T18:58:59.013+02:00,370,0.25317683836148913,0.47720259914362284,0,0.14,222.472434224584,NORMAL,,PROFILE/P99,ai_edge_litert.Interpreter 2.1.6 num_threads=1,2026-09-18T18:58:58.427+02:00,14391201561257,14391217111496,0.361333,0.478295,15.550239,570.857241,586.40748,0,0,0,0,0,45.918506586291684,243220480,240959488,0.38839869811611494,0.4833547401595273,0,14.503019,NORMAL,scikit-learn IsolationForest.score_samples,0.5341047667258116,1.296361072562011,0,0.050333,NORMAL,NumPy RMS auf standardisiertem 128×3-Fenster
2026-09-18T18:58:59.631+02:00,371,0.3065906023691601,0.47720259914362284,0,0.137278,207.6542813510605,NORMAL,,PROFILE/P99,ai_edge_litert.Interpreter 2.1.6 num_threads=1,2026-09-18T18:58:59.004+02:00,14391819823032,14391835312585,0.371443,0.475554,15.489553,611.593458,627.083011,0,0,0,0,0,38.82227849508496,243220480,240959488,0.3896293075795473,0.4833547401595273,0,14.43613,NORMAL,scikit-learn IsolationForest.score_samples,0.5465951488258933,1.296361072562011,0,0.051518,NORMAL,NumPy RMS auf standardisiertem 128×3-Fenster
2026-09-18T18:59:00.253+02:00,372,0.27550122727887444,0.47720259914362284,0,0.128851,207.30846300170268,NORMAL,,PROFILE/P99,ai_edge_litert.Interpreter 2.1.6 num_threads=1,2026-09-18T18:58:59.623+02:00,14392438986397,14392457235259,1.97157,0.461702,18.248862,612.613678,630.86254,0,0,0,0,0,38.589513533216945,243220480,240959488,0.38280103622765593,0.4833547401595273,0,15.605349,NORMAL,scikit-learn IsolationForest.score_samples,0.5369168752611779,1.296361072562011,0,0.063555,NORMAL,NumPy RMS auf standardisiertem 128×3-Fenster
2026-09-18T18:59:00.868+02:00,373,0.2500635932782809,0.47720259914362284,0,0.142851,207.26660291700847,NORMAL,,PROFILE/P99,ai_edge_litert.Interpreter 2.1.6 num_threads=1,2026-09-18T18:59:00.239+02:00,14393056007697,14393071628250,0.376462,0.488443,15.620553,612.737403,628.357956,0,0,0,0,0,37.43618038661484,243220480,240959488,0.3821275087346319,0.4833547401595273,0,14.547167,NORMAL,scikit-learn IsolationForest.score_samples,0.5322545452923119,1.296361072562011,0,0.045444,NORMAL,NumPy RMS auf standardisiertem 128×3-Fenster
2026-09-18T18:59:01.500+02:00,374,0.281475163873111,0.47720259914362284,0,0.186926,207.71355030925062,NORMAL,,PROFILE/P99,ai_edge_litert.Interpreter 2.1.6 num_threads=1,2026-09-18T18:59:00.859+02:00,14393674266552,14393703795700,0.50635,0.657814,29.529148,611.418946,640.948094,0,0,0,0,0,41.12099189498613,243220480,240959488,0.3882087610420452,0.4833547401595273,0,28.030855,NORMAL,scikit-learn IsolationForest.score_samples,0.5219834471570702,1.296361072562011,0,0.119444,NORMAL,NumPy RMS auf standardisiertem 128×3-Fenster
2026-09-18T18:59:02.107+02:00,375,0.2788379808288622,0.47720259914362284,0,0.283943,210.1737381512983,NORMAL,,PROFILE/P99,ai_edge_litert.Interpreter 2.1.6 num_threads=1,2026-09-18T18:59:01.483+02:00,14394291253597,14394310749696,0.647202,0.977312,19.496099,604.261984,623.758083,0,0,0,0,0,41.19608685621636,243220480,240959488,0.3825048753480488,0.4833547401595273,0,17.495586,NORMAL,scikit-learn IsolationForest.score_samples,0.5309143212811135,1.296361072562011,0,0.062722,NORMAL,NumPy RMS auf standardisiertem 128×3-Fenster
2026-09-18T18:59:02.723+02:00,376,0.23928388999643257,0.47720259914362284,0,0.141277,207.2377706547926,NORMAL,,PROFILE/P99,ai_edge_litert.Interpreter 2.1.6 num_threads=1,2026-09-18T18:59:02.094+02:00,14394910436565,14394926841580,0.385147,0.481073,16.405015,612.822651,629.227666,0,0,0,0,0,40.578503112103675,243220480,240959488,0.3795849035423992,0.4833547401595273,0,15.320814,NORMAL,scikit-learn IsolationForest.score_samples,0.5133852775246334,1.296361072562011,0,0.057815,NORMAL,NumPy RMS auf standardisiertem 128×3-Fenster
2026-09-18T18:59:03.341+02:00,377,0.31147317380783307,0.47720259914362284,0,0.140537,207.93497481044608,NORMAL,,PROFILE/P99,ai_edge_litert.Interpreter 2.1.6 num_threads=1,2026-09-18T18:59:02.713+02:00,14395527706448,14395544420573,0.389036,0.481591,16.714125,610.767862,627.481987,0,0,0,0,0,35.622967970791635,243220480,240959488,0.381587984221529,0.4833547401595273,0,15.623813,NORMAL,scikit-learn IsolationForest.score_samples,0.5300326125865568,1.296361072562011,0,0.059426,NORMAL,NumPy RMS auf standardisiertem 128×3-Fenster
2026-09-18T18:59:03.958+02:00,378,0.28412261759114893,0.47720259914362284,0,0.189148,208.3879090191319,NORMAL,,PROFILE/P99,ai_edge_litert.Interpreter 2.1.6 num_threads=1,2026-09-18T18:59:03.332+02:00,14396145290702,14396161567365,0.364647,0.58911,16.276663,609.440349,625.717012,0,0,0,0,0,37.26886800046077,243220480,240959488,0.38610960542856543,0.4833547401595273,0,15.055814,NORMAL,scikit-learn IsolationForest.score_samples,0.5366726775432111,1.296361072562011,0,0.048204,NORMAL,NumPy RMS auf standardisiertem 128×3-Fenster
2026-09-18T18:59:04.576+02:00,379,0.26744499818627343,0.47720259914362284,0,0.141759,207.50421748645786,NORMAL,,PROFILE/P99,ai_edge_litert.Interpreter 2.1.6 num_threads=1,2026-09-18T18:59:03.948+02:00,14396763470662,14396779854417,0.353851,0.480369,16.383755,612.035753,628.419508,0,0,0,0,0,35.581778420512336,243220480,240959488,0.38765655413568356,0.4833547401595273,0,15.333277,NORMAL,scikit-learn IsolationForest.score_samples,0.5387724845062002,1.296361072562011,0,0.055055,NORMAL,NumPy RMS auf standardisiertem 128×3-Fenster
2026-09-18T18:59:05.195+02:00,380,0.2805740080848518,0.47720259914362284,0,0.161685,207.2299589016324,NORMAL,,PROFILE/P99,ai_edge_litert.Interpreter 2.1.6 num_threads=1,2026-09-18T18:59:04.565+02:00,14397381920085,14397398500896,0.394795,0.527277,16.580811,612.845752,629.426563,0,0,0,0,0,37.17801192735953,243220480,240959488,0.3856021422363247,0.4833547401595273,0,15.420369,NORMAL,scikit-learn IsolationForest.score_samples,0.5344347416892185,1.296361072562011,0,0.0555,NORMAL,NumPy RMS auf standardisiertem 128×3-Fenster
2026-09-18T18:59:05.813+02:00,381,0.3122974744427521,0.47720259914362284,0,0.138499,207.54789834113714,NORMAL,,PROFILE/P99,ai_edge_litert.Interpreter 2.1.6 num_threads=1,2026-09-18T18:59:05.185+02:00,14398000471641,14398016638934,0.408202,0.49437,16.167293,611.906943,628.074236,0,0,0,0,0,35.59071958915028,243220480,240959488,0.38649549886845924,0.4833547401595273,0,15.054074,NORMAL,scikit-learn IsolationForest.score_samples,0.5285795110845897,1.296361072562011,0,0.053463,NORMAL,NumPy RMS auf standardisiertem 128×3-Fenster
2026-09-18T18:59:06.431+02:00,382,0.2672514480012705,0.47720259914362284,0,0.158278,207.40797293134548,NORMAL,,PROFILE/P99,ai_edge_litert.Interpreter 2.1.6 num_threads=1,2026-09-18T18:59:05.802+02:00,14398618288071,14398634705604,0.355629,0.497258,16.417533,612.319759,628.737292,0,0,0,0,0,35.5948686858332,243220480,240959488,0.38353073709374813,0.4833547401595273,0,15.320758,NORMAL,scikit-learn IsolationForest.score_samples,0.5481513874349044,1.296361072562011,0,0.065,NORMAL,NumPy RMS auf standardisiertem 128×3-Fenster
2026-09-18T18:59:07.056+02:00,383,0.25912159768864557,0.47720259914362284,0,0.169241,207.4551348418601,NORMAL,,PROFILE/P99,ai_edge_litert.Interpreter 2.1.6 num_threads=1,2026-09-18T18:59:06.421+02:00,14399236708261,14399260308517,0.471924,0.603425,23.600256,612.180557,635.780813,0,0,0,0,0,38.361205404982165,243220480,240959488,0.3843069029003916,0.4833547401595273,0,22.25889,NORMAL,scikit-learn IsolationForest.score_samples,0.5360572705075751,1.296361072562011,0,0.071259,NORMAL,NumPy RMS auf standardisiertem 128×3-Fenster
2026-09-18T18:59:07.666+02:00,384,0.2602889731569107,0.47720259914362284,0,0.160036,208.59068962453682,NORMAL,,PROFILE/P99,ai_edge_litert.Interpreter 2.1.6 num_threads=1,2026-09-18T18:59:07.041+02:00,14399853336014,14399870011472,0.366165,0.499536,16.675458,608.847884,625.523342,0,0,0,0,0,39.364559307246445,243220480,240959488,0.3876011033130949,0.4833547401595273,0,15.567406,NORMAL,scikit-learn IsolationForest.score_samples,0.5281520091783576,1.296361072562011,0,0.063963,NORMAL,NumPy RMS auf standardisiertem 128×3-Fenster
2026-09-18T18:59:08.287+02:00,385,0.31694651201809165,0.47720259914362284,0,0.156741,206.9823544804771,NORMAL,,PROFILE/P99,ai_edge_litert.Interpreter 2.1.6 num_threads=1,2026-09-18T18:59:07.655+02:00,14400472358837,14400490818347,0.971201,0.721609,18.45951,613.578874,632.038384,0,0,0,0,0,38.659893889149636,243220480,240959488,0.3916593808151105,0.4833547401595273,0,16.525533,NORMAL,scikit-learn IsolationForest.score_samples,0.5692596695585919,1.296361072562011,0,0.05774,NORMAL,NumPy RMS auf standardisiertem 128×3-Fenster
2026-09-18T18:59:08.902+02:00,386,0.2629269323315526,0.47720259914362284,0,0.144889,208.00666289563142,NORMAL,,PROFILE/P99,ai_edge_litert.Interpreter 2.1.6 num_threads=1,2026-09-18T18:59:08.276+02:00,14401090108017,14401105793163,0.389702,0.477647,15.685146,610.557365,626.242511,0,0,0,0,0,34.14794752747261,243220480,240959488,0.37979107894519815,0.4833547401595273,0,14.603001,NORMAL,scikit-learn IsolationForest.score_samples,0.5195687467116803,1.296361072562011,0,0.050778,NORMAL,NumPy RMS auf standardisiertem 128×3-Fenster
2026-09-18T18:59:09.520+02:00,387,0.31585573891046814,0.47720259914362284,0,0.140352,207.0922325730435,NORMAL,,PROFILE/P99,ai_edge_litert.Interpreter 2.1.6 num_threads=1,2026-09-18T18:59:08.892+02:00,14401708588365,14401724192363,0.368332,0.475462,15.603998,613.253324,628.857322,0,0,0,0,0,37.19274900255705,243220480,240959488,0.38918847776005255,0.4833547401595273,0,14.548464,NORMAL,scikit-learn IsolationForest.score_samples,0.5485124092017006,1.296361072562011,0,0.051888,NORMAL,NumPy RMS auf standardisiertem 128×3-Fenster
2026-09-18T18:59:10.137+02:00,388,0.3343950880656917,0.47720259914362284,0,0.14024,208.0471350802918,NORMAL,,PROFILE/P99,ai_edge_litert.Interpreter 2.1.6 num_threads=1,2026-09-18T18:59:09.511+02:00,14402324793534,14402340801458,0.367037,0.47735,16.007924,610.438591,626.446515,0,0,0,0,0,38.92239843414422,243220480,240959488,0.38845106855877226,0.4833547401595273,0,14.948926,NORMAL,scikit-learn IsolationForest.score_samples,0.574075296033897,1.296361072562011,0,0.054871,NORMAL,NumPy RMS auf standardisiertem 128×3-Fenster
2026-09-18T18:59:10.757+02:00,389,0.2796418921538664,0.47720259914362284,0,0.144315,207.89173765701614,NORMAL,,PROFILE/P99,ai_edge_litert.Interpreter 2.1.6 num_threads=1,2026-09-18T18:59:10.128+02:00,14402942700851,14402961285232,1.121516,0.505332,18.584381,610.894889,629.47927,0,0,0,0,0,35.45630786301518,243220480,240959488,0.38616203986507047,0.4833547401595273,0,16.736644,NORMAL,scikit-learn IsolationForest.score_samples,0.5403576972903277,1.296361072562011,0,0.05763,NORMAL,NumPy RMS auf standardisiertem 128×3-Fenster
2026-09-18T18:59:11.373+02:00,390,0.25631437546696684,0.47720259914362284,0,0.129,207.6538579581064,NORMAL,,PROFILE/P99,ai_edge_litert.Interpreter 2.1.6 num_threads=1,2026-09-18T18:59:10.746+02:00,14403560966855,14403576704594,0.374906,0.457221,15.737739,611.594705,627.332444,0,0,0,0,0,37.37284255920606,243220480,240959488,0.38901726395154723,0.4833547401595273,0,14.704798,NORMAL,scikit-learn IsolationForest.score_samples,0.5190851088683642,1.296361072562011,0,0.05424,NORMAL,NumPy RMS auf standardisiertem 128×3-Fenster
2026-09-18T18:59:11.992+02:00,391,0.2900615206517576,0.47720259914362284,0,0.137852,207.18915569218336,NORMAL,,PROFILE/P99,ai_edge_litert.Interpreter 2.1.6 num_threads=1,2026-09-18T18:59:11.363+02:00,14404180073061,14404195916430,0.456332,0.472499,15.843369,612.966444,628.809813,0,0,0,0,0,33.91424675160923,243220480,240959488,0.39066725764935695,0.4833547401595273,0,14.704908,NORMAL,scikit-learn IsolationForest.score_samples,0.537558743767384,1.296361072562011,0,0.053463,NORMAL,NumPy RMS auf standardisiertem 128×3-Fenster
2026-09-18T18:59:12.616+02:00,392,0.242732904319098,0.47720259914362284,0,0.171037,208.05004739232643,NORMAL,,PROFILE/P99,ai_edge_litert.Interpreter 2.1.6 num_threads=1,2026-09-18T18:59:11.983+02:00,14404797179850,14404820245609,0.45387,0.60922,23.065759,610.430046,633.495805,0,0,0,0,0,40.04153203794383,243220480,240959488,0.3844687541291413,0.4833547401595273,0,21.737539,NORMAL,scikit-learn IsolationForest.score_samples,0.5081157045252606,1.296361072562011,0,0.068481,NORMAL,NumPy RMS auf standardisiertem 128×3-Fenster
2026-09-18T18:59:13.228+02:00,393,0.2852411014968658,0.47720259914362284,0,0.142111,208.69614247052655,NORMAL,,PROFILE/P99,ai_edge_litert.Interpreter 2.1.6 num_threads=1,2026-09-18T18:59:12.604+02:00,14405416044655,14405432195282,0.436999,0.515647,16.150627,608.540237,624.690864,0,0,0,0,0,42.4883664809662,243220480,240959488,0.38449802245457954,0.4833547401595273,0,14.978186,NORMAL,scikit-learn IsolationForest.score_samples,0.5320977255816025,1.296361072562011,0,0.058667,NORMAL,NumPy RMS auf standardisiertem 128×3-Fenster
2026-09-18T18:59:13.846+02:00,394,0.2927506675989307,0.47720259914362284,0,0.136333,207.73064185954973,NORMAL,,PROFILE/P99,ai_edge_litert.Interpreter 2.1.6 num_threads=1,2026-09-18T18:59:13.219+02:00,14406034093816,14406049933333,0.374647,0.470999,15.839517,611.36864,627.208157,0,0,0,0,0,37.23277193757099,243220480,240959488,0.3828396158926331,0.4833547401595273,0,14.784445,NORMAL,scikit-learn IsolationForest.score_samples,0.5453112498276351,1.296361072562011,0,0.054629,NORMAL,NumPy RMS auf standardisiertem 128×3-Fenster
2026-09-18T18:59:14.463+02:00,395,0.31421762749771415,0.47720259914362284,0,0.125685,208.0601063170105,NORMAL,,PROFILE/P99,ai_edge_litert.Interpreter 2.1.6 num_threads=1,2026-09-18T18:59:13.837+02:00,14406650864427,14406667029555,0.370463,0.466073,16.165128,610.400534,626.565662,0,0,0,0,0,35.65066883191112,243220480,240959488,0.3870871067520361,0.4833547401595273,0,15.124223,NORMAL,scikit-learn IsolationForest.score_samples,0.5550203079495459,1.296361072562011,0,0.059111,NORMAL,NumPy RMS auf standardisiertem 128×3-Fenster
2026-09-18T18:59:15.081+02:00,396,0.29148895374202805,0.47720259914362284,0,0.141981,207.27692113916635,NORMAL,,PROFILE/P99,ai_edge_litert.Interpreter 2.1.6 num_threads=1,2026-09-18T18:59:14.453+02:00,14407269119222,14407285034683,0.37124,0.474758,15.915461,612.706901,628.622362,0,0,0,0,0,37.216659077020324,243220480,240959488,0.38627472257833617,0.4833547401595273,0,14.856649,NORMAL,scikit-learn IsolationForest.score_samples,0.5481242569431394,1.296361072562011,0,0.053037,NORMAL,NumPy RMS auf standardisiertem 128×3-Fenster
2026-09-18T18:59:15.698+02:00,397,0.2877411396701013,0.47720259914362284,0,0.137333,207.58586213831262,NORMAL,,PROFILE/P99,ai_edge_litert.Interpreter 2.1.6 num_threads=1,2026-09-18T18:59:15.071+02:00,14407886423448,14407902299020,0.38898,0.480536,15.875572,611.795036,627.670608,0,0,0,0,0,37.26129012149521,243220480,240959488,0.38166706096075204,0.4833547401595273,0,14.794908,NORMAL,scikit-learn IsolationForest.score_samples,0.5071341077799222,1.296361072562011,0,0.054852,NORMAL,NumPy RMS auf standardisiertem 128×3-Fenster
2026-09-18T18:59:16.316+02:00,398,0.27068913271273826,0.47720259914362284,0,0.139407,207.283397699752,NORMAL,,PROFILE/P99,ai_edge_litert.Interpreter 2.1.6 num_threads=1,2026-09-18T18:59:15.688+02:00,14408504402155,14408520298117,0.402055,0.476258,15.895962,612.687757,628.583719,0,0,0,0,0,37.21667322874777,243220480,240959488,0.3833200121422306,0.4833547401595273,0,14.802816,NORMAL,scikit-learn IsolationForest.score_samples,0.5153520591465908,1.296361072562011,0,0.056722,NORMAL,NumPy RMS auf standardisiertem 128×3-Fenster
2026-09-18T18:59:16.936+02:00,399,0.2898033941408518,0.47720259914362284,0,0.143351,206.867133341762,NORMAL,,PROFILE/P99,ai_edge_litert.Interpreter 2.1.6 num_threads=1,2026-09-18T18:59:16.306+02:00,14409124085027,14409139791693,0.396722,0.480869,15.706666,613.920626,629.627292,0,0,0,0,0,37.12722216863811,243220480,240959488,0.3828204459115937,0.4833547401595273,0,14.616168,NORMAL,scikit-learn IsolationForest.score_samples,0.5257862852962136,1.296361072562011,0,0.051259,NORMAL,NumPy RMS auf standardisiertem 128×3-Fenster
2026-09-18T18:59:17.553+02:00,400,0.2579914967711574,0.47720259914362284,0,0.124925,208.04578102781184,NORMAL,,PROFILE/P99,ai_edge_litert.Interpreter 2.1.6 num_threads=1,2026-09-18T18:59:16.927+02:00,14409741183279,14409757285037,0.373796,0.456184,16.101758,610.442564,626.544322,0,0,0,0,0,37.24759963712363,243220480,240959488,0.38227286915651926,0.4833547401595273,0,15.0735,NORMAL,scikit-learn IsolationForest.score_samples,0.5190520014157334,1.296361072562011,0,0.054666,NORMAL,NumPy RMS auf standardisiertem 128×3-Fenster
2026-09-18T18:59:18.178+02:00,401,0.2693566378535692,0.47720259914362284,0,0.172036,207.426539768445,NORMAL,,PROFILE/P99,ai_edge_litert.Interpreter 2.1.6 num_threads=1,2026-09-18T18:59:17.542+02:00,14410358492902,14410381789291,0.483221,0.612943,23.296389,612.26495,635.561339,0,0,0,0,0,41.63145646205416,243220480,240959488,0.38780233536339714,0.4833547401595273,0,21.935151,NORMAL,scikit-learn IsolationForest.score_samples,0.5386733169128631,1.296361072562011,0,0.068666,NORMAL,NumPy RMS auf standardisiertem 128×3-Fenster
2026-09-18T18:59:18.791+02:00,402,0.2471043416831352,0.47720259914362284,0,0.141352,209.035700488006,NORMAL,,PROFILE/P99,ai_edge_litert.Interpreter 2.1.6 num_threads=1,2026-09-18T18:59:18.165+02:00,14410976633730,14410994837797,2.140087,0.483425,18.204067,607.551723,625.75579,0,0,0,0,0,42.41230260964703,243220480,240959488,0.38674025740565016,0.4833547401595273,0,15.363574,NORMAL,scikit-learn IsolationForest.score_samples,0.49999784773800166,1.296361072562011,0,0.056907,NORMAL,NumPy RMS auf standardisiertem 128×3-Fenster
2026-09-18T18:59:19.407+02:00,403,0.2690751533940348,0.47720259914362284,0,0.135907,208.1463222623861,NORMAL,,PROFILE/P99,ai_edge_litert.Interpreter 2.1.6 num_threads=1,2026-09-18T18:59:18.781+02:00,14411595220818,14411610857651,0.361851,0.486073,15.636833,610.147701,625.784534,0,0,0,0,0,35.713368704048094,243220480,240959488,0.3849172601477446,0.4833547401595273,0,14.581872,NORMAL,scikit-learn IsolationForest.score_samples,0.520960819685862,1.296361072562011,0,0.052944,NORMAL,NumPy RMS auf standardisiertem 128×3-Fenster
2026-09-18T18:59:20.026+02:00,404,0.3071646611665931,0.47720259914362284,0,0.14087,207.58102544081828,NORMAL,,PROFILE/P99,ai_edge_litert.Interpreter 2.1.6 num_threads=1,2026-09-18T18:59:19.398+02:00,14412213228983,14412229428463,0.344018,0.492721,16.19948,611.809291,628.008771,0,0,0,0,0,38.79872694318454,243220480,240959488,0.3868759466495116,0.4833547401595273,0,15.14513,NORMAL,scikit-learn IsolationForest.score_samples,0.5391695690078647,1.296361072562011,0,0.057611,NORMAL,NumPy RMS auf standardisiertem 128×3-Fenster
2026-09-18T18:59:20.644+02:00,405,0.2855004081125832,0.47720259914362284,0,0.138296,207.2427452437337,NORMAL,,PROFILE/P99,ai_edge_litert.Interpreter 2.1.6 num_threads=1,2026-09-18T18:59:20.015+02:00,14412832102539,14412847957130,0.324462,0.471091,15.854591,612.807941,628.662532,0,0,0,0,0,38.80132753190151,243220480,240959488,0.3891419995517653,0.4833547401595273,0,14.847187,NORMAL,scikit-learn IsolationForest.score_samples,0.5271559927605995,1.296361072562011,0,0.055704,NORMAL,NumPy RMS auf standardisiertem 128×3-Fenster
2026-09-18T18:59:21.262+02:00,406,0.2773825187394859,0.47720259914362284,0,0.138666,207.56548031842786,NORMAL,,PROFILE/P99,ai_edge_litert.Interpreter 2.1.6 num_threads=1,2026-09-18T18:59:20.634+02:00,14413449449248,14413465588913,0.346239,0.472166,16.139665,611.855111,627.994776,0,0,0,0,0,37.23941936898484,243220480,240959488,0.3859726736892649,0.4833547401595273,0,15.106852,NORMAL,scikit-learn IsolationForest.score_samples,0.5185438235423465,1.296361072562011,0,0.056888,NORMAL,NumPy RMS auf standardisiertem 128×3-Fenster
2026-09-18T18:59:21.882+02:00,407,0.25250231546089186,0.47720259914362284,0,0.139408,207.39108141696858,NORMAL,,PROFILE/P99,ai_edge_litert.Interpreter 2.1.6 num_threads=1,2026-09-18T18:59:21.251+02:00,14414067633142,14414085480988,0.383054,0.483351,17.847846,612.369631,630.217477,0,0,0,0,0,38.71021268169668,243220480,240959488,0.3820242642340359,0.4833547401595273,0,16.695275,NORMAL,scikit-learn IsolationForest.score_samples,0.5138910625098646,1.296361072562011,0,0.124093,NORMAL,NumPy RMS auf standardisiertem 128×3-Fenster
2026-09-18T18:59:22.502+02:00,408,0.29301238806452534,0.47720259914362284,0,0.208148,207.18807811999406,NORMAL,,PROFILE/P99,ai_edge_litert.Interpreter 2.1.6 num_threads=1,2026-09-18T18:59:21.870+02:00,14414686554426,14414705450955,0.859942,0.886017,18.896529,612.969632,631.866161,0,0,0,0,0,35.48812868453183,243220480,240959488,0.3945069308716087,0.4833547401595273,0,16.821034,NORMAL,scikit-learn IsolationForest.score_samples,0.524902210013433,1.296361072562011,0,0.096148,NORMAL,NumPy RMS auf standardisiertem 128×3-Fenster
2026-09-18T18:59:23.118+02:00,409,0.27101875840043615,0.47720259914362284,0,0.232407,207.13999188882198,NORMAL,,PROFILE/P99,ai_edge_litert.Interpreter 2.1.6 num_threads=1,2026-09-18T18:59:22.487+02:00,14415303609086,14415321432192,0.778591,0.895998,17.823106,613.111929,630.935035,0,0,0,0,0,37.342449324480654,243220480,240959488,0.38411205577955504,0.4833547401595273,0,15.8325,NORMAL,scikit-learn IsolationForest.score_samples,0.5239692157462159,1.296361072562011,0,0.056278,NORMAL,NumPy RMS auf standardisiertem 128×3-Fenster
2026-09-18T18:59:23.733+02:00,410,0.29002513533257473,0.47720259914362284,0,0.127203,208.3188111610907,NORMAL,,PROFILE/P99,ai_edge_litert.Interpreter 2.1.6 num_threads=1,2026-09-18T18:59:23.108+02:00,14415921294878,14415937162007,0.388814,0.458888,15.867129,609.642496,625.509625,0,0,0,0,0,42.22611889173999,243220480,240959488,0.38643142637465694,0.4833547401595273,0,14.821761,NORMAL,scikit-learn IsolationForest.score_samples,0.5689597145534584,1.296361072562011,0,0.053814,NORMAL,NumPy RMS auf standardisiertem 128×3-Fenster
2026-09-18T18:59:24.357+02:00,411,0.25861050735081176,0.47720259914362284,0,0.137425,207.75089130448828,NORMAL,,PROFILE/P99,ai_edge_litert.Interpreter 2.1.6 num_threads=1,2026-09-18T18:59:23.724+02:00,14416538890894,14416560657620,3.407918,0.469313,21.766726,611.30905,633.075776,0,0,0,0,0,35.28471459143847,243220480,240959488,0.3880518262559263,0.4833547401595273,0,17.672292,NORMAL,scikit-learn IsolationForest.score_samples,0.5354373147842947,1.296361072562011,0,0.059388,NORMAL,NumPy RMS auf standardisiertem 128×3-Fenster
2026-09-18T18:59:24.969+02:00,412,0.2912145491238481,0.47720259914362284,0,0.136592,207.8695962463229,NORMAL,,PROFILE/P99,ai_edge_litert.Interpreter 2.1.6 num_threads=1,2026-09-18T18:59:24.342+02:00,14417156873114,14417172803040,0.3695,0.481795,15.929926,610.959959,626.889885,0,0,0,0,0,37.57316594015656,243220480,240959488,0.3934968028759149,0.4833547401595273,0,14.869057,NORMAL,scikit-learn IsolationForest.score_samples,0.5538964030152421,1.296361072562011,0,0.054315,NORMAL,NumPy RMS auf standardisiertem 128×3-Fenster
2026-09-18T18:59:25.588+02:00,413,0.2620084200089181,0.47720259914362284,0,0.143,207.5273740861973,NORMAL,,PROFILE/P99,ai_edge_litert.Interpreter 2.1.6 num_threads=1,2026-09-18T18:59:24.960+02:00,14417775390874,14417791673669,0.414406,0.533129,16.282795,611.96746,628.250255,0,0,0,0,0,35.54850916600343,243220480,240959488,0.3864740301293791,0.4833547401595273,0,15.115446,NORMAL,scikit-learn IsolationForest.score_samples,0.5079263803974899,1.296361072562011,0,0.057277,NORMAL,NumPy RMS auf standardisiertem 128×3-Fenster
2026-09-18T18:59:26.205+02:00,414,0.2834530376430358,0.47720259914362284,0,0.142351,207.8465557451025,NORMAL,,PROFILE/P99,ai_edge_litert.Interpreter 2.1.6 num_threads=1,2026-09-18T18:59:25.578+02:00,14418393093581,14418408993285,0.399777,0.486518,15.899704,611.027686,626.92739,0,0,0,0,0,37.25778811162954,243220480,240959488,0.38567259521533304,0.4833547401595273,0,14.796595,NORMAL,scikit-learn IsolationForest.score_samples,0.5442822560088278,1.296361072562011,0,0.055852,NORMAL,NumPy RMS auf standardisiertem 128×3-Fenster
2026-09-18T18:59:26.824+02:00,415,0.279617608488401,0.47720259914362284,0,0.146074,207.22401450508056,NORMAL,,PROFILE/P99,ai_edge_litert.Interpreter 2.1.6 num_threads=1,2026-09-18T18:59:26.195+02:00,14419011748400,14419027632678,0.399129,0.444036,15.884278,612.863332,628.74761,0,0,0,0,0,37.178254055102975,243220480,240959488,0.3879397415921021,0.4833547401595273,0,14.818946,NORMAL,scikit-learn IsolationForest.score_samples,0.5252904900515903,1.296361072562011,0,0.057592,NORMAL,NumPy RMS auf standardisiertem 128×3-Fenster
2026-09-18T18:59:27.441+02:00,416,0.2647896552341109,0.47720259914362284,0,0.1565,208.04954331282286,NORMAL,,PROFILE/P99,ai_edge_litert.Interpreter 2.1.6 num_threads=1,2026-09-18T18:59:26.814+02:00,14419628609892,14419645152298,0.357185,0.506054,16.542406,610.431525,626.973931,0,0,0,0,0,37.24602695336104,243220480,240959488,0.38348429376710297,0.4833547401595273,0,15.446037,NORMAL,scikit-learn IsolationForest.score_samples,0.524015506041268,1.296361072562011,0,0.05624,NORMAL,NumPy RMS auf standardisiertem 128×3-Fenster
2026-09-18T18:59:28.061+02:00,417,0.26173054934662776,0.47720259914362284,0,0.15787,207.33634955806227,NORMAL,,PROFILE/P99,ai_edge_litert.Interpreter 2.1.6 num_threads=1,2026-09-18T18:59:27.431+02:00,14420247833566,14420264687637,0.371684,0.49911,16.854071,612.531282,629.385353,0,0,0,0,0,38.73822392897724,243220480,240959488,0.386575906236236,0.4833547401595273,0,15.746926,NORMAL,scikit-learn IsolationForest.score_samples,0.5482990724789857,1.296361072562011,0,0.059592,NORMAL,NumPy RMS auf standardisiertem 128×3-Fenster
2026-09-18T18:59:28.684+02:00,418,0.257709861244928,0.47720259914362284,0,0.171796,208.03207892659756,NORMAL,,PROFILE/P99,ai_edge_litert.Interpreter 2.1.6 num_threads=1,2026-09-18T18:59:28.051+02:00,14420864988488,14420888107878,0.474165,0.607499,23.11939,610.482771,633.602161,0,0,0,0,0,36.89226892221409,243220480,240959488,0.38270347144665295,0.4833547401595273,0,21.769486,NORMAL,scikit-learn IsolationForest.score_samples,0.5231911910885827,1.296361072562011,0,0.072129,NORMAL,NumPy RMS auf standardisiertem 128×3-Fenster
2026-09-18T18:59:29.296+02:00,419,0.2914926468249893,0.47720259914362284,0,0.138907,208.8995339997496,NORMAL,,PROFILE/P99,ai_edge_litert.Interpreter 2.1.6 num_threads=1,2026-09-18T18:59:28.672+02:00,14421483564001,14421499449390,0.361888,0.487536,15.885389,607.947742,623.833131,0,0,0,0,0,45.80248185166825,243220480,240959488,0.3867113781001126,0.4833547401595273,0,14.817761,NORMAL,scikit-learn IsolationForest.score_samples,0.5520844839123741,1.296361072562011,0,0.060241,NORMAL,NumPy RMS auf standardisiertem 128×3-Fenster
2026-09-18T18:59:29.936+02:00,420,0.24926378947064856,0.47720259914362284,0,0.307185,207.85331696496644,NORMAL,,PROFILE/P99,ai_edge_litert.Interpreter 2.1.6 num_threads=1,2026-09-18T18:59:29.286+02:00,14422101187518,14422139945205,1.198831,1.050905,38.757687,611.00781,649.765497,0,0,0,0,0,49.94014260340344,243220480,240959488,0.38320823967115464,0.4833547401595273,0,36.020675,NORMAL,scikit-learn IsolationForest.score_samples,0.510703169363744,1.296361072562011,0,0.141499,NORMAL,NumPy RMS auf standardisiertem 128×3-Fenster
2026-09-18T18:59:30.579+02:00,421,0.26215049014177305,0.47720259914362284,0,0.25174,213.5144498963781,NORMAL,,PROFILE/P99,ai_edge_litert.Interpreter 2.1.6 num_threads=1,2026-09-18T18:59:29.920+02:00,14422718909816,14422782740093,1.286682,0.918943,63.830277,594.807518,658.637795,0,0,0,0,0,56.020429766805904,243220480,240959488,0.3883684440152449,0.4833547401595273,0,61.210283,NORMAL,scikit-learn IsolationForest.score_samples,0.5325779792069382,1.296361072562011,0,0.125852,NORMAL,NumPy RMS auf standardisiertem 128×3-Fenster
2026-09-18T18:59:31.149+02:00,422,nan,0.47720259914362284,-1,0.0,223.45858003167902,ERROR,"ValueError: Sensorfenster mit Lücke, Overrun oder Sättigung; Entscheidung ungültig",PROFILE/P99,ai_edge_litert.Interpreter 2.1.6 num_threads=1,2026-09-18T18:59:30.579+02:00,14423351398322,14423352664078,1.224423,0.0,1.265756,568.337989,569.603745,0,0,4,4,0,71.94263262203796,243220480,240959488,nan,0.4833547401595273,-1,0.0,ERROR,scikit-learn IsolationForest.score_samples,nan,1.296361072562011,-1,0.0,ERROR,NumPy RMS auf standardisiertem 128×3-Fenster
2026-09-18T18:59:31.794+02:00,423,0.2800209731652619,0.47720259914362284,0,0.325721,206.73453101505746,NORMAL,,PROFILE/P99,ai_edge_litert.Interpreter 2.1.6 num_threads=1,2026-09-18T18:59:31.153+02:00,14423970776954,14423997471502,0.955664,1.024461,26.694548,614.314403,641.008951,0,0,0,0,0,43.42519945643746,243154944,240959488,0.3880020952816338,0.4833547401595273,0,24.239054,NORMAL,scikit-learn IsolationForest.score_samples,0.5281977417654242,1.296361072562011,0,0.098222,NORMAL,NumPy RMS auf standardisiertem 128×3-Fenster
2026-09-18T18:59:32.399+02:00,424,0.27024522660950806,0.47720259914362284,0,0.169426,208.2197405158052,NORMAL,,PROFILE/P99,ai_edge_litert.Interpreter 2.1.6 num_threads=1,2026-09-18T18:59:31.773+02:00,14424586995650,14424602994650,0.486407,0.476554,15.999,609.932563,625.931563,0,0,0,0,0,49.548424249911,243154944,240959488,0.39395434806815305,0.4833547401595273,0,14.791355,NORMAL,scikit-learn IsolationForest.score_samples,0.5216060613137269,1.296361072562011,0,0.055852,NORMAL,NumPy RMS auf standardisiertem 128×3-Fenster
2026-09-18T18:59:33.018+02:00,425,0.25647571750030096,0.47720259914362284,0,0.140721,207.557350081514,NORMAL,,PROFILE/P99,ai_edge_litert.Interpreter 2.1.6 num_threads=1,2026-09-18T18:59:32.391+02:00,14425206219156,14425221945231,0.374962,0.48037,15.726075,611.879078,627.605153,0,0,0,0,0,38.775459799178385,243154944,240959488,0.3873281964491984,0.4833547401595273,0,14.656336,NORMAL,scikit-learn IsolationForest.score_samples,0.5196293479996914,1.296361072562011,0,0.054666,NORMAL,NumPy RMS auf standardisiertem 128×3-Fenster
2026-09-18T18:59:33.636+02:00,426,0.2797014466202962,0.47720259914362284,0,0.160296,207.73987340417173,NORMAL,,PROFILE/P99,ai_edge_litert.Interpreter 2.1.6 num_threads=1,2026-09-18T18:59:33.008+02:00,14425823167560,14425839393245,0.379592,0.529869,16.225685,611.341472,627.567157,0,0,0,0,0,51.82630631759699,243154944,240959488,0.38735262146463023,0.4833547401595273,0,15.082317,NORMAL,scikit-learn IsolationForest.score_samples,0.5218781206098736,1.296361072562011,0,0.055593,NORMAL,NumPy RMS auf standardisiertem 128×3-Fenster
2026-09-18T18:59:34.265+02:00,427,0.26798642811200085,0.47720259914362284,0,0.199351,207.70606102902568,NORMAL,,PROFILE/P99,ai_edge_litert.Interpreter 2.1.6 num_threads=1,2026-09-18T18:59:33.626+02:00,14426441677684,14426468701492,3.113344,0.632536,27.023808,611.440992,638.4648,0,0,0,0,0,38.13546604822532,243154944,240959488,0.38711512177641444,0.4833547401595273,0,22.978725,NORMAL,scikit-learn IsolationForest.score_samples,0.527209350880479,1.296361072562011,0,0.073222,NORMAL,NumPy RMS auf standardisiertem 128×3-Fenster
2026-09-18T18:59:34.875+02:00,428,0.28551145661201316,0.47720259914362284,0,0.138795,209.1010153306476,NORMAL,,PROFILE/P99,ai_edge_litert.Interpreter 2.1.6 num_threads=1,2026-09-18T18:59:34.248+02:00,14427059633126,14427078979822,0.395758,0.478166,19.346696,607.361948,626.708644,0,0,0,0,0,47.52111557358928,243154944,240959488,0.3907782711681591,0.4833547401595273,0,18.25544,NORMAL,scikit-learn IsolationForest.score_samples,0.5416734627224947,1.296361072562011,0,0.057834,NORMAL,NumPy RMS auf standardisiertem 128×3-Fenster
2026-09-18T18:59:35.491+02:00,429,0.32312166607692744,0.47720259914362284,0,0.139148,207.66553601993712,NORMAL,,PROFILE/P99,ai_edge_litert.Interpreter 2.1.6 num_threads=1,2026-09-18T18:59:34.862+02:00,14427677470682,14427694579013,0.472054,0.47837,17.108331,611.560312,628.668643,0,0,0,0,0,42.23490475402601,243154944,240959488,0.38761265411574153,0.4833547401595273,0,15.938945,NORMAL,scikit-learn IsolationForest.score_samples,0.5560091841068174,1.296361072562011,0,0.060444,NORMAL,NumPy RMS auf standardisiertem 128×3-Fenster
2026-09-18T18:59:36.109+02:00,430,0.24920021235520431,0.47720259914362284,0,0.139703,207.8784920554422,NORMAL,,PROFILE/P99,ai_edge_litert.Interpreter 2.1.6 num_threads=1,2026-09-18T18:59:35.481+02:00,14428295697553,14428312686236,0.525684,0.536943,16.988683,610.933814,627.922497,0,0,0,0,0,40.445807342992204,243154944,240959488,0.3888799616806422,0.4833547401595273,0,15.71189,NORMAL,scikit-learn IsolationForest.score_samples,0.5350001955440715,1.296361072562011,0,0.052889,NORMAL,NumPy RMS auf standardisiertem 128×3-Fenster
2026-09-18T18:59:36.730+02:00,431,0.265984391850019,0.47720259914362284,0,0.141093,206.9964449599297,NORMAL,,PROFILE/P99,ai_edge_litert.Interpreter 2.1.6 num_threads=1,2026-09-18T18:59:36.097+02:00,14428914832666,14428933580697,0.405166,0.492962,18.748031,613.537107,632.285138,0,0,0,0,0,41.87545001006034,243154944,240959488,0.3879940209671098,0.4833547401595273,0,17.628423,NORMAL,scikit-learn IsolationForest.score_samples,0.5261701174005903,1.296361072562011,0,0.06024,NORMAL,NumPy RMS auf standardisiertem 128×3-Fenster
2026-09-18T18:59:37.346+02:00,432,0.3045711955026024,0.47720259914362284,0,0.163481,208.51400887495058,NORMAL,,PROFILE/P99,ai_edge_litert.Interpreter 2.1.6 num_threads=1,2026-09-18T18:59:36.719+02:00,14429531823009,14429550224614,0.443258,0.492851,18.401605,609.071787,627.473392,0,0,0,0,0,45.40583420832993,243154944,240959488,0.3849875244946724,0.4833547401595273,0,17.218424,NORMAL,scikit-learn IsolationForest.score_samples,0.5651154403084442,1.296361072562011,0,0.063574,NORMAL,NumPy RMS auf standardisiertem 128×3-Fenster
2026-09-18T18:59:37.962+02:00,433,0.2553046745964365,0.47720259914362284,0,0.140704,208.36551719220435,NORMAL,,PROFILE/P99,ai_edge_litert.Interpreter 2.1.6 num_threads=1,2026-09-18T18:59:37.336+02:00,14430149403536,14430166126776,0.389962,0.473851,16.72324,609.505842,626.229082,0,0,0,0,0,43.83948267589645,243154944,240959488,0.3927135255119841,0.4833547401595273,0,15.640797,NORMAL,scikit-learn IsolationForest.score_samples,0.5413702020309069,1.296361072562011,0,0.058648,NORMAL,NumPy RMS auf standardisiertem 128×3-Fenster
2026-09-18T18:59:38.585+02:00,434,0.3075795519249193,0.47720259914362284,0,0.285148,207.81586773181758,NORMAL,,PROFILE/P99,ai_edge_litert.Interpreter 2.1.6 num_threads=1,2026-09-18T18:59:37.954+02:00,14430768599267,14430788536888,1.115016,1.093627,19.937621,611.117916,631.055537,0,0,0,0,0,41.76917565386857,243154944,240959488,0.39157230806310633,0.4833547401595273,0,17.299683,NORMAL,scikit-learn IsolationForest.score_samples,0.5471452771789517,1.296361072562011,0,0.088629,NORMAL,NumPy RMS auf standardisiertem 128×3-Fenster
2026-09-18T18:59:39.208+02:00,435,0.27548833058405126,0.47720259914362284,0,0.249962,207.04335473827962,NORMAL,,PROFILE/P99,ai_edge_litert.Interpreter 2.1.6 num_threads=1,2026-09-18T18:59:38.570+02:00,14431386913150,14431412297147,0.746554,0.872794,25.383997,613.398098,638.782095,0,0,0,0,0,52.908089279306594,243154944,240959488,0.38396635155748343,0.4833547401595273,0,23.410483,NORMAL,scikit-learn IsolationForest.score_samples,0.5304763325821498,1.296361072562011,0,0.068833,NORMAL,NumPy RMS auf standardisiertem 128×3-Fenster
2026-09-18T18:59:39.824+02:00,436,0.27314397664332485,0.47720259914362284,0,0.177036,209.04148536912882,NORMAL,,PROFILE/P99,ai_edge_litert.Interpreter 2.1.6 num_threads=1,2026-09-18T18:59:39.193+02:00,14432004284259,14432027495113,0.489943,0.616758,23.210854,607.53491,630.745764,0,0,0,0,0,40.637352398852315,243154944,240959488,0.39496184780524524,0.4833547401595273,0,21.831228,NORMAL,scikit-learn IsolationForest.score_samples,0.5583118638147903,1.296361072562011,0,0.070926,NORMAL,NumPy RMS auf standardisiertem 128×3-Fenster
2026-09-18T18:59:40.435+02:00,437,0.2655977783374854,0.47720259914362284,0,0.149185,208.73264511528623,NORMAL,,PROFILE/P99,ai_edge_litert.Interpreter 2.1.6 num_threads=1,2026-09-18T18:59:39.810+02:00,14432622334091,14432638328314,0.334796,0.458925,15.994223,608.433817,624.42804,0,0,0,0,0,42.56645027682891,243154944,240959488,0.3899454191816049,0.4833547401595273,0,14.974688,NORMAL,scikit-learn IsolationForest.score_samples,0.5281807554683873,1.296361072562011,0,0.056593,NORMAL,NumPy RMS auf standardisiertem 128×3-Fenster
2026-09-18T18:59:41.052+02:00,438,0.2838256400852341,0.47720259914362284,0,0.141499,207.69343449523407,NORMAL,,PROFILE/P99,ai_edge_litert.Interpreter 2.1.6 num_threads=1,2026-09-18T18:59:40.425+02:00,14433240366018,14433256035371,0.358018,0.473665,15.669353,611.478164,627.147517,0,0,0,0,0,37.23457207810346,243154944,240959488,0.3831704792674683,0.4833547401595273,0,14.617022,NORMAL,scikit-learn IsolationForest.score_samples,0.5351859696258146,1.296361072562011,0,0.058759,NORMAL,NumPy RMS auf standardisiertem 128×3-Fenster
2026-09-18T18:59:41.673+02:00,439,0.2792137337534612,0.47720259914362284,0,0.176222,207.11019272037223,NORMAL,,PROFILE/P99,ai_edge_litert.Interpreter 2.1.6 num_threads=1,2026-09-18T18:59:41.042+02:00,14433858787206,14433876859998,0.538314,0.542165,18.072792,613.200144,631.272936,0,0,0,0,0,40.26857905176205,243154944,240959488,0.39116673148485726,0.4833547401595273,0,16.736111,NORMAL,scikit-learn IsolationForest.score_samples,0.5424933947960942,1.296361072562011,0,0.057723,NORMAL,NumPy RMS auf standardisiertem 128×3-Fenster
2026-09-18T18:59:42.296+02:00,440,0.27806119369443677,0.47720259914362284,0,0.269555,208.6208574326768,NORMAL,,PROFILE/P99,ai_edge_litert.Interpreter 2.1.6 num_threads=1,2026-09-18T18:59:41.663+02:00,14434476056972,14434499755919,0.866221,0.856479,23.698947,608.759841,632.458788,0,0,0,0,0,48.15813173314475,243154944,240959488,0.39125582983567686,0.4833547401595273,0,21.5676,NORMAL,scikit-learn IsolationForest.score_samples,0.5562970100475603,1.296361072562011,0,0.106537,NORMAL,NumPy RMS auf standardisiertem 128×3-Fenster
2026-09-18T18:59:42.909+02:00,441,0.28329232526177134,0.47720259914362284,0,0.220889,207.59867343532278,NORMAL,,PROFILE/P99,ai_edge_litert.Interpreter 2.1.6 num_threads=1,2026-09-18T18:59:42.279+02:00,14435094116332,14435112562179,0.69985,0.688332,18.445847,611.757281,630.203128,0,0,0,0,0,53.85244751510148,243154944,240959488,0.38676116642700453,0.4833547401595273,0,16.732147,NORMAL,scikit-learn IsolationForest.score_samples,0.5210122000255326,1.296361072562011,0,0.077981,NORMAL,NumPy RMS auf standardisiertem 128×3-Fenster
2026-09-18T18:59:43.528+02:00,442,0.30326275573028383,0.47720259914362284,0,0.243185,207.06080271995071,NORMAL,,PROFILE/P99,ai_edge_litert.Interpreter 2.1.6 num_threads=1,2026-09-18T18:59:42.896+02:00,14435713199506,14435731905501,0.77061,0.781461,18.705995,613.34641,632.052405,0,0,0,0,0,45.205694782957984,243154944,240959488,0.38390104218901894,0.4833547401595273,0,16.786684,NORMAL,scikit-learn IsolationForest.score_samples,0.5405027169399276,1.296361072562011,0,0.095722,NORMAL,NumPy RMS auf standardisiertem 128×3-Fenster
2026-09-18T18:59:44.148+02:00,443,0.2672124277673363,0.47720259914362284,0,0.140407,207.60906683067455,NORMAL,,PROFILE/P99,ai_edge_litert.Interpreter 2.1.6 num_threads=1,2026-09-18T18:59:43.516+02:00,14436331255814,14436351847620,0.40224,0.497795,20.591806,611.726655,632.318461,0,0,0,0,0,48.39795102938885,243154944,240959488,0.38027158350508905,0.4833547401595273,0,19.471586,NORMAL,scikit-learn IsolationForest.score_samples,0.5149495671737079,1.296361072562011,0,0.059537,NORMAL,NumPy RMS auf standardisiertem 128×3-Fenster
2026-09-18T18:59:44.763+02:00,444,0.2628485373852527,0.47720259914362284,0,0.260666,207.8632714812382,NORMAL,,PROFILE/P99,ai_edge_litert.Interpreter 2.1.6 num_threads=1,2026-09-18T18:59:44.133+02:00,14436947728443,14436967207640,2.098681,0.860757,19.479197,610.978549,630.457746,0,0,0,0,0,40.62648067780326,243154944,240959488,0.38627537002707346,0.4833547401595273,0,16.171315,NORMAL,scikit-learn IsolationForest.score_samples,0.5462601162797069,1.296361072562011,0,0.05737,NORMAL,NumPy RMS auf standardisiertem 128×3-Fenster
2026-09-18T18:59:45.387+02:00,445,0.2807623372688397,0.47720259914362284,0,0.165889,207.6360430659323,NORMAL,,PROFILE/P99,ai_edge_litert.Interpreter 2.1.6 num_threads=1,2026-09-18T18:59:44.752+02:00,14437567237512,14437590355516,0.482036,0.62061,23.118004,611.647179,634.765183,0,0,0,0,0,38.51310843954103,243154944,240959488,0.39045479563342356,0.4833547401595273,0,21.75897,NORMAL,scikit-learn IsolationForest.score_samples,0.5323426624346791,1.296361072562011,0,0.066148,NORMAL,NumPy RMS auf standardisiertem 128×3-Fenster
2026-09-18T18:59:45.997+02:00,446,0.2780964268086971,0.47720259914362284,0,0.13724,208.6356534455277,NORMAL,,PROFILE/P99,ai_edge_litert.Interpreter 2.1.6 num_threads=1,2026-09-18T18:59:45.373+02:00,14438185388641,14438200860958,0.363221,0.460666,15.472317,608.716669,624.188986,0,0,0,0,0,37.67488799721578,243154944,240959488,0.3845400065111346,0.4833547401595273,0,14.436153,NORMAL,scikit-learn IsolationForest.score_samples,0.5334650911497035,1.296361072562011,0,0.055,NORMAL,NumPy RMS auf standardisiertem 128×3-Fenster
2026-09-18T18:59:46.618+02:00,447,0.23399407349521026,0.47720259914362284,0,0.141093,207.9585722682492,NORMAL,,PROFILE/P99,ai_edge_litert.Interpreter 2.1.6 num_threads=1,2026-09-18T18:59:45.989+02:00,14438803173311,14438821367548,3.218919,0.472702,18.194237,610.698557,628.892794,0,0,0,0,0,33.84340496331063,243154944,240959488,0.3893213735443937,0.4833547401595273,0,14.289153,NORMAL,scikit-learn IsolationForest.score_samples,0.5357263819599194,1.296361072562011,0,0.053945,NORMAL,NumPy RMS auf standardisiertem 128×3-Fenster
2026-09-18T18:59:47.234+02:00,448,0.2609577059065593,0.47720259914362284,0,0.142648,207.25255274845915,NORMAL,,PROFILE/P99,ai_edge_litert.Interpreter 2.1.6 num_threads=1,2026-09-18T18:59:46.605+02:00,14439421357222,14439437618056,0.391647,0.489499,16.260834,612.778942,629.039776,0,0,0,0,0,37.32257971361925,243154944,240959488,0.3878476953022445,0.4833547401595273,0,15.16217,NORMAL,scikit-learn IsolationForest.score_samples,0.5272939958905195,1.296361072562011,0,0.055926,NORMAL,NumPy RMS auf standardisiertem 128×3-Fenster
2026-09-18T18:59:47.851+02:00,449,0.27002205911621546,0.47720259914362284,0,0.145111,207.445088582679,NORMAL,,PROFILE/P99,ai_edge_litert.Interpreter 2.1.6 num_threads=1,2026-09-18T18:59:47.223+02:00,14440038911544,14440054646361,0.352277,0.466444,15.734817,612.210204,627.945021,0,0,0,0,0,35.65465608033116,243154944,240959488,0.3880226066448863,0.4833547401595273,0,14.698615,NORMAL,scikit-learn IsolationForest.score_samples,0.5205448158822076,1.296361072562011,0,0.054,NORMAL,NumPy RMS auf standardisiertem 128×3-Fenster
2026-09-18T18:59:48.479+02:00,450,0.3112840041818245,0.47720259914362284,0,0.14274,207.8493886277168,NORMAL,,PROFILE/P99,ai_edge_litert.Interpreter 2.1.6 num_threads=1,2026-09-18T18:59:47.841+02:00,14440656278851,14440682782996,10.977142,0.486722,26.504145,611.019358,637.523503,0,0,0,0,0,33.432634466583806,243154944,240959488,0.3856318517207366,0.4833547401595273,0,14.827097,NORMAL,scikit-learn IsolationForest.score_samples,0.5418876348816072,1.296361072562011,0,0.048944,NORMAL,NumPy RMS auf standardisiertem 128×3-Fenster
2026-09-18T18:59:49.086+02:00,451,0.29263242211543466,0.47720259914362284,0,0.139,210.27065595113274,NORMAL,,PROFILE/P99,ai_edge_litert.Interpreter 2.1.6 num_threads=1,2026-09-18T18:59:48.466+02:00,14441274147066,14441290090141,0.36474,0.483073,15.943075,603.983468,619.926543,0,0,0,0,0,36.22490300849274,243154944,240959488,0.3841251558281969,0.4833547401595273,0,14.8803,NORMAL,scikit-learn IsolationForest.score_samples,0.5289565819667463,1.296361072562011,0,0.057537,NORMAL,NumPy RMS auf standardisiertem 128×3-Fenster
2026-09-18T18:59:49.705+02:00,452,0.3001885994339659,0.47720259914362284,0,0.137537,207.1845716938441,NORMAL,,PROFILE/P99,ai_edge_litert.Interpreter 2.1.6 num_threads=1,2026-09-18T18:59:49.076+02:00,14441892710189,14441908336173,0.338796,0.463517,15.625984,612.980006,628.60599,0,0,0,0,0,33.96737839293866,243154944,240959488,0.3889673042389563,0.4833547401595273,0,14.614652,NORMAL,scikit-learn IsolationForest.score_samples,0.5529313448003015,1.296361072562011,0,0.051908,NORMAL,NumPy RMS auf standardisiertem 128×3-Fenster
2026-09-18T18:59:50.323+02:00,453,0.2905257969982576,0.47720259914362284,0,0.140111,207.1971462329181,NORMAL,,PROFILE/P99,ai_edge_litert.Interpreter 2.1.6 num_threads=1,2026-09-18T18:59:49.695+02:00,14442511477240,14442527049742,0.34561,0.487629,15.572502,612.942805,628.515307,0,0,0,0,0,38.79017773682443,243154944,240959488,0.383745835377857,0.4833547401595273,0,14.525876,NORMAL,scikit-learn IsolationForest.score_samples,0.5456605701407113,1.296361072562011,0,0.053426,NORMAL,NumPy RMS auf standardisiertem 128×3-Fenster
2026-09-18T18:59:50.952+02:00,454,0.30860228604924683,0.47720259914362284,0,0.167278,207.9852017251583,NORMAL,,PROFILE/P99,ai_edge_litert.Interpreter 2.1.6 num_threads=1,2026-09-18T18:59:50.314+02:00,14443128560851,14443156170864,0.460518,0.607017,27.610013,610.620366,638.230379,0,0,0,0,0,38.14657836406731,243154944,240959488,0.3819507144163949,0.4833547401595273,0,26.272923,NORMAL,scikit-learn IsolationForest.score_samples,0.5510836735349385,1.296361072562011,0,0.076722,NORMAL,NumPy RMS auf standardisiertem 128×3-Fenster
2026-09-18T18:59:51.566+02:00,455,0.2807262822547863,0.47720259914362284,0,0.137204,212.7298789012719,NORMAL,,PROFILE/P99,ai_edge_litert.Interpreter 2.1.6 num_threads=1,2026-09-18T18:59:50.947+02:00,14443747609795,14443769589672,6.250616,0.474073,21.979877,597.001233,618.98111,0,0,0,0,0,40.75701705240485,243154944,240959488,0.3890557597534576,0.4833547401595273,0,15.045022,NORMAL,scikit-learn IsolationForest.score_samples,0.5488799091635111,1.296361072562011,0,0.055629,NORMAL,NumPy RMS auf standardisiertem 128×3-Fenster
2026-09-18T18:59:52.177+02:00,456,0.27812635030576044,0.47720259914362284,0,0.142204,208.76151635370653,NORMAL,,PROFILE/P99,ai_edge_litert.Interpreter 2.1.6 num_threads=1,2026-09-18T18:59:51.553+02:00,14444365067725,14444380937986,0.357388,0.476332,15.870261,608.349672,624.219933,0,0,0,0,0,35.986047260793455,243154944,240959488,0.38235633685855186,0.4833547401595273,0,14.821633,NORMAL,scikit-learn IsolationForest.score_samples,0.5202384508759454,1.296361072562011,0,0.0545,NORMAL,NumPy RMS auf standardisiertem 128×3-Fenster
2026-09-18T18:59:52.794+02:00,457,0.33490517272977316,0.47720259914362284,0,0.145463,207.61218613827248,NORMAL,,PROFILE/P99,ai_edge_litert.Interpreter 2.1.6 num_threads=1,2026-09-18T18:59:52.167+02:00,14444982532621,14444998244956,0.371091,0.453444,15.712335,611.717464,627.429799,0,0,0,0,0,35.63868813058255,243154944,240959488,0.3815367768466866,0.4833547401595273,0,14.669875,NORMAL,scikit-learn IsolationForest.score_samples,0.5682980360900755,1.296361072562011,0,0.052777,NORMAL,NumPy RMS auf standardisiertem 128×3-Fenster
2026-09-18T18:59:53.413+02:00,458,0.2398679291544319,0.47720259914362284,0,0.138185,207.51215707521294,NORMAL,,PROFILE/P99,ai_edge_litert.Interpreter 2.1.6 num_threads=1,2026-09-18T18:59:52.785+02:00,14445600770072,14445616465704,0.357018,0.471962,15.695632,612.012336,627.707968,0,0,0,0,0,35.586229821710965,243154944,240959488,0.38167372906417923,0.4833547401595273,0,14.657338,NORMAL,scikit-learn IsolationForest.score_samples,0.5202273757042604,1.296361072562011,0,0.052519,NORMAL,NumPy RMS auf standardisiertem 128×3-Fenster
2026-09-18T18:59:54.032+02:00,459,0.26440191517975964,0.47720259914362284,0,0.14037,207.37056818622926,NORMAL,,PROFILE/P99,ai_edge_litert.Interpreter 2.1.6 num_threads=1,2026-09-18T18:59:53.403+02:00,14446219595524,14446236031154,0.36911,0.486906,16.43563,612.430207,628.865837,0,0,0,0,0,35.50863652350691,243154944,240959488,0.3924449525297977,0.4833547401595273,0,15.354614,NORMAL,scikit-learn IsolationForest.score_samples,0.520830965312514,1.296361072562011,0,0.065981,NORMAL,NumPy RMS auf standardisiertem 128×3-Fenster
2026-09-18T18:59:54.649+02:00,460,0.2658059941163155,0.47720259914362284,0,0.18524,207.52133597935347,NORMAL,,PROFILE/P99,ai_edge_litert.Interpreter 2.1.6 num_threads=1,2026-09-18T18:59:54.021+02:00,14446836738464,14446853181261,0.395369,0.509147,16.442797,611.985266,628.428063,0,0,0,0,0,34.02750877149765,243154944,240959488,0.38055481693048426,0.4833547401595273,0,15.281115,NORMAL,scikit-learn IsolationForest.score_samples,0.5144392747888866,1.296361072562011,0,0.053278,NORMAL,NumPy RMS auf standardisiertem 128×3-Fenster
2026-09-18T18:59:55.268+02:00,461,0.27960363445500286,0.47720259914362284,0,0.156981,207.7757669264504,NORMAL,,PROFILE/P99,ai_edge_litert.Interpreter 2.1.6 num_threads=1,2026-09-18T18:59:54.640+02:00,14447454573608,14447471369682,0.312517,0.535296,16.796074,611.235862,628.031936,0,0,0,0,0,40.44044654428617,243154944,240959488,0.3905776094304497,0.4833547401595273,0,15.716984,NORMAL,scikit-learn IsolationForest.score_samples,0.5211134805410135,1.296361072562011,0,0.054833,NORMAL,NumPy RMS auf standardisiertem 128×3-Fenster
2026-09-18T18:59:55.884+02:00,462,0.2815382072697217,0.47720259914362284,0,0.131204,207.49920830065847,NORMAL,,PROFILE/P99,ai_edge_litert.Interpreter 2.1.6 num_threads=1,2026-09-18T18:59:55.256+02:00,14448072362568,14448088008442,0.376148,0.441777,15.645874,612.050528,627.696402,0,0,0,0,0,35.67733413173391,243154944,240959488,0.3899224726808501,0.4833547401595273,0,14.617782,NORMAL,scikit-learn IsolationForest.score_samples,0.5426489384129971,1.296361072562011,0,0.052704,NORMAL,NumPy RMS auf standardisiertem 128×3-Fenster
2026-09-18T18:59:56.512+02:00,463,0.3033819329228133,0.47720259914362284,0,0.177204,207.3577867192814,NORMAL,,PROFILE/P99,ai_edge_litert.Interpreter 2.1.6 num_threads=1,2026-09-18T18:59:55.874+02:00,14448690628272,14448715485199,0.498184,0.620035,24.856927,612.467957,637.324884,0,0,0,0,0,36.6531129139192,243154944,240959488,0.3941020794484301,0.4833547401595273,0,23.459967,NORMAL,scikit-learn IsolationForest.score_samples,0.5472171263672266,1.296361072562011,0,0.075055,NORMAL,NumPy RMS auf standardisiertem 128×3-Fenster
2026-09-18T18:59:57.125+02:00,464,0.2643630089517576,0.47720259914362284,0,0.163241,209.0177264938467,NORMAL,,PROFILE/P99,ai_edge_litert.Interpreter 2.1.6 num_threads=1,2026-09-18T18:59:56.497+02:00,14449308332699,14449328327674,0.509388,0.616184,19.994975,607.603968,627.598943,0,0,0,0,0,45.690589194688954,243154944,240959488,0.3879903828994336,0.4833547401595273,0,18.622034,NORMAL,scikit-learn IsolationForest.score_samples,0.5412855874828649,1.296361072562011,0,0.059019,NORMAL,NumPy RMS auf standardisiertem 128×3-Fenster
2026-09-18T18:59:57.740+02:00,465,0.2879488984371674,0.47720259914362284,0,0.158462,209.8530328158589,NORMAL,,PROFILE/P99,ai_edge_litert.Interpreter 2.1.6 num_threads=1,2026-09-18T18:59:57.118+02:00,14449926628092,14449944184294,0.356129,0.504795,17.556202,605.18544,622.741642,0,0,0,0,0,35.71781795128147,243154944,240959488,0.3965915224334188,0.4833547401595273,0,16.407945,NORMAL,scikit-learn IsolationForest.score_samples,0.5203328004873955,1.296361072562011,0,0.110074,NORMAL,NumPy RMS auf standardisiertem 128×3-Fenster
2026-09-18T18:59:58.357+02:00,466,0.26109077259554186,0.47720259914362284,0,0.138222,207.81653730924484,NORMAL,,PROFILE/P99,ai_edge_litert.Interpreter 2.1.6 num_threads=1,2026-09-18T18:59:57.730+02:00,14450545091615,14450561292969,0.487536,0.481222,16.201354,611.115947,627.317301,0,0,0,0,0,38.896506751757954,243154944,240959488,0.39090316109165196,0.4833547401595273,0,15.018875,NORMAL,scikit-learn IsolationForest.score_samples,0.5386642659393286,1.296361072562011,0,0.056389,NORMAL,NumPy RMS auf standardisiertem 128×3-Fenster
2026-09-18T18:59:58.975+02:00,467,0.31335092769707745,0.47720259914362284,0,0.136333,207.19313043508262,NORMAL,,PROFILE/P99,ai_edge_litert.Interpreter 2.1.6 num_threads=1,2026-09-18T18:59:58.347+02:00,14451163633844,14451179225699,0.354944,0.472165,15.591855,612.954685,628.54654,0,0,0,0,0,37.22101048234693,243154944,240959488,0.39036256147340176,0.4833547401595273,0,14.559561,NORMAL,scikit-learn IsolationForest.score_samples,0.5700215996021912,1.296361072562011,0,0.051185,NORMAL,NumPy RMS auf standardisiertem 128×3-Fenster
2026-09-18T18:59:59.594+02:00,468,0.2842665618111297,0.47720259914362284,0,0.140129,207.66279099876834,NORMAL,,PROFILE/P99,ai_edge_litert.Interpreter 2.1.6 num_threads=1,2026-09-18T18:59:58.966+02:00,14451781821929,14451797581894,0.361054,0.475351,15.759965,611.568396,627.328361,0,0,0,0,0,38.81230686175254,243154944,240959488,0.39247884298464153,0.4833547401595273,0,14.709764,NORMAL,scikit-learn IsolationForest.score_samples,0.5620999064661009,1.296361072562011,0,0.054722,NORMAL,NumPy RMS auf standardisiertem 128×3-Fenster
2026-09-18T19:00:00.212+02:00,469,0.32286952613168535,0.47720259914362284,0,0.138833,207.57111320553088,NORMAL,,PROFILE/P99,ai_edge_litert.Interpreter 2.1.6 num_threads=1,2026-09-18T18:59:59.584+02:00,14452399542978,14452415360296,0.383851,0.486944,15.817318,611.838507,627.655825,0,0,0,0,0,37.23030319806089,243154944,240959488,0.39174541538366825,0.4833547401595273,0,14.734153,NORMAL,scikit-learn IsolationForest.score_samples,0.5316112610371212,1.296361072562011,0,0.054462,NORMAL,NumPy RMS auf standardisiertem 128×3-Fenster
2026-09-18T19:00:00.830+02:00,470,0.2527168708893844,0.47720259914362284,0,0.137666,207.28502975943024,NORMAL,,PROFILE/P99,ai_edge_litert.Interpreter 2.1.6 num_threads=1,2026-09-18T19:00:00.201+02:00,14453017947103,14453033761513,0.37611,0.473722,15.81441,612.682933,628.497343,0,0,0,0,0,38.80969149657837,243154944,240959488,0.3815768815177307,0.4833547401595273,0,14.754857,NORMAL,scikit-learn IsolationForest.score_samples,0.5398751187714025,1.296361072562011,0,0.0545,NORMAL,NumPy RMS auf standardisiertem 128×3-Fenster
2026-09-18T19:00:01.446+02:00,471,0.2661174089936213,0.47720259914362284,0,0.13774,208.142601505345,NORMAL,,PROFILE/P99,ai_edge_litert.Interpreter 2.1.6 num_threads=1,2026-09-18T19:00:00.820+02:00,14453634372790,14453650107719,0.35824,0.475017,15.734929,610.158608,625.893537,0,0,0,0,0,37.31666377849723,243154944,240959488,0.3973551569708355,0.4833547401595273,0,14.692487,NORMAL,scikit-learn IsolationForest.score_samples,0.5396659690780011,1.296361072562011,0,0.054,NORMAL,NumPy RMS auf standardisiertem 128×3-Fenster
2026-09-18T19:00:02.073+02:00,472,0.24127784202165903,0.47720259914362284,0,0.169962,207.1878188688847,NORMAL,,PROFILE/P99,ai_edge_litert.Interpreter 2.1.6 num_threads=1,2026-09-18T19:00:01.437+02:00,14454254067193,14454276876440,0.487166,0.608239,22.809247,612.970399,635.779646,0,0,0,0,0,36.694919898937776,243154944,240959488,0.39686408423392316,0.4833547401595273,0,21.450324,NORMAL,scikit-learn IsolationForest.score_samples,0.535597268965918,1.296361072562011,0,0.067944,NORMAL,NumPy RMS auf standardisiertem 128×3-Fenster
2026-09-18T19:00:02.686+02:00,473,0.29150340108669565,0.47720259914362284,0,0.145518,209.26888160904514,NORMAL,,PROFILE/P99,ai_edge_litert.Interpreter 2.1.6 num_threads=1,2026-09-18T19:00:02.061+02:00,14454871330975,14454890282101,0.384444,0.490388,18.951126,606.874749,625.825875,0,0,0,0,0,42.383325917074586,243154944,240959488,0.38097836125726203,0.4833547401595273,0,17.808851,NORMAL,scikit-learn IsolationForest.score_samples,0.5220012828047661,1.296361072562011,0,0.101407,NORMAL,NumPy RMS auf standardisiertem 128×3-Fenster
2026-09-18T19:00:03.304+02:00,474,0.266792345293986,0.47720259914362284,0,0.241111,208.80622531394567,NORMAL,,PROFILE/P99,ai_edge_litert.Interpreter 2.1.6 num_threads=1,2026-09-18T19:00:02.677+02:00,14455488974777,14455507319497,0.678406,0.846109,18.34472,608.219414,626.564134,0,0,0,0,0,38.89670765840884,243154944,240959488,0.3923010384178002,0.4833547401595273,0,16.464835,NORMAL,scikit-learn IsolationForest.score_samples,0.5242418975244869,1.296361072562011,0,0.082481,NORMAL,NumPy RMS auf standardisiertem 128×3-Fenster
2026-09-18T19:00:03.921+02:00,475,0.28259441242465283,0.47720259914362284,0,0.224963,207.5688473260293,NORMAL,,PROFILE/P99,ai_edge_litert.Interpreter 2.1.6 num_threads=1,2026-09-18T19:00:03.291+02:00,14456106882950,14456124982541,0.580332,0.762609,18.099591,611.845186,629.944777,0,0,0,0,0,37.239755333133594,243154944,240959488,0.39072990987670586,0.4833547401595273,0,16.451409,NORMAL,scikit-learn IsolationForest.score_samples,0.5637899444887077,1.296361072562011,0,0.05513,NORMAL,NumPy RMS auf standardisiertem 128×3-Fenster
2026-09-18T19:00:04.537+02:00,476,0.2806413591708926,0.47720259914362284,0,0.137796,207.23295557485125,NORMAL,,PROFILE/P99,ai_edge_litert.Interpreter 2.1.6 num_threads=1,2026-09-18T19:00:03.909+02:00,14456725414772,14456741136665,0.384352,0.46961,15.721893,612.83689,628.558783,0,0,0,0,0,35.70561614727526,243154944,240959488,0.3834341573419662,0.4833547401595273,0,14.659543,NORMAL,scikit-learn IsolationForest.score_samples,0.5228340846573306,1.296361072562011,0,0.052055,NORMAL,NumPy RMS auf standardisiertem 128×3-Fenster
2026-09-18T19:00:05.161+02:00,477,0.26124156153320294,0.47720259914362284,0,0.261388,207.16458929085132,NORMAL,,PROFILE/P99,ai_edge_litert.Interpreter 2.1.6 num_threads=1,2026-09-18T19:00:04.527+02:00,14457343954763,14457364753108,1.020424,1.852774,20.798345,613.039132,633.837477,0,0,0,0,0,49.704553488397046,243154944,240959488,0.3844181233046275,0.4833547401595273,0,17.521444,NORMAL,scikit-learn IsolationForest.score_samples,0.5230642804428887,1.296361072562011,0,0.106704,NORMAL,NumPy RMS auf standardisiertem 128×3-Fenster
2026-09-18T19:00:05.774+02:00,478,0.28531806974947455,0.47720259914362284,0,0.144907,207.29698510953764,NORMAL,,PROFILE/P99,ai_edge_litert.Interpreter 2.1.6 num_threads=1,2026-09-18T19:00:05.146+02:00,14457962026831,14457977860687,0.387407,0.496425,15.833856,612.647598,628.481454,0,0,0,0,0,35.88657746399252,243154944,240959488,0.38667094740044733,0.4833547401595273,0,14.732894,NORMAL,scikit-learn IsolationForest.score_samples,0.5490487254665057,1.296361072562011,0,0.053777,NORMAL,NumPy RMS auf standardisiertem 128×3-Fenster
2026-09-18T19:00:06.397+02:00,479,0.2661992992507356,0.47720259914362284,0,0.201352,207.47384163270087,NORMAL,,PROFILE/P99,ai_edge_litert.Interpreter 2.1.6 num_threads=1,2026-09-18T19:00:05.763+02:00,14458579288255,14458600731654,0.626851,0.708221,21.443399,612.12536,633.568759,0,0,0,0,0,38.52007051126451,243154944,240959488,0.3854464589459904,0.4833547401595273,0,19.686143,NORMAL,scikit-learn IsolationForest.score_samples,0.5323975829337051,1.296361072562011,0,0.187111,NORMAL,NumPy RMS auf standardisiertem 128×3-Fenster
2026-09-18T19:00:07.010+02:00,480,0.2684979939775687,0.47720259914362284,0,0.141611,207.462656533964,NORMAL,,PROFILE/P99,ai_edge_litert.Interpreter 2.1.6 num_threads=1,2026-09-18T19:00:06.382+02:00,14459198196140,14459213749737,0.361722,0.46611,15.553597,612.158362,627.711959,0,0,0,0,0,45.689341347977795,243154944,240959488,0.3871002423488603,0.4833547401595273,0,14.512951,NORMAL,scikit-learn IsolationForest.score_samples,0.5331420840629751,1.296361072562011,0,0.052852,NORMAL,NumPy RMS auf standardisiertem 128×3-Fenster
2026-09-18T19:00:07.637+02:00,481,0.30228202261703113,0.47720259914362284,0,0.179296,207.56999874895763,NORMAL,,PROFILE/P99,ai_edge_litert.Interpreter 2.1.6 num_threads=1,2026-09-18T19:00:07.001+02:00,14459816628103,14459841239847,0.500036,0.629277,24.611744,611.841792,636.453536,0,0,0,0,0,39.83941591969277,243154944,240959488,0.3907932931817273,0.4833547401595273,0,23.201172,NORMAL,scikit-learn IsolationForest.score_samples,0.5505075013862892,1.296361072562011,0,0.074852,NORMAL,NumPy RMS auf standardisiertem 128×3-Fenster
2026-09-18T19:00:08.246+02:00,482,0.26121971703057795,0.47720259914362284,0,0.15737,208.5212449760603,NORMAL,,PROFILE/P99,ai_edge_litert.Interpreter 2.1.6 num_threads=1,2026-09-18T19:00:07.621+02:00,14460433678034,14460450082851,0.645813,0.558147,16.404817,609.050651,625.455468,0,0,0,0,0,41.06336696431197,243154944,240959488,0.3785063695039447,0.4833547401595273,0,14.96632,NORMAL,scikit-learn IsolationForest.score_samples,0.5218695829108991,1.296361072562011,0,0.055408,NORMAL,NumPy RMS auf standardisiertem 128×3-Fenster
2026-09-18T19:00:08.863+02:00,483,0.3096200868206427,0.47720259914362284,0,0.139981,207.8096298851585,NORMAL,,PROFILE/P99,ai_edge_litert.Interpreter 2.1.6 num_threads=1,2026-09-18T19:00:08.236+02:00,14461051303743,14461067251690,0.366499,0.487869,15.947947,611.13626,627.084207,0,0,0,0,0,35.64663880998384,243154944,240959488,0.3848139889365138,0.4833547401595273,0,14.880005,NORMAL,scikit-learn IsolationForest.score_samples,0.5393480448276146,1.296361072562011,0,0.054445,NORMAL,NumPy RMS auf standardisiertem 128×3-Fenster
2026-09-18T19:00:09.484+02:00,484,0.287552513642926,0.47720259914362284,0,0.160666,206.89343815484574,NORMAL,,PROFILE/P99,ai_edge_litert.Interpreter 2.1.6 num_threads=1,2026-09-18T19:00:08.853+02:00,14461671006209,14461687458378,0.369462,0.485555,16.452169,613.842571,630.29474,0,0,0,0,0,35.471966347014536,243154944,240959488,0.3856269420157508,0.4833547401595273,0,15.360357,NORMAL,scikit-learn IsolationForest.score_samples,0.5374762006919764,1.296361072562011,0,0.056574,NORMAL,NumPy RMS auf standardisiertem 128×3-Fenster
2026-09-18T19:00:10.100+02:00,485,0.2703574208690352,0.47720259914362284,0,0.140259,207.79820625217778,NORMAL,,PROFILE/P99,ai_edge_litert.Interpreter 2.1.6 num_threads=1,2026-09-18T19:00:09.473+02:00,14462288048257,14462303838519,0.390758,0.468017,15.790262,611.169857,626.960119,0,0,0,0,0,37.31468206654445,243154944,240959488,0.3859014182617179,0.4833547401595273,0,14.714654,NORMAL,scikit-learn IsolationForest.score_samples,0.5309624649946462,1.296361072562011,0,0.056944,NORMAL,NumPy RMS auf standardisiertem 128×3-Fenster
2026-09-18T19:00:10.719+02:00,486,0.2954435837501605,0.47720259914362284,0,0.146167,207.28694807138615,NORMAL,,PROFILE/P99,ai_edge_litert.Interpreter 2.1.6 num_threads=1,2026-09-18T19:00:10.089+02:00,14462905734176,14462922730492,0.38474,0.480832,16.996316,612.677263,629.673579,0,0,0,0,0,35.54732052684563,243154944,240959488,0.38481471174957516,0.4833547401595273,0,15.906819,NORMAL,scikit-learn IsolationForest.score_samples,0.5594915267687981,1.296361072562011,0,0.059074,NORMAL,NumPy RMS auf standardisiertem 128×3-Fenster
2026-09-18T19:00:11.336+02:00,487,0.274773196856212,0.47720259914362284,0,0.138889,207.31783372100244,NORMAL,,PROFILE/P99,ai_edge_litert.Interpreter 2.1.6 num_threads=1,2026-09-18T19:00:10.708+02:00,14463524209688,14463539902025,0.365851,0.467721,15.692337,612.585988,628.278325,0,0,0,0,0,35.646626565250386,243154944,240959488,0.3882597855870349,0.4833547401595273,0,14.646914,NORMAL,scikit-learn IsolationForest.score_samples,0.5399460459678108,1.296361072562011,0,0.054481,NORMAL,NumPy RMS auf standardisiertem 128×3-Fenster
2026-09-18T19:00:11.955+02:00,488,0.2787495240803253,0.47720259914362284,0,0.159981,207.74538594635177,NORMAL,,PROFILE/P99,ai_edge_litert.Interpreter 2.1.6 num_threads=1,2026-09-18T19:00:11.327+02:00,14464142124054,14464158809223,0.387963,0.508702,16.685169,611.32525,628.010419,0,0,0,0,0,37.16207899510783,243154944,240959488,0.3892697512361678,0.4833547401595273,0,15.553078,NORMAL,scikit-learn IsolationForest.score_samples,0.5346759695280776,1.296361072562011,0,0.056814,NORMAL,NumPy RMS auf standardisiertem 128×3-Fenster
2026-09-18T19:00:12.571+02:00,489,0.26829313178215,0.47720259914362284,0,0.140314,207.92713730154492,NORMAL,,PROFILE/P99,ai_edge_litert.Interpreter 2.1.6 num_threads=1,2026-09-18T19:00:11.945+02:00,14464759401240,14464775076763,0.36087,0.496776,15.675523,610.790884,626.466407,0,0,0,0,0,34.07638054858466,243154944,240959488,0.39155234651150433,0.4833547401595273,0,14.602636,NORMAL,scikit-learn IsolationForest.score_samples,0.5316513194297903,1.296361072562011,0,0.055555,NORMAL,NumPy RMS auf standardisiertem 128×3-Fenster
2026-09-18T19:00:13.199+02:00,490,0.2645610152806335,0.47720259914362284,0,0.171999,207.17513156766842,NORMAL,,PROFILE/P99,ai_edge_litert.Interpreter 2.1.6 num_threads=1,2026-09-18T19:00:12.561+02:00,14465377929221,14465402339448,0.485628,0.60587,24.410227,613.007937,637.418164,0,0,0,0,0,38.259490826224116,243154944,240959488,0.3846432945370315,0.4833547401595273,0,23.048693,NORMAL,scikit-learn IsolationForest.score_samples,0.5388429169961502,1.296361072562011,0,0.072519,NORMAL,NumPy RMS auf standardisiertem 128×3-Fenster
2026-09-18T19:00:13.809+02:00,491,0.30574707128091444,0.47720259914362284,0,0.13787,208.4002049798161,NORMAL,,PROFILE/P99,ai_edge_litert.Interpreter 2.1.6 num_threads=1,2026-09-18T19:00:13.183+02:00,14465996652759,14466013009947,0.377073,0.470185,16.357188,609.404391,625.761579,0,0,0,0,0,40.94074555659051,243154944,240959488,0.3891595104463906,0.4833547401595273,0,15.300005,NORMAL,scikit-learn IsolationForest.score_samples,0.5644077308966091,1.296361072562011,0,0.053963,NORMAL,NumPy RMS auf standardisiertem 128×3-Fenster
2026-09-18T19:00:14.427+02:00,492,0.26073375847348174,0.47720259914362284,0,0.138963,207.5786236317933,NORMAL,,PROFILE/P99,ai_edge_litert.Interpreter 2.1.6 num_threads=1,2026-09-18T19:00:13.799+02:00,14466614411487,14466630371694,0.361721,0.477481,15.960207,611.81637,627.776577,0,0,0,0,0,35.635530209143795,243154944,240959488,0.38115104795225585,0.4833547401595273,0,14.907042,NORMAL,scikit-learn IsolationForest.score_samples,0.5371319978973672,1.296361072562011,0,0.055907,NORMAL,NumPy RMS auf standardisiertem 128×3-Fenster
2026-09-18T19:00:15.046+02:00,493,0.27049059449086243,0.47720259914362284,0,0.158481,207.27706965166624,NORMAL,,PROFILE/P99,ai_edge_litert.Interpreter 2.1.6 num_threads=1,2026-09-18T19:00:14.417+02:00,14467233038418,14467249580050,0.349591,0.457962,16.541632,612.706462,629.248094,0,0,0,0,0,33.914257869839666,243154944,240959488,0.38015831645778353,0.4833547401595273,0,15.501931,NORMAL,scikit-learn IsolationForest.score_samples,0.5337448941987408,1.296361072562011,0,0.05487,NORMAL,NumPy RMS auf standardisiertem 128×3-Fenster
2026-09-18T19:00:15.663+02:00,494,0.311096719852953,0.47720259914362284,0,0.160982,207.83043584076515,NORMAL,,PROFILE/P99,ai_edge_litert.Interpreter 2.1.6 num_threads=1,2026-09-18T19:00:15.036+02:00,14467850481502,14467866853672,0.353907,0.504721,16.37217,611.075079,627.447249,0,0,0,0,0,37.26052729982616,243154944,240959488,0.38511814005044076,0.4833547401595273,0,15.279043,NORMAL,scikit-learn IsolationForest.score_samples,0.5734542125269457,1.296361072562011,0,0.055481,NORMAL,NumPy RMS auf standardisiertem 128×3-Fenster
2026-09-18T19:00:16.280+02:00,495,0.30414093244728235,0.47720259914362284,0,0.142611,207.59440588129533,NORMAL,,PROFILE/P99,ai_edge_litert.Interpreter 2.1.6 num_threads=1,2026-09-18T19:00:15.653+02:00,14468468103773,14468483802314,0.37387,0.478758,15.698541,611.769857,627.468398,0,0,0,0,0,38.90144163674308,243154944,240959488,0.3766203970807466,0.4833547401595273,0,14.636118,NORMAL,scikit-learn IsolationForest.score_samples,0.5545022672192459,1.296361072562011,0,0.047296,NORMAL,NumPy RMS auf standardisiertem 128×3-Fenster
2026-09-18T19:00:16.898+02:00,496,0.251407003178682,0.47720259914362284,0,0.13613,207.4395584216153,NORMAL,,PROFILE/P99,ai_edge_litert.Interpreter 2.1.6 num_threads=1,2026-09-18T19:00:16.270+02:00,14469086099119,14469101798549,0.36174,0.475795,15.69943,612.226525,627.925955,0,0,0,0,0,35.59883816202838,243154944,240959488,0.3887882683122841,0.4833547401595273,0,14.653432,NORMAL,scikit-learn IsolationForest.score_samples,0.5479416601826718,1.296361072562011,0,0.053852,NORMAL,NumPy RMS auf standardisiertem 128×3-Fenster
2026-09-18T19:00:17.518+02:00,497,0.2889826035691912,0.47720259914362284,0,0.158333,207.2851610290285,NORMAL,,PROFILE/P99,ai_edge_litert.Interpreter 2.1.6 num_threads=1,2026-09-18T19:00:16.888+02:00,14469704803837,14469721361506,0.387221,0.514092,16.557669,612.682545,629.240214,0,0,0,0,0,37.12278043764359,243154944,240959488,0.39242835836155093,0.4833547401595273,0,15.425375,NORMAL,scikit-learn IsolationForest.score_samples,0.547994902992912,1.296361072562011,0,0.05374,NORMAL,NumPy RMS auf standardisiertem 128×3-Fenster
2026-09-18T19:00:18.135+02:00,498,0.32003933573869503,0.47720259914362284,0,0.124241,207.4282008474742,NORMAL,,PROFILE/P99,ai_edge_litert.Interpreter 2.1.6 num_threads=1,2026-09-18T19:00:17.507+02:00,14470322959075,14470338496932,0.354962,0.441574,15.537857,612.260047,627.797904,0,0,0,0,0,37.26906686548426,243154944,240959488,0.3924642691026822,0.4833547401595273,0,14.546692,NORMAL,scikit-learn IsolationForest.score_samples,0.5394743400462406,1.296361072562011,0,0.052648,NORMAL,NumPy RMS auf standardisiertem 128×3-Fenster
2026-09-18T19:00:18.755+02:00,499,0.30849993219791,0.47720259914362284,0,0.261981,208.22295467297135,NORMAL,,PROFILE/P99,ai_edge_litert.Interpreter 2.1.6 num_threads=1,2026-09-18T19:00:18.126+02:00,14470939814338,14470958660336,1.351478,0.790258,18.845998,609.923148,628.769146,0,0,0,0,0,41.92429799499134,243154944,240959488,0.38260919592360104,0.4833547401595273,0,16.354188,NORMAL,scikit-learn IsolationForest.score_samples,0.5580081210407543,1.296361072562011,0,0.057111,NORMAL,NumPy RMS auf standardisiertem 128×3-Fenster
2026-09-18T19:00:19.370+02:00,500,0.29988672086374696,0.47720259914362284,0,0.142148,207.83260472077,NORMAL,,PROFILE/P99,ai_edge_litert.Interpreter 2.1.6 num_threads=1,2026-09-18T19:00:18.743+02:00,14471558159265,14471574017085,0.39737,0.489851,15.85782,611.068702,626.926522,0,0,0,0,0,35.75176743768756,243154944,240959488,0.38494340640967023,0.4833547401595273,0,14.754266,NORMAL,scikit-learn IsolationForest.score_samples,0.5469542934276242,1.296361072562011,0,0.05313,NORMAL,NumPy RMS auf standardisiertem 128×3-Fenster
2026-09-18T19:00:19.990+02:00,501,0.2899548074472473,0.47720259914362284,0,0.140222,207.14829691771752,NORMAL,,PROFILE/P99,ai_edge_litert.Interpreter 2.1.6 num_threads=1,2026-09-18T19:00:19.360+02:00,14472177263675,14472193333697,0.374925,0.471128,16.070022,613.087348,629.15737,0,0,0,0,0,37.13741564421969,243154944,240959488,0.3883136180895412,0.4833547401595273,0,15.006747,NORMAL,scikit-learn IsolationForest.score_samples,0.5636786755267262,1.296361072562011,0,0.058055,NORMAL,NumPy RMS auf standardisiertem 128×3-Fenster
2026-09-18T19:00:20.608+02:00,502,0.2914853211142585,0.47720259914362284,0,0.183851,208.16002952318945,NORMAL,,PROFILE/P99,ai_edge_litert.Interpreter 2.1.6 num_threads=1,2026-09-18T19:00:19.981+02:00,14472795085330,14472811754778,0.352,0.506517,16.669448,610.107523,626.776971,0,0,0,0,0,38.808879550560775,243154944,240959488,0.39037550883080663,0.4833547401595273,0,15.555339,NORMAL,scikit-learn IsolationForest.score_samples,0.541335321822603,1.296361072562011,0,0.053277,NORMAL,NumPy RMS auf standardisiertem 128×3-Fenster
2026-09-18T19:00:21.224+02:00,503,0.312434956435812,0.47720259914362284,0,0.136759,207.5940356683953,NORMAL,,PROFILE/P99,ai_edge_litert.Interpreter 2.1.6 num_threads=1,2026-09-18T19:00:20.597+02:00,14473412524896,14473428123678,0.347906,0.47211,15.598782,611.770948,627.36973,0,0,0,0,0,38.93743630077937,243154944,240959488,0.39942111397115637,0.4833547401595273,0,14.570488,NORMAL,scikit-learn IsolationForest.score_samples,0.5622097066828274,1.296361072562011,0,0.054019,NORMAL,NumPy RMS auf standardisiertem 128×3-Fenster
2026-09-18T19:00:21.844+02:00,504,0.28327424886938396,0.47720259914362284,0,0.177556,207.40248302285335,NORMAL,,PROFILE/P99,ai_edge_litert.Interpreter 2.1.6 num_threads=1,2026-09-18T19:00:21.215+02:00,14474030974646,14474047404057,0.361703,0.502962,16.429411,612.335967,628.765378,0,0,0,0,0,37.139957241119156,243154944,240959488,0.3863357494496796,0.4833547401595273,0,15.314598,NORMAL,scikit-learn IsolationForest.score_samples,0.5474214241918088,1.296361072562011,0,0.053778,NORMAL,NumPy RMS auf standardisiertem 128×3-Fenster
2026-09-18T19:00:22.462+02:00,505,0.29356880980849925,0.47720259914362284,0,0.158019,207.5740410434386,NORMAL,,PROFILE/P99,ai_edge_litert.Interpreter 2.1.6 num_threads=1,2026-09-18T19:00:21.833+02:00,14474648916622,14474665405940,0.34461,0.504499,16.489318,611.829877,628.319195,0,0,0,0,0,37.21650539389799,243154944,240959488,0.39017910059860766,0.4833547401595273,0,15.406524,NORMAL,scikit-learn IsolationForest.score_samples,0.5305989019362253,1.296361072562011,0,0.056352,NORMAL,NumPy RMS auf standardisiertem 128×3-Fenster
2026-09-18T19:00:23.083+02:00,506,0.30412222792738136,0.47720259914362284,0,0.171351,207.6962421460034,NORMAL,,PROFILE/P99,ai_edge_litert.Interpreter 2.1.6 num_threads=1,2026-09-18T19:00:22.452+02:00,14475267279376,14475286971558,0.444796,0.539165,19.692182,611.469898,631.16208,0,0,0,0,0,35.39075418320816,243154944,240959488,0.39166226666957515,0.4833547401595273,0,18.408351,NORMAL,scikit-learn IsolationForest.score_samples,0.5148280373625121,1.296361072562011,0,0.107351,NORMAL,NumPy RMS auf standardisiertem 128×3-Fenster
2026-09-18T19:00:23.709+02:00,507,0.33780057179748013,0.47720259914362284,0,0.312092,207.55632362799093,NORMAL,,PROFILE/P99,ai_edge_litert.Interpreter 2.1.6 num_threads=1,2026-09-18T19:00:23.070+02:00,14475886009392,14475912677412,0.921257,1.047609,26.66802,611.882104,638.550124,0,0,0,0,0,39.955506634557025,243154944,240959488,0.39150988342118637,0.4833547401595273,0,24.202673,NORMAL,scikit-learn IsolationForest.score_samples,0.5715933520745091,1.296361072562011,0,0.097463,NORMAL,NumPy RMS auf standardisiertem 128×3-Fenster
2026-09-18T19:00:24.317+02:00,508,0.27022340339185763,0.47720259914362284,0,0.238037,207.7102937682339,NORMAL,,PROFILE/P99,ai_edge_litert.Interpreter 2.1.6 num_threads=1,2026-09-18T19:00:23.687+02:00,14476502478136,14476520749654,0.705165,0.728943,18.271518,611.428532,629.70005,0,0,0,0,0,39.47264649552491,243154944,240959488,0.3856429886001667,0.4833547401595273,0,16.521892,NORMAL,scikit-learn IsolationForest.score_samples,0.5374915428579551,1.296361072562011,0,0.053796,NORMAL,NumPy RMS auf standardisiertem 128×3-Fenster
2026-09-18T19:00:24.934+02:00,509,0.2745099677944385,0.47720259914362284,0,0.161722,207.38712616817128,NORMAL,,PROFILE/P99,ai_edge_litert.Interpreter 2.1.6 num_threads=1,2026-09-18T19:00:24.305+02:00,14477121062174,14477137699899,0.36711,0.515499,16.637725,612.38131,629.019035,0,0,0,0,0,37.28039662242061,243154944,240959488,0.3927559463051323,0.4833547401595273,0,15.518042,NORMAL,scikit-learn IsolationForest.score_samples,0.5321303905818732,1.296361072562011,0,0.056611,NORMAL,NumPy RMS auf standardisiertem 128×3-Fenster
2026-09-18T19:00:25.551+02:00,510,0.26723395036270386,0.47720259914362284,0,0.139129,207.3271254106795,NORMAL,,PROFILE/P99,ai_edge_litert.Interpreter 2.1.6 num_threads=1,2026-09-18T19:00:24.923+02:00,14477738985808,14477754609221,0.3715,0.476758,15.623413,612.558534,628.181947,0,0,0,0,0,34.040705239881554,243154944,240959488,0.3835811873093479,0.4833547401595273,0,14.564822,NORMAL,scikit-learn IsolationForest.score_samples,0.5225479081299171,1.296361072562011,0,0.053074,NORMAL,NumPy RMS auf standardisiertem 128×3-Fenster
2026-09-18T19:00:26.170+02:00,511,0.3008495571520549,0.47720259914362284,0,0.142408,207.08837178458631,NORMAL,,PROFILE/P99,ai_edge_litert.Interpreter 2.1.6 num_threads=1,2026-09-18T19:00:25.541+02:00,14478357722665,14478374063132,0.347629,0.47161,16.340467,613.264757,629.605224,0,0,0,0,0,37.12850289462346,243154944,240959488,0.3850653547503094,0.4833547401595273,0,15.292321,NORMAL,scikit-learn IsolationForest.score_samples,0.5460828548352104,1.296361072562011,0,0.066463,NORMAL,NumPy RMS auf standardisiertem 128×3-Fenster
2026-09-18T19:00:26.788+02:00,512,0.28606744862128863,0.47720259914362284,0,0.159463,207.68923742646209,NORMAL,,PROFILE/P99,ai_edge_litert.Interpreter 2.1.6 num_threads=1,2026-09-18T19:00:26.161+02:00,14478975946191,14478992168232,0.403759,0.521813,16.222041,611.490521,627.712562,0,0,0,0,0,35.593273035173546,243154944,240959488,0.3962695498539651,0.4833547401595273,0,15.055711,NORMAL,scikit-learn IsolationForest.score_samples,0.5580230429331836,1.296361072562011,0,0.06074,NORMAL,NumPy RMS auf standardisiertem 128×3-Fenster
2026-09-18T19:00:27.405+02:00,513,0.3053405179420447,0.47720259914362284,0,0.177463,207.72879993022798,NORMAL,,PROFILE/P99,ai_edge_litert.Interpreter 2.1.6 num_threads=1,2026-09-18T19:00:26.778+02:00,14479592806593,14479608507283,0.358129,0.480739,15.70069,611.374061,627.074751,0,0,0,0,0,35.69492440487679,243154944,240959488,0.3877182391289255,0.4833547401595273,0,14.61186,NORMAL,scikit-learn IsolationForest.score_samples,0.5528586293961651,1.296361072562011,0,0.052444,NORMAL,NumPy RMS auf standardisiertem 128×3-Fenster
2026-09-18T19:00:28.023+02:00,514,0.2559524554573465,0.47720259914362284,0,0.14237,207.4216217347037,NORMAL,,PROFILE/P99,ai_edge_litert.Interpreter 2.1.6 num_threads=1,2026-09-18T19:00:27.395+02:00,14480211018474,14480227015238,0.348092,0.472407,15.996764,612.279467,628.276231,0,0,0,0,0,35.56918112436833,243154944,240959488,0.3838343377067466,0.4833547401595273,0,14.955377,NORMAL,scikit-learn IsolationForest.score_samples,0.5285182662404925,1.296361072562011,0,0.059537,NORMAL,NumPy RMS auf standardisiertem 128×3-Fenster
2026-09-18T19:00:28.641+02:00,515,0.28568795502729394,0.47720259914362284,0,0.143222,207.45638768508823,NORMAL,,PROFILE/P99,ai_edge_litert.Interpreter 2.1.6 num_threads=1,2026-09-18T19:00:28.013+02:00,14480828754934,14480844364421,0.370888,0.475333,15.609487,612.17686,627.786347,0,0,0,0,0,35.63641794272451,243154944,240959488,0.38984857156059793,0.4833547401595273,0,14.549915,NORMAL,scikit-learn IsolationForest.score_samples,0.5341693470488802,1.296361072562011,0,0.052445,NORMAL,NumPy RMS auf standardisiertem 128×3-Fenster
2026-09-18T19:00:29.260+02:00,516,0.239465345287748,0.47720259914362284,0,0.138648,206.9695418961257,NORMAL,,PROFILE/P99,ai_edge_litert.Interpreter 2.1.6 num_threads=1,2026-09-18T19:00:28.630+02:00,14481447859800,14481463384658,0.37237,0.471073,15.524858,613.616858,629.141716,0,0,0,0,0,37.15557192725713,243154944,240959488,0.38703634838892176,0.4833547401595273,0,14.471953,NORMAL,scikit-learn IsolationForest.score_samples,0.5204374641679979,1.296361072562011,0,0.052259,NORMAL,NumPy RMS auf standardisiertem 128×3-Fenster
2026-09-18T19:00:29.876+02:00,517,0.31043884517701176,0.47720259914362284,0,0.136518,208.07596391415564,NORMAL,,PROFILE/P99,ai_edge_litert.Interpreter 2.1.6 num_threads=1,2026-09-18T19:00:29.251+02:00,14482064700376,14482080257734,0.363333,0.470128,15.557358,610.354015,625.911373,0,0,0,0,0,37.28486219113088,243154944,240959488,0.3830661915328462,0.4833547401595273,0,14.517045,NORMAL,scikit-learn IsolationForest.score_samples,0.5127786921650731,1.296361072562011,0,0.052833,NORMAL,NumPy RMS auf standardisiertem 128×3-Fenster
2026-09-18T19:00:30.496+02:00,518,0.28593069902398344,0.47720259914362284,0,0.163166,207.2969137150705,NORMAL,,PROFILE/P99,ai_edge_litert.Interpreter 2.1.6 num_threads=1,2026-09-18T19:00:29.867+02:00,14482683153359,14482699387548,0.346092,0.452795,16.234189,612.647809,628.881998,0,0,0,0,0,33.918420104012654,243154944,240959488,0.3932033461571027,0.4833547401595273,0,15.198543,NORMAL,scikit-learn IsolationForest.score_samples,0.5244957623621069,1.296361072562011,0,0.05613,NORMAL,NumPy RMS auf standardisiertem 128×3-Fenster
2026-09-18T19:00:31.113+02:00,519,0.2997732268462329,0.47720259914362284,0,0.139778,207.47286006676353,NORMAL,,PROFILE/P99,ai_edge_litert.Interpreter 2.1.6 num_threads=1,2026-09-18T19:00:30.485+02:00,14483300849418,14483316423961,0.364037,0.473684,15.574543,612.128256,627.702799,0,0,0,0,0,35.65446683769568,243154944,240959488,0.39182857951651434,0.4833547401595273,0,14.5271,NORMAL,scikit-learn IsolationForest.score_samples,0.5393890076385102,1.296361072562011,0,0.052722,NORMAL,NumPy RMS auf standardisiertem 128×3-Fenster
2026-09-18T19:00:31.732+02:00,520,0.2886907647463417,0.47720259914362284,0,0.138889,207.88411199972273,NORMAL,,PROFILE/P99,ai_edge_litert.Interpreter 2.1.6 num_threads=1,2026-09-18T19:00:31.105+02:00,14483920175051,14483935902594,0.3765,0.472424,15.727543,610.917298,626.644841,0,0,0,0,0,35.513691470872665,243154944,240959488,0.3882296500485101,0.4833547401595273,0,14.665786,NORMAL,scikit-learn IsolationForest.score_samples,0.5444581540032915,1.296361072562011,0,0.053852,NORMAL,NumPy RMS auf standardisiertem 128×3-Fenster
2026-09-18T19:00:32.350+02:00,521,0.2619347160928533,0.47720259914362284,0,0.146667,208.21361562771392,NORMAL,,PROFILE/P99,ai_edge_litert.Interpreter 2.1.6 num_threads=1,2026-09-18T19:00:31.723+02:00,14484536847080,14484554204601,0.400685,0.49648,17.357521,609.950505,627.308026,0,0,0,0,0,37.19880048352807,243154944,240959488,0.3855396466792218,0.4833547401595273,0,16.238764,NORMAL,scikit-learn IsolationForest.score_samples,0.5235806809488647,1.296361072562011,0,0.053611,NORMAL,NumPy RMS auf standardisiertem 128×3-Fenster
2026-09-18T19:00:32.968+02:00,522,0.2871730558242665,0.47720259914362284,0,0.160111,207.4912690247213,NORMAL,,PROFILE/P99,ai_edge_litert.Interpreter 2.1.6 num_threads=1,2026-09-18T19:00:32.339+02:00,14485155347792,14485171681315,0.352018,0.519592,16.333523,612.073947,628.40747,0,0,0,0,0,34.00865854290511,243154944,240959488,0.3902566949750377,0.4833547401595273,0,15.22847,NORMAL,scikit-learn IsolationForest.score_samples,0.5287958715745141,1.296361072562011,0,0.054389,NORMAL,NumPy RMS auf standardisiertem 128×3-Fenster
2026-09-18T19:00:33.585+02:00,523,0.2578849835084524,0.47720259914362284,0,0.137648,207.69714872160387,NORMAL,,PROFILE/P99,ai_edge_litert.Interpreter 2.1.6 num_threads=1,2026-09-18T19:00:32.957+02:00,14485772473917,14485788501404,0.362148,0.475776,16.027487,611.467229,627.494716,0,0,0,0,0,35.66728821410002,243154944,240959488,0.38940414096815035,0.4833547401595273,0,14.977211,NORMAL,scikit-learn IsolationForest.score_samples,0.5411856108475692,1.296361072562011,0,0.056537,NORMAL,NumPy RMS auf standardisiertem 128×3-Fenster
2026-09-18T19:00:34.211+02:00,524,0.28947954181827384,0.47720259914362284,0,0.185796,208.35593188566997,NORMAL,,PROFILE/P99,ai_edge_litert.Interpreter 2.1.6 num_threads=1,2026-09-18T19:00:33.577+02:00,14486390612319,14486414766586,0.46761,0.630388,24.154267,609.533882,633.688149,0,0,0,0,0,38.321152848390525,243154944,240959488,0.3914143563402793,0.4833547401595273,0,22.774788,NORMAL,scikit-learn IsolationForest.score_samples,0.5570465418639772,1.296361072562011,0,0.070759,NORMAL,NumPy RMS auf standardisiertem 128×3-Fenster
2026-09-18T19:00:34.822+02:00,525,0.274322889639009,0.47720259914362284,0,0.141389,208.53588133398017,NORMAL,,PROFILE/P99,ai_edge_litert.Interpreter 2.1.6 num_threads=1,2026-09-18T19:00:34.197+02:00,14487009452093,14487025612690,0.495924,0.490759,16.160597,609.007904,625.168501,0,0,0,0,0,40.9281391329364,243154944,240959488,0.386895387633552,0.4833547401595273,0,14.95784,NORMAL,scikit-learn IsolationForest.score_samples,0.5294046764214604,1.296361072562011,0,0.054445,NORMAL,NumPy RMS auf standardisiertem 128×3-Fenster
2026-09-18T19:00:35.439+02:00,526,0.28542023301905173,0.47720259914362284,0,0.144408,207.70494682138425,NORMAL,,PROFILE/P99,ai_edge_litert.Interpreter 2.1.6 num_threads=1,2026-09-18T19:00:34.812+02:00,14487626786019,14487642437507,0.351166,0.470277,15.651488,611.444272,627.09576,0,0,0,0,0,34.045375942966615,243154944,240959488,0.38210000243227293,0.4833547401595273,0,14.615138,NORMAL,scikit-learn IsolationForest.score_samples,0.5177423432109468,1.296361072562011,0,0.052426,NORMAL,NumPy RMS auf standardisiertem 128×3-Fenster
2026-09-18T19:00:36.058+02:00,527,0.27574656134020614,0.47720259914362284,0,0.136296,207.54506722654372,NORMAL,,PROFILE/P99,ai_edge_litert.Interpreter 2.1.6 num_threads=1,2026-09-18T19:00:35.430+02:00,14488245424148,14488261815412,0.338666,0.473406,16.391264,611.91529,628.306554,0,0,0,0,0,37.13400816401008,243154944,240959488,0.38989618938416776,0.4833547401595273,0,15.365951,NORMAL,scikit-learn IsolationForest.score_samples,0.5384456641807692,1.296361072562011,0,0.057611,NORMAL,NumPy RMS auf standardisiertem 128×3-Fenster
2026-09-18T19:00:36.693+02:00,528,0.26538357683714864,0.47720259914362284,0,0.130981,207.3262731695844,NORMAL,,PROFILE/P99,ai_edge_litert.Interpreter 2.1.6 num_threads=1,2026-09-18T19:00:36.047+02:00,14488863411726,14488896328531,0.441888,0.483313,32.916805,612.561052,645.477857,0,0,0,0,0,36.24232519326128,243171328,240959488,0.38357176027393614,0.4833547401595273,0,31.688456,NORMAL,scikit-learn IsolationForest.score_samples,0.538672917374402,1.296361072562011,0,0.151241,NORMAL,NumPy RMS auf standardisiertem 128×3-Fenster
2026-09-18T19:00:37.294+02:00,529,0.2783851893634515,0.47720259914362284,0,0.158111,207.44643855464258,NORMAL,,PROFILE/P99,ai_edge_litert.Interpreter 2.1.6 num_threads=1,2026-09-18T19:00:36.665+02:00,14489481361786,14489497889883,0.379666,0.510369,16.528097,612.20622,628.734317,0,0,0,0,0,71.49310607025012,243171328,240959488,0.384687103762647,0.4833547401595273,0,15.404859,NORMAL,scikit-learn IsolationForest.score_samples,0.5429061193478733,1.296361072562011,0,0.0565,NORMAL,NumPy RMS auf standardisiertem 128×3-Fenster
2026-09-18T19:00:37.910+02:00,530,0.2556903235325301,0.47720259914362284,0,0.144278,207.98318735970554,NORMAL,,PROFILE/P99,ai_edge_litert.Interpreter 2.1.6 num_threads=1,2026-09-18T19:00:37.284+02:00,14490098381054,14490114279819,0.369518,0.477388,15.898765,610.62628,626.525045,0,0,0,0,0,35.69206450706698,243171328,240959488,0.39017146157979626,0.4833547401595273,0,14.83773,NORMAL,scikit-learn IsolationForest.score_samples,0.5239107458815996,1.296361072562011,0,0.050204,NORMAL,NumPy RMS auf standardisiertem 128×3-Fenster
2026-09-18T19:00:38.530+02:00,531,0.26973480820525947,0.47720259914362284,0,0.155555,207.02663122770667,NORMAL,,PROFILE/P99,ai_edge_litert.Interpreter 2.1.6 num_threads=1,2026-09-18T19:00:37.901+02:00,14490717937357,14490734002047,0.441943,0.494351,16.06469,613.447648,629.512338,0,0,0,0,0,37.113397224337035,243171328,240959488,0.3901597933958163,0.4833547401595273,0,14.898712,NORMAL,scikit-learn IsolationForest.score_samples,0.5414339803977194,1.296361072562011,0,0.052241,NORMAL,NumPy RMS auf standardisiertem 128×3-Fenster
2026-09-18T19:00:39.148+02:00,532,0.32120392952404586,0.47720259914362284,0,0.139926,207.4634431321409,NORMAL,,PROFILE/P99,ai_edge_litert.Interpreter 2.1.6 num_threads=1,2026-09-18T19:00:38.520+02:00,14491336061145,14491351922225,0.411795,0.487258,15.86108,612.156041,628.017121,0,0,0,0,0,37.22072816327175,243171328,240959488,0.38212233209632007,0.4833547401595273,0,14.749526,NORMAL,scikit-learn IsolationForest.score_samples,0.5577301220819971,1.296361072562011,0,0.054148,NORMAL,NumPy RMS auf standardisiertem 128×3-Fenster
2026-09-18T19:00:39.765+02:00,533,0.28097505119020144,0.47720259914362284,0,0.157074,208.48845544755528,NORMAL,,PROFILE/P99,ai_edge_litert.Interpreter 2.1.6 num_threads=1,2026-09-18T19:00:39.139+02:00,14491952397828,14491968703055,0.390499,0.503943,16.305227,609.146438,625.451665,0,0,0,0,0,37.290986009593134,243171328,240959488,0.396392045576343,0.4833547401595273,0,15.179989,NORMAL,scikit-learn IsolationForest.score_samples,0.5379786713455644,1.296361072562011,0,0.054222,NORMAL,NumPy RMS auf standardisiertem 128×3-Fenster
2026-09-18T19:00:40.383+02:00,534,0.2859614461377363,0.47720259914362284,0,0.142426,207.5973394664976,NORMAL,,PROFILE/P99,ai_edge_litert.Interpreter 2.1.6 num_threads=1,2026-09-18T19:00:39.755+02:00,14492570473083,14492586723200,0.397518,0.494517,16.250117,611.761212,628.011329,0,0,0,0,0,38.83376357040391,243171328,240959488,0.3934062740087242,0.4833547401595273,0,15.141433,NORMAL,scikit-learn IsolationForest.score_samples,0.5414334386075581,1.296361072562011,0,0.056833,NORMAL,NumPy RMS auf standardisiertem 128×3-Fenster
2026-09-18T19:00:41.000+02:00,535,0.290438776522618,0.47720259914362284,0,0.142518,207.57152710112618,NORMAL,,PROFILE/P99,ai_edge_litert.Interpreter 2.1.6 num_threads=1,2026-09-18T19:00:40.373+02:00,14493188283803,14493203922717,0.351815,0.473962,15.638914,611.837287,627.476201,0,0,0,0,0,32.40382659706318,243171328,240959488,0.38872324269087344,0.4833547401595273,0,14.597805,NORMAL,scikit-learn IsolationForest.score_samples,0.5511454517747677,1.296361072562011,0,0.055722,NORMAL,NumPy RMS auf standardisiertem 128×3-Fenster
2026-09-18T19:00:41.620+02:00,536,0.26275635869157377,0.47720259914362284,0,0.14087,207.15938630640147,NORMAL,,PROFILE/P99,ai_edge_litert.Interpreter 2.1.6 num_threads=1,2026-09-18T19:00:40.991+02:00,14493807960042,14493823951214,0.379721,0.478833,15.991172,613.054529,629.045701,0,0,0,0,0,37.09515899858713,243171328,240959488,0.39444838082493155,0.4833547401595273,0,14.92073,NORMAL,scikit-learn IsolationForest.score_samples,0.523741196199941,1.296361072562011,0,0.052315,NORMAL,NumPy RMS auf standardisiertem 128×3-Fenster
2026-09-18T19:00:42.237+02:00,537,0.2760978272853851,0.47720259914362284,0,0.137463,207.58106276277013,NORMAL,,PROFILE/P99,ai_edge_litert.Interpreter 2.1.6 num_threads=1,2026-09-18T19:00:41.610+02:00,14494425387304,14494441116885,0.372703,0.474166,15.729581,611.809181,627.538762,0,0,0,0,0,35.64731707879442,243171328,240959488,0.3902881643667627,0.4833547401595273,0,14.671472,NORMAL,scikit-learn IsolationForest.score_samples,0.5491713568923737,1.296361072562011,0,0.054555,NORMAL,NumPy RMS auf standardisiertem 128×3-Fenster
2026-09-18T19:00:42.857+02:00,538,0.31296975629087154,0.47720259914362284,0,0.138796,207.79159752789846,NORMAL,,PROFILE/P99,ai_edge_litert.Interpreter 2.1.6 num_threads=1,2026-09-18T19:00:42.228+02:00,14495042801476,14495060936552,1.449812,0.447462,18.135076,611.189295,629.324371,0,0,0,0,0,37.10734332252012,243171328,240959488,0.38621760172027597,0.4833547401595273,0,16.020229,NORMAL,scikit-learn IsolationForest.score_samples,0.5607448000921835,1.296361072562011,0,0.0595,NORMAL,NumPy RMS auf standardisiertem 128×3-Fenster
2026-09-18T19:00:43.474+02:00,539,0.2425466573157362,0.47720259914362284,0,0.140277,207.44520209621123,NORMAL,,PROFILE/P99,ai_edge_litert.Interpreter 2.1.6 num_threads=1,2026-09-18T19:00:42.846+02:00,14495662134535,14495677616968,0.369684,0.476333,15.482433,612.209869,627.692302,0,0,0,0,0,35.67506451356907,243171328,240959488,0.3997158606371713,0.4833547401595273,0,14.426195,NORMAL,scikit-learn IsolationForest.score_samples,0.5359025043527655,1.296361072562011,0,0.051574,NORMAL,NumPy RMS auf standardisiertem 128×3-Fenster
2026-09-18T19:00:44.093+02:00,540,0.2741128262401104,0.47720259914362284,0,0.157147,207.7964566230795,NORMAL,,PROFILE/P99,ai_edge_litert.Interpreter 2.1.6 num_threads=1,2026-09-18T19:00:43.465+02:00,14496279866710,14496296937843,0.349277,0.522017,17.071133,611.175003,628.246136,0,0,0,0,0,35.5226283324676,243171328,240959488,0.3933706814275077,0.4833547401595273,0,15.965987,NORMAL,scikit-learn IsolationForest.score_samples,0.5459703899069311,1.296361072562011,0,0.058648,NORMAL,NumPy RMS auf standardisiertem 128×3-Fenster
2026-09-18T19:00:44.717+02:00,541,0.2939588545871385,0.47720259914362284,0,0.170908,207.44337471286366,NORMAL,,PROFILE/P99,ai_edge_litert.Interpreter 2.1.6 num_threads=1,2026-09-18T19:00:44.082+02:00,14496898042849,14496921270971,0.484129,0.611462,23.228122,612.215262,635.443384,0,0,0,0,0,40.04138453269839,243171328,240959488,0.39064675994678894,0.4833547401595273,0,21.865606,NORMAL,scikit-learn IsolationForest.score_samples,0.5819144288889543,1.296361072562011,0,0.070259,NORMAL,NumPy RMS auf standardisiertem 128×3-Fenster
2026-09-18T19:00:45.328+02:00,542,0.2570891707777386,0.47720259914362284,0,0.139463,208.04272024571583,NORMAL,,PROFILE/P99,ai_edge_litert.Interpreter 2.1.6 num_threads=1,2026-09-18T19:00:44.701+02:00,14497515627103,14497531415294,0.364925,0.483832,15.788191,610.451545,626.239736,0,0,0,0,0,39.33634434037358,243171328,240959488,0.3855590167609354,0.4833547401595273,0,14.721416,NORMAL,scikit-learn IsolationForest.score_samples,0.5194743617037688,1.296361072562011,0,0.058222,NORMAL,NumPy RMS auf standardisiertem 128×3-Fenster
2026-09-18T19:00:45.945+02:00,543,0.2749237641025748,0.47720259914362284,0,0.139629,207.83955516888815,NORMAL,,PROFILE/P99,ai_edge_litert.Interpreter 2.1.6 num_threads=1,2026-09-18T19:00:45.318+02:00,14498132480618,14498149238327,0.393092,0.471425,16.757709,611.048267,627.805976,0,0,0,0,0,35.609091198462885,243171328,240959488,0.3867660686946507,0.4833547401595273,0,15.675266,NORMAL,scikit-learn IsolationForest.score_samples,0.5315446164029703,1.296361072562011,0,0.059555,NORMAL,NumPy RMS auf standardisiertem 128×3-Fenster
2026-09-18T19:00:46.565+02:00,544,0.2755969975456554,0.47720259914362284,0,0.144685,207.20266787107,NORMAL,,PROFILE/P99,ai_edge_litert.Interpreter 2.1.6 num_threads=1,2026-09-18T19:00:45.935+02:00,14498751511077,14498768660766,0.404462,0.558703,17.149689,612.926471,630.07616,0,0,0,0,0,38.74529840936834,243171328,240959488,0.3815419468694571,0.4833547401595273,0,15.961006,NORMAL,scikit-learn IsolationForest.score_samples,0.5371850365092685,1.296361072562011,0,0.062111,NORMAL,NumPy RMS auf standardisiertem 128×3-Fenster
2026-09-18T19:00:47.182+02:00,545,0.3192276983865536,0.47720259914362284,0,0.141722,207.8631830257144,NORMAL,,PROFILE/P99,ai_edge_litert.Interpreter 2.1.6 num_threads=1,2026-09-18T19:00:46.554+02:00,14499368307689,14499386023914,0.382314,0.480833,17.716225,610.978809,628.695034,0,0,0,0,0,37.2523226487806,243171328,240959488,0.39798592962927776,0.4833547401595273,0,16.593838,NORMAL,scikit-learn IsolationForest.score_samples,0.5476890430894739,1.296361072562011,0,0.094407,NORMAL,NumPy RMS auf standardisiertem 128×3-Fenster
2026-09-18T19:00:47.800+02:00,546,0.29635627209295,0.47720259914362284,0,0.149148,208.11948953362744,NORMAL,,PROFILE/P99,ai_edge_litert.Interpreter 2.1.6 num_threads=1,2026-09-18T19:00:47.173+02:00,14499987455095,14500003446824,0.391166,0.494777,15.991729,610.226367,626.218096,0,0,0,0,0,38.87452943854512,243171328,240959488,0.3971261328651288,0.4833547401595273,0,14.879064,NORMAL,scikit-learn IsolationForest.score_samples,0.555597990901615,1.296361072562011,0,0.057148,NORMAL,NumPy RMS auf standardisiertem 128×3-Fenster
2026-09-18T19:00:48.420+02:00,547,1.289287481608574,0.47720259914362284,1,0.144259,208.20129115915958,ANOMALY,,PROFILE/P99,ai_edge_litert.Interpreter 2.1.6 num_threads=1,2026-09-18T19:00:47.791+02:00,14500604463489,14500623559545,0.826276,0.488148,19.096056,609.986611,629.082667,0,0,0,0,0,37.08898759989665,243171328,240959488,0.42798997940806716,0.4833547401595273,0,17.5473,NORMAL,scikit-learn IsolationForest.score_samples,1.1873416886162935,1.296361072562011,0,0.070592,NORMAL,NumPy RMS auf standardisiertem 128×3-Fenster
2026-09-18T19:00:49.034+02:00,548,3.002459819163043,0.47720259914362284,1,0.138536,208.28334123137205,ANOMALY,,PROFILE/P99,ai_edge_litert.Interpreter 2.1.6 num_threads=1,2026-09-18T19:00:48.409+02:00,14501222527938,14501238186908,0.373758,0.468592,15.65897,609.746316,625.405286,0,0,0,0,0,37.422307344326455,243171328,240959488,0.49027109447380846,0.4833547401595273,1,14.607232,ANOMALY,scikit-learn IsolationForest.score_samples,1.7386810736477747,1.296361072562011,1,0.053537,ANOMALY,NumPy RMS auf standardisiertem 128×3-Fenster
2026-09-18T19:00:49.653+02:00,549,5.045944371941521,0.47720259914362284,1,0.139704,207.85725837808124,ANOMALY,,PROFILE/P99,ai_edge_litert.Interpreter 2.1.6 num_threads=1,2026-09-18T19:00:49.026+02:00,14501841195462,14501856857099,0.372685,0.481443,15.661637,610.996224,626.657861,0,0,0,0,0,35.56020076662964,243171328,240959488,0.4962475950580346,0.4833547401595273,1,14.595305,ANOMALY,scikit-learn IsolationForest.score_samples,2.2124894405750304,1.296361072562011,1,0.052537,ANOMALY,NumPy RMS auf standardisiertem 128×3-Fenster
2026-09-18T19:00:50.279+02:00,550,2.6584512023745432,0.47720259914362284,1,0.174093,208.16895737399167,ANOMALY,,PROFILE/P99,ai_edge_litert.Interpreter 2.1.6 num_threads=1,2026-09-18T19:00:49.645+02:00,14502459323712,14502482323964,0.457591,0.623573,23.000252,610.081357,633.081609,0,0,0,0,0,38.36983431154524,243171328,240959488,0.48145960462606285,0.4833547401595273,0,21.653218,NORMAL,scikit-learn IsolationForest.score_samples,1.7022827575868398,1.296361072562011,1,0.065389,ANOMALY,NumPy RMS auf standardisiertem 128×3-Fenster
2026-09-18T19:00:50.888+02:00,551,1.939728471494595,0.47720259914362284,1,0.146685,208.39947486876764,ANOMALY,,PROFILE/P99,ai_edge_litert.Interpreter 2.1.6 num_threads=1,2026-09-18T19:00:50.263+02:00,14503076409279,14503092293101,0.423296,0.47674,15.883822,609.406526,625.290348,0,0,0,0,0,39.3474702750669,243171328,240959488,0.4815916995140682,0.4833547401595273,0,14.762639,NORMAL,scikit-learn IsolationForest.score_samples,1.4000929083379496,1.296361072562011,1,0.055925,ANOMALY,NumPy RMS auf standardisiertem 128×3-Fenster
2026-09-18T19:00:51.508+02:00,552,1.6300527197507506,0.47720259914362284,1,0.136647,207.0784086235615,ANOMALY,,PROFILE/P99,ai_edge_litert.Interpreter 2.1.6 num_threads=1,2026-09-18T19:00:50.878+02:00,14503695585253,14503711455760,0.351592,0.474758,15.870507,613.294263,629.16477,0,0,0,0,0,35.53212100908137,243171328,240959488,0.43361505742443096,0.4833547401595273,0,14.834935,NORMAL,scikit-learn IsolationForest.score_samples,1.2937497831653002,1.296361072562011,0,0.054759,NORMAL,NumPy RMS auf standardisiertem 128×3-Fenster
2026-09-18T19:00:52.125+02:00,553,3.1259469186423576,0.47720259914362284,1,0.137241,207.94065568856146,ANOMALY,,PROFILE/P99,ai_edge_litert.Interpreter 2.1.6 num_threads=1,2026-09-18T19:00:51.497+02:00,14504311990955,14504328391276,0.366518,0.471703,16.400321,610.751176,627.151497,0,0,0,0,0,35.660002564876244,243171328,240959488,0.4730098926488844,0.4833547401595273,0,15.347193,NORMAL,scikit-learn IsolationForest.score_samples,1.6937417452644052,1.296361072562011,1,0.058814,ANOMALY,NumPy RMS auf standardisiertem 128×3-Fenster
2026-09-18T19:00:52.743+02:00,554,4.329114809264136,0.47720259914362284,1,0.142111,207.46772767209075,ANOMALY,,PROFILE/P99,ai_edge_litert.Interpreter 2.1.6 num_threads=1,2026-09-18T19:00:52.114+02:00,14504930301805,14504946391681,0.372536,0.475721,16.089876,612.143399,628.233275,0,0,0,0,0,33.97738463657274,243171328,240959488,0.4638843393847611,0.4833547401595273,0,14.976157,NORMAL,scikit-learn IsolationForest.score_samples,1.990463904877048,1.296361072562011,1,0.101741,ANOMALY,NumPy RMS auf standardisiertem 128×3-Fenster
2026-09-18T19:00:53.361+02:00,555,1.3828794034075915,0.47720259914362284,1,0.140407,207.46053501928768,ANOMALY,,PROFILE/P99,ai_edge_litert.Interpreter 2.1.6 num_threads=1,2026-09-18T19:00:52.733+02:00,14505548879025,14505564947291,0.499259,0.480351,16.068266,612.164622,628.232888,0,0,0,0,0,35.570109435940914,243171328,240959488,0.44284845545571594,0.4833547401595273,0,14.875379,NORMAL,scikit-learn IsolationForest.score_samples,1.1674991798741925,1.296361072562011,0,0.053611,NORMAL,NumPy RMS auf standardisiertem 128×3-Fenster
2026-09-18T19:00:53.980+02:00,556,2.8399792938851025,0.47720259914362284,1,0.1475,207.45951189536984,ANOMALY,,PROFILE/P99,ai_edge_litert.Interpreter 2.1.6 num_threads=1,2026-09-18T19:00:53.352+02:00,14506167513988,14506183455384,0.375259,0.489906,15.941396,612.167641,628.109037,0,0,0,0,0,33.95283382911096,243171328,240959488,0.46712788998571125,0.4833547401595273,0,14.85812,NORMAL,scikit-learn IsolationForest.score_samples,1.6092249856492562,1.296361072562011,1,0.0525,ANOMALY,NumPy RMS auf standardisiertem 128×3-Fenster
2026-09-18T19:00:54.597+02:00,557,4.823226565155197,0.47720259914362284,1,0.143777,207.6201821889986,ANOMALY,,PROFILE/P99,ai_edge_litert.Interpreter 2.1.6 num_threads=1,2026-09-18T19:00:53.970+02:00,14506785451863,14506801062278,0.379333,0.480517,15.610415,611.693905,627.30432,0,0,0,0,0,34.00225395433868,243171328,240959488,0.4842301949946088,0.4833547401595273,1,14.538473,ANOMALY,scikit-learn IsolationForest.score_samples,2.12464073444125,1.296361072562011,1,0.04937,ANOMALY,NumPy RMS auf standardisiertem 128×3-Fenster
2026-09-18T19:00:55.215+02:00,558,2.3638121518072954,0.47720259914362284,1,0.151388,208.02157635169968,ANOMALY,,PROFILE/P99,ai_edge_litert.Interpreter 2.1.6 num_threads=1,2026-09-18T19:00:54.589+02:00,14507403049739,14507418640173,0.352277,0.478851,15.590434,610.513593,626.104027,0,0,0,0,0,37.24228792169872,243171328,240959488,0.4517612792536894,0.4833547401595273,0,14.535714,NORMAL,scikit-learn IsolationForest.score_samples,1.7758337805192088,1.296361072562011,1,0.053111,ANOMALY,NumPy RMS auf standardisiertem 128×3-Fenster
2026-09-18T19:00:55.840+02:00,559,1.749034002524254,0.47720259914362284,1,0.17111,207.89556209616094,ANOMALY,,PROFILE/P99,ai_edge_litert.Interpreter 2.1.6 num_threads=1,2026-09-18T19:00:55.206+02:00,14508020408489,14508043498482,0.48935,0.609296,23.089993,610.883651,633.973644,0,0,0,0,0,36.806846956933185,243171328,240959488,0.4389510097754598,0.4833547401595273,0,21.727033,NORMAL,scikit-learn IsolationForest.score_samples,1.2523409044820044,1.296361072562011,0,0.067592,NORMAL,NumPy RMS auf standardisiertem 128×3-Fenster
2026-09-18T19:00:56.451+02:00,560,1.892287210681881,0.47720259914362284,1,0.138407,208.93077905311006,ANOMALY,,PROFILE/P99,ai_edge_litert.Interpreter 2.1.6 num_threads=1,2026-09-18T19:00:55.827+02:00,14508638343572,14508654832856,0.833499,0.482851,16.489284,607.856825,624.346109,0,0,0,0,0,47.439343025304645,243171328,240959488,0.47059906930926293,0.4833547401595273,0,14.966305,NORMAL,scikit-learn IsolationForest.score_samples,1.4459476413655201,1.296361072562011,1,0.049741,ANOMALY,NumPy RMS auf standardisiertem 128×3-Fenster
2026-09-18T19:00:57.069+02:00,561,2.285517112757873,0.47720259914362284,1,0.139278,207.60881636699895,ANOMALY,,PROFILE/P99,ai_edge_litert.Interpreter 2.1.6 num_threads=1,2026-09-18T19:00:56.441+02:00,14509256826434,14509272567275,0.355314,0.467555,15.740841,611.727393,627.468234,0,0,0,0,0,35.61368797274075,243171328,240959488,0.44244096237321606,0.4833547401595273,0,14.707584,NORMAL,scikit-learn IsolationForest.score_samples,1.4073945895035709,1.296361072562011,1,0.053,ANOMALY,NumPy RMS auf standardisiertem 128×3-Fenster
2026-09-18T19:00:57.689+02:00,562,1.2846761660359032,0.47720259914362284,1,0.164166,207.63427206455347,ANOMALY,,PROFILE/P99,ai_edge_litert.Interpreter 2.1.6 num_threads=1,2026-09-18T19:00:57.059+02:00,14509874471133,14509892699321,0.376277,0.499629,18.228188,611.652396,629.880584,0,0,0,0,0,33.8637847961941,243171328,240959488,0.43140807745427556,0.4833547401595273,0,17.111524,NORMAL,scikit-learn IsolationForest.score_samples,1.1052871073656974,1.296361072562011,0,0.056129,NORMAL,NumPy RMS auf standardisiertem 128×3-Fenster
2026-09-18T19:00:58.305+02:00,563,1.2371478431941796,0.47720259914362284,1,0.145499,207.44720097127106,ANOMALY,,PROFILE/P99,ai_edge_litert.Interpreter 2.1.6 num_threads=1,2026-09-18T19:00:57.677+02:00,14510493411516,14510509150543,0.347055,0.473907,15.739027,612.20397,627.942997,0,0,0,0,0,35.68827811339432,243171328,240959488,0.42870970182672147,0.4833547401595273,0,14.701583,NORMAL,scikit-learn IsolationForest.score_samples,1.0677765985171717,1.296361072562011,0,0.053666,NORMAL,NumPy RMS auf standardisiertem 128×3-Fenster
2026-09-18T19:00:58.931+02:00,564,1.6618919881586365,0.47720259914362284,1,0.464647,207.4280632984146,ANOMALY,,PROFILE/P99,ai_edge_litert.Interpreter 2.1.6 num_threads=1,2026-09-18T19:00:58.295+02:00,14511110898571,14511134614101,1.136887,1.995903,23.71553,612.260453,635.975983,0,0,0,0,0,38.369773520222154,243171328,240959488,0.4607074863454797,0.4833547401595273,0,19.948018,NORMAL,scikit-learn IsolationForest.score_samples,1.34108588432442,1.296361072562011,1,0.071777,ANOMALY,NumPy RMS auf standardisiertem 128×3-Fenster
2026-09-18T19:00:59.541+02:00,565,0.5296144421516326,0.47720259914362284,1,0.144777,208.03414774060994,ANOMALY,,PROFILE/P99,ai_edge_litert.Interpreter 2.1.6 num_threads=1,2026-09-18T19:00:58.915+02:00,14511728876627,14511744750468,0.401722,0.482851,15.873841,610.4767,626.350541,0,0,0,0,0,60.64554209567199,243171328,240959488,0.4012365408114119,0.4833547401595273,0,14.77614,NORMAL,scikit-learn IsolationForest.score_samples,0.7478802957009556,1.296361072562011,0,0.048481,NORMAL,NumPy RMS auf standardisiertem 128×3-Fenster
2026-09-18T19:01:00.159+02:00,566,0.28583564529037336,0.47720259914362284,0,0.164314,207.9034421503933,NORMAL,,PROFILE/P99,ai_edge_litert.Interpreter 2.1.6 num_threads=1,2026-09-18T19:00:59.531+02:00,14512345917927,14512362575803,0.380221,0.522314,16.657876,610.860497,627.518373,0,0,0,0,0,37.22664703730672,243171328,240959488,0.38291579488711563,0.4833547401595273,0,15.510841,NORMAL,scikit-learn IsolationForest.score_samples,0.5440054226375586,1.296361072562011,0,0.061777,NORMAL,NumPy RMS auf standardisiertem 128×3-Fenster
2026-09-18T19:01:00.776+02:00,567,0.2795347775812509,0.47720259914362284,0,0.138037,207.33909814172873,NORMAL,,PROFILE/P99,ai_edge_litert.Interpreter 2.1.6 num_threads=1,2026-09-18T19:01:00.148+02:00,14512964384689,14512980161827,0.396148,0.448166,15.777138,612.523162,628.3003,0,0,0,0,0,37.242084759142784,243171328,240959488,0.38455489471904436,0.4833547401595273,0,14.72301,NORMAL,scikit-learn IsolationForest.score_samples,0.5392909905271623,1.296361072562011,0,0.054481,NORMAL,NumPy RMS auf standardisiertem 128×3-Fenster
2026-09-18T19:01:01.403+02:00,568,0.3204636727926258,0.47720259914362284,0,0.179018,207.80249579011368,NORMAL,,PROFILE/P99,ai_edge_litert.Interpreter 2.1.6 num_threads=1,2026-09-18T19:01:00.767+02:00,14513581989363,14513606847632,0.505017,0.648573,24.858269,611.157241,636.01551,0,0,0,0,0,38.29476549429009,243171328,240959488,0.3884783823450422,0.4833547401595273,0,23.420364,NORMAL,scikit-learn IsolationForest.score_samples,0.5405895801967023,1.296361072562011,0,0.077536,NORMAL,NumPy RMS auf standardisiertem 128×3-Fenster
2026-09-18T19:01:02.017+02:00,569,0.29094823717655177,0.47720259914362284,0,0.289611,208.94917675538005,NORMAL,,PROFILE/P99,ai_edge_litert.Interpreter 2.1.6 num_threads=1,2026-09-18T19:01:01.389+02:00,14514200206184,14514220598498,0.982776,1.016813,20.392314,607.803304,628.195618,0,0,0,0,0,39.10055118752561,243171328,240959488,0.38837750492876627,0.4833547401595273,0,17.945152,NORMAL,scikit-learn IsolationForest.score_samples,0.552029993264533,1.296361072562011,0,0.115685,NORMAL,NumPy RMS auf standardisiertem 128×3-Fenster
2026-09-18T19:01:02.645+02:00,570,0.29492377975265044,0.47720259914362284,0,0.217518,207.46083901002137,NORMAL,,PROFILE/P99,ai_edge_litert.Interpreter 2.1.6 num_threads=1,2026-09-18T19:01:02.003+02:00,14514819250026,14514848695101,0.373869,0.66261,29.445075,612.163725,641.6088,0,0,0,0,0,54.132391025233765,243171328,240959488,0.3863849762516354,0.4833547401595273,0,28.037486,NORMAL,scikit-learn IsolationForest.score_samples,0.553108211154806,1.296361072562011,0,0.122629,NORMAL,NumPy RMS auf standardisiertem 128×3-Fenster
2026-09-18T19:01:03.265+02:00,571,0.27697353292900573,0.47720259914362284,0,0.140592,206.79832796484874,NORMAL,,PROFILE/P99,ai_edge_litert.Interpreter 2.1.6 num_threads=1,2026-09-18T19:01:02.635+02:00,14515452524101,14515468709831,0.425629,0.490073,16.18573,614.124888,630.310618,0,0,0,0,0,37.100296447803046,243171328,240959488,0.3855589649810995,0.4833547401595273,0,15.054046,NORMAL,scikit-learn IsolationForest.score_samples,0.5489294992729316,1.296361072562011,0,0.054648,NORMAL,NumPy RMS auf standardisiertem 128×3-Fenster
2026-09-18T19:01:03.876+02:00,572,0.2802470059497227,0.47720259914362284,0,0.139519,209.18089547785064,NORMAL,,PROFILE/P99,ai_edge_litert.Interpreter 2.1.6 num_threads=1,2026-09-18T19:01:03.252+02:00,14516062679573,14516079609839,0.38187,0.478758,16.930266,607.130014,624.06028,0,0,0,0,0,36.01169572787956,243171328,240959488,0.38668921829710823,0.4833547401595273,0,15.846045,NORMAL,scikit-learn IsolationForest.score_samples,0.5341625292324036,1.296361072562011,0,0.063407,NORMAL,NumPy RMS auf standardisiertem 128×3-Fenster
2026-09-18T19:01:04.483+02:00,573,0.29634419699148457,0.47720259914362284,0,0.139315,209.5625230686879,NORMAL,,PROFILE/P99,ai_edge_litert.Interpreter 2.1.6 num_threads=1,2026-09-18T19:01:03.862+02:00,14516671543420,14516687035892,0.44887,0.494184,15.492472,606.024389,621.516861,0,0,0,0,0,34.572993793945855,243171328,240959488,0.38588602879957057,0.4833547401595273,0,14.339566,NORMAL,scikit-learn IsolationForest.score_samples,0.5618820452728454,1.296361072562011,0,0.051148,NORMAL,NumPy RMS auf standardisiertem 128×3-Fenster
2026-09-18T19:01:05.109+02:00,574,0.2922620232012774,0.47720259914362284,0,0.71474,207.21116995730677,NORMAL,,PROFILE/P99,ai_edge_litert.Interpreter 2.1.6 num_threads=1,2026-09-18T19:01:04.474+02:00,14517290563861,14517312815024,0.84961,1.497682,22.251163,612.901322,635.152485,0,0,0,0,0,39.950026160699444,243171328,240959488,0.3892847539510464,0.4833547401595273,0,19.091724,NORMAL,scikit-learn IsolationForest.score_samples,0.5483922385178908,1.296361072562011,0,0.05613,NORMAL,NumPy RMS auf standardisiertem 128×3-Fenster
2026-09-18T19:01:05.733+02:00,575,0.3026231704735037,0.47720259914362284,0,0.270481,207.9085481345819,NORMAL,,PROFILE/P99,ai_edge_litert.Interpreter 2.1.6 num_threads=1,2026-09-18T19:01:05.094+02:00,14517908461695,14517936510662,1.092739,0.957498,28.048967,610.845495,638.894462,0,0,0,0,0,40.07953035713175,243171328,240959488,0.38140382995550187,0.4833547401595273,0,25.594491,NORMAL,scikit-learn IsolationForest.score_samples,0.5355618523097474,1.296361072562011,0,0.101611,NORMAL,NumPy RMS auf standardisiertem 128×3-Fenster
2026-09-18T19:01:06.342+02:00,576,0.2889417799880742,0.47720259914362284,0,0.192519,211.6762513673286,NORMAL,,PROFILE/P99,ai_edge_litert.Interpreter 2.1.6 num_threads=1,2026-09-18T19:01:05.723+02:00,14518526479753,14518546190606,0.59961,0.533314,19.710853,599.972832,619.683685,0,0,0,0,0,41.00589346209521,243171328,240959488,0.38514307550611326,0.4833547401595273,0,18.281411,NORMAL,scikit-learn IsolationForest.score_samples,0.532137659837795,1.296361072562011,0,0.082185,NORMAL,NumPy RMS auf standardisiertem 128×3-Fenster
2026-09-18T19:01:06.956+02:00,577,0.29362958978428466,0.47720259914362284,0,0.125907,209.63344619695457,NORMAL,,PROFILE/P99,ai_edge_litert.Interpreter 2.1.6 num_threads=1,2026-09-18T19:01:06.334+02:00,14519144080887,14519160116024,0.38061,0.465981,16.035137,605.819359,621.854496,0,0,0,0,0,40.72482877790699,243171328,240959488,0.38754673482825736,0.4833547401595273,0,14.986713,NORMAL,scikit-learn IsolationForest.score_samples,0.5620041455528344,1.296361072562011,0,0.057759,NORMAL,NumPy RMS auf standardisiertem 128×3-Fenster
2026-09-18T19:01:07.577+02:00,578,0.28535336986675947,0.47720259914362284,0,0.139555,207.46621271011892,NORMAL,,PROFILE/P99,ai_edge_litert.Interpreter 2.1.6 num_threads=1,2026-09-18T19:01:06.946+02:00,14519762273060,14519780574693,2.689532,0.444332,18.301633,612.147869,630.449502,0,0,0,0,0,41.90447347919846,243171328,240959488,0.3945832092243631,0.4833547401595273,0,14.949954,NORMAL,scikit-learn IsolationForest.score_samples,0.5591933076834749,1.296361072562011,0,0.059611,NORMAL,NumPy RMS auf standardisiertem 128×3-Fenster
2026-09-18T19:01:08.194+02:00,579,0.27358156586415516,0.47720259914362284,0,0.221352,207.38824746706814,NORMAL,,PROFILE/P99,ai_edge_litert.Interpreter 2.1.6 num_threads=1,2026-09-18T19:01:07.564+02:00,14520380067660,14520397935609,0.54111,0.732814,17.867949,612.377999,630.245948,0,0,0,0,0,38.87552133389829,243171328,240959488,0.3854008012768944,0.4833547401595273,0,16.289989,NORMAL,scikit-learn IsolationForest.score_samples,0.5435416292004219,1.296361072562011,0,0.056389,NORMAL,NumPy RMS auf standardisiertem 128×3-Fenster
2026-09-18T19:01:08.810+02:00,580,0.2819732117222286,0.47720259914362284,0,0.142407,207.58958100112434,NORMAL,,PROFILE/P99,ai_edge_litert.Interpreter 2.1.6 num_threads=1,2026-09-18T19:01:08.182+02:00,14520997280745,14521013496697,0.481277,0.509332,16.215952,611.784076,628.000028,0,0,0,0,0,34.11525276060472,243171328,240959488,0.38735654112108947,0.4833547401595273,0,15.008176,NORMAL,scikit-learn IsolationForest.score_samples,0.561620809030957,1.296361072562011,0,0.056741,NORMAL,NumPy RMS auf standardisiertem 128×3-Fenster
2026-09-18T19:01:09.427+02:00,581,0.31069204905533265,0.47720259914362284,0,0.137759,207.91192900455263,NORMAL,,PROFILE/P99,ai_edge_litert.Interpreter 2.1.6 num_threads=1,2026-09-18T19:01:08.801+02:00,14521615162646,14521630905340,0.364907,0.491462,15.742694,610.835562,626.578256,0,0,0,0,0,34.012889595852634,243171328,240959488,0.3826561663369805,0.4833547401595273,0,14.667548,NORMAL,scikit-learn IsolationForest.score_samples,0.566050384613683,1.296361072562011,0,0.059963,NORMAL,NumPy RMS auf standardisiertem 128×3-Fenster
2026-09-18T19:01:10.046+02:00,582,0.32214914157157537,0.47720259914362284,0,0.12487,207.17768154379908,NORMAL,,PROFILE/P99,ai_edge_litert.Interpreter 2.1.6 num_threads=1,2026-09-18T19:01:09.417+02:00,14522234191268,14522249968388,0.358925,0.459333,15.77712,613.000392,628.777512,0,0,0,0,0,37.152926827574184,243171328,240959488,0.3826243237005262,0.4833547401595273,0,14.763548,NORMAL,scikit-learn IsolationForest.score_samples,0.5502711166921505,1.296361072562011,0,0.053148,NORMAL,NumPy RMS auf standardisiertem 128×3-Fenster
2026-09-18T19:01:10.664+02:00,583,0.28181385566300793,0.47720259914362284,0,0.142666,207.37039786917282,NORMAL,,PROFILE/P99,ai_edge_litert.Interpreter 2.1.6 num_threads=1,2026-09-18T19:01:10.036+02:00,14522851898228,14522867719218,0.358296,0.477647,15.82099,612.43071,628.2517,0,0,0,0,0,38.85086937417642,243171328,240959488,0.3874058807686596,0.4833547401595273,0,14.771473,NORMAL,scikit-learn IsolationForest.score_samples,0.5384735693651177,1.296361072562011,0,0.052777,NORMAL,NumPy RMS auf standardisiertem 128×3-Fenster
2026-09-18T19:01:11.282+02:00,584,0.27437724658269264,0.47720259914362284,0,0.139889,207.67048090841936,NORMAL,,PROFILE/P99,ai_edge_litert.Interpreter 2.1.6 num_threads=1,2026-09-18T19:01:10.654+02:00,14523469670301,14523485507958,0.37974,0.470833,15.837657,611.54575,627.383407,0,0,0,0,0,33.990963628564096,243171328,240959488,0.38924447131273904,0.4833547401595273,0,14.761436,NORMAL,scikit-learn IsolationForest.score_samples,0.545243649560163,1.296361072562011,0,0.065611,NORMAL,NumPy RMS auf standardisiertem 128×3-Fenster
2026-09-18T19:01:11.908+02:00,585,0.24797783781413094,0.47720259914362284,0,0.168407,207.55986028822207,NORMAL,,PROFILE/P99,ai_edge_litert.Interpreter 2.1.6 num_threads=1,2026-09-18T19:01:11.273+02:00,14524088808707,14524111331185,0.48398,0.596462,22.522478,611.871678,634.394156,0,0,0,0,0,39.947192495915914,243171328,240959488,0.3871551992421751,0.4833547401595273,0,21.174832,NORMAL,scikit-learn IsolationForest.score_samples,0.5401713159635335,1.296361072562011,0,0.072778,NORMAL,NumPy RMS auf standardisiertem 128×3-Fenster
2026-09-18T19:01:12.526+02:00,586,0.31012361818068024,0.47720259914362284,0,0.143037,208.79988873826653,NORMAL,,PROFILE/P99,ai_edge_litert.Interpreter 2.1.6 num_threads=1,2026-09-18T19:01:11.894+02:00,14524706240358,14524730044112,0.365222,0.476925,23.803754,608.237872,632.041626,0,0,0,0,0,42.01971272397029,243171328,240959488,0.3872755853719963,0.4833547401595273,0,22.691829,NORMAL,scikit-learn IsolationForest.score_samples,0.5472670478673926,1.296361072562011,0,0.104315,NORMAL,NumPy RMS auf standardisiertem 128×3-Fenster
2026-09-18T19:01:13.139+02:00,587,0.2822522295303287,0.47720259914362284,0,0.246185,209.1875346399939,NORMAL,,PROFILE/P99,ai_edge_litert.Interpreter 2.1.6 num_threads=1,2026-09-18T19:01:12.513+02:00,14525324086214,14525343086939,0.908591,0.876128,19.000725,607.110745,626.11147,0,0,0,0,0,37.519267530473755,243171328,240959488,0.38385729114265865,0.4833547401595273,0,16.847248,NORMAL,scikit-learn IsolationForest.score_samples,0.5364207283024207,1.296361072562011,0,0.088148,NORMAL,NumPy RMS auf standardisiertem 128×3-Fenster
2026-09-18T19:01:13.756+02:00,588,0.2930874394452106,0.47720259914362284,0,0.203389,207.49822039232973,NORMAL,,PROFILE/P99,ai_edge_litert.Interpreter 2.1.6 num_threads=1,2026-09-18T19:01:13.126+02:00,14525942108442,14525959868096,0.673777,0.759943,17.759654,612.053442,629.813096,0,0,0,0,0,35.671590642238954,243171328,240959488,0.3914736068567261,0.4833547401595273,0,16.044138,NORMAL,scikit-learn IsolationForest.score_samples,0.5574670395727193,1.296361072562011,0,0.054926,NORMAL,NumPy RMS auf standardisiertem 128×3-Fenster
2026-09-18T19:01:14.373+02:00,589,0.2468821425958415,0.47720259914362284,0,0.139482,207.14427287726386,NORMAL,,PROFILE/P99,ai_edge_litert.Interpreter 2.1.6 num_threads=1,2026-09-18T19:01:13.744+02:00,14526560818838,14526576691883,0.409369,0.476184,15.873045,613.099258,628.972303,0,0,0,0,0,34.045432738381756,243171328,240959488,0.38523377043826135,0.4833547401595273,0,14.774862,NORMAL,scikit-learn IsolationForest.score_samples,0.5163238905702833,1.296361072562011,0,0.054759,NORMAL,NumPy RMS auf standardisiertem 128×3-Fenster
2026-09-18T19:01:14.990+02:00,590,0.3068856732348065,0.47720259914362284,0,0.13937,207.8750881148944,NORMAL,,PROFILE/P99,ai_edge_litert.Interpreter 2.1.6 num_threads=1,2026-09-18T19:01:14.363+02:00,14527177965015,14527194038523,0.339073,0.480296,16.073508,610.943818,627.017326,0,0,0,0,0,35.63621198039785,243171328,240959488,0.38340851654089797,0.4833547401595273,0,15.03988,NORMAL,scikit-learn IsolationForest.score_samples,0.5622387466341534,1.296361072562011,0,0.056667,NORMAL,NumPy RMS auf standardisiertem 128×3-Fenster
2026-09-18T19:01:15.609+02:00,591,0.320493196259946,0.47720259914362284,0,0.144092,207.1526248784571,NORMAL,,PROFILE/P99,ai_edge_litert.Interpreter 2.1.6 num_threads=1,2026-09-18T19:01:14.980+02:00,14527796614914,14527812632515,0.379055,0.487055,16.017601,613.074539,629.09214,0,0,0,0,0,35.56442783849057,243171328,240959488,0.3872283319873814,0.4833547401595273,0,14.928695,NORMAL,scikit-learn IsolationForest.score_samples,0.5740778813132578,1.296361072562011,0,0.058463,NORMAL,NumPy RMS auf standardisiertem 128×3-Fenster
2026-09-18T19:01:16.226+02:00,592,0.2814634233154152,0.47720259914362284,0,0.131759,207.8863473357005,NORMAL,,PROFILE/P99,ai_edge_litert.Interpreter 2.1.6 num_threads=1,2026-09-18T19:01:15.599+02:00,14528414131576,14528429962363,0.339759,0.471166,15.830787,610.910729,626.741516,0,0,0,0,0,37.2574243011841,243171328,240959488,0.39003907309190156,0.4833547401595273,0,14.813807,NORMAL,scikit-learn IsolationForest.score_samples,0.5422339828556773,1.296361072562011,0,0.055871,NORMAL,NumPy RMS auf standardisiertem 128×3-Fenster
2026-09-18T19:01:16.844+02:00,593,0.2696885338968216,0.47720259914362284,0,0.14,208.01610876746295,NORMAL,,PROFILE/P99,ai_edge_litert.Interpreter 2.1.6 num_threads=1,2026-09-18T19:01:16.218+02:00,14529032119332,14529048115822,0.451054,0.477296,15.99649,610.52964,626.52613,0,0,0,0,0,35.5898508848952,243171328,240959488,0.3815431955323698,0.4833547401595273,0,14.852993,NORMAL,scikit-learn IsolationForest.score_samples,0.535691226447061,1.296361072562011,0,0.056833,NORMAL,NumPy RMS auf standardisiertem 128×3-Fenster
2026-09-18T19:01:17.468+02:00,594,0.2717899396891908,0.47720259914362284,0,0.167851,207.31299495344993,NORMAL,,PROFILE/P99,ai_edge_litert.Interpreter 2.1.6 num_threads=1,2026-09-18T19:01:16.834+02:00,14529650305737,14529671929069,0.483981,0.583165,21.623332,612.600286,634.223618,0,0,0,0,0,38.47108163253916,243171328,240959488,0.3805695497736623,0.4833547401595273,0,20.298409,NORMAL,scikit-learn IsolationForest.score_samples,0.5568196124077963,1.296361072562011,0,0.06663,NORMAL,NumPy RMS auf standardisiertem 128×3-Fenster
2026-09-18T19:01:18.082+02:00,595,0.3070883048028274,0.47720259914362284,0,0.144574,208.06772000726014,NORMAL,,PROFILE/P99,ai_edge_litert.Interpreter 2.1.6 num_threads=1,2026-09-18T19:01:17.454+02:00,14530267842923,14530285391577,0.324999,0.51161,17.548654,610.378198,627.926852,0,0,0,0,0,44.0149967505749,243171328,240959488,0.38462273635648175,0.4833547401595273,0,16.494674,NORMAL,scikit-learn IsolationForest.score_samples,0.5361549262936656,1.296361072562011,0,0.054056,NORMAL,NumPy RMS auf standardisiertem 128×3-Fenster
2026-09-18T19:01:18.700+02:00,596,0.27038942373322783,0.47720259914362284,0,0.211037,207.83964734580357,NORMAL,,PROFILE/P99,ai_edge_litert.Interpreter 2.1.6 num_threads=1,2026-09-18T19:01:18.071+02:00,14530885913925,14530903897763,0.769887,0.775943,17.983838,611.047996,629.031834,0,0,0,0,0,37.18623437718455,243171328,240959488,0.38200903343752873,0.4833547401595273,0,16.144324,NORMAL,scikit-learn IsolationForest.score_samples,0.5399521423054859,1.296361072562011,0,0.05437,NORMAL,NumPy RMS auf standardisiertem 128×3-Fenster
2026-09-18T19:01:19.321+02:00,597,0.26919384017976494,0.47720259914362284,0,0.253222,207.51200856471013,NORMAL,,PROFILE/P99,ai_edge_litert.Interpreter 2.1.6 num_threads=1,2026-09-18T19:01:18.688+02:00,14531503914410,14531525186372,0.84335,0.779054,21.271962,612.012774,633.284736,0,0,0,0,0,41.847839780150316,243171328,240959488,0.3867559312651732,0.4833547401595273,0,19.304596,NORMAL,scikit-learn IsolationForest.score_samples,0.5400179153751598,1.296361072562011,0,0.054555,NORMAL,NumPy RMS auf standardisiertem 128×3-Fenster
2026-09-18T19:01:19.933+02:00,598,0.25911511663589987,0.47720259914362284,0,0.139185,207.7729822791863,NORMAL,,PROFILE/P99,ai_edge_litert.Interpreter 2.1.6 num_threads=1,2026-09-18T19:01:19.306+02:00,14532120803084,14532136584704,0.359332,0.478222,15.78162,611.244054,627.025674,0,0,0,0,0,40.89066422270266,243171328,240959488,0.3927139123820765,0.4833547401595273,0,14.733252,NORMAL,scikit-learn IsolationForest.score_samples,0.5391427675567145,1.296361072562011,0,0.053074,NORMAL,NumPy RMS auf standardisiertem 128×3-Fenster
2026-09-18T19:01:20.552+02:00,599,0.2571464684888767,0.47720259914362284,0,0.138389,206.938543448397,NORMAL,,PROFILE/P99,ai_edge_litert.Interpreter 2.1.6 num_threads=1,2026-09-18T19:01:19.923+02:00,14532740172904,14532756066561,0.407406,0.482592,15.893657,613.708775,629.602432,0,0,0,0,0,37.12769251903061,243171328,240959488,0.3868253203086632,0.4833547401595273,0,14.778363,NORMAL,scikit-learn IsolationForest.score_samples,0.531060545902827,1.296361072562011,0,0.068037,NORMAL,NumPy RMS auf standardisiertem 128×3-Fenster
2026-09-18T19:01:21.170+02:00,600,0.2879242292711721,0.47720259914362284,0,0.143982,207.5974361795094,NORMAL,,PROFILE/P99,ai_edge_litert.Interpreter 2.1.6 num_threads=1,2026-09-18T19:01:20.543+02:00,14533358171727,14533374069755,0.408777,0.487518,15.898028,611.760927,627.658955,0,0,0,0,0,38.83458900018456,243171328,240959488,0.3814587315259132,0.4833547401595273,0,14.781789,NORMAL,scikit-learn IsolationForest.score_samples,0.5397181198008065,1.296361072562011,0,0.057092,NORMAL,NumPy RMS auf standardisiertem 128×3-Fenster
2026-09-18T19:01:21.788+02:00,601,0.3070048164326285,0.47720259914362284,0,0.14224,207.4546763395867,NORMAL,,PROFILE/P99,ai_edge_litert.Interpreter 2.1.6 num_threads=1,2026-09-18T19:01:21.159+02:00,14533975390962,14533991371545,0.335981,0.485906,15.980583,612.18191,628.162493,0,0,0,0,0,35.639310036493875,243171328,240959488,0.3864175347068108,0.4833547401595273,0,14.9414,NORMAL,scikit-learn IsolationForest.score_samples,0.5670101962464092,1.296361072562011,0,0.054481,NORMAL,NumPy RMS auf standardisiertem 128×3-Fenster
2026-09-18T19:01:22.405+02:00,602,0.28603460201645703,0.47720259914362284,0,0.141648,207.61827501438432,NORMAL,,PROFILE/P99,ai_edge_litert.Interpreter 2.1.6 num_threads=1,2026-09-18T19:01:21.778+02:00,14534593187753,14534609033410,0.351944,0.481906,15.845657,611.699524,627.545181,0,0,0,0,0,33.99898009857569,243171328,240959488,0.38878293969279687,0.4833547401595273,0,14.797715,NORMAL,scikit-learn IsolationForest.score_samples,0.5677591403889909,1.296361072562011,0,0.053499,NORMAL,NumPy RMS auf standardisiertem 128×3-Fenster
2026-09-18T19:01:23.031+02:00,603,0.2837190503776134,0.47720259914362284,0,0.177203,207.2864777940941,NORMAL,,PROFILE/P99,ai_edge_litert.Interpreter 2.1.6 num_threads=1,2026-09-18T19:01:22.395+02:00,14535211245137,14535234491411,0.460295,0.625888,23.246274,612.678653,635.924927,0,0,0,0,0,35.17277464040438,243171328,240959488,0.38584762717033555,0.4833547401595273,0,21.886184,NORMAL,scikit-learn IsolationForest.score_samples,0.5447573713703269,1.296361072562011,0,0.070241,NORMAL,NumPy RMS auf standardisiertem 128×3-Fenster
2026-09-18T19:01:23.643+02:00,604,0.271921352016292,0.47720259914362284,0,0.138981,208.03070326132257,NORMAL,,PROFILE/P99,ai_edge_litert.Interpreter 2.1.6 num_threads=1,2026-09-18T19:01:23.015+02:00,14535829455450,14535846397161,0.399703,0.489517,16.941711,610.486808,627.428519,0,0,0,0,0,39.22331597852997,243171328,240959488,0.3870338042402035,0.4833547401595273,0,15.834695,NORMAL,scikit-learn IsolationForest.score_samples,0.5357676211706836,1.296361072562011,0,0.058685,NORMAL,NumPy RMS auf standardisiertem 128×3-Fenster
2026-09-18T19:01:24.260+02:00,605,0.2420358184066226,0.47720259914362284,0,0.164018,207.52576838887265,NORMAL,,PROFILE/P99,ai_edge_litert.Interpreter 2.1.6 num_threads=1,2026-09-18T19:01:23.632+02:00,14536447371079,14536463763698,0.371388,0.529555,16.392619,611.972195,628.364814,0,0,0,0,0,35.63474924319816,243171328,240959488,0.3823349638625444,0.4833547401595273,0,15.245103,NORMAL,scikit-learn IsolationForest.score_samples,0.4977427440722756,1.296361072562011,0,0.063944,NORMAL,NumPy RMS auf standardisiertem 128×3-Fenster
2026-09-18T19:01:24.877+02:00,606,0.29308259074258736,0.47720259914362284,0,0.14587,208.01639156062103,NORMAL,,PROFILE/P99,ai_edge_litert.Interpreter 2.1.6 num_threads=1,2026-09-18T19:01:24.250+02:00,14537064414563,14537081081960,0.363722,0.505851,16.667397,610.52881,627.196207,0,0,0,0,0,34.018575493272365,243171328,240959488,0.3879084030050379,0.4833547401595273,0,15.574121,NORMAL,scikit-learn IsolationForest.score_samples,0.5485157127306366,1.296361072562011,0,0.059611,NORMAL,NumPy RMS auf standardisiertem 128×3-Fenster
2026-09-18T19:01:25.495+02:00,607,0.2918369523756776,0.47720259914362284,0,0.139926,206.9393442858018,NORMAL,,PROFILE/P99,ai_edge_litert.Interpreter 2.1.6 num_threads=1,2026-09-18T19:01:24.866+02:00,14537683630472,14537699244648,0.350684,0.474314,15.614176,613.7064,629.320576,0,0,0,0,0,35.58941867888271,243171328,240959488,0.3906411796645093,0.4833547401595273,0,14.576641,NORMAL,scikit-learn IsolationForest.score_samples,0.5524064173333887,1.296361072562011,0,0.053352,NORMAL,NumPy RMS auf standardisiertem 128×3-Fenster
2026-09-18T19:01:26.115+02:00,608,0.31206904845726563,0.47720259914362284,0,0.160962,208.19086875898776,NORMAL,,PROFILE/P99,ai_edge_litert.Interpreter 2.1.6 num_threads=1,2026-09-18T19:01:25.488+02:00,14538301880124,14538318698484,0.377629,0.505851,16.81836,610.017148,626.835508,0,0,0,0,0,32.28644622915247,243171328,240959488,0.381958302377368,0.4833547401595273,0,15.695714,NORMAL,scikit-learn IsolationForest.score_samples,0.5541639315784868,1.296361072562011,0,0.057408,NORMAL,NumPy RMS auf standardisiertem 128×3-Fenster
2026-09-18T19:01:26.732+02:00,609,0.3171781996354295,0.47720259914362284,0,0.142148,208.04684368316526,NORMAL,,PROFILE/P99,ai_edge_litert.Interpreter 2.1.6 num_threads=1,2026-09-18T19:01:26.105+02:00,14538919414669,14538935391512,0.380499,0.496666,15.976843,610.439446,626.416289,0,0,0,0,0,35.674639202095236,243171328,240959488,0.38843256776496143,0.4833547401595273,0,14.889067,NORMAL,scikit-learn IsolationForest.score_samples,0.5644262825114811,1.296361072562011,0,0.048723,NORMAL,NumPy RMS auf standardisiertem 128×3-Fenster
2026-09-18T19:01:27.351+02:00,610,0.27850140793186495,0.47720259914362284,0,0.144907,208.11998610787623,NORMAL,,PROFILE/P99,ai_edge_litert.Interpreter 2.1.6 num_threads=1,2026-09-18T19:01:26.723+02:00,14539536856901,14539554364611,0.360406,0.472777,17.50771,610.224911,627.732621,0,0,0,0,0,33.92650833622798,243171328,240959488,0.39016008421617016,0.4833547401595273,0,16.448435,NORMAL,scikit-learn IsolationForest.score_samples,0.547111159109391,1.296361072562011,0,0.061555,NORMAL,NumPy RMS auf standardisiertem 128×3-Fenster
2026-09-18T19:01:27.966+02:00,611,0.3014600762767798,0.47720259914362284,0,0.139666,207.55044732612498,NORMAL,,PROFILE/P99,ai_edge_litert.Interpreter 2.1.6 num_threads=1,2026-09-18T19:01:27.339+02:00,14540154282115,14540170007199,0.392148,0.480554,15.725084,611.899428,627.624512,0,0,0,0,0,35.73521529617733,243171328,240959488,0.38258157800724246,0.4833547401595273,0,14.640938,NORMAL,scikit-learn IsolationForest.score_samples,0.5408050513495976,1.296361072562011,0,0.054111,NORMAL,NumPy RMS auf standardisiertem 128×3-Fenster
2026-09-18T19:01:28.589+02:00,612,0.2766141679503639,0.47720259914362284,0,0.194555,206.9167269758324,NORMAL,,PROFILE/P99,ai_edge_litert.Interpreter 2.1.6 num_threads=1,2026-09-18T19:01:27.956+02:00,14540773683847,14540793198536,0.80724,0.66385,19.514689,613.773482,633.288171,0,0,0,0,0,40.115921083700144,243171328,240959488,0.3854333650808246,0.4833547401595273,0,17.765488,NORMAL,scikit-learn IsolationForest.score_samples,0.553058626684966,1.296361072562011,0,0.057759,NORMAL,NumPy RMS auf standardisiertem 128×3-Fenster
2026-09-18T19:01:29.226+02:00,613,0.2816340429410005,0.47720259914362284,0,0.249204,209.52306551659555,NORMAL,,PROFILE/P99,ai_edge_litert.Interpreter 2.1.6 num_threads=1,2026-09-18T19:01:28.581+02:00,14541391231325,14541430267832,0.724165,3.657179,39.036507,606.138516,645.175023,0,0,0,0,0,40.8103743663745,243171328,240959488,0.38868567955634853,0.4833547401595273,0,34.287053,NORMAL,scikit-learn IsolationForest.score_samples,0.545914621288852,1.296361072562011,0,0.083759,NORMAL,NumPy RMS auf standardisiertem 128×3-Fenster
2026-09-18T19:01:29.821+02:00,614,0.26990402135356817,0.47720259914362284,0,0.138463,210.71467672155958,NORMAL,,PROFILE/P99,ai_edge_litert.Interpreter 2.1.6 num_threads=1,2026-09-18T19:01:29.202+02:00,14542008885341,14542024572721,0.36887,0.475869,15.68738,602.710746,618.398126,0,0,0,0,0,43.7507955492876,243171328,240959488,0.386471982479426,0.4833547401595273,0,14.63353,NORMAL,scikit-learn IsolationForest.score_samples,0.5396425440080117,1.296361072562011,0,0.053296,NORMAL,NumPy RMS auf standardisiertem 128×3-Fenster
2026-09-18T19:01:30.439+02:00,615,0.26918361637869737,0.47720259914362284,0,0.169018,207.94180851640903,NORMAL,,PROFILE/P99,ai_edge_litert.Interpreter 2.1.6 num_threads=1,2026-09-18T19:01:29.811+02:00,14542625793231,14542642628961,0.43674,0.612276,16.83573,610.74779,627.58352,0,0,0,0,0,38.83117100934405,243171328,240959488,0.3821913706717138,0.4833547401595273,0,15.540603,NORMAL,scikit-learn IsolationForest.score_samples,0.5318370002020307,1.296361072562011,0,0.054111,NORMAL,NumPy RMS auf standardisiertem 128×3-Fenster
2026-09-18T19:01:31.056+02:00,616,0.27089939658411577,0.47720259914362284,0,0.142203,207.82743546699982,NORMAL,,PROFILE/P99,ai_edge_litert.Interpreter 2.1.6 num_threads=1,2026-09-18T19:01:30.429+02:00,14543244019730,14543259627481,0.355463,0.474703,15.607751,611.083901,626.691652,0,0,0,0,0,38.8979559483458,243171328,240959488,0.38625074309746005,0.4833547401595273,0,14.563513,NORMAL,scikit-learn IsolationForest.score_samples,0.5225463189000389,1.296361072562011,0,0.053963,NORMAL,NumPy RMS auf standardisiertem 128×3-Fenster
2026-09-18T19:01:31.681+02:00,617,0.2767227811662896,0.47720259914362284,0,0.164388,207.2472181813774,NORMAL,,PROFILE/P99,ai_edge_litert.Interpreter 2.1.6 num_threads=1,2026-09-18T19:01:31.047+02:00,14543863230805,14543884909490,1.305294,0.77911,21.678685,612.794715,634.4734,0,0,0,0,0,39.978477378839514,243171328,240959488,0.3814527891776733,0.4833547401595273,0,19.334727,NORMAL,scikit-learn IsolationForest.score_samples,0.526519667959256,1.296361072562011,0,0.06774,NORMAL,NumPy RMS auf standardisiertem 128×3-Fenster
2026-09-18T19:01:32.294+02:00,618,0.26929040563025025,0.47720259914362284,0,0.237685,209.40263469669483,NORMAL,,PROFILE/P99,ai_edge_litert.Interpreter 2.1.6 num_threads=1,2026-09-18T19:01:31.669+02:00,14544479555756,14544497774800,0.662999,0.753536,18.219044,606.487116,624.70616,0,0,0,0,0,39.163827287851085,243171328,240959488,0.386048924135456,0.4833547401595273,0,16.481898,NORMAL,scikit-learn IsolationForest.score_samples,0.524664922023679,1.296361072562011,0,0.055407,NORMAL,NumPy RMS auf standardisiertem 128×3-Fenster
2026-09-18T19:01:32.911+02:00,619,0.2845879173519496,0.47720259914362284,0,0.143667,207.05011544845433,NORMAL,,PROFILE/P99,ai_edge_litert.Interpreter 2.1.6 num_threads=1,2026-09-18T19:01:32.282+02:00,14545098990019,14545114870344,0.366481,0.474703,15.880325,613.378069,629.258394,0,0,0,0,0,38.891830821768195,243171328,240959488,0.39073902491941664,0.4833547401595273,0,14.822253,NORMAL,scikit-learn IsolationForest.score_samples,0.5532231602398178,1.296361072562011,0,0.054426,NORMAL,NumPy RMS auf standardisiertem 128×3-Fenster
2026-09-18T19:01:33.530+02:00,620,0.3191281348300821,0.47720259914362284,0,0.142203,207.90300582875392,NORMAL,,PROFILE/P99,ai_edge_litert.Interpreter 2.1.6 num_threads=1,2026-09-18T19:01:32.901+02:00,14545716100232,14545733722943,0.394388,0.47937,17.622711,610.861779,628.48449,0,0,0,0,0,40.396031511329475,243171328,240959488,0.37753855652154794,0.4833547401595273,0,16.520843,NORMAL,scikit-learn IsolationForest.score_samples,0.556980506550285,1.296361072562011,0,0.065741,NORMAL,NumPy RMS auf standardisiertem 128×3-Fenster
2026-09-18T19:01:34.147+02:00,621,0.2628094183195717,0.47720259914362284,0,0.146203,207.46131075660284,NORMAL,,PROFILE/P99,ai_edge_litert.Interpreter 2.1.6 num_threads=1,2026-09-18T19:01:33.519+02:00,14546334637814,14546351098342,0.358833,0.501888,16.460528,612.162333,628.622861,0,0,0,0,0,43.73502440882396,243171328,240959488,0.38685788885579503,0.4833547401595273,0,15.379808,NORMAL,scikit-learn IsolationForest.score_samples,0.5481426790127811,1.296361072562011,0,0.054185,NORMAL,NumPy RMS auf standardisiertem 128×3-Fenster
2026-09-18T19:01:34.766+02:00,622,0.2702868331680766,0.47720259914362284,0,0.232407,207.57992919929154,NORMAL,,PROFILE/P99,ai_edge_litert.Interpreter 2.1.6 num_threads=1,2026-09-18T19:01:34.136+02:00,14546951780364,14546969594297,0.661851,0.838054,17.813933,611.812522,629.626455,0,0,0,0,0,35.570224860046636,243171328,240959488,0.38671823459466176,0.4833547401595273,0,15.996918,NORMAL,scikit-learn IsolationForest.score_samples,0.5352397070943326,1.296361072562011,0,0.05713,NORMAL,NumPy RMS auf standardisiertem 128×3-Fenster
2026-09-18T19:01:35.383+02:00,623,0.32320889841554806,0.47720259914362284,0,0.146073,207.0647728772539,NORMAL,,PROFILE/P99,ai_edge_litert.Interpreter 2.1.6 num_threads=1,2026-09-18T19:01:34.754+02:00,14547570733727,14547586494145,0.388203,0.478,15.760418,613.33465,629.095068,0,0,0,0,0,42.146008963857994,243171328,240959488,0.3928676618732459,0.4833547401595273,0,14.678827,NORMAL,scikit-learn IsolationForest.score_samples,0.5719699272275197,1.296361072562011,0,0.051277,NORMAL,NumPy RMS auf standardisiertem 128×3-Fenster
2026-09-18T19:01:36.000+02:00,624,0.2704459833049828,0.47720259914362284,0,0.140592,207.87388328819998,NORMAL,,PROFILE/P99,ai_edge_litert.Interpreter 2.1.6 num_threads=1,2026-09-18T19:01:35.374+02:00,14548188337964,14548204035216,0.366018,0.477574,15.697252,610.947359,626.644611,0,0,0,0,0,35.62553371908014,243171328,240959488,0.39223775292751206,0.4833547401595273,0,14.632346,NORMAL,scikit-learn IsolationForest.score_samples,0.5410196359306823,1.296361072562011,0,0.062,NORMAL,NumPy RMS auf standardisiertem 128×3-Fenster
2026-09-18T19:01:36.619+02:00,625,0.282414746434218,0.47720259914362284,0,0.142999,207.58091381433326,NORMAL,,PROFILE/P99,ai_edge_litert.Interpreter 2.1.6 num_threads=1,2026-09-18T19:01:35.991+02:00,14548806316833,14548822823454,0.388833,0.477629,16.506621,611.80962,628.316241,0,0,0,0,0,35.552746615638554,243171328,240959488,0.38632427342269615,0.4833547401595273,0,15.416715,NORMAL,scikit-learn IsolationForest.score_samples,0.5422634838863885,1.296361072562011,0,0.061371,NORMAL,NumPy RMS auf standardisiertem 128×3-Fenster
2026-09-18T19:01:37.242+02:00,626,0.2824596124268011,0.47720259914362284,0,0.263721,207.37427832322385,NORMAL,,PROFILE/P99,ai_edge_litert.Interpreter 2.1.6 num_threads=1,2026-09-18T19:01:36.608+02:00,14549424085741,14549445683019,1.385923,1.331794,21.597278,612.41925,634.016528,0,0,0,0,0,38.53012962544133,243171328,240959488,0.38077611936822214,0.4833547401595273,0,18.483821,NORMAL,scikit-learn IsolationForest.score_samples,0.5199971307504418,1.296361072562011,0,0.091037,NORMAL,NumPy RMS auf standardisiertem 128×3-Fenster
2026-09-18T19:01:37.854+02:00,627,0.2592019298917971,0.47720259914362284,0,0.157648,207.59956897883254,NORMAL,,PROFILE/P99,ai_edge_litert.Interpreter 2.1.6 num_threads=1,2026-09-18T19:01:37.226+02:00,14550041643854,14550057960993,0.35787,0.501665,16.317139,611.754642,628.071781,0,0,0,0,0,35.93352343241382,243171328,240959488,0.3877193440226016,0.4833547401595273,0,15.229123,NORMAL,scikit-learn IsolationForest.score_samples,0.5352122395534482,1.296361072562011,0,0.052852,NORMAL,NumPy RMS auf standardisiertem 128×3-Fenster
2026-09-18T19:01:38.470+02:00,628,0.29622018944615,0.47720259914362284,0,0.14074,207.90705361611543,NORMAL,,PROFILE/P99,ai_edge_litert.Interpreter 2.1.6 num_threads=1,2026-09-18T19:01:37.844+02:00,14550658647544,14550674295147,0.400536,0.479759,15.647603,610.849886,626.497489,0,0,0,0,0,34.072286982036026,243171328,240959488,0.38368858732447725,0.4833547401595273,0,14.55355,NORMAL,scikit-learn IsolationForest.score_samples,0.5481691045475051,1.296361072562011,0,0.054333,NORMAL,NumPy RMS auf standardisiertem 128×3-Fenster
2026-09-18T19:01:39.096+02:00,629,0.2898606327109925,0.47720259914362284,0,0.183815,207.18723580976416,NORMAL,,PROFILE/P99,ai_edge_litert.Interpreter 2.1.6 num_threads=1,2026-09-18T19:01:38.460+02:00,14551276796400,14551299948343,0.484814,0.622129,23.151943,612.972124,636.124067,0,0,0,0,0,36.75952147355142,243171328,240959488,0.3946946818598601,0.4833547401595273,0,21.76502,NORMAL,scikit-learn IsolationForest.score_samples,0.5734115467916745,1.296361072562011,0,0.07174,NORMAL,NumPy RMS auf standardisiertem 128×3-Fenster
2026-09-18T19:01:39.712+02:00,630,0.2749206327216811,0.47720259914362284,0,0.378296,208.63599585008217,NORMAL,,PROFILE/P99,ai_edge_litert.Interpreter 2.1.6 num_threads=1,2026-09-18T19:01:39.083+02:00,14551895525424,14551915366650,1.031202,1.265146,19.841226,608.71567,628.556896,0,0,0,0,0,48.7500756845918,243171328,240959488,0.38291632263846054,0.4833547401595273,0,17.057879,NORMAL,scikit-learn IsolationForest.score_samples,0.5487046038581531,1.296361072562011,0,0.056333,NORMAL,NumPy RMS auf standardisiertem 128×3-Fenster
2026-09-18T19:01:40.326+02:00,631,0.28575456145940353,0.47720259914362284,0,0.141241,207.32168445571062,NORMAL,,PROFILE/P99,ai_edge_litert.Interpreter 2.1.6 num_threads=1,2026-09-18T19:01:39.698+02:00,14552514410135,14552530298738,0.371444,0.476351,15.888603,612.57461,628.463213,0,0,0,0,0,35.776574530929075,243171328,240959488,0.3866898697068343,0.4833547401595273,0,14.826549,NORMAL,scikit-learn IsolationForest.score_samples,0.5453968513673874,1.296361072562011,0,0.055315,NORMAL,NumPy RMS auf standardisiertem 128×3-Fenster
2026-09-18T19:01:40.943+02:00,632,0.2541456929165182,0.47720259914362284,0,0.142741,208.19718139311559,NORMAL,,PROFILE/P99,ai_edge_litert.Interpreter 2.1.6 num_threads=1,2026-09-18T19:01:40.317+02:00,14553130928295,14553147004639,0.354,0.474184,16.076344,609.998652,626.074996,0,0,0,0,0,42.15924057238349,243171328,240959488,0.38111974146403577,0.4833547401595273,0,15.027716,NORMAL,scikit-learn IsolationForest.score_samples,0.5302776831971711,1.296361072562011,0,0.057982,NORMAL,NumPy RMS auf standardisiertem 128×3-Fenster
2026-09-18T19:01:41.563+02:00,633,0.31345857349144346,0.47720259914362284,0,0.158407,207.32499854407246,NORMAL,,PROFILE/P99,ai_edge_litert.Interpreter 2.1.6 num_threads=1,2026-09-18T19:01:40.934+02:00,14553750207935,14553766842796,0.349259,0.503091,16.634861,612.564818,629.199679,0,0,0,0,0,35.493120074159826,243171328,240959488,0.3857120884900726,0.4833547401595273,0,15.549659,NORMAL,scikit-learn IsolationForest.score_samples,0.5510487990277799,1.296361072562011,0,0.056222,NORMAL,NumPy RMS auf standardisiertem 128×3-Fenster
2026-09-18T19:01:42.183+02:00,634,0.26568435018804887,0.47720259914362284,0,0.139777,207.6440107392894,NORMAL,,PROFILE/P99,ai_edge_litert.Interpreter 2.1.6 num_threads=1,2026-09-18T19:01:41.553+02:00,14554367943708,14554386942788,0.372018,0.474258,18.99908,611.623709,630.622789,0,0,0,0,0,40.311568954894646,243171328,240959488,0.3847441933456777,0.4833547401595273,0,17.893989,NORMAL,scikit-learn IsolationForest.score_samples,0.5309177206937872,1.296361072562011,0,0.096944,NORMAL,NumPy RMS auf standardisiertem 128×3-Fenster
2026-09-18T19:01:42.807+02:00,635,0.26711028968056655,0.47720259914362284,0,0.141296,207.56680980691786,NORMAL,,PROFILE/P99,ai_edge_litert.Interpreter 2.1.6 num_threads=1,2026-09-18T19:01:42.170+02:00,14554986062797,14555010492516,0.427425,0.481666,24.429719,611.851192,636.280911,0,0,0,0,0,43.2991424274415,243171328,240959488,0.38185461737025067,0.4833547401595273,0,23.220425,NORMAL,scikit-learn IsolationForest.score_samples,0.510060668950975,1.296361072562011,0,0.133796,NORMAL,NumPy RMS auf standardisiertem 128×3-Fenster
2026-09-18T19:01:43.416+02:00,636,0.3044105496905328,0.47720259914362284,0,0.178981,207.63141109720638,NORMAL,,PROFILE/P99,ai_edge_litert.Interpreter 2.1.6 num_threads=1,2026-09-18T19:01:42.787+02:00,14555602970409,14555619549567,0.377777,0.513907,16.579158,611.660824,628.239982,0,0,0,0,0,36.12688446919827,243171328,240959488,0.38324960567479444,0.4833547401595273,0,15.434308,NORMAL,scikit-learn IsolationForest.score_samples,0.5550106362882351,1.296361072562011,0,0.055223,NORMAL,NumPy RMS auf standardisiertem 128×3-Fenster
2026-09-18T19:01:44.032+02:00,637,0.2597909602841355,0.47720259914362284,0,0.137314,207.72936429580398,NORMAL,,PROFILE/P99,ai_edge_litert.Interpreter 2.1.6 num_threads=1,2026-09-18T19:01:43.406+02:00,14556220782409,14556236147050,0.358036,0.467759,15.364641,611.3724,626.737041,0,0,0,0,0,32.43640163113348,243171328,240959488,0.38399170254709614,0.4833547401595273,0,14.33918,NORMAL,scikit-learn IsolationForest.score_samples,0.5135370026335693,1.296361072562011,0,0.045648,NORMAL,NumPy RMS auf standardisiertem 128×3-Fenster
2026-09-18T19:01:44.658+02:00,638,0.25585375943052685,0.47720259914362284,0,0.177278,207.32082142925475,NORMAL,,PROFILE/P99,ai_edge_litert.Interpreter 2.1.6 num_threads=1,2026-09-18T19:01:44.023+02:00,14556839051874,14556862028188,0.478295,0.62524,22.976314,612.57716,635.553474,0,0,0,0,0,43.13670292758336,243171328,240959488,0.3865755165064055,0.4833547401595273,0,21.601168,NORMAL,scikit-learn IsolationForest.score_samples,0.5283128353850555,1.296361072562011,0,0.069889,NORMAL,NumPy RMS auf standardisiertem 128×3-Fenster
2026-09-18T19:01:45.273+02:00,639,0.31912006494630196,0.47720259914362284,0,0.157536,208.5238518210003,NORMAL,,PROFILE/P99,ai_edge_litert.Interpreter 2.1.6 num_threads=1,2026-09-18T19:01:44.644+02:00,14557456980470,14557476773586,3.18955,0.509963,19.793116,609.043037,628.836153,0,0,0,0,0,42.29537542507585,243171328,240959488,0.38855571430826014,0.4833547401595273,0,15.855863,NORMAL,scikit-learn IsolationForest.score_samples,0.5418303839765446,1.296361072562011,0,0.061389,NORMAL,NumPy RMS auf standardisiertem 128×3-Fenster
2026-09-18T19:01:45.889+02:00,640,0.2704925311604344,0.47720259914362284,0,0.23824,207.68120107526596,NORMAL,,PROFILE/P99,ai_edge_litert.Interpreter 2.1.6 num_threads=1,2026-09-18T19:01:45.259+02:00,14558074732698,14558092800353,0.689073,0.787665,18.067655,611.514183,629.581838,0,0,0,0,0,38.956235644571855,243171328,240959488,0.3993428482198483,0.4833547401595273,0,16.229177,NORMAL,scikit-learn IsolationForest.score_samples,0.5413743524342889,1.296361072562011,0,0.094148,NORMAL,NumPy RMS auf standardisiertem 128×3-Fenster
2026-09-18T19:01:46.506+02:00,641,0.2969585552382081,0.47720259914362284,0,0.163962,207.4043919931185,NORMAL,,PROFILE/P99,ai_edge_litert.Interpreter 2.1.6 num_threads=1,2026-09-18T19:01:45.877+02:00,14558692914538,14558709562030,0.44274,0.508388,16.647492,612.330331,628.977823,0,0,0,0,0,40.53812834660631,243171328,240959488,0.388463102272978,0.4833547401595273,0,15.458419,NORMAL,scikit-learn IsolationForest.score_samples,0.5595206193079009,1.296361072562011,0,0.055352,NORMAL,NumPy RMS auf standardisiertem 128×3-Fenster
2026-09-18T19:01:47.149+02:00,642,0.28511749000070924,0.47720259914362284,0,0.185481,207.26518627980647,NORMAL,,PROFILE/P99,ai_edge_litert.Interpreter 2.1.6 num_threads=1,2026-09-18T19:01:46.495+02:00,14559311589620,14559353039719,0.370907,0.614573,41.450099,612.741591,654.19169,0,0,0,0,0,40.40314952548937,243171328,240959488,0.38799180458908916,0.4833547401595273,0,40.179397,NORMAL,scikit-learn IsolationForest.score_samples,0.5272942563892852,1.296361072562011,0,0.074555,NORMAL,NumPy RMS auf standardisiertem 128×3-Fenster
2026-09-18T19:01:47.745+02:00,643,0.3084272433744681,0.47720259914362284,0,0.13863,220.74382761367104,NORMAL,,PROFILE/P99,ai_edge_litert.Interpreter 2.1.6 num_threads=1,2026-09-18T19:01:47.150+02:00,14559929525279,14559948732322,0.351518,0.474166,19.207043,575.327525,594.534568,0,0,0,0,0,50.35962902215221,243171328,240959488,0.3926513614605264,0.4833547401595273,0,18.120045,NORMAL,scikit-learn IsolationForest.score_samples,0.5454964445508675,1.296361072562011,0,0.100796,NORMAL,NumPy RMS auf standardisiertem 128×3-Fenster
2026-09-18T19:01:48.363+02:00,644,0.2534021676976585,0.47720259914362284,0,0.140833,208.67988743359936,NORMAL,,PROFILE/P99,ai_edge_litert.Interpreter 2.1.6 num_threads=1,2026-09-18T19:01:47.734+02:00,14560546404071,14560567152093,0.369703,0.479369,20.748022,608.587639,629.335661,0,0,0,0,0,37.19282833201387,243171328,240959488,0.3944793639257034,0.4833547401595273,0,19.627802,NORMAL,scikit-learn IsolationForest.score_samples,0.5286854982453177,1.296361072562011,0,0.106167,NORMAL,NumPy RMS auf standardisiertem 128×3-Fenster
2026-09-18T19:01:48.978+02:00,645,0.27421930812604395,0.47720259914362284,0,0.243185,206.94023414987674,NORMAL,,PROFILE/P99,ai_edge_litert.Interpreter 2.1.6 num_threads=1,2026-09-18T19:01:48.348+02:00,14561165497582,14561182219833,0.614148,0.80498,16.722251,613.703761,630.426012,0,0,0,0,0,37.39647205395231,243171328,240959488,0.3848007164747751,0.4833547401595273,0,14.97992,NORMAL,scikit-learn IsolationForest.score_samples,0.5275968391883578,1.296361072562011,0,0.055999,NORMAL,NumPy RMS auf standardisiertem 128×3-Fenster
2026-09-18T19:01:49.595+02:00,646,0.29877978964387264,0.47720259914362284,0,0.141296,208.18487388571793,NORMAL,,PROFILE/P99,ai_edge_litert.Interpreter 2.1.6 num_threads=1,2026-09-18T19:01:48.969+02:00,14561783248673,14561799053370,0.402999,0.488,15.804697,610.034714,625.839411,0,0,0,0,0,34.04482108012559,243171328,240959488,0.38780353441197085,0.4833547401595273,0,14.702513,NORMAL,scikit-learn IsolationForest.score_samples,0.5305040588437485,1.296361072562011,0,0.051074,NORMAL,NumPy RMS auf standardisiertem 128×3-Fenster
2026-09-18T19:01:50.220+02:00,647,0.2758632988213458,0.47720259914362284,0,0.273018,207.66665116307027,NORMAL,,PROFILE/P99,ai_edge_litert.Interpreter 2.1.6 num_threads=1,2026-09-18T19:01:49.586+02:00,14562400979913,14562424278523,1.008998,0.974888,23.29861,611.557028,634.855638,0,0,0,0,0,36.785732256468776,243171328,240959488,0.3895425338580727,0.4833547401595273,0,20.94154,NORMAL,scikit-learn IsolationForest.score_samples,0.5306094416333121,1.296361072562011,0,0.065907,NORMAL,NumPy RMS auf standardisiertem 128×3-Fenster
2026-09-18T19:01:50.832+02:00,648,0.2773952909818373,0.47720259914362284,0,0.146111,208.5462684470525,NORMAL,,PROFILE/P99,ai_edge_litert.Interpreter 2.1.6 num_threads=1,2026-09-18T19:01:50.207+02:00,14563019442598,14563035392109,0.413295,0.498574,15.949511,608.977571,624.927082,0,0,0,0,0,40.91029637930573,243171328,240959488,0.38832069787179513,0.4833547401595273,0,14.818439,NORMAL,scikit-learn IsolationForest.score_samples,0.5372690230194183,1.296361072562011,0,0.053574,NORMAL,NumPy RMS auf standardisiertem 128×3-Fenster
2026-09-18T19:01:51.449+02:00,649,0.32551914156095335,0.47720259914362284,0,0.142408,207.43778094456323,NORMAL,,PROFILE/P99,ai_edge_litert.Interpreter 2.1.6 num_threads=1,2026-09-18T19:01:50.821+02:00,14563637212619,14563653310667,0.630925,0.473555,16.098048,612.231771,628.329819,0,0,0,0,0,38.839860362116696,243171328,240959488,0.3990915766849133,0.4833547401595273,0,14.780643,NORMAL,scikit-learn IsolationForest.score_samples,0.5790719776413449,1.296361072562011,0,0.052074,NORMAL,NumPy RMS auf standardisiertem 128×3-Fenster
2026-09-18T19:01:52.067+02:00,650,0.2793750583080339,0.47720259914362284,0,0.123777,207.81140727965615,NORMAL,,PROFILE/P99,ai_edge_litert.Interpreter 2.1.6 num_threads=1,2026-09-18T19:01:51.440+02:00,14564255293382,14564271029708,0.367721,0.475426,15.736326,611.131033,626.867359,0,0,0,0,0,40.471598834544785,243171328,240959488,0.4010574216736942,0.4833547401595273,0,14.700717,NORMAL,scikit-learn IsolationForest.score_samples,0.5523672258038455,1.296361072562011,0,0.051574,NORMAL,NumPy RMS auf standardisiertem 128×3-Fenster
2026-09-18T19:01:52.684+02:00,651,0.296808225050986,0.47720259914362284,0,0.140259,208.03732720390937,NORMAL,,PROFILE/P99,ai_edge_litert.Interpreter 2.1.6 num_threads=1,2026-09-18T19:01:52.058+02:00,14564872398963,14564888298697,0.354944,0.479425,15.899734,610.46737,626.367104,0,0,0,0,0,32.40062591148512,243171328,240959488,0.39135381957696275,0.4833547401595273,0,14.851328,NORMAL,scikit-learn IsolationForest.score_samples,0.5584638489708802,1.296361072562011,0,0.054425,NORMAL,NumPy RMS auf standardisiertem 128×3-Fenster
2026-09-18T19:01:53.303+02:00,652,0.2845383625602403,0.47720259914362284,0,0.141537,207.81419567741793,NORMAL,,PROFILE/P99,ai_edge_litert.Interpreter 2.1.6 num_threads=1,2026-09-18T19:01:52.675+02:00,14565489584620,14565507181703,1.42259,0.478333,17.597083,611.122833,628.719916,0,0,0,0,0,37.16358058484567,243171328,240959488,0.3940166929347573,0.4833547401595273,0,15.478382,NORMAL,scikit-learn IsolationForest.score_samples,0.5473389388137355,1.296361072562011,0,0.057926,NORMAL,NumPy RMS auf standardisiertem 128×3-Fenster
2026-09-18T19:01:53.919+02:00,653,0.2715832850609419,0.47720259914362284,0,0.142222,207.96598816152792,NORMAL,,PROFILE/P99,ai_edge_litert.Interpreter 2.1.6 num_threads=1,2026-09-18T19:01:53.293+02:00,14566107476555,14566123212733,0.356203,0.486277,15.736178,610.67678,626.412958,0,0,0,0,0,34.089286142031405,243171328,240959488,0.38254076821852134,0.4833547401595273,0,14.679921,NORMAL,scikit-learn IsolationForest.score_samples,0.5464966545374207,1.296361072562011,0,0.05313,NORMAL,NumPy RMS auf standardisiertem 128×3-Fenster
2026-09-18T19:01:54.538+02:00,654,0.2692960289290512,0.47720259914362284,0,0.130574,207.36962822918372,NORMAL,,PROFILE/P99,ai_edge_litert.Interpreter 2.1.6 num_threads=1,2026-09-18T19:01:53.909+02:00,14566725287233,14566741389115,0.471592,0.505943,16.101882,612.432983,628.534865,0,0,0,0,0,35.588554701406174,243171328,240959488,0.38449630785384653,0.4833547401595273,0,14.919625,NORMAL,scikit-learn IsolationForest.score_samples,0.5460958756387629,1.296361072562011,0,0.055278,NORMAL,NumPy RMS auf standardisiertem 128×3-Fenster
2026-09-18T19:01:55.156+02:00,655,0.3086327538467038,0.47720259914362284,0,0.141185,207.4527935532741,NORMAL,,PROFILE/P99,ai_edge_litert.Interpreter 2.1.6 num_threads=1,2026-09-18T19:01:54.528+02:00,14567343767911,14567359493719,0.368481,0.475055,15.725808,612.187466,627.913274,0,0,0,0,0,38.82841766403317,243171328,240959488,0.3942151367396696,0.4833547401595273,0,14.665754,NORMAL,scikit-learn IsolationForest.score_samples,0.5326213890347051,1.296361072562011,0,0.056555,NORMAL,NumPy RMS auf standardisiertem 128×3-Fenster
2026-09-18T19:01:55.782+02:00,656,0.26830197432678676,0.47720259914362284,0,0.174425,207.61680435178295,NORMAL,,PROFILE/P99,ai_edge_litert.Interpreter 2.1.6 num_threads=1,2026-09-18T19:01:55.146+02:00,14567961447129,14567986267627,0.511166,0.61837,24.820498,611.703857,636.524355,0,0,0,0,0,38.29010904115416,243171328,240959488,0.3903707090540878,0.4833547401595273,0,23.422185,NORMAL,scikit-learn IsolationForest.score_samples,0.5231499809922722,1.296361072562011,0,0.068278,NORMAL,NumPy RMS auf standardisiertem 128×3-Fenster
2026-09-18T19:01:56.393+02:00,657,0.2608536485270208,0.47720259914362284,0,0.16037,208.20098431195748,NORMAL,,PROFILE/P99,ai_edge_litert.Interpreter 2.1.6 num_threads=1,2026-09-18T19:01:55.766+02:00,14568580256255,14568596839858,0.380277,0.513074,16.583603,609.98751,626.571113,0,0,0,0,0,39.308679820344665,243171328,240959488,0.3858648481069275,0.4833547401595273,0,15.457198,NORMAL,scikit-learn IsolationForest.score_samples,0.5220629002540855,1.296361072562011,0,0.052926,NORMAL,NumPy RMS auf standardisiertem 128×3-Fenster
2026-09-18T19:01:57.009+02:00,658,0.2702181238703491,0.47720259914362284,0,0.142815,207.9613125149104,NORMAL,,PROFILE/P99,ai_edge_litert.Interpreter 2.1.6 num_threads=1,2026-09-18T19:01:56.383+02:00,14569197623569,14569213171823,0.367778,0.481666,15.548254,610.69051,626.238764,0,0,0,0,0,37.31763367289811,243171328,240959488,0.39269816482717035,0.4833547401595273,0,14.482237,NORMAL,scikit-learn IsolationForest.score_samples,0.5372450521421459,1.296361072562011,0,0.053111,NORMAL,NumPy RMS auf standardisiertem 128×3-Fenster
2026-09-18T19:01:57.629+02:00,659,0.2456568658617265,0.47720259914362284,0,0.162426,207.0185417982637,NORMAL,,PROFILE/P99,ai_edge_litert.Interpreter 2.1.6 num_threads=1,2026-09-18T19:01:56.999+02:00,14569816556606,14569832814451,0.352185,0.501906,16.257845,613.471619,629.729464,0,0,0,0,0,37.11804618659137,243171328,240959488,0.38355522742230586,0.4833547401595273,0,15.16542,NORMAL,scikit-learn IsolationForest.score_samples,0.513984801148361,1.296361072562011,0,0.055723,NORMAL,NumPy RMS auf standardisiertem 128×3-Fenster
2026-09-18T19:01:58.247+02:00,660,0.27214874962683194,0.47720259914362284,0,0.159148,207.51674405222045,NORMAL,,PROFILE/P99,ai_edge_litert.Interpreter 2.1.6 num_threads=1,2026-09-18T19:01:57.618+02:00,14570434244146,14570450743212,0.344647,0.499592,16.499066,611.998808,628.497874,0,0,0,0,0,38.83978361566443,243171328,240959488,0.3807073080156128,0.4833547401595273,0,15.422753,NORMAL,scikit-learn IsolationForest.score_samples,0.5164672301817871,1.296361072562011,0,0.053834,NORMAL,NumPy RMS auf standardisiertem 128×3-Fenster
2026-09-18T19:01:58.864+02:00,661,0.27222752857278737,0.47720259914362284,0,0.161093,207.72721761636458,NORMAL,,PROFILE/P99,ai_edge_litert.Interpreter 2.1.6 num_threads=1,2026-09-18T19:01:58.236+02:00,14571051329781,14571068037328,0.364703,0.529536,16.707547,611.378718,628.086265,0,0,0,0,0,35.63905490927801,243187712,240959488,0.38896904155684003,0.4833547401595273,0,15.562346,NORMAL,scikit-learn IsolationForest.score_samples,0.5244964088759086,1.296361072562011,0,0.069667,NORMAL,NumPy RMS auf standardisiertem 128×3-Fenster
2026-09-18T19:01:59.482+02:00,662,0.26399112433012545,0.47720259914362284,0,0.147092,207.55253438600056,NORMAL,,PROFILE/P99,ai_edge_litert.Interpreter 2.1.6 num_threads=1,2026-09-18T19:01:58.854+02:00,14571669540527,14571685461409,0.374462,0.522907,15.920882,611.893275,627.814157,0,0,0,0,0,37.25166306366907,243187712,240959488,0.38918144989609654,0.4833547401595273,0,14.802162,NORMAL,scikit-learn IsolationForest.score_samples,0.5303708700294479,1.296361072562011,0,0.054648,NORMAL,NumPy RMS auf standardisiertem 128×3-Fenster
2026-09-18T19:02:00.101+02:00,663,0.27479372980099254,0.47720259914362284,0,0.157574,207.51588211365873,NORMAL,,PROFILE/P99,ai_edge_litert.Interpreter 2.1.6 num_threads=1,2026-09-18T19:01:59.472+02:00,14572288128663,14572304824044,0.363944,0.506314,16.695381,612.00135,628.696731,0,0,0,0,0,38.74953312662782,243187712,240959488,0.39347463716950204,0.4833547401595273,0,15.593383,NORMAL,scikit-learn IsolationForest.score_samples,0.5425485217828734,1.296361072562011,0,0.056333,NORMAL,NumPy RMS auf standardisiertem 128×3-Fenster
2026-09-18T19:02:00.719+02:00,664,0.321567524987491,0.47720259914362284,0,0.158833,207.28132958144334,NORMAL,,PROFILE/P99,ai_edge_litert.Interpreter 2.1.6 num_threads=1,2026-09-18T19:02:00.090+02:00,14572906405579,14572923085275,0.647647,0.832277,16.679696,612.69387,629.373566,0,0,0,0,0,37.20094963281256,243187712,240959488,0.3951736044023717,0.4833547401595273,0,14.964662,NORMAL,scikit-learn IsolationForest.score_samples,0.5693541113982841,1.296361072562011,0,0.054333,NORMAL,NumPy RMS auf standardisiertem 128×3-Fenster
2026-09-18T19:02:01.344+02:00,665,0.3042781413129527,0.47720259914362284,0,0.198018,208.11291867431862,NORMAL,,PROFILE/P99,ai_edge_litert.Interpreter 2.1.6 num_threads=1,2026-09-18T19:02:00.710+02:00,14573524074683,14573547496257,0.550554,0.640518,23.421574,610.245634,633.667208,0,0,0,0,0,38.43433920650837,243187712,240959488,0.3944299878720884,0.4833547401595273,0,21.92128,NORMAL,scikit-learn IsolationForest.score_samples,0.5426140013921202,1.296361072562011,0,0.08374,NORMAL,NumPy RMS auf standardisiertem 128×3-Fenster
2026-09-18T19:02:01.956+02:00,666,0.25566649559054877,0.47720259914362284,0,0.142111,209.07557150453525,NORMAL,,PROFILE/P99,ai_edge_litert.Interpreter 2.1.6 num_threads=1,2026-09-18T19:02:01.330+02:00,14574141307863,14574159549797,0.363814,0.470647,18.241934,607.435862,625.677796,0,0,0,0,0,40.84462301857553,243187712,240959488,0.3862101643566513,0.4833547401595273,0,17.136677,NORMAL,scikit-learn IsolationForest.score_samples,0.515756379060013,1.296361072562011,0,0.107555,NORMAL,NumPy RMS auf standardisiertem 128×3-Fenster
2026-09-18T19:02:02.575+02:00,667,0.2416856822817787,0.47720259914362284,0,0.241074,208.0044753915359,NORMAL,,PROFILE/P99,ai_edge_litert.Interpreter 2.1.6 num_threads=1,2026-09-18T19:02:01.946+02:00,14574760112913,14574778644180,0.783091,0.859573,18.531267,610.563786,629.095053,0,0,0,0,0,35.5364404253343,243187712,240959488,0.39203952433126227,0.4833547401595273,0,16.53003,NORMAL,scikit-learn IsolationForest.score_samples,0.5388161320113934,1.296361072562011,0,0.089463,NORMAL,NumPy RMS auf standardisiertem 128×3-Fenster
2026-09-18T19:02:03.193+02:00,668,0.271378879315475,0.47720259914362284,0,0.266721,207.63987337983184,NORMAL,,PROFILE/P99,ai_edge_litert.Interpreter 2.1.6 num_threads=1,2026-09-18T19:02:02.563+02:00,14575378338039,14575396428696,0.606092,0.830313,18.090657,611.635896,629.726553,0,0,0,0,0,37.23241687246884,243187712,240959488,0.385868755351626,0.4833547401595273,0,16.303289,NORMAL,scikit-learn IsolationForest.score_samples,0.5378308899996587,1.296361072562011,0,0.056241,NORMAL,NumPy RMS auf standardisiertem 128×3-Fenster
2026-09-18T19:02:03.807+02:00,669,0.23343334037266436,0.47720259914362284,0,0.135722,207.70140657387776,NORMAL,,PROFILE/P99,ai_edge_litert.Interpreter 2.1.6 num_threads=1,2026-09-18T19:02:03.180+02:00,14575995400280,14576011248626,0.372944,0.492832,15.848346,611.454694,627.30304,0,0,0,0,0,35.78283377367023,243187712,240959488,0.37848204919346906,0.4833547401595273,0,14.770533,NORMAL,scikit-learn IsolationForest.score_samples,0.48677883698872004,1.296361072562011,0,0.057351,NORMAL,NumPy RMS auf standardisiertem 128×3-Fenster
2026-09-18T19:02:04.426+02:00,670,0.3051136887563146,0.47720259914362284,0,0.141944,207.91110768776286,NORMAL,,PROFILE/P99,ai_edge_litert.Interpreter 2.1.6 num_threads=1,2026-09-18T19:02:03.799+02:00,14576613437984,14576629332367,0.384722,0.474629,15.894383,610.837975,626.732358,0,0,0,0,0,35.593817341680186,243187712,240959488,0.38604902875035546,0.4833547401595273,0,14.820885,NORMAL,scikit-learn IsolationForest.score_samples,0.5555207110175185,1.296361072562011,0,0.054148,NORMAL,NumPy RMS auf standardisiertem 128×3-Fenster
2026-09-18T19:02:05.044+02:00,671,0.27332960595163175,0.47720259914362284,0,0.139499,207.1477167840206,NORMAL,,PROFILE/P99,ai_edge_litert.Interpreter 2.1.6 num_threads=1,2026-09-18T19:02:04.415+02:00,14577232115226,14577247886164,0.361592,0.479536,15.770938,613.089065,628.860003,0,0,0,0,0,33.95042262781302,243187712,240959488,0.3937804937056034,0.4833547401595273,0,14.718014,NORMAL,scikit-learn IsolationForest.score_samples,0.5460087453437549,1.296361072562011,0,0.053371,NORMAL,NumPy RMS auf standardisiertem 128×3-Fenster
2026-09-18T19:02:05.663+02:00,672,0.285586607356955,0.47720259914362284,0,0.139555,207.7441068419501,NORMAL,,PROFILE/P99,ai_edge_litert.Interpreter 2.1.6 num_threads=1,2026-09-18T19:02:05.034+02:00,14577849379416,14577867238351,0.364759,0.470462,17.858935,611.329014,629.187949,0,0,0,0,0,35.51772405630884,243187712,240959488,0.3829159595524683,0.4833547401595273,0,16.763825,NORMAL,scikit-learn IsolationForest.score_samples,0.524102850810695,1.296361072562011,0,0.097796,NORMAL,NumPy RMS auf standardisiertem 128×3-Fenster
2026-09-18T19:02:06.280+02:00,673,0.2787862031649902,0.47720259914362284,0,0.139759,207.2632521344945,NORMAL,,PROFILE/P99,ai_edge_litert.Interpreter 2.1.6 num_threads=1,2026-09-18T19:02:05.651+02:00,14578467947383,14578483502526,0.370204,0.47261,15.555143,612.747309,628.302452,0,0,0,0,0,35.70204437584745,243187712,240959488,0.39535141897610093,0.4833547401595273,0,14.502515,NORMAL,scikit-learn IsolationForest.score_samples,0.5488568290432596,1.296361072562011,0,0.05163,NORMAL,NumPy RMS auf standardisiertem 128×3-Fenster
2026-09-18T19:02:06.908+02:00,674,0.2397885980076433,0.47720259914362284,0,0.1705,207.77646955859174,NORMAL,,PROFILE/P99,ai_edge_litert.Interpreter 2.1.6 num_threads=1,2026-09-18T19:02:06.271+02:00,14579085850539,14579112118128,2.495237,0.619128,26.267589,611.233795,637.501384,0,0,0,0,0,38.177489678713776,243187712,240959488,0.37981063242904745,0.4833547401595273,0,22.88502,NORMAL,scikit-learn IsolationForest.score_samples,0.5040050109207542,1.296361072562011,0,0.0725,NORMAL,NumPy RMS auf standardisiertem 128×3-Fenster
2026-09-18T19:02:07.523+02:00,675,0.26074075012120684,0.47720259914362284,0,0.170833,208.31632185889362,NORMAL,,PROFILE/P99,ai_edge_litert.Interpreter 2.1.6 num_threads=1,2026-09-18T19:02:06.890+02:00,14579703370437,14579726563235,0.45874,0.617462,23.192798,609.649781,632.842579,0,0,0,0,0,42.31542437484625,243187712,240959488,0.3903027020410956,0.4833547401595273,0,21.856818,NORMAL,scikit-learn IsolationForest.score_samples,0.5229189834764789,1.296361072562011,0,0.064278,NORMAL,NumPy RMS auf standardisiertem 128×3-Fenster
2026-09-18T19:02:08.133+02:00,676,0.2976414873627207,0.47720259914362284,0,0.138796,209.75286890559985,NORMAL,,PROFILE/P99,ai_edge_litert.Interpreter 2.1.6 num_threads=1,2026-09-18T19:02:07.512+02:00,14580320881133,14580336533628,0.367981,0.46887,15.652495,605.474436,621.126931,0,0,0,0,0,44.26629537633801,243187712,240959488,0.39177821779774497,0.4833547401595273,0,14.612422,NORMAL,scikit-learn IsolationForest.score_samples,0.5624069054911386,1.296361072562011,0,0.04687,NORMAL,NumPy RMS auf standardisiertem 128×3-Fenster
2026-09-18T19:02:08.753+02:00,677,0.26918936668530097,0.47720259914362284,0,0.143481,207.13211588643276,NORMAL,,PROFILE/P99,ai_edge_litert.Interpreter 2.1.6 num_threads=1,2026-09-18T19:02:08.122+02:00,14580939386608,14580956434656,0.348147,0.478907,17.048048,613.135242,630.18329,0,0,0,0,0,35.486364457161024,243187712,240959488,0.3848059529314279,0.4833547401595273,0,15.963216,NORMAL,scikit-learn IsolationForest.score_samples,0.5457931900203746,1.296361072562011,0,0.095593,NORMAL,NumPy RMS auf standardisiertem 128×3-Fenster
2026-09-18T19:02:09.369+02:00,678,0.2807327565058575,0.47720259914362284,0,0.172963,208.30031212998097,NORMAL,,PROFILE/P99,ai_edge_litert.Interpreter 2.1.6 num_threads=1,2026-09-18T19:02:08.742+02:00,14581555923550,14581572966246,0.912887,0.519592,17.042696,609.696638,626.739334,0,0,0,0,0,35.68600976543347,243187712,240959488,0.3912786489126181,0.4833547401595273,0,15.35644,NORMAL,scikit-learn IsolationForest.score_samples,0.5457444510897618,1.296361072562011,0,0.057445,NORMAL,NumPy RMS auf standardisiertem 128×3-Fenster
2026-09-18T19:02:09.987+02:00,679,0.2361259280758591,0.47720259914362284,0,0.143722,207.4305991767769,NORMAL,,PROFILE/P99,ai_edge_litert.Interpreter 2.1.6 num_threads=1,2026-09-18T19:02:09.359+02:00,14582175276340,14582191077760,0.356222,0.483462,15.80142,612.252968,628.054388,0,0,0,0,0,37.210209998899224,243187712,240959488,0.3880834486926966,0.4833547401595273,0,14.746644,NORMAL,scikit-learn IsolationForest.score_samples,0.5376792713562917,1.296361072562011,0,0.053371,NORMAL,NumPy RMS auf standardisiertem 128×3-Fenster
2026-09-18T19:02:10.604+02:00,680,0.27541184429033433,0.47720259914362284,0,0.143389,207.84377498262742,NORMAL,,PROFILE/P99,ai_edge_litert.Interpreter 2.1.6 num_threads=1,2026-09-18T19:02:09.978+02:00,14582792428544,14582808237835,0.444333,0.486017,15.809291,611.035861,626.845152,0,0,0,0,0,34.0269836572133,243187712,240959488,0.3919451903976253,0.4833547401595273,0,14.660644,NORMAL,scikit-learn IsolationForest.score_samples,0.5485048848252474,1.296361072562011,0,0.053426,NORMAL,NumPy RMS auf standardisiertem 128×3-Fenster
2026-09-18T19:02:11.223+02:00,681,0.23975477790828256,0.47720259914362284,0,0.157796,207.53130755618338,NORMAL,,PROFILE/P99,ai_edge_litert.Interpreter 2.1.6 num_threads=1,2026-09-18T19:02:10.595+02:00,14583410399507,14583427183111,0.367147,0.533981,16.783604,611.955861,628.739465,0,0,0,0,0,33.92844756673517,243187712,240959488,0.3833968146911048,0.4833547401595273,0,15.649328,NORMAL,scikit-learn IsolationForest.score_samples,0.5091277999467275,1.296361072562011,0,0.056777,NORMAL,NumPy RMS auf standardisiertem 128×3-Fenster
2026-09-18T19:02:11.841+02:00,682,0.27199126211641317,0.47720259914362284,0,0.135814,207.3725598668864,NORMAL,,PROFILE/P99,ai_edge_litert.Interpreter 2.1.6 num_threads=1,2026-09-18T19:02:11.213+02:00,14584028744341,14584044644576,0.374574,0.482888,15.900235,612.424325,628.32456,0,0,0,0,0,35.629966473107764,243187712,240959488,0.3832092529443205,0.4833547401595273,0,14.835459,NORMAL,scikit-learn IsolationForest.score_samples,0.5320784389232002,1.296361072562011,0,0.052463,NORMAL,NumPy RMS auf standardisiertem 128×3-Fenster
2026-09-18T19:02:12.459+02:00,683,0.3044502163152645,0.47720259914362284,0,0.140926,207.18277999443143,NORMAL,,PROFILE/P99,ai_edge_litert.Interpreter 2.1.6 num_threads=1,2026-09-18T19:02:11.830+02:00,14584646954196,14584662576765,0.354129,0.467148,15.622569,612.985307,628.607876,0,0,0,0,0,35.60247550427014,243187712,240959488,0.3827353132320976,0.4833547401595273,0,14.58694,NORMAL,scikit-learn IsolationForest.score_samples,0.5230695866916819,1.296361072562011,0,0.055167,NORMAL,NumPy RMS auf standardisiertem 128×3-Fenster
2026-09-18T19:02:13.085+02:00,684,0.2881280765624356,0.47720259914362284,0,0.202037,207.72463133089678,NORMAL,,PROFILE/P99,ai_edge_litert.Interpreter 2.1.6 num_threads=1,2026-09-18T19:02:12.449+02:00,14585264257369,14585288758868,0.472165,0.624925,24.501499,611.38633,635.887829,0,0,0,0,0,36.72876077805025,243187712,240959488,0.37871448538306834,0.4833547401595273,0,23.101151,NORMAL,scikit-learn IsolationForest.score_samples,0.5311635360646347,1.296361072562011,0,0.074537,NORMAL,NumPy RMS auf standardisiertem 128×3-Fenster
2026-09-18T19:02:13.694+02:00,685,0.287324344839801,0.47720259914362284,0,0.145018,208.90599174279492,NORMAL,,PROFILE/P99,ai_edge_litert.Interpreter 2.1.6 num_threads=1,2026-09-18T19:02:13.070+02:00,14585882105765,14585897622371,0.359795,0.469759,15.516606,607.928949,623.445555,0,0,0,0,0,41.06217182046242,243187712,240959488,0.38003485793708197,0.4833547401595273,0,14.469792,NORMAL,scikit-learn IsolationForest.score_samples,0.5509856166398708,1.296361072562011,0,0.052481,NORMAL,NumPy RMS auf standardisiertem 128×3-Fenster
2026-09-18T19:02:14.313+02:00,686,0.2796074880848553,0.47720259914362284,0,0.141463,207.25309153031372,NORMAL,,PROFILE/P99,ai_edge_litert.Interpreter 2.1.6 num_threads=1,2026-09-18T19:02:13.685+02:00,14586501191604,14586517050006,0.356407,0.472981,15.858402,612.777349,628.635751,0,0,0,0,0,37.13133436262361,243187712,240959488,0.383085274513166,0.4833547401595273,0,14.820885,NORMAL,scikit-learn IsolationForest.score_samples,0.5125179303951303,1.296361072562011,0,0.049167,NORMAL,NumPy RMS auf standardisiertem 128×3-Fenster
2026-09-18T19:02:14.932+02:00,687,0.28189139666849683,0.47720259914362284,0,0.135592,207.9062891770344,NORMAL,,PROFILE/P99,ai_edge_litert.Interpreter 2.1.6 num_threads=1,2026-09-18T19:02:14.303+02:00,14587117971857,14587136320032,2.981477,0.480888,18.348175,610.852132,629.200307,0,0,0,0,0,35.52539212923475,243187712,240959488,0.38834485391460555,0.4833547401595273,0,14.673015,NORMAL,scikit-learn IsolationForest.score_samples,0.5358155809670416,1.296361072562011,0,0.057148,NORMAL,NumPy RMS auf standardisiertem 128×3-Fenster
2026-09-18T19:02:15.547+02:00,688,0.24658033620279932,0.47720259914362284,0,0.141981,207.6216702100411,NORMAL,,PROFILE/P99,ai_edge_litert.Interpreter 2.1.6 num_threads=1,2026-09-18T19:02:14.920+02:00,14587735391091,14587751099901,0.354667,0.489184,15.70881,611.689521,627.398331,0,0,0,0,0,35.78522481034815,243187712,240959488,0.38850145355198307,0.4833547401595273,0,14.650811,NORMAL,scikit-learn IsolationForest.score_samples,0.5021497436829907,1.296361072562011,0,0.053611,NORMAL,NumPy RMS auf standardisiertem 128×3-Fenster
2026-09-18T19:02:16.165+02:00,689,0.2954454658143746,0.47720259914362284,0,0.139574,207.6561963175009,NORMAL,,PROFILE/P99,ai_edge_litert.Interpreter 2.1.6 num_threads=1,2026-09-18T19:02:15.538+02:00,14588353360826,14588368926859,0.358463,0.471425,15.566033,611.587818,627.153851,0,0,0,0,0,37.22729573428254,243187712,240959488,0.39305812113068933,0.4833547401595273,0,14.52083,NORMAL,scikit-learn IsolationForest.score_samples,0.522868702619694,1.296361072562011,0,0.056648,NORMAL,NumPy RMS auf standardisiertem 128×3-Fenster
2026-09-18T19:02:16.784+02:00,690,0.24682052111028016,0.47720259914362284,0,0.139537,207.08758802800108,NORMAL,,PROFILE/P99,ai_edge_litert.Interpreter 2.1.6 num_threads=1,2026-09-18T19:02:16.155+02:00,14588972115433,14588987750594,0.359555,0.477795,15.635161,613.267078,628.902239,0,0,0,0,0,38.78337195642694,243187712,240959488,0.38308786138372447,0.4833547401595273,0,14.587238,NORMAL,scikit-learn IsolationForest.score_samples,0.5289339208261167,1.296361072562011,0,0.053537,NORMAL,NumPy RMS auf standardisiertem 128×3-Fenster
2026-09-18T19:02:17.413+02:00,691,0.3026890260352643,0.47720259914362284,0,0.189388,207.4945193794563,NORMAL,,PROFILE/P99,ai_edge_litert.Interpreter 2.1.6 num_threads=1,2026-09-18T19:02:16.774+02:00,14589590217838,14589616561021,0.501832,0.55387,26.343183,612.064359,638.407542,0,0,0,0,0,38.155410813255315,243187712,240959488,0.39016654786630917,0.4833547401595273,0,24.799167,NORMAL,scikit-learn IsolationForest.score_samples,0.5380500642958879,1.296361072562011,0,0.268666,NORMAL,NumPy RMS auf standardisiertem 128×3-Fenster
2026-09-18T19:02:18.046+02:00,692,0.3195226527412194,0.47720259914362284,0,0.271333,210.261889809462,NORMAL,,PROFILE/P99,ai_edge_litert.Interpreter 2.1.6 num_threads=1,2026-09-18T19:02:17.401+02:00,14590208791391,14590249976626,2.912274,0.900665,41.185235,604.008649,645.193884,0,0,0,0,0,53.68610256585748,243187712,240959488,0.3999231427411548,0.4833547401595273,0,36.936241,NORMAL,scikit-learn IsolationForest.score_samples,0.5569246927842963,1.296361072562011,0,0.121037,NORMAL,NumPy RMS auf standardisiertem 128×3-Fenster
2026-09-18T19:02:18.939+02:00,693,nan,0.47720259914362284,-1,0.0,137.86241560837715,ERROR,"ValueError: Sensorfenster mit Lücke, Overrun oder Sättigung; Entscheidung ungültig",PROFILE/P99,ai_edge_litert.Interpreter 2.1.6 num_threads=1,2026-09-18T19:02:18.015+02:00,14591140186943,14591143283457,3.012514,0.0,3.096514,921.208289,924.304803,0,0,21,21,0,66.03296871004784,243187712,240959488,nan,0.4833547401595273,-1,0.0,ERROR,scikit-learn IsolationForest.score_samples,nan,1.296361072562011,-1,0.0,ERROR,NumPy RMS auf standardisiertem 128×3-Fenster
2026-09-18T19:02:19.546+02:00,694,nan,0.47720259914362284,-1,0.0,210.64478318373935,ERROR,"ValueError: Sensorfenster mit Lücke, Overrun oder Sättigung; Entscheidung ungültig",PROFILE/P99,ai_edge_litert.Interpreter 2.1.6 num_threads=1,2026-09-18T19:02:18.942+02:00,14591748851386,14591750002292,1.124443,0.0,1.150906,602.91073,604.061636,0,0,4,4,0,82.43957104442046,243187712,240959488,nan,0.4833547401595273,-1,0.0,ERROR,scikit-learn IsolationForest.score_samples,nan,1.296361072562011,-1,0.0,ERROR,NumPy RMS auf standardisiertem 128×3-Fenster
2026-09-18T19:02:20.104+02:00,695,0.2963196749123254,0.47720259914362284,0,0.332333,239.07988956165715,NORMAL,,PROFILE/P99,ai_edge_litert.Interpreter 2.1.6 num_threads=1,2026-09-18T19:02:19.548+02:00,14592283341497,14592307601757,0.795554,0.923221,24.26026,531.20319,555.46345,0,0,0,0,0,50.21418384875884,243187712,240959488,0.3943741378555978,0.4833547401595273,0,22.054393,NORMAL,scikit-learn IsolationForest.score_samples,0.5518628800475613,1.296361072562011,0,0.121703,NORMAL,NumPy RMS auf standardisiertem 128×3-Fenster
2026-09-18T19:02:20.718+02:00,696,0.261641339192406,0.47720259914362284,0,0.270536,208.19614621228465,NORMAL,,PROFILE/P99,ai_edge_litert.Interpreter 2.1.6 num_threads=1,2026-09-18T19:02:20.087+02:00,14592901133837,14592921939862,2.430904,0.919573,20.806025,610.001685,630.80771,0,0,0,0,0,50.463053290713184,243187712,240959488,0.38550239253121604,0.4833547401595273,0,17.065438,NORMAL,scikit-learn IsolationForest.score_samples,0.5221493944108465,1.296361072562011,0,0.086,NORMAL,NumPy RMS auf standardisiertem 128×3-Fenster
2026-09-18T19:02:21.331+02:00,697,0.2654533340157645,0.47720259914362284,0,0.138296,207.57223445930464,NORMAL,,PROFILE/P99,ai_edge_litert.Interpreter 2.1.6 num_threads=1,2026-09-18T19:02:20.703+02:00,14593518880160,14593534621470,0.357018,0.476814,15.74131,611.835202,627.576512,0,0,0,0,0,37.54266190997127,243187712,240959488,0.3818319006669241,0.4833547401595273,0,14.696719,NORMAL,scikit-learn IsolationForest.score_samples,0.5449903709965581,1.296361072562011,0,0.052926,NORMAL,NumPy RMS auf standardisiertem 128×3-Fenster
2026-09-18T19:02:21.950+02:00,698,0.27172351056810484,0.47720259914362284,0,0.141722,207.40651134353408,NORMAL,,PROFILE/P99,ai_edge_litert.Interpreter 2.1.6 num_threads=1,2026-09-18T19:02:21.321+02:00,14594137441984,14594153584497,0.427406,0.48037,16.142513,612.324074,628.466587,0,0,0,0,0,35.543393999149984,243187712,240959488,0.3932654673313798,0.4833547401595273,0,15.020126,NORMAL,scikit-learn IsolationForest.score_samples,0.5577880882035484,1.296361072562011,0,0.054666,NORMAL,NumPy RMS auf standardisiertem 128×3-Fenster
2026-09-18T19:02:22.571+02:00,699,0.2709909129263585,0.47720259914362284,0,0.218037,207.2344275676081,NORMAL,,PROFILE/P99,ai_edge_litert.Interpreter 2.1.6 num_threads=1,2026-09-18T19:02:21.939+02:00,14594755996568,14594774727578,0.67187,0.749721,18.73101,612.832537,631.563547,0,0,0,0,0,43.46807974924435,243187712,240959488,0.394211384651583,0.4833547401595273,0,16.994753,NORMAL,scikit-learn IsolationForest.score_samples,0.5476204459844651,1.296361072562011,0,0.066778,NORMAL,NumPy RMS auf standardisiertem 128×3-Fenster
2026-09-18T19:02:23.186+02:00,700,0.3044140707621672,0.47720259914362284,0,0.161129,207.69063982702662,NORMAL,,PROFILE/P99,ai_edge_litert.Interpreter 2.1.6 num_threads=1,2026-09-18T19:02:22.558+02:00,14595373620544,14595390003002,0.423796,0.524833,16.382458,611.486392,627.86885,0,0,0,0,0,34.131174180114485,243187712,240959488,0.38679882635172586,0.4833547401595273,0,15.198014,NORMAL,scikit-learn IsolationForest.score_samples,0.5482750672454938,1.296361072562011,0,0.053871,NORMAL,NumPy RMS auf standardisiertem 128×3-Fenster
2026-09-18T19:02:23.802+02:00,701,0.2585042352893713,0.47720259914362284,0,0.139889,209.2066120431717,NORMAL,,PROFILE/P99,ai_edge_litert.Interpreter 2.1.6 num_threads=1,2026-09-18T19:02:23.179+02:00,14595989937895,14596005571649,0.356573,0.474,15.633754,607.055383,622.689137,0,0,0,0,0,42.237239243055576,243187712,240959488,0.3873192729146362,0.4833547401595273,0,14.59096,NORMAL,scikit-learn IsolationForest.score_samples,0.5471350336886699,1.296361072562011,0,0.053814,NORMAL,NumPy RMS auf standardisiertem 128×3-Fenster
2026-09-18T19:02:24.420+02:00,702,0.2879919719492519,0.47720259914362284,0,0.141018,207.4948838133542,NORMAL,,PROFILE/P99,ai_edge_litert.Interpreter 2.1.6 num_threads=1,2026-09-18T19:02:23.792+02:00,14596608157522,14596624195294,0.357092,0.470981,16.037772,612.063284,628.101056,0,0,0,0,0,37.17945085796753,243187712,240959488,0.3848527183783447,0.4833547401595273,0,14.9962,NORMAL,scikit-learn IsolationForest.score_samples,0.5459657744234003,1.296361072562011,0,0.054278,NORMAL,NumPy RMS auf standardisiertem 128×3-Fenster
2026-09-18T19:02:25.039+02:00,703,0.29530214392685156,0.47720259914362284,0,0.144222,207.78987554793534,NORMAL,,PROFILE/P99,ai_edge_litert.Interpreter 2.1.6 num_threads=1,2026-09-18T19:02:24.412+02:00,14597226518649,14597242802885,0.358259,0.454944,16.284236,611.19436,627.478596,0,0,0,0,0,38.79678264169531,243187712,240959488,0.38941628367973224,0.4833547401595273,0,15.255719,NORMAL,scikit-learn IsolationForest.score_samples,0.550560789143728,1.296361072562011,0,0.053499,NORMAL,NumPy RMS auf standardisiertem 128×3-Fenster
2026-09-18T19:02:25.658+02:00,704,0.2556520633252255,0.47720259914362284,0,0.158834,207.21498258305044,NORMAL,,PROFILE/P99,ai_edge_litert.Interpreter 2.1.6 num_threads=1,2026-09-18T19:02:25.028+02:00,14597844966057,14597861450718,0.355926,0.512573,16.484661,612.890045,629.374706,0,0,0,0,0,33.94509534391812,243187712,240959488,0.38867396721042263,0.4833547401595273,0,15.380792,NORMAL,scikit-learn IsolationForest.score_samples,0.5373386365133566,1.296361072562011,0,0.056315,NORMAL,NumPy RMS auf standardisiertem 128×3-Fenster
2026-09-18T19:02:26.274+02:00,705,0.2660014088585226,0.47720259914362284,0,0.157111,207.90806311997122,NORMAL,,PROFILE/P99,ai_edge_litert.Interpreter 2.1.6 num_threads=1,2026-09-18T19:02:25.647+02:00,14598461687635,14598478148611,0.370815,0.509184,16.460976,610.84692,627.307896,0,0,0,0,0,35.673809260537574,243187712,240959488,0.3792558739194528,0.4833547401595273,0,15.351162,NORMAL,scikit-learn IsolationForest.score_samples,0.5098620277497762,1.296361072562011,0,0.054611,NORMAL,NumPy RMS auf standardisiertem 128×3-Fenster
2026-09-18T19:02:26.893+02:00,706,0.2514386029667007,0.47720259914362284,0,0.145389,207.06391333878923,NORMAL,,PROFILE/P99,ai_edge_litert.Interpreter 2.1.6 num_threads=1,2026-09-18T19:02:26.264+02:00,14599081172896,14599096782707,0.372148,0.473795,15.609811,613.337196,628.947007,0,0,0,0,0,37.17870376367685,243187712,240959488,0.3921396682385922,0.4833547401595273,0,14.548368,NORMAL,scikit-learn IsolationForest.score_samples,0.5425446884576903,1.296361072562011,0,0.052148,NORMAL,NumPy RMS auf standardisiertem 128×3-Fenster
2026-09-18T19:02:27.519+02:00,707,0.25948179798986715,0.47720259914362284,0,0.17287,207.74811514020186,NORMAL,,PROFILE/P99,ai_edge_litert.Interpreter 2.1.6 num_threads=1,2026-09-18T19:02:26.883+02:00,14599698252477,14599723134478,2.829848,0.602258,24.882001,611.317219,636.19922,0,0,0,0,0,47.89451053967905,243187712,240959488,0.39364294947626594,0.4833547401595273,0,21.178821,NORMAL,scikit-learn IsolationForest.score_samples,0.5418042673063148,1.296361072562011,0,0.073074,NORMAL,NumPy RMS auf standardisiertem 128×3-Fenster
2026-09-18T19:02:28.129+02:00,708,0.2944269739415419,0.47720259914362284,0,0.129703,214.76055446156192,NORMAL,,PROFILE/P99,ai_edge_litert.Interpreter 2.1.6 num_threads=1,2026-09-18T19:02:27.521+02:00,14600315646670,14600332681997,0.872999,0.576647,17.035327,591.356268,608.391595,0,0,0,0,0,47.57799593353719,243187712,240959488,0.3887473524052179,0.4833547401595273,0,15.381737,NORMAL,scikit-learn IsolationForest.score_samples,0.5514285678120909,1.296361072562011,0,0.055055,NORMAL,NumPy RMS auf standardisiertem 128×3-Fenster
2026-09-18T19:02:28.755+02:00,709,0.28697651433562893,0.47720259914362284,0,0.171926,207.10897884317853,NORMAL,,PROFILE/P99,ai_edge_litert.Interpreter 2.1.6 num_threads=1,2026-09-18T19:02:28.118+02:00,14600935116436,14600959264030,0.470166,0.62498,24.147594,613.203738,637.351332,0,0,0,0,0,36.70562595958145,243187712,240959488,0.3872112871202573,0.4833547401595273,0,22.785282,NORMAL,scikit-learn IsolationForest.score_samples,0.5595616899568797,1.296361072562011,0,0.070889,NORMAL,NumPy RMS auf standardisiertem 128×3-Fenster
2026-09-18T19:02:29.365+02:00,710,0.31562301975833545,0.47720259914362284,0,0.139944,209.32504645252428,NORMAL,,PROFILE/P99,ai_edge_litert.Interpreter 2.1.6 num_threads=1,2026-09-18T19:02:28.742+02:00,14601552249651,14601568836886,0.358814,0.467074,16.587235,606.711916,623.299151,0,0,0,0,0,41.01394840740665,243187712,240959488,0.3894412103920893,0.4833547401595273,0,15.544811,NORMAL,scikit-learn IsolationForest.score_samples,0.5745343072851408,1.296361072562011,0,0.058129,NORMAL,NumPy RMS auf standardisiertem 128×3-Fenster
2026-09-18T19:02:29.982+02:00,711,0.26803888768880374,0.47720259914362284,0,0.143074,207.99384718169608,NORMAL,,PROFILE/P99,ai_edge_litert.Interpreter 2.1.6 num_threads=1,2026-09-18T19:02:29.355+02:00,14602169736589,14602185582973,0.543518,0.483906,15.846384,610.594985,626.441369,0,0,0,0,0,37.29243394056607,243187712,240959488,0.3864414721419517,0.4833547401595273,0,14.601387,NORMAL,scikit-learn IsolationForest.score_samples,0.5348916995113254,1.296361072562011,0,0.05637,NORMAL,NumPy RMS auf standardisiertem 128×3-Fenster
2026-09-18T19:02:30.601+02:00,712,0.32016681340504977,0.47720259914362284,0,0.158074,207.13345435581107,NORMAL,,PROFILE/P99,ai_edge_litert.Interpreter 2.1.6 num_threads=1,2026-09-18T19:02:29.972+02:00,14602788696435,14602805163152,0.366018,0.501962,16.466717,613.13128,629.597997,0,0,0,0,0,35.50814158438719,243187712,240959488,0.38794377785066886,0.4833547401595273,0,15.352589,NORMAL,scikit-learn IsolationForest.score_samples,0.5665493744128658,1.296361072562011,0,0.06813,NORMAL,NumPy RMS auf standardisiertem 128×3-Fenster
2026-09-18T19:02:31.219+02:00,713,0.26004289803177727,0.47720259914362284,0,0.144166,207.84102966920554,NORMAL,,PROFILE/P99,ai_edge_litert.Interpreter 2.1.6 num_threads=1,2026-09-18T19:02:30.591+02:00,14603406330876,14603423249351,0.36061,0.496222,16.918475,611.043932,627.962407,0,0,0,0,0,35.5934688844905,243187712,240959488,0.3902534331713478,0.4833547401595273,0,15.827199,NORMAL,scikit-learn IsolationForest.score_samples,0.5437387355962391,1.296361072562011,0,0.07324,NORMAL,NumPy RMS auf standardisiertem 128×3-Fenster
2026-09-18T19:02:31.836+02:00,714,0.2597353091653301,0.47720259914362284,0,0.139963,207.48237276730404,NORMAL,,PROFILE/P99,ai_edge_litert.Interpreter 2.1.6 num_threads=1,2026-09-18T19:02:31.208+02:00,14604024287670,14604039988833,0.356074,0.465721,15.701163,612.100191,627.801354,0,0,0,0,0,35.67081677052265,243187712,240959488,0.38177420583215677,0.4833547401595273,0,14.666405,NORMAL,scikit-learn IsolationForest.score_samples,0.5234061591261346,1.296361072562011,0,0.053685,NORMAL,NumPy RMS auf standardisiertem 128×3-Fenster
2026-09-18T19:02:32.454+02:00,715,0.30797782683612834,0.47720259914362284,0,0.14061,207.26208246427214,NORMAL,,PROFILE/P99,ai_edge_litert.Interpreter 2.1.6 num_threads=1,2026-09-18T19:02:31.826+02:00,14604642188763,14604658177480,0.370018,0.47261,15.988717,612.750767,628.739484,0,0,0,0,0,37.206346223098045,243187712,240959488,0.3855954045954486,0.4833547401595273,0,14.931312,NORMAL,scikit-learn IsolationForest.score_samples,0.5333174984121352,1.296361072562011,0,0.055796,NORMAL,NumPy RMS auf standardisiertem 128×3-Fenster
2026-09-18T19:02:33.073+02:00,716,0.28587398950192294,0.47720259914362284,0,0.1625,207.32495285279566,NORMAL,,PROFILE/P99,ai_edge_litert.Interpreter 2.1.6 num_threads=1,2026-09-18T19:02:32.444+02:00,14605259947264,14605276342592,0.367443,0.507833,16.395328,612.564953,628.960281,0,0,0,0,0,35.58914595754656,243187712,240959488,0.38424733003462513,0.4833547401595273,0,15.284107,NORMAL,scikit-learn IsolationForest.score_samples,0.5204857195037432,1.296361072562011,0,0.055185,NORMAL,NumPy RMS auf standardisiertem 128×3-Fenster
2026-09-18T19:02:33.690+02:00,717,0.25689208673721237,0.47720259914362284,0,0.137018,207.28039246306295,NORMAL,,PROFILE/P99,ai_edge_litert.Interpreter 2.1.6 num_threads=1,2026-09-18T19:02:33.061+02:00,14605877907822,14605893508004,0.378611,0.468203,15.600182,612.69664,628.296822,0,0,0,0,0,35.64700684984637,243187712,240959488,0.38880905800778576,0.4833547401595273,0,14.544572,NORMAL,scikit-learn IsolationForest.score_samples,0.5205603881827412,1.296361072562011,0,0.053018,NORMAL,NumPy RMS auf standardisiertem 128×3-Fenster
2026-09-18T19:02:34.308+02:00,718,0.2824756480578963,0.47720259914362284,0,0.14163,207.19816541849895,NORMAL,,PROFILE/P99,ai_edge_litert.Interpreter 2.1.6 num_threads=1,2026-09-18T19:02:33.679+02:00,14606495885623,14606511936544,0.377203,0.477277,16.050921,612.93979,628.990711,0,0,0,0,0,42.041345470592034,243187712,240959488,0.3878668638382671,0.4833547401595273,0,14.981201,NORMAL,scikit-learn IsolationForest.score_samples,0.524641774164353,1.296361072562011,0,0.055815,NORMAL,NumPy RMS auf standardisiertem 128×3-Fenster
2026-09-18T19:02:34.925+02:00,719,0.2834452856985881,0.47720259914362284,0,0.13913,207.54893556526446,NORMAL,,PROFILE/P99,ai_edge_litert.Interpreter 2.1.6 num_threads=1,2026-09-18T19:02:34.298+02:00,14607113403370,14607129006588,0.362462,0.472148,15.603218,611.903885,627.507103,0,0,0,0,0,37.27339380942317,243187712,240959488,0.3825304992543556,0.4833547401595273,0,14.558405,NORMAL,scikit-learn IsolationForest.score_samples,0.5318485266397907,1.296361072562011,0,0.052981,NORMAL,NumPy RMS auf standardisiertem 128×3-Fenster
2026-09-18T19:02:35.544+02:00,720,0.277783997312383,0.47720259914362284,0,0.151555,207.37373078438884,NORMAL,,PROFILE/P99,ai_edge_litert.Interpreter 2.1.6 num_threads=1,2026-09-18T19:02:34.915+02:00,14607731411655,14607747621669,0.39687,0.502425,16.210014,612.420867,628.630881,0,0,0,0,0,33.94700031681979,243187712,240959488,0.38181817162108617,0.4833547401595273,0,15.085386,NORMAL,scikit-learn IsolationForest.score_samples,0.5380207003073675,1.296361072562011,0,0.052685,NORMAL,NumPy RMS auf standardisiertem 128×3-Fenster
2026-09-18T19:02:36.161+02:00,721,0.31600291767034605,0.47720259914362284,0,0.137315,207.4970521367615,NORMAL,,PROFILE/P99,ai_edge_litert.Interpreter 2.1.6 num_threads=1,2026-09-18T19:02:35.534+02:00,14608349613108,14608365265382,0.381684,0.47737,15.652274,612.056888,627.709162,0,0,0,0,0,37.238213215954474,243187712,240959488,0.38517277282935997,0.4833547401595273,0,14.58609,NORMAL,scikit-learn IsolationForest.score_samples,0.5337108342797335,1.296361072562011,0,0.051148,NORMAL,NumPy RMS auf standardisiertem 128×3-Fenster
2026-09-18T19:02:36.778+02:00,722,0.27291095275231986,0.47720259914362284,0,0.124259,208.14915684054046,NORMAL,,PROFILE/P99,ai_edge_litert.Interpreter 2.1.6 num_threads=1,2026-09-18T19:02:36.152+02:00,14608966436842,14608982161672,0.370203,0.475722,15.72483,610.139392,625.864222,0,0,0,0,0,40.525331164607756,243187712,240959488,0.3879342846097868,0.4833547401595273,0,14.684071,NORMAL,scikit-learn IsolationForest.score_samples,0.5396503803370394,1.296361072562011,0,0.053259,NORMAL,NumPy RMS auf standardisiertem 128×3-Fenster
2026-09-18T19:02:37.398+02:00,723,0.2424286562705582,0.47720259914362284,0,0.138278,207.02187522400033,NORMAL,,PROFILE/P99,ai_edge_litert.Interpreter 2.1.6 num_threads=1,2026-09-18T19:02:36.769+02:00,14609585911778,14609601498293,0.371963,0.470017,15.586515,613.461741,629.048256,0,0,0,0,0,37.136547855663444,243187712,240959488,0.3813512629706237,0.4833547401595273,0,14.53285,NORMAL,scikit-learn IsolationForest.score_samples,0.5224071604742228,1.296361072562011,0,0.053722,NORMAL,NumPy RMS auf standardisiertem 128×3-Fenster
2026-09-18T19:02:38.022+02:00,724,0.28865473375150447,0.47720259914362284,0,0.334815,207.83584639138002,NORMAL,,PROFILE/P99,ai_edge_litert.Interpreter 2.1.6 num_threads=1,2026-09-18T19:02:37.388+02:00,14610202857978,14610225411039,0.936536,1.310683,22.553061,611.059171,633.612232,0,0,0,0,0,64.10613082792196,243187712,240959488,0.39080247660262085,0.4833547401595273,0,19.829787,NORMAL,scikit-learn IsolationForest.score_samples,0.5408183394895211,1.296361072562011,0,0.102,NORMAL,NumPy RMS auf standardisiertem 128×3-Fenster
2026-09-18T19:02:38.635+02:00,725,0.31518338336091273,0.47720259914362284,0,0.145982,208.448729674706,NORMAL,,PROFILE/P99,ai_edge_litert.Interpreter 2.1.6 num_threads=1,2026-09-18T19:02:38.008+02:00,14610821172067,14610838808172,0.474999,0.575222,17.636105,609.262528,626.898633,0,0,0,0,0,40.75997215906044,243187712,240959488,0.3858417506159404,0.4833547401595273,0,16.361754,NORMAL,scikit-learn IsolationForest.score_samples,0.5479164964250943,1.296361072562011,0,0.058797,NORMAL,NumPy RMS auf standardisiertem 128×3-Fenster
2026-09-18T19:02:39.259+02:00,726,0.2804912323563185,0.47720259914362284,0,0.298129,208.07154069717956,NORMAL,,PROFILE/P99,ai_edge_litert.Interpreter 2.1.6 num_threads=1,2026-09-18T19:02:38.624+02:00,14611437937011,14611463051309,0.801925,0.973721,25.114298,610.36699,635.481288,0,0,0,0,0,46.45065745195085,243187712,240959488,0.39224834146708226,0.4833547401595273,0,22.895153,NORMAL,scikit-learn IsolationForest.score_samples,0.5579561223780081,1.296361072562011,0,0.108222,NORMAL,NumPy RMS auf standardisiertem 128×3-Fenster
2026-09-18T19:02:39.874+02:00,727,0.31292897502828454,0.47720259914362284,0,0.217667,207.64221176376907,NORMAL,,PROFILE/P99,ai_edge_litert.Interpreter 2.1.6 num_threads=1,2026-09-18T19:02:39.241+02:00,14612056037603,14612078212387,0.789721,0.79211,22.174784,611.629008,633.803792,0,0,0,0,0,43.89212858502807,243187712,240959488,0.3862937188035956,0.4833547401595273,0,20.245323,NORMAL,scikit-learn IsolationForest.score_samples,0.5442908546660226,1.296361072562011,0,0.103334,NORMAL,NumPy RMS auf standardisiertem 128×3-Fenster
2026-09-18T19:02:40.487+02:00,728,0.30097591163126225,0.47720259914362284,0,0.137944,207.2931620219334,NORMAL,,PROFILE/P99,ai_edge_litert.Interpreter 2.1.6 num_threads=1,2026-09-18T19:02:39.858+02:00,14612674805770,14612690513878,0.363704,0.471443,15.708108,612.658897,628.367005,0,0,0,0,0,50.63386932143307,243187712,240959488,0.3910943117440678,0.4833547401595273,0,14.661795,NORMAL,scikit-learn IsolationForest.score_samples,0.5603727645147409,1.296361072562011,0,0.053926,NORMAL,NumPy RMS auf standardisiertem 128×3-Fenster
2026-09-18T19:02:41.105+02:00,729,0.26087447005035186,0.47720259914362284,0,0.137666,207.47910720106478,NORMAL,,PROFILE/P99,ai_edge_litert.Interpreter 2.1.6 num_threads=1,2026-09-18T19:02:40.477+02:00,14613292502847,14613308445158,0.375296,0.476259,15.942311,612.109825,628.052136,0,0,0,0,0,38.83903741109947,243187712,240959488,0.3896823349968288,0.4833547401595273,0,14.877164,NORMAL,scikit-learn IsolationForest.score_samples,0.5336970441311792,1.296361072562011,0,0.056148,NORMAL,NumPy RMS auf standardisiertem 128×3-Fenster
2026-09-18T19:02:41.726+02:00,730,0.2931789318368702,0.47720259914362284,0,0.159277,207.42444202931256,NORMAL,,PROFILE/P99,ai_edge_litert.Interpreter 2.1.6 num_threads=1,2026-09-18T19:02:41.094+02:00,14613910044112,14613930141769,0.571851,0.499536,20.097657,612.271142,632.368799,0,0,0,0,0,41.81718178212771,243187712,240959488,0.38763469536876194,0.4833547401595273,0,18.747844,NORMAL,scikit-learn IsolationForest.score_samples,0.5480535745671088,1.296361072562011,0,0.098518,NORMAL,NumPy RMS auf standardisiertem 128×3-Fenster
2026-09-18T19:02:42.343+02:00,731,0.2891928643364306,0.47720259914362284,0,0.236221,207.6991334330963,NORMAL,,PROFILE/P99,ai_edge_litert.Interpreter 2.1.6 num_threads=1,2026-09-18T19:02:41.712+02:00,14614527518989,14614546480036,0.777036,0.946461,18.961047,611.461386,630.422433,0,0,0,0,0,42.18609999194594,243187712,240959488,0.38411492367689687,0.4833547401595273,0,16.877699,NORMAL,scikit-learn IsolationForest.score_samples,0.5492617743602505,1.296361072562011,0,0.092815,NORMAL,NumPy RMS auf standardisiertem 128×3-Fenster
2026-09-18T19:02:42.959+02:00,732,0.276826716184539,0.47720259914362284,0,0.124889,207.33360070878575,NORMAL,,PROFILE/P99,ai_edge_litert.Interpreter 2.1.6 num_threads=1,2026-09-18T19:02:42.330+02:00,14615146548568,14615162416380,0.394629,0.474278,15.867812,612.539403,628.407215,0,0,0,0,0,38.96722475493534,243187712,240959488,0.37993468823126214,0.4833547401595273,0,14.796942,NORMAL,scikit-learn IsolationForest.score_samples,0.5286061597161784,1.296361072562011,0,0.05687,NORMAL,NumPy RMS auf standardisiertem 128×3-Fenster
2026-09-18T19:02:43.576+02:00,733,0.2920263434783948,0.47720259914362284,0,0.141944,207.5669566996484,NORMAL,,PROFILE/P99,ai_edge_litert.Interpreter 2.1.6 num_threads=1,2026-09-18T19:02:42.948+02:00,14615764154560,14615779954464,0.41737,0.480666,15.799904,611.850759,627.650663,0,0,0,0,0,43.72094308153969,243187712,240959488,0.39133852442890654,0.4833547401595273,0,14.682776,NORMAL,scikit-learn IsolationForest.score_samples,0.5538759308823331,1.296361072562011,0,0.057333,NORMAL,NumPy RMS auf standardisiertem 128×3-Fenster
2026-09-18T19:02:44.195+02:00,734,0.30773828750034465,0.47720259914362284,0,0.176055,207.5870554851546,NORMAL,,PROFILE/P99,ai_edge_litert.Interpreter 2.1.6 num_threads=1,2026-09-18T19:02:43.566+02:00,14616381862219,14616399302435,0.568702,0.51574,17.440216,611.791519,629.231735,0,0,0,0,0,37.13647356287694,243187712,240959488,0.3850738352318467,0.4833547401595273,0,16.098682,NORMAL,scikit-learn IsolationForest.score_samples,0.5464678100708475,1.296361072562011,0,0.06163,NORMAL,NumPy RMS auf standardisiertem 128×3-Fenster
2026-09-18T19:02:44.819+02:00,735,0.3235144414385829,0.47720259914362284,0,0.169389,207.56708154167052,NORMAL,,PROFILE/P99,ai_edge_litert.Interpreter 2.1.6 num_threads=1,2026-09-18T19:02:44.185+02:00,14617000369322,14617023292235,0.55537,0.61324,22.922913,611.850391,634.773304,0,0,0,0,0,36.85743733305305,243187712,240959488,0.3881191937232595,0.4833547401595273,0,21.483599,NORMAL,scikit-learn IsolationForest.score_samples,0.5604003242766059,1.296361072562011,0,0.076944,NORMAL,NumPy RMS auf standardisiertem 128×3-Fenster
2026-09-18T19:02:45.431+02:00,736,0.28402199467523453,0.47720259914362284,0,0.142815,207.67972103073157,NORMAL,,PROFILE/P99,ai_edge_litert.Interpreter 2.1.6 num_threads=1,2026-09-18T19:02:44.803+02:00,14617618546743,14617634732239,0.476703,0.489574,16.185496,611.518541,627.704037,0,0,0,0,0,42.525369388164854,243187712,240959488,0.38606521794186943,0.4833547401595273,0,14.997239,NORMAL,scikit-learn IsolationForest.score_samples,0.5499296896724428,1.296361072562011,0,0.059593,NORMAL,NumPy RMS auf standardisiertem 128×3-Fenster
2026-09-18T19:02:46.049+02:00,737,0.299896661083197,0.47720259914362284,0,0.140574,207.71945657495633,NORMAL,,PROFILE/P99,ai_edge_litert.Interpreter 2.1.6 num_threads=1,2026-09-18T19:02:45.421+02:00,14618236180592,14618252783661,0.36561,0.479055,16.603069,611.401561,628.00463,0,0,0,0,0,43.6857338462149,243187712,240959488,0.3818582378238174,0.4833547401595273,0,15.539442,NORMAL,scikit-learn IsolationForest.score_samples,0.5314548740671708,1.296361072562011,0,0.05974,NORMAL,NumPy RMS auf standardisiertem 128×3-Fenster
2026-09-18T19:02:46.673+02:00,738,0.26391050645638653,0.47720259914362284,0,0.193685,207.30338915642523,NORMAL,,PROFILE/P99,ai_edge_litert.Interpreter 2.1.6 num_threads=1,2026-09-18T19:02:46.037+02:00,14618853865979,14618877178892,0.551259,0.555777,23.312913,612.628672,635.941585,0,0,0,0,0,40.03445166339682,243187712,240959488,0.3849314887822748,0.4833547401595273,0,21.881044,NORMAL,scikit-learn IsolationForest.score_samples,0.5360062438863866,1.296361072562011,0,0.10513,NORMAL,NumPy RMS auf standardisiertem 128×3-Fenster
2026-09-18T19:02:47.284+02:00,739,0.26333955602672293,0.47720259914362284,0,0.156148,209.2914362947487,NORMAL,,PROFILE/P99,ai_edge_litert.Interpreter 2.1.6 num_threads=1,2026-09-18T19:02:46.661+02:00,14619471743090,14619488132438,0.630277,0.496759,16.389348,606.809348,623.198696,0,0,0,0,0,44.197846579009564,243187712,240959488,0.3868997327980264,0.4833547401595273,0,15.023016,NORMAL,scikit-learn IsolationForest.score_samples,0.5133238063864003,1.296361072562011,0,0.061037,NORMAL,NumPy RMS auf standardisiertem 128×3-Fenster
2026-09-18T19:02:47.914+02:00,740,0.28840278254170865,0.47720259914362284,0,0.165722,208.0418798329429,NORMAL,,PROFILE/P99,ai_edge_litert.Interpreter 2.1.6 num_threads=1,2026-09-18T19:02:47.276+02:00,14620090118646,14620117821701,0.622129,0.577629,27.703055,610.454011,638.157066,0,0,0,0,0,41.28955618097542,243187712,240959488,0.38258726719645103,0.4833547401595273,0,26.235224,NORMAL,scikit-learn IsolationForest.score_samples,0.5388553283545356,1.296361072562011,0,0.07837,NORMAL,NumPy RMS auf standardisiertem 128×3-Fenster
2026-09-18T19:02:48.519+02:00,741,0.28651670896748865,0.47720259914362284,0,0.138315,216.0367270737279,NORMAL,,PROFILE/P99,ai_edge_litert.Interpreter 2.1.6 num_threads=1,2026-09-18T19:02:47.916+02:00,14620707723501,14620723303591,0.335519,0.472258,15.58009,587.863007,603.443097,0,0,0,0,0,39.63880473684816,243187712,240959488,0.3881850422105674,0.4833547401595273,0,14.563757,NORMAL,scikit-learn IsolationForest.score_samples,0.557019347649801,1.296361072562011,0,0.052389,NORMAL,NumPy RMS auf standardisiertem 128×3-Fenster
2026-09-18T19:02:49.145+02:00,742,0.2785457719258038,0.47720259914362284,0,0.28174,207.4672691141523,NORMAL,,PROFILE/P99,ai_edge_litert.Interpreter 2.1.6 num_threads=1,2026-09-18T19:02:48.510+02:00,14621326232819,14621348730048,0.739277,0.865869,22.497229,612.144752,634.641981,0,0,0,0,0,39.968675621647776,243187712,240959488,0.3787591288626934,0.4833547401595273,0,20.451453,NORMAL,scikit-learn IsolationForest.score_samples,0.5254792452405114,1.296361072562011,0,0.117296,NORMAL,NumPy RMS auf standardisiertem 128×3-Fenster
2026-09-18T19:02:49.757+02:00,743,0.25674737705253126,0.47720259914362284,0,0.222296,208.38851629432386,NORMAL,,PROFILE/P99,ai_edge_litert.Interpreter 2.1.6 num_threads=1,2026-09-18T19:02:49.130+02:00,14621942913938,14621960856784,0.664092,0.799906,17.942846,609.438573,627.381419,0,0,0,0,0,39.210595368100165,243187712,240959488,0.38162335698768796,0.4833547401595273,0,16.165329,NORMAL,scikit-learn IsolationForest.score_samples,0.5316419620699661,1.296361072562011,0,0.066592,NORMAL,NumPy RMS auf standardisiertem 128×3-Fenster
2026-09-18T19:02:50.383+02:00,744,0.28205837385019333,0.47720259914362284,0,0.285592,207.15243329420065,NORMAL,,PROFILE/P99,ai_edge_litert.Interpreter 2.1.6 num_threads=1,2026-09-18T19:02:49.745+02:00,14622561723907,14622587161150,1.167499,1.080461,25.437243,613.075106,638.512349,0,0,0,0,0,41.50867752241876,243187712,240959488,0.3886105162212274,0.4833547401595273,0,22.721635,NORMAL,scikit-learn IsolationForest.score_samples,0.5534819980666122,1.296361072562011,0,0.11337,NORMAL,NumPy RMS auf standardisiertem 128×3-Fenster
2026-09-18T19:02:50.990+02:00,745,0.26553799982008497,0.47720259914362284,0,0.140037,207.77094890837765,NORMAL,,PROFILE/P99,ai_edge_litert.Interpreter 2.1.6 num_threads=1,2026-09-18T19:02:50.363+02:00,14623177942862,14623193892933,0.410629,0.491574,15.950071,611.250036,627.200107,0,0,0,0,0,49.4521430322961,243187712,240959488,0.38737272018539803,0.4833547401595273,0,14.831757,NORMAL,scikit-learn IsolationForest.score_samples,0.5229263214476402,1.296361072562011,0,0.057092,NORMAL,NumPy RMS auf standardisiertem 128×3-Fenster
2026-09-18T19:02:51.609+02:00,746,0.32212610635142624,0.47720259914362284,0,0.154481,207.36819934826852,NORMAL,,PROFILE/P99,ai_edge_litert.Interpreter 2.1.6 num_threads=1,2026-09-18T19:02:50.980+02:00,14623796554631,14623813176405,0.429926,0.48161,16.621774,612.437203,629.058977,0,0,0,0,0,38.75448992360448,243187712,240959488,0.3815357490025243,0.4833547401595273,0,15.477164,NORMAL,scikit-learn IsolationForest.score_samples,0.5576663229802915,1.296361072562011,0,0.058926,NORMAL,NumPy RMS auf standardisiertem 128×3-Fenster
2026-09-18T19:02:52.227+02:00,747,0.262176937521345,0.47720259914362284,0,0.143444,207.54341885947048,NORMAL,,PROFILE/P99,ai_edge_litert.Interpreter 2.1.6 num_threads=1,2026-09-18T19:02:51.599+02:00,14624414690606,14624430593121,0.373999,0.473722,15.902515,611.92015,627.822665,0,0,0,0,0,40.49143325254609,243187712,240959488,0.3869913387857614,0.4833547401595273,0,14.83672,NORMAL,scikit-learn IsolationForest.score_samples,0.5112366262459641,1.296361072562011,0,0.054685,NORMAL,NumPy RMS auf standardisiertem 128×3-Fenster
2026-09-18T19:02:52.844+02:00,748,0.2717781671157378,0.47720259914362284,0,0.147741,208.05928280654607,NORMAL,,PROFILE/P99,ai_edge_litert.Interpreter 2.1.6 num_threads=1,2026-09-18T19:02:52.218+02:00,14625032440064,14625048247431,0.441907,0.489203,15.807367,610.40295,626.210317,0,0,0,0,0,42.094804490761504,243187712,240959488,0.3891803943988057,0.4833547401595273,0,14.655628,NORMAL,scikit-learn IsolationForest.score_samples,0.5222492379604419,1.296361072562011,0,0.052723,NORMAL,NumPy RMS auf standardisiertem 128×3-Fenster
2026-09-18T19:02:53.462+02:00,749,0.32185769128825353,0.47720259914362284,0,0.142518,207.9270641106707,NORMAL,,PROFILE/P99,ai_edge_litert.Interpreter 2.1.6 num_threads=1,2026-09-18T19:02:52.835+02:00,14625649982283,14625665889521,0.359333,0.480407,15.907238,610.791099,626.698337,0,0,0,0,0,43.71437530367133,243187712,240959488,0.3891914569543777,0.4833547401595273,0,14.851888,NORMAL,scikit-learn IsolationForest.score_samples,0.5507812428468564,1.296361072562011,0,0.054223,NORMAL,NumPy RMS auf standardisiertem 128×3-Fenster
2026-09-18T19:02:54.084+02:00,750,0.27787666703275465,0.47720259914362284,0,0.170629,207.92534294849975,NORMAL,,PROFILE/P99,ai_edge_litert.Interpreter 2.1.6 num_threads=1,2026-09-18T19:02:53.453+02:00,14626267350448,14626287674791,0.348629,0.481481,20.324343,610.796155,631.120498,0,0,0,0,0,40.20260013508041,243187712,240959488,0.3828593774169219,0.4833547401595273,0,19.20353,NORMAL,scikit-learn IsolationForest.score_samples,0.5308921530878743,1.296361072562011,0,0.099388,NORMAL,NumPy RMS auf standardisiertem 128×3-Fenster
2026-09-18T19:02:54.699+02:00,751,0.3006566424584906,0.47720259914362284,0,0.159167,207.35514902379447,NORMAL,,PROFILE/P99,ai_edge_litert.Interpreter 2.1.6 num_threads=1,2026-09-18T19:02:54.070+02:00,14626886109391,14626902534498,0.39211,0.513814,16.425107,612.475748,628.900855,0,0,0,0,0,39.03748716216253,243187712,240959488,0.3847195113466124,0.4833547401595273,0,15.28648,NORMAL,scikit-learn IsolationForest.score_samples,0.5400799470132928,1.296361072562011,0,0.055129,NORMAL,NumPy RMS auf standardisiertem 128×3-Fenster
2026-09-18T19:02:55.317+02:00,752,0.23812053408108516,0.47720259914362284,0,0.143926,207.42557254010768,NORMAL,,PROFILE/P99,ai_edge_litert.Interpreter 2.1.6 num_threads=1,2026-09-18T19:02:54.688+02:00,14627504562854,14627520795536,0.418888,0.485036,16.232682,612.267805,628.500487,0,0,0,0,0,40.43605033301532,243187712,240959488,0.38667081425133015,0.4833547401595273,0,15.109702,NORMAL,scikit-learn IsolationForest.score_samples,0.516984193210333,1.296361072562011,0,0.055481,NORMAL,NumPy RMS auf standardisiertem 128×3-Fenster
2026-09-18T19:02:55.940+02:00,753,0.2499983807039475,0.47720259914362284,0,0.17537,208.33469591606402,NORMAL,,PROFILE/P99,ai_edge_litert.Interpreter 2.1.6 num_threads=1,2026-09-18T19:02:55.308+02:00,14628121520005,14628144254549,0.51937,0.613888,22.734544,609.596013,632.330557,0,0,0,0,0,40.09721856134414,243187712,240959488,0.3864986828780186,0.4833547401595273,0,21.331897,NORMAL,scikit-learn IsolationForest.score_samples,0.5293335060203317,1.296361072562011,0,0.068426,NORMAL,NumPy RMS auf standardisiertem 128×3-Fenster
2026-09-18T19:02:56.551+02:00,754,0.32435279440898396,0.47720259914362284,0,0.136629,209.11142197838302,NORMAL,,PROFILE/P99,ai_edge_litert.Interpreter 2.1.6 num_threads=1,2026-09-18T19:02:55.928+02:00,14628739477954,14628755187044,0.410444,0.50374,15.70909,607.331722,623.040812,0,0,0,0,0,40.922955450091024,243187712,240959488,0.3918777191134506,0.4833547401595273,0,14.586166,NORMAL,scikit-learn IsolationForest.score_samples,0.5357023304904951,1.296361072562011,0,0.053129,NORMAL,NumPy RMS auf standardisiertem 128×3-Fenster
2026-09-18T19:02:57.170+02:00,755,0.27412619728612836,0.47720259914362284,0,0.168241,207.52647068764423,NORMAL,,PROFILE/P99,ai_edge_litert.Interpreter 2.1.6 num_threads=1,2026-09-18T19:02:56.541+02:00,14629357197496,14629373451771,0.552036,0.476055,16.254275,611.970124,628.224399,0,0,0,0,0,35.583306278885175,243187712,240959488,0.3829268075060941,0.4833547401595273,0,14.97761,NORMAL,scikit-learn IsolationForest.score_samples,0.5231866403358522,1.296361072562011,0,0.055778,NORMAL,NumPy RMS auf standardisiertem 128×3-Fenster
2026-09-18T19:02:57.789+02:00,756,0.26909277400921905,0.47720259914362284,0,0.143703,207.35855728706537,NORMAL,,PROFILE/P99,ai_edge_litert.Interpreter 2.1.6 num_threads=1,2026-09-18T19:02:57.160+02:00,14629976645427,14629992526961,0.41861,0.484074,15.881534,612.465681,628.347215,0,0,0,0,0,37.152288161181055,243187712,240959488,0.3864825694882363,0.4833547401595273,0,14.758425,NORMAL,scikit-learn IsolationForest.score_samples,0.5355667964742971,1.296361072562011,0,0.056722,NORMAL,NumPy RMS auf standardisiertem 128×3-Fenster
2026-09-18T19:02:58.406+02:00,757,0.26369427071244306,0.47720259914362284,0,0.147851,208.13098979171738,NORMAL,,PROFILE/P99,ai_edge_litert.Interpreter 2.1.6 num_threads=1,2026-09-18T19:02:57.780+02:00,14630593618085,14630609798934,0.368425,0.483,16.180849,610.192649,626.373498,0,0,0,0,0,38.88086529127455,243187712,240959488,0.3873988343548121,0.4833547401595273,0,15.10798,NORMAL,scikit-learn IsolationForest.score_samples,0.5149237397369645,1.296361072562011,0,0.053481,NORMAL,NumPy RMS auf standardisiertem 128×3-Fenster
2026-09-18T19:02:59.024+02:00,758,0.2636063176763463,0.47720259914362284,0,0.136908,207.6099682334026,NORMAL,,PROFILE/P99,ai_edge_litert.Interpreter 2.1.6 num_threads=1,2026-09-18T19:02:58.397+02:00,14631212272963,14631227982998,0.346222,0.468129,15.710035,611.723999,627.434034,0,0,0,0,0,35.58774349770282,243187712,240959488,0.38619821732145726,0.4833547401595273,0,14.691592,NORMAL,scikit-learn IsolationForest.score_samples,0.5320755617358687,1.296361072562011,0,0.0485,NORMAL,NumPy RMS auf standardisiertem 128×3-Fenster
2026-09-18T19:02:59.642+02:00,759,0.3275973595476387,0.47720259914362284,0,0.137982,208.12402188469648,NORMAL,,PROFILE/P99,ai_edge_litert.Interpreter 2.1.6 num_threads=1,2026-09-18T19:02:59.015+02:00,14631828707644,14631845557807,0.42161,0.487907,16.850163,610.213078,627.063241,0,0,0,0,0,38.8608031339677,243187712,240959488,0.39530906119690756,0.4833547401595273,0,15.715071,NORMAL,scikit-learn IsolationForest.score_samples,0.5696639965613192,1.296361072562011,0,0.066593,NORMAL,NumPy RMS auf standardisiertem 128×3-Fenster
2026-09-18T19:03:00.262+02:00,760,0.27331472634224924,0.47720259914362284,0,0.234759,207.49538758176178,NORMAL,,PROFILE/P99,ai_edge_litert.Interpreter 2.1.6 num_threads=1,2026-09-18T19:02:59.631+02:00,14632447322433,14632465471743,0.553018,0.770129,18.14931,612.061798,630.211108,0,0,0,0,0,40.32923412312966,243187712,240959488,0.38564709821601834,0.4833547401595273,0,16.504089,NORMAL,scikit-learn IsolationForest.score_samples,0.5199116954607781,1.296361072562011,0,0.058222,NORMAL,NumPy RMS auf standardisiertem 128×3-Fenster
2026-09-18T19:03:00.879+02:00,761,0.30975759047390145,0.47720259914362284,0,0.143222,207.1628121298642,NORMAL,,PROFILE/P99,ai_edge_litert.Interpreter 2.1.6 num_threads=1,2026-09-18T19:03:00.250+02:00,14633066377724,14633083243146,0.445166,0.485221,16.865422,613.044391,629.909813,0,0,0,0,0,43.705426616078306,243187712,240959488,0.3802354225597091,0.4833547401595273,0,15.713201,NORMAL,scikit-learn IsolationForest.score_samples,0.5371740092393831,1.296361072562011,0,0.059537,NORMAL,NumPy RMS auf standardisiertem 128×3-Fenster
2026-09-18T19:03:01.497+02:00,762,0.2762281853688224,0.47720259914362284,0,0.217611,207.70005497984,NORMAL,,PROFILE/P99,ai_edge_litert.Interpreter 2.1.6 num_threads=1,2026-09-18T19:03:00.868+02:00,14633683207834,14633701313199,0.670628,0.774777,18.105365,611.458673,629.564038,0,0,0,0,0,51.774230977879235,243187712,240959488,0.38445154748156285,0.4833547401595273,0,16.36609,NORMAL,scikit-learn IsolationForest.score_samples,0.5146494623372975,1.296361072562011,0,0.053389,NORMAL,NumPy RMS auf standardisiertem 128×3-Fenster
2026-09-18T19:03:02.114+02:00,763,0.29520415392522875,0.47720259914362284,0,0.137796,207.4652183377108,NORMAL,,PROFILE/P99,ai_edge_litert.Interpreter 2.1.6 num_threads=1,2026-09-18T19:03:01.485+02:00,14634301267999,14634318291439,0.365221,0.4795,17.02344,612.150803,629.174243,0,0,0,0,0,40.52041175220663,243187712,240959488,0.39052013713309236,0.4833547401595273,0,15.968386,NORMAL,scikit-learn IsolationForest.score_samples,0.5318008333408993,1.296361072562011,0,0.053278,NORMAL,NumPy RMS auf standardisiertem 128×3-Fenster
2026-09-18T19:03:02.731+02:00,764,0.26969755136748336,0.47720259914362284,0,0.139204,208.93611814710343,NORMAL,,PROFILE/P99,ai_edge_litert.Interpreter 2.1.6 num_threads=1,2026-09-18T19:03:02.107+02:00,14634918482500,14634934361016,0.40024,0.492685,15.878516,607.841292,623.719808,0,0,0,0,0,51.94162299176206,243187712,240959488,0.38172971509601417,0.4833547401595273,0,14.768795,NORMAL,scikit-learn IsolationForest.score_samples,0.5436121008288428,1.296361072562011,0,0.056981,NORMAL,NumPy RMS auf standardisiertem 128×3-Fenster
2026-09-18T19:03:03.349+02:00,765,0.27651042925462477,0.47720259914362284,0,0.146278,207.5176049806931,NORMAL,,PROFILE/P99,ai_edge_litert.Interpreter 2.1.6 num_threads=1,2026-09-18T19:03:02.721+02:00,14635536569927,14635552769906,0.385907,0.482833,16.199979,611.996269,628.196248,0,0,0,0,0,40.42633306850317,243187712,240959488,0.38783823454800664,0.4833547401595273,0,15.109054,NORMAL,scikit-learn IsolationForest.score_samples,0.5632073731344849,1.296361072562011,0,0.056722,NORMAL,NumPy RMS auf standardisiertem 128×3-Fenster
2026-09-18T19:03:03.969+02:00,766,0.2763746190332294,0.47720259914362284,0,0.145907,207.46979273307022,NORMAL,,PROFILE/P99,ai_edge_litert.Interpreter 2.1.6 num_threads=1,2026-09-18T19:03:03.340+02:00,14636155838039,14636172689665,1.18874,0.486277,16.851626,612.137306,628.988932,0,0,0,0,0,37.101680052978224,243187712,240959488,0.39067542692812907,0.4833547401595273,0,14.954258,NORMAL,scikit-learn IsolationForest.score_samples,0.5185138480805803,1.296361072562011,0,0.057722,NORMAL,NumPy RMS auf standardisiertem 128×3-Fenster
2026-09-18T19:03:04.585+02:00,767,0.2842454382646906,0.47720259914362284,0,0.142241,208.59028878445133,NORMAL,,PROFILE/P99,ai_edge_litert.Interpreter 2.1.6 num_threads=1,2026-09-18T19:03:03.960+02:00,14636773132990,14636788868395,0.38174,0.471573,15.735405,608.849054,624.584459,0,0,0,0,0,34.08110568300961,243187712,240959488,0.3915281310044472,0.4833547401595273,0,14.667962,NORMAL,scikit-learn IsolationForest.score_samples,0.5609791648861473,1.296361072562011,0,0.053037,NORMAL,NumPy RMS auf standardisiertem 128×3-Fenster
2026-09-18T19:03:05.204+02:00,768,0.2806523109140204,0.47720259914362284,0,0.20474,207.4935125315274,NORMAL,,PROFILE/P99,ai_edge_litert.Interpreter 2.1.6 num_threads=1,2026-09-18T19:03:04.575+02:00,14637390617126,14637407903047,0.487666,0.621091,17.285921,612.067329,629.35325,0,0,0,0,0,45.23111315412461,243187712,240959488,0.3864693048771048,0.4833547401595273,0,15.884109,NORMAL,scikit-learn IsolationForest.score_samples,0.5464558260719892,1.296361072562011,0,0.06174,NORMAL,NumPy RMS auf standardisiertem 128×3-Fenster
2026-09-18T19:03:05.823+02:00,769,0.2934032809866669,0.47720259914362284,0,0.213259,208.31507022537218,NORMAL,,PROFILE/P99,ai_edge_litert.Interpreter 2.1.6 num_threads=1,2026-09-18T19:03:05.195+02:00,14638008740151,14638026380480,0.60724,0.742573,17.640329,609.653444,627.293773,0,0,0,0,0,37.188300539391996,243187712,240959488,0.3912976097340311,0.4833547401595273,0,15.990054,NORMAL,scikit-learn IsolationForest.score_samples,0.5558104305473519,1.296361072562011,0,0.059,NORMAL,NumPy RMS auf standardisiertem 128×3-Fenster
2026-09-18T19:03:06.444+02:00,770,0.2912588873887915,0.47720259914362284,0,0.164981,207.41725745879398,NORMAL,,PROFILE/P99,ai_edge_litert.Interpreter 2.1.6 num_threads=1,2026-09-18T19:03:05.811+02:00,14638626663642,14638648213892,0.46487,0.587406,21.55025,612.29235,633.8426,0,0,0,0,0,38.595032183470565,243187712,240959488,0.38207818766609924,0.4833547401595273,0,20.250214,NORMAL,scikit-learn IsolationForest.score_samples,0.5407271114434699,1.296361072562011,0,0.05887,NORMAL,NumPy RMS auf standardisiertem 128×3-Fenster
2026-09-18T19:03:07.058+02:00,771,0.26763918739896425,0.47720259914362284,0,0.136185,209.27215203196707,NORMAL,,PROFILE/P99,ai_edge_litert.Interpreter 2.1.6 num_threads=1,2026-09-18T19:03:06.435+02:00,14639245511095,14639261450538,0.362352,0.473518,15.939443,606.865265,622.804708,0,0,0,0,0,47.29106043060684,243187712,240959488,0.38182667715673263,0.4833547401595273,0,14.894314,NORMAL,scikit-learn IsolationForest.score_samples,0.541518794653819,1.296361072562011,0,0.054667,NORMAL,NumPy RMS auf standardisiertem 128×3-Fenster
2026-09-18T19:03:07.675+02:00,772,0.2642750712202932,0.47720259914362284,0,0.146463,208.69387185300366,NORMAL,,PROFILE/P99,ai_edge_litert.Interpreter 2.1.6 num_threads=1,2026-09-18T19:03:07.049+02:00,14639861578666,14639878353699,0.869406,0.495203,16.775033,608.546858,625.321891,0,0,0,0,0,38.90424072746253,243187712,240959488,0.3873124749411266,0.4833547401595273,0,15.191017,NORMAL,scikit-learn IsolationForest.score_samples,0.5405633808982341,1.296361072562011,0,0.051574,NORMAL,NumPy RMS auf standardisiertem 128×3-Fenster
2026-09-18T19:03:08.294+02:00,773,0.2846863329816666,0.47720259914362284,0,0.138166,207.25237586086536,NORMAL,,PROFILE/P99,ai_edge_litert.Interpreter 2.1.6 num_threads=1,2026-09-18T19:03:07.665+02:00,14640481237140,14640497768507,0.401518,0.471758,16.531367,612.779465,629.310832,0,0,0,0,0,35.51617539239292,243187712,240959488,0.38133110706135087,0.4833547401595273,0,15.433776,NORMAL,scikit-learn IsolationForest.score_samples,0.5488782396476252,1.296361072562011,0,0.066796,NORMAL,NumPy RMS auf standardisiertem 128×3-Fenster
2026-09-18T19:03:08.920+02:00,774,0.3248131661347897,0.47720259914362284,0,0.152888,207.6601448589098,NORMAL,,PROFILE/P99,ai_edge_litert.Interpreter 2.1.6 num_threads=1,2026-09-18T19:03:08.284+02:00,14641099019821,14641123966104,0.400796,0.488407,24.946283,611.576189,636.522472,0,0,0,0,0,44.70856112084383,243187712,240959488,0.38851965522891196,0.4833547401595273,0,23.775691,NORMAL,scikit-learn IsolationForest.score_samples,0.5627906522484446,1.296361072562011,0,0.107092,NORMAL,NumPy RMS auf standardisiertem 128×3-Fenster
2026-09-18T19:03:09.528+02:00,775,0.2616856202500249,0.47720259914362284,0,0.141648,211.76682319747675,NORMAL,,PROFILE/P99,ai_edge_litert.Interpreter 2.1.6 num_threads=1,2026-09-18T19:03:08.913+02:00,14641716107765,14641732013152,0.37561,0.479463,15.905387,599.716226,615.621613,0,0,0,0,0,44.41168149020107,243187712,240959488,0.38985066101267424,0.4833547401595273,0,14.82561,NORMAL,scikit-learn IsolationForest.score_samples,0.5246969374984308,1.296361072562011,0,0.064833,NORMAL,NumPy RMS auf standardisiertem 128×3-Fenster
2026-09-18T19:03:10.146+02:00,776,0.29809603711514226,0.47720259914362284,0,0.144148,207.20251845100495,NORMAL,,PROFILE/P99,ai_edge_litert.Interpreter 2.1.6 num_threads=1,2026-09-18T19:03:09.518+02:00,14642334417393,14642350222724,0.390425,0.486592,15.805331,612.926913,628.732244,0,0,0,0,0,37.20414511629497,243187712,240959488,0.3838686066349415,0.4833547401595273,0,14.708981,NORMAL,scikit-learn IsolationForest.score_samples,0.575699231536828,1.296361072562011,0,0.056148,NORMAL,NumPy RMS auf standardisiertem 128×3-Fenster
2026-09-18T19:03:10.767+02:00,777,0.29557082005547386,0.47720259914362284,0,0.237555,207.86075869324227,NORMAL,,PROFILE/P99,ai_edge_litert.Interpreter 2.1.6 num_threads=1,2026-09-18T19:03:10.138+02:00,14642952512708,14642970522944,0.603666,0.833369,18.010236,610.985935,628.996171,0,0,0,0,0,35.46661239934837,243187712,240959488,0.3907494654263365,0.4833547401595273,0,16.247646,NORMAL,scikit-learn IsolationForest.score_samples,0.539374850064698,1.296361072562011,0,0.056926,NORMAL,NumPy RMS auf standardisiertem 128×3-Fenster
2026-09-18T19:03:11.381+02:00,778,0.2854212365033592,0.47720259914362284,0,0.138574,208.2138214688983,NORMAL,,PROFILE/P99,ai_edge_litert.Interpreter 2.1.6 num_threads=1,2026-09-18T19:03:10.755+02:00,14643568835435,14643584637266,0.423833,0.474573,15.801831,609.949902,625.751733,0,0,0,0,0,35.823920636148124,243187712,240959488,0.390709824016006,0.4833547401595273,0,14.692963,NORMAL,scikit-learn IsolationForest.score_samples,0.540574814788454,1.296361072562011,0,0.054259,NORMAL,NumPy RMS auf standardisiertem 128×3-Fenster
2026-09-18T19:03:12.006+02:00,779,0.25746853925254953,0.47720259914362284,0,0.159222,207.4796091980736,NORMAL,,PROFILE/P99,ai_edge_litert.Interpreter 2.1.6 num_threads=1,2026-09-18T19:03:11.371+02:00,14644187267511,14644210045501,0.464315,0.615073,22.77799,612.108344,634.886334,0,0,0,0,0,46.36810883084803,243187712,240959488,0.3840089136629836,0.4833547401595273,0,21.448065,NORMAL,scikit-learn IsolationForest.score_samples,0.5229529458021969,1.296361072562011,0,0.067704,NORMAL,NumPy RMS auf standardisiertem 128×3-Fenster
2026-09-18T19:03:12.617+02:00,780,0.2720351349519892,0.47720259914362284,0,0.139259,208.6838979765587,NORMAL,,PROFILE/P99,ai_edge_litert.Interpreter 2.1.6 num_threads=1,2026-09-18T19:03:11.993+02:00,14644805032813,14644820653164,0.397889,0.475814,15.620351,608.575943,624.196294,0,0,0,0,0,39.30650729935589,243187712,240959488,0.38670303829610736,0.4833547401595273,0,14.537222,NORMAL,scikit-learn IsolationForest.score_samples,0.5388470553053132,1.296361072562011,0,0.052926,NORMAL,NumPy RMS auf standardisiertem 128×3-Fenster
2026-09-18T19:03:13.236+02:00,781,0.2616076807330711,0.47720259914362284,0,0.150963,207.96240155059908,NORMAL,,PROFILE/P99,ai_edge_litert.Interpreter 2.1.6 num_threads=1,2026-09-18T19:03:12.608+02:00,14645422954431,14645439622947,0.415962,0.487537,16.668516,610.687312,627.355828,0,0,0,0,0,45.23638666439936,243187712,240959488,0.3861910786458847,0.4833547401595273,0,15.537073,NORMAL,scikit-learn IsolationForest.score_samples,0.5303739331730237,1.296361072562011,0,0.058314,NORMAL,NumPy RMS auf standardisiertem 128×3-Fenster
2026-09-18T19:03:13.853+02:00,782,0.3040921366724542,0.47720259914362284,0,0.161592,207.60934648188822,NORMAL,,PROFILE/P99,ai_edge_litert.Interpreter 2.1.6 num_threads=1,2026-09-18T19:03:13.225+02:00,14646040527069,14646056847641,0.37087,0.508221,16.320572,611.725831,628.046403,0,0,0,0,0,40.5040255484536,243187712,240959488,0.3852979939012127,0.4833547401595273,0,15.207129,NORMAL,scikit-learn IsolationForest.score_samples,0.5483804805832084,1.296361072562011,0,0.053908,NORMAL,NumPy RMS auf standardisiertem 128×3-Fenster
2026-09-18T19:03:14.472+02:00,783,0.278168189318541,0.47720259914362284,0,0.17861,207.7022904355359,NORMAL,,PROFILE/P99,ai_edge_litert.Interpreter 2.1.6 num_threads=1,2026-09-18T19:03:13.844+02:00,14646659090263,14646675700612,0.365314,0.49987,16.610349,611.452092,628.062441,0,0,0,0,0,33.93375893369067,243187712,240959488,0.3951825599781182,0.4833547401595273,0,15.492444,NORMAL,scikit-learn IsolationForest.score_samples,0.5561926438447429,1.296361072562011,0,0.053982,NORMAL,NumPy RMS auf standardisiertem 128×3-Fenster
2026-09-18T19:03:15.090+02:00,784,0.2771682045016721,0.47720259914362284,0,0.145537,207.0782168389089,NORMAL,,PROFILE/P99,ai_edge_litert.Interpreter 2.1.6 num_threads=1,2026-09-18T19:03:14.460+02:00,14647277535976,14647294170363,0.383389,0.510314,16.634387,613.294831,629.929218,0,0,0,0,0,35.5717723744256,243187712,240959488,0.38264604113853223,0.4833547401595273,0,15.52048,NORMAL,scikit-learn IsolationForest.score_samples,0.549212418897415,1.296361072562011,0,0.056667,NORMAL,NumPy RMS auf standardisiertem 128×3-Fenster
2026-09-18T19:03:15.707+02:00,785,0.27741499864995706,0.47720259914362284,0,0.148222,207.72717140786162,NORMAL,,PROFILE/P99,ai_edge_litert.Interpreter 2.1.6 num_threads=1,2026-09-18T19:03:15.079+02:00,14647894502120,14647910856469,0.44111,0.512185,16.354349,611.378854,627.733203,0,0,0,0,0,40.53889126505875,243187712,240959488,0.3800099767237485,0.4833547401595273,0,15.173777,NORMAL,scikit-learn IsolationForest.score_samples,0.5401901142244417,1.296361072562011,0,0.058537,NORMAL,NumPy RMS auf standardisiertem 128×3-Fenster
2026-09-18T19:03:16.324+02:00,786,0.24319182952926158,0.47720259914362284,0,0.144851,208.866658035485,NORMAL,,PROFILE/P99,ai_edge_litert.Interpreter 2.1.6 num_threads=1,2026-09-18T19:03:15.700+02:00,14648511535709,14648527950095,0.402184,0.508166,16.414386,608.043434,624.45782,0,0,0,0,0,48.611072447345386,243187712,240959488,0.3880797557941745,0.4833547401595273,0,15.283666,NORMAL,scikit-learn IsolationForest.score_samples,0.5286945282886776,1.296361072562011,0,0.056333,NORMAL,NumPy RMS auf standardisiertem 128×3-Fenster
2026-09-18T19:03:16.942+02:00,787,0.2774877989485394,0.47720259914362284,0,0.159315,208.03108389316859,NORMAL,,PROFILE/P99,ai_edge_litert.Interpreter 2.1.6 num_threads=1,2026-09-18T19:03:16.315+02:00,14649129323113,14649146276425,0.37274,0.501592,16.953312,610.485691,627.439003,0,0,0,0,0,35.5821461580943,243187712,240959488,0.3948039893191456,0.4833547401595273,0,15.839591,NORMAL,scikit-learn IsolationForest.score_samples,0.545308618393326,1.296361072562011,0,0.060037,NORMAL,NumPy RMS auf standardisiertem 128×3-Fenster
2026-09-18T19:03:17.569+02:00,788,0.2466605395114637,0.47720259914362284,0,0.173592,207.08359842411858,NORMAL,,PROFILE/P99,ai_edge_litert.Interpreter 2.1.6 num_threads=1,2026-09-18T19:03:16.931+02:00,14649748328443,14649772515135,0.441888,0.597944,24.186692,613.278893,637.465585,0,0,0,0,0,36.72665733542265,243187712,240959488,0.38412392074139257,0.4833547401595273,0,22.876064,NORMAL,scikit-learn IsolationForest.score_samples,0.5101011792080069,1.296361072562011,0,0.072759,NORMAL,NumPy RMS auf standardisiertem 128×3-Fenster
2026-09-18T19:03:18.178+02:00,789,0.27307061488780704,0.47720259914362284,0,0.140148,208.89316736454282,NORMAL,,PROFILE/P99,ai_edge_litert.Interpreter 2.1.6 num_threads=1,2026-09-18T19:03:17.554+02:00,14650365652610,14650382215107,0.36761,0.483037,16.562497,607.966271,624.528768,0,0,0,0,0,44.285721139379035,243187712,240959488,0.3871144841736268,0.4833547401595273,0,15.494185,NORMAL,scikit-learn IsolationForest.score_samples,0.5379604750044814,1.296361072562011,0,0.057408,NORMAL,NumPy RMS auf standardisiertem 128×3-Fenster
2026-09-18T19:03:18.806+02:00,790,0.26080861914712655,0.47720259914362284,0,0.397814,207.42828317372278,NORMAL,,PROFILE/P99,ai_edge_litert.Interpreter 2.1.6 num_threads=1,2026-09-18T19:03:18.168+02:00,14650984504424,14651009994726,2.281368,1.290072,25.490302,612.259804,637.750106,0,0,0,0,0,36.63252763027633,243187712,240959488,0.38862301306362457,0.4833547401595273,0,21.347529,NORMAL,scikit-learn IsolationForest.score_samples,0.5253082625345437,1.296361072562011,0,0.115944,NORMAL,NumPy RMS auf standardisiertem 128×3-Fenster
2026-09-18T19:03:19.414+02:00,791,0.25956961395171013,0.47720259914362284,0,0.139222,208.4806083305246,NORMAL,,PROFILE/P99,ai_edge_litert.Interpreter 2.1.6 num_threads=1,2026-09-18T19:03:18.789+02:00,14651602178446,14651617870222,0.400333,0.473221,15.691776,609.169366,624.861142,0,0,0,0,0,36.19631360911236,243187712,240959488,0.3855659380764586,0.4833547401595273,0,14.607667,NORMAL,scikit-learn IsolationForest.score_samples,0.5238907495446207,1.296361072562011,0,0.053833,NORMAL,NumPy RMS auf standardisiertem 128×3-Fenster
2026-09-18T19:03:20.040+02:00,792,0.2596689836261623,0.47720259914362284,0,0.203055,207.87240083633714,NORMAL,,PROFILE/P99,ai_edge_litert.Interpreter 2.1.6 num_threads=1,2026-09-18T19:03:19.404+02:00,14652219116284,14652243917419,0.581647,0.58911,24.801135,610.951716,635.752851,0,0,0,0,0,36.734335758482466,243187712,240959488,0.3853748597574053,0.4833547401595273,0,23.29723,NORMAL,scikit-learn IsolationForest.score_samples,0.5417687025734296,1.296361072562011,0,0.109611,NORMAL,NumPy RMS auf standardisiertem 128×3-Fenster
2026-09-18T19:03:20.651+02:00,793,0.2891451645385909,0.47720259914362284,0,0.218963,210.9061520881163,NORMAL,,PROFILE/P99,ai_edge_litert.Interpreter 2.1.6 num_threads=1,2026-09-18T19:03:20.031+02:00,14652836745142,14652854340545,0.60311,0.767092,17.595403,602.163563,619.758966,0,0,0,0,0,40.95979689614872,243187712,240959488,0.38680035002203955,0.4833547401595273,0,15.926091,NORMAL,scikit-learn IsolationForest.score_samples,0.5481854379658505,1.296361072562011,0,0.05437,NORMAL,NumPy RMS auf standardisiertem 128×3-Fenster
2026-09-18T19:03:21.269+02:00,794,0.2290039890330995,0.47720259914362284,0,0.140593,206.99079767483033,NORMAL,,PROFILE/P99,ai_edge_litert.Interpreter 2.1.6 num_threads=1,2026-09-18T19:03:20.638+02:00,14653455811999,14653472590478,0.446925,0.540962,16.778479,613.553846,630.332325,0,0,0,0,0,64.69878842557986,243187712,240959488,0.37953891241418614,0.4833547401595273,0,15.571888,NORMAL,scikit-learn IsolationForest.score_samples,0.5089383331757794,1.296361072562011,0,0.058518,NORMAL,NumPy RMS auf standardisiertem 128×3-Fenster
2026-09-18T19:03:21.885+02:00,795,0.2729953152788464,0.47720259914362284,0,0.143074,207.8222759925906,NORMAL,,PROFILE/P99,ai_edge_litert.Interpreter 2.1.6 num_threads=1,2026-09-18T19:03:21.259+02:00,14654073485266,14654089319117,0.361944,0.473925,15.833851,611.099072,626.932923,0,0,0,0,0,35.67222254676854,243187712,240959488,0.3884689829409029,0.4833547401595273,0,14.782223,NORMAL,scikit-learn IsolationForest.score_samples,0.5180635800171725,1.296361072562011,0,0.054482,NORMAL,NumPy RMS auf standardisiertem 128×3-Fenster
2026-09-18T19:03:22.511+02:00,796,0.2586835246398482,0.47720259914362284,0,0.248314,207.23451616512853,NORMAL,,PROFILE/P99,ai_edge_litert.Interpreter 2.1.6 num_threads=1,2026-09-18T19:03:21.875+02:00,14654691172702,14654714813673,0.889795,0.852333,23.640971,612.832275,636.473246,0,0,0,0,0,36.765724520923015,243187712,240959488,0.3878338554716452,0.4833547401595273,0,21.493288,NORMAL,scikit-learn IsolationForest.score_samples,0.5156426365748755,1.296361072562011,0,0.127296,NORMAL,NumPy RMS auf standardisiertem 128×3-Fenster
2026-09-18T19:03:23.132+02:00,797,0.292441186527905,0.47720259914362284,0,0.231111,206.00513266816515,NORMAL,,PROFILE/P99,ai_edge_litert.Interpreter 2.1.6 num_threads=1,2026-09-18T19:03:22.494+02:00,14655314217373,14655335496143,0.656314,0.83448,21.27877,616.489494,637.768264,0,0,0,0,0,77.33776113063817,243220480,240959488,0.38728139914464144,0.4833547401595273,0,19.425976,NORMAL,scikit-learn IsolationForest.score_samples,0.5428159714001135,1.296361072562011,0,0.100315,NORMAL,NumPy RMS auf standardisiertem 128×3-Fenster
2026-09-18T19:03:23.739+02:00,798,0.28183158821406096,0.47720259914362284,0,0.145945,209.0238609394471,NORMAL,,PROFILE/P99,ai_edge_litert.Interpreter 2.1.6 num_threads=1,2026-09-18T19:03:23.115+02:00,14655926016004,14655942869261,0.35987,0.515222,16.853257,607.586136,624.439393,0,0,0,0,0,41.16455894025794,243220480,240959488,0.3899112425453393,0.4833547401595273,0,15.748906,NORMAL,scikit-learn IsolationForest.score_samples,0.5577163098096111,1.296361072562011,0,0.061666,NORMAL,NumPy RMS auf standardisiertem 128×3-Fenster
2026-09-18T19:03:24.358+02:00,799,0.2724536945631654,0.47720259914362284,0,0.147796,208.45872898711184,NORMAL,,PROFILE/P99,ai_edge_litert.Interpreter 2.1.6 num_threads=1,2026-09-18T19:03:23.731+02:00,14656544101333,14656561674867,0.384147,0.479796,17.573534,609.233303,626.806837,0,0,0,0,0,43.632190459778386,243220480,240959488,0.39155768550089354,0.4833547401595273,0,16.479887,NORMAL,scikit-learn IsolationForest.score_samples,0.532894433589912,1.296361072562011,0,0.061944,NORMAL,NumPy RMS auf standardisiertem 128×3-Fenster
2026-09-18T19:03:24.984+02:00,800,0.2396042469168389,0.47720259914362284,0,0.14263,207.4196270789459,NORMAL,,PROFILE/P99,ai_edge_litert.Interpreter 2.1.6 num_threads=1,2026-09-18T19:03:24.345+02:00,14657161548644,14657187932482,0.36463,0.474499,26.383838,612.285355,638.669193,0,0,0,0,0,38.316630736118505,243220480,240959488,0.38653030829700596,0.4833547401595273,0,25.272636,NORMAL,scikit-learn IsolationForest.score_samples,0.5123105015707733,1.296361072562011,0,0.108148,NORMAL,NumPy RMS auf standardisiertem 128×3-Fenster
2026-09-18T19:03:25.592+02:00,801,0.29796407772037686,0.47720259914362284,0,0.146,211.24260347746377,NORMAL,,PROFILE/P99,ai_edge_litert.Interpreter 2.1.6 num_threads=1,2026-09-18T19:03:24.975+02:00,14657779927068,14657795940549,0.399333,0.486425,16.013481,601.204482,617.217963,0,0,0,0,0,39.47928338587578,243220480,240959488,0.3888390252629748,0.4833547401595273,0,14.903667,NORMAL,scikit-learn IsolationForest.score_samples,0.5537173291957773,1.296361072562011,0,0.058815,NORMAL,NumPy RMS auf standardisiertem 128×3-Fenster
2026-09-18T19:03:26.211+02:00,802,0.23864869445510273,0.47720259914362284,0,0.13113,207.53107627121162,NORMAL,,PROFILE/P99,ai_edge_litert.Interpreter 2.1.6 num_threads=1,2026-09-18T19:03:25.582+02:00,14658398222363,14658414352399,0.373611,0.432888,16.130036,611.956543,628.086579,0,0,0,0,0,35.57582943737622,243220480,240959488,0.3770500433550082,0.4833547401595273,0,15.116778,NORMAL,scikit-learn IsolationForest.score_samples,0.501866798530667,1.296361072562011,0,0.058278,NORMAL,NumPy RMS auf standardisiertem 128×3-Fenster
2026-09-18T19:03:26.833+02:00,803,0.2758702494447552,0.47720259914362284,0,0.237833,208.29948876679236,NORMAL,,PROFILE/P99,ai_edge_litert.Interpreter 2.1.6 num_threads=1,2026-09-18T19:03:26.202+02:00,14659015146347,14659036406043,0.950147,0.875703,21.259696,609.699048,630.958744,0,0,0,0,0,49.82984506358294,243220480,240959488,0.3816326294592048,0.4833547401595273,0,19.048143,NORMAL,scikit-learn IsolationForest.score_samples,0.5160237370396505,1.296361072562011,0,0.115074,NORMAL,NumPy RMS auf standardisiertem 128×3-Fenster
2026-09-18T19:03:27.446+02:00,804,0.29410703121429993,0.47720259914362284,0,0.159796,207.46979883375442,NORMAL,,PROFILE/P99,ai_edge_litert.Interpreter 2.1.6 num_threads=1,2026-09-18T19:03:26.817+02:00,14659633293331,14659649721125,0.358203,0.505536,16.427794,612.137288,628.565082,0,0,0,0,0,42.39716285231864,243220480,240959488,0.3874619282586082,0.4833547401595273,0,15.331,NORMAL,scikit-learn IsolationForest.score_samples,0.5502351454588017,1.296361072562011,0,0.054945,NORMAL,NumPy RMS auf standardisiertem 128×3-Fenster
2026-09-18T19:03:28.105+02:00,805,0.2819021846022995,0.47720259914362284,0,0.324814,206.90513196704197,NORMAL,,PROFILE/P99,ai_edge_litert.Interpreter 2.1.6 num_threads=1,2026-09-18T19:03:27.436+02:00,14660253912534,14660308621708,1.775924,1.522424,54.709174,613.807878,668.517052,0,0,0,0,0,44.004856163501046,243220480,240959488,0.38284007992883884,0.4833547401595273,0,50.869882,NORMAL,scikit-learn IsolationForest.score_samples,0.5456880546086855,1.296361072562011,0,0.159333,NORMAL,NumPy RMS auf standardisiertem 128×3-Fenster
2026-09-18T19:03:28.683+02:00,806,0.2865841590399422,0.47720259914362284,0,0.227425,212.95746682512112,NORMAL,,PROFILE/P99,ai_edge_litert.Interpreter 2.1.6 num_threads=1,2026-09-18T19:03:28.069+02:00,14660869336599,14660886537003,0.688239,0.869888,17.200404,596.363217,613.563621,0,0,0,0,0,60.57439535389726,243220480,240959488,0.38937680630846006,0.4833547401595273,0,15.33137,NORMAL,scikit-learn IsolationForest.score_samples,0.5543069164832657,1.296361072562011,0,0.057111,NORMAL,NumPy RMS auf standardisiertem 128×3-Fenster
2026-09-18T19:03:29.303+02:00,807,0.2661946471911338,0.47720259914362284,0,0.16124,208.01899670098905,NORMAL,,PROFILE/P99,ai_edge_litert.Interpreter 2.1.6 num_threads=1,2026-09-18T19:03:28.673+02:00,14661487551049,14661506419952,0.398629,0.53224,18.868903,610.521164,629.390067,0,0,0,0,0,37.101082466985716,243220480,240959488,0.3898185444801131,0.4833547401595273,0,17.663385,NORMAL,scikit-learn IsolationForest.score_samples,0.5277467324912399,1.296361072562011,0,0.093981,NORMAL,NumPy RMS auf standardisiertem 128×3-Fenster
2026-09-18T19:03:29.916+02:00,808,0.27944897353577264,0.47720259914362284,0,0.197241,208.18849274662276,NORMAL,,PROFILE/P99,ai_edge_litert.Interpreter 2.1.6 num_threads=1,2026-09-18T19:03:29.290+02:00,14662103745226,14662119962854,0.364203,0.512333,16.217628,610.02411,626.241738,0,0,0,0,0,35.85944433747175,243220480,240959488,0.3880964704271391,0.4833547401595273,0,15.069056,NORMAL,scikit-learn IsolationForest.score_samples,0.5131234468448131,1.296361072562011,0,0.054778,NORMAL,NumPy RMS auf standardisiertem 128×3-Fenster
2026-09-18T19:03:30.536+02:00,809,0.26780163341603885,0.47720259914362284,0,0.144907,207.74180863947703,NORMAL,,PROFILE/P99,ai_edge_litert.Interpreter 2.1.6 num_threads=1,2026-09-18T19:03:29.907+02:00,14662721733865,14662739603806,0.389777,0.501796,17.869941,611.335777,629.205718,0,0,0,0,0,35.50330083634938,243220480,240959488,0.3892166570563737,0.4833547401595273,0,16.735609,NORMAL,scikit-learn IsolationForest.score_samples,0.528495905990807,1.296361072562011,0,0.075963,NORMAL,NumPy RMS auf standardisiertem 128×3-Fenster
2026-09-18T19:03:31.152+02:00,810,0.27062293781838204,0.47720259914362284,0,0.139666,207.40529466783883,NORMAL,,PROFILE/P99,ai_edge_litert.Interpreter 2.1.6 num_threads=1,2026-09-18T19:03:30.523+02:00,14663339567709,14663355372264,0.406018,0.494832,15.804555,612.327666,628.132221,0,0,0,0,0,43.84976426337293,243220480,240959488,0.38871101743513714,0.4833547401595273,0,14.690278,NORMAL,scikit-learn IsolationForest.score_samples,0.5384884516273793,1.296361072562011,0,0.05537,NORMAL,NumPy RMS auf standardisiertem 128×3-Fenster
2026-09-18T19:03:31.774+02:00,811,0.2654328174383898,0.47720259914362284,0,0.309758,207.02791264917252,NORMAL,,PROFILE/P99,ai_edge_litert.Interpreter 2.1.6 num_threads=1,2026-09-18T19:03:31.141+02:00,14663958429312,14663977466123,0.607055,0.906425,19.036811,613.443851,632.480662,0,0,0,0,0,35.36428157304616,243220480,240959488,0.3862537111375669,0.4833547401595273,0,17.120331,NORMAL,scikit-learn IsolationForest.score_samples,0.5184794127791804,1.296361072562011,0,0.06063,NORMAL,NumPy RMS auf standardisiertem 128×3-Fenster
2026-09-18T19:03:32.388+02:00,812,0.25951030159268207,0.47720259914362284,0,0.154111,208.21128961647887,NORMAL,,PROFILE/P99,ai_edge_litert.Interpreter 2.1.6 num_threads=1,2026-09-18T19:03:31.761+02:00,14664575114883,14664591837900,0.393518,0.471074,16.723017,609.957319,626.680336,0,0,0,0,0,45.57480686399746,243220480,240959488,0.387934441698817,0.4833547401595273,0,15.623981,NORMAL,scikit-learn IsolationForest.score_samples,0.510195034857561,1.296361072562011,0,0.060963,NORMAL,NumPy RMS auf standardisiertem 128×3-Fenster
2026-09-18T19:03:33.006+02:00,813,0.2895051986669017,0.47720259914362284,0,0.139463,207.33176209052516,NORMAL,,PROFILE/P99,ai_edge_litert.Interpreter 2.1.6 num_threads=1,2026-09-18T19:03:32.377+02:00,14665193670100,14665209826451,0.385185,0.483314,16.156351,612.544835,628.701186,0,0,0,0,0,35.59998053399327,243220480,240959488,0.38739634879399826,0.4833547401595273,0,15.073945,NORMAL,scikit-learn IsolationForest.score_samples,0.536323271091452,1.296361072562011,0,0.057166,NORMAL,NumPy RMS auf standardisiertem 128×3-Fenster
2026-09-18T19:03:33.627+02:00,814,0.2777246202281963,0.47720259914362284,0,0.146889,207.41356034972893,NORMAL,,PROFILE/P99,ai_edge_litert.Interpreter 2.1.6 num_threads=1,2026-09-18T19:03:32.996+02:00,14665811763932,14665830528187,1.852312,0.500389,18.764255,612.303264,631.067519,0,0,0,0,0,45.10945795471751,243220480,240959488,0.38155597173843514,0.4833547401595273,0,16.182981,NORMAL,scikit-learn IsolationForest.score_samples,0.5304771326355526,1.296361072562011,0,0.061092,NORMAL,NumPy RMS auf standardisiertem 128×3-Fenster
2026-09-18T19:03:34.242+02:00,815,0.2910629022449051,0.47720259914362284,0,0.142296,206.94080772679823,NORMAL,,PROFILE/P99,ai_edge_litert.Interpreter 2.1.6 num_threads=1,2026-09-18T19:03:33.613+02:00,14666430194764,14666445823819,0.376314,0.486277,15.629055,613.70206,629.331115,0,0,0,0,0,42.25656163047736,243220480,240959488,0.38732449597672436,0.4833547401595273,0,14.554946,NORMAL,scikit-learn IsolationForest.score_samples,0.5416432413696749,1.296361072562011,0,0.050981,NORMAL,NumPy RMS auf standardisiertem 128×3-Fenster
2026-09-18T19:03:34.864+02:00,816,0.2413942972286899,0.47720259914362284,0,0.179519,208.035708493944,NORMAL,,PROFILE/P99,ai_edge_litert.Interpreter 2.1.6 num_threads=1,2026-09-18T19:03:34.232+02:00,14667046272544,14667067450630,3.939032,0.51887,21.178086,610.47212,631.650206,0,0,0,0,0,36.99964814789262,243220480,240959488,0.38750206457815023,0.4833547401595273,0,16.464832,NORMAL,scikit-learn IsolationForest.score_samples,0.5016513566158579,1.296361072562011,0,0.056833,NORMAL,NumPy RMS auf standardisiertem 128×3-Fenster
2026-09-18T19:03:35.477+02:00,817,0.28115520358908697,0.47720259914362284,0,0.161092,207.76685373470667,NORMAL,,PROFILE/P99,ai_edge_litert.Interpreter 2.1.6 num_threads=1,2026-09-18T19:03:34.850+02:00,14667664619564,14667680973082,0.367333,0.509518,16.353518,611.262084,627.615602,0,0,0,0,0,40.74760637438811,243220480,240959488,0.38022490977992285,0.4833547401595273,0,15.239908,NORMAL,scikit-learn IsolationForest.score_samples,0.5181339430339281,1.296361072562011,0,0.056092,NORMAL,NumPy RMS auf standardisiertem 128×3-Fenster
2026-09-18T19:03:36.104+02:00,818,0.2798188399818575,0.47720259914362284,0,0.2405,207.64902623986515,NORMAL,,PROFILE/P99,ai_edge_litert.Interpreter 2.1.6 num_threads=1,2026-09-18T19:03:35.467+02:00,14668282724641,14668307887000,0.870129,0.981628,25.162359,611.608936,636.771295,0,0,0,0,0,41.47256727570319,243220480,240959488,0.38597276979622774,0.4833547401595273,0,22.972472,NORMAL,scikit-learn IsolationForest.score_samples,0.5411629649846837,1.296361072562011,0,0.067537,NORMAL,NumPy RMS auf standardisiertem 128×3-Fenster
2026-09-18T19:03:36.712+02:00,819,0.2540478834545672,0.47720259914362284,0,0.139241,211.27191214122786,NORMAL,,PROFILE/P99,ai_edge_litert.Interpreter 2.1.6 num_threads=1,2026-09-18T19:03:36.095+02:00,14668900270702,14668915900276,0.353055,0.471629,15.629574,601.12108,616.750654,0,0,0,0,0,50.98725696373433,243220480,240959488,0.3885824737636168,0.4833547401595273,0,14.593149,NORMAL,scikit-learn IsolationForest.score_samples,0.5317130199347878,1.296361072562011,0,0.053408,NORMAL,NumPy RMS auf standardisiertem 128×3-Fenster
2026-09-18T19:03:37.331+02:00,820,0.28870402479616847,0.47720259914362284,0,0.148259,206.92591329203987,NORMAL,,PROFILE/P99,ai_edge_litert.Interpreter 2.1.6 num_threads=1,2026-09-18T19:03:36.701+02:00,14669518840504,14669534931818,0.367647,0.466148,16.091314,613.746234,629.837548,0,0,0,0,0,40.385415335813846,243220480,240959488,0.3882516486830446,0.4833547401595273,0,15.031686,NORMAL,scikit-learn IsolationForest.score_samples,0.5421905990261071,1.296361072562011,0,0.057926,NORMAL,NumPy RMS auf standardisiertem 128×3-Fenster
2026-09-18T19:03:37.948+02:00,821,0.28785778541421725,0.47720259914362284,0,0.140666,208.02244181482493,NORMAL,,PROFILE/P99,ai_edge_litert.Interpreter 2.1.6 num_threads=1,2026-09-18T19:03:37.321+02:00,14670135772086,14670151849900,0.375315,0.478499,16.077814,610.511053,626.588867,0,0,0,0,0,35.66137425018501,243220480,240959488,0.39767068343751993,0.4833547401595273,0,15.00713,NORMAL,scikit-learn IsolationForest.score_samples,0.5448206906698336,1.296361072562011,0,0.056926,NORMAL,NumPy RMS auf standardisiertem 128×3-Fenster
2026-09-18T19:03:38.576+02:00,822,0.28431151270415206,0.47720259914362284,0,0.23211,207.89613077144622,NORMAL,,PROFILE/P99,ai_edge_litert.Interpreter 2.1.6 num_threads=1,2026-09-18T19:03:37.940+02:00,14670754608520,14670779764546,0.572222,0.816054,25.156026,610.88198,636.038006,0,0,0,0,0,39.81276806845491,243220480,240959488,0.38805744232802664,0.4833547401595273,0,23.410732,NORMAL,scikit-learn IsolationForest.score_samples,0.5447502529501542,1.296361072562011,0,0.071259,NORMAL,NumPy RMS auf standardisiertem 128×3-Fenster
2026-09-18T19:03:39.215+02:00,823,0.28434976640760423,0.47720259914362284,0,0.340778,209.85422359038213,NORMAL,,PROFILE/P99,ai_edge_litert.Interpreter 2.1.6 num_threads=1,2026-09-18T19:03:38.565+02:00,14671373688862,14671419148457,1.287036,0.91911,45.459595,605.182006,650.641601,0,0,0,0,0,59.42302299458059,243220480,240959488,0.38354104323205823,0.4833547401595273,0,42.722357,NORMAL,scikit-learn IsolationForest.score_samples,0.5274303720349496,1.296361072562011,0,0.148352,NORMAL,NumPy RMS auf standardisiertem 128×3-Fenster
2026-09-18T19:03:39.818+02:00,824,0.2800424027637855,0.47720259914362284,0,0.313055,208.59930291960313,NORMAL,,PROFILE/P99,ai_edge_litert.Interpreter 2.1.6 num_threads=1,2026-09-18T19:03:39.177+02:00,14671989354932,14672021530265,1.301739,1.428202,32.175333,608.822744,640.998077,0,0,0,0,0,48.14319355553887,243220480,240959488,0.3799214051872154,0.4833547401595273,0,28.949448,NORMAL,scikit-learn IsolationForest.score_samples,0.5107429351801589,1.296361072562011,0,0.139944,NORMAL,NumPy RMS auf standardisiertem 128×3-Fenster
2026-09-18T19:03:40.528+02:00,825,nan,0.47720259914362284,-1,0.0,173.18506146569655,ERROR,"ValueError: Sensorfenster mit Lücke, Overrun oder Sättigung; Entscheidung ungültig",PROFILE/P99,ai_edge_litert.Interpreter 2.1.6 num_threads=1,2026-09-18T19:03:39.794+02:00,14672730801337,14672731455096,0.636407,0.0,0.653759,733.3196,733.973359,0,0,11,11,0,80.30130277280979,243220480,240959488,nan,0.4833547401595273,-1,0.0,ERROR,scikit-learn IsolationForest.score_samples,nan,1.296361072562011,-1,0.0,ERROR,NumPy RMS auf standardisiertem 128×3-Fenster
2026-09-18T19:03:41.071+02:00,826,0.2906320876660981,0.47720259914362284,0,0.225351,243.9266171318675,NORMAL,,PROFILE/P99,ai_edge_litert.Interpreter 2.1.6 num_threads=1,2026-09-18T19:03:40.529+02:00,14673253878426,14673274740401,0.794999,0.784814,20.861975,520.648388,541.510363,0,0,0,0,0,66.25792728007072,243220480,240959488,0.3889196349241662,0.4833547401595273,0,18.9267,NORMAL,scikit-learn IsolationForest.score_samples,0.5373030914304854,1.296361072562011,0,0.10213,NORMAL,NumPy RMS auf standardisiertem 128×3-Fenster
2026-09-18T19:03:41.690+02:00,827,0.27811795497426317,0.47720259914362284,0,0.235537,207.3220212071981,NORMAL,,PROFILE/P99,ai_edge_litert.Interpreter 2.1.6 num_threads=1,2026-09-18T19:03:41.057+02:00,14673872898774,14673893829601,0.801906,0.829018,20.930827,612.573615,633.504442,0,0,0,0,0,48.45810384054702,243220480,240959488,0.3842264822932057,0.4833547401595273,0,18.94207,NORMAL,scikit-learn IsolationForest.score_samples,0.5424284064928072,1.296361072562011,0,0.094296,NORMAL,NumPy RMS auf standardisiertem 128×3-Fenster
2026-09-18T19:03:42.307+02:00,828,0.26969492015424273,0.47720259914362284,0,0.316055,207.71413361660439,NORMAL,,PROFILE/P99,ai_edge_litert.Interpreter 2.1.6 num_threads=1,2026-09-18T19:03:41.675+02:00,14674490421347,14674511074378,0.763814,0.928369,20.653031,611.417229,632.07026,0,0,0,0,0,53.463067266123964,243220480,240959488,0.3863804777995309,0.4833547401595273,0,18.511793,NORMAL,scikit-learn IsolationForest.score_samples,0.5467264167659754,1.296361072562011,0,0.103203,NORMAL,NumPy RMS auf standardisiertem 128×3-Fenster
2026-09-18T19:03:42.924+02:00,829,0.2649694407632441,0.47720259914362284,0,0.264592,207.66102395525246,NORMAL,,PROFILE/P99,ai_edge_litert.Interpreter 2.1.6 num_threads=1,2026-09-18T19:03:42.293+02:00,14675108404643,14675128299175,0.678888,0.729796,19.894532,611.5736,631.468132,0,0,0,0,0,50.224380498101425,243220480,240959488,0.3878984992413043,0.4833547401595273,0,18.080608,NORMAL,scikit-learn IsolationForest.score_samples,0.5201221135965438,1.296361072562011,0,0.110685,NORMAL,NumPy RMS auf standardisiertem 128×3-Fenster
2026-09-18T19:03:43.542+02:00,830,0.3105572732586239,0.47720259914362284,0,0.138167,207.60406988914835,NORMAL,,PROFILE/P99,ai_edge_litert.Interpreter 2.1.6 num_threads=1,2026-09-18T19:03:42.911+02:00,14675726294626,14675745665492,0.662166,0.47937,19.370866,611.741379,631.112245,0,0,0,0,0,51.83329824277471,243220480,240959488,0.38704683028360776,0.4833547401595273,0,17.968257,NORMAL,scikit-learn IsolationForest.score_samples,0.5470529264539881,1.296361072562011,0,0.102278,NORMAL,NumPy RMS auf standardisiertem 128×3-Fenster
2026-09-18T19:03:44.164+02:00,831,0.2771292158908582,0.47720259914362284,0,0.241018,207.93255969715955,NORMAL,,PROFILE/P99,ai_edge_litert.Interpreter 2.1.6 num_threads=1,2026-09-18T19:03:43.529+02:00,14676343660074,14676368133268,0.717573,0.854499,24.473194,610.774956,635.24815,0,0,0,0,0,51.40490860160348,243220480,240959488,0.39166064765526415,0.4833547401595273,0,22.442622,NORMAL,scikit-learn IsolationForest.score_samples,0.5467890089675378,1.296361072562011,0,0.183778,NORMAL,NumPy RMS auf standardisiertem 128×3-Fenster
2026-09-18T19:03:44.779+02:00,832,0.28955478513118543,0.47720259914362284,0,0.265888,207.87589757845842,NORMAL,,PROFILE/P99,ai_edge_litert.Interpreter 2.1.6 num_threads=1,2026-09-18T19:03:44.147+02:00,14676961824930,14676982653609,0.711721,0.866332,20.828679,610.941439,631.770118,0,0,0,0,0,53.70366241937667,243220480,240959488,0.38797371374259415,0.4833547401595273,0,18.853015,NORMAL,scikit-learn IsolationForest.score_samples,0.5421575218695153,1.296361072562011,0,0.10474,NORMAL,NumPy RMS auf standardisiertem 128×3-Fenster
2026-09-18T19:03:45.395+02:00,833,0.3392457574543439,0.47720259914362284,0,0.287648,208.0415884505375,NORMAL,,PROFILE/P99,ai_edge_litert.Interpreter 2.1.6 num_threads=1,2026-09-18T19:03:44.764+02:00,14677578683918,14677599140487,0.712814,0.935962,20.456569,610.454866,630.911435,0,0,0,0,0,53.5297519229975,243220480,240959488,0.38998741947372056,0.4833547401595273,0,18.371793,NORMAL,scikit-learn IsolationForest.score_samples,0.5723547279187755,1.296361072562011,0,0.109722,NORMAL,NumPy RMS auf standardisiertem 128×3-Fenster
2026-09-18T19:03:46.012+02:00,834,0.27282962061957977,0.47720259914362284,0,0.223833,207.87597889944237,NORMAL,,PROFILE/P99,ai_edge_litert.Interpreter 2.1.6 num_threads=1,2026-09-18T19:03:45.382+02:00,14678197144072,14678215378403,0.655851,0.789147,18.234331,610.9412,629.175531,0,0,0,0,0,50.30622110809126,243220480,240959488,0.39008991354582406,0.4833547401595273,0,16.430777,NORMAL,scikit-learn IsolationForest.score_samples,0.5527110027004459,1.296361072562011,0,0.106463,NORMAL,NumPy RMS auf standardisiertem 128×3-Fenster
2026-09-18T19:03:46.633+02:00,835,0.27782431316497264,0.47720259914362284,0,0.246537,207.35897101255307,NORMAL,,PROFILE/P99,ai_edge_litert.Interpreter 2.1.6 num_threads=1,2026-09-18T19:03:46.000+02:00,14678815767857,14678837115073,0.76474,0.919573,21.347216,612.464459,633.811675,0,0,0,0,0,49.861427212431614,243220480,240959488,0.38417857767543556,0.4833547401595273,0,19.291996,NORMAL,scikit-learn IsolationForest.score_samples,0.5212151618640778,1.296361072562011,0,0.092333,NORMAL,NumPy RMS auf standardisiertem 128×3-Fenster
2026-09-18T19:03:47.252+02:00,836,0.257512290247224,0.47720259914362284,0,0.278074,206.89618511960248,NORMAL,,PROFILE/P99,ai_edge_litert.Interpreter 2.1.6 num_threads=1,2026-09-18T19:03:46.616+02:00,14679433619422,14679455432675,0.697537,0.909684,21.813253,613.834421,635.647674,0,0,0,0,0,50.13379715868731,243220480,240959488,0.3813471990021742,0.4833547401595273,0,19.796514,NORMAL,scikit-learn IsolationForest.score_samples,0.513486281353957,1.296361072562011,0,0.099796,NORMAL,NumPy RMS auf standardisiertem 128×3-Fenster
2026-09-18T19:03:47.868+02:00,837,0.25649863776962195,0.47720259914362284,0,0.270667,207.1986457744498,NORMAL,,PROFILE/P99,ai_edge_litert.Interpreter 2.1.6 num_threads=1,2026-09-18T19:03:47.234+02:00,14680050898823,14680072058669,0.976536,0.873702,21.159846,612.938369,634.098215,0,0,0,0,0,53.517048126612686,243220480,240959488,0.38958295548943717,0.4833547401595273,0,18.880182,NORMAL,scikit-learn IsolationForest.score_samples,0.5536356044853827,1.296361072562011,0,0.128703,NORMAL,NumPy RMS auf standardisiertem 128×3-Fenster
2026-09-18T19:03:48.485+02:00,838,0.31276055006744247,0.47720259914362284,0,0.250462,207.8764620630858,NORMAL,,PROFILE/P99,ai_edge_litert.Interpreter 2.1.6 num_threads=1,2026-09-18T19:03:47.854+02:00,14680668581373,14680689281904,0.725999,0.852499,20.700531,610.93978,631.640311,0,0,0,0,0,50.228231331212555,243220480,240959488,0.3842412356641154,0.4833547401595273,0,18.745331,NORMAL,scikit-learn IsolationForest.score_samples,0.5462506425334066,1.296361072562011,0,0.093907,NORMAL,NumPy RMS auf standardisiertem 128×3-Fenster
2026-09-18T19:03:49.110+02:00,839,0.2943020198274103,0.47720259914362284,0,0.267999,207.48889030961595,NORMAL,,PROFILE/P99,ai_edge_litert.Interpreter 2.1.6 num_threads=1,2026-09-18T19:03:48.471+02:00,14681286483182,14681314235928,0.779351,0.923055,27.752746,612.080964,639.83371,0,0,0,0,0,51.199409445480285,243220480,240959488,0.3870122921796667,0.4833547401595273,0,25.63536,NORMAL,scikit-learn IsolationForest.score_samples,0.5414868531124984,1.296361072562011,0,0.109185,NORMAL,NumPy RMS auf standardisiertem 128×3-Fenster
2026-09-18T19:03:49.720+02:00,840,0.2649258011241411,0.47720259914362284,0,0.215,209.22252460112168,NORMAL,,PROFILE/P99,ai_edge_litert.Interpreter 2.1.6 num_threads=1,2026-09-18T19:03:49.093+02:00,14681904180920,14681924162416,0.764981,0.781073,19.981496,607.009213,626.990709,0,0,0,0,0,50.827470148321744,243220480,240959488,0.3882264068088927,0.4833547401595273,0,18.076757,NORMAL,scikit-learn IsolationForest.score_samples,0.5585229211436542,1.296361072562011,0,0.111667,NORMAL,NumPy RMS auf standardisiertem 128×3-Fenster
2026-09-18T19:03:50.339+02:00,841,0.2678594159441741,0.47720259914362284,0,0.285981,207.56283394408453,NORMAL,,PROFILE/P99,ai_edge_litert.Interpreter 2.1.6 num_threads=1,2026-09-18T19:03:49.706+02:00,14682522108621,14682543103949,0.712722,0.862351,20.995328,611.862912,632.85824,0,0,0,0,0,53.31468047616674,243220480,240959488,0.386747574954039,0.4833547401595273,0,18.9987,NORMAL,scikit-learn IsolationForest.score_samples,0.5391902562210612,1.296361072562011,0,0.105482,NORMAL,NumPy RMS auf standardisiertem 128×3-Fenster
2026-09-18T19:03:50.959+02:00,842,0.29454624612405905,0.47720259914362284,0,0.270814,207.39072276630353,NORMAL,,PROFILE/P99,ai_edge_litert.Interpreter 2.1.6 num_threads=1,2026-09-18T19:03:50.324+02:00,14683140613990,14683162561095,1.017295,0.991166,21.947105,612.37069,634.317795,0,0,0,0,0,50.0451634191372,243220480,240959488,0.3856921599069598,0.4833547401595273,0,19.514904,NORMAL,scikit-learn IsolationForest.score_samples,0.5404992738944997,1.296361072562011,0,0.114648,NORMAL,NumPy RMS auf standardisiertem 128×3-Fenster
2026-09-18T19:03:51.572+02:00,843,0.2889070770614146,0.47720259914362284,0,0.218981,207.63388202058078,NORMAL,,PROFILE/P99,ai_edge_litert.Interpreter 2.1.6 num_threads=1,2026-09-18T19:03:50.942+02:00,14683757032085,14683775858434,0.698907,0.810777,18.826349,611.653545,630.479894,0,0,0,0,0,52.178506538548106,243220480,240959488,0.38961583709223374,0.4833547401595273,0,16.966703,NORMAL,scikit-learn IsolationForest.score_samples,0.5397793219136872,1.296361072562011,0,0.102907,NORMAL,NumPy RMS auf standardisiertem 128×3-Fenster
2026-09-18T19:03:52.194+02:00,844,0.31185851585949703,0.47720259914362284,0,0.239722,207.57370109788133,NORMAL,,PROFILE/P99,ai_edge_litert.Interpreter 2.1.6 num_threads=1,2026-09-18T19:03:51.559+02:00,14684374847568,14684397431672,0.714685,0.873202,22.584104,611.830879,634.414983,0,0,0,0,0,49.8721602784483,243220480,240959488,0.3864652295691777,0.4833547401595273,0,20.632495,NORMAL,scikit-learn IsolationForest.score_samples,0.5670723991507145,1.296361072562011,0,0.096333,NORMAL,NumPy RMS auf standardisiertem 128×3-Fenster
2026-09-18T19:03:52.811+02:00,845,0.30241661564148853,0.47720259914362284,0,0.298185,207.89137455020244,NORMAL,,PROFILE/P99,ai_edge_litert.Interpreter 2.1.6 num_threads=1,2026-09-18T19:03:52.179+02:00,14684994005052,14685014755787,0.925221,0.919073,20.750735,610.895956,631.646691,0,0,0,0,0,51.83686045179811,243220480,240959488,0.3822497882895165,0.4833547401595273,0,18.477553,NORMAL,scikit-learn IsolationForest.score_samples,0.5679435785061342,1.296361072562011,0,0.098703,NORMAL,NumPy RMS auf standardisiertem 128×3-Fenster
2026-09-18T19:03:53.427+02:00,846,0.288004169707726,0.47720259914362284,0,0.288463,208.01090244431006,NORMAL,,PROFILE/P99,ai_edge_litert.Interpreter 2.1.6 num_threads=1,2026-09-18T19:03:52.797+02:00,14685610910317,14685630998849,0.886906,1.038777,20.088532,610.544921,630.633453,0,0,0,0,0,50.30650552947212,243220480,240959488,0.38649038740264136,0.4833547401595273,0,17.733462,NORMAL,scikit-learn IsolationForest.score_samples,0.554160615495948,1.296361072562011,0,0.098703,NORMAL,NumPy RMS auf standardisiertem 128×3-Fenster
2026-09-18T19:03:54.044+02:00,847,0.3219834047711127,0.47720259914362284,0,0.251648,207.76918784154935,NORMAL,,PROFILE/P99,ai_edge_litert.Interpreter 2.1.6 num_threads=1,2026-09-18T19:03:53.414+02:00,14686229369044,14686247692782,0.644517,0.770148,18.323738,611.255217,629.578955,0,0,0,0,0,48.644759434408655,243220480,240959488,0.3857708272265731,0.4833547401595273,0,16.526296,NORMAL,scikit-learn IsolationForest.score_samples,0.5660079763613894,1.296361072562011,0,0.096296,NORMAL,NumPy RMS auf standardisiertem 128×3-Fenster
2026-09-18T19:03:54.664+02:00,848,0.26094517632232206,0.47720259914362284,0,0.234982,207.83760620749203,NORMAL,,PROFILE/P99,ai_edge_litert.Interpreter 2.1.6 num_threads=1,2026-09-18T19:03:54.032+02:00,14686846397589,14686868052972,0.74024,0.849592,21.655383,611.053997,632.70938,0,0,0,0,0,56.41894405974375,243220480,240959488,0.3799327046148401,0.4833547401595273,0,19.6432,NORMAL,scikit-learn IsolationForest.score_samples,0.5321033168188685,1.296361072562011,0,0.130537,NORMAL,NumPy RMS auf standardisiertem 128×3-Fenster
2026-09-18T19:03:55.280+02:00,849,0.2818523540757016,0.47720259914362284,0,0.243592,207.19356378220482,NORMAL,,PROFILE/P99,ai_edge_litert.Interpreter 2.1.6 num_threads=1,2026-09-18T19:03:54.649+02:00,14687465387226,14687484217335,0.831647,0.864888,18.830109,612.953403,631.783512,0,0,0,0,0,50.312891898303874,243220480,240959488,0.3839419203344068,0.4833547401595273,0,16.774147,NORMAL,scikit-learn IsolationForest.score_samples,0.5327005917514439,1.296361072562011,0,0.083759,NORMAL,NumPy RMS auf standardisiertem 128×3-Fenster
2026-09-18T19:03:55.904+02:00,850,0.2710176515460792,0.47720259914362284,0,0.264481,207.01790839876804,NORMAL,,PROFILE/P99,ai_edge_litert.Interpreter 2.1.6 num_threads=1,2026-09-18T19:03:55.266+02:00,14688083206995,14688107835338,0.801907,0.861276,24.628343,613.473496,638.101839,0,0,0,0,0,51.31146952901755,243220480,240959488,0.3830726332405065,0.4833547401595273,0,22.560827,NORMAL,scikit-learn IsolationForest.score_samples,0.5346158106241309,1.296361072562011,0,0.103704,NORMAL,NumPy RMS auf standardisiertem 128×3-Fenster
2026-09-18T19:03:56.518+02:00,851,0.2842760175349734,0.47720259914362284,0,0.288,208.71794476524462,NORMAL,,PROFILE/P99,ai_edge_litert.Interpreter 2.1.6 num_threads=1,2026-09-18T19:03:55.889+02:00,14688700862840,14688721793020,0.901147,0.913499,20.93018,608.47667,629.40685,0,0,0,0,0,52.12000396366183,243220480,240959488,0.3795934067532043,0.4833547401595273,0,18.649849,NORMAL,scikit-learn IsolationForest.score_samples,0.5463682892176526,1.296361072562011,0,0.139685,NORMAL,NumPy RMS auf standardisiertem 128×3-Fenster
2026-09-18T19:03:57.137+02:00,852,0.2827079279452369,0.47720259914362284,0,0.282074,207.85007679037454,NORMAL,,PROFILE/P99,ai_edge_litert.Interpreter 2.1.6 num_threads=1,2026-09-18T19:03:56.504+02:00,14689318604445,14689340357217,0.677129,0.867962,21.752772,611.017335,632.770107,0,0,0,0,0,50.1185321068321,243220480,240959488,0.38642806429344484,0.4833547401595273,0,19.793608,NORMAL,scikit-learn IsolationForest.score_samples,0.536919559797487,1.296361072562011,0,0.100463,NORMAL,NumPy RMS auf standardisiertem 128×3-Fenster
2026-09-18T19:03:57.752+02:00,853,0.33647718451715986,0.47720259914362284,0,0.238296,207.85013938176672,NORMAL,,PROFILE/P99,ai_edge_litert.Interpreter 2.1.6 num_threads=1,2026-09-18T19:03:57.121+02:00,14689936041052,14689956124789,0.691148,0.828406,20.083737,611.017151,631.100888,0,0,0,0,0,51.967896260505,243220480,240959488,0.3911803344653611,0.4833547401595273,0,18.195535,NORMAL,scikit-learn IsolationForest.score_samples,0.5503237450801494,1.296361072562011,0,0.099407,NORMAL,NumPy RMS auf standardisiertem 128×3-Fenster
2026-09-18T19:03:58.373+02:00,854,0.2781722430493567,0.47720259914362284,0,0.213796,207.704792599683,NORMAL,,PROFILE/P99,ai_edge_litert.Interpreter 2.1.6 num_threads=1,2026-09-18T19:03:57.738+02:00,14690553551790,14690576584468,0.782925,0.781573,23.032678,611.444726,634.477404,0,0,0,0,0,51.57394751002944,243220480,240959488,0.3887156009319131,0.4833547401595273,0,21.116254,NORMAL,scikit-learn IsolationForest.score_samples,0.5483492212684304,1.296361072562011,0,0.102074,NORMAL,NumPy RMS auf standardisiertem 128×3-Fenster
2026-09-18T19:03:58.988+02:00,855,0.29561000782904046,0.47720259914362284,0,0.23113,207.32331881059602,NORMAL,,PROFILE/P99,ai_edge_litert.Interpreter 2.1.6 num_threads=1,2026-09-18T19:03:58.356+02:00,14691172283231,14691191325118,0.819962,0.809555,19.041887,612.569781,631.611668,0,0,0,0,0,52.05035937982483,243220480,240959488,0.38406508341281886,0.4833547401595273,0,17.033148,NORMAL,scikit-learn IsolationForest.score_samples,0.5411333434810582,1.296361072562011,0,0.119463,NORMAL,NumPy RMS auf standardisiertem 128×3-Fenster
2026-09-18T19:03:59.615+02:00,856,0.28680964241587975,0.47720259914362284,0,0.329925,207.6932864044629,NORMAL,,PROFILE/P99,ai_edge_litert.Interpreter 2.1.6 num_threads=1,2026-09-18T19:03:58.974+02:00,14691789511547,14691818582162,0.628425,1.019276,29.070615,611.4786,640.549215,0,0,0,0,0,51.017283436020946,243220480,240959488,0.3874239295720005,0.4833547401595273,0,26.939711,NORMAL,scikit-learn IsolationForest.score_samples,0.5374062279691686,1.296361072562011,0,0.109092,NORMAL,NumPy RMS auf standardisiertem 128×3-Fenster
2026-09-18T19:04:00.223+02:00,857,0.32854717282404994,0.47720259914362284,0,0.270093,208.61327277078675,NORMAL,,PROFILE/P99,ai_edge_litert.Interpreter 2.1.6 num_threads=1,2026-09-18T19:03:59.594+02:00,14692406431937,14692427215414,0.675925,0.823073,20.783477,608.781974,629.565451,0,0,0,0,0,54.22268170930188,243220480,240959488,0.3908052531545648,0.4833547401595273,0,18.884887,NORMAL,scikit-learn IsolationForest.score_samples,0.5529053443501489,1.296361072562011,0,0.102481,NORMAL,NumPy RMS auf standardisiertem 128×3-Fenster
2026-09-18T19:04:00.845+02:00,858,0.29918352273841364,0.47720259914362284,0,0.215852,207.63204010948775,NORMAL,,PROFILE/P99,ai_edge_litert.Interpreter 2.1.6 num_threads=1,2026-09-18T19:04:00.211+02:00,14693026059733,14693048326375,0.836573,0.798703,22.266642,611.658971,633.925613,0,0,0,0,0,51.52042514279143,243220480,240959488,0.3965921180451681,0.4833547401595273,0,20.262477,NORMAL,scikit-learn IsolationForest.score_samples,0.5606582481733247,1.296361072562011,0,0.118556,NORMAL,NumPy RMS auf standardisiertem 128×3-Fenster
2026-09-18T19:04:01.460+02:00,859,0.290237803195234,0.47720259914362284,0,0.21524,206.85490609711593,NORMAL,,PROFILE/P99,ai_edge_litert.Interpreter 2.1.6 num_threads=1,2026-09-18T19:04:00.826+02:00,14693644057107,14693663761326,0.794925,0.800314,19.704219,613.956915,633.661134,0,0,0,0,0,53.61912975100972,243220480,240959488,0.3844913975590527,0.4833547401595273,0,17.757499,NORMAL,scikit-learn IsolationForest.score_samples,0.5404963013241197,1.296361072562011,0,0.10774,NORMAL,NumPy RMS auf standardisiertem 128×3-Fenster
2026-09-18T19:04:02.077+02:00,860,0.27551589045739266,0.47720259914362284,0,0.237685,207.63787282690066,NORMAL,,PROFILE/P99,ai_edge_litert.Interpreter 2.1.6 num_threads=1,2026-09-18T19:04:01.444+02:00,14694259920928,14694281294942,0.762481,0.882332,21.374014,611.641789,633.015803,0,0,0,0,0,48.58032069009464,243220480,240959488,0.3852694896398734,0.4833547401595273,0,19.35359,NORMAL,scikit-learn IsolationForest.score_samples,0.5394078923040908,1.296361072562011,0,0.106741,NORMAL,NumPy RMS auf standardisiertem 128×3-Fenster
2026-09-18T19:04:02.698+02:00,861,0.3100825665826976,0.47720259914362284,0,0.341647,207.38318224548618,NORMAL,,PROFILE/P99,ai_edge_litert.Interpreter 2.1.6 num_threads=1,2026-09-18T19:04:02.062+02:00,14694878378378,14694901338798,0.967647,1.165925,22.96042,612.392956,635.353376,0,0,0,0,0,54.834567279732276,243220480,240959488,0.38407350576344496,0.4833547401595273,0,20.320237,NORMAL,scikit-learn IsolationForest.score_samples,0.5497661217152002,1.296361072562011,0,0.119,NORMAL,NumPy RMS auf standardisiertem 128×3-Fenster
2026-09-18T19:04:03.314+02:00,862,0.29609399868069913,0.47720259914362284,0,0.292592,207.7047888630367,NORMAL,,PROFILE/P99,ai_edge_litert.Interpreter 2.1.6 num_threads=1,2026-09-18T19:04:02.682+02:00,14695497009144,14695518270732,0.710036,0.906481,21.261588,611.444737,632.706325,0,0,0,0,0,48.629542259110586,243220480,240959488,0.39092376500059084,0.4833547401595273,0,19.228349,NORMAL,scikit-learn IsolationForest.score_samples,0.544751867456977,1.296361072562011,0,0.091537,NORMAL,NumPy RMS auf standardisiertem 128×3-Fenster
2026-09-18T19:04:03.933+02:00,863,0.2661456144918768,0.47720259914362284,0,0.211204,207.84794258252631,NORMAL,,PROFILE/P99,ai_edge_litert.Interpreter 2.1.6 num_threads=1,2026-09-18T19:04:03.299+02:00,14696114146968,14696136343499,0.767129,0.790943,22.196531,611.023609,633.22014,0,0,0,0,0,51.773580026373956,243220480,240959488,0.3870911091118303,0.4833547401595273,0,20.29933,NORMAL,scikit-learn IsolationForest.score_samples,0.5343421031779634,1.296361072562011,0,0.098722,NORMAL,NumPy RMS auf standardisiertem 128×3-Fenster
2026-09-18T19:04:04.547+02:00,864,0.24684499057953038,0.47720259914362284,0,0.205852,207.53328333415325,NORMAL,,PROFILE/P99,ai_edge_litert.Interpreter 2.1.6 num_threads=1,2026-09-18T19:04:03.916+02:00,14696731917552,14696750567754,0.842851,0.769462,18.650202,611.950035,630.600237,0,0,0,0,0,52.09657234079059,243220480,240959488,0.38630525881699124,0.4833547401595273,0,16.699426,NORMAL,scikit-learn IsolationForest.score_samples,0.531506756901755,1.296361072562011,0,0.103333,NORMAL,NumPy RMS auf standardisiertem 128×3-Fenster
2026-09-18T19:04:05.164+02:00,865,0.2825339215957849,0.47720259914362284,0,0.238833,207.4875852090655,NORMAL,,PROFILE/P99,ai_edge_litert.Interpreter 2.1.6 num_threads=1,2026-09-18T19:04:04.534+02:00,14697349640545,14697367972543,0.510684,0.872592,18.331998,612.084814,630.416812,0,0,0,0,0,55.06903975554649,243220480,240959488,0.3822267737673761,0.4833547401595273,0,16.572445,NORMAL,scikit-learn IsolationForest.score_samples,0.533710506588928,1.296361072562011,0,0.108926,NORMAL,NumPy RMS auf standardisiertem 128×3-Fenster
2026-09-18T19:04:05.784+02:00,866,0.3105694406051593,0.47720259914362284,0,0.230055,207.10794601173987,NORMAL,,PROFILE/P99,ai_edge_litert.Interpreter 2.1.6 num_threads=1,2026-09-18T19:04:05.152+02:00,14697968662686,14697987603721,0.775314,0.732277,18.941035,613.206796,632.147831,0,0,0,0,0,50.03127164286674,243220480,240959488,0.3850568398887175,0.4833547401595273,0,17.070926,NORMAL,scikit-learn IsolationForest.score_samples,0.548292085430518,1.296361072562011,0,0.106926,NORMAL,NumPy RMS auf standardisiertem 128×3-Fenster
2026-09-18T19:04:06.402+02:00,867,0.2700282894987236,0.47720259914362284,0,0.229296,207.5981396421277,NORMAL,,PROFILE/P99,ai_edge_litert.Interpreter 2.1.6 num_threads=1,2026-09-18T19:04:05.771+02:00,14698586541459,14698606051771,0.667462,0.857703,19.510312,611.758854,631.269166,0,0,0,0,0,54.97622125623128,243220480,240959488,0.38195098443319114,0.4833547401595273,0,17.627148,NORMAL,scikit-learn IsolationForest.score_samples,0.5284851231185665,1.296361072562011,0,0.100148,NORMAL,NumPy RMS auf standardisiertem 128×3-Fenster
2026-09-18T19:04:07.022+02:00,868,0.27810781386344746,0.47720259914362284,0,0.252907,208.5849570726492,NORMAL,,PROFILE/P99,ai_edge_litert.Interpreter 2.1.6 num_threads=1,2026-09-18T19:04:06.391+02:00,14699203958548,14699226183765,0.849166,0.831795,22.225217,608.864617,631.089834,0,0,0,0,0,49.98893664209042,243220480,240959488,0.38350758511608685,0.4833547401595273,0,20.154145,NORMAL,scikit-learn IsolationForest.score_samples,0.5217677352809371,1.296361072562011,0,0.111222,NORMAL,NumPy RMS auf standardisiertem 128×3-Fenster
2026-09-18T19:04:07.640+02:00,869,0.3037336223103182,0.47720259914362284,0,0.2915,207.5099023153507,NORMAL,,PROFILE/P99,ai_edge_litert.Interpreter 2.1.6 num_threads=1,2026-09-18T19:04:07.006+02:00,14699822229324,14699843828893,0.882814,0.860295,21.599569,612.018986,633.618555,0,0,0,0,0,50.19060749384302,243220480,240959488,0.3896709480772445,0.4833547401595273,0,19.44159,NORMAL,scikit-learn IsolationForest.score_samples,0.5555537217856152,1.296361072562011,0,0.094703,NORMAL,NumPy RMS auf standardisiertem 128×3-Fenster
2026-09-18T19:04:08.258+02:00,870,0.2820724766234524,0.47720259914362284,0,0.291574,207.0794965354793,NORMAL,,PROFILE/P99,ai_edge_litert.Interpreter 2.1.6 num_threads=1,2026-09-18T19:04:07.623+02:00,14700439621583,14700461754818,0.751221,0.922147,22.133235,613.291041,635.424276,0,0,0,0,0,48.55010516178717,243220480,240959488,0.3906159886640069,0.4833547401595273,0,20.04096,NORMAL,scikit-learn IsolationForest.score_samples,0.539135406890078,1.296361072562011,0,0.09537,NORMAL,NumPy RMS auf standardisiertem 128×3-Fenster
2026-09-18T19:04:08.874+02:00,871,0.3178498029309888,0.47720259914362284,0,0.267648,208.17148990310497,NORMAL,,PROFILE/P99,ai_edge_litert.Interpreter 2.1.6 num_threads=1,2026-09-18T19:04:08.242+02:00,14701056268529,14701077419247,0.718573,0.924184,21.150718,610.073935,631.224653,0,0,0,0,0,64.96824799517493,243220480,240959488,0.38331870259596695,0.4833547401595273,0,19.090646,NORMAL,scikit-learn IsolationForest.score_samples,0.5526665457088751,1.296361072562011,0,0.117222,NORMAL,NumPy RMS auf standardisiertem 128×3-Fenster
2026-09-18T19:04:09.493+02:00,872,0.26486329658075053,0.47720259914362284,0,0.276425,207.25047645211848,NORMAL,,PROFILE/P99,ai_edge_litert.Interpreter 2.1.6 num_threads=1,2026-09-18T19:04:08.859+02:00,14701675403066,14701696953821,0.846499,0.889851,21.550755,612.785081,634.335836,0,0,0,0,0,51.6535672466606,243220480,240959488,0.3818477399039959,0.4833547401595273,0,19.412146,NORMAL,scikit-learn IsolationForest.score_samples,0.5220418734800023,1.296361072562011,0,0.094445,NORMAL,NumPy RMS auf standardisiertem 128×3-Fenster
2026-09-18T19:04:10.114+02:00,873,0.294698179126736,0.47720259914362284,0,0.239111,207.71702030582057,NORMAL,,PROFILE/P99,ai_edge_litert.Interpreter 2.1.6 num_threads=1,2026-09-18T19:04:09.478+02:00,14702293673347,14702318097302,0.96698,0.88561,24.423955,611.408732,635.832687,0,0,0,0,0,51.51730696318891,243220480,240959488,0.38434534879896787,0.4833547401595273,0,22.174773,NORMAL,scikit-learn IsolationForest.score_samples,0.5531519895721,1.296361072562011,0,0.124241,NORMAL,NumPy RMS auf standardisiertem 128×3-Fenster
2026-09-18T19:04:10.726+02:00,874,0.2991463096760289,0.47720259914362284,0,0.233926,207.06358856609734,NORMAL,,PROFILE/P99,ai_edge_litert.Interpreter 2.1.6 num_threads=1,2026-09-18T19:04:10.094+02:00,14702911464981,14702929935109,1.050721,0.877869,18.470128,613.338158,631.808286,0,0,0,0,0,52.30646920639432,243220480,240959488,0.3849536267271162,0.4833547401595273,0,16.21963,NORMAL,scikit-learn IsolationForest.score_samples,0.5587463547483315,1.296361072562011,0,0.059037,NORMAL,NumPy RMS auf standardisiertem 128×3-Fenster
2026-09-18T19:04:11.345+02:00,875,0.2900467323742251,0.47720259914362284,0,0.214074,207.302635240893,NORMAL,,PROFILE/P99,ai_edge_litert.Interpreter 2.1.6 num_threads=1,2026-09-18T19:04:10.712+02:00,14703528115654,14703548638947,0.698777,0.775,20.523293,612.6309,633.154193,0,0,0,0,0,48.484407012203896,243220480,240959488,0.3984636949908377,0.4833547401595273,0,18.720831,NORMAL,scikit-learn IsolationForest.score_samples,0.5551294918176406,1.296361072562011,0,0.088278,NORMAL,NumPy RMS auf standardisiertem 128×3-Fenster
2026-09-18T19:04:11.961+02:00,876,0.3019014545116991,0.47720259914362284,0,0.224796,207.7440062541742,NORMAL,,PROFILE/P99,ai_edge_litert.Interpreter 2.1.6 num_threads=1,2026-09-18T19:04:11.330+02:00,14704145487199,14704164535734,0.761017,0.818333,19.048535,611.32931,630.377845,0,0,0,0,0,50.33328591185193,243220480,240959488,0.3871003920890152,0.4833547401595273,0,17.110685,NORMAL,scikit-learn IsolationForest.score_samples,0.5336884798753455,1.296361072562011,0,0.101629,NORMAL,NumPy RMS auf standardisiertem 128×3-Fenster
2026-09-18T19:04:12.580+02:00,877,0.257870750613266,0.47720259914362284,0,0.256925,207.4128544113255,NORMAL,,PROFILE/P99,ai_edge_litert.Interpreter 2.1.6 num_threads=1,2026-09-18T19:04:11.948+02:00,14704763925688,14704783822130,0.69711,0.800851,19.896442,612.305348,632.20179,0,0,0,0,0,51.6710789434421,243220480,240959488,0.3842856691520949,0.4833547401595273,0,18.011184,NORMAL,scikit-learn IsolationForest.score_samples,0.5108758904308092,1.296361072562011,0,0.10437,NORMAL,NumPy RMS auf standardisiertem 128×3-Fenster
2026-09-18T19:04:13.202+02:00,878,0.2646902703763292,0.47720259914362284,0,0.233241,207.45824918662032,NORMAL,,PROFILE/P99,ai_edge_litert.Interpreter 2.1.6 num_threads=1,2026-09-18T19:04:12.566+02:00,14705382084771,14705405487672,0.75274,0.821203,23.402901,612.171367,635.574268,0,0,0,0,0,49.86560960841731,243220480,240959488,0.38732422626580093,0.4833547401595273,0,21.460847,NORMAL,scikit-learn IsolationForest.score_samples,0.5290665511048335,1.296361072562011,0,0.103871,NORMAL,NumPy RMS auf standardisiertem 128×3-Fenster
2026-09-18T19:04:13.818+02:00,879,0.26771055107650926,0.47720259914362284,0,0.342684,207.23794143039996,NORMAL,,PROFILE/P99,ai_edge_litert.Interpreter 2.1.6 num_threads=1,2026-09-18T19:04:13.184+02:00,14706000808281,14706021601055,0.940314,1.100684,20.792774,612.822146,633.61492,0,0,0,0,0,51.93970188212064,243220480,240959488,0.3880872535073174,0.4833547401595273,0,18.272906,NORMAL,scikit-learn IsolationForest.score_samples,0.5323818210131148,1.296361072562011,0,0.088555,NORMAL,NumPy RMS auf standardisiertem 128×3-Fenster
2026-09-18T19:04:14.436+02:00,880,0.30499610464089594,0.47720259914362284,0,0.24274,207.95881846864387,NORMAL,,PROFILE/P99,ai_edge_litert.Interpreter 2.1.6 num_threads=1,2026-09-18T19:04:13.803+02:00,14706617772942,14706639368623,0.699,0.883332,21.595681,610.697834,632.293515,0,0,0,0,0,50.18133226757139,243220480,240959488,0.3823404351223679,0.4833547401595273,0,19.644979,NORMAL,scikit-learn IsolationForest.score_samples,0.547226394624895,1.296361072562011,0,0.09087,NORMAL,NumPy RMS auf standardisiertem 128×3-Fenster
2026-09-18T19:04:15.056+02:00,881,0.2781123021082988,0.47720259914362284,0,0.23124,207.56453757587403,NORMAL,,PROFILE/P99,ai_edge_litert.Interpreter 2.1.6 num_threads=1,2026-09-18T19:04:14.420+02:00,14707235741585,14707259587949,0.779184,0.834203,23.846364,611.85789,635.704254,0,0,0,0,0,54.819783766009515,243220480,240959488,0.3870904826685021,0.4833547401595273,0,21.871625,NORMAL,scikit-learn IsolationForest.score_samples,0.5273692907994052,1.296361072562011,0,0.103389,NORMAL,NumPy RMS auf standardisiertem 128×3-Fenster
2026-09-18T19:04:15.671+02:00,882,0.24599565163913395,0.47720259914362284,0,0.231962,208.87151223367928,NORMAL,,PROFILE/P99,ai_edge_litert.Interpreter 2.1.6 num_threads=1,2026-09-18T19:04:15.042+02:00,14707854185951,14707874503319,0.690222,0.853166,20.317368,608.029303,628.346671,0,0,0,0,0,50.411442009253236,243220480,240959488,0.38305712392478836,0.4833547401595273,0,18.392444,NORMAL,scikit-learn IsolationForest.score_samples,0.5090809942150726,1.296361072562011,0,0.119555,NORMAL,NumPy RMS auf standardisiertem 128×3-Fenster
2026-09-18T19:04:16.286+02:00,883,0.28180715669721934,0.47720259914362284,0,0.241148,207.797022716328,NORMAL,,PROFILE/P99,ai_edge_litert.Interpreter 2.1.6 num_threads=1,2026-09-18T19:04:15.656+02:00,14708471045320,14708489790319,0.780759,0.861888,18.744999,611.173338,629.918337,0,0,0,0,0,50.38349396439413,243220480,240959488,0.3842071361328727,0.4833547401595273,0,16.731612,NORMAL,scikit-learn IsolationForest.score_samples,0.5520110475268575,1.296361072562011,0,0.099944,NORMAL,NumPy RMS auf standardisiertem 128×3-Fenster
2026-09-18T19:04:16.907+02:00,884,0.2645822151171536,0.47720259914362284,0,0.279722,207.16631004699187,NORMAL,,PROFILE/P99,ai_edge_litert.Interpreter 2.1.6 num_threads=1,2026-09-18T19:04:16.273+02:00,14709089833947,14709111008703,0.698074,0.901295,21.174756,613.03404,634.208796,0,0,0,0,0,48.29292883439735,243220480,240959488,0.39099618603010283,0.4833547401595273,0,19.166405,NORMAL,scikit-learn IsolationForest.score_samples,0.5291632077363095,1.296361072562011,0,0.097389,NORMAL,NumPy RMS auf standardisiertem 128×3-Fenster
2026-09-18T19:04:17.528+02:00,885,0.30114652834629635,0.47720259914362284,0,0.232463,207.68727362199604,NORMAL,,PROFILE/P99,ai_edge_litert.Interpreter 2.1.6 num_threads=1,2026-09-18T19:04:16.893+02:00,14709708075706,14709731858144,0.986185,1.010739,23.782438,611.496303,635.278741,0,0,0,0,0,53.15324644054688,243220480,240959488,0.3966721875634088,0.4833547401595273,0,21.422681,NORMAL,scikit-learn IsolationForest.score_samples,0.5608080282314616,1.296361072562011,0,0.100296,NORMAL,NumPy RMS auf standardisiertem 128×3-Fenster
2026-09-18T19:04:18.140+02:00,886,0.3090350408318135,0.47720259914362284,0,0.224241,207.2725440064092,NORMAL,,PROFILE/P99,ai_edge_litert.Interpreter 2.1.6 num_threads=1,2026-09-18T19:04:17.509+02:00,14710325421912,14710344247985,0.808258,0.803481,18.826073,612.71984,631.545913,0,0,0,0,0,48.98856406224484,243220480,240959488,0.38253396740094625,0.4833547401595273,0,16.865427,NORMAL,scikit-learn IsolationForest.score_samples,0.5500081891871204,1.296361072562011,0,0.092778,NORMAL,NumPy RMS auf standardisiertem 128×3-Fenster
2026-09-18T19:04:18.761+02:00,887,0.29268939409342326,0.47720259914362284,0,0.355462,207.53947238164878,NORMAL,,PROFILE/P99,ai_edge_litert.Interpreter 2.1.6 num_threads=1,2026-09-18T19:04:18.128+02:00,14710943302488,14710964448263,0.84237,0.953369,21.145775,611.931786,633.077561,0,0,0,0,0,51.59552435514648,243220480,240959488,0.3884397490832369,0.4833547401595273,0,18.848277,NORMAL,scikit-learn IsolationForest.score_samples,0.5415020061105347,1.296361072562011,0,0.105389,NORMAL,NumPy RMS auf standardisiertem 128×3-Fenster
2026-09-18T19:04:19.380+02:00,888,0.26992127440361696,0.47720259914362284,0,0.221241,208.02107411380234,NORMAL,,PROFILE/P99,ai_edge_litert.Interpreter 2.1.6 num_threads=1,2026-09-18T19:04:18.747+02:00,14711561146955,14711583723006,1.006462,0.860147,22.576051,610.515067,633.091118,0,0,0,0,0,50.05633267027563,243220480,240959488,0.384993126420678,0.4833547401595273,0,20.337664,NORMAL,scikit-learn IsolationForest.score_samples,0.5466734053171849,1.296361072562011,0,0.115981,NORMAL,NumPy RMS auf standardisiertem 128×3-Fenster
2026-09-18T19:04:19.994+02:00,889,0.27831345400893487,0.47720259914362284,0,0.140092,207.7819735048076,NORMAL,,PROFILE/P99,ai_edge_litert.Interpreter 2.1.6 num_threads=1,2026-09-18T19:04:19.364+02:00,14712178563331,14712197719792,0.398962,0.478759,19.156461,611.217604,630.374065,0,0,0,0,0,48.86109096727562,243220480,240959488,0.3879484137788901,0.4833547401595273,0,18.002444,NORMAL,scikit-learn IsolationForest.score_samples,0.5340732272881776,1.296361072562011,0,0.115148,NORMAL,NumPy RMS auf standardisiertem 128×3-Fenster
2026-09-18T19:04:20.620+02:00,890,0.298120225935629,0.47720259914362284,0,0.30137,208.06883674686753,NORMAL,,PROFILE/P99,ai_edge_litert.Interpreter 2.1.6 num_threads=1,2026-09-18T19:04:19.981+02:00,14712795450209,14712823957179,0.831647,0.998147,28.50697,610.374922,638.881892,0,0,0,0,0,52.690072238648376,243220480,240959488,0.38804875204535133,0.4833547401595273,0,26.223269,NORMAL,scikit-learn IsolationForest.score_samples,0.5631281800418287,1.296361072562011,0,0.111556,NORMAL,NumPy RMS auf standardisiertem 128×3-Fenster
2026-09-18T19:04:21.232+02:00,891,0.2840317697733874,0.47720259914362284,0,0.22074,208.34023904670306,NORMAL,,PROFILE/P99,ai_edge_litert.Interpreter 2.1.6 num_threads=1,2026-09-18T19:04:20.601+02:00,14713414748122,14713436087563,0.827129,0.811259,21.339441,609.579794,630.919235,0,0,0,0,0,52.28346728097105,243220480,240959488,0.3835305705333374,0.4833547401595273,0,19.310499,NORMAL,scikit-learn IsolationForest.score_samples,0.532051345546563,1.296361072562011,0,0.141259,NORMAL,NumPy RMS auf standardisiertem 128×3-Fenster
2026-09-18T19:04:21.850+02:00,892,0.3181330511455182,0.47720259914362284,0,0.239592,207.57203395584932,NORMAL,,PROFILE/P99,ai_edge_litert.Interpreter 2.1.6 num_threads=1,2026-09-18T19:04:21.217+02:00,14714032900501,14714053950572,0.619314,0.87337,21.050071,611.835793,632.885864,0,0,0,0,0,53.40983347852181,243220480,240959488,0.39399037966465167,0.4833547401595273,0,19.181776,NORMAL,scikit-learn IsolationForest.score_samples,0.5676672832865737,1.296361072562011,0,0.103944,NORMAL,NumPy RMS auf standardisiertem 128×3-Fenster
2026-09-18T19:04:22.467+02:00,893,0.31640840395715647,0.47720259914362284,0,0.286574,207.81072617386698,NORMAL,,PROFILE/P99,ai_edge_litert.Interpreter 2.1.6 num_threads=1,2026-09-18T19:04:21.835+02:00,14714649605309,14714670634102,0.700592,0.82974,21.028793,611.133036,632.161829,0,0,0,0,0,50.26869484938065,243220480,240959488,0.39646342526001654,0.4833547401595273,0,19.095832,NORMAL,scikit-learn IsolationForest.score_samples,0.5607979063737248,1.296361072562011,0,0.08574,NORMAL,NumPy RMS auf standardisiertem 128×3-Fenster
2026-09-18T19:04:23.100+02:00,894,0.30896886915309096,0.47720259914362284,0,0.441055,206.49031916476974,NORMAL,,PROFILE/P99,ai_edge_litert.Interpreter 2.1.6 num_threads=1,2026-09-18T19:04:22.452+02:00,14715270897391,14715304144579,1.358498,1.286721,33.247188,615.04094,648.288128,0,0,0,0,0,52.092858778963006,243220480,240959488,0.39359503749348007,0.4833547401595273,0,29.967303,NORMAL,scikit-learn IsolationForest.score_samples,0.5300360362614536,1.296361072562011,0,0.12713,NORMAL,NumPy RMS auf standardisiertem 128×3-Fenster
2026-09-18T19:04:23.702+02:00,895,0.25125188096174195,0.47720259914362284,0,0.226185,208.14288396027663,NORMAL,,PROFILE/P99,ai_edge_litert.Interpreter 2.1.6 num_threads=1,2026-09-18T19:04:23.072+02:00,14715885797036,14715905428757,0.805518,0.786962,19.631721,610.15778,629.789501,0,0,0,0,0,63.19516479422923,243220480,240959488,0.38482918765020396,0.4833547401595273,0,17.683482,NORMAL,scikit-learn IsolationForest.score_samples,0.5189632795924889,1.296361072562011,0,0.104,NORMAL,NumPy RMS auf standardisiertem 128×3-Fenster
2026-09-18T19:04:24.320+02:00,896,0.2700777267450339,0.47720259914362284,0,0.240592,207.7447966864162,NORMAL,,PROFILE/P99,ai_edge_litert.Interpreter 2.1.6 num_threads=1,2026-09-18T19:04:23.689+02:00,14716503635032,14716524036252,0.790073,0.869407,20.40122,611.326984,631.728204,0,0,0,0,0,51.72843359286513,243220480,240959488,0.39216189347841135,0.4833547401595273,0,18.353833,NORMAL,scikit-learn IsolationForest.score_samples,0.5144039427641114,1.296361072562011,0,0.117797,NORMAL,NumPy RMS auf standardisiertem 128×3-Fenster
2026-09-18T19:04:24.937+02:00,897,0.3025168554625364,0.47720259914362284,0,0.239073,207.33677673463254,NORMAL,,PROFILE/P99,ai_edge_litert.Interpreter 2.1.6 num_threads=1,2026-09-18T19:04:24.306+02:00,14717122285101,14717140828508,0.726074,0.803351,18.543407,612.53002,631.073427,0,0,0,0,0,50.26158870826673,243220480,240959488,0.39615093230411375,0.4833547401595273,0,16.651742,NORMAL,scikit-learn IsolationForest.score_samples,0.5651530885232416,1.296361072562011,0,0.092518,NORMAL,NumPy RMS auf standardisiertem 128×3-Fenster
2026-09-18T19:04:25.555+02:00,898,0.27624501771801846,0.47720259914362284,0,0.253592,207.88269303379596,NORMAL,,PROFILE/P99,ai_edge_litert.Interpreter 2.1.6 num_threads=1,2026-09-18T19:04:24.924+02:00,14717739048860,14717758948099,0.799888,0.825925,19.899239,610.921468,630.820707,0,0,0,0,0,53.38808530629338,243220480,240959488,0.3891450349515725,0.4833547401595273,0,17.880333,NORMAL,scikit-learn IsolationForest.score_samples,0.5415887784594483,1.296361072562011,0,0.109815,NORMAL,NumPy RMS auf standardisiertem 128×3-Fenster
2026-09-18T19:04:26.174+02:00,899,0.28288594799044126,0.47720259914362284,0,0.215777,207.36583361171242,NORMAL,,PROFILE/P99,ai_edge_litert.Interpreter 2.1.6 num_threads=1,2026-09-18T19:04:25.542+02:00,14718357822747,14718377421190,0.787147,0.806111,19.598443,612.44419,632.042633,0,0,0,0,0,63.05704900245016,243220480,240959488,0.3943675490036083,0.4833547401595273,0,17.655648,NORMAL,scikit-learn IsolationForest.score_samples,0.5191312996867766,1.296361072562011,0,0.106111,NORMAL,NumPy RMS auf standardisiertem 128×3-Fenster
2026-09-18T19:04:26.794+02:00,900,0.31754036801717483,0.47720259914362284,0,0.221073,207.73758990686602,NORMAL,,PROFILE/P99,ai_edge_litert.Interpreter 2.1.6 num_threads=1,2026-09-18T19:04:26.161+02:00,14718975655951,14718997317633,0.843962,0.802851,21.661682,611.348192,633.009874,0,0,0,0,0,50.009237190180315,243220480,240959488,0.3927087968286345,0.4833547401595273,0,19.657276,NORMAL,scikit-learn IsolationForest.score_samples,0.5385921541672288,1.296361072562011,0,0.105,NORMAL,NumPy RMS auf standardisiertem 128×3-Fenster
2026-09-18T19:04:27.410+02:00,901,0.2821794973406598,0.47720259914362284,0,0.23487,207.58842902162016,NORMAL,,PROFILE/P99,ai_edge_litert.Interpreter 2.1.6 num_threads=1,2026-09-18T19:04:26.778+02:00,14719593334324,14719613978451,0.715277,0.86598,20.644127,611.787471,632.431598,0,0,0,0,0,48.64807573207777,243220480,240959488,0.3862915148977882,0.4833547401595273,0,18.695684,NORMAL,scikit-learn IsolationForest.score_samples,0.5453691541247945,1.296361072562011,0,0.105111,NORMAL,NumPy RMS auf standardisiertem 128×3-Fenster
2026-09-18T19:04:28.030+02:00,902,0.2944465769780251,0.47720259914362284,0,0.265092,207.3918000767085,NORMAL,,PROFILE/P99,ai_edge_litert.Interpreter 2.1.6 num_threads=1,2026-09-18T19:04:27.396+02:00,14720211734789,14720233382915,0.820369,0.912703,21.648126,612.367509,634.015635,0,0,0,0,0,53.27679810462431,243220480,240959488,0.3999062083156573,0.4833547401595273,0,19.531462,NORMAL,scikit-learn IsolationForest.score_samples,0.5527471209312603,1.296361072562011,0,0.089037,NORMAL,NumPy RMS auf standardisiertem 128×3-Fenster
2026-09-18T19:04:28.654+02:00,903,0.2820538693678311,0.47720259914362284,0,0.326852,207.01674183349473,NORMAL,,PROFILE/P99,ai_edge_litert.Interpreter 2.1.6 num_threads=1,2026-09-18T19:04:28.012+02:00,14720829184886,14720857664820,1.036703,1.095591,28.479934,613.476953,641.956887,0,0,0,0,0,49.65643927052097,243220480,240959488,0.392000677473524,0.4833547401595273,0,25.878067,NORMAL,scikit-learn IsolationForest.score_samples,0.5327972176684702,1.296361072562011,0,0.10237,NORMAL,NumPy RMS auf standardisiertem 128×3-Fenster
2026-09-18T19:04:29.263+02:00,904,0.33227576918636714,0.47720259914362284,0,0.280185,208.01420896251787,NORMAL,,PROFILE/P99,ai_edge_litert.Interpreter 2.1.6 num_threads=1,2026-09-18T19:04:28.632+02:00,14721445856522,14721466650557,0.667815,0.939221,20.794035,610.535216,631.329251,0,0,0,0,0,52.5465177162451,243220480,240959488,0.38986282344500817,0.4833547401595273,0,18.771259,NORMAL,scikit-learn IsolationForest.score_samples,0.5623000508557625,1.296361072562011,0,0.105685,NORMAL,NumPy RMS auf standardisiertem 128×3-Fenster
2026-09-18T19:04:29.881+02:00,905,0.26569444730279673,0.47720259914362284,0,0.243166,208.22009213942377,NORMAL,,PROFILE/P99,ai_edge_litert.Interpreter 2.1.6 num_threads=1,2026-09-18T19:04:29.251+02:00,14722064306343,14722084978656,0.805129,0.876684,20.672313,609.931533,630.603846,0,0,0,0,0,48.518653145806006,243220480,240959488,0.39710699156718504,0.4833547401595273,0,18.614037,NORMAL,scikit-learn IsolationForest.score_samples,0.5459600958855778,1.296361072562011,0,0.102963,NORMAL,NumPy RMS auf standardisiertem 128×3-Fenster
2026-09-18T19:04:30.499+02:00,906,0.2797041624684641,0.47720259914362284,0,0.2745,208.04071703457686,NORMAL,,PROFILE/P99,ai_edge_litert.Interpreter 2.1.6 num_threads=1,2026-09-18T19:04:29.868+02:00,14722681753778,14722703204719,0.803832,0.895148,21.450941,610.457423,631.908364,0,0,0,0,0,54.99532741096926,243220480,240959488,0.38880367177387504,0.4833547401595273,0,19.333759,NORMAL,scikit-learn IsolationForest.score_samples,0.5266367186910349,1.296361072562011,0,0.110982,NORMAL,NumPy RMS auf standardisiertem 128×3-Fenster
2026-09-18T19:04:31.123+02:00,907,0.3068514836495903,0.47720259914362284,0,0.265259,207.349560689547,NORMAL,,PROFILE/P99,ai_edge_litert.Interpreter 2.1.6 num_threads=1,2026-09-18T19:04:30.484+02:00,14723300745711,14723326671426,0.779555,0.93274,25.925715,612.492255,638.41797,0,0,0,0,0,52.930005154243865,243220480,240959488,0.39173158814485026,0.4833547401595273,0,23.802124,NORMAL,scikit-learn IsolationForest.score_samples,0.5547921229273782,1.296361072562011,0,0.112648,NORMAL,NumPy RMS auf standardisiertem 128×3-Fenster
2026-09-18T19:04:31.734+02:00,908,0.2678844674401543,0.47720259914362284,0,0.212315,208.44567892066567,NORMAL,,PROFILE/P99,ai_edge_litert.Interpreter 2.1.6 num_threads=1,2026-09-18T19:04:31.104+02:00,14723917504279,14723937749333,0.644962,0.757203,20.245054,609.271445,629.516499,0,0,0,0,0,52.36699110741517,243220480,240959488,0.38435686201867564,0.4833547401595273,0,18.503352,NORMAL,scikit-learn IsolationForest.score_samples,0.5387241342031388,1.296361072562011,0,0.099926,NORMAL,NumPy RMS auf standardisiertem 128×3-Fenster
2026-09-18T19:04:32.354+02:00,909,0.2571677138343507,0.47720259914362284,0,0.269759,207.1854880040867,NORMAL,,PROFILE/P99,ai_edge_litert.Interpreter 2.1.6 num_threads=1,2026-09-18T19:04:31.720+02:00,14724536591586,14724557928546,0.716277,0.945091,21.33696,612.977295,634.314255,0,0,0,0,0,49.98550226942035,243220480,240959488,0.38384900812815453,0.4833547401595273,0,19.274148,NORMAL,scikit-learn IsolationForest.score_samples,0.5305577845383043,1.296361072562011,0,0.101092,NORMAL,NumPy RMS auf standardisiertem 128×3-Fenster
2026-09-18T19:04:32.972+02:00,910,0.3234040519206059,0.47720259914362284,0,0.27274,208.2495921275961,NORMAL,,PROFILE/P99,ai_edge_litert.Interpreter 2.1.6 num_threads=1,2026-09-18T19:04:32.341+02:00,14725154958968,14725175340300,0.835221,0.883259,20.381332,609.845132,630.226464,0,0,0,0,0,50.21077625422201,243220480,240959488,0.3890231240026048,0.4833547401595273,0,18.254112,NORMAL,scikit-learn IsolationForest.score_samples,0.5457972508965252,1.296361072562011,0,0.104574,NORMAL,NumPy RMS auf standardisiertem 128×3-Fenster
2026-09-18T19:04:33.590+02:00,911,0.27626059816479476,0.47720259914362284,0,0.252389,207.0854005647033,NORMAL,,PROFILE/P99,ai_edge_litert.Interpreter 2.1.6 num_threads=1,2026-09-18T19:04:32.956+02:00,14725772820390,14725794165998,0.825425,0.915277,21.345608,613.273556,634.619164,0,0,0,0,0,51.710687468617515,243220480,240959488,0.38587949326504767,0.4833547401595273,0,19.226611,NORMAL,scikit-learn IsolationForest.score_samples,0.5337318131700921,1.296361072562011,0,0.094777,NORMAL,NumPy RMS auf standardisiertem 128×3-Fenster
2026-09-18T19:04:34.205+02:00,912,0.27750120429936675,0.47720259914362284,0,0.240851,207.84597509534208,NORMAL,,PROFILE/P99,ai_edge_litert.Interpreter 2.1.6 num_threads=1,2026-09-18T19:04:33.575+02:00,14726390187091,14726408931054,0.783536,0.806833,18.743963,611.029393,629.773356,0,0,0,0,0,52.05160125726053,243220480,240959488,0.3931112170867702,0.4833547401595273,0,16.795798,NORMAL,scikit-learn IsolationForest.score_samples,0.5341646191565577,1.296361072562011,0,0.089982,NORMAL,NumPy RMS auf standardisiertem 128×3-Fenster
2026-09-18T19:04:34.827+02:00,913,0.27806105902790534,0.47720259914362284,0,0.239852,207.67406730538934,NORMAL,,PROFILE/P99,ai_edge_litert.Interpreter 2.1.6 num_threads=1,2026-09-18T19:04:34.192+02:00,14727007390293,14727030953807,0.793314,0.870481,23.563514,611.535189,635.098703,0,0,0,0,0,49.832414394186245,243220480,240959488,0.38194289569270456,0.4833547401595273,0,21.492904,NORMAL,scikit-learn IsolationForest.score_samples,0.5210310617492584,1.296361072562011,0,0.133389,NORMAL,NumPy RMS auf standardisiertem 128×3-Fenster
2026-09-18T19:04:35.451+02:00,914,0.3251969374846908,0.47720259914362284,0,0.277056,207.95167821286157,NORMAL,,PROFILE/P99,ai_edge_litert.Interpreter 2.1.6 num_threads=1,2026-09-18T19:04:34.810+02:00,14727624773904,14727654934245,0.953573,1.068481,30.160341,610.718803,640.879144,0,0,0,0,0,64.11105809851439,243220480,240959488,0.394628564133746,0.4833547401595273,0,27.724232,NORMAL,scikit-learn IsolationForest.score_samples,0.5570863360045964,1.296361072562011,0,0.101352,NORMAL,NumPy RMS auf standardisiertem 128×3-Fenster
2026-09-18T19:04:36.066+02:00,915,0.266372918968185,0.47720259914362284,0,0.238981,209.18763456313727,NORMAL,,PROFILE/P99,ai_edge_litert.Interpreter 2.1.6 num_threads=1,2026-09-18T19:04:35.432+02:00,14728242709849,14728270259414,0.795851,0.922221,27.549565,607.110455,634.66002,0,0,0,0,0,58.50438388712346,243220480,240959488,0.3827445166535726,0.4833547401595273,0,25.450679,NORMAL,scikit-learn IsolationForest.score_samples,0.5156058483381795,1.296361072562011,0,0.11,NORMAL,NumPy RMS auf standardisiertem 128×3-Fenster
2026-09-18T19:04:36.687+02:00,916,0.2670907569687724,0.47720259914362284,0,0.29787,207.25572493880543,NORMAL,,PROFILE/P99,ai_edge_litert.Interpreter 2.1.6 num_threads=1,2026-09-18T19:04:36.045+02:00,14728861982646,14728891040580,1.126999,0.988147,29.057934,612.769563,641.827497,0,0,0,0,0,64.43334538179147,243220480,240959488,0.38837144932908685,0.4833547401595273,0,26.50114,NORMAL,scikit-learn IsolationForest.score_samples,0.5352898077630003,1.296361072562011,0,0.104926,NORMAL,NumPy RMS auf standardisiertem 128×3-Fenster
2026-09-18T19:04:37.295+02:00,917,0.28397373900762624,0.47720259914362284,0,0.219722,207.69160647210612,NORMAL,,PROFILE/P99,ai_edge_litert.Interpreter 2.1.6 num_threads=1,2026-09-18T19:04:36.665+02:00,14729479966278,14729498493964,0.767926,0.778147,18.527686,611.483546,630.011232,0,0,0,0,0,60.91310074817835,243220480,240959488,0.38940995463373296,0.4833547401595273,0,16.638891,NORMAL,scikit-learn IsolationForest.score_samples,0.5345082300016418,1.296361072562011,0,0.095426,NORMAL,NumPy RMS auf standardisiertem 128×3-Fenster
2026-09-18T19:04:37.913+02:00,918,0.3056274458662074,0.47720259914362284,0,0.20974,208.00300436263865,NORMAL,,PROFILE/P99,ai_edge_litert.Interpreter 2.1.6 num_threads=1,2026-09-18T19:04:37.282+02:00,14730096677432,14730117148856,0.706888,0.842703,20.471424,610.568104,631.039528,0,0,0,0,0,50.10808678012166,243220480,240959488,0.389626826474104,0.4833547401595273,0,18.588167,NORMAL,scikit-learn IsolationForest.score_samples,0.5566441203267942,1.296361072562011,0,0.098796,NORMAL,NumPy RMS auf standardisiertem 128×3-Fenster
2026-09-18T19:04:38.532+02:00,919,0.3098285499360154,0.47720259914362284,0,0.234278,207.74255317946822,NORMAL,,PROFILE/P99,ai_edge_litert.Interpreter 2.1.6 num_threads=1,2026-09-18T19:04:37.900+02:00,14730715169455,14730735444880,0.696222,0.856462,20.275425,611.333586,631.609011,0,0,0,0,0,53.372845973518196,243220480,240959488,0.3838778669011437,0.4833547401595273,0,18.359389,NORMAL,scikit-learn IsolationForest.score_samples,0.5457228822772059,1.296361072562011,0,0.101481,NORMAL,NumPy RMS auf standardisiertem 128×3-Fenster
2026-09-18T19:04:39.154+02:00,920,0.2720814192521388,0.47720259914362284,0,0.435055,207.8774161477501,NORMAL,,PROFILE/P99,ai_edge_litert.Interpreter 2.1.6 num_threads=1,2026-09-18T19:04:38.519+02:00,14731333692517,14731357902623,0.923184,1.057647,24.210106,610.936976,635.147082,0,0,0,0,0,54.6222386620976,243220480,240959488,0.393111140706944,0.4833547401595273,0,21.642164,NORMAL,scikit-learn IsolationForest.score_samples,0.539448992387337,1.296361072562011,0,0.10813,NORMAL,NumPy RMS auf standardisiertem 128×3-Fenster
2026-09-18T19:04:39.767+02:00,921,0.28715869080531387,0.47720259914362284,0,0.245018,208.04105782993784,NORMAL,,PROFILE/P99,ai_edge_litert.Interpreter 2.1.6 num_threads=1,2026-09-18T19:04:39.137+02:00,14731951334933,14731970620506,0.644777,0.832425,19.285573,610.456423,629.741996,0,0,0,0,0,55.49021636981611,243220480,240959488,0.39162806667093736,0.4833547401595273,0,17.429557,NORMAL,scikit-learn IsolationForest.score_samples,0.5502588112822154,1.296361072562011,0,0.106166,NORMAL,NumPy RMS auf standardisiertem 128×3-Fenster
2026-09-18T19:04:40.386+02:00,922,0.3112727546229526,0.47720259914362284,0,0.294981,207.69812697616487,NORMAL,,PROFILE/P99,ai_edge_litert.Interpreter 2.1.6 num_threads=1,2026-09-18T19:04:39.753+02:00,14732568672239,14732590138773,0.653832,0.832203,21.466534,611.464349,632.930883,0,0,0,0,0,56.494848957842855,243220480,240959488,0.3915781573783477,0.4833547401595273,0,19.553148,NORMAL,scikit-learn IsolationForest.score_samples,0.5407451211228722,1.296361072562011,0,0.100222,NORMAL,NumPy RMS auf standardisiertem 128×3-Fenster
2026-09-18T19:04:41.002+02:00,923,0.34495424065076463,0.47720259914362284,0,0.235777,209.40874824997357,NORMAL,,PROFILE/P99,ai_edge_litert.Interpreter 2.1.6 num_threads=1,2026-09-18T19:04:40.375+02:00,14733185709805,14733205683137,0.680277,0.849499,19.973332,606.46941,626.442742,0,0,0,0,0,55.2372018096119,243220480,240959488,0.3999691782109795,0.4833547401595273,0,18.069187,NORMAL,scikit-learn IsolationForest.score_samples,0.5750486750404216,1.296361072562011,0,0.104444,NORMAL,NumPy RMS auf standardisiertem 128×3-Fenster
2026-09-18T19:04:41.636+02:00,924,0.29880602884815904,0.47720259914362284,0,0.326315,207.3107045874793,NORMAL,,PROFILE/P99,ai_edge_litert.Interpreter 2.1.6 num_threads=1,2026-09-18T19:04:40.988+02:00,14733804565964,14733840181041,0.931925,1.02111,35.615077,612.607054,648.222131,0,0,0,0,0,52.01165313209914,243220480,240959488,0.3985493063720259,0.4833547401595273,0,33.224116,NORMAL,scikit-learn IsolationForest.score_samples,0.5718664037631994,1.296361072562011,0,0.074037,NORMAL,NumPy RMS auf standardisiertem 128×3-Fenster
2026-09-18T19:04:42.239+02:00,925,0.27398624377712216,0.47720259914362284,0,0.242148,212.71033417550547,NORMAL,,PROFILE/P99,ai_edge_litert.Interpreter 2.1.6 num_threads=1,2026-09-18T19:04:41.622+02:00,14734422581606,14734442820457,0.764333,0.882721,20.238851,597.056088,617.294939,0,0,0,0,0,54.75568578808335,243220480,240959488,0.3938155254211538,0.4833547401595273,0,18.213334,NORMAL,scikit-learn IsolationForest.score_samples,0.5463832334831773,1.296361072562011,0,0.106666,NORMAL,NumPy RMS auf standardisiertem 128×3-Fenster
2026-09-18T19:04:42.856+02:00,926,0.2897081268834274,0.47720259914362284,0,0.271259,207.77669527210233,NORMAL,,PROFILE/P99,ai_edge_litert.Interpreter 2.1.6 num_threads=1,2026-09-18T19:04:42.225+02:00,14735039912861,14735059784990,0.829852,0.874554,19.872129,611.233131,631.10526,0,0,0,0,0,48.62591006915348,243220480,240959488,0.3928100847269196,0.4833547401595273,0,17.765705,NORMAL,scikit-learn IsolationForest.score_samples,0.5483787186959092,1.296361072562011,0,0.096333,NORMAL,NumPy RMS auf standardisiertem 128×3-Fenster
2026-09-18T19:04:43.474+02:00,927,0.3049753649070001,0.47720259914362284,0,0.212759,207.80098341537243,NORMAL,,PROFILE/P99,ai_edge_litert.Interpreter 2.1.6 num_threads=1,2026-09-18T19:04:42.843+02:00,14735657952451,14735678165357,0.725758,0.762037,20.212906,611.161689,631.374595,0,0,0,0,0,53.36452106883556,243220480,240959488,0.38901039249200314,0.4833547401595273,0,18.378261,NORMAL,scikit-learn IsolationForest.score_samples,0.5385263778292978,1.296361072562011,0,0.108,NORMAL,NumPy RMS auf standardisiertem 128×3-Fenster
2026-09-18T19:04:44.093+02:00,928,0.304865341836044,0.47720259914362284,0,0.242278,207.6771926418185,NORMAL,,PROFILE/P99,ai_edge_litert.Interpreter 2.1.6 num_threads=1,2026-09-18T19:04:43.460+02:00,14736275367653,14736296476040,0.829869,0.871666,21.108387,611.525986,632.634373,0,0,0,0,0,54.98988938910213,243220480,240959488,0.39418174051612365,0.4833547401595273,0,19.038686,NORMAL,scikit-learn IsolationForest.score_samples,0.5438497350797091,1.296361072562011,0,0.094018,NORMAL,NumPy RMS auf standardisiertem 128×3-Fenster
2026-09-18T19:04:44.713+02:00,929,0.27473857411589014,0.47720259914362284,0,0.292037,207.19829319769698,NORMAL,,PROFILE/P99,ai_edge_litert.Interpreter 2.1.6 num_threads=1,2026-09-18T19:04:44.078+02:00,14736894508299,14736916434648,0.857332,0.864388,21.926349,612.939412,634.865761,0,0,0,0,0,54.84065917446418,243220480,240959488,0.3881439261405794,0.4833547401595273,0,19.77787,NORMAL,scikit-learn IsolationForest.score_samples,0.5334360422251122,1.296361072562011,0,0.101,NORMAL,NumPy RMS auf standardisiertem 128×3-Fenster
2026-09-18T19:04:45.327+02:00,930,0.26339208630118344,0.47720259914362284,0,0.285055,209.12535720175333,NORMAL,,PROFILE/P99,ai_edge_litert.Interpreter 2.1.6 num_threads=1,2026-09-18T19:04:44.700+02:00,14737511166134,14737530371189,0.722314,0.80761,19.205055,607.291252,626.496307,0,0,0,0,0,50.49866643030935,243220480,240959488,0.3846427059484464,0.4833547401595273,0,17.296854,NORMAL,scikit-learn IsolationForest.score_samples,0.5096756086350981,1.296361072562011,0,0.06463,NORMAL,NumPy RMS auf standardisiertem 128×3-Fenster
2026-09-18T19:04:45.945+02:00,931,0.29453708786235183,0.47720259914362284,0,0.271463,207.58969229761232,NORMAL,,PROFILE/P99,ai_edge_litert.Interpreter 2.1.6 num_threads=1,2026-09-18T19:04:45.313+02:00,14738129023561,14738148678283,0.727666,0.848203,19.654722,611.783748,631.43847,0,0,0,0,0,53.36904682140787,243220480,240959488,0.3870177270094759,0.4833547401595273,0,17.681724,NORMAL,scikit-learn IsolationForest.score_samples,0.560228914070964,1.296361072562011,0,0.096778,NORMAL,NumPy RMS auf standardisiertem 128×3-Fenster
2026-09-18T19:04:46.564+02:00,932,0.322824855695609,0.47720259914362284,0,0.230518,207.7152526790218,NORMAL,,PROFILE/P99,ai_edge_litert.Interpreter 2.1.6 num_threads=1,2026-09-18T19:04:45.932+02:00,14738746808675,14738767914748,0.669981,0.930073,21.106073,611.413935,632.520008,0,0,0,0,0,54.90089769523622,243220480,240959488,0.389070030881629,0.4833547401595273,0,19.137963,NORMAL,scikit-learn IsolationForest.score_samples,0.5496907932452872,1.296361072562011,0,0.107463,NORMAL,NumPy RMS auf standardisiertem 128×3-Fenster
2026-09-18T19:04:47.192+02:00,933,0.26189336659021717,0.47720259914362284,0,0.273278,208.44143052579088,NORMAL,,PROFILE/P99,ai_edge_litert.Interpreter 2.1.6 num_threads=1,2026-09-18T19:04:46.552+02:00,14739365174067,14739395916890,0.832592,0.953647,30.742823,609.283863,640.026686,0,0,0,0,0,52.54705219497725,243220480,240959488,0.38009587370716524,0.4833547401595273,0,28.538732,NORMAL,scikit-learn IsolationForest.score_samples,0.5249094587019449,1.296361072562011,0,0.108833,NORMAL,NumPy RMS auf standardisiertem 128×3-Fenster
2026-09-18T19:04:47.799+02:00,934,0.3190829137083699,0.47720259914362284,0,0.211648,207.33179695356517,NORMAL,,PROFILE/P99,ai_edge_litert.Interpreter 2.1.6 num_threads=1,2026-09-18T19:04:47.168+02:00,14739984390386,14740003276202,0.863166,0.798555,18.885816,612.544732,631.430548,0,0,0,0,0,52.690758468633035,243220480,240959488,0.3855985098353917,0.4833547401595273,0,16.881928,NORMAL,scikit-learn IsolationForest.score_samples,0.5307460212547996,1.296361072562011,0,0.100222,NORMAL,NumPy RMS auf standardisiertem 128×3-Fenster
2026-09-18T19:04:48.418+02:00,935,0.27419642108353864,0.47720259914362284,0,0.357574,207.20116455277267,NORMAL,,PROFILE/P99,ai_edge_litert.Interpreter 2.1.6 num_threads=1,2026-09-18T19:04:47.785+02:00,14740601264060,14740622238114,0.702092,0.98974,20.974054,612.930918,633.904972,0,0,0,0,0,50.082171434348275,243220480,240959488,0.3906513270206787,0.4833547401595273,0,18.761204,NORMAL,scikit-learn IsolationForest.score_samples,0.516510880666595,1.296361072562011,0,0.113574,NORMAL,NumPy RMS auf standardisiertem 128×3-Fenster
2026-09-18T19:04:49.035+02:00,936,0.2755483865899843,0.47720259914362284,0,0.14613,207.21014760107445,NORMAL,,PROFILE/P99,ai_edge_litert.Interpreter 2.1.6 num_threads=1,2026-09-18T19:04:48.403+02:00,14741219699808,14741238510975,0.409888,0.482352,18.811167,612.904346,631.715513,0,0,0,0,0,50.304671622990014,243220480,240959488,0.3924982850072601,0.4833547401595273,0,17.645687,NORMAL,scikit-learn IsolationForest.score_samples,0.533268923283038,1.296361072562011,0,0.10663,NORMAL,NumPy RMS auf standardisiertem 128×3-Fenster
2026-09-18T19:04:49.655+02:00,937,0.26497434439963014,0.47720259914362284,0,0.243388,208.44405145500826,NORMAL,,PROFILE/P99,ai_edge_litert.Interpreter 2.1.6 num_threads=1,2026-09-18T19:04:49.024+02:00,14741837087854,14741858674778,0.632148,0.824647,21.586924,609.276202,630.863126,0,0,0,0,0,51.59923375646334,243220480,240959488,0.38201105262519175,0.4833547401595273,0,19.753463,NORMAL,scikit-learn IsolationForest.score_samples,0.5260823947964876,1.296361072562011,0,0.105759,NORMAL,NumPy RMS auf standardisiertem 128×3-Fenster
2026-09-18T19:04:50.273+02:00,938,0.2794533033583875,0.47720259914362284,0,0.245926,208.79588437730288,NORMAL,,PROFILE/P99,ai_edge_litert.Interpreter 2.1.6 num_threads=1,2026-09-18T19:04:49.644+02:00,14742455993548,14742477147510,0.853814,0.784055,21.153962,608.249537,629.403499,0,0,0,0,0,48.50664147029406,243220480,240959488,0.39429517467857217,0.4833547401595273,0,19.136482,NORMAL,scikit-learn IsolationForest.score_samples,0.5369844399474974,1.296361072562011,0,0.100574,NORMAL,NumPy RMS auf standardisiertem 128×3-Fenster
2026-09-18T19:04:50.890+02:00,939,0.27572845428378273,0.47720259914362284,0,0.27937,207.51273620039163,NORMAL,,PROFILE/P99,ai_edge_litert.Interpreter 2.1.6 num_threads=1,2026-09-18T19:04:50.256+02:00,14743072239265,14743093634189,0.745981,0.901425,21.394924,612.010628,633.405552,0,0,0,0,0,51.9057837875809,243220480,240959488,0.38599938949718154,0.4833547401595273,0,19.327574,NORMAL,scikit-learn IsolationForest.score_samples,0.5320305760799022,1.296361072562011,0,0.109185,NORMAL,NumPy RMS auf standardisiertem 128×3-Fenster
2026-09-18T19:04:51.508+02:00,940,0.2936489553088724,0.47720259914362284,0,0.331962,207.61524716239614,NORMAL,,PROFILE/P99,ai_edge_litert.Interpreter 2.1.6 num_threads=1,2026-09-18T19:04:50.875+02:00,14743690050648,14743711432887,0.775888,0.985666,21.382239,611.708445,633.090684,0,0,0,0,0,53.4164324679651,243220480,240959488,0.3894068815456046,0.4833547401595273,0,19.123612,NORMAL,scikit-learn IsolationForest.score_samples,0.5633929973188198,1.296361072562011,0,0.127222,NORMAL,NumPy RMS auf standardisiertem 128×3-Fenster
2026-09-18T19:04:52.127+02:00,941,0.29284466170697954,0.47720259914362284,0,0.214222,207.60875459962713,NORMAL,,PROFILE/P99,ai_edge_litert.Interpreter 2.1.6 num_threads=1,2026-09-18T19:04:51.494+02:00,14744309377382,14744330357085,0.716055,0.914888,20.979703,611.727575,632.707278,0,0,0,0,0,53.31687563097924,243220480,240959488,0.39669800197686417,0.4833547401595273,0,18.990427,NORMAL,scikit-learn IsolationForest.score_samples,0.5390423049875069,1.296361072562011,0,0.113833,NORMAL,NumPy RMS auf standardisiertem 128×3-Fenster
2026-09-18T19:04:52.748+02:00,942,0.3028748703660635,0.47720259914362284,0,0.313111,208.11169369676514,NORMAL,,PROFILE/P99,ai_edge_litert.Interpreter 2.1.6 num_threads=1,2026-09-18T19:04:52.112+02:00,14744926391472,14744951978114,0.731406,0.914426,25.586642,610.249226,635.835868,0,0,0,0,0,56.298717481863925,243220480,240959488,0.39349058400151243,0.4833547401595273,0,23.448978,NORMAL,scikit-learn IsolationForest.score_samples,0.5695742042503533,1.296361072562011,0,0.142592,NORMAL,NumPy RMS auf standardisiertem 128×3-Fenster
2026-09-18T19:04:53.364+02:00,943,0.2783699508102862,0.47720259914362284,0,0.221629,207.47397551413377,NORMAL,,PROFILE/P99,ai_edge_litert.Interpreter 2.1.6 num_threads=1,2026-09-18T19:04:52.729+02:00,14745544844709,14745567770299,0.792889,0.787684,22.92559,612.124965,635.050555,0,0,0,0,0,56.844300390134144,243220480,240959488,0.3842426024464202,0.4833547401595273,0,20.98711,NORMAL,scikit-learn IsolationForest.score_samples,0.5255111786598275,1.296361072562011,0,0.108129,NORMAL,NumPy RMS auf standardisiertem 128×3-Fenster
2026-09-18T19:04:53.977+02:00,944,0.31569436686174396,0.47720259914362284,0,0.258277,207.94290177400003,NORMAL,,PROFILE/P99,ai_edge_litert.Interpreter 2.1.6 num_threads=1,2026-09-18T19:04:53.347+02:00,14746161480431,14746181021876,0.70424,0.821481,19.541445,610.744579,630.286024,0,0,0,0,0,52.181228000851526,243220480,240959488,0.3963597823543096,0.4833547401595273,0,17.615058,NORMAL,scikit-learn IsolationForest.score_samples,0.5626749322736048,1.296361072562011,0,0.111129,NORMAL,NumPy RMS auf standardisiertem 128×3-Fenster
2026-09-18T19:04:54.597+02:00,945,0.2905960779733721,0.47720259914362284,0,0.253889,207.04581168502946,NORMAL,,PROFILE/P99,ai_edge_litert.Interpreter 2.1.6 num_threads=1,2026-09-18T19:04:53.964+02:00,14746780895448,14746800689837,0.685537,0.823258,19.794389,613.390819,633.185208,0,0,0,0,0,50.026464241567496,243220480,240959488,0.39263569699049866,0.4833547401595273,0,17.896743,NORMAL,scikit-learn IsolationForest.score_samples,0.5411702678632628,1.296361072562011,0,0.103797,NORMAL,NumPy RMS auf standardisiertem 128×3-Fenster
2026-09-18T19:04:55.216+02:00,946,0.32014059694659025,0.47720259914362284,0,0.255814,207.7179460881548,NORMAL,,PROFILE/P99,ai_edge_litert.Interpreter 2.1.6 num_threads=1,2026-09-18T19:04:54.583+02:00,14747398014265,14747419618115,0.784184,0.858907,21.60385,611.406007,633.009857,0,0,0,0,0,50.08693856526874,243220480,240959488,0.38899949761925073,0.4833547401595273,0,19.569945,NORMAL,scikit-learn IsolationForest.score_samples,0.5574882797142858,1.296361072562011,0,0.103926,NORMAL,NumPy RMS auf standardisiertem 128×3-Fenster
2026-09-18T19:04:55.832+02:00,947,0.29992495408760317,0.47720259914362284,0,0.221926,207.98872338203512,NORMAL,,PROFILE/P99,ai_edge_litert.Interpreter 2.1.6 num_threads=1,2026-09-18T19:04:55.202+02:00,14748016474340,14748035392212,0.843444,0.787518,18.917872,610.610027,629.527899,0,0,0,0,0,50.344568212510964,243220480,240959488,0.3883936750611279,0.4833547401595273,0,16.94567,NORMAL,scikit-learn IsolationForest.score_samples,0.5386942555744544,1.296361072562011,0,0.091667,NORMAL,NumPy RMS auf standardisiertem 128×3-Fenster
2026-09-18T19:04:56.451+02:00,948,0.27610309023519913,0.47720259914362284,0,0.244833,207.4657572091006,NORMAL,,PROFILE/P99,ai_edge_litert.Interpreter 2.1.6 num_threads=1,2026-09-18T19:04:55.818+02:00,14748634361381,14748654473214,0.778481,0.901795,20.111833,612.149213,632.261046,0,0,0,0,0,50.0717393961946,243220480,240959488,0.3952498495680968,0.4833547401595273,0,18.023706,NORMAL,scikit-learn IsolationForest.score_samples,0.5515460228134381,1.296361072562011,0,0.127796,NORMAL,NumPy RMS auf standardisiertem 128×3-Fenster
2026-09-18T19:04:57.080+02:00,949,0.2590653201142086,0.47720259914362284,0,0.304055,207.50204596200382,NORMAL,,PROFILE/P99,ai_edge_litert.Interpreter 2.1.6 num_threads=1,2026-09-18T19:04:56.436+02:00,14749252233996,14749284272782,1.130647,1.014055,32.038786,612.042158,644.080944,0,0,0,0,0,55.57249908141553,243220480,240959488,0.38429227092593155,0.4833547401595273,0,29.426602,NORMAL,scikit-learn IsolationForest.score_samples,0.5149981459341945,1.296361072562011,0,0.117352,NORMAL,NumPy RMS auf standardisiertem 128×3-Fenster
2026-09-18T19:04:57.694+02:00,950,0.26488154645518097,0.47720259914362284,0,0.290444,213.4466638535181,NORMAL,,PROFILE/P99,ai_edge_litert.Interpreter 2.1.6 num_threads=1,2026-09-18T19:04:57.070+02:00,14749868681670,14749897958199,0.873148,0.910851,29.276529,594.996416,624.272945,0,0,0,0,0,63.551050661556765,243220480,240959488,0.3934686327649992,0.4833547401595273,0,27.047197,NORMAL,scikit-learn IsolationForest.score_samples,0.5389582318284095,1.296361072562011,0,0.120777,NORMAL,NumPy RMS auf standardisiertem 128×3-Fenster
2026-09-18T19:04:58.303+02:00,951,0.2726600502157646,0.47720259914362284,0,0.238981,208.08025129029457,NORMAL,,PROFILE/P99,ai_edge_litert.Interpreter 2.1.6 num_threads=1,2026-09-18T19:04:57.672+02:00,14750486458825,14750506448585,0.781537,0.861425,19.98976,610.341439,630.331199,0,0,0,0,0,50.94742296128543,243220480,240959488,0.39712094312933205,0.4833547401595273,0,17.975039,NORMAL,scikit-learn IsolationForest.score_samples,0.5391319027809826,1.296361072562011,0,0.101741,NORMAL,NumPy RMS auf standardisiertem 128×3-Fenster
2026-09-18T19:04:58.923+02:00,952,0.2744486583118048,0.47720259914362284,0,0.267574,206.92695610915183,NORMAL,,PROFILE/P99,ai_edge_litert.Interpreter 2.1.6 num_threads=1,2026-09-18T19:04:58.289+02:00,14751106185165,14751126396850,0.903462,0.869629,20.211685,613.743141,633.954826,0,0,0,0,0,53.224066797258125,243220480,240959488,0.3848650098414456,0.4833547401595273,0,17.967742,NORMAL,scikit-learn IsolationForest.score_samples,0.5446551273401842,1.296361072562011,0,0.16863,NORMAL,NumPy RMS auf standardisiertem 128×3-Fenster
2026-09-18T19:04:59.539+02:00,953,0.2756069842658973,0.47720259914362284,0,0.239351,207.21625788476422,NORMAL,,PROFILE/P99,ai_edge_litert.Interpreter 2.1.6 num_threads=1,2026-09-18T19:04:58.907+02:00,14751723359027,14751742326991,0.797795,0.835648,18.967964,612.886273,631.854237,0,0,0,0,0,51.95848354148823,243220480,240959488,0.38809869620213705,0.4833547401595273,0,16.95104,NORMAL,scikit-learn IsolationForest.score_samples,0.5384283384753332,1.296361072562011,0,0.112685,NORMAL,NumPy RMS auf standardisiertem 128×3-Fenster
2026-09-18T19:05:00.156+02:00,954,0.31663334791716835,0.47720259914362284,0,0.140611,207.80856047074892,NORMAL,,PROFILE/P99,ai_edge_litert.Interpreter 2.1.6 num_threads=1,2026-09-18T19:04:59.525+02:00,14752340375260,14752359581428,0.394592,0.476944,19.206168,611.139405,630.345573,0,0,0,0,0,50.22402263279633,243220480,240959488,0.3853903816198591,0.4833547401595273,0,18.081762,NORMAL,scikit-learn IsolationForest.score_samples,0.5547515120016865,1.296361072562011,0,0.092667,NORMAL,NumPy RMS auf standardisiertem 128×3-Fenster
2026-09-18T19:05:00.778+02:00,955,0.2735966496750161,0.47720259914362284,0,0.243389,207.67521989596634,NORMAL,,PROFILE/P99,ai_edge_litert.Interpreter 2.1.6 num_threads=1,2026-09-18T19:05:00.144+02:00,14752958849086,14752981866621,1.885221,0.855258,23.017535,611.531795,634.54933,0,0,0,0,0,53.02814131782344,243220480,240959488,0.37670850358648733,0.4833547401595273,0,19.90426,NORMAL,scikit-learn IsolationForest.score_samples,0.5242930312825461,1.296361072562011,0,0.101945,NORMAL,NumPy RMS auf standardisiertem 128×3-Fenster
2026-09-18T19:05:01.391+02:00,956,0.332673143863308,0.47720259914362284,0,0.214314,207.55977650061325,NORMAL,,PROFILE/P99,ai_edge_litert.Interpreter 2.1.6 num_threads=1,2026-09-18T19:05:00.760+02:00,14753576064488,14753594702583,0.920537,0.795203,18.638095,611.871925,630.51002,0,0,0,0,0,50.585464911560734,243220480,240959488,0.39171800590951156,0.4833547401595273,0,16.574762,NORMAL,scikit-learn IsolationForest.score_samples,0.5921820411502349,1.296361072562011,0,0.101778,NORMAL,NumPy RMS auf standardisiertem 128×3-Fenster
2026-09-18T19:05:02.010+02:00,957,0.24588963454631255,0.47720259914362284,0,0.247129,207.5284595991414,NORMAL,,PROFILE/P99,ai_edge_litert.Interpreter 2.1.6 num_threads=1,2026-09-18T19:05:01.378+02:00,14754194133372,14754213448558,0.671518,0.81924,19.315186,611.964259,631.279445,0,0,0,0,0,48.48442229209635,243220480,240959488,0.38862726654191665,0.4833547401595273,0,17.445206,NORMAL,scikit-learn IsolationForest.score_samples,0.516169338304688,1.296361072562011,0,0.101463,NORMAL,NumPy RMS auf standardisiertem 128×3-Fenster
2026-09-18T19:05:02.642+02:00,958,0.2724433004483255,0.47720259914362284,0,0.306999,207.80885460111875,NORMAL,,PROFILE/P99,ai_edge_litert.Interpreter 2.1.6 num_threads=1,2026-09-18T19:05:01.997+02:00,14754811862962,14754845572561,2.123313,0.997573,33.709599,611.13854,644.848139,0,0,0,0,0,53.787620879375616,243220480,240959488,0.3925160314825696,0.4833547401595273,0,30.138139,NORMAL,scikit-learn IsolationForest.score_samples,0.5547356684526161,1.296361072562011,0,0.10474,NORMAL,NumPy RMS auf standardisiertem 128×3-Fenster
2026-09-18T19:05:03.250+02:00,959,0.3006696935999276,0.47720259914362284,0,1.052332,213.44074164439368,NORMAL,,PROFILE/P99,ai_edge_litert.Interpreter 2.1.6 num_threads=1,2026-09-18T19:05:02.631+02:00,14755430213181,14755453500938,1.024277,1.104925,23.287757,595.012925,618.300682,0,0,0,0,0,60.864518669009954,243220480,240959488,0.3935710273670945,0.4833547401595273,0,19.941593,NORMAL,scikit-learn IsolationForest.score_samples,0.545812168510596,1.296361072562011,0,0.10987,NORMAL,NumPy RMS auf standardisiertem 128×3-Fenster
2026-09-18T19:05:03.865+02:00,960,0.25783570991715504,0.47720259914362284,0,0.216574,207.96310510504787,NORMAL,,PROFILE/P99,ai_edge_litert.Interpreter 2.1.6 num_threads=1,2026-09-18T19:05:03.234+02:00,14756048657661,14756068494532,0.763407,0.742073,19.836871,610.685246,630.522117,0,0,0,0,0,50.40650242584502,243220480,240959488,0.3816418612702465,0.4833547401595273,0,17.990854,NORMAL,scikit-learn IsolationForest.score_samples,0.5228042978552808,1.296361072562011,0,0.099611,NORMAL,NumPy RMS auf standardisiertem 128×3-Fenster
2026-09-18T19:05:04.486+02:00,961,0.2728312730299862,0.47720259914362284,0,0.250148,207.65468641105198,NORMAL,,PROFILE/P99,ai_edge_litert.Interpreter 2.1.6 num_threads=1,2026-09-18T19:05:03.851+02:00,14756666561754,14756689708659,0.64587,0.838814,23.146905,611.592265,634.73917,0,0,0,0,0,64.38830267364791,243220480,240959488,0.3905296649282115,0.4833547401595273,0,21.278129,NORMAL,scikit-learn IsolationForest.score_samples,0.5513727785735774,1.296361072562011,0,0.103444,NORMAL,NumPy RMS auf standardisiertem 128×3-Fenster
2026-09-18T19:05:05.104+02:00,962,0.24675231288484176,0.47720259914362284,0,0.246814,209.09830968927307,NORMAL,,PROFILE/P99,ai_edge_litert.Interpreter 2.1.6 num_threads=1,2026-09-18T19:05:04.474+02:00,14757284878551,14757307478327,0.702685,0.835128,22.599776,607.369807,629.969583,0,0,0,0,0,51.80066199406977,243220480,240959488,0.38371610954124935,0.4833547401595273,0,20.686777,NORMAL,scikit-learn IsolationForest.score_samples,0.506038644084793,1.296361072562011,0,0.096537,NORMAL,NumPy RMS auf standardisiertem 128×3-Fenster
2026-09-18T19:05:05.719+02:00,963,0.27761979972369727,0.47720259914362284,0,0.258722,207.7320519548003,NORMAL,,PROFILE/P99,ai_edge_litert.Interpreter 2.1.6 num_threads=1,2026-09-18T19:05:05.087+02:00,14757902148832,14757922321869,0.713166,0.880999,20.173037,611.36449,631.537527,0,0,0,0,0,66.68366124162523,243220480,240959488,0.3845752207292711,0.4833547401595273,0,18.195576,NORMAL,scikit-learn IsolationForest.score_samples,0.5456548258547845,1.296361072562011,0,0.095537,NORMAL,NumPy RMS auf standardisiertem 128×3-Fenster
2026-09-18T19:05:06.337+02:00,964,0.27698358464456074,0.47720259914362284,0,0.267148,207.38150258499573,NORMAL,,PROFILE/P99,ai_edge_litert.Interpreter 2.1.6 num_threads=1,2026-09-18T19:05:05.705+02:00,14758520739668,14758540943984,0.662629,0.834388,20.204316,612.397916,632.602232,0,0,0,0,0,64.65847393257326,243220480,240959488,0.3781810917283449,0.4833547401595273,0,18.30428,NORMAL,scikit-learn IsolationForest.score_samples,0.5115890535817205,1.296361072562011,0,0.10287,NORMAL,NumPy RMS auf standardisiertem 128×3-Fenster
2026-09-18T19:05:06.953+02:00,965,0.26440336868752273,0.47720259914362284,0,0.232722,208.30558761680163,NORMAL,,PROFILE/P99,ai_edge_litert.Interpreter 2.1.6 num_threads=1,2026-09-18T19:05:06.324+02:00,14759137383211,14759157200934,0.726796,0.844017,19.817723,609.681197,629.49892,0,0,0,0,0,50.305916036285055,243220480,240959488,0.38882975510463286,0.4833547401595273,0,17.891539,NORMAL,scikit-learn IsolationForest.score_samples,0.5185464988796809,1.296361072562011,0,0.09487,NORMAL,NumPy RMS auf standardisiertem 128×3-Fenster
2026-09-18T19:05:07.572+02:00,966,0.27972858012987195,0.47720259914362284,0,0.230203,207.5552683520879,NORMAL,,PROFILE/P99,ai_edge_litert.Interpreter 2.1.6 num_threads=1,2026-09-18T19:05:06.940+02:00,14759755328976,14759775361755,0.864833,0.834166,20.032779,611.885215,631.917994,0,0,0,0,0,53.38265010192203,243220480,240959488,0.3847672018053606,0.4833547401595273,0,17.975095,NORMAL,scikit-learn IsolationForest.score_samples,0.519640146488883,1.296361072562011,0,0.095223,NORMAL,NumPy RMS auf standardisiertem 128×3-Fenster
2026-09-18T19:05:08.198+02:00,967,0.28264224050026404,0.47720259914362284,0,0.283741,207.25470281931754,NORMAL,,PROFILE/P99,ai_edge_litert.Interpreter 2.1.6 num_threads=1,2026-09-18T19:05:07.557+02:00,14760373925445,14760401587902,1.186592,1.107777,27.662457,612.772585,640.435042,0,0,0,0,0,51.099268624991296,243220480,240959488,0.3821598843802958,0.4833547401595273,0,24.929923,NORMAL,scikit-learn IsolationForest.score_samples,0.5434266099107292,1.296361072562011,0,0.114796,NORMAL,NumPy RMS auf standardisiertem 128×3-Fenster
2026-09-18T19:05:08.808+02:00,968,0.2495213757658724,0.47720259914362284,0,0.267907,208.01885836728096,NORMAL,,PROFILE/P99,ai_edge_litert.Interpreter 2.1.6 num_threads=1,2026-09-18T19:05:08.177+02:00,14760991178084,14761011854677,0.767296,0.83811,20.676593,610.52157,631.198163,0,0,0,0,0,54.076444802482335,243220480,240959488,0.38028586354550176,0.4833547401595273,0,18.686928,NORMAL,scikit-learn IsolationForest.score_samples,0.5258467660411457,1.296361072562011,0,0.087926,NORMAL,NumPy RMS auf standardisiertem 128×3-Fenster
2026-09-18T19:05:09.426+02:00,969,0.2771504380235698,0.47720259914362284,0,0.255518,207.3500996373556,NORMAL,,PROFILE/P99,ai_edge_litert.Interpreter 2.1.6 num_threads=1,2026-09-18T19:05:08.794+02:00,14761610054241,14761630130241,0.678684,0.898981,20.076,612.490663,632.566663,0,0,0,0,0,50.13765762928393,243220480,240959488,0.38724740394474816,0.4833547401595273,0,18.107651,NORMAL,scikit-learn IsolationForest.score_samples,0.543497810190052,1.296361072562011,0,0.102981,NORMAL,NumPy RMS auf standardisiertem 128×3-Fenster
2026-09-18T19:05:10.044+02:00,970,0.2907255977323662,0.47720259914362284,0,0.288259,208.37476388329475,NORMAL,,PROFILE/P99,ai_edge_litert.Interpreter 2.1.6 num_threads=1,2026-09-18T19:05:09.414+02:00,14762226973344,14762247347900,0.857888,0.882407,20.374556,609.478795,629.853351,0,0,0,0,0,50.22638693296576,243220480,240959488,0.3849200503030984,0.4833547401595273,0,18.221114,NORMAL,scikit-learn IsolationForest.score_samples,0.5396231477458205,1.296361072562011,0,0.093092,NORMAL,NumPy RMS auf standardisiertem 128×3-Fenster
2026-09-18T19:05:10.663+02:00,971,0.3054684413141044,0.47720259914362284,0,0.218796,207.39118267927893,NORMAL,,PROFILE/P99,ai_edge_litert.Interpreter 2.1.6 num_threads=1,2026-09-18T19:05:10.030+02:00,14762846082411,14762866474522,0.84611,0.821666,20.392111,612.369332,632.761443,0,0,0,0,0,50.0697722276047,243220480,240959488,0.39643805428139517,0.4833547401595273,0,18.378798,NORMAL,scikit-learn IsolationForest.score_samples,0.552509698982797,1.296361072562011,0,0.098167,NORMAL,NumPy RMS auf standardisiertem 128×3-Fenster
2026-09-18T19:05:11.281+02:00,972,0.28853459757104716,0.47720259914362284,0,0.239667,207.09699552484594,NORMAL,,PROFILE/P99,ai_edge_litert.Interpreter 2.1.6 num_threads=1,2026-09-18T19:05:10.646+02:00,14763463386998,14763484680109,0.941573,0.902555,21.293111,613.23922,634.532331,0,0,0,0,0,51.763450710019946,243220480,240959488,0.3908928616209831,0.4833547401595273,0,19.068724,NORMAL,scikit-learn IsolationForest.score_samples,0.5345640666249626,1.296361072562011,0,0.104352,NORMAL,NumPy RMS auf standardisiertem 128×3-Fenster
2026-09-18T19:05:11.896+02:00,973,0.2835435908845767,0.47720259914362284,0,0.251055,207.90904370272492,NORMAL,,PROFILE/P99,ai_edge_litert.Interpreter 2.1.6 num_threads=1,2026-09-18T19:05:11.266+02:00,14764080222661,14764100087551,0.675925,0.874277,19.86489,610.844039,630.708929,0,0,0,0,0,51.996828856387395,243220480,240959488,0.39179692630573093,0.4833547401595273,0,17.916762,NORMAL,scikit-learn IsolationForest.score_samples,0.5419097719483411,1.296361072562011,0,0.114723,NORMAL,NumPy RMS auf standardisiertem 128×3-Fenster
2026-09-18T19:05:12.517+02:00,974,0.304812766562468,0.47720259914362284,0,0.248574,208.12166001710042,NORMAL,,PROFILE/P99,ai_edge_litert.Interpreter 2.1.6 num_threads=1,2026-09-18T19:05:11.884+02:00,14764698120565,14764720705286,0.722833,0.860962,22.584721,610.220003,632.804724,0,0,0,0,0,51.56303785934535,243220480,240959488,0.3904642748461489,0.4833547401595273,0,20.63313,NORMAL,scikit-learn IsolationForest.score_samples,0.5488273875252885,1.296361072562011,0,0.09113,NORMAL,NumPy RMS auf standardisiertem 128×3-Fenster
2026-09-18T19:05:13.135+02:00,975,0.2738021409498958,0.47720259914362284,0,0.27387,207.24584340719477,NORMAL,,PROFILE/P99,ai_edge_litert.Interpreter 2.1.6 num_threads=1,2026-09-18T19:05:12.501+02:00,14765317466321,14765338400025,0.77161,0.90824,20.933704,612.79878,633.732484,0,0,0,0,0,51.806172335038326,243220480,240959488,0.3891788131832113,0.4833547401595273,0,18.857836,NORMAL,scikit-learn IsolationForest.score_samples,0.535275643414286,1.296361072562011,0,0.091611,NORMAL,NumPy RMS auf standardisiertem 128×3-Fenster
2026-09-18T19:05:13.752+02:00,976,0.28538695628849337,0.47720259914362284,0,0.248592,207.21894107345483,NORMAL,,PROFILE/P99,ai_edge_litert.Interpreter 2.1.6 num_threads=1,2026-09-18T19:05:13.119+02:00,14765935280042,14765955724209,0.835999,0.836463,20.444167,612.878337,633.322504,0,0,0,0,0,53.45494581889449,243220480,240959488,0.3909118049410661,0.4833547401595273,0,18.389502,NORMAL,scikit-learn IsolationForest.score_samples,0.5609864219791834,1.296361072562011,0,0.102481,NORMAL,NumPy RMS auf standardisiertem 128×3-Fenster
2026-09-18T19:05:14.377+02:00,977,0.3204844558284868,0.47720259914362284,0,0.275851,207.2296481479949,NORMAL,,PROFILE/P99,ai_edge_litert.Interpreter 2.1.6 num_threads=1,2026-09-18T19:05:13.736+02:00,14766552335302,14766581044222,0.767888,0.918055,28.70892,612.846671,641.555591,0,0,0,0,0,51.17362830521552,243220480,240959488,0.39447098149965576,0.4833547401595273,0,26.608681,NORMAL,scikit-learn IsolationForest.score_samples,0.555860303534698,1.296361072562011,0,0.104463,NORMAL,NumPy RMS auf standardisiertem 128×3-Fenster
2026-09-18T19:05:14.986+02:00,978,0.2848784782751667,0.47720259914362284,0,0.214185,207.97385720797283,NORMAL,,PROFILE/P99,ai_edge_litert.Interpreter 2.1.6 num_threads=1,2026-09-18T19:05:14.355+02:00,14767169701396,14767189749545,0.699444,0.789758,20.048149,610.653674,630.701823,0,0,0,0,0,49.28549195882486,243220480,240959488,0.38801074646740613,0.4833547401595273,0,18.21654,NORMAL,scikit-learn IsolationForest.score_samples,0.5280279069959004,1.296361072562011,0,0.098018,NORMAL,NumPy RMS auf standardisiertem 128×3-Fenster
2026-09-18T19:05:15.604+02:00,979,0.2663859410012333,0.47720259914362284,0,0.139018,207.20417695819495,NORMAL,,PROFILE/P99,ai_edge_litert.Interpreter 2.1.6 num_threads=1,2026-09-18T19:05:14.972+02:00,14767788379565,14767807418196,0.653647,0.708296,19.038631,612.922007,631.960638,0,0,0,0,0,48.5698529886083,243220480,240959488,0.38722036747082145,0.4833547401595273,0,17.419578,NORMAL,scikit-learn IsolationForest.score_samples,0.5250240914047096,1.296361072562011,0,0.097592,NORMAL,NumPy RMS auf standardisiertem 128×3-Fenster
2026-09-18T19:05:16.223+02:00,980,0.2781430904307649,0.47720259914362284,0,0.26137,208.34094345109554,NORMAL,,PROFILE/P99,ai_edge_litert.Interpreter 2.1.6 num_threads=1,2026-09-18T19:05:15.592+02:00,14768405208921,14768426830754,0.735703,0.959684,21.621833,609.577733,631.199566,0,0,0,0,0,53.276039741953014,243220480,240959488,0.39735480376660026,0.4833547401595273,0,19.540817,NORMAL,scikit-learn IsolationForest.score_samples,0.5522196110668534,1.296361072562011,0,0.093167,NORMAL,NumPy RMS auf standardisiertem 128×3-Fenster
2026-09-18T19:05:16.843+02:00,981,0.31844213435251767,0.47720259914362284,0,0.230426,207.32483337866344,NORMAL,,PROFILE/P99,ai_edge_litert.Interpreter 2.1.6 num_threads=1,2026-09-18T19:05:16.208+02:00,14769024034425,14769046340646,0.902258,0.812333,22.306221,612.565306,634.871527,0,0,0,0,0,51.65214811147512,243220480,240959488,0.3927595505054361,0.4833547401595273,0,20.211372,NORMAL,scikit-learn IsolationForest.score_samples,0.5579415405474458,1.296361072562011,0,0.1205,NORMAL,NumPy RMS auf standardisiertem 128×3-Fenster
2026-09-18T19:05:17.457+02:00,982,0.319416247444269,0.47720259914362284,0,0.23263,207.97056321110844,NORMAL,,PROFILE/P99,ai_edge_litert.Interpreter 2.1.6 num_threads=1,2026-09-18T19:05:16.827+02:00,14769641007839,14769661064210,0.707425,0.734684,20.056371,610.663346,630.719717,0,0,0,0,0,48.80461760136623,243220480,240959488,0.3837288728832837,0.4833547401595273,0,18.256503,NORMAL,scikit-learn IsolationForest.score_samples,0.5552788084905927,1.296361072562011,0,0.092834,NORMAL,NumPy RMS auf standardisiertem 128×3-Fenster
2026-09-18T19:05:18.073+02:00,983,0.26248494976025444,0.47720259914362284,0,0.225574,207.69301433916988,NORMAL,,PROFILE/P99,ai_edge_litert.Interpreter 2.1.6 num_threads=1,2026-09-18T19:05:17.443+02:00,14770258440420,14770277269681,0.828054,0.853444,18.829261,611.479401,630.308662,0,0,0,0,0,48.68492041438275,243220480,240959488,0.3872902939845118,0.4833547401595273,0,16.784541,NORMAL,scikit-learn IsolationForest.score_samples,0.5323070961523596,1.296361072562011,0,0.11063,NORMAL,NumPy RMS auf standardisiertem 128×3-Fenster
2026-09-18T19:05:18.701+02:00,984,0.29663520004716304,0.47720259914362284,0,0.286407,207.63565912574828,NORMAL,,PROFILE/P99,ai_edge_litert.Interpreter 2.1.6 num_threads=1,2026-09-18T19:05:18.061+02:00,14770876346576,14770905295218,0.861092,0.928481,28.948642,611.64831,640.596952,0,0,0,0,0,52.54287316939313,243220480,240959488,0.3971614846181007,0.4833547401595273,0,26.723662,NORMAL,scikit-learn IsolationForest.score_samples,0.5634201011831544,1.296361072562011,0,0.113648,NORMAL,NumPy RMS auf standardisiertem 128×3-Fenster
2026-09-18T19:05:19.314+02:00,985,0.308768526578118,0.47720259914362284,0,0.239833,208.02282718674635,NORMAL,,PROFILE/P99,ai_edge_litert.Interpreter 2.1.6 num_threads=1,2026-09-18T19:05:18.681+02:00,14771495100047,14771517666343,0.694944,0.873981,22.566296,610.509922,633.076218,0,0,0,0,0,57.15686202035704,243220480,240959488,0.39066697865621575,0.4833547401595273,0,20.627334,NORMAL,scikit-learn IsolationForest.score_samples,0.5576563243326772,1.296361072562011,0,0.099278,NORMAL,NumPy RMS auf standardisiertem 128×3-Fenster
2026-09-18T19:05:19.928+02:00,986,0.25982452191105826,0.47720259914362284,0,0.249445,207.71310527206344,NORMAL,,PROFILE/P99,ai_edge_litert.Interpreter 2.1.6 num_threads=1,2026-09-18T19:05:19.297+02:00,14772112586650,14772131612745,0.7025,0.819814,19.026095,611.420256,630.446351,0,0,0,0,0,52.127041654236024,243220480,240959488,0.39470888494267564,0.4833547401595273,0,17.137429,NORMAL,scikit-learn IsolationForest.score_samples,0.5644811541787493,1.296361072562011,0,0.087222,NORMAL,NumPy RMS auf standardisiertem 128×3-Fenster
2026-09-18T19:05:20.550+02:00,987,0.30635703835496503,0.47720259914362284,0,0.236556,207.5782531359002,NORMAL,,PROFILE/P99,ai_edge_litert.Interpreter 2.1.6 num_threads=1,2026-09-18T19:05:19.915+02:00,14772730603440,14772754035512,0.76224,0.888425,23.432072,611.817462,635.249534,0,0,0,0,0,53.012826565867485,243220480,240959488,0.39038319222311624,0.4833547401595273,0,21.415537,NORMAL,scikit-learn IsolationForest.score_samples,0.556161648306891,1.296361072562011,0,0.105852,NORMAL,NumPy RMS auf standardisiertem 128×3-Fenster
2026-09-18T19:05:21.168+02:00,988,0.3028542158562478,0.47720259914362284,0,0.271296,207.74222389571943,NORMAL,,PROFILE/P99,ai_edge_litert.Interpreter 2.1.6 num_threads=1,2026-09-18T19:05:20.533+02:00,14773348071897,14773371596173,1.045147,1.05211,23.524276,611.334555,634.858831,0,0,0,0,0,58.29561848365516,243220480,240959488,0.3898410481171352,0.4833547401595273,0,21.026816,NORMAL,scikit-learn IsolationForest.score_samples,0.5795256663445182,1.296361072562011,0,0.096981,NORMAL,NumPy RMS auf standardisiertem 128×3-Fenster
2026-09-18T19:05:21.811+02:00,989,0.28625809827471,0.47720259914362284,0,0.548703,207.1218195070598,NORMAL,,PROFILE/P99,ai_edge_litert.Interpreter 2.1.6 num_threads=1,2026-09-18T19:05:21.151+02:00,14773968156761,14774015204128,1.25661,3.732922,47.047367,613.165722,660.213089,0,0,0,0,0,59.03639041784306,243220480,240959488,0.39563798479556483,0.4833547401595273,0,41.30902,NORMAL,scikit-learn IsolationForest.score_samples,0.5387713648271881,1.296361072562011,0,0.136,NORMAL,NumPy RMS auf standardisiertem 128×3-Fenster
2026-09-18T19:05:22.474+02:00,990,0.3236052781346282,0.47720259914362284,0,0.548203,203.99875270986243,NORMAL,,PROFILE/P99,ai_edge_litert.Interpreter 2.1.6 num_threads=1,2026-09-18T19:05:21.812+02:00,14774638431713,14774677534587,10.178843,0.670684,39.102874,622.552826,661.6557,0,0,0,0,0,89.087901529996,243220480,240959488,0.39000514684235615,0.4833547401595273,0,27.57744,NORMAL,scikit-learn IsolationForest.score_samples,0.5613070226123361,1.296361072562011,0,0.101389,NORMAL,NumPy RMS auf standardisiertem 128×3-Fenster
2026-09-18T19:05:23.018+02:00,991,0.3114008343691026,0.47720259914362284,0,0.276703,230.55506940810443,NORMAL,,PROFILE/P99,ai_edge_litert.Interpreter 2.1.6 num_threads=1,2026-09-18T19:05:22.448+02:00,14775202780347,14775222205831,0.83024,1.054074,19.425484,550.844535,570.270019,0,0,0,0,0,56.91574370666576,243220480,240959488,0.3957804469472343,0.4833547401595273,0,17.140838,NORMAL,scikit-learn IsolationForest.score_samples,0.5736985138283395,1.296361072562011,0,0.085093,NORMAL,NumPy RMS auf standardisiertem 128×3-Fenster
2026-09-18T19:05:23.638+02:00,992,0.3085722076936002,0.47720259914362284,0,0.221741,207.62598810352134,NORMAL,,PROFILE/P99,ai_edge_litert.Interpreter 2.1.6 num_threads=1,2026-09-18T19:05:23.005+02:00,14775820832994,14775841576884,0.674481,0.750111,20.74389,611.6768,632.42069,0,0,0,0,0,51.66513793020997,243220480,240959488,0.3923485637259796,0.4833547401595273,0,18.977724,NORMAL,scikit-learn IsolationForest.score_samples,0.5561445078363817,1.296361072562011,0,0.092352,NORMAL,NumPy RMS auf standardisiertem 128×3-Fenster
2026-09-18T19:05:24.262+02:00,993,0.27167307438121213,0.47720259914362284,0,0.301574,207.31589182450043,NORMAL,,PROFILE/P99,ai_edge_litert.Interpreter 2.1.6 num_threads=1,2026-09-18T19:05:23.623+02:00,14776439311438,14776465801379,0.883129,0.878758,26.489941,612.591726,639.081667,0,0,0,0,0,56.06555821960439,243220480,240959488,0.38730914074576994,0.4833547401595273,0,24.263942,NORMAL,scikit-learn IsolationForest.score_samples,0.5410916298319205,1.296361072562011,0,0.127741,NORMAL,NumPy RMS auf standardisiertem 128×3-Fenster
2026-09-18T19:05:24.876+02:00,994,0.30679766457653646,0.47720259914362284,0,0.218611,208.15963716024734,NORMAL,,PROFILE/P99,ai_edge_litert.Interpreter 2.1.6 num_threads=1,2026-09-18T19:05:24.244+02:00,14777057741845,14777079768568,0.806722,0.772629,22.026723,610.108673,632.135396,0,0,0,0,0,52.12206128044289,243220480,240959488,0.38780593936378316,0.4833547401595273,0,20.092113,NORMAL,scikit-learn IsolationForest.score_samples,0.5414691850906571,1.296361072562011,0,0.102722,NORMAL,NumPy RMS auf standardisiertem 128×3-Fenster
2026-09-18T19:05:25.491+02:00,995,0.2772854249210021,0.47720259914362284,0,0.257222,207.53239480593479,NORMAL,,PROFILE/P99,ai_edge_litert.Interpreter 2.1.6 num_threads=1,2026-09-18T19:05:24.859+02:00,14777674328756,14777694557721,0.667796,0.847221,20.228965,611.952655,632.18162,0,0,0,0,0,50.423536233751,243220480,240959488,0.3904420929078502,0.4833547401595273,0,18.323873,NORMAL,scikit-learn IsolationForest.score_samples,0.5636601707826757,1.296361072562011,0,0.103463,NORMAL,NumPy RMS auf standardisiertem 128×3-Fenster
2026-09-18T19:05:26.112+02:00,996,0.2722654507031213,0.47720259914362284,0,0.332704,207.27237452689695,NORMAL,,PROFILE/P99,ai_edge_litert.Interpreter 2.1.6 num_threads=1,2026-09-18T19:05:25.476+02:00,14778292884462,14778316111424,0.995166,1.20498,23.226962,612.720341,635.947303,0,0,0,0,0,51.48361756529353,243220480,240959488,0.38388550802151267,0.4833547401595273,0,20.530557,NORMAL,scikit-learn IsolationForest.score_samples,0.5373614641991654,1.296361072562011,0,0.121185,NORMAL,NumPy RMS auf standardisiertem 128×3-Fenster
2026-09-18T19:05:26.725+02:00,997,0.31903834171701556,0.47720259914362284,0,0.145944,208.04497262632708,NORMAL,,PROFILE/P99,ai_edge_litert.Interpreter 2.1.6 num_threads=1,2026-09-18T19:05:26.096+02:00,14778909907115,14778928711266,0.637999,0.488204,18.804151,610.444936,629.249087,0,0,0,0,0,50.60473342049683,243220480,240959488,0.39490219342640914,0.4833547401595273,0,17.406301,NORMAL,scikit-learn IsolationForest.score_samples,0.5829386802739474,1.296361072562011,0,0.104074,NORMAL,NumPy RMS auf standardisiertem 128×3-Fenster
2026-09-18T19:05:27.354+02:00,998,0.27755868481046164,0.47720259914362284,0,0.215648,207.45230185210949,NORMAL,,PROFILE/P99,ai_edge_litert.Interpreter 2.1.6 num_threads=1,2026-09-18T19:05:26.713+02:00,14779529014952,14779557817947,0.836889,0.811036,28.802995,612.188917,640.991912,0,0,0,0,0,50.85946948633091,243220480,240959488,0.3885340779878995,0.4833547401595273,0,26.598756,NORMAL,scikit-learn IsolationForest.score_samples,0.5228234809144633,1.296361072562011,0,0.301759,NORMAL,NumPy RMS auf standardisiertem 128×3-Fenster
2026-09-18T19:05:27.963+02:00,999,0.30660902359035563,0.47720259914362284,0,0.239352,207.9749783895165,NORMAL,,PROFILE/P99,ai_edge_litert.Interpreter 2.1.6 num_threads=1,2026-09-18T19:05:27.332+02:00,14780146613551,14780167088609,0.750018,0.956148,20.475058,610.650382,631.12544,0,0,0,0,0,50.88728281032473,243220480,240959488,0.38584536710759404,0.4833547401595273,0,18.393282,NORMAL,scikit-learn IsolationForest.score_samples,0.5378710908245987,1.296361072562011,0,0.102389,NORMAL,NumPy RMS auf standardisiertem 128×3-Fenster
2026-09-18T19:05:28.580+02:00,1000,0.2760449401947529,0.47720259914362284,0,0.219648,207.70193953951906,NORMAL,,PROFILE/P99,ai_edge_litert.Interpreter 2.1.6 num_threads=1,2026-09-18T19:05:27.949+02:00,14780764170708,14780783356118,0.82524,0.770814,19.18541,611.453125,630.638535,0,0,0,0,0,51.924396086676765,243220480,240959488,0.3811534556342183,0.4833547401595273,0,17.230041,NORMAL,scikit-learn IsolationForest.score_samples,0.5529321093847491,1.296361072562011,0,0.11113,NORMAL,NumPy RMS auf standardisiertem 128×3-Fenster
2026-09-18T19:05:29.203+02:00,1001,0.2835921509351693,0.47720259914362284,0,0.304944,207.32983414881735,NORMAL,,PROFILE/P99,ai_edge_litert.Interpreter 2.1.6 num_threads=1,2026-09-18T19:05:28.566+02:00,14781382600160,14781407118066,0.830462,1.082907,24.517906,612.550531,637.068437,0,0,0,0,0,51.30164538644737,243220480,240959488,0.39199028545610326,0.4833547401595273,0,22.157685,NORMAL,scikit-learn IsolationForest.score_samples,0.5344518191608718,1.296361072562011,0,0.103167,NORMAL,NumPy RMS auf standardisiertem 128×3-Fenster
2026-09-18T19:05:29.817+02:00,1002,0.3313737056662183,0.47720259914362284,0,0.280092,209.0820897030487,NORMAL,,PROFILE/P99,ai_edge_litert.Interpreter 2.1.6 num_threads=1,2026-09-18T19:05:29.188+02:00,14781999623744,14782020602949,0.649333,0.953388,20.979205,607.416925,628.39613,0,0,0,0,0,53.79304394885085,243220480,240959488,0.3989328267292273,0.4833547401595273,0,18.965948,NORMAL,scikit-learn IsolationForest.score_samples,0.5734810330866741,1.296361072562011,0,0.094259,NORMAL,NumPy RMS auf standardisiertem 128×3-Fenster
2026-09-18T19:05:30.434+02:00,1003,0.2964003342078498,0.47720259914362284,0,0.239518,207.6313836013436,NORMAL,,PROFILE/P99,ai_edge_litert.Interpreter 2.1.6 num_threads=1,2026-09-18T19:05:29.802+02:00,14782617559311,14782637595924,1.633813,0.845185,20.036613,611.660905,631.697518,0,0,0,0,0,51.864275146505726,243220480,240959488,0.3855269352340032,0.4833547401595273,0,17.182838,NORMAL,scikit-learn IsolationForest.score_samples,0.5402999095710079,1.296361072562011,0,0.105296,NORMAL,NumPy RMS auf standardisiertem 128×3-Fenster
2026-09-18T19:05:31.054+02:00,1004,0.26568099863468336,0.47720259914362284,0,0.211018,207.61981731483232,NORMAL,,PROFILE/P99,ai_edge_litert.Interpreter 2.1.6 num_threads=1,2026-09-18T19:05:30.421+02:00,14783236835599,14783257476471,0.812203,0.778907,20.640872,611.69498,632.335852,0,0,0,0,0,51.622400415361255,243220480,240959488,0.3868075615114951,0.4833547401595273,0,18.709152,NORMAL,scikit-learn IsolationForest.score_samples,0.5375371127454837,1.296361072562011,0,0.097852,NORMAL,NumPy RMS auf standardisiertem 128×3-Fenster
2026-09-18T19:05:31.669+02:00,1005,0.31663035733746386,0.47720259914362284,0,0.275982,207.74090235359057,NORMAL,,PROFILE/P99,ai_edge_litert.Interpreter 2.1.6 num_threads=1,2026-09-18T19:05:31.039+02:00,14783854081205,14783873144264,0.92924,0.875074,19.063059,611.338444,630.401503,0,0,0,0,0,55.22395142820688,243220480,240959488,0.3901058248443734,0.4833547401595273,0,16.845709,NORMAL,scikit-learn IsolationForest.score_samples,0.5645626081019873,1.296361072562011,0,0.108981,NORMAL,NumPy RMS auf standardisiertem 128×3-Fenster
2026-09-18T19:05:32.287+02:00,1006,0.31710495410259654,0.47720259914362284,0,0.276296,207.77632406881773,NORMAL,,PROFILE/P99,ai_edge_litert.Interpreter 2.1.6 num_threads=1,2026-09-18T19:05:31.656+02:00,14784471496553,14784490824130,0.690796,0.805277,19.327577,611.234223,630.5618,0,0,0,0,0,48.5695229623457,243220480,240959488,0.3851710841917299,0.4833547401595273,0,17.420875,NORMAL,scikit-learn IsolationForest.score_samples,0.5662768913049319,1.296361072562011,0,0.103093,NORMAL,NumPy RMS auf standardisiertem 128×3-Fenster
2026-09-18T19:05:32.907+02:00,1007,0.29878850621821407,0.47720259914362284,0,0.242185,207.68472806770694,NORMAL,,PROFILE/P99,ai_edge_litert.Interpreter 2.1.6 num_threads=1,2026-09-18T19:05:32.274+02:00,14785089567401,14785110631088,0.767315,0.855091,21.063687,611.503798,632.567485,0,0,0,0,0,53.24133239694117,243220480,240959488,0.39594586079978167,0.4833547401595273,0,19.06854,NORMAL,scikit-learn IsolationForest.score_samples,0.5488246571137363,1.296361072562011,0,0.100092,NORMAL,NumPy RMS auf standardisiertem 128×3-Fenster
2026-09-18T19:05:33.525+02:00,1008,0.28052019018521646,0.47720259914362284,0,0.239666,207.71963969664415,NORMAL,,PROFILE/P99,ai_edge_litert.Interpreter 2.1.6 num_threads=1,2026-09-18T19:05:32.893+02:00,14785708652084,14785728361290,0.707647,0.862314,19.709206,611.401022,631.110228,0,0,0,0,0,50.185727827223815,243220480,240959488,0.394989989188484,0.4833547401595273,0,17.771727,NORMAL,scikit-learn IsolationForest.score_samples,0.5751156269419965,1.296361072562011,0,0.095759,NORMAL,NumPy RMS auf standardisiertem 128×3-Fenster
2026-09-18T19:05:34.143+02:00,1009,0.32634542334315486,0.47720259914362284,0,0.235555,207.8986621118678,NORMAL,,PROFILE/P99,ai_edge_litert.Interpreter 2.1.6 num_threads=1,2026-09-18T19:05:33.511+02:00,14786325664250,14786346446418,0.973906,0.895129,20.782168,610.874542,631.65671,0,0,0,0,0,51.77115637814718,243220480,240959488,0.39020474971040575,0.4833547401595273,0,18.549077,NORMAL,scikit-learn IsolationForest.score_samples,0.5650961725941986,1.296361072562011,0,0.101296,NORMAL,NumPy RMS auf standardisiertem 128×3-Fenster
2026-09-18T19:05:34.761+02:00,1010,0.3015999835001451,0.47720259914362284,0,0.305537,207.2160229062009,NORMAL,,PROFILE/P99,ai_edge_litert.Interpreter 2.1.6 num_threads=1,2026-09-18T19:05:34.128+02:00,14786944711064,14786964775918,0.76224,0.850388,20.064854,612.886968,632.951822,0,0,0,0,0,50.13455321631774,243220480,240959488,0.39424706027977563,0.4833547401595273,0,18.015837,NORMAL,scikit-learn IsolationForest.score_samples,0.5545186936048395,1.296361072562011,0,0.102204,NORMAL,NumPy RMS auf standardisiertem 128×3-Fenster
2026-09-18T19:05:35.381+02:00,1011,0.250380891906178,0.47720259914362284,0,0.260056,207.25339558985988,NORMAL,,PROFILE/P99,ai_edge_litert.Interpreter 2.1.6 num_threads=1,2026-09-18T19:05:34.745+02:00,14787561630288,14787584469491,0.766869,0.877648,22.839203,612.77645,635.615653,0,0,0,0,0,54.86724135090087,243220480,240959488,0.3900876469952298,0.4833547401595273,0,20.814428,NORMAL,scikit-learn IsolationForest.score_samples,0.5247707734771538,1.296361072562011,0,0.087111,NORMAL,NumPy RMS auf standardisiertem 128×3-Fenster
2026-09-18T19:05:35.996+02:00,1012,0.30280148142968955,0.47720259914362284,0,0.2125,208.28885498409193,NORMAL,,PROFILE/P99,ai_edge_litert.Interpreter 2.1.6 num_threads=1,2026-09-18T19:05:35.366+02:00,14788179023901,14788199444903,0.832333,0.791981,20.421002,609.730175,630.151177,0,0,0,0,0,48.78269674887685,243220480,240959488,0.38857155835115276,0.4833547401595273,0,18.454597,NORMAL,scikit-learn IsolationForest.score_samples,0.5474326081732253,1.296361072562011,0,0.101074,NORMAL,NumPy RMS auf standardisiertem 128×3-Fenster
2026-09-18T19:05:36.612+02:00,1013,0.3256739528307347,0.47720259914362284,0,0.245019,207.6278346594485,NORMAL,,PROFILE/P99,ai_edge_litert.Interpreter 2.1.6 num_threads=1,2026-09-18T19:05:35.981+02:00,14788796831701,14788816090074,0.640462,0.827315,19.258373,611.67136,630.929733,0,0,0,0,0,50.27028491660666,243220480,240959488,0.4034500257994286,0.4833547401595273,0,17.390412,NORMAL,scikit-learn IsolationForest.score_samples,0.5718715257125078,1.296361072562011,0,0.125574,NORMAL,NumPy RMS auf standardisiertem 128×3-Fenster
2026-09-18T19:05:37.233+02:00,1014,0.27379481406679673,0.47720259914362284,0,0.235778,207.86772667509936,NORMAL,,PROFILE/P99,ai_edge_litert.Interpreter 2.1.6 num_threads=1,2026-09-18T19:05:36.601+02:00,14789415741019,14789437232817,0.799314,0.880481,21.491798,610.965454,632.457252,0,0,0,0,0,51.51888574632016,243220480,240959488,0.3883204090964131,0.4833547401595273,0,19.442577,NORMAL,scikit-learn IsolationForest.score_samples,0.5327317370598064,1.296361072562011,0,0.101315,NORMAL,NumPy RMS auf standardisiertem 128×3-Fenster
2026-09-18T19:05:37.850+02:00,1015,0.291534171007509,0.47720259914362284,0,0.271592,207.43002050996176,NORMAL,,PROFILE/P99,ai_edge_litert.Interpreter 2.1.6 num_threads=1,2026-09-18T19:05:37.218+02:00,14790034269635,14790054215286,0.908314,0.927592,19.945651,612.254676,632.200327,0,0,0,0,0,51.86571714287004,243220480,240959488,0.3815676900966551,0.4833547401595273,0,17.697301,NORMAL,scikit-learn IsolationForest.score_samples,0.554894304628735,1.296361072562011,0,0.1055,NORMAL,NumPy RMS auf standardisiertem 128×3-Fenster
2026-09-18T19:05:38.474+02:00,1016,0.2954119336061012,0.47720259914362284,0,0.230981,207.54470329468867,NORMAL,,PROFILE/P99,ai_edge_litert.Interpreter 2.1.6 num_threads=1,2026-09-18T19:05:37.835+02:00,14790650705791,14790678271325,0.778722,0.937703,27.565534,611.916363,639.481897,0,0,0,0,0,52.87961063454522,243220480,240959488,0.38847528161905026,0.4833547401595273,0,25.489683,NORMAL,scikit-learn IsolationForest.score_samples,0.5483819558282519,1.296361072562011,0,0.10226,NORMAL,NumPy RMS auf standardisiertem 128×3-Fenster
2026-09-18T19:05:39.087+02:00,1017,0.3090238553430787,0.47720259914362284,0,0.283296,207.8931383695985,NORMAL,,PROFILE/P99,ai_edge_litert.Interpreter 2.1.6 num_threads=1,2026-09-18T19:05:38.454+02:00,14791268760521,14791290542225,0.74674,0.920536,21.781704,610.890773,632.672477,0,0,0,0,0,48.99938326764085,243220480,240959488,0.3932682393822722,0.4833547401595273,0,19.70754,NORMAL,scikit-learn IsolationForest.score_samples,0.5591295059762479,1.296361072562011,0,0.091203,NORMAL,NumPy RMS auf standardisiertem 128×3-Fenster
2026-09-18T19:05:39.711+02:00,1018,0.3181469572911932,0.47720259914362284,0,0.315703,207.6440015728886,NORMAL,,PROFILE/P99,ai_edge_litert.Interpreter 2.1.6 num_threads=1,2026-09-18T19:05:39.072+02:00,14791887516881,14791914685841,0.976092,0.910073,27.16896,611.623736,638.792696,0,0,0,0,0,52.86935012228154,243220480,240959488,0.3880595440564571,0.4833547401595273,0,24.82274,NORMAL,scikit-learn IsolationForest.score_samples,0.5651269586404173,1.296361072562011,0,0.11213,NORMAL,NumPy RMS auf standardisiertem 128×3-Fenster
2026-09-18T19:05:40.320+02:00,1019,0.30523516329528394,0.47720259914362284,0,0.217593,208.2168169650249,NORMAL,,PROFILE/P99,ai_edge_litert.Interpreter 2.1.6 num_threads=1,2026-09-18T19:05:39.691+02:00,14792505055428,14792524122135,0.828832,0.80437,19.066707,609.941127,629.007834,0,0,0,0,0,55.7845157170604,243220480,240959488,0.3964004760215369,0.4833547401595273,0,17.016783,NORMAL,scikit-learn IsolationForest.score_samples,0.5795536218289465,1.296361072562011,0,0.165759,NORMAL,NumPy RMS auf standardisiertem 128×3-Fenster
2026-09-18T19:05:40.942+02:00,1020,0.2598666317797438,0.47720259914362284,0,0.31424,207.30922643489336,NORMAL,,PROFILE/P99,ai_edge_litert.Interpreter 2.1.6 num_threads=1,2026-09-18T19:05:40.307+02:00,14793123341160,14793146058809,0.971407,1.306295,22.717649,612.611422,635.329071,0,0,0,0,0,51.458260363887035,243220480,240959488,0.38172513293835,0.4833547401595273,0,19.967299,NORMAL,scikit-learn IsolationForest.score_samples,0.4998498105190853,1.296361072562011,0,0.104463,NORMAL,NumPy RMS auf standardisiertem 128×3-Fenster
2026-09-18T19:05:41.557+02:00,1021,0.28346615544739606,0.47720259914362284,0,0.272703,207.2760111241673,NORMAL,,PROFILE/P99,ai_edge_litert.Interpreter 2.1.6 num_threads=1,2026-09-18T19:05:40.925+02:00,14793741471617,14793760895157,0.642962,0.853833,19.42354,612.709591,632.133131,0,0,0,0,0,50.4191646041696,243220480,240959488,0.3853007491954062,0.4833547401595273,0,17.519004,NORMAL,scikit-learn IsolationForest.score_samples,0.5438194463354155,1.296361072562011,0,0.10087,NORMAL,NumPy RMS auf standardisiertem 128×3-Fenster
2026-09-18T19:05:42.176+02:00,1022,0.31871252944911,0.47720259914362284,0,0.239481,208.17968265764532,NORMAL,,PROFILE/P99,ai_edge_litert.Interpreter 2.1.6 num_threads=1,2026-09-18T19:05:41.545+02:00,14794358519667,14794379952114,0.698481,0.869629,21.432447,610.049926,631.482373,0,0,0,0,0,51.68715232023611,243220480,240959488,0.3998338379645848,0.4833547401595273,0,19.47717,NORMAL,scikit-learn IsolationForest.score_samples,0.5626604781079166,1.296361072562011,0,0.115759,NORMAL,NumPy RMS auf standardisiertem 128×3-Fenster
2026-09-18T19:05:42.793+02:00,1023,0.3204058088889011,0.47720259914362284,0,0.233963,207.4216481587297,NORMAL,,PROFILE/P99,ai_edge_litert.Interpreter 2.1.6 num_threads=1,2026-09-18T19:05:42.161+02:00,14794976980848,14794996871388,0.671573,0.857592,19.89054,612.279389,632.169929,0,0,0,0,0,50.25389955993818,243220480,240959488,0.3910148059408777,0.4833547401595273,0,17.998671,NORMAL,scikit-learn IsolationForest.score_samples,0.5522775194880492,1.296361072562011,0,0.09963,NORMAL,NumPy RMS auf standardisiertem 128×3-Fenster
2026-09-18T19:05:43.411+02:00,1024,0.3017897588293681,0.47720259914362284,0,0.24663,208.24452674435756,NORMAL,,PROFILE/P99,ai_edge_litert.Interpreter 2.1.6 num_threads=1,2026-09-18T19:05:42.781+02:00,14795594738289,14795614740422,0.673759,0.810777,20.002133,609.859966,629.862099,0,0,0,0,0,50.17303425193699,243220480,240959488,0.3835723693713875,0.4833547401595273,0,18.144968,NORMAL,scikit-learn IsolationForest.score_samples,0.5489409412730656,1.296361072562011,0,0.097055,NORMAL,NumPy RMS auf standardisiertem 128×3-Fenster
2026-09-18T19:05:44.027+02:00,1025,0.3003272986325089,0.47720259914362284,0,0.22263,207.5844723493331,NORMAL,,PROFILE/P99,ai_edge_litert.Interpreter 2.1.6 num_threads=1,2026-09-18T19:05:43.397+02:00,14796212493213,14796230532921,0.630277,0.833592,18.039708,611.799132,629.83884,0,0,0,0,0,50.342630726747586,243220480,240959488,0.3955713635722313,0.4833547401595273,0,16.217394,NORMAL,scikit-learn IsolationForest.score_samples,0.5618752374004995,1.296361072562011,0,0.103463,NORMAL,NumPy RMS auf standardisiertem 128×3-Fenster
2026-09-18T19:05:44.646+02:00,1026,0.29754259509712117,0.47720259914362284,0,0.223889,207.60220509112074,NORMAL,,PROFILE/P99,ai_edge_litert.Interpreter 2.1.6 num_threads=1,2026-09-18T19:05:44.015+02:00,14796830110860,14796850112233,0.722666,0.810092,20.001373,611.746874,631.748247,0,0,0,0,0,54.87540167217832,243220480,240959488,0.38809101073937396,0.4833547401595273,0,18.116468,NORMAL,scikit-learn IsolationForest.score_samples,0.5661488845988859,1.296361072562011,0,0.098981,NORMAL,NumPy RMS auf standardisiertem 128×3-Fenster
2026-09-18T19:05:45.267+02:00,1027,0.2866113690502914,0.47720259914362284,0,0.234666,207.09840074554512,NORMAL,,PROFILE/P99,ai_edge_litert.Interpreter 2.1.6 num_threads=1,2026-09-18T19:05:44.632+02:00,14797449321377,14797470442620,0.709352,0.879203,21.121243,613.235059,634.356302,0,0,0,0,0,51.58475974580419,243220480,240959488,0.38821026077856374,0.4833547401595273,0,19.170411,NORMAL,scikit-learn IsolationForest.score_samples,0.5470754174528734,1.296361072562011,0,0.09826,NORMAL,NumPy RMS auf standardisiertem 128×3-Fenster
2026-09-18T19:05:45.883+02:00,1028,0.2678534105806425,0.47720259914362284,0,0.211981,208.41022220960457,NORMAL,,PROFILE/P99,ai_edge_litert.Interpreter 2.1.6 num_threads=1,2026-09-18T19:05:45.254+02:00,14798067177175,14798086904474,0.797647,0.80987,19.727299,609.3751,629.102399,0,0,0,0,0,51.90924161582852,243220480,240959488,0.38075404119356676,0.4833547401595273,0,17.773856,NORMAL,scikit-learn IsolationForest.score_samples,0.535639177644682,1.296361072562011,0,0.103592,NORMAL,NumPy RMS auf standardisiertem 128×3-Fenster
2026-09-18T19:05:46.503+02:00,1029,0.3133113344349023,0.47720259914362284,0,0.228629,207.5606971503588,NORMAL,,PROFILE/P99,ai_edge_litert.Interpreter 2.1.6 num_threads=1,2026-09-18T19:05:45.869+02:00,14798684949696,14798706400327,0.768462,0.871796,21.450631,611.869211,633.319842,0,0,0,0,0,51.654431889417566,243220480,240959488,0.38617173018811873,0.4833547401595273,0,19.445299,NORMAL,scikit-learn IsolationForest.score_samples,0.567436503488071,1.296361072562011,0,0.106778,NORMAL,NumPy RMS auf standardisiertem 128×3-Fenster
2026-09-18T19:05:47.118+02:00,1030,0.3628936750748508,0.47720259914362284,0,0.326407,207.5410867700424,NORMAL,,PROFILE/P99,ai_edge_litert.Interpreter 2.1.6 num_threads=1,2026-09-18T19:05:46.487+02:00,14799302665106,14799321708832,0.576425,0.941074,19.043726,611.927026,630.970752,0,0,0,0,0,48.75655246014081,243220480,240959488,0.3899886077557936,0.4833547401595273,0,17.058616,NORMAL,scikit-learn IsolationForest.score_samples,0.5861302697051028,1.296361072562011,0,0.099444,NORMAL,NumPy RMS auf standardisiertem 128×3-Fenster
2026-09-18T19:05:47.739+02:00,1031,0.2667082734825013,0.47720259914362284,0,0.2715,206.9037027385634,NORMAL,,PROFILE/P99,ai_edge_litert.Interpreter 2.1.6 num_threads=1,2026-09-18T19:05:47.104+02:00,14799921611739,14799942532612,0.91287,0.765073,20.920873,613.812118,634.732991,0,0,0,0,0,51.54503238517324,243220480,240959488,0.3811650804966731,0.4833547401595273,0,18.848522,NORMAL,scikit-learn IsolationForest.score_samples,0.5133926581814368,1.296361072562011,0,0.093352,NORMAL,NumPy RMS auf standardisiertem 128×3-Fenster
2026-09-18T19:05:48.355+02:00,1032,0.30534853542035423,0.47720259914362284,0,0.214259,207.11539222069698,NORMAL,,PROFILE/P99,ai_edge_litert.Interpreter 2.1.6 num_threads=1,2026-09-18T19:05:47.722+02:00,14800539207578,14800558487619,0.843851,0.817481,19.280041,613.18475,632.464791,0,0,0,0,0,51.95111554586394,243220480,240959488,0.38974988882651007,0.4833547401595273,0,17.275487,NORMAL,scikit-learn IsolationForest.score_samples,0.554806007495029,1.296361072562011,0,0.098518,NORMAL,NumPy RMS auf standardisiertem 128×3-Fenster
2026-09-18T19:05:48.974+02:00,1033,0.31784677698876396,0.47720259914362284,0,0.345129,208.11946531887233,NORMAL,,PROFILE/P99,ai_edge_litert.Interpreter 2.1.6 num_threads=1,2026-09-18T19:05:48.342+02:00,14801156072770,14801177690365,0.955148,1.053425,21.617595,610.226438,631.844033,0,0,0,0,0,51.67840226650409,243220480,240959488,0.3879837377091192,0.4833547401595273,0,19.119819,NORMAL,scikit-learn IsolationForest.score_samples,0.5514637517027585,1.296361072562011,0,0.102426,NORMAL,NumPy RMS auf standardisiertem 128×3-Fenster
2026-09-18T19:05:49.591+02:00,1034,0.2712462981428357,0.47720259914362284,0,0.239981,207.44364747988956,NORMAL,,PROFILE/P99,ai_edge_litert.Interpreter 2.1.6 num_threads=1,2026-09-18T19:05:48.959+02:00,14801774697722,14801795208150,0.799388,0.881462,20.510428,612.214457,632.724885,0,0,0,0,0,50.20128130871451,243220480,240959488,0.3855195739641824,0.4833547401595273,0,18.458541,NORMAL,scikit-learn IsolationForest.score_samples,0.5634288868487248,1.296361072562011,0,0.100519,NORMAL,NumPy RMS auf standardisiertem 128×3-Fenster
2026-09-18T19:05:50.217+02:00,1035,0.29453999612545917,0.47720259914362284,0,0.279092,207.68101360631974,NORMAL,,PROFILE/P99,ai_edge_litert.Interpreter 2.1.6 num_threads=1,2026-09-18T19:05:49.577+02:00,14802392169823,14802420764468,0.490426,0.746647,28.594645,611.514735,640.10938,0,0,0,0,0,52.75287075408539,243220480,240959488,0.3923329488342928,0.4833547401595273,0,26.927832,NORMAL,scikit-learn IsolationForest.score_samples,0.5625064319178424,1.296361072562011,0,0.113296,NORMAL,NumPy RMS auf standardisiertem 128×3-Fenster
2026-09-18T19:05:50.827+02:00,1036,0.24579770331647902,0.47720259914362284,0,0.244148,208.63864429644875,NORMAL,,PROFILE/P99,ai_edge_litert.Interpreter 2.1.6 num_threads=1,2026-09-18T19:05:50.199+02:00,14803011280480,14803030842909,0.667999,0.852777,19.562429,608.707943,628.270372,0,0,0,0,0,54.09134084112334,243220480,240959488,0.38399912889683857,0.4833547401595273,0,17.662931,NORMAL,scikit-learn IsolationForest.score_samples,0.5223461915264178,1.296361072562011,0,0.104926,NORMAL,NumPy RMS auf standardisiertem 128×3-Fenster
2026-09-18T19:05:51.446+02:00,1037,0.25783376396856833,0.47720259914362284,0,0.24874,207.94840228363105,NORMAL,,PROFILE/P99,ai_edge_litert.Interpreter 2.1.6 num_threads=1,2026-09-18T19:05:50.815+02:00,14803629258935,14803650056752,0.736647,0.884629,20.797817,610.728424,631.526241,0,0,0,0,0,53.29535542918246,243220480,240959488,0.3937522994039068,0.4833547401595273,0,18.801116,NORMAL,scikit-learn IsolationForest.score_samples,0.5522353191255785,1.296361072562011,0,0.093518,NORMAL,NumPy RMS auf standardisiertem 128×3-Fenster
2026-09-18T19:05:52.063+02:00,1038,0.24693423471078982,0.47720259914362284,0,0.217778,207.66522124205454,NORMAL,,PROFILE/P99,ai_edge_litert.Interpreter 2.1.6 num_threads=1,2026-09-18T19:05:51.432+02:00,14804247028354,14804267200987,0.813499,0.80487,20.172633,611.561239,631.733872,0,0,0,0,0,50.22599949966879,243220480,240959488,0.3906646106208163,0.4833547401595273,0,18.192356,NORMAL,scikit-learn IsolationForest.score_samples,0.5548705215698736,1.296361072562011,0,0.109019,NORMAL,NumPy RMS auf standardisiertem 128×3-Fenster
2026-09-18T19:05:52.679+02:00,1039,0.28908993587618914,0.47720259914362284,0,0.255185,207.86683528082355,NORMAL,,PROFILE/P99,ai_edge_litert.Interpreter 2.1.6 num_threads=1,2026-09-18T19:05:52.049+02:00,14804863947145,14804883136983,0.804814,0.989537,19.189838,610.968074,630.157912,0,0,0,0,0,50.33587955208957,243220480,240959488,0.37931376517796667,0.4833547401595273,0,17.03119,NORMAL,scikit-learn IsolationForest.score_samples,0.5173756030091133,1.296361072562011,0,0.079166,NORMAL,NumPy RMS auf standardisiertem 128×3-Fenster
2026-09-18T19:05:53.298+02:00,1040,0.2645949523848992,0.47720259914362284,0,0.275759,207.62052092914,NORMAL,,PROFILE/P99,ai_edge_litert.Interpreter 2.1.6 num_threads=1,2026-09-18T19:05:52.666+02:00,14805481911918,14805502236532,0.704018,0.772814,20.324614,611.692907,632.017521,0,0,0,0,0,51.68739501618916,243220480,240959488,0.38653565797535916,0.4833547401595273,0,18.450412,NORMAL,scikit-learn IsolationForest.score_samples,0.520682452371176,1.296361072562011,0,0.091666,NORMAL,NumPy RMS auf standardisiertem 128×3-Fenster
2026-09-18T19:05:53.917+02:00,1041,0.28660473875124337,0.47720259914362284,0,0.19926,207.2158494619341,NORMAL,,PROFILE/P99,ai_edge_litert.Interpreter 2.1.6 num_threads=1,2026-09-18T19:05:53.285+02:00,14806101219376,14806120455917,0.659685,0.814648,19.236541,612.887481,632.124022,0,0,0,0,0,50.142808497863406,243220480,240959488,0.39191234847081796,0.4833547401595273,0,17.432617,NORMAL,scikit-learn IsolationForest.score_samples,0.5548790985579163,1.296361072562011,0,0.100833,NORMAL,NumPy RMS auf standardisiertem 128×3-Fenster
2026-09-18T19:05:54.538+02:00,1042,0.30400968764817665,0.47720259914362284,0,0.215925,207.57704564060737,NORMAL,,PROFILE/P99,ai_edge_litert.Interpreter 2.1.6 num_threads=1,2026-09-18T19:05:53.904+02:00,14806719335707,14806741509450,0.780055,0.789685,22.173743,611.821021,633.994764,0,0,0,0,0,53.136365435742086,243220480,240959488,0.387041849766783,0.4833547401595273,0,20.268688,NORMAL,scikit-learn IsolationForest.score_samples,0.5492427428305873,1.296361072562011,0,0.094204,NORMAL,NumPy RMS auf standardisiertem 128×3-Fenster
2026-09-18T19:05:55.153+02:00,1043,0.29392100156476714,0.47720259914362284,0,0.287444,206.84608622139035,NORMAL,,PROFILE/P99,ai_edge_litert.Interpreter 2.1.6 num_threads=1,2026-09-18T19:05:54.520+02:00,14807337293002,14807356713524,0.797888,0.835758,19.420522,613.983094,633.403616,0,0,0,0,0,50.38932368185339,243220480,240959488,0.3890842050972238,0.4833547401595273,0,17.375431,NORMAL,scikit-learn IsolationForest.score_samples,0.5451929153655952,1.296361072562011,0,0.093445,NORMAL,NumPy RMS auf standardisiertem 128×3-Fenster
2026-09-18T19:05:55.769+02:00,1044,0.29414479717991665,0.47720259914362284,0,0.204148,207.43482205156425,NORMAL,,PROFILE/P99,ai_edge_litert.Interpreter 2.1.6 num_threads=1,2026-09-18T19:05:55.138+02:00,14807953803280,14807973231451,0.735277,0.819944,19.428171,612.240504,631.668675,0,0,0,0,0,55.14992783620703,243220480,240959488,0.387094533751853,0.4833547401595273,0,17.557728,NORMAL,scikit-learn IsolationForest.score_samples,0.5595263996671103,1.296361072562011,0,0.084019,NORMAL,NumPy RMS auf standardisiertem 128×3-Fenster
2026-09-18T19:05:56.391+02:00,1045,0.2571040577796211,0.47720259914362284,0,0.279407,207.2203560642251,NORMAL,,PROFILE/P99,ai_edge_litert.Interpreter 2.1.6 num_threads=1,2026-09-18T19:05:55.757+02:00,14808573265779,14808594755319,0.695759,0.970629,21.48954,612.874152,634.363692,0,0,0,0,0,51.483228101292184,243220480,240959488,0.38741340318523787,0.4833547401595273,0,19.391449,NORMAL,scikit-learn IsolationForest.score_samples,0.5438015590284684,1.296361072562011,0,0.114926,NORMAL,NumPy RMS auf standardisiertem 128×3-Fenster
2026-09-18T19:05:57.008+02:00,1046,0.2701085681833746,0.47720259914362284,0,0.223185,207.20448425483957,NORMAL,,PROFILE/P99,ai_edge_litert.Interpreter 2.1.6 num_threads=1,2026-09-18T19:05:56.374+02:00,14809190548189,14809211535895,0.755666,0.816036,20.987706,612.921098,633.908804,0,0,0,0,0,48.640378127999725,243220480,240959488,0.37892995325274464,0.4833547401595273,0,19.060467,NORMAL,scikit-learn IsolationForest.score_samples,0.531669855982472,1.296361072562011,0,0.104981,NORMAL,NumPy RMS auf standardisiertem 128×3-Fenster
2026-09-18T19:05:57.625+02:00,1047,0.2949715243423075,0.47720259914362284,0,0.256333,208.39697269561367,NORMAL,,PROFILE/P99,ai_edge_litert.Interpreter 2.1.6 num_threads=1,2026-09-18T19:05:56.995+02:00,14809808194766,14809828811269,0.708722,0.835295,20.616503,609.413843,630.030346,0,0,0,0,0,51.84123821039112,243220480,240959488,0.3842539638271939,0.4833547401595273,0,18.686356,NORMAL,scikit-learn IsolationForest.score_samples,0.5295326606843815,1.296361072562011,0,0.101944,NORMAL,NumPy RMS auf standardisiertem 128×3-Fenster
2026-09-18T19:05:58.242+02:00,1048,0.2942299536885716,0.47720259914362284,0,0.221537,208.01586958638003,NORMAL,,PROFILE/P99,ai_edge_litert.Interpreter 2.1.6 num_threads=1,2026-09-18T19:05:57.612+02:00,14810426665565,14810445547070,0.865352,0.831425,18.881505,610.530342,629.411847,0,0,0,0,0,51.88669037736745,243220480,240959488,0.38316069257168667,0.4833547401595273,0,16.847358,NORMAL,scikit-learn IsolationForest.score_samples,0.5334543026188552,1.296361072562011,0,0.085685,NORMAL,NumPy RMS auf standardisiertem 128×3-Fenster
2026-09-18T19:05:58.859+02:00,1049,0.266459152050263,0.47720259914362284,0,0.240241,207.52890859313237,NORMAL,,PROFILE/P99,ai_edge_litert.Interpreter 2.1.6 num_threads=1,2026-09-18T19:05:58.229+02:00,14811044417366,14811063080612,0.826537,0.87037,18.663246,611.962935,630.626181,0,0,0,0,0,48.584665296867676,243220480,240959488,0.38524095720004636,0.4833547401595273,0,16.644451,NORMAL,scikit-learn IsolationForest.score_samples,0.5337021046847145,1.296361072562011,0,0.055445,NORMAL,NumPy RMS auf standardisiertem 128×3-Fenster
2026-09-18T19:05:59.478+02:00,1050,0.272054544495802,0.47720259914362284,0,0.264296,207.72655167227907,NORMAL,,PROFILE/P99,ai_edge_litert.Interpreter 2.1.6 num_threads=1,2026-09-18T19:05:58.847+02:00,14811661988873,14811681993858,0.61361,0.872574,20.004985,611.380678,631.385663,0,0,0,0,0,51.69795895923389,243220480,240959488,0.3847390468488214,0.4833547401595273,0,18.117802,NORMAL,scikit-learn IsolationForest.score_samples,0.5349376282073518,1.296361072562011,0,0.10313,NORMAL,NumPy RMS auf standardisiertem 128×3-Fenster
2026-09-18T19:06:00.097+02:00,1051,0.28131051019402403,0.47720259914362284,0,0.142685,207.98105212042998,NORMAL,,PROFILE/P99,ai_edge_litert.Interpreter 2.1.6 num_threads=1,2026-09-18T19:05:59.466+02:00,14812280592823,14812300897882,0.797962,0.739185,20.305059,610.632549,630.937608,0,0,0,0,0,51.70504361501354,243220480,240959488,0.389046724766263,0.4833547401595273,0,18.50119,NORMAL,scikit-learn IsolationForest.score_samples,0.5594305186176065,1.296361072562011,0,0.101555,NORMAL,NumPy RMS auf standardisiertem 128×3-Fenster
2026-09-18T19:06:00.722+02:00,1052,0.2872537974072227,0.47720259914362284,0,0.303111,208.7727235444828,NORMAL,,PROFILE/P99,ai_edge_litert.Interpreter 2.1.6 num_threads=1,2026-09-18T19:06:00.086+02:00,14812898130535,14812925611941,0.751889,0.913147,27.481406,608.317015,635.798421,0,0,0,0,0,51.219598257302565,243220480,240959488,0.3841026271703496,0.4833547401595273,0,25.345889,NORMAL,scikit-learn IsolationForest.score_samples,0.5503405750213878,1.296361072562011,0,0.131259,NORMAL,NumPy RMS auf standardisiertem 128×3-Fenster
2026-09-18T19:06:01.334+02:00,1053,0.26973121589755716,0.47720259914362284,0,0.246926,208.7167147129257,NORMAL,,PROFILE/P99,ai_edge_litert.Interpreter 2.1.6 num_threads=1,2026-09-18T19:06:00.704+02:00,14813516154414,14813537422121,0.814389,0.844795,21.267707,608.480256,629.747963,0,0,0,0,0,55.57574280854182,243220480,240959488,0.3896690391811308,0.4833547401595273,0,19.223449,NORMAL,scikit-learn IsolationForest.score_samples,0.5430165982191604,1.296361072562011,0,0.106185,NORMAL,NumPy RMS auf standardisiertem 128×3-Fenster
2026-09-18T19:06:01.948+02:00,1054,0.27989340993547823,0.47720259914362284,0,0.279074,207.96531523687062,NORMAL,,PROFILE/P99,ai_edge_litert.Interpreter 2.1.6 num_threads=1,2026-09-18T19:06:01.319+02:00,14814133274388,14814152193689,0.714425,0.988425,18.919301,610.678756,629.598057,0,0,0,0,0,48.79939530910189,243220480,240959488,0.3852904960379378,0.4833547401595273,0,16.798358,NORMAL,scikit-learn IsolationForest.score_samples,0.5309049094428384,1.296361072562011,0,0.098296,NORMAL,NumPy RMS auf standardisiertem 128×3-Fenster
2026-09-18T19:06:02.568+02:00,1055,0.2752190758626056,0.47720259914362284,0,0.141407,207.6684851988792,NORMAL,,PROFILE/P99,ai_edge_litert.Interpreter 2.1.6 num_threads=1,2026-09-18T19:06:01.936+02:00,14814751651621,14814771938754,0.68774,0.5335,20.287133,611.551627,631.83876,0,0,0,0,0,51.63129720855372,243220480,240959488,0.380800625852626,0.4833547401595273,0,18.795116,NORMAL,scikit-learn IsolationForest.score_samples,0.5300841646628297,1.296361072562011,0,0.11037,NORMAL,NumPy RMS auf standardisiertem 128×3-Fenster
2026-09-18T19:06:03.190+02:00,1056,0.32589021361210396,0.47720259914362284,0,0.327297,207.82197366234163,NORMAL,,PROFILE/P99,ai_edge_litert.Interpreter 2.1.6 num_threads=1,2026-09-18T19:06:02.555+02:00,14815370065169,14815393623245,0.798444,0.966759,23.558076,611.099961,634.658037,0,0,0,0,0,51.47374188906634,243220480,240959488,0.384152641813197,0.4833547401595273,0,21.333189,NORMAL,scikit-learn IsolationForest.score_samples,0.5475985158482493,1.296361072562011,0,0.101037,NORMAL,NumPy RMS auf standardisiertem 128×3-Fenster
2026-09-18T19:06:03.804+02:00,1057,0.2614853052446752,0.47720259914362284,0,0.232777,208.3489410478049,NORMAL,,PROFILE/P99,ai_edge_litert.Interpreter 2.1.6 num_threads=1,2026-09-18T19:06:03.174+02:00,14815987305683,14816008091297,0.874536,0.852555,20.785614,609.554334,630.339948,0,0,0,0,0,50.45266833860682,243220480,240959488,0.38343391350705003,0.4833547401595273,0,18.666672,NORMAL,scikit-learn IsolationForest.score_samples,0.5457885046561585,1.296361072562011,0,0.129537,NORMAL,NumPy RMS auf standardisiertem 128×3-Fenster
2026-09-18T19:06:04.421+02:00,1058,0.28709493950750203,0.47720259914362284,0,0.222851,207.54468192687477,NORMAL,,PROFILE/P99,ai_edge_litert.Interpreter 2.1.6 num_threads=1,2026-09-18T19:06:03.790+02:00,14816605339938,14816625124109,0.891295,0.815037,19.784171,611.916426,631.700597,0,0,0,0,0,51.85784194881191,243220480,240959488,0.3870369487335434,0.4833547401595273,0,17.67645,NORMAL,scikit-learn IsolationForest.score_samples,0.5524808272780295,1.296361072562011,0,0.143499,NORMAL,NumPy RMS auf standardisiertem 128×3-Fenster
2026-09-18T19:06:05.045+02:00,1059,0.30287635354530135,0.47720259914362284,0,0.325907,207.2442535619343,NORMAL,,PROFILE/P99,ai_edge_litert.Interpreter 2.1.6 num_threads=1,2026-09-18T19:06:04.408+02:00,14817224369544,14817248859119,0.887889,0.968203,24.489575,612.803481,637.293056,0,0,0,0,0,51.30547403970092,243220480,240959488,0.38860188768202486,0.4833547401595273,0,22.150076,NORMAL,scikit-learn IsolationForest.score_samples,0.565937038128817,1.296361072562011,0,0.116778,NORMAL,NumPy RMS auf standardisiertem 128×3-Fenster
2026-09-18T19:06:05.658+02:00,1060,0.24245719864403667,0.47720259914362284,0,0.256944,207.32863428044513,NORMAL,,PROFILE/P99,ai_edge_litert.Interpreter 2.1.6 num_threads=1,2026-09-18T19:06:05.025+02:00,14817841678617,14817861530954,0.690185,0.914017,19.852337,612.554076,632.406413,0,0,0,0,0,52.23196259647407,243220480,240959488,0.3798048628290082,0.4833547401595273,0,17.856079,NORMAL,scikit-learn IsolationForest.score_samples,0.5317063191476006,1.296361072562011,0,0.103204,NORMAL,NumPy RMS auf standardisiertem 128×3-Fenster
2026-09-18T19:06:06.274+02:00,1061,0.28601113099719083,0.47720259914362284,0,0.226796,208.0827796159088,NORMAL,,PROFILE/P99,ai_edge_litert.Interpreter 2.1.6 num_threads=1,2026-09-18T19:06:05.645+02:00,14818459362986,14818478009695,0.818166,0.817092,18.646709,610.334023,628.980732,0,0,0,0,0,55.153279431098866,243220480,240959488,0.3806026144373172,0.4833547401595273,0,16.652988,NORMAL,scikit-learn IsolationForest.score_samples,0.5431590906274144,1.296361072562011,0,0.103685,NORMAL,NumPy RMS auf standardisiertem 128×3-Fenster
2026-09-18T19:06:06.895+02:00,1062,0.2941042066932032,0.47720259914362284,0,0.284222,207.40599547400598,NORMAL,,PROFILE/P99,ai_edge_litert.Interpreter 2.1.6 num_threads=1,2026-09-18T19:06:06.262+02:00,14819078350004,14819098774211,0.708777,0.84611,20.424207,612.325597,632.749804,0,0,0,0,0,46.71469951544225,243220480,240959488,0.3877632807860268,0.4833547401595273,0,18.447857,NORMAL,scikit-learn IsolationForest.score_samples,0.5500182661541233,1.296361072562011,0,0.103296,NORMAL,NumPy RMS auf standardisiertem 128×3-Fenster
2026-09-18T19:06:07.510+02:00,1063,0.2781900247760885,0.47720259914362284,0,0.233777,208.58232369196415,NORMAL,,PROFILE/P99,ai_edge_litert.Interpreter 2.1.6 num_threads=1,2026-09-18T19:06:06.882+02:00,14819695149987,14819713888881,0.986221,0.87237,18.738894,608.872304,627.611198,0,0,0,0,0,50.39756091546648,243220480,240959488,0.38817002621909236,0.4833547401595273,0,16.516062,NORMAL,scikit-learn IsolationForest.score_samples,0.5391154071955524,1.296361072562011,0,0.103222,NORMAL,NumPy RMS auf standardisiertem 128×3-Fenster
2026-09-18T19:06:08.131+02:00,1064,0.2841182137732285,0.47720259914362284,0,0.238,207.07530702309813,NORMAL,,PROFILE/P99,ai_edge_litert.Interpreter 2.1.6 num_threads=1,2026-09-18T19:06:07.497+02:00,14820314451450,14820334709325,0.787277,0.900241,20.257875,613.303449,633.561324,0,0,0,0,0,54.765763976307205,243220480,240959488,0.39272512424600997,0.4833547401595273,0,18.198802,NORMAL,scikit-learn IsolationForest.score_samples,0.5669315026810652,1.296361072562011,0,0.103741,NORMAL,NumPy RMS auf standardisiertem 128×3-Fenster
2026-09-18T19:06:08.746+02:00,1065,0.3136375720462326,0.47720259914362284,0,0.138815,207.7191728898622,NORMAL,,PROFILE/P99,ai_edge_litert.Interpreter 2.1.6 num_threads=1,2026-09-18T19:06:08.117+02:00,14820931712009,14820950290329,0.388963,0.50437,18.57832,611.402396,629.980716,0,0,0,0,0,50.35931509399778,243220480,240959488,0.388949869721552,0.4833547401595273,0,17.424525,NORMAL,scikit-learn IsolationForest.score_samples,0.5738804821356229,1.296361072562011,0,0.100482,NORMAL,NumPy RMS auf standardisiertem 128×3-Fenster
2026-09-18T19:06:09.366+02:00,1066,0.2695820600613956,0.47720259914362284,0,0.248778,207.6374274349904,NORMAL,,PROFILE/P99,ai_edge_litert.Interpreter 2.1.6 num_threads=1,2026-09-18T19:06:08.735+02:00,14821550124291,14821569938684,0.728369,0.863185,19.814393,611.643101,631.457494,0,0,0,0,0,50.02975317849205,243220480,240959488,0.39107423029682153,0.4833547401595273,0,17.850173,NORMAL,scikit-learn IsolationForest.score_samples,0.552017981584705,1.296361072562011,0,0.094593,NORMAL,NumPy RMS auf standardisiertem 128×3-Fenster
2026-09-18T19:06:09.983+02:00,1067,0.3107048827602057,0.47720259914362284,0,0.244018,207.94245234874677,NORMAL,,PROFILE/P99,ai_edge_litert.Interpreter 2.1.6 num_threads=1,2026-09-18T19:06:09.352+02:00,14822166883389,14822187060671,0.798332,0.883129,20.177282,610.745899,630.923181,0,0,0,0,0,51.850600932033224,243220480,240959488,0.38444227945152154,0.4833547401595273,0,18.120209,NORMAL,scikit-learn IsolationForest.score_samples,0.5599685833481786,1.296361072562011,0,0.105167,NORMAL,NumPy RMS auf standardisiertem 128×3-Fenster
2026-09-18T19:06:10.603+02:00,1068,0.2953296482192365,0.47720259914362284,0,0.250611,207.07149143241705,NORMAL,,PROFILE/P99,ai_edge_litert.Interpreter 2.1.6 num_threads=1,2026-09-18T19:06:09.969+02:00,14822785992394,14822806761379,0.812499,0.827537,20.768985,613.31475,634.083735,0,0,0,0,0,51.63849993046156,243220480,240959488,0.3841376197889992,0.4833547401595273,0,18.744561,NORMAL,scikit-learn IsolationForest.score_samples,0.5514579126848593,1.296361072562011,0,0.106685,NORMAL,NumPy RMS auf standardisiertem 128×3-Fenster
2026-09-18T19:06:11.229+02:00,1069,0.2579761365900702,0.47720259914362284,0,0.488536,207.83784667946065,NORMAL,,PROFILE/P99,ai_edge_litert.Interpreter 2.1.6 num_threads=1,2026-09-18T19:06:10.589+02:00,14823403377031,14823433189547,0.71987,1.203906,29.812516,611.05329,640.865806,0,0,0,0,0,52.6764872069669,243220480,240959488,0.3783881935006945,0.4833547401595273,0,27.218536,NORMAL,scikit-learn IsolationForest.score_samples,0.5212144852668288,1.296361072562011,0,0.116185,NORMAL,NumPy RMS auf standardisiertem 128×3-Fenster
2026-09-18T19:06:11.838+02:00,1070,0.2753411179844865,0.47720259914362284,0,0.201093,207.60998248757485,NORMAL,,PROFILE/P99,ai_edge_litert.Interpreter 2.1.6 num_threads=1,2026-09-18T19:06:11.207+02:00,14824022092816,14824042201802,0.747425,0.766278,20.108986,611.723957,631.832943,0,0,0,0,0,52.54879005720047,243220480,240959488,0.3834788739677029,0.4833547401595273,0,18.260136,NORMAL,scikit-learn IsolationForest.score_samples,0.5393743622718763,1.296361072562011,0,0.107352,NORMAL,NumPy RMS auf standardisiertem 128×3-Fenster
2026-09-18T19:06:12.455+02:00,1071,0.27768251785597897,0.47720259914362284,0,0.243259,207.94758987187828,NORMAL,,PROFILE/P99,ai_edge_litert.Interpreter 2.1.6 num_threads=1,2026-09-18T19:06:11.825+02:00,14824639069770,14824658523256,0.714203,0.892,19.453486,610.73081,630.184296,0,0,0,0,0,53.543982847201306,243220480,240959488,0.3818903539800038,0.4833547401595273,0,17.474932,NORMAL,scikit-learn IsolationForest.score_samples,0.5245011750688718,1.296361072562011,0,0.101037,NORMAL,NumPy RMS auf standardisiertem 128×3-Fenster
2026-09-18T19:06:13.072+02:00,1072,0.279054894159333,0.47720259914362284,0,0.238018,207.75058884205285,NORMAL,,PROFILE/P99,ai_edge_litert.Interpreter 2.1.6 num_threads=1,2026-09-18T19:06:12.441+02:00,14825256471058,14825275414471,0.805851,0.873981,18.943413,611.30994,630.253353,0,0,0,0,0,53.49063366121338,243220480,240959488,0.3897731354953596,0.4833547401595273,0,16.858562,NORMAL,scikit-learn IsolationForest.score_samples,0.559210830297395,1.296361072562011,0,0.135463,NORMAL,NumPy RMS auf standardisiertem 128×3-Fenster
2026-09-18T19:06:13.698+02:00,1073,0.27642000514364806,0.47720259914362284,0,0.278796,206.94416394050185,NORMAL,,PROFILE/P99,ai_edge_litert.Interpreter 2.1.6 num_threads=1,2026-09-18T19:06:13.059+02:00,14825876106346,14825901682735,0.991647,0.98687,25.576389,613.692107,639.268496,0,0,0,0,0,54.29220981024705,243220480,240959488,0.3912796663916207,0.4833547401595273,0,23.185373,NORMAL,scikit-learn IsolationForest.score_samples,0.5423310673904403,1.296361072562011,0,0.102648,NORMAL,NumPy RMS auf standardisiertem 128×3-Fenster
2026-09-18T19:06:14.309+02:00,1074,0.30680284352063025,0.47720259914362284,0,0.283352,207.81547428482892,NORMAL,,PROFILE/P99,ai_edge_litert.Interpreter 2.1.6 num_threads=1,2026-09-18T19:06:13.678+02:00,14826492681211,14826513254807,0.401203,0.557388,20.573596,611.119073,631.692669,0,0,0,0,0,49.04510705147958,243220480,240959488,0.38810379371700243,0.4833547401595273,0,19.183838,NORMAL,scikit-learn IsolationForest.score_samples,0.5454586538032901,1.296361072562011,0,0.112945,NORMAL,NumPy RMS auf standardisiertem 128×3-Fenster
2026-09-18T19:06:14.929+02:00,1075,0.28376207706919027,0.47720259914362284,0,0.341444,207.41304173520314,NORMAL,,PROFILE/P99,ai_edge_litert.Interpreter 2.1.6 num_threads=1,2026-09-18T19:06:14.296+02:00,14827111600686,14827133149578,0.713295,0.916537,21.548892,612.304795,633.853687,0,0,0,0,0,51.63035911702745,243220480,240959488,0.38435132274475686,0.4833547401595273,0,19.42656,NORMAL,scikit-learn IsolationForest.score_samples,0.5428438474626813,1.296361072562011,0,0.114481,NORMAL,NumPy RMS auf standardisiertem 128×3-Fenster
2026-09-18T19:06:15.546+02:00,1076,0.23408510147441555,0.47720259914362284,0,0.207944,208.39681710257477,NORMAL,,PROFILE/P99,ai_edge_litert.Interpreter 2.1.6 num_threads=1,2026-09-18T19:06:14.917+02:00,14827729780033,14827749962704,0.8045,0.78198,20.182671,609.414298,629.596969,0,0,0,0,0,53.50196191941544,243220480,240959488,0.3821552842966963,0.4833547401595273,0,18.260024,NORMAL,scikit-learn IsolationForest.score_samples,0.5074564864774281,1.296361072562011,0,0.09926,NORMAL,NumPy RMS auf standardisiertem 128×3-Fenster
2026-09-18T19:06:16.168+02:00,1077,0.28603976513990403,0.47720259914362284,0,0.216167,207.4649631373313,NORMAL,,PROFILE/P99,ai_edge_litert.Interpreter 2.1.6 num_threads=1,2026-09-18T19:06:15.532+02:00,14828348119418,14828371977124,4.095886,0.787185,23.857706,612.151556,636.009262,0,0,0,0,0,51.43828096451943,243220480,240959488,0.38769784831186116,0.4833547401595273,0,18.59382,NORMAL,scikit-learn IsolationForest.score_samples,0.5438813385129886,1.296361072562011,0,0.129537,NORMAL,NumPy RMS auf standardisiertem 128×3-Fenster
2026-09-18T19:06:16.781+02:00,1078,0.30261367677350837,0.47720259914362284,0,0.249648,207.9588239170686,NORMAL,,PROFILE/P99,ai_edge_litert.Interpreter 2.1.6 num_threads=1,2026-09-18T19:06:16.151+02:00,14828965624879,14828984624995,0.739314,0.863259,19.000116,610.697818,629.697934,0,0,0,0,0,53.871211719989326,243220480,240959488,0.3860483568505051,0.4833547401595273,0,17.014877,NORMAL,scikit-learn IsolationForest.score_samples,0.5525828432174327,1.296361072562011,0,0.105463,NORMAL,NumPy RMS auf standardisiertem 128×3-Fenster
2026-09-18T19:06:17.400+02:00,1079,0.29505274967735257,0.47720259914362284,0,0.239481,207.77798531580953,NORMAL,,PROFILE/P99,ai_edge_litert.Interpreter 2.1.6 num_threads=1,2026-09-18T19:06:16.768+02:00,14829582719989,14829603630623,1.012425,0.936204,20.910634,611.229336,632.13997,0,0,0,0,0,50.083851757852315,243220480,240959488,0.38243987981497063,0.4833547401595273,0,18.616673,NORMAL,scikit-learn IsolationForest.score_samples,0.5471691842076444,1.296361072562011,0,0.076463,NORMAL,NumPy RMS auf standardisiertem 128×3-Fenster
2026-09-18T19:06:18.016+02:00,1080,0.31300857586017256,0.47720259914362284,0,0.222593,207.55358725969796,NORMAL,,PROFILE/P99,ai_edge_litert.Interpreter 2.1.6 num_threads=1,2026-09-18T19:06:17.385+02:00,14830200691100,14830219691512,0.677684,0.793463,19.000412,611.890171,630.890583,0,0,0,0,0,50.317818296641455,243220480,240959488,0.3882494753810843,0.4833547401595273,0,17.172877,NORMAL,scikit-learn IsolationForest.score_samples,0.5642603196496248,1.296361072562011,0,0.10474,NORMAL,NumPy RMS auf standardisiertem 128×3-Fenster
2026-09-18T19:06:18.636+02:00,1081,0.23948455490208795,0.47720259914362284,0,0.260296,207.09093347071519,NORMAL,,PROFILE/P99,ai_edge_litert.Interpreter 2.1.6 num_threads=1,2026-09-18T19:06:18.002+02:00,14830819508007,14830839682716,0.957055,0.876685,20.174709,613.257171,633.43188,0,0,0,0,0,49.999880564780945,243220480,240959488,0.38363334362966484,0.4833547401595273,0,17.949117,NORMAL,scikit-learn IsolationForest.score_samples,0.5284845736592391,1.296361072562011,0,0.098796,NORMAL,NumPy RMS auf standardisiertem 128×3-Fenster
2026-09-18T19:06:19.254+02:00,1082,0.26654675266476996,0.47720259914362284,0,0.238611,206.85722211719832,NORMAL,,PROFILE/P99,ai_edge_litert.Interpreter 2.1.6 num_threads=1,2026-09-18T19:06:18.620+02:00,14831437531342,14831457582217,0.778703,0.847092,20.050875,613.950041,634.000916,0,0,0,0,0,51.788900285816,243220480,240959488,0.38535859067998246,0.4833547401595273,0,18.050562,NORMAL,scikit-learn IsolationForest.score_samples,0.5395079775855477,1.296361072562011,0,0.102426,NORMAL,NumPy RMS auf standardisiertem 128×3-Fenster
2026-09-18T19:06:19.873+02:00,1083,0.2707459683711497,0.47720259914362284,0,0.297815,208.00639341553568,NORMAL,,PROFILE/P99,ai_edge_litert.Interpreter 2.1.6 num_threads=1,2026-09-18T19:06:19.240+02:00,14832054323290,14832076685330,0.835962,0.936666,22.36204,610.558156,632.920196,0,0,0,0,0,50.070872250731256,243220480,240959488,0.3826146942657375,0.4833547401595273,0,20.136227,NORMAL,scikit-learn IsolationForest.score_samples,0.529369665451226,1.296361072562011,0,0.108962,NORMAL,NumPy RMS auf standardisiertem 128×3-Fenster
2026-09-18T19:06:20.490+02:00,1084,0.2668782897731603,0.47720259914362284,0,0.335167,207.41338386467754,NORMAL,,PROFILE/P99,ai_edge_litert.Interpreter 2.1.6 num_threads=1,2026-09-18T19:06:19.857+02:00,14832673370737,14832693648131,0.697259,0.954499,20.277394,612.303785,632.581179,0,0,0,0,0,53.49034363632642,243220480,240959488,0.3821521432983398,0.4833547401595273,0,18.131821,NORMAL,scikit-learn IsolationForest.score_samples,0.5417597269374543,1.296361072562011,0,0.119259,NORMAL,NumPy RMS auf standardisiertem 128×3-Fenster
2026-09-18T19:06:21.108+02:00,1085,0.2827101734478236,0.47720259914362284,0,0.24624,208.2708455882755,NORMAL,,PROFILE/P99,ai_edge_litert.Interpreter 2.1.6 num_threads=1,2026-09-18T19:06:20.477+02:00,14833290523724,14833312032005,0.67611,0.884426,21.508281,609.782899,631.29118,0,0,0,0,0,51.7459431306324,243220480,240959488,0.3814095450021753,0.4833547401595273,0,19.553691,NORMAL,scikit-learn IsolationForest.score_samples,0.5376944949534121,1.296361072562011,0,0.116185,NORMAL,NumPy RMS auf standardisiertem 128×3-Fenster
2026-09-18T19:06:21.750+02:00,1086,0.3146921253164692,0.47720259914362284,0,0.320907,202.92382489513327,NORMAL,,PROFILE/P99,ai_edge_litert.Interpreter 2.1.6 num_threads=1,2026-09-18T19:06:21.095+02:00,14833924172978,14833953540032,2.607035,0.922592,29.367054,625.850612,655.217666,0,0,0,0,0,54.55297313528347,243220480,240959488,0.38463548093588606,0.4833547401595273,0,25.366909,NORMAL,scikit-learn IsolationForest.score_samples,0.5589873757312248,1.296361072562011,0,0.114166,NORMAL,NumPy RMS auf standardisiertem 128×3-Fenster
2026-09-18T19:06:22.344+02:00,1087,0.25294032616722956,0.47720259914362284,0,0.237222,212.67070135250563,NORMAL,,PROFILE/P99,ai_edge_litert.Interpreter 2.1.6 num_threads=1,2026-09-18T19:06:21.727+02:00,14834527604235,14834547534148,0.779092,0.837851,19.929913,597.167354,617.097267,0,0,0,0,0,53.87917390512537,243220480,240959488,0.3836277471206025,0.4833547401595273,0,17.936488,NORMAL,scikit-learn IsolationForest.score_samples,0.5348800658135291,1.296361072562011,0,0.108593,NORMAL,NumPy RMS auf standardisiertem 128×3-Fenster
2026-09-18T19:06:22.959+02:00,1088,0.27432104053498535,0.47720259914362284,0,0.227611,207.31681065039544,NORMAL,,PROFILE/P99,ai_edge_litert.Interpreter 2.1.6 num_threads=1,2026-09-18T19:06:22.327+02:00,14835143897799,14835162945101,0.682055,0.843129,19.047302,612.589011,631.636313,0,0,0,0,0,50.37799978320555,243220480,240959488,0.38212550161580033,0.4833547401595273,0,17.203488,NORMAL,scikit-learn IsolationForest.score_samples,0.5474176009665642,1.296361072562011,0,0.061204,NORMAL,NumPy RMS auf standardisiertem 128×3-Fenster
2026-09-18T19:06:23.579+02:00,1089,0.30072879624303434,0.47720259914362284,0,0.255686,207.04720304685708,NORMAL,,PROFILE/P99,ai_edge_litert.Interpreter 2.1.6 num_threads=1,2026-09-18T19:06:22.946+02:00,14835762984215,14835782984997,0.643481,0.736203,20.000782,613.386697,633.387479,0,0,0,0,0,51.60471488929899,243220480,240959488,0.38625580117207914,0.4833547401595273,0,18.232025,NORMAL,scikit-learn IsolationForest.score_samples,0.5552979400436653,1.296361072562011,0,0.099574,NORMAL,NumPy RMS auf standardisiertem 128×3-Fenster
2026-09-18T19:06:24.197+02:00,1090,0.25802995464358053,0.47720259914362284,0,0.244611,208.02914973898396,NORMAL,,PROFILE/P99,ai_edge_litert.Interpreter 2.1.6 num_threads=1,2026-09-18T19:06:23.566+02:00,14836380215651,14836401204803,0.686944,0.880425,20.989152,610.491367,631.480519,0,0,0,0,0,50.14309731967724,243220480,240959488,0.3865662656424167,0.4833547401595273,0,19.038172,NORMAL,scikit-learn IsolationForest.score_samples,0.5363777088697753,1.296361072562011,0,0.106148,NORMAL,NumPy RMS auf standardisiertem 128×3-Fenster
2026-09-18T19:06:24.821+02:00,1091,0.28581878972577285,0.47720259914362284,0,0.247871,206.4205107169157,NORMAL,,PROFILE/P99,ai_edge_litert.Interpreter 2.1.6 num_threads=1,2026-09-18T19:06:24.184+02:00,14837003159806,14837025204958,0.687444,0.854351,22.045152,615.248938,637.29409,0,0,0,0,0,49.67979329936883,243220480,240959488,0.3849012452847814,0.4833547401595273,0,20.118079,NORMAL,scikit-learn IsolationForest.score_samples,0.5508654232556547,1.296361072562011,0,0.104222,NORMAL,NumPy RMS auf standardisiertem 128×3-Fenster
2026-09-18T19:06:25.435+02:00,1092,0.2777033435129243,0.47720259914362284,0,0.246037,208.05354125188552,NORMAL,,PROFILE/P99,ai_edge_litert.Interpreter 2.1.6 num_threads=1,2026-09-18T19:06:24.803+02:00,14837617588709,14837638822713,0.69287,0.843277,21.234004,610.419795,631.653799,0,0,0,0,0,50.51965865378355,243220480,240959488,0.3802585546593144,0.4833547401595273,0,19.311598,NORMAL,scikit-learn IsolationForest.score_samples,0.5456500203904088,1.296361072562011,0,0.109315,NORMAL,NumPy RMS auf standardisiertem 128×3-Fenster
2026-09-18T19:06:26.050+02:00,1093,0.2468185638048784,0.47720259914362284,0,0.381611,207.36875803158998,NORMAL,,PROFILE/P99,ai_edge_litert.Interpreter 2.1.6 num_threads=1,2026-09-18T19:06:25.418+02:00,14838234014630,14838253883283,0.727481,0.967073,19.868653,612.435553,632.304206,0,0,0,0,0,53.655413927392004,243220480,240959488,0.3815774612210508,0.4833547401595273,0,17.669284,NORMAL,scikit-learn IsolationForest.score_samples,0.534116771401379,1.296361072562011,0,0.084666,NORMAL,NumPy RMS auf standardisiertem 128×3-Fenster
2026-09-18T19:06:26.670+02:00,1094,0.28249160252981653,0.47720259914362284,0,0.260666,207.7213207620303,NORMAL,,PROFILE/P99,ai_edge_litert.Interpreter 2.1.6 num_threads=1,2026-09-18T19:06:26.038+02:00,14838852705069,14838873487629,0.684407,0.831962,20.78256,611.396074,632.178634,0,0,0,0,0,50.028047902355155,243220480,240959488,0.39019135265458216,0.4833547401595273,0,18.861765,NORMAL,scikit-learn IsolationForest.score_samples,0.5424762620616693,1.296361072562011,0,0.110408,NORMAL,NumPy RMS auf standardisiertem 128×3-Fenster
2026-09-18T19:06:27.297+02:00,1095,0.30328484800493466,0.47720259914362284,0,0.256,207.26596258647658,NORMAL,,PROFILE/P99,ai_edge_litert.Interpreter 2.1.6 num_threads=1,2026-09-18T19:06:26.659+02:00,14839475387395,14839501020434,0.965277,0.993629,25.633039,612.739296,638.372335,0,0,0,0,0,52.588940807155296,243220480,240959488,0.3887673255233086,0.4833547401595273,0,23.264892,NORMAL,scikit-learn IsolationForest.score_samples,0.5401213726862123,1.296361072562011,0,0.117037,NORMAL,NumPy RMS auf standardisiertem 128×3-Fenster
2026-09-18T19:06:27.905+02:00,1096,0.2842786263361324,0.47720259914362284,0,0.244703,208.66001667193532,NORMAL,,PROFILE/P99,ai_edge_litert.Interpreter 2.1.6 num_threads=1,2026-09-18T19:06:27.277+02:00,14840089008376,14840108976974,0.659,0.833777,19.968598,608.645595,628.614193,0,0,0,0,0,54.28056270780374,243220480,240959488,0.38438628568508376,0.4833547401595273,0,18.094617,NORMAL,scikit-learn IsolationForest.score_samples,0.5531442756387525,1.296361072562011,0,0.107723,NORMAL,NumPy RMS auf standardisiertem 128×3-Fenster
2026-09-18T19:06:28.524+02:00,1097,0.265096579990534,0.47720259914362284,0,0.242797,208.12974481839652,NORMAL,,PROFILE/P99,ai_edge_litert.Interpreter 2.1.6 num_threads=1,2026-09-18T19:06:27.893+02:00,14840706813115,14840727526805,0.78437,0.828129,20.71369,610.196299,630.909989,0,0,0,0,0,51.73413867512866,243220480,240959488,0.38049195614455983,0.4833547401595273,0,18.724636,NORMAL,scikit-learn IsolationForest.score_samples,0.5103696514702838,1.296361072562011,0,0.105241,NORMAL,NumPy RMS auf standardisiertem 128×3-Fenster
2026-09-18T19:06:29.141+02:00,1098,0.28028896838492656,0.47720259914362284,0,0.238092,207.47483507094296,NORMAL,,PROFILE/P99,ai_edge_litert.Interpreter 2.1.6 num_threads=1,2026-09-18T19:06:28.509+02:00,14841324801966,14841345089378,0.785796,0.870055,20.287412,612.122429,632.409841,0,0,0,0,0,50.19823509754316,243220480,240959488,0.38959095676002825,0.4833547401595273,0,18.264636,NORMAL,scikit-learn IsolationForest.score_samples,0.5463262635421909,1.296361072562011,0,0.09813,NORMAL,NumPy RMS auf standardisiertem 128×3-Fenster
2026-09-18T19:06:29.756+02:00,1099,0.3020498597096027,0.47720259914362284,0,0.140519,207.80869036405812,NORMAL,,PROFILE/P99,ai_edge_litert.Interpreter 2.1.6 num_threads=1,2026-09-18T19:06:29.127+02:00,14841941758652,14841959784529,0.471703,0.49,18.025877,611.139023,629.1649,0,0,0,0,0,50.430566661384276,243220480,240959488,0.3849840476001036,0.4833547401595273,0,16.796285,NORMAL,scikit-learn IsolationForest.score_samples,0.5499638930148464,1.296361072562011,0,0.105352,NORMAL,NumPy RMS auf standardisiertem 128×3-Fenster
2026-09-18T19:06:30.385+02:00,1100,0.29178709148923193,0.47720259914362284,0,0.242777,207.45070951540274,NORMAL,,PROFILE/P99,ai_edge_litert.Interpreter 2.1.6 num_threads=1,2026-09-18T19:06:29.745+02:00,14842560496615,14842588985930,8.271217,0.848703,28.489315,612.193616,640.682931,0,0,0,0,0,47.67816930579494,243220480,240959488,0.38520310075071773,0.4833547401595273,0,18.989136,NORMAL,scikit-learn IsolationForest.score_samples,0.5520337371472214,1.296361072562011,0,0.102796,NORMAL,NumPy RMS auf standardisiertem 128×3-Fenster
2026-09-18T19:06:30.994+02:00,1101,0.2757440355567458,0.47720259914362284,0,0.209834,209.20903857768874,NORMAL,,PROFILE/P99,ai_edge_litert.Interpreter 2.1.6 num_threads=1,2026-09-18T19:06:30.368+02:00,14843178758635,14843198150678,0.738463,0.77961,19.392043,607.048342,626.440385,0,0,0,0,0,52.53291746265358,243220480,240959488,0.3867872560302509,0.4833547401595273,0,17.532896,NORMAL,scikit-learn IsolationForest.score_samples,0.5280068678792706,1.296361072562011,0,0.098982,NORMAL,NumPy RMS auf standardisiertem 128×3-Fenster
2026-09-18T19:06:31.614+02:00,1102,0.28694297052086176,0.47720259914362284,0,0.220703,207.30583874299415,NORMAL,,PROFILE/P99,ai_edge_litert.Interpreter 2.1.6 num_threads=1,2026-09-18T19:06:30.981+02:00,14843797257046,14843818193476,0.836888,0.79774,20.93643,612.621433,633.557863,0,0,0,0,0,53.221956100577295,243220480,240959488,0.3927812160279915,0.4833547401595273,0,18.949488,NORMAL,scikit-learn IsolationForest.score_samples,0.5405306170481282,1.296361072562011,0,0.102389,NORMAL,NumPy RMS auf standardisiertem 128×3-Fenster
2026-09-18T19:06:32.235+02:00,1103,0.25017941453581233,0.47720259914362284,0,0.264722,207.40336637449147,NORMAL,,PROFILE/P99,ai_edge_litert.Interpreter 2.1.6 num_threads=1,2026-09-18T19:06:31.597+02:00,14844413258310,14844439237737,3.548109,0.99061,25.979427,612.333359,638.312786,0,0,0,0,0,49.9162871659862,243220480,240959488,0.37760229104045206,0.4833547401595273,0,21.04082,NORMAL,scikit-learn IsolationForest.score_samples,0.525252516316229,1.296361072562011,0,0.100944,NORMAL,NumPy RMS auf standardisiertem 128×3-Fenster
2026-09-18T19:06:32.848+02:00,1104,0.2994108756023837,0.47720259914362284,0,0.253352,207.70696123600308,NORMAL,,PROFILE/P99,ai_edge_litert.Interpreter 2.1.6 num_threads=1,2026-09-18T19:06:32.217+02:00,14845031945388,14845051428691,0.731741,0.851981,19.483303,611.438342,630.921645,0,0,0,0,0,52.2704343491752,243220480,240959488,0.38688648290703304,0.4833547401595273,0,17.509266,NORMAL,scikit-learn IsolationForest.score_samples,0.5649055770176719,1.296361072562011,0,0.103796,NORMAL,NumPy RMS auf standardisiertem 128×3-Fenster
2026-09-18T19:06:33.467+02:00,1105,0.2788311573317757,0.47720259914362284,0,0.265833,207.84429099127692,NORMAL,,PROFILE/P99,ai_edge_litert.Interpreter 2.1.6 num_threads=1,2026-09-18T19:06:32.836+02:00,14845650433616,14845670759399,0.702704,0.822369,20.325783,611.034344,631.360127,0,0,0,0,0,48.44008819930297,243220480,240959488,0.3916482488707771,0.4833547401595273,0,18.409617,NORMAL,scikit-learn IsolationForest.score_samples,0.5406599256028661,1.296361072562011,0,0.094777,NORMAL,NumPy RMS auf standardisiertem 128×3-Fenster
2026-09-18T19:06:34.086+02:00,1106,0.2545217382772762,0.47720259914362284,0,0.224982,207.31620283684734,NORMAL,,PROFILE/P99,ai_edge_litert.Interpreter 2.1.6 num_threads=1,2026-09-18T19:06:33.453+02:00,14846269012697,14846289421035,0.854925,0.780444,20.408338,612.590807,632.999145,0,0,0,0,0,51.7241032903558,243220480,240959488,0.3851577450347313,0.4833547401595273,0,18.418525,NORMAL,scikit-learn IsolationForest.score_samples,0.5224146012512414,1.296361072562011,0,0.106111,NORMAL,NumPy RMS auf standardisiertem 128×3-Fenster
2026-09-18T19:06:34.703+02:00,1107,0.2649813164711645,0.47720259914362284,0,0.307518,207.0965095613466,NORMAL,,PROFILE/P99,ai_edge_litert.Interpreter 2.1.6 num_threads=1,2026-09-18T19:06:34.069+02:00,14846886347927,14846906446859,1.153759,1.032092,20.098932,613.240659,633.339591,0,0,0,0,0,50.2413649465672,243220480,240959488,0.3825988284954769,0.4833547401595273,0,17.450878,NORMAL,scikit-learn IsolationForest.score_samples,0.5252358952269375,1.296361072562011,0,0.100278,NORMAL,NumPy RMS auf standardisiertem 128×3-Fenster
2026-09-18T19:06:35.323+02:00,1108,0.2748250548569852,0.47720259914362284,0,0.229555,207.17085065545365,NORMAL,,PROFILE/P99,ai_edge_litert.Interpreter 2.1.6 num_threads=1,2026-09-18T19:06:34.688+02:00,14847504688269,14847526834477,0.733703,0.973666,22.146208,613.020604,635.166812,0,0,0,0,0,49.969557981073535,243220480,240959488,0.38498549317038044,0.4833547401595273,0,20.083376,NORMAL,scikit-learn IsolationForest.score_samples,0.5274514782188682,1.296361072562011,0,0.095778,NORMAL,NumPy RMS auf standardisiertem 128×3-Fenster
2026-09-18T19:06:35.936+02:00,1109,0.2868491989278,0.47720259914362284,0,0.252519,207.42060204345844,NORMAL,,PROFILE/P99,ai_edge_litert.Interpreter 2.1.6 num_threads=1,2026-09-18T19:06:35.305+02:00,14848120956558,14848139688805,0.841888,0.792296,18.732247,612.282477,631.014724,0,0,0,0,0,48.952466016550915,243220480,240959488,0.377670719022522,0.4833547401595273,0,16.740359,NORMAL,scikit-learn IsolationForest.score_samples,0.5247331066311921,1.296361072562011,0,0.078296,NORMAL,NumPy RMS auf standardisiertem 128×3-Fenster
2026-09-18T19:06:36.555+02:00,1110,0.26477136866356554,0.47720259914362284,0,0.221315,207.1172982741566,NORMAL,,PROFILE/P99,ai_edge_litert.Interpreter 2.1.6 num_threads=1,2026-09-18T19:06:35.924+02:00,14848740551827,14848759139704,0.780499,0.792685,18.587877,613.179107,631.766984,0,0,0,0,0,53.271033473117384,243220480,240959488,0.38316472215434655,0.4833547401595273,0,16.667045,NORMAL,scikit-learn IsolationForest.score_samples,0.5162451071419727,1.296361072562011,0,0.098722,NORMAL,NumPy RMS auf standardisiertem 128×3-Fenster
2026-09-18T19:06:37.175+02:00,1111,0.2611391072101957,0.47720259914362284,0,0.270834,207.94375534685616,NORMAL,,PROFILE/P99,ai_edge_litert.Interpreter 2.1.6 num_threads=1,2026-09-18T19:06:36.543+02:00,14849357450691,14849379102622,0.695092,0.897277,21.651931,610.742072,632.394003,0,0,0,0,0,48.3892336271616,243220480,240959488,0.3818927598472549,0.4833547401595273,0,19.652561,NORMAL,scikit-learn IsolationForest.score_samples,0.512750714592755,1.296361072562011,0,0.106426,NORMAL,NumPy RMS auf standardisiertem 128×3-Fenster
2026-09-18T19:06:37.800+02:00,1112,0.2845198430729787,0.47720259914362284,0,0.287833,207.3983329289338,NORMAL,,PROFILE/P99,ai_edge_litert.Interpreter 2.1.6 num_threads=1,2026-09-18T19:06:37.160+02:00,14849975908444,14850004016778,1.193814,0.990129,28.108334,612.34822,640.456554,0,0,0,0,0,52.805836861536655,243220480,240959488,0.38283996271172077,0.4833547401595273,0,25.459224,NORMAL,scikit-learn IsolationForest.score_samples,0.5431123837820085,1.296361072562011,0,0.138963,NORMAL,NumPy RMS auf standardisiertem 128×3-Fenster
2026-09-18T19:06:38.409+02:00,1113,0.2640105145090435,0.47720259914362284,0,0.199018,208.6003506791993,NORMAL,,PROFILE/P99,ai_edge_litert.Interpreter 2.1.6 num_threads=1,2026-09-18T19:06:37.781+02:00,14850593375421,14850612417816,0.403055,0.478778,19.042395,608.819686,627.862081,0,0,0,0,0,54.24265688259833,243220480,240959488,0.38753862114534304,0.4833547401595273,0,17.830877,NORMAL,scikit-learn IsolationForest.score_samples,0.5454783112569859,1.296361072562011,0,0.110315,NORMAL,NumPy RMS auf standardisiertem 128×3-Fenster
2026-09-18T19:06:39.028+02:00,1114,0.267551518476715,0.47720259914362284,0,0.256389,207.71280835518394,NORMAL,,PROFILE/P99,ai_edge_litert.Interpreter 2.1.6 num_threads=1,2026-09-18T19:06:38.396+02:00,14851211109269,14851231378164,0.652888,0.860796,20.268895,611.42113,631.690025,0,0,0,0,0,53.31619752896877,243220480,240959488,0.38458996340088086,0.4833547401595273,0,18.372637,NORMAL,scikit-learn IsolationForest.score_samples,0.5138345894351323,1.296361072562011,0,0.093111,NORMAL,NumPy RMS auf standardisiertem 128×3-Fenster
2026-09-18T19:06:39.645+02:00,1115,0.28522236851137944,0.47720259914362284,0,0.215389,207.45917029148612,NORMAL,,PROFILE/P99,ai_edge_litert.Interpreter 2.1.6 num_threads=1,2026-09-18T19:06:39.013+02:00,14851829027359,14851849194568,0.75337,0.77637,20.167209,612.168649,632.335858,0,0,0,0,0,51.79479786773176,243220480,240959488,0.3863795961048723,0.4833547401595273,0,18.293303,NORMAL,scikit-learn IsolationForest.score_samples,0.5446462832746182,1.296361072562011,0,0.099092,NORMAL,NumPy RMS auf standardisiertem 128×3-Fenster
2026-09-18T19:06:40.267+02:00,1116,0.2819518338272407,0.47720259914362284,0,0.241796,207.1252907048305,NORMAL,,PROFILE/P99,ai_edge_litert.Interpreter 2.1.6 num_threads=1,2026-09-18T19:06:39.631+02:00,14852448129912,14852470962157,2.124165,0.786926,22.832245,613.155446,635.987691,0,0,0,0,0,49.85759793510523,243220480,240959488,0.38284739313334853,0.4833547401595273,0,19.547395,NORMAL,scikit-learn IsolationForest.score_samples,0.5258129827551155,1.296361072562011,0,0.099962,NORMAL,NumPy RMS auf standardisiertem 128×3-Fenster
2026-09-18T19:06:40.880+02:00,1117,0.317561511452705,0.47720259914362284,0,0.235463,207.6173518173329,NORMAL,,PROFILE/P99,ai_edge_litert.Interpreter 2.1.6 num_threads=1,2026-09-18T19:06:40.250+02:00,14853065224893,14853083620826,0.665999,0.843722,18.395933,611.702244,630.098177,0,0,0,0,0,53.86835206480936,243220480,240959488,0.38665456782159113,0.4833547401595273,0,16.569934,NORMAL,scikit-learn IsolationForest.score_samples,0.5626194989571914,1.296361072562011,0,0.054055,NORMAL,NumPy RMS auf standardisiertem 128×3-Fenster
2026-09-18T19:06:41.502+02:00,1118,0.23491564243095317,0.47720259914362284,0,0.242315,207.18706984976808,NORMAL,,PROFILE/P99,ai_edge_litert.Interpreter 2.1.6 num_threads=1,2026-09-18T19:06:40.867+02:00,14853683836726,14853705605305,0.665666,0.869388,21.768579,612.972615,634.741194,0,0,0,0,0,49.83649393886055,243220480,240959488,0.3807613234929809,0.4833547401595273,0,19.867432,NORMAL,scikit-learn IsolationForest.score_samples,0.5176450217781788,1.296361072562011,0,0.092074,NORMAL,NumPy RMS auf standardisiertem 128×3-Fenster
2026-09-18T19:06:42.116+02:00,1119,0.2680465303176476,0.47720259914362284,0,0.233499,207.85184569206635,NORMAL,,PROFILE/P99,ai_edge_litert.Interpreter 2.1.6 num_threads=1,2026-09-18T19:06:41.486+02:00,14854301079709,14854320015234,0.706166,0.78961,18.935525,611.012135,629.94766,0,0,0,0,0,50.45474651446978,243220480,240959488,0.387545671071583,0.4833547401595273,0,17.060674,NORMAL,scikit-learn IsolationForest.score_samples,0.5149889048639853,1.296361072562011,0,0.120352,NORMAL,NumPy RMS auf standardisiertem 128×3-Fenster
2026-09-18T19:06:42.748+02:00,1120,0.3093271190408397,0.47720259914362284,0,0.218092,207.3657642013362,NORMAL,,PROFILE/P99,ai_edge_litert.Interpreter 2.1.6 num_threads=1,2026-09-18T19:06:42.104+02:00,14854919804581,14854951404561,0.804962,0.805555,31.59998,612.444395,644.044375,0,0,0,0,0,52.26450383107141,243220480,240959488,0.3857052591800413,0.4833547401595273,0,29.621463,NORMAL,scikit-learn IsolationForest.score_samples,0.5620339610517862,1.296361072562011,0,0.113371,NORMAL,NumPy RMS auf standardisiertem 128×3-Fenster
2026-09-18T19:06:43.355+02:00,1121,0.2473308459327015,0.47720259914362284,0,0.228018,207.84484033751323,NORMAL,,PROFILE/P99,ai_edge_litert.Interpreter 2.1.6 num_threads=1,2026-09-18T19:06:42.723+02:00,14855538004694,14855558890367,0.681907,0.867241,20.885673,611.032729,631.918402,0,0,0,0,0,54.32256654076011,243220480,240959488,0.38184478007716616,0.4833547401595273,0,18.984803,NORMAL,scikit-learn IsolationForest.score_samples,0.5198503804111965,1.296361072562011,0,0.098723,NORMAL,NumPy RMS auf standardisiertem 128×3-Fenster
2026-09-18T19:06:43.970+02:00,1122,0.2668793427170897,0.47720259914362284,0,0.225481,207.8249806801725,NORMAL,,PROFILE/P99,ai_edge_litert.Interpreter 2.1.6 num_threads=1,2026-09-18T19:06:43.341+02:00,14856155989957,14856174306409,0.742833,0.856018,18.316452,611.091119,629.407571,0,0,0,0,0,48.752592284953806,243220480,240959488,0.388387938330882,0.4833547401595273,0,16.405212,NORMAL,scikit-learn IsolationForest.score_samples,0.549439053372899,1.296361072562011,0,0.058241,NORMAL,NumPy RMS auf standardisiertem 128×3-Fenster
2026-09-18T19:06:44.591+02:00,1123,0.28732763125287236,0.47720259914362284,0,0.272055,207.47399212222234,NORMAL,,PROFILE/P99,ai_edge_litert.Interpreter 2.1.6 num_threads=1,2026-09-18T19:06:43.958+02:00,14856773862999,14856795238431,0.857926,0.920018,21.375432,612.124916,633.500348,0,0,0,0,0,56.36002758574568,243220480,240959488,0.3835039183979631,0.4833547401595273,0,19.173544,NORMAL,scikit-learn IsolationForest.score_samples,0.5381572502712446,1.296361072562011,0,0.11437,NORMAL,NumPy RMS auf standardisiertem 128×3-Fenster
2026-09-18T19:06:45.208+02:00,1124,0.2913914842860308,0.47720259914362284,0,0.278444,208.49955426735445,NORMAL,,PROFILE/P99,ai_edge_litert.Interpreter 2.1.6 num_threads=1,2026-09-18T19:06:44.578+02:00,14857390973617,14857412275529,0.674092,0.95424,21.301912,609.114012,630.415924,0,0,0,0,0,51.86332445137647,243220480,240959488,0.3840721494619352,0.4833547401595273,0,19.267803,NORMAL,scikit-learn IsolationForest.score_samples,0.5423735259098452,1.296361072562011,0,0.097629,NORMAL,NumPy RMS auf standardisiertem 128×3-Fenster
2026-09-18T19:06:45.828+02:00,1125,0.2938610719755322,0.47720259914362284,0,0.247093,207.34946826975823,NORMAL,,PROFILE/P99,ai_edge_litert.Interpreter 2.1.6 num_threads=1,2026-09-18T19:06:45.194+02:00,14858010325937,14858031460165,0.766407,0.797129,21.134228,612.492528,633.626756,0,0,0,0,0,48.45009158339227,243220480,240959488,0.38733578917694084,0.4833547401595273,0,19.175747,NORMAL,scikit-learn IsolationForest.score_samples,0.5321316334828201,1.296361072562011,0,0.118037,NORMAL,NumPy RMS auf standardisiertem 128×3-Fenster
2026-09-18T19:06:46.444+02:00,1126,0.30033725606692246,0.47720259914362284,0,0.218777,208.58255664087247,NORMAL,,PROFILE/P99,ai_edge_litert.Interpreter 2.1.6 num_threads=1,2026-09-18T19:06:45.814+02:00,14858626957094,14858647395544,0.821962,0.834926,20.43845,608.871624,629.310074,0,0,0,0,0,50.328573583138144,243220480,240959488,0.3885423609167585,0.4833547401595273,0,18.413451,NORMAL,scikit-learn IsolationForest.score_samples,0.5460832532886792,1.296361072562011,0,0.117111,NORMAL,NumPy RMS auf standardisiertem 128×3-Fenster
2026-09-18T19:06:47.064+02:00,1127,0.26755645223520713,0.47720259914362284,0,0.277092,207.2819960570721,NORMAL,,PROFILE/P99,ai_edge_litert.Interpreter 2.1.6 num_threads=1,2026-09-18T19:06:46.429+02:00,14859245657250,14859267863588,0.942203,1.045555,22.206338,612.6919,634.898238,0,0,0,0,0,49.956345888795546,243220480,240959488,0.3914663989990159,0.4833547401595273,0,19.785413,NORMAL,scikit-learn IsolationForest.score_samples,0.5146181062749431,1.296361072562011,0,0.118871,NORMAL,NumPy RMS auf standardisiertem 128×3-Fenster
2026-09-18T19:06:47.680+02:00,1128,0.2595470232364713,0.47720259914362284,0,0.313,207.94934919737764,NORMAL,,PROFILE/P99,ai_edge_litert.Interpreter 2.1.6 num_threads=1,2026-09-18T19:06:47.049+02:00,14859863271556,14859884269895,0.599648,0.94137,20.998339,610.725643,631.723982,0,0,0,0,0,51.91807136894355,243220480,240959488,0.3815441826129859,0.4833547401595273,0,18.993915,NORMAL,scikit-learn IsolationForest.score_samples,0.5264999121275861,1.296361072562011,0,0.115722,NORMAL,NumPy RMS auf standardisiertem 128×3-Fenster
2026-09-18T19:06:48.307+02:00,1129,0.2502866290718915,0.47720259914362284,0,0.357537,208.1923612173532,NORMAL,,PROFILE/P99,ai_edge_litert.Interpreter 2.1.6 num_threads=1,2026-09-18T19:06:47.667+02:00,14860480603512,14860511263734,2.196998,1.028407,30.660222,610.012775,640.672997,0,0,0,0,0,54.22827994782929,243220480,240959488,0.38424657976251014,0.4833547401595273,0,26.910909,NORMAL,scikit-learn IsolationForest.score_samples,0.5114026582725355,1.296361072562011,0,0.131648,NORMAL,NumPy RMS auf standardisiertem 128×3-Fenster
2026-09-18T19:06:48.914+02:00,1130,0.27028442191161184,0.47720259914362284,0,0.234685,208.07843827046008,NORMAL,,PROFILE/P99,ai_edge_litert.Interpreter 2.1.6 num_threads=1,2026-09-18T19:06:48.285+02:00,14861098855486,14861118226733,0.714962,0.907333,19.371247,610.346757,629.718004,0,0,0,0,0,54.37148905688742,243220480,240959488,0.38531281726681815,0.4833547401595273,0,17.386934,NORMAL,scikit-learn IsolationForest.score_samples,0.531521077918589,1.296361072562011,0,0.097351,NORMAL,NumPy RMS auf standardisiertem 128×3-Fenster
2026-09-18T19:06:49.534+02:00,1131,0.2886855313038235,0.47720259914362284,0,0.304704,207.2334891824902,NORMAL,,PROFILE/P99,ai_edge_litert.Interpreter 2.1.6 num_threads=1,2026-09-18T19:06:48.901+02:00,14861717883479,14861737850356,0.797833,0.927611,19.966877,612.835312,632.802189,0,0,0,0,0,48.41559716211605,243220480,240959488,0.3912956645400018,0.4833547401595273,0,17.797081,NORMAL,scikit-learn IsolationForest.score_samples,0.5557870074715319,1.296361072562011,0,0.104426,NORMAL,NumPy RMS auf standardisiertem 128×3-Fenster
2026-09-18T19:06:50.151+02:00,1132,0.2796446338094063,0.47720259914362284,0,0.247018,207.21958821378905,NORMAL,,PROFILE/P99,ai_edge_litert.Interpreter 2.1.6 num_threads=1,2026-09-18T19:06:49.519+02:00,14862335354974,14862354442555,0.681704,0.904147,19.087581,612.876423,631.964004,0,0,0,0,0,50.27769604129456,243220480,240959488,0.3858736310190153,0.4833547401595273,0,17.115193,NORMAL,scikit-learn IsolationForest.score_samples,0.5213234914301479,1.296361072562011,0,0.109649,NORMAL,NumPy RMS auf standardisiertem 128×3-Fenster
2026-09-18T19:06:50.769+02:00,1133,0.2831296082264008,0.47720259914362284,0,0.205982,207.55406655142372,NORMAL,,PROFILE/P99,ai_edge_litert.Interpreter 2.1.6 num_threads=1,2026-09-18T19:06:50.138+02:00,14862953347266,14862973110829,0.668019,0.745277,19.763563,611.888758,631.652321,0,0,0,0,0,53.342655603599475,243220480,240959488,0.38026532468972596,0.4833547401595273,0,17.999563,NORMAL,scikit-learn IsolationForest.score_samples,0.5343102093452484,1.296361072562011,0,0.118297,NORMAL,NumPy RMS auf standardisiertem 128×3-Fenster
2026-09-18T19:06:51.396+02:00,1134,0.2648865160096238,0.47720259914362284,0,0.231,207.75655363181693,NORMAL,,PROFILE/P99,ai_edge_litert.Interpreter 2.1.6 num_threads=1,2026-09-18T19:06:50.756+02:00,14863571177337,14863600260635,0.958407,0.850444,29.083298,611.292389,640.375687,0,0,0,0,0,49.42773879439064,243220480,240959488,0.3807644166917411,0.4833547401595273,0,26.908132,NORMAL,scikit-learn IsolationForest.score_samples,0.5279697120248357,1.296361072562011,0,0.099814,NORMAL,NumPy RMS auf standardisiertem 128×3-Fenster
2026-09-18T19:06:52.004+02:00,1135,0.27832007359147326,0.47720259914362284,0,0.202889,208.8132647261732,NORMAL,,PROFILE/P99,ai_edge_litert.Interpreter 2.1.6 num_threads=1,2026-09-18T19:06:51.376+02:00,14864188056650,14864207438805,0.76187,0.742074,19.382155,608.19891,627.581065,0,0,0,0,0,52.70112605774482,243220480,240959488,0.38632060679300395,0.4833547401595273,0,17.538471,NORMAL,scikit-learn IsolationForest.score_samples,0.5250375726348852,1.296361072562011,0,0.107963,NORMAL,NumPy RMS auf standardisiertem 128×3-Fenster
2026-09-18T19:06:52.623+02:00,1136,0.2676732781698104,0.47720259914362284,0,0.225092,206.98850261500394,NORMAL,,PROFILE/P99,ai_edge_litert.Interpreter 2.1.6 num_threads=1,2026-09-18T19:06:51.990+02:00,14864807160926,14864826419600,0.894037,0.815536,19.258674,613.560649,632.819323,0,0,0,0,0,53.31378227540738,243220480,240959488,0.38046509626673136,0.4833547401595273,0,17.193897,NORMAL,scikit-learn IsolationForest.score_samples,0.5136063557235271,1.296361072562011,0,0.098203,NORMAL,NumPy RMS auf standardisiertem 128×3-Fenster
2026-09-18T19:06:53.239+02:00,1137,0.2623313070960999,0.47720259914362284,0,0.20824,208.25977315273053,NORMAL,,PROFILE/P99,ai_edge_litert.Interpreter 2.1.6 num_threads=1,2026-09-18T19:06:52.610+02:00,14865423668871,14865442894285,0.515092,0.491574,19.225414,609.815319,629.040733,0,0,0,0,0,50.287334692917575,243220480,240959488,0.3853242553709087,0.4833547401595273,0,17.903026,NORMAL,scikit-learn IsolationForest.score_samples,0.5453288624273995,1.296361072562011,0,0.086796,NORMAL,NumPy RMS auf standardisiertem 128×3-Fenster
2026-09-18T19:06:53.859+02:00,1138,0.3134685582669725,0.47720259914362284,0,0.236018,207.68939400257793,NORMAL,,PROFILE/P99,ai_edge_litert.Interpreter 2.1.6 num_threads=1,2026-09-18T19:06:53.227+02:00,14866041994631,14866062471211,0.686851,0.789111,20.47658,611.49006,631.96664,0,0,0,0,0,54.87484555973499,243220480,240959488,0.384085871922392,0.4833547401595273,0,18.629785,NORMAL,scikit-learn IsolationForest.score_samples,0.5412820075539603,1.296361072562011,0,0.102925,NORMAL,NumPy RMS auf standardisiertem 128×3-Fenster
2026-09-18T19:06:54.475+02:00,1139,0.26122425671063354,0.47720259914362284,0,0.221,207.65539705239084,NORMAL,,PROFILE/P99,ai_edge_litert.Interpreter 2.1.6 num_threads=1,2026-09-18T19:06:53.844+02:00,14866659680706,14866678480806,0.817241,0.818018,18.8001,611.590172,630.390272,0,0,0,0,0,51.94772061276266,243220480,240959488,0.38409639977060234,0.4833547401595273,0,16.810897,NORMAL,scikit-learn IsolationForest.score_samples,0.5291450614637908,1.296361072562011,0,0.10587,NORMAL,NumPy RMS auf standardisiertem 128×3-Fenster
2026-09-18T19:06:55.096+02:00,1140,0.2586437263838863,0.47720259914362284,0,0.276907,207.50676878910232,NORMAL,,PROFILE/P99,ai_edge_litert.Interpreter 2.1.6 num_threads=1,2026-09-18T19:06:54.462+02:00,14867277955079,14867299326325,0.685833,0.835536,21.371246,612.028228,633.399474,0,0,0,0,0,51.5414332972034,243220480,240959488,0.381382401043178,0.4833547401595273,0,19.439377,NORMAL,scikit-learn IsolationForest.score_samples,0.5139546274076466,1.296361072562011,0,0.107944,NORMAL,NumPy RMS auf standardisiertem 128×3-Fenster
2026-09-18T19:06:55.712+02:00,1141,0.2660427651117961,0.47720259914362284,0,0.27063,207.76805664123683,NORMAL,,PROFILE/P99,ai_edge_litert.Interpreter 2.1.6 num_threads=1,2026-09-18T19:06:55.081+02:00,14867895986638,14867915818719,1.000888,0.838037,19.832081,611.258545,631.090626,0,0,0,0,0,53.52905589192994,243220480,240959488,0.3854219773312604,0.4833547401595273,0,17.579174,NORMAL,scikit-learn IsolationForest.score_samples,0.5288823663217731,1.296361072562011,0,0.109519,NORMAL,NumPy RMS auf standardisiertem 128×3-Fenster
2026-09-18T19:06:56.334+02:00,1142,0.2418140626234365,0.47720259914362284,0,0.240333,207.8296474775355,NORMAL,,PROFILE/P99,ai_edge_litert.Interpreter 2.1.6 num_threads=1,2026-09-18T19:06:55.700+02:00,14868514422864,14868538033276,0.800777,0.948574,23.610412,611.077397,634.687809,0,0,0,0,0,51.42949271453802,243220480,240959488,0.3810162454233297,0.4833547401595273,0,21.484413,NORMAL,scikit-learn IsolationForest.score_samples,0.4988865531771257,1.296361072562011,0,0.101703,NORMAL,NumPy RMS auf standardisiertem 128×3-Fenster
2026-09-18T19:06:56.948+02:00,1143,0.2741411605042779,0.47720259914362284,0,0.217222,208.8308938346867,NORMAL,,PROFILE/P99,ai_edge_litert.Interpreter 2.1.6 num_threads=1,2026-09-18T19:06:56.320+02:00,14869131971351,14869152161357,0.743092,0.77324,20.190006,608.147567,628.337573,0,0,0,0,0,50.4780953829375,243220480,240959488,0.38395153166454155,0.4833547401595273,0,18.325804,NORMAL,scikit-learn IsolationForest.score_samples,0.5139277179206454,1.296361072562011,0,0.103093,NORMAL,NumPy RMS auf standardisiertem 128×3-Fenster
2026-09-18T19:06:57.568+02:00,1144,0.29432117917735273,0.47720259914362284,0,0.239759,207.15335438859603,NORMAL,,PROFILE/P99,ai_edge_litert.Interpreter 2.1.6 num_threads=1,2026-09-18T19:06:56.934+02:00,14869750696190,14869771835307,0.786592,0.880666,21.139117,613.07238,634.211497,0,0,0,0,0,53.2552745706675,243220480,240959488,0.38552919521473966,0.4833547401595273,0,19.104397,NORMAL,scikit-learn IsolationForest.score_samples,0.5311899342894892,1.296361072562011,0,0.097722,NORMAL,NumPy RMS auf standardisiertem 128×3-Fenster
2026-09-18T19:06:58.185+02:00,1145,0.2753103154046748,0.47720259914362284,0,0.235574,208.34962090089243,NORMAL,,PROFILE/P99,ai_edge_litert.Interpreter 2.1.6 num_threads=1,2026-09-18T19:06:57.554+02:00,14870367211661,14870389298314,0.817092,0.866833,22.086653,609.552345,631.638998,0,0,0,0,0,51.82357751980355,243220480,240959488,0.3853759427312898,0.4833547401595273,0,20.034748,NORMAL,scikit-learn IsolationForest.score_samples,0.5259978751767064,1.296361072562011,0,0.103204,NORMAL,NumPy RMS auf standardisiertem 128×3-Fenster
2026-09-18T19:06:58.808+02:00,1146,0.2551202232686061,0.47720259914362284,0,0.259629,207.4065641838933,NORMAL,,PROFILE/P99,ai_edge_litert.Interpreter 2.1.6 num_threads=1,2026-09-18T19:06:58.169+02:00,14870985468020,14871012276208,0.819296,0.928166,26.808188,612.323918,639.132106,0,0,0,0,0,51.36542518722815,243220480,240959488,0.38392196981593696,0.4833547401595273,0,24.65856,NORMAL,scikit-learn IsolationForest.score_samples,0.516801161751061,1.296361072562011,0,0.108944,NORMAL,NumPy RMS auf standardisiertem 128×3-Fenster
2026-09-18T19:06:59.421+02:00,1147,0.276914802551999,0.47720259914362284,0,0.308185,207.500029756648,NORMAL,,PROFILE/P99,ai_edge_litert.Interpreter 2.1.6 num_threads=1,2026-09-18T19:06:58.788+02:00,14871604293399,14871624927721,0.667796,0.914537,20.634322,612.048105,632.682427,0,0,0,0,0,57.13004471598673,243220480,240959488,0.38304309321093283,0.4833547401595273,0,18.597286,NORMAL,scikit-learn IsolationForest.score_samples,0.5215231673716302,1.296361072562011,0,0.112907,NORMAL,NumPy RMS auf standardisiertem 128×3-Fenster
2026-09-18T19:07:00.040+02:00,1148,0.23992081797709433,0.47720259914362284,0,0.236815,207.79052829907388,NORMAL,,PROFILE/P99,ai_edge_litert.Interpreter 2.1.6 num_threads=1,2026-09-18T19:06:59.408+02:00,14872222625594,14872243970507,0.777018,0.917814,21.344913,611.19244,632.537353,0,0,0,0,0,50.076272867337245,243220480,240959488,0.38424532917335175,0.4833547401595273,0,19.28673,NORMAL,scikit-learn IsolationForest.score_samples,0.5006534211202252,1.296361072562011,0,0.095149,NORMAL,NumPy RMS auf standardisiertem 128×3-Fenster
2026-09-18T19:07:00.656+02:00,1149,0.2522062819044198,0.47720259914362284,0,0.223796,207.36381768243982,NORMAL,,PROFILE/P99,ai_edge_litert.Interpreter 2.1.6 num_threads=1,2026-09-18T19:07:00.023+02:00,14872839419032,14872859554724,1.012573,0.876944,20.135692,612.450144,632.585836,0,0,0,0,0,53.60822025839697,243220480,240959488,0.3844043497451491,0.4833547401595273,0,17.89049,NORMAL,scikit-learn IsolationForest.score_samples,0.507462000511601,1.296361072562011,0,0.099612,NORMAL,NumPy RMS auf standardisiertem 128×3-Fenster
2026-09-18T19:07:01.273+02:00,1150,0.2460990330842113,0.47720259914362284,0,0.23637,207.76201777634074,NORMAL,,PROFILE/P99,ai_edge_litert.Interpreter 2.1.6 num_threads=1,2026-09-18T19:07:00.642+02:00,14873456913599,14873476431514,0.602907,0.820759,19.517915,611.276312,630.794227,0,0,0,0,0,51.87314022845011,243220480,240959488,0.38369074355987226,0.4833547401595273,0,17.711379,NORMAL,scikit-learn IsolationForest.score_samples,0.5313594064914413,1.296361072562011,0,0.118834,NORMAL,NumPy RMS auf standardisiertem 128×3-Fenster
2026-09-18T19:07:01.891+02:00,1151,0.28593592686370545,0.47720259914362284,0,0.317185,207.44207154017806,NORMAL,,PROFILE/P99,ai_edge_litert.Interpreter 2.1.6 num_threads=1,2026-09-18T19:07:01.259+02:00,14874075019093,14874094481360,0.773314,0.978092,19.462267,612.219108,631.681375,0,0,0,0,0,51.77662333055636,243220480,240959488,0.3844885677745207,0.4833547401595273,0,17.245138,NORMAL,scikit-learn IsolationForest.score_samples,0.5387314666086781,1.296361072562011,0,0.09924,NORMAL,NumPy RMS auf standardisiertem 128×3-Fenster
2026-09-18T19:07:02.509+02:00,1152,0.2604480318526514,0.47720259914362284,0,0.220259,206.82979944209436,NORMAL,,PROFILE/P99,ai_edge_litert.Interpreter 2.1.6 num_threads=1,2026-09-18T19:07:01.876+02:00,14874694269328,14874712809429,0.649055,0.755704,18.540101,614.031442,632.571543,0,0,0,0,0,48.52114331946054,243220480,240959488,0.3803627630806741,0.4833547401595273,0,16.793546,NORMAL,scikit-learn IsolationForest.score_samples,0.5147480436813825,1.296361072562011,0,0.095482,NORMAL,NumPy RMS auf standardisiertem 128×3-Fenster
2026-09-18T19:07:03.130+02:00,1153,0.2994882744526611,0.47720259914362284,0,0.251629,207.62331201348178,NORMAL,,PROFILE/P99,ai_edge_litert.Interpreter 2.1.6 num_threads=1,2026-09-18T19:07:02.496+02:00,14875311971861,14875333360164,1.028259,0.926425,21.388303,611.684684,633.072987,0,0,0,0,0,53.177035905138126,243220480,240959488,0.3815194519033753,0.4833547401595273,0,19.058415,NORMAL,scikit-learn IsolationForest.score_samples,0.5356236182768243,1.296361072562011,0,0.093352,NORMAL,NumPy RMS auf standardisiertem 128×3-Fenster
2026-09-18T19:07:03.745+02:00,1154,0.2763790751236381,0.47720259914362284,0,0.215518,207.54927339458925,NORMAL,,PROFILE/P99,ai_edge_litert.Interpreter 2.1.6 num_threads=1,2026-09-18T19:07:03.114+02:00,14875929997747,14875949186347,0.832796,0.79837,19.1886,611.902889,631.091489,0,0,0,0,0,51.96107359545465,243220480,240959488,0.3837639626249095,0.4833547401595273,0,17.209193,NORMAL,scikit-learn IsolationForest.score_samples,0.5043810841384274,1.296361072562011,0,0.105093,NORMAL,NumPy RMS auf standardisiertem 128×3-Fenster
2026-09-18T19:07:04.369+02:00,1155,0.2775594612735844,0.47720259914362284,0,0.212722,207.49502992628112,NORMAL,,PROFILE/P99,ai_edge_litert.Interpreter 2.1.6 num_threads=1,2026-09-18T19:07:03.732+02:00,14876547808338,14876572799823,0.888851,0.762055,24.991485,612.062853,637.054338,0,0,0,0,0,60.93433593453708,243220480,240959488,0.38248109133500807,0.4833547401595273,0,22.999172,NORMAL,scikit-learn IsolationForest.score_samples,0.5100038576873294,1.296361072562011,0,0.100741,NORMAL,NumPy RMS auf standardisiertem 128×3-Fenster
2026-09-18T19:07:04.981+02:00,1156,0.2652144833874323,0.47720259914362284,0,0.241445,208.8083878296508,NORMAL,,PROFILE/P99,ai_edge_litert.Interpreter 2.1.6 num_threads=1,2026-09-18T19:07:04.354+02:00,14877166035280,14877184870362,0.769074,0.871018,18.835082,608.213115,627.048197,0,0,0,0,0,50.653350857115655,243220480,240959488,0.3882779625756585,0.4833547401595273,0,16.868953,NORMAL,scikit-learn IsolationForest.score_samples,0.5361284056880972,1.296361072562011,0,0.056648,NORMAL,NumPy RMS auf standardisiertem 128×3-Fenster
2026-09-18T19:07:05.600+02:00,1157,0.2878710240133409,0.47720259914362284,0,0.308,207.9604441550392,NORMAL,,PROFILE/P99,ai_edge_litert.Interpreter 2.1.6 num_threads=1,2026-09-18T19:07:04.968+02:00,14877782938781,14877803577288,0.755166,0.893111,20.638507,610.69306,631.331567,0,0,0,0,0,51.714794382944994,243220480,240959488,0.3835220783653177,0.4833547401595273,0,18.552008,NORMAL,scikit-learn IsolationForest.score_samples,0.5242565589364288,1.296361072562011,0,0.10013,NORMAL,NumPy RMS auf standardisiertem 128×3-Fenster
2026-09-18T19:07:06.220+02:00,1158,0.2791695174309281,0.47720259914362284,0,0.253371,207.36710061318485,NORMAL,,PROFILE/P99,ai_edge_litert.Interpreter 2.1.6 num_threads=1,2026-09-18T19:07:05.586+02:00,14878402100059,14878424058898,0.814721,0.882444,21.958839,612.440448,634.399287,0,0,0,0,0,49.96194519500747,243220480,240959488,0.3849407970218057,0.4833547401595273,0,19.874618,NORMAL,scikit-learn IsolationForest.score_samples,0.5362033849207052,1.296361072562011,0,0.106186,NORMAL,NumPy RMS auf standardisiertem 128×3-Fenster
2026-09-18T19:07:06.839+02:00,1159,0.2631511817677321,0.47720259914362284,0,0.3515,207.87854003261006,NORMAL,,PROFILE/P99,ai_edge_litert.Interpreter 2.1.6 num_threads=1,2026-09-18T19:07:06.205+02:00,14879019790357,14879042669436,0.913277,1.08287,22.879079,610.933673,633.812752,0,0,0,0,0,56.58024324955594,243220480,240959488,0.39214251773731373,0.4833547401595273,0,20.39234,NORMAL,scikit-learn IsolationForest.score_samples,0.5167575212898734,1.296361072562011,0,0.098555,NORMAL,NumPy RMS auf standardisiertem 128×3-Fenster
2026-09-18T19:07:07.455+02:00,1160,0.29917370488781597,0.47720259914362284,0,0.333833,208.44374423394544,NORMAL,,PROFILE/P99,ai_edge_litert.Interpreter 2.1.6 num_threads=1,2026-09-18T19:07:06.824+02:00,14879637178711,14879658779551,0.888796,0.853851,21.60084,609.2771,630.87794,0,0,0,0,0,51.93472293516721,243220480,240959488,0.3885525927347531,0.4833547401595273,0,19.371878,NORMAL,scikit-learn IsolationForest.score_samples,0.5414999421564771,1.296361072562011,0,0.122463,NORMAL,NumPy RMS auf standardisiertem 128×3-Fenster
2026-09-18T19:07:08.073+02:00,1161,0.27432095210472224,0.47720259914362284,0,0.335852,207.95222029529475,NORMAL,,PROFILE/P99,ai_edge_litert.Interpreter 2.1.6 num_threads=1,2026-09-18T19:07:07.440+02:00,14880254987326,14880277061258,0.711351,1.132907,22.073932,610.717211,632.791143,0,0,0,0,0,51.758178331159385,243220480,240959488,0.38166985404383824,0.4833547401595273,0,19.726896,NORMAL,scikit-learn IsolationForest.score_samples,0.5422073541307798,1.296361072562011,0,0.122055,NORMAL,NumPy RMS auf standardisiertem 128×3-Fenster
2026-09-18T19:07:08.687+02:00,1162,0.28228665395289215,0.47720259914362284,0,0.222222,208.11607496772982,NORMAL,,PROFILE/P99,ai_edge_litert.Interpreter 2.1.6 num_threads=1,2026-09-18T19:07:08.058+02:00,14880872396738,14880890786838,0.690647,0.787833,18.3901,610.236379,628.626479,0,0,0,0,0,52.142091886703234,243220480,240959488,0.39643353122379754,0.4833547401595273,0,16.551324,NORMAL,scikit-learn IsolationForest.score_samples,0.5493759384295254,1.296361072562011,0,0.107,NORMAL,NumPy RMS auf standardisiertem 128×3-Fenster
2026-09-18T19:07:09.315+02:00,1163,0.22610166621317226,0.47720259914362284,0,0.259667,207.26557764588455,NORMAL,,PROFILE/P99,ai_edge_litert.Interpreter 2.1.6 num_threads=1,2026-09-18T19:07:08.674+02:00,14881490871631,14881518926857,0.755759,0.963278,28.055226,612.740434,640.79566,0,0,0,0,0,54.12573580347223,243220480,240959488,0.38668513208225525,0.4833547401595273,0,25.920467,NORMAL,scikit-learn IsolationForest.score_samples,0.5072294467331491,1.296361072562011,0,0.117704,NORMAL,NumPy RMS auf standardisiertem 128×3-Fenster
2026-09-18T19:07:09.926+02:00,1164,0.2607981473229241,0.47720259914362284,0,0.211648,208.85009994735316,NORMAL,,PROFILE/P99,ai_edge_litert.Interpreter 2.1.6 num_threads=1,2026-09-18T19:07:09.297+02:00,14882108588471,14882129568181,0.827203,0.785611,20.97971,608.091641,629.071351,0,0,0,0,0,55.68022859135954,243220480,240959488,0.377071647166034,0.4833547401595273,0,19.028526,NORMAL,scikit-learn IsolationForest.score_samples,0.5047963783349384,1.296361072562011,0,0.098685,NORMAL,NumPy RMS auf standardisiertem 128×3-Fenster
2026-09-18T19:07:10.574+02:00,1165,0.2675872634413281,0.47720259914362284,0,0.349185,207.4163184334498,NORMAL,,PROFILE/P99,ai_edge_litert.Interpreter 2.1.6 num_threads=1,2026-09-18T19:07:09.911+02:00,14882726826867,14882777414394,1.266444,2.016035,50.587527,612.295122,662.882649,0,0,0,0,0,78.70920897558683,243220480,240959488,0.3868242880539246,0.4833547401595273,0,46.468196,NORMAL,scikit-learn IsolationForest.score_samples,0.5060543627676543,1.296361072562011,0,0.191389,NORMAL,NumPy RMS auf standardisiertem 128×3-Fenster
2026-09-18T19:07:11.473+02:00,1166,nan,0.47720259914362284,-1,0.0,141.33065352015308,ERROR,"ValueError: Sensorfenster mit Lücke, Overrun oder Sättigung; Entscheidung ungültig",PROFILE/P99,ai_edge_litert.Interpreter 2.1.6 num_threads=1,2026-09-18T19:07:10.574+02:00,14883676453227,14883677176968,0.703259,0.0,0.723741,898.601944,899.325685,0,0,15,15,0,46.687681933554025,243220480,240959488,nan,0.4833547401595273,-1,0.0,ERROR,scikit-learn IsolationForest.score_samples,nan,1.296361072562011,-1,0.0,ERROR,NumPy RMS auf standardisiertem 128×3-Fenster
2026-09-18T19:07:12.185+02:00,1167,nan,0.47720259914362284,-1,0.0,180.20520744550197,ERROR,"ValueError: Sensorfenster mit Lücke, Overrun oder Sättigung; Entscheidung ungültig",PROFILE/P99,ai_edge_litert.Interpreter 2.1.6 num_threads=1,2026-09-18T19:07:11.479+02:00,14884387157074,14884388844296,1.651555,0.0,1.687222,704.752109,706.439331,0,0,30,30,0,81.48893353516284,243220480,240959488,nan,0.4833547401595273,-1,0.0,ERROR,scikit-learn IsolationForest.score_samples,nan,1.296361072562011,-1,0.0,ERROR,NumPy RMS auf standardisiertem 128×3-Fenster
2026-09-18T19:07:12.759+02:00,1168,0.3130944226274213,0.47720259914362284,0,0.30776,240.3708966087874,NORMAL,,PROFILE/P99,ai_edge_litert.Interpreter 2.1.6 num_threads=1,2026-09-18T19:07:12.187+02:00,14884919211947,14884963209182,1.174851,1.119129,43.997235,528.350153,572.347388,0,0,0,0,0,78.34402309386897,243220480,240959488,0.3884611920089412,0.4833547401595273,0,41.105385,NORMAL,scikit-learn IsolationForest.score_samples,0.5487890306415598,1.296361072562011,0,0.244574,NORMAL,NumPy RMS auf standardisiertem 128×3-Fenster
2026-09-18T19:07:13.365+02:00,1169,0.29463968125688095,0.47720259914362284,0,0.245796,213.13039721474618,NORMAL,,PROFILE/P99,ai_edge_litert.Interpreter 2.1.6 num_threads=1,2026-09-18T19:07:12.737+02:00,14885536582921,14885569064978,1.018703,0.876778,32.482057,595.879338,628.361395,0,0,0,0,0,80.8830200682494,243220480,240959488,0.3817523276771252,0.4833547401595273,0,30.192317,NORMAL,scikit-learn IsolationForest.score_samples,0.546136750827297,1.296361072562011,0,0.112685,NORMAL,NumPy RMS auf standardisiertem 128×3-Fenster
2026-09-18T19:07:13.986+02:00,1170,0.2585716515862468,0.47720259914362284,0,0.340018,209.90360581834943,NORMAL,,PROFILE/P99,ai_edge_litert.Interpreter 2.1.6 num_threads=1,2026-09-18T19:07:13.346+02:00,14886154723192,14886189835599,1.52024,1.103148,35.112407,605.03963,640.152037,0,0,0,0,0,74.10074198858588,243220480,240959488,0.3861552643255735,0.4833547401595273,0,31.978834,NORMAL,scikit-learn IsolationForest.score_samples,0.5202393509658064,1.296361072562011,0,0.125593,NORMAL,NumPy RMS auf standardisiertem 128×3-Fenster
2026-09-18T19:07:14.629+02:00,1171,0.28823697894089406,0.47720259914362284,0,0.269315,207.11973738469803,NORMAL,,PROFILE/P99,ai_edge_litert.Interpreter 2.1.6 num_threads=1,2026-09-18T19:07:13.968+02:00,14886784892347,14886833257117,1.091184,1.007426,48.36477,613.171886,661.536656,0,0,0,0,0,80.81103194894534,243220480,240959488,0.3858052897184269,0.4833547401595273,0,45.796086,NORMAL,scikit-learn IsolationForest.score_samples,0.5273682798774846,1.296361072562011,0,0.161074,NORMAL,NumPy RMS auf standardisiertem 128×3-Fenster
2026-09-18T19:07:15.208+02:00,1172,0.2741982960557697,0.47720259914362284,0,0.238037,218.24689943847585,NORMAL,,PROFILE/P99,ai_edge_litert.Interpreter 2.1.6 num_threads=1,2026-09-18T19:07:14.605+02:00,14887391034219,14887411624208,0.715259,0.885518,20.589989,581.909756,602.499745,0,0,0,0,0,58.7955371414235,243220480,240959488,0.38423866556846104,0.4833547401595273,0,18.630657,NORMAL,scikit-learn IsolationForest.score_samples,0.5206860758229883,1.296361072562011,0,0.089204,NORMAL,NumPy RMS auf standardisiertem 128×3-Fenster
2026-09-18T19:07:15.828+02:00,1173,0.23893330775352103,0.47720259914362284,0,0.351555,207.87227902920583,NORMAL,,PROFILE/P99,ai_edge_litert.Interpreter 2.1.6 num_threads=1,2026-09-18T19:07:15.194+02:00,14888008529808,14888032090091,0.755074,0.86987,23.560283,610.952074,634.512357,0,0,0,0,0,53.18170483665585,243220480,240959488,0.3867284009439727,0.4833547401595273,0,21.387952,NORMAL,scikit-learn IsolationForest.score_samples,0.5047296680016546,1.296361072562011,0,0.164037,NORMAL,NumPy RMS auf standardisiertem 128×3-Fenster
2026-09-18T19:07:16.444+02:00,1174,0.2533637225729623,0.47720259914362284,0,0.31863,207.95116950239498,NORMAL,,PROFILE/P99,ai_edge_litert.Interpreter 2.1.6 num_threads=1,2026-09-18T19:07:15.812+02:00,14888626662657,14888648041386,0.788944,0.929388,21.378729,610.720297,632.099026,0,0,0,0,0,60.07212997022294,243220480,240959488,0.3813265919242203,0.4833547401595273,0,19.190582,NORMAL,scikit-learn IsolationForest.score_samples,0.5036990526310291,1.296361072562011,0,0.122926,NORMAL,NumPy RMS auf standardisiertem 128×3-Fenster
2026-09-18T19:07:17.061+02:00,1175,0.26692935787867594,0.47720259914362284,0,0.242092,207.7045982942533,NORMAL,,PROFILE/P99,ai_edge_litert.Interpreter 2.1.6 num_threads=1,2026-09-18T19:07:16.429+02:00,14889244738803,14889265144625,0.736648,0.798018,20.405822,611.445298,631.85112,0,0,0,0,0,53.476685421123676,243220480,240959488,0.3844565880304424,0.4833547401595273,0,18.498768,NORMAL,scikit-learn IsolationForest.score_samples,0.5084500152012112,1.296361072562011,0,0.100741,NORMAL,NumPy RMS auf standardisiertem 128×3-Fenster
2026-09-18T19:07:17.678+02:00,1176,0.26849346417915765,0.47720259914362284,0,0.224334,207.24620054235058,NORMAL,,PROFILE/P99,ai_edge_litert.Interpreter 2.1.6 num_threads=1,2026-09-18T19:07:17.047+02:00,14889863522820,14889881983792,0.739037,0.834036,18.460972,612.797724,631.258696,0,0,0,0,0,50.25639018876235,243220480,240959488,0.3943982986891844,0.4833547401595273,0,16.538232,NORMAL,scikit-learn IsolationForest.score_samples,0.5280850710311336,1.296361072562011,0,0.094888,NORMAL,NumPy RMS auf standardisiertem 128×3-Fenster
2026-09-18T19:07:18.306+02:00,1177,0.313447723092814,0.47720259914362284,0,0.243777,208.04835145910093,NORMAL,,PROFILE/P99,ai_edge_litert.Interpreter 2.1.6 num_threads=1,2026-09-18T19:07:17.666+02:00,14890480196191,14890510026286,0.788518,0.833314,29.830095,610.435022,640.265117,0,0,0,0,0,52.54012218069382,243220480,240959488,0.38926938266235794,0.4833547401595273,0,27.794745,NORMAL,scikit-learn IsolationForest.score_samples,0.5230553567015974,1.296361072562011,0,0.137481,NORMAL,NumPy RMS auf standardisiertem 128×3-Fenster
2026-09-18T19:07:18.915+02:00,1178,0.2754078700348665,0.47720259914362284,0,0.269556,207.49062832225476,NORMAL,,PROFILE/P99,ai_edge_litert.Interpreter 2.1.6 num_threads=1,2026-09-18T19:07:18.283+02:00,14891098850950,14891118724625,0.779741,0.909721,19.873675,612.075837,631.949512,0,0,0,0,0,52.57552807311595,243220480,240959488,0.38211721027653023,0.4833547401595273,0,17.776231,NORMAL,scikit-learn IsolationForest.score_samples,0.5266538535333262,1.296361072562011,0,0.103445,NORMAL,NumPy RMS auf standardisiertem 128×3-Fenster
2026-09-18T19:07:19.543+02:00,1179,0.2665871258768841,0.47720259914362284,0,0.284834,207.39907060589772,NORMAL,,PROFILE/P99,ai_edge_litert.Interpreter 2.1.6 num_threads=1,2026-09-18T19:07:18.901+02:00,14891717282063,14891746894269,1.02024,0.964777,29.612206,612.346042,641.958248,0,0,0,0,0,50.94065720201991,243220480,240959488,0.38482767906560705,0.4833547401595273,0,27.196152,NORMAL,scikit-learn IsolationForest.score_samples,0.5172833636245548,1.296361072562011,0,0.107556,NORMAL,NumPy RMS auf standardisiertem 128×3-Fenster
2026-09-18T19:07:20.150+02:00,1180,0.258698554864558,0.47720259914362284,0,0.235241,208.68990893616993,NORMAL,,PROFILE/P99,ai_edge_litert.Interpreter 2.1.6 num_threads=1,2026-09-18T19:07:19.522+02:00,14892334036899,14892353909629,0.651537,0.847722,19.87273,608.558414,628.431144,0,0,0,0,0,57.6593164886823,243220480,240959488,0.3888488230614018,0.4833547401595273,0,18.011824,NORMAL,scikit-learn IsolationForest.score_samples,0.5179979075300184,1.296361072562011,0,0.100852,NORMAL,NumPy RMS auf standardisiertem 128×3-Fenster
2026-09-18T19:07:20.770+02:00,1181,0.2673801532072275,0.47720259914362284,0,0.242222,207.72407412595965,NORMAL,,PROFILE/P99,ai_edge_litert.Interpreter 2.1.6 num_threads=1,2026-09-18T19:07:20.138+02:00,14892953355328,14892973443799,0.67224,0.812259,20.088471,611.38797,631.476441,0,0,0,0,0,51.65125119735483,243220480,240959488,0.3792825876683352,0.4833547401595273,0,18.234454,NORMAL,scikit-learn IsolationForest.score_samples,0.5327225831893196,1.296361072562011,0,0.098945,NORMAL,NumPy RMS auf standardisiertem 128×3-Fenster
2026-09-18T19:07:21.391+02:00,1182,0.2806977010434552,0.47720259914362284,0,0.27187,208.28848775587608,NORMAL,,PROFILE/P99,ai_edge_litert.Interpreter 2.1.6 num_threads=1,2026-09-18T19:07:20.758+02:00,14893571386777,14893595062505,0.773592,0.876944,23.675728,609.73125,633.406978,0,0,0,0,0,53.08655229076172,243220480,240959488,0.38857363566642017,0.4833547401595273,0,21.609322,NORMAL,scikit-learn IsolationForest.score_samples,0.5374820899669885,1.296361072562011,0,0.115648,NORMAL,NumPy RMS auf standardisiertem 128×3-Fenster
2026-09-18T19:07:22.004+02:00,1183,0.27811898379173766,0.47720259914362284,0,0.215482,208.54770984219175,NORMAL,,PROFILE/P99,ai_edge_litert.Interpreter 2.1.6 num_threads=1,2026-09-18T19:07:21.376+02:00,14894188323875,14894208171753,0.887629,0.818074,19.847878,608.973362,628.82124,0,0,0,0,0,50.56123970995376,243220480,240959488,0.3884464341585785,0.4833547401595273,0,17.768065,NORMAL,scikit-learn IsolationForest.score_samples,0.5227908573299248,1.296361072562011,0,0.123593,NORMAL,NumPy RMS auf standardisiertem 128×3-Fenster
2026-09-18T19:07:22.623+02:00,1184,0.26384020422073107,0.47720259914362284,0,0.267685,207.65665944589415,NORMAL,,PROFILE/P99,ai_edge_litert.Interpreter 2.1.6 num_threads=1,2026-09-18T19:07:21.991+02:00,14894806194733,14894826342204,0.71587,0.836777,20.147471,611.586454,631.733925,0,0,0,0,0,51.76574157772966,243220480,240959488,0.37973721186183507,0.4833547401595273,0,18.182028,NORMAL,scikit-learn IsolationForest.score_samples,0.5236972011175169,1.296361072562011,0,0.112278,NORMAL,NumPy RMS auf standardisiertem 128×3-Fenster
2026-09-18T19:07:23.240+02:00,1185,0.2522989398437992,0.47720259914362284,0,0.261222,207.40113226810422,NORMAL,,PROFILE/P99,ai_edge_litert.Interpreter 2.1.6 num_threads=1,2026-09-18T19:07:22.609+02:00,14895424651240,14895443773785,0.690796,0.858851,19.122545,612.339955,631.4625,0,0,0,0,0,50.20940772900503,243220480,240959488,0.387575846071214,0.4833547401595273,0,17.173046,NORMAL,scikit-learn IsolationForest.score_samples,0.5219228990878013,1.296361072562011,0,0.102611,NORMAL,NumPy RMS auf standardisiertem 128×3-Fenster
2026-09-18T19:07:23.859+02:00,1186,0.3011875837515963,0.47720259914362284,0,0.227426,207.99234939284628,NORMAL,,PROFILE/P99,ai_edge_litert.Interpreter 2.1.6 num_threads=1,2026-09-18T19:07:23.228+02:00,14896042526451,14896062481867,0.730759,0.803574,19.955416,610.599382,630.554798,0,0,0,0,0,54.95330833160283,243220480,240959488,0.3826170711293988,0.4833547401595273,0,18.063212,NORMAL,scikit-learn IsolationForest.score_samples,0.5202001106322972,1.296361072562011,0,0.102444,NORMAL,NumPy RMS auf standardisiertem 128×3-Fenster
2026-09-18T19:07:24.478+02:00,1187,0.262640442294511,0.47720259914362284,0,0.224908,207.5186090106724,NORMAL,,PROFILE/P99,ai_edge_litert.Interpreter 2.1.6 num_threads=1,2026-09-18T19:07:23.845+02:00,14896661198608,14896681316264,0.677518,0.865722,20.117656,611.993308,632.110964,0,0,0,0,0,53.32568304775623,243220480,240959488,0.3826175809679086,0.4833547401595273,0,18.223991,NORMAL,scikit-learn IsolationForest.score_samples,0.5246189795906857,1.296361072562011,0,0.095778,NORMAL,NumPy RMS auf standardisiertem 128×3-Fenster
2026-09-18T19:07:25.106+02:00,1188,0.25564683298373386,0.47720259914362284,0,0.321629,207.9894536834861,NORMAL,,PROFILE/P99,ai_edge_litert.Interpreter 2.1.6 num_threads=1,2026-09-18T19:07:24.465+02:00,14897279626413,14897310050601,1.035518,0.997333,30.424188,610.607883,641.032071,0,0,0,0,0,54.07567856533666,243220480,240959488,0.38251794050459265,0.4833547401595273,0,27.916152,NORMAL,scikit-learn IsolationForest.score_samples,0.5085445993509897,1.296361072562011,0,0.10987,NORMAL,NumPy RMS auf standardisiertem 128×3-Fenster
2026-09-18T19:07:25.713+02:00,1189,0.3029239366971998,0.47720259914362284,0,0.228908,208.16331178243698,NORMAL,,PROFILE/P99,ai_edge_litert.Interpreter 2.1.6 num_threads=1,2026-09-18T19:07:25.083+02:00,14897896636887,14897916457192,0.877611,0.989574,19.820305,610.097903,629.918208,0,0,0,0,0,56.069798706634955,243220480,240959488,0.38579295820576737,0.4833547401595273,0,17.582046,NORMAL,scikit-learn IsolationForest.score_samples,0.5463995559021264,1.296361072562011,0,0.1085,NORMAL,NumPy RMS auf standardisiertem 128×3-Fenster
2026-09-18T19:07:26.334+02:00,1190,0.2661407379902751,0.47720259914362284,0,0.30974,207.6228351173113,NORMAL,,PROFILE/P99,ai_edge_litert.Interpreter 2.1.6 num_threads=1,2026-09-18T19:07:25.699+02:00,14898514567140,14898538178331,0.718184,0.899907,23.611191,611.686089,635.29728,0,0,0,0,0,56.294738353472034,243220480,240959488,0.3834861409097623,0.4833547401595273,0,21.486822,NORMAL,scikit-learn IsolationForest.score_samples,0.4962578385966978,1.296361072562011,0,0.154463,NORMAL,NumPy RMS auf standardisiertem 128×3-Fenster
2026-09-18T19:07:26.951+02:00,1191,0.25210028037552473,0.47720259914362284,0,0.310796,208.02773594818674,NORMAL,,PROFILE/P99,ai_edge_litert.Interpreter 2.1.6 num_threads=1,2026-09-18T19:07:26.318+02:00,14899132758707,14899155086807,1.034963,0.968703,22.3281,610.495516,632.823616,0,0,0,0,0,53.4937036962218,243220480,240959488,0.3842728985018359,0.4833547401595273,0,19.885304,NORMAL,scikit-learn IsolationForest.score_samples,0.5087755910426374,1.296361072562011,0,0.096704,NORMAL,NumPy RMS auf standardisiertem 128×3-Fenster
2026-09-18T19:07:27.567+02:00,1192,0.2768631404247041,0.47720259914362284,0,0.239704,209.4295579303669,NORMAL,,PROFILE/P99,ai_edge_litert.Interpreter 2.1.6 num_threads=1,2026-09-18T19:07:26.940+02:00,14899749823036,14899770413451,0.717092,0.860888,20.590415,606.409149,626.999564,0,0,0,0,0,50.3799218160381,243220480,240959488,0.3862626501059117,0.4833547401595273,0,18.650861,NORMAL,scikit-learn IsolationForest.score_samples,0.5290044038604952,1.296361072562011,0,0.093629,NORMAL,NumPy RMS auf standardisiertem 128×3-Fenster
2026-09-18T19:07:28.184+02:00,1193,0.2422625931650065,0.47720259914362284,0,0.251018,207.7596066790663,NORMAL,,PROFILE/P99,ai_edge_litert.Interpreter 2.1.6 num_threads=1,2026-09-18T19:07:27.553+02:00,14900368140179,14900388026021,0.923111,0.826166,19.885842,611.283406,631.169248,0,0,0,0,0,55.050659956985655,243220480,240959488,0.38115682055078975,0.4833547401595273,0,17.729769,NORMAL,scikit-learn IsolationForest.score_samples,0.5008711143629381,1.296361072562011,0,0.125556,NORMAL,NumPy RMS auf standardisiertem 128×3-Fenster
2026-09-18T19:07:28.804+02:00,1194,0.23206738162390175,0.47720259914362284,0,0.274556,207.91139564143947,NORMAL,,PROFILE/P99,ai_edge_litert.Interpreter 2.1.6 num_threads=1,2026-09-18T19:07:28.171+02:00,14900985949416,14901007846627,0.773722,0.914148,21.897211,610.837129,632.73434,0,0,0,0,0,51.62557872096371,243220480,240959488,0.38416776863830654,0.4833547401595273,0,19.801526,NORMAL,scikit-learn IsolationForest.score_samples,0.5029114949035564,1.296361072562011,0,0.100389,NORMAL,NumPy RMS auf standardisiertem 128×3-Fenster
2026-09-18T19:07:29.427+02:00,1195,0.28883955769647607,0.47720259914362284,0,0.27187,207.3454343785953,NORMAL,,PROFILE/P99,ai_edge_litert.Interpreter 2.1.6 num_threads=1,2026-09-18T19:07:28.788+02:00,14901604675376,14901630475307,0.978055,0.887685,25.799931,612.504444,638.304375,0,0,0,0,0,53.00228546973658,243220480,240959488,0.38614799643922404,0.4833547401595273,0,23.529358,NORMAL,scikit-learn IsolationForest.score_samples,0.5140997470663449,1.296361072562011,0,0.099759,NORMAL,NumPy RMS auf standardisiertem 128×3-Fenster
2026-09-18T19:07:30.037+02:00,1196,0.2719398419160027,0.47720259914362284,0,0.232778,208.12647350880206,NORMAL,,PROFILE/P99,ai_edge_litert.Interpreter 2.1.6 num_threads=1,2026-09-18T19:07:29.408+02:00,14902222450096,14902240928643,0.670426,0.777926,18.478547,610.20589,628.684437,0,0,0,0,0,50.78233903675431,243220480,240959488,0.38608622619505334,0.4833547401595273,0,16.671362,NORMAL,scikit-learn IsolationForest.score_samples,0.5333323110148757,1.296361072562011,0,0.099907,NORMAL,NumPy RMS auf standardisiertem 128×3-Fenster
2026-09-18T19:07:30.656+02:00,1197,0.2612124459074134,0.47720259914362284,0,0.245074,207.3763879154627,NORMAL,,PROFILE/P99,ai_edge_litert.Interpreter 2.1.6 num_threads=1,2026-09-18T19:07:30.025+02:00,14902840746373,14902860284734,0.641685,0.814278,19.538361,612.41302,631.951381,0,0,0,0,0,53.281277675664754,243220480,240959488,0.38128558310039656,0.4833547401595273,0,17.705046,NORMAL,scikit-learn IsolationForest.score_samples,0.4963061820813847,1.296361072562011,0,0.101611,NORMAL,NumPy RMS auf standardisiertem 128×3-Fenster
2026-09-18T19:07:31.273+02:00,1198,0.2676792871138692,0.47720259914362284,0,0.254593,208.40693660531917,NORMAL,,PROFILE/P99,ai_edge_litert.Interpreter 2.1.6 num_threads=1,2026-09-18T19:07:30.645+02:00,14903458256447,14903477137845,0.883519,0.794295,18.881398,609.384707,628.266105,0,0,0,0,0,53.497655391645594,243220480,240959488,0.38157668540485856,0.4833547401595273,0,16.822843,NORMAL,scikit-learn IsolationForest.score_samples,0.5131888856582689,1.296361072562011,0,0.097167,NORMAL,NumPy RMS auf standardisiertem 128×3-Fenster
2026-09-18T19:07:31.895+02:00,1199,0.2850453852427914,0.47720259914362284,0,0.237574,207.3573198446624,NORMAL,,PROFILE/P99,ai_edge_litert.Interpreter 2.1.6 num_threads=1,2026-09-18T19:07:31.260+02:00,14904076591318,14904098416955,0.934092,0.797352,21.825637,612.469336,634.294973,0,0,0,0,0,54.723274372318606,243220480,240959488,0.38890325783473395,0.4833547401595273,0,19.691934,NORMAL,scikit-learn IsolationForest.score_samples,0.5128172949842585,1.296361072562011,0,0.131907,NORMAL,NumPy RMS auf standardisiertem 128×3-Fenster
2026-09-18T19:07:32.512+02:00,1200,0.2812747661965093,0.47720259914362284,0,0.315759,207.74192009925468,NORMAL,,PROFILE/P99,ai_edge_litert.Interpreter 2.1.6 num_threads=1,2026-09-18T19:07:31.880+02:00,14904694900690,14904715832846,0.66613,0.91337,20.932156,611.335449,632.267605,0,0,0,0,0,53.4525132164921,243220480,240959488,0.3955259436132619,0.4833547401595273,0,18.917009,NORMAL,scikit-learn IsolationForest.score_samples,0.5452414579471356,1.296361072562011,0,0.087537,NORMAL,NumPy RMS auf standardisiertem 128×3-Fenster
2026-09-18T19:07:33.129+02:00,1201,0.3034783519047733,0.47720259914362284,0,0.291537,208.47656110827532,NORMAL,,PROFILE/P99,ai_edge_litert.Interpreter 2.1.6 num_threads=1,2026-09-18T19:07:32.499+02:00,14905311582971,14905332594238,0.700574,0.915388,21.011267,609.181192,630.192459,0,0,0,0,0,50.26055150962703,243220480,240959488,0.3854501370132142,0.4833547401595273,0,18.967306,NORMAL,scikit-learn IsolationForest.score_samples,0.5434384946521988,1.296361072562011,0,0.104277,NORMAL,NumPy RMS auf standardisiertem 128×3-Fenster
2026-09-18T19:07:33.749+02:00,1202,0.2509260812933191,0.47720259914362284,0,0.269,207.7858656380841,NORMAL,,PROFILE/P99,ai_edge_litert.Interpreter 2.1.6 num_threads=1,2026-09-18T19:07:33.116+02:00,14905930616548,14905952465667,0.799426,0.881129,21.849119,611.206155,633.055274,0,0,0,0,0,53.237341008533136,243220480,240959488,0.37577835086083683,0.4833547401595273,0,19.769287,NORMAL,scikit-learn IsolationForest.score_samples,0.513946155676819,1.296361072562011,0,0.099722,NORMAL,NumPy RMS auf standardisiertem 128×3-Fenster
2026-09-18T19:07:34.364+02:00,1203,0.31670856520807317,0.47720259914362284,0,0.278333,208.2582223543851,NORMAL,,PROFILE/P99,ai_edge_litert.Interpreter 2.1.6 num_threads=1,2026-09-18T19:07:33.734+02:00,14906547595349,14906567521691,0.753185,0.903981,19.926342,609.81986,629.746202,0,0,0,0,0,52.02362834512793,243220480,240959488,0.3947611208806415,0.4833547401595273,0,17.817898,NORMAL,scikit-learn IsolationForest.score_samples,0.5305260759440602,1.296361072562011,0,0.136666,NORMAL,NumPy RMS auf standardisiertem 128×3-Fenster
2026-09-18T19:07:34.980+02:00,1204,0.30482090608922147,0.47720259914362284,0,0.256499,207.63142399650255,NORMAL,,PROFILE/P99,ai_edge_litert.Interpreter 2.1.6 num_threads=1,2026-09-18T19:07:34.350+02:00,14907165268132,14907184298937,0.392574,0.648444,19.030805,611.660786,630.691591,0,0,0,0,0,51.88677282705601,243220480,240959488,0.3895299636172226,0.4833547401595273,0,17.592584,NORMAL,scikit-learn IsolationForest.score_samples,0.5362209792363571,1.296361072562011,0,0.103852,NORMAL,NumPy RMS auf standardisiertem 128×3-Fenster
2026-09-18T19:07:35.608+02:00,1205,0.24061329602898715,0.47720259914362284,0,0.297351,207.79284049898953,NORMAL,,PROFILE/P99,ai_edge_litert.Interpreter 2.1.6 num_threads=1,2026-09-18T19:07:34.968+02:00,14907783309786,14907811688606,0.829593,0.949981,28.37882,611.185639,639.564459,0,0,0,0,0,52.597360547465556,243220480,240959488,0.38108534536958294,0.4833547401595273,0,26.152005,NORMAL,scikit-learn IsolationForest.score_samples,0.498562801412689,1.296361072562011,0,0.113334,NORMAL,NumPy RMS auf standardisiertem 128×3-Fenster
2026-09-18T19:07:36.219+02:00,1206,0.2811946771389268,0.47720259914362284,0,0.264704,207.76503461571605,NORMAL,,PROFILE/P99,ai_edge_litert.Interpreter 2.1.6 num_threads=1,2026-09-18T19:07:35.587+02:00,14908401668367,14908422665468,0.702166,0.871241,20.997101,611.267436,632.264537,0,0,0,0,0,57.289086765091206,243220480,240959488,0.39122181264468175,0.4833547401595273,0,19.028361,NORMAL,scikit-learn IsolationForest.score_samples,0.5271595547034268,1.296361072562011,0,0.100019,NORMAL,NumPy RMS auf standardisiertem 128×3-Fenster
2026-09-18T19:07:36.839+02:00,1207,0.2785989242977916,0.47720259914362284,0,0.238574,207.2857869301725,NORMAL,,PROFILE/P99,ai_edge_litert.Interpreter 2.1.6 num_threads=1,2026-09-18T19:07:36.204+02:00,14909020282226,14909042957474,0.728907,0.826241,22.675248,612.680695,635.355943,0,0,0,0,0,54.808965205646075,243220480,240959488,0.3892088986230503,0.4833547401595273,0,20.710545,NORMAL,scikit-learn IsolationForest.score_samples,0.5212957360461331,1.296361072562011,0,0.138149,NORMAL,NumPy RMS auf standardisiertem 128×3-Fenster
2026-09-18T19:07:37.455+02:00,1208,0.2744879188016031,0.47720259914362284,0,0.262408,207.44807792674993,NORMAL,,PROFILE/P99,ai_edge_litert.Interpreter 2.1.6 num_threads=1,2026-09-18T19:07:36.822+02:00,14909638238735,14909659180965,0.967518,0.901129,20.94223,612.201382,633.143612,0,0,0,0,0,55.1770788416576,243220480,240959488,0.38334310411131733,0.4833547401595273,0,18.675083,NORMAL,scikit-learn IsolationForest.score_samples,0.5358307859855688,1.296361072562011,0,0.102444,NORMAL,NumPy RMS auf standardisiertem 128×3-Fenster
2026-09-18T19:07:38.074+02:00,1209,0.286947982786766,0.47720259914362284,0,0.299574,208.01196269918347,NORMAL,,PROFILE/P99,ai_edge_litert.Interpreter 2.1.6 num_threads=1,2026-09-18T19:07:37.441+02:00,14910255117282,14910277312030,0.685148,0.871073,22.194748,610.541809,632.736557,0,0,0,0,0,48.53388492586901,243220480,240959488,0.3838463282829764,0.4833547401595273,0,20.205545,NORMAL,scikit-learn IsolationForest.score_samples,0.5147266402989424,1.296361072562011,0,0.099259,NORMAL,NumPy RMS auf standardisiertem 128×3-Fenster
2026-09-18T19:07:38.690+02:00,1210,0.2641635314793887,0.47720259914362284,0,0.240481,207.60390461816127,NORMAL,,PROFILE/P99,ai_edge_litert.Interpreter 2.1.6 num_threads=1,2026-09-18T19:07:38.058+02:00,14910873806033,14910894255171,0.788666,0.885111,20.449138,611.741866,632.191004,0,0,0,0,0,51.868993834021445,243220480,240959488,0.3904651811032197,0.4833547401595273,0,18.412602,NORMAL,scikit-learn IsolationForest.score_samples,0.5320581841705128,1.296361072562011,0,0.090926,NORMAL,NumPy RMS auf standardisiertem 128×3-Fenster
2026-09-18T19:07:39.311+02:00,1211,0.2761390298087836,0.47720259914362284,0,0.256185,207.40324477771122,NORMAL,,PROFILE/P99,ai_edge_litert.Interpreter 2.1.6 num_threads=1,2026-09-18T19:07:38.676+02:00,14911492537377,14911514722218,0.810555,0.958222,22.184841,612.333718,634.518559,0,0,0,0,0,53.18417799454711,243220480,240959488,0.3819673156557079,0.4833547401595273,0,20.017398,NORMAL,scikit-learn IsolationForest.score_samples,0.5325443749548262,1.296361072562011,0,0.109352,NORMAL,NumPy RMS auf standardisiertem 128×3-Fenster
2026-09-18T19:07:39.930+02:00,1212,0.26503990559382506,0.47720259914362284,0,0.332629,207.15957283480768,NORMAL,,PROFILE/P99,ai_edge_litert.Interpreter 2.1.6 num_threads=1,2026-09-18T19:07:39.293+02:00,14912109908333,14912133670803,0.978722,0.902129,23.76247,613.053977,636.816447,0,0,0,0,0,54.92929277670112,243220480,240959488,0.3888384384055426,0.4833547401595273,0,21.371471,NORMAL,scikit-learn IsolationForest.score_samples,0.5237217483338334,1.296361072562011,0,0.133574,NORMAL,NumPy RMS auf standardisiertem 128×3-Fenster
2026-09-18T19:07:40.544+02:00,1213,0.27398392160609814,0.47720259914362284,0,0.311592,208.66586477524962,NORMAL,,PROFILE/P99,ai_edge_litert.Interpreter 2.1.6 num_threads=1,2026-09-18T19:07:39.914+02:00,14912726528366,14912747992929,0.713407,0.932833,21.464563,608.628537,630.0931,0,0,0,0,0,53.71709197140637,243220480,240959488,0.3835761935470016,0.4833547401595273,0,19.373528,NORMAL,scikit-learn IsolationForest.score_samples,0.5022544202610396,1.296361072562011,0,0.102574,NORMAL,NumPy RMS auf standardisiertem 128×3-Fenster
2026-09-18T19:07:41.160+02:00,1214,0.26760334650726963,0.47720259914362284,0,0.216,207.3280964596091,NORMAL,,PROFILE/P99,ai_edge_litert.Interpreter 2.1.6 num_threads=1,2026-09-18T19:07:40.529+02:00,14913345623842,14913364254388,0.70961,0.805167,18.630546,612.555665,631.186211,0,0,0,0,0,51.93440045130859,243220480,240959488,0.38711420915884376,0.4833547401595273,0,16.813677,NORMAL,scikit-learn IsolationForest.score_samples,0.5435939553745892,1.296361072562011,0,0.058167,NORMAL,NumPy RMS auf standardisiertem 128×3-Fenster
2026-09-18T19:07:41.781+02:00,1215,0.25043396522012557,0.47720259914362284,0,0.25176,207.71889871829802,NORMAL,,PROFILE/P99,ai_edge_litert.Interpreter 2.1.6 num_threads=1,2026-09-18T19:07:41.148+02:00,14913963107245,14913984597272,0.661556,0.859277,21.490027,611.403203,632.89323,0,0,0,0,0,49.968568561487125,243220480,240959488,0.3841997610427456,0.4833547401595273,0,19.586379,NORMAL,scikit-learn IsolationForest.score_samples,0.5101837519195583,1.296361072562011,0,0.104796,NORMAL,NumPy RMS auf standardisiertem 128×3-Fenster
2026-09-18T19:07:42.402+02:00,1216,0.3005453012939103,0.47720259914362284,0,0.284,207.3781257370088,NORMAL,,PROFILE/P99,ai_edge_litert.Interpreter 2.1.6 num_threads=1,2026-09-18T19:07:41.766+02:00,14914581850927,14914605337397,0.811278,0.932851,23.48647,612.407888,635.894358,0,0,0,0,0,53.16081341309579,243220480,240959488,0.3925768489147153,0.4833547401595273,0,21.318416,NORMAL,scikit-learn IsolationForest.score_samples,0.5383144881623608,1.296361072562011,0,0.107704,NORMAL,NumPy RMS auf standardisiertem 128×3-Fenster
2026-09-18T19:07:43.015+02:00,1217,0.29124500873735265,0.47720259914362284,0,0.253481,208.1821847344646,NORMAL,,PROFILE/P99,ai_edge_litert.Interpreter 2.1.6 num_threads=1,2026-09-18T19:07:42.385+02:00,14915199186203,14915219295934,0.712111,0.863592,20.109731,610.042594,630.152325,0,0,0,0,0,52.12112785269615,243220480,240959488,0.38477527552198565,0.4833547401595273,0,18.150084,NORMAL,scikit-learn IsolationForest.score_samples,0.5442898892145959,1.296361072562011,0,0.105296,NORMAL,NumPy RMS auf standardisiertem 128×3-Fenster
2026-09-18T19:07:43.632+02:00,1218,0.2781001564318445,0.47720259914362284,0,0.273185,207.8291080745613,NORMAL,,PROFILE/P99,ai_edge_litert.Interpreter 2.1.6 num_threads=1,2026-09-18T19:07:43.002+02:00,14915816564535,14915835722508,0.758685,1.043444,19.157973,611.078983,630.236956,0,0,0,0,0,55.15878391224455,243220480,240959488,0.3892065016762648,0.4833547401595273,0,16.966955,NORMAL,scikit-learn IsolationForest.score_samples,0.5312552826468805,1.296361072562011,0,0.082074,NORMAL,NumPy RMS auf standardisiertem 128×3-Fenster
2026-09-18T19:07:44.250+02:00,1219,0.3309331524031194,0.47720259914362284,0,0.255629,207.98944448656093,NORMAL,,PROFILE/P99,ai_edge_litert.Interpreter 2.1.6 num_threads=1,2026-09-18T19:07:43.620+02:00,14916434161572,14916453755377,0.691648,0.901073,19.593805,610.60791,630.201715,0,0,0,0,0,50.15776177443443,243220480,240959488,0.38994723169235346,0.4833547401595273,0,17.608825,NORMAL,scikit-learn IsolationForest.score_samples,0.567259484193169,1.296361072562011,0,0.105852,NORMAL,NumPy RMS auf standardisiertem 128×3-Fenster
2026-09-18T19:07:44.870+02:00,1220,0.26180773532191304,0.47720259914362284,0,0.243352,207.4928697811918,NORMAL,,PROFILE/P99,ai_edge_litert.Interpreter 2.1.6 num_threads=1,2026-09-18T19:07:44.237+02:00,14917052781757,14917073355951,0.751518,0.847018,20.574194,612.069225,632.643419,0,0,0,0,0,56.48687848141038,243220480,240959488,0.38021955197165563,0.4833547401595273,0,18.598973,NORMAL,scikit-learn IsolationForest.score_samples,0.5271120270769432,1.296361072562011,0,0.101648,NORMAL,NumPy RMS auf standardisiertem 128×3-Fenster
2026-09-18T19:07:45.488+02:00,1221,0.2579664553853078,0.47720259914362284,0,0.233315,207.86552950407972,NORMAL,,PROFILE/P99,ai_edge_litert.Interpreter 2.1.6 num_threads=1,2026-09-18T19:07:44.857+02:00,14917671398610,14917691781934,0.873944,0.850815,20.383324,610.971912,631.355236,0,0,0,0,0,53.362569380654435,243220480,240959488,0.3880680027718268,0.4833547401595273,0,18.292084,NORMAL,scikit-learn IsolationForest.score_samples,0.5185048795365951,1.296361072562011,0,0.106,NORMAL,NumPy RMS auf standardisiertem 128×3-Fenster
2026-09-18T19:07:46.111+02:00,1222,0.2897904324031835,0.47720259914362284,0,0.272685,208.02934260757192,NORMAL,,PROFILE/P99,ai_edge_litert.Interpreter 2.1.6 num_threads=1,2026-09-18T19:07:45.475+02:00,14918289225519,14918314915137,0.821574,0.973907,25.689618,610.490801,636.180419,0,0,0,0,0,51.35137934730675,243220480,240959488,0.3890607038208768,0.4833547401595273,0,23.477026,NORMAL,scikit-learn IsolationForest.score_samples,0.552624994526777,1.296361072562011,0,0.112296,NORMAL,NumPy RMS auf standardisiertem 128×3-Fenster
2026-09-18T19:07:46.725+02:00,1223,0.2614448913634604,0.47720259914362284,0,0.275963,209.7977155371244,NORMAL,,PROFILE/P99,ai_edge_litert.Interpreter 2.1.6 num_threads=1,2026-09-18T19:07:46.098+02:00,14918907223393,14918928350068,0.760055,0.91237,21.126675,605.345009,626.471684,0,0,0,0,0,53.79813592503691,243220480,240959488,0.3814841615893263,0.4833547401595273,0,19.048621,NORMAL,scikit-learn IsolationForest.score_samples,0.5203722353434883,1.296361072562011,0,0.09624,NORMAL,NumPy RMS auf standardisiertem 128×3-Fenster
2026-09-18T19:07:47.345+02:00,1224,0.28997888469954375,0.47720259914362284,0,0.247704,208.14729792986975,NORMAL,,PROFILE/P99,ai_edge_litert.Interpreter 2.1.6 num_threads=1,2026-09-18T19:07:46.710+02:00,14919524040508,14919548371089,0.7455,0.869407,24.330581,610.144841,634.475422,0,0,0,0,0,49.99863036000725,243220480,240959488,0.38999906430975295,0.4833547401595273,0,22.344119,NORMAL,scikit-learn IsolationForest.score_samples,0.5357751563968884,1.296361072562011,0,0.092592,NORMAL,NumPy RMS auf standardisiertem 128×3-Fenster
2026-09-18T19:07:47.961+02:00,1225,0.30132848276268004,0.47720259914362284,0,0.23626,207.27861432960214,NORMAL,,PROFILE/P99,ai_edge_litert.Interpreter 2.1.6 num_threads=1,2026-09-18T19:07:47.326+02:00,14920142958068,14920164803298,0.690722,0.855407,21.84523,612.701896,634.547126,0,0,0,0,0,53.53212226306546,243220480,240959488,0.3896247010994825,0.4833547401595273,0,19.938972,NORMAL,scikit-learn IsolationForest.score_samples,0.553783907780255,1.296361072562011,0,0.094888,NORMAL,NumPy RMS auf standardisiertem 128×3-Fenster
2026-09-18T19:07:48.578+02:00,1226,0.2625723670151245,0.47720259914362284,0,0.249056,208.4540520293304,NORMAL,,PROFILE/P99,ai_edge_litert.Interpreter 2.1.6 num_threads=1,2026-09-18T19:07:47.948+02:00,14920761075036,14920782045915,0.770944,0.801407,20.970879,609.246972,630.217851,0,0,0,0,0,53.464045168894756,243220480,240959488,0.38957921666293965,0.4833547401595273,0,19.016139,NORMAL,scikit-learn IsolationForest.score_samples,0.5385823877818989,1.296361072562011,0,0.101407,NORMAL,NumPy RMS auf standardisiertem 128×3-Fenster
2026-09-18T19:07:49.194+02:00,1227,0.27064692159369014,0.47720259914362284,0,0.301389,207.34742489943207,NORMAL,,PROFILE/P99,ai_edge_litert.Interpreter 2.1.6 num_threads=1,2026-09-18T19:07:48.562+02:00,14921377884987,14921397745904,0.969982,0.930629,19.860917,612.498564,632.359481,0,0,0,0,0,51.97306601096892,243220480,240959488,0.3868141375380636,0.4833547401595273,0,17.536565,NORMAL,scikit-learn IsolationForest.score_samples,0.5360320217100788,1.296361072562011,0,0.091352,NORMAL,NumPy RMS auf standardisiertem 128×3-Fenster
2026-09-18T19:07:49.813+02:00,1228,0.284245362439601,0.47720259914362284,0,0.2475,207.97022979850672,NORMAL,,PROFILE/P99,ai_edge_litert.Interpreter 2.1.6 num_threads=1,2026-09-18T19:07:49.182+02:00,14921996495068,14922016316818,0.655167,0.831444,19.82175,610.664325,630.486075,0,0,0,0,0,51.73328139822289,243220480,240959488,0.38678084528005197,0.4833547401595273,0,17.974584,NORMAL,scikit-learn IsolationForest.score_samples,0.5375750036696989,1.296361072562011,0,0.083315,NORMAL,NumPy RMS auf standardisiertem 128×3-Fenster
2026-09-18T19:07:50.431+02:00,1229,0.26955566416635135,0.47720259914362284,0,0.235018,207.58592083830558,NORMAL,,PROFILE/P99,ai_edge_litert.Interpreter 2.1.6 num_threads=1,2026-09-18T19:07:49.798+02:00,14922614026725,14922634692789,0.719092,0.852889,20.666064,611.794863,632.460927,0,0,0,0,0,50.12987437636173,243220480,240959488,0.38382423278287,0.4833547401595273,0,18.729028,NORMAL,scikit-learn IsolationForest.score_samples,0.5061656170167124,1.296361072562011,0,0.102111,NORMAL,NumPy RMS auf standardisiertem 128×3-Fenster
2026-09-18T19:07:51.051+02:00,1230,0.2602486165631892,0.47720259914362284,0,0.241296,207.7443783614666,NORMAL,,PROFILE/P99,ai_edge_litert.Interpreter 2.1.6 num_threads=1,2026-09-18T19:07:50.417+02:00,14923232485029,14923254557223,1.072574,0.963666,22.072194,611.328215,633.400409,0,0,0,0,0,53.23802440637798,243220480,240959488,0.39075723355142294,0.4833547401595273,0,19.662435,NORMAL,scikit-learn IsolationForest.score_samples,0.5066088440387952,1.296361072562011,0,0.0975,NORMAL,NumPy RMS auf standardisiertem 128×3-Fenster
2026-09-18T19:07:51.667+02:00,1231,0.2591034486250076,0.47720259914362284,0,0.232055,207.45117138880227,NORMAL,,PROFILE/P99,ai_edge_litert.Interpreter 2.1.6 num_threads=1,2026-09-18T19:07:51.034+02:00,14923849751447,14923870624252,0.771055,0.876278,20.872805,612.192253,633.065058,0,0,0,0,0,53.56524891572241,243220480,240959488,0.38087893742423373,0.4833547401595273,0,18.868158,NORMAL,scikit-learn IsolationForest.score_samples,0.5123306103623189,1.296361072562011,0,0.099667,NORMAL,NumPy RMS auf standardisiertem 128×3-Fenster
2026-09-18T19:07:52.286+02:00,1232,0.25875255078343545,0.47720259914362284,0,0.264315,207.6589218102532,NORMAL,,PROFILE/P99,ai_edge_litert.Interpreter 2.1.6 num_threads=1,2026-09-18T19:07:51.653+02:00,14924468100476,14924490294651,0.723055,0.883,22.194175,611.579791,633.773966,0,0,0,0,0,54.86879158079829,243220480,240959488,0.3859779602502422,0.4833547401595273,0,20.184843,NORMAL,scikit-learn IsolationForest.score_samples,0.5081256104402618,1.296361072562011,0,0.109277,NORMAL,NumPy RMS auf standardisiertem 128×3-Fenster
2026-09-18T19:07:52.972+02:00,1233,0.2794999965919885,0.47720259914362284,0,0.335963,207.5557886957276,NORMAL,,PROFILE/P99,ai_edge_litert.Interpreter 2.1.6 num_threads=1,2026-09-18T19:07:52.271+02:00,14925086345413,14925175648668,1.221351,1.348944,89.303255,611.883681,701.186936,0,0,0,0,0,72.94876012430993,243220480,240959488,0.3865632511655246,0.4833547401595273,0,86.15072,NORMAL,scikit-learn IsolationForest.score_samples,0.5147140267370093,1.296361072562011,0,0.196944,NORMAL,NumPy RMS auf standardisiertem 128×3-Fenster
2026-09-18T19:07:53.634+02:00,1234,0.24422022787489261,0.47720259914362284,0,0.470907,207.7391662622146,NORMAL,,PROFILE/P99,ai_edge_litert.Interpreter 2.1.6 num_threads=1,2026-09-18T19:07:52.917+02:00,14925731830061,14925837356272,1.169499,1.304389,105.526211,611.343553,716.869764,0,0,0,0,0,89.16776845640311,243220480,240959488,0.38292731099887106,0.4833547401595273,0,102.415638,NORMAL,scikit-learn IsolationForest.score_samples,0.5182535727679582,1.296361072562011,0,0.113278,NORMAL,NumPy RMS auf standardisiertem 128×3-Fenster
2026-09-18T19:07:54.196+02:00,1235,nan,0.47720259914362284,-1,0.0,194.15189037142272,ERROR,"ValueError: Sensorfenster mit Lücke, Overrun oder Sättigung; Entscheidung ungültig",PROFILE/P99,ai_edge_litert.Interpreter 2.1.6 num_threads=1,2026-09-18T19:07:53.540+02:00,14926398364940,14926400180032,1.779463,0.0,1.815092,654.127033,655.942125,0,0,13,13,0,85.28273906435174,243220480,240959488,nan,0.4833547401595273,-1,0.0,ERROR,scikit-learn IsolationForest.score_samples,nan,1.296361072562011,-1,0.0,ERROR,NumPy RMS auf standardisiertem 128×3-Fenster
2026-09-18T19:07:54.901+02:00,1236,0.28084797582130294,0.47720259914362284,0,0.295,189.17819934085517,NORMAL,,PROFILE/P99,ai_edge_litert.Interpreter 2.1.6 num_threads=1,2026-09-18T19:07:54.198+02:00,14927072863280,14927104588266,2.529629,1.559018,31.724986,671.324711,703.049697,0,0,0,0,0,82.34196611133316,243220480,240959488,0.38383992239142073,0.4833547401595273,0,27.195506,NORMAL,scikit-learn IsolationForest.score_samples,0.5114864329388479,1.296361072562011,0,0.101352,NORMAL,NumPy RMS auf standardisiertem 128×3-Fenster
2026-09-18T19:07:55.433+02:00,1237,0.28193330934351407,0.47720259914362284,0,0.232833,239.61519038122137,NORMAL,,PROFILE/P99,ai_edge_litert.Interpreter 2.1.6 num_threads=1,2026-09-18T19:07:54.878+02:00,14927611845628,14927636842598,0.738518,0.844851,24.99697,530.016481,555.013451,0,0,0,0,0,80.77976367726026,243220480,240959488,0.38943707654472176,0.4833547401595273,0,23.018305,NORMAL,scikit-learn IsolationForest.score_samples,0.5228680430010441,1.296361072562011,0,0.123056,NORMAL,NumPy RMS auf standardisiertem 128×3-Fenster
2026-09-18T19:07:56.038+02:00,1238,0.25564380816383664,0.47720259914362284,0,0.243871,212.72416636058256,NORMAL,,PROFILE/P99,ai_edge_litert.Interpreter 2.1.6 num_threads=1,2026-09-18T19:07:55.413+02:00,14928213525298,14928241464601,1.0605,0.992851,27.939303,597.017265,624.956568,0,0,0,0,0,69.47397869656034,243220480,240959488,0.3853370075008657,0.4833547401595273,0,25.540211,NORMAL,scikit-learn IsolationForest.score_samples,0.5199909753697382,1.296361072562011,0,0.066556,NORMAL,NumPy RMS auf standardisiertem 128×3-Fenster
2026-09-18T19:07:56.655+02:00,1239,0.3025055346836458,0.47720259914362284,0,0.501667,208.47324192836626,NORMAL,,PROFILE/P99,ai_edge_litert.Interpreter 2.1.6 num_threads=1,2026-09-18T19:07:56.019+02:00,14928831917556,14928859184951,1.032555,1.008462,27.267395,609.190891,636.458286,0,0,0,0,0,72.84465722744923,243220480,240959488,0.38860502584607176,0.4833547401595273,0,24.574785,NORMAL,scikit-learn IsolationForest.score_samples,0.5434768293304899,1.296361072562011,0,0.112037,NORMAL,NumPy RMS auf standardisiertem 128×3-Fenster
2026-09-18T19:07:57.267+02:00,1240,0.24768987259031228,0.47720259914362284,0,0.222907,209.2286224716002,NORMAL,,PROFILE/P99,ai_edge_litert.Interpreter 2.1.6 num_threads=1,2026-09-18T19:07:56.639+02:00,14929449928573,14929470623249,0.82674,0.809629,20.694676,606.991522,627.686198,0,0,0,0,0,50.697956891849145,243220480,240959488,0.37919243695389854,0.4833547401595273,0,18.677769,NORMAL,scikit-learn IsolationForest.score_samples,0.5088221556973539,1.296361072562011,0,0.124926,NORMAL,NumPy RMS auf standardisiertem 128×3-Fenster
2026-09-18T19:07:57.884+02:00,1241,0.2536406708558516,0.47720259914362284,0,0.250777,207.6235370549266,NORMAL,,PROFILE/P99,ai_edge_litert.Interpreter 2.1.6 num_threads=1,2026-09-18T19:07:57.252+02:00,14930067738739,14930087332323,0.673463,0.833499,19.593584,611.684021,631.277605,0,0,0,0,0,51.89024478324762,243220480,240959488,0.3817130478327783,0.4833547401595273,0,17.704844,NORMAL,scikit-learn IsolationForest.score_samples,0.516137735681343,1.296361072562011,0,0.099555,NORMAL,NumPy RMS auf standardisiertem 128×3-Fenster
2026-09-18T19:07:58.502+02:00,1242,0.25975897007869025,0.47720259914362284,0,0.26737,207.34459315806367,NORMAL,,PROFILE/P99,ai_edge_litert.Interpreter 2.1.6 num_threads=1,2026-09-18T19:07:57.870+02:00,14930685899684,14930705349397,0.50874,0.707648,19.449713,612.506929,631.956642,0,0,0,0,0,59.869568804663814,243220480,240959488,0.3824292797704066,0.4833547401595273,0,17.835677,NORMAL,scikit-learn IsolationForest.score_samples,0.5152266943578178,1.296361072562011,0,0.093334,NORMAL,NumPy RMS auf standardisiertem 128×3-Fenster
2026-09-18T19:07:59.120+02:00,1243,0.2651186249548273,0.47720259914362284,0,0.14126,207.98536896624924,NORMAL,,PROFILE/P99,ai_edge_litert.Interpreter 2.1.6 num_threads=1,2026-09-18T19:07:58.489+02:00,14931303101278,14931324107732,1.702092,0.607222,21.006454,610.619875,631.626329,0,0,0,0,0,50.10151083276187,243220480,240959488,0.38543772368834267,0.4833547401595273,0,18.412973,NORMAL,scikit-learn IsolationForest.score_samples,0.5067205964282524,1.296361072562011,0,0.120871,NORMAL,NumPy RMS auf standardisiertem 128×3-Fenster
2026-09-18T19:07:59.737+02:00,1244,0.2829939558459504,0.47720259914362284,0,0.223907,208.6135472523885,NORMAL,,PROFILE/P99,ai_edge_litert.Interpreter 2.1.6 num_threads=1,2026-09-18T19:07:59.109+02:00,14931921904724,14931940552197,0.821296,0.79687,18.647473,608.781173,627.428646,0,0,0,0,0,56.77730713423249,243220480,240959488,0.38374153137199346,0.4833547401595273,0,16.692326,NORMAL,scikit-learn IsolationForest.score_samples,0.5263760526553438,1.296361072562011,0,0.084963,NORMAL,NumPy RMS auf standardisiertem 128×3-Fenster
2026-09-18T19:08:00.356+02:00,1245,0.2780886333814223,0.47720259914362284,0,0.238981,207.8107931621066,NORMAL,,PROFILE/P99,ai_edge_litert.Interpreter 2.1.6 num_threads=1,2026-09-18T19:07:59.724+02:00,14932538842616,14932559550570,0.676167,0.880888,20.707954,611.132839,631.840793,0,0,0,0,0,53.31050437535028,243220480,240959488,0.3828114429126944,0.4833547401595273,0,18.773677,NORMAL,scikit-learn IsolationForest.score_samples,0.5310327419047716,1.296361072562011,0,0.106796,NORMAL,NumPy RMS auf standardisiertem 128×3-Fenster
2026-09-18T19:08:00.972+02:00,1246,0.2866952381662659,0.47720259914362284,0,0.246463,207.43507853305056,NORMAL,,PROFILE/P99,ai_edge_litert.Interpreter 2.1.6 num_threads=1,2026-09-18T19:08:00.341+02:00,14933156816453,14933175743241,0.65887,0.762907,18.926788,612.239747,631.166535,0,0,0,0,0,50.31451040491869,243220480,240959488,0.3886147819890109,0.4833547401595273,0,17.168548,NORMAL,scikit-learn IsolationForest.score_samples,0.54230192752042,1.296361072562011,0,0.058518,NORMAL,NumPy RMS auf standardisiertem 128×3-Fenster
2026-09-18T19:08:01.603+02:00,1247,0.25802405178238086,0.47720259914362284,0,0.332889,207.0422729441121,NORMAL,,PROFILE/P99,ai_edge_litert.Interpreter 2.1.6 num_threads=1,2026-09-18T19:08:00.959+02:00,14933775831235,14933806647944,0.754852,1.068907,30.816709,613.401303,644.218012,0,0,0,0,0,55.46960390758066,243220480,240959488,0.37835442696606525,0.4833547401595273,0,28.514247,NORMAL,scikit-learn IsolationForest.score_samples,0.5131401074767518,1.296361072562011,0,0.104074,NORMAL,NumPy RMS auf standardisiertem 128×3-Fenster
2026-09-18T19:08:02.211+02:00,1248,0.2544071276166571,0.47720259914362284,0,0.248333,208.3664983343182,NORMAL,,PROFILE/P99,ai_edge_litert.Interpreter 2.1.6 num_threads=1,2026-09-18T19:08:01.581+02:00,14934393790407,14934414893213,0.755092,0.89163,21.102806,609.502972,630.605778,0,0,0,0,0,54.25529489670503,243220480,240959488,0.37759332625874353,0.4833547401595273,0,19.076714,NORMAL,scikit-learn IsolationForest.score_samples,0.5043009160576174,1.296361072562011,0,0.1,NORMAL,NumPy RMS auf standardisiertem 128×3-Fenster
2026-09-18T19:08:02.828+02:00,1249,0.3239909917611661,0.47720259914362284,0,0.247963,208.5291807517524,NORMAL,,PROFILE/P99,ai_edge_litert.Interpreter 2.1.6 num_threads=1,2026-09-18T19:08:02.199+02:00,14935011555376,14935032127090,0.682944,0.823889,20.571714,609.027473,629.599187,0,0,0,0,0,51.84318681516385,243220480,240959488,0.3936484218077592,0.4833547401595273,0,18.665622,NORMAL,scikit-learn IsolationForest.score_samples,0.5650890803987901,1.296361072562011,0,0.106815,NORMAL,NumPy RMS auf standardisiertem 128×3-Fenster
2026-09-18T19:08:03.444+02:00,1250,0.3029023777440006,0.47720259914362284,0,0.233778,208.18513939198294,NORMAL,,PROFILE/P99,ai_edge_litert.Interpreter 2.1.6 num_threads=1,2026-09-18T19:08:02.815+02:00,14935628975050,14935648256023,0.863352,0.809185,19.280973,610.033936,629.314909,0,0,0,0,0,51.93581828062482,243220480,240959488,0.38117274009256247,0.4833547401595273,0,17.219122,NORMAL,scikit-learn IsolationForest.score_samples,0.5502081004067271,1.296361072562011,0,0.117722,NORMAL,NumPy RMS auf standardisiertem 128×3-Fenster
2026-09-18T19:08:04.074+02:00,1251,0.25210472744590834,0.47720259914362284,0,0.290481,207.29473434649316,NORMAL,,PROFILE/P99,ai_edge_litert.Interpreter 2.1.6 num_threads=1,2026-09-18T19:08:03.431+02:00,14936247644798,14936278240692,1.10987,1.066555,30.595894,612.65425,643.250144,0,0,0,0,0,53.96946896658652,243220480,240959488,0.3817217831239191,0.4833547401595273,0,27.966265,NORMAL,scikit-learn IsolationForest.score_samples,0.5285384961986997,1.296361072562011,0,0.115426,NORMAL,NumPy RMS auf standardisiertem 128×3-Fenster
2026-09-18T19:08:04.683+02:00,1252,0.27531475100982067,0.47720259914362284,0,0.138482,207.4538074613111,NORMAL,,PROFILE/P99,ai_edge_litert.Interpreter 2.1.6 num_threads=1,2026-09-18T19:08:04.049+02:00,14936865162881,14936886969483,0.611222,0.489445,21.806602,612.184474,633.991076,0,0,0,0,0,52.571205500633724,243220480,240959488,0.3837010248864509,0.4833547401595273,0,20.453009,NORMAL,scikit-learn IsolationForest.score_samples,0.5117020968082732,1.296361072562011,0,0.093648,NORMAL,NumPy RMS auf standardisiertem 128×3-Fenster
2026-09-18T19:08:05.300+02:00,1253,0.29550233355048094,0.47720259914362284,0,0.216481,207.7358766372372,NORMAL,,PROFILE/P99,ai_edge_litert.Interpreter 2.1.6 num_threads=1,2026-09-18T19:08:04.668+02:00,14937483305261,14937503310623,0.736574,0.84087,20.005362,611.353234,631.358596,0,0,0,0,0,51.91543388549873,243220480,240959488,0.3857277877502678,0.4833547401595273,0,18.043677,NORMAL,scikit-learn IsolationForest.score_samples,0.5225302981234761,1.296361072562011,0,0.138055,NORMAL,NumPy RMS auf standardisiertem 128×3-Fenster
2026-09-18T19:08:05.917+02:00,1254,0.27383741449486365,0.47720259914362284,0,0.217185,208.15128870978248,NORMAL,,PROFILE/P99,ai_edge_litert.Interpreter 2.1.6 num_threads=1,2026-09-18T19:08:05.287+02:00,14938100979197,14938121292022,0.770685,0.798759,20.312825,610.133143,630.445968,0,0,0,0,0,53.40377340665641,243220480,240959488,0.3852039350990201,0.4833547401595273,0,18.393178,NORMAL,scikit-learn IsolationForest.score_samples,0.549784398593308,1.296361072562011,0,0.100018,NORMAL,NumPy RMS auf standardisiertem 128×3-Fenster
2026-09-18T19:08:06.535+02:00,1255,0.28862150679740023,0.47720259914362284,0,0.22587,207.05168442569342,NORMAL,,PROFILE/P99,ai_edge_litert.Interpreter 2.1.6 num_threads=1,2026-09-18T19:08:05.903+02:00,14938720368338,14938738913218,0.851444,0.791944,18.54488,613.373421,631.918301,0,0,0,0,0,53.43122529650828,243220480,240959488,0.385884618841141,0.4833547401595273,0,16.557511,NORMAL,scikit-learn IsolationForest.score_samples,0.5232119399147739,1.296361072562011,0,0.089981,NORMAL,NumPy RMS auf standardisiertem 128×3-Fenster
2026-09-18T19:08:07.160+02:00,1256,0.2695811571098498,0.47720259914362284,0,0.264259,207.1999614405766,NORMAL,,PROFILE/P99,ai_edge_litert.Interpreter 2.1.6 num_threads=1,2026-09-18T19:08:06.521+02:00,14939337360239,14939364052209,0.90761,0.96213,26.69197,612.934477,639.626447,0,0,0,0,0,59.183638138715814,243220480,240959488,0.3944578441493099,0.4833547401595273,0,24.383619,NORMAL,scikit-learn IsolationForest.score_samples,0.53085205143159,1.296361072562011,0,0.137408,NORMAL,NumPy RMS auf standardisiertem 128×3-Fenster
2026-09-18T19:08:07.772+02:00,1257,0.28525599079955805,0.47720259914362284,0,0.203408,207.98066588147907,NORMAL,,PROFILE/P99,ai_edge_litert.Interpreter 2.1.6 num_threads=1,2026-09-18T19:08:07.140+02:00,14939954817696,14939975837094,0.759907,0.795778,21.019398,610.633683,631.653081,0,0,0,0,0,52.30930467655909,243220480,240959488,0.38218930105715826,0.4833547401595273,0,19.13451,NORMAL,scikit-learn IsolationForest.score_samples,0.5201922024008055,1.296361072562011,0,0.098203,NORMAL,NumPy RMS auf standardisiertem 128×3-Fenster
2026-09-18T19:08:08.392+02:00,1258,0.25585936144809107,0.47720259914362284,0,0.280778,207.50641380675785,NORMAL,,PROFILE/P99,ai_edge_litert.Interpreter 2.1.6 num_threads=1,2026-09-18T19:08:07.758+02:00,14940573475561,14940596214403,0.749778,0.900184,22.738842,612.029275,634.768117,0,0,0,0,0,51.57635206343739,243220480,240959488,0.3826318125546192,0.4833547401595273,0,20.62638,NORMAL,scikit-learn IsolationForest.score_samples,0.4986469247832291,1.296361072562011,0,0.147241,NORMAL,NumPy RMS auf standardisiertem 128×3-Fenster
2026-09-18T19:08:09.009+02:00,1259,0.27384826999743456,0.47720259914362284,0,0.289833,208.3417514200775,NORMAL,,PROFILE/P99,ai_edge_litert.Interpreter 2.1.6 num_threads=1,2026-09-18T19:08:08.378+02:00,14941191607464,14941213237399,0.773055,0.902389,21.629935,609.575369,631.205304,0,0,0,0,0,53.48626315861667,243220480,240959488,0.38546348143829406,0.4833547401595273,0,19.505917,NORMAL,scikit-learn IsolationForest.score_samples,0.5309025630309746,1.296361072562011,0,0.128722,NORMAL,NumPy RMS auf standardisiertem 128×3-Fenster
2026-09-18T19:08:09.630+02:00,1260,0.25619631332929155,0.47720259914362284,0,0.297944,208.13927111931537,NORMAL,,PROFILE/P99,ai_edge_litert.Interpreter 2.1.6 num_threads=1,2026-09-18T19:08:08.994+02:00,14941808417332,14941833704469,0.952981,0.897148,25.287137,610.168371,635.455508,0,0,0,0,0,54.79886630565292,243220480,240959488,0.38021065334741244,0.4833547401595273,0,23.008824,NORMAL,scikit-learn IsolationForest.score_samples,0.5079373440586308,1.296361072562011,0,0.094278,NORMAL,NumPy RMS auf standardisiertem 128×3-Fenster
2026-09-18T19:08:10.394+02:00,1261,nan,0.47720259914362284,-1,0.0,163.3548164768255,ERROR,"ValueError: Sensorfenster mit Lücke, Overrun oder Sättigung; Entscheidung ungültig",PROFILE/P99,ai_edge_litert.Interpreter 2.1.6 num_threads=1,2026-09-18T19:08:09.615+02:00,14942596119702,14942597530312,1.380962,0.0,1.41061,777.448763,778.859373,0,0,29,29,0,72.00438563778218,243220480,240959488,nan,0.4833547401595273,-1,0.0,ERROR,scikit-learn IsolationForest.score_samples,nan,1.296361072562011,-1,0.0,ERROR,NumPy RMS auf standardisiertem 128×3-Fenster
2026-09-18T19:08:11.037+02:00,1262,0.27763133141169616,0.47720259914362284,0,0.285185,207.2608319667827,NORMAL,,PROFILE/P99,ai_edge_litert.Interpreter 2.1.6 num_threads=1,2026-09-18T19:08:10.397+02:00,14943213889460,14943241238318,1.075666,1.022314,27.348858,612.754464,640.103322,0,0,0,0,0,71.45384955930925,243220480,240959488,0.3827826932515193,0.4833547401595273,0,24.738083,NORMAL,scikit-learn IsolationForest.score_samples,0.5246291409108137,1.296361072562011,0,0.147259,NORMAL,NumPy RMS auf standardisiertem 128×3-Fenster
2026-09-18T19:08:11.676+02:00,1263,0.2661544758543905,0.47720259914362284,0,0.361185,207.87463455946144,NORMAL,,PROFILE/P99,ai_edge_litert.Interpreter 2.1.6 num_threads=1,2026-09-18T19:08:11.018+02:00,14943833043070,14943879520772,2.900554,1.335203,46.477702,610.945151,657.422853,0,0,0,0,0,73.6373062010877,243220480,240959488,0.3749108247003117,0.4833547401595273,0,41.698852,NORMAL,scikit-learn IsolationForest.score_samples,0.5155344922951968,1.296361072562011,0,0.124407,NORMAL,NumPy RMS auf standardisiertem 128×3-Fenster
2026-09-18T19:08:12.280+02:00,1264,0.2508132823788305,0.47720259914362284,0,0.342648,208.9880573313877,NORMAL,,PROFILE/P99,ai_edge_litert.Interpreter 2.1.6 num_threads=1,2026-09-18T19:08:11.638+02:00,14944449649126,14944483708741,1.027999,1.033074,34.059615,607.690227,641.749842,0,0,0,0,0,77.7858164730165,243220480,240959488,0.3801377755211886,0.4833547401595273,0,31.475172,NORMAL,scikit-learn IsolationForest.score_samples,0.5033034138193532,1.296361072562011,0,0.140185,NORMAL,NumPy RMS auf standardisiertem 128×3-Fenster
2026-09-18T19:08:12.885+02:00,1265,0.27266595784061937,0.47720259914362284,0,0.237685,207.84411717397037,NORMAL,,PROFILE/P99,ai_edge_litert.Interpreter 2.1.6 num_threads=1,2026-09-18T19:08:12.254+02:00,14945068685626,14945088991044,0.78637,0.832537,20.305418,611.034855,631.340273,0,0,0,0,0,66.09348043089778,243220480,240959488,0.3861596129267189,0.4833547401595273,0,18.319214,NORMAL,scikit-learn IsolationForest.score_samples,0.5263738717318163,1.296361072562011,0,0.100704,NORMAL,NumPy RMS auf standardisiertem 128×3-Fenster
2026-09-18T19:08:13.502+02:00,1266,0.2875897961138468,0.47720259914362284,0,0.27437,207.52442009706942,NORMAL,,PROFILE/P99,ai_edge_litert.Interpreter 2.1.6 num_threads=1,2026-09-18T19:08:12.871+02:00,14945686438943,14945706288546,0.687555,0.908815,19.849603,611.976171,631.825774,0,0,0,0,0,50.21932236057868,243220480,240959488,0.3866573487053064,0.4833547401595273,0,17.840714,NORMAL,scikit-learn IsolationForest.score_samples,0.5380253209666925,1.296361072562011,0,0.101315,NORMAL,NumPy RMS auf standardisiertem 128×3-Fenster
2026-09-18T19:08:14.121+02:00,1267,0.30159523823671935,0.47720259914362284,0,0.266759,208.2504004126375,NORMAL,,PROFILE/P99,ai_edge_litert.Interpreter 2.1.6 num_threads=1,2026-09-18T19:08:13.490+02:00,14946303500260,14946325300196,1.0545,1.067814,21.799936,609.842765,631.642701,0,0,0,0,0,54.925934808188785,243220480,240959488,0.38843539565819335,0.4833547401595273,0,19.245529,NORMAL,scikit-learn IsolationForest.score_samples,0.5624503506975522,1.296361072562011,0,0.133092,NORMAL,NumPy RMS auf standardisiertem 128×3-Fenster
2026-09-18T19:08:14.740+02:00,1268,0.2609850673829494,0.47720259914362284,0,0.261945,207.09971952925278,NORMAL,,PROFILE/P99,ai_edge_litert.Interpreter 2.1.6 num_threads=1,2026-09-18T19:08:14.105+02:00,14946922487134,14946943901403,0.670648,0.946462,21.414269,613.231154,634.645423,0,0,0,0,0,63.04467680920534,243220480,240959488,0.38044802497687935,0.4833547401595273,0,19.414417,NORMAL,scikit-learn IsolationForest.score_samples,0.5039957953549369,1.296361072562011,0,0.088926,NORMAL,NumPy RMS auf standardisiertem 128×3-Fenster
2026-09-18T19:08:15.360+02:00,1269,0.24035145957837387,0.47720259914362284,0,0.279666,207.15955053248055,NORMAL,,PROFILE/P99,ai_edge_litert.Interpreter 2.1.6 num_threads=1,2026-09-18T19:08:14.726+02:00,14947542362378,14947563912776,0.718574,0.983629,21.550398,613.054043,634.604441,0,0,0,0,0,51.61043649660709,243220480,240959488,0.3753915596024423,0.4833547401595273,0,19.442825,NORMAL,scikit-learn IsolationForest.score_samples,0.4916809864287675,1.296361072562011,0,0.0935,NORMAL,NumPy RMS auf standardisiertem 128×3-Fenster
2026-09-18T19:08:15.975+02:00,1270,0.2781481836172161,0.47720259914362284,0,0.235537,207.4852848821974,NORMAL,,PROFILE/P99,ai_edge_litert.Interpreter 2.1.6 num_threads=1,2026-09-18T19:08:15.343+02:00,14948158545050,14948178380283,0.703018,0.879704,19.835233,612.0916,631.926833,0,0,0,0,0,52.08153226504242,243220480,240959488,0.3877547398118144,0.4833547401595273,0,17.887715,NORMAL,scikit-learn IsolationForest.score_samples,0.5251022598352572,1.296361072562011,0,0.099074,NORMAL,NumPy RMS auf standardisiertem 128×3-Fenster
2026-09-18T19:08:16.592+02:00,1271,0.2825501119129301,0.47720259914362284,0,0.265444,207.71680049742906,NORMAL,,PROFILE/P99,ai_edge_litert.Interpreter 2.1.6 num_threads=1,2026-09-18T19:08:15.961+02:00,14948776029926,14948795519585,0.697889,0.805759,19.489659,611.409379,630.899038,0,0,0,0,0,55.09608419220179,243220480,240959488,0.38765991794999055,0.4833547401595273,0,17.629289,NORMAL,scikit-learn IsolationForest.score_samples,0.5326879433912894,1.296361072562011,0,0.062723,NORMAL,NumPy RMS auf standardisiertem 128×3-Fenster
2026-09-18T19:08:17.218+02:00,1272,0.2579515340425303,0.47720259914362284,0,0.279,207.99716984965858,NORMAL,,PROFILE/P99,ai_edge_litert.Interpreter 2.1.6 num_threads=1,2026-09-18T19:08:16.578+02:00,14949392884081,14949421694144,1.677426,0.876925,28.810063,610.585231,639.395294,0,0,0,0,0,54.293004732119584,243220480,240959488,0.38217055632946906,0.4833547401595273,0,25.808119,NORMAL,scikit-learn IsolationForest.score_samples,0.5237428975000827,1.296361072562011,0,0.121963,NORMAL,NumPy RMS auf standardisiertem 128×3-Fenster
2026-09-18T19:08:17.830+02:00,1273,0.25485478251095556,0.47720259914362284,0,0.301556,208.97433777525623,NORMAL,,PROFILE/P99,ai_edge_litert.Interpreter 2.1.6 num_threads=1,2026-09-18T19:08:17.199+02:00,14950010904015,14950033486080,0.740092,0.9345,22.582065,607.730123,630.312188,0,0,0,0,0,53.94001946330009,243220480,240959488,0.3837705198178434,0.4833547401595273,0,20.472807,NORMAL,scikit-learn IsolationForest.score_samples,0.5342213842738727,1.296361072562011,0,0.100574,NORMAL,NumPy RMS auf standardisiertem 128×3-Fenster
2026-09-18T19:08:18.446+02:00,1274,0.28859805210685013,0.47720259914362284,0,0.229981,207.59029425080772,NORMAL,,PROFILE/P99,ai_edge_litert.Interpreter 2.1.6 num_threads=1,2026-09-18T19:08:17.814+02:00,14950629695986,14950650220699,0.761388,0.877833,20.524713,611.781974,632.306687,0,0,0,0,0,55.1285006436378,243220480,240959488,0.3882665351419716,0.4833547401595273,0,18.524863,NORMAL,scikit-learn IsolationForest.score_samples,0.5295590109492486,1.296361072562011,0,0.100593,NORMAL,NumPy RMS auf standardisiertem 128×3-Fenster
2026-09-18T19:08:19.065+02:00,1275,0.28168962606975373,0.47720259914362284,0,0.249741,207.51355437279545,NORMAL,,PROFILE/P99,ai_edge_litert.Interpreter 2.1.6 num_threads=1,2026-09-18T19:08:18.432+02:00,14951247738124,14951268389801,0.753333,0.822537,20.651677,612.008215,632.659892,0,0,0,0,0,51.76618950890393,243220480,240959488,0.38021683304329407,0.4833547401595273,0,18.696733,NORMAL,scikit-learn IsolationForest.score_samples,0.5336442718876288,1.296361072562011,0,0.102074,NORMAL,NumPy RMS auf standardisiertem 128×3-Fenster
2026-09-18T19:08:19.683+02:00,1276,0.2701744928229998,0.47720259914362284,0,0.212777,207.70000266919035,NORMAL,,PROFILE/P99,ai_edge_litert.Interpreter 2.1.6 num_threads=1,2026-09-18T19:08:19.050+02:00,14951865093060,14951886550385,0.721314,0.761778,21.457325,611.458827,632.916152,0,0,0,0,0,51.76725171202788,243220480,240959488,0.3922188879899764,0.4833547401595273,0,19.637492,NORMAL,scikit-learn IsolationForest.score_samples,0.5388904425558938,1.296361072562011,0,0.09637,NORMAL,NumPy RMS auf standardisiertem 128×3-Fenster
2026-09-18T19:08:20.301+02:00,1277,0.2712900367922897,0.47720259914362284,0,0.230519,207.07225953621767,NORMAL,,PROFILE/P99,ai_edge_litert.Interpreter 2.1.6 num_threads=1,2026-09-18T19:08:19.667+02:00,14952484290051,14952504667839,0.771704,0.843666,20.377788,613.312475,633.690263,0,0,0,0,0,51.769779602497614,243220480,240959488,0.3847170912906397,0.4833547401595273,0,18.407567,NORMAL,scikit-learn IsolationForest.score_samples,0.5271038076069524,1.296361072562011,0,0.097537,NORMAL,NumPy RMS auf standardisiertem 128×3-Fenster
2026-09-18T19:08:20.919+02:00,1278,0.23721110467346573,0.47720259914362284,0,0.231963,208.38285023975448,NORMAL,,PROFILE/P99,ai_edge_litert.Interpreter 2.1.6 num_threads=1,2026-09-18T19:08:20.288+02:00,14953101674192,14953123234054,1.1295,0.916703,21.559862,609.455144,631.015006,0,0,0,0,0,53.34959955085796,243220480,240959488,0.38365831788554317,0.4833547401595273,0,19.150159,NORMAL,scikit-learn IsolationForest.score_samples,0.4982486817965759,1.296361072562011,0,0.101519,NORMAL,NumPy RMS auf standardisiertem 128×3-Fenster
2026-09-18T19:08:21.537+02:00,1279,0.27914718294377067,0.47720259914362284,0,0.252777,208.30156871091313,NORMAL,,PROFILE/P99,ai_edge_litert.Interpreter 2.1.6 num_threads=1,2026-09-18T19:08:20.906+02:00,14953719493927,14953740478048,0.710944,0.769185,20.984121,609.69296,630.677081,0,0,0,0,0,51.84283472679492,243220480,240959488,0.38558822504950724,0.4833547401595273,0,19.120399,NORMAL,scikit-learn IsolationForest.score_samples,0.5231474090076248,1.296361072562011,0,0.102944,NORMAL,NumPy RMS auf standardisiertem 128×3-Fenster
2026-09-18T19:08:22.161+02:00,1280,0.2794483581108776,0.47720259914362284,0,0.313981,207.2990494798298,NORMAL,,PROFILE/P99,ai_edge_litert.Interpreter 2.1.6 num_threads=1,2026-09-18T19:08:21.522+02:00,14954338081347,14954364316984,0.787222,0.893185,26.235637,612.641497,638.877134,0,0,0,0,0,52.893755069480925,243220480,240959488,0.38521546492724934,0.4833547401595273,0,24.048843,NORMAL,scikit-learn IsolationForest.score_samples,0.5147378443603572,1.296361072562011,0,0.14763,NORMAL,NumPy RMS auf standardisiertem 128×3-Fenster
2026-09-18T19:08:22.773+02:00,1281,0.2757095599834279,0.47720259914362284,0,0.256944,207.54133503535968,NORMAL,,PROFILE/P99,ai_edge_litert.Interpreter 2.1.6 num_threads=1,2026-09-18T19:08:22.140+02:00,14954956222268,14954976473426,0.741981,0.788981,20.251158,611.926294,632.177452,0,0,0,0,0,55.54565281844664,243220480,240959488,0.38477766949821457,0.4833547401595273,0,18.334122,NORMAL,scikit-learn IsolationForest.score_samples,0.5351615390967429,1.296361072562011,0,0.1035,NORMAL,NumPy RMS auf standardisiertem 128×3-Fenster
2026-09-18T19:08:23.392+02:00,1282,0.27258503670395423,0.47720259914362284,0,0.290907,207.68467236848417,NORMAL,,PROFILE/P99,ai_edge_litert.Interpreter 2.1.6 num_threads=1,2026-09-18T19:08:22.758+02:00,14955573534116,14955595810366,0.703092,0.891518,22.27625,611.503962,633.780212,0,0,0,0,0,53.27591451146811,243220480,240959488,0.3800081760217524,0.4833547401595273,0,20.204677,NORMAL,scikit-learn IsolationForest.score_samples,0.5229118428252105,1.296361072562011,0,0.149296,NORMAL,NumPy RMS auf standardisiertem 128×3-Fenster
2026-09-18T19:08:24.010+02:00,1283,0.2980126862714772,0.47720259914362284,0,0.271611,208.0489710713705,NORMAL,,PROFILE/P99,ai_edge_litert.Interpreter 2.1.6 num_threads=1,2026-09-18T19:08:23.378+02:00,14956191972020,14956213410993,0.756851,0.947648,21.438973,610.433204,631.872177,0,0,0,0,0,48.58130028700717,243220480,240959488,0.3920994918792282,0.4833547401595273,0,19.324197,NORMAL,scikit-learn IsolationForest.score_samples,0.5212874222365557,1.296361072562011,0,0.106222,NORMAL,NumPy RMS auf standardisiertem 128×3-Fenster
2026-09-18T19:08:24.627+02:00,1284,0.26680380599988673,0.47720259914362284,0,0.245036,208.26391646916727,NORMAL,,PROFILE/P99,ai_edge_litert.Interpreter 2.1.6 num_threads=1,2026-09-18T19:08:23.996+02:00,14956810067240,14956830958546,0.806425,0.805,20.891306,609.803187,630.694493,0,0,0,0,0,51.81955014722814,243220480,240959488,0.38077849861759805,0.4833547401595273,0,18.90016,NORMAL,scikit-learn IsolationForest.score_samples,0.5045500131685462,1.296361072562011,0,0.105907,NORMAL,NumPy RMS auf standardisiertem 128×3-Fenster
2026-09-18T19:08:25.242+02:00,1285,0.2858978676433351,0.47720259914362284,0,0.25213,208.00687514150815,NORMAL,,PROFILE/P99,ai_edge_litert.Interpreter 2.1.6 num_threads=1,2026-09-18T19:08:24.613+02:00,14957426873312,14957446118194,0.658093,0.860222,19.244882,610.556742,629.801624,0,0,0,0,0,52.01893213430921,243220480,240959488,0.38286382677431563,0.4833547401595273,0,17.345382,NORMAL,scikit-learn IsolationForest.score_samples,0.5430373426098313,1.296361072562011,0,0.101481,NORMAL,NumPy RMS auf standardisiertem 128×3-Fenster
2026-09-18T19:08:25.863+02:00,1286,0.2998417063096994,0.47720259914362284,0,0.272593,207.11403135444525,NORMAL,,PROFILE/P99,ai_edge_litert.Interpreter 2.1.6 num_threads=1,2026-09-18T19:08:25.229+02:00,14958045978089,14958067274062,0.658925,0.919222,21.295973,613.188779,634.484752,0,0,0,0,0,54.73683691967071,243220480,240959488,0.38856157593073787,0.4833547401595273,0,19.292882,NORMAL,scikit-learn IsolationForest.score_samples,0.5497565767857584,1.296361072562011,0,0.113777,NORMAL,NumPy RMS auf standardisiertem 128×3-Fenster
2026-09-18T19:08:26.482+02:00,1287,0.28161721788531313,0.47720259914362284,0,0.231519,209.09334579920423,NORMAL,,PROFILE/P99,ai_edge_litert.Interpreter 2.1.6 num_threads=1,2026-09-18T19:08:25.851+02:00,14958662654793,14958685514599,0.81337,0.842222,22.859806,607.384226,630.244032,0,0,0,0,0,53.37433154844614,243220480,240959488,0.3844303389112005,0.4833547401595273,0,20.823529,NORMAL,scikit-learn IsolationForest.score_samples,0.534683569222666,1.296361072562011,0,0.120296,NORMAL,NumPy RMS auf standardisiertem 128×3-Fenster
2026-09-18T19:08:27.098+02:00,1288,0.2968561613543364,0.47720259914362284,0,0.248778,207.35694370572628,NORMAL,,PROFILE/P99,ai_edge_litert.Interpreter 2.1.6 num_threads=1,2026-09-18T19:08:26.465+02:00,14959281388423,14959302119155,0.675277,0.846741,20.730732,612.470447,633.201179,0,0,0,0,0,55.1422903092154,243220480,240959488,0.38385538767835514,0.4833547401595273,0,18.82403,NORMAL,scikit-learn IsolationForest.score_samples,0.541786172610044,1.296361072562011,0,0.106315,NORMAL,NumPy RMS auf standardisiertem 128×3-Fenster
2026-09-18T19:08:27.725+02:00,1289,0.28377260529281106,0.47720259914362284,0,0.275518,209.02950582817715,NORMAL,,PROFILE/P99,ai_edge_litert.Interpreter 2.1.6 num_threads=1,2026-09-18T19:08:27.087+02:00,14959898046684,14959928377228,2.583332,0.99513,30.330544,607.569728,637.900272,0,0,0,0,0,54.2878551022654,243220480,240959488,0.3859118766692449,0.4833547401595273,0,26.308971,NORMAL,scikit-learn IsolationForest.score_samples,0.5244973002556396,1.296361072562011,0,0.127889,NORMAL,NumPy RMS auf standardisiertem 128×3-Fenster
2026-09-18T19:08:28.334+02:00,1290,0.25987767832410213,0.47720259914362284,0,0.274815,207.5644232532318,NORMAL,,PROFILE/P99,ai_edge_litert.Interpreter 2.1.6 num_threads=1,2026-09-18T19:08:27.701+02:00,14960516569612,14960538071326,0.752296,0.839259,21.501714,611.858227,633.359941,0,0,0,0,0,59.051689508593526,243220480,240959488,0.3827648218677371,0.4833547401595273,0,19.503178,NORMAL,scikit-learn IsolationForest.score_samples,0.5236649254171661,1.296361072562011,0,0.096296,NORMAL,NumPy RMS auf standardisiertem 128×3-Fenster
2026-09-18T19:08:28.953+02:00,1291,0.2683018018980867,0.47720259914362284,0,0.272944,207.35296199820388,NORMAL,,PROFILE/P99,ai_edge_litert.Interpreter 2.1.6 num_threads=1,2026-09-18T19:08:28.319+02:00,14961135491040,14961157217162,0.793296,0.777408,21.726122,612.482208,634.20833,0,0,0,0,0,53.29657062954177,243220480,240959488,0.386814106571372,0.4833547401595273,0,19.744178,NORMAL,scikit-learn IsolationForest.score_samples,0.5349796023592961,1.296361072562011,0,0.102851,NORMAL,NumPy RMS auf standardisiertem 128×3-Fenster
2026-09-18T19:08:29.570+02:00,1292,0.2571785454657431,0.47720259914362284,0,0.241277,208.35445212146018,NORMAL,,PROFILE/P99,ai_edge_litert.Interpreter 2.1.6 num_threads=1,2026-09-18T19:08:28.940+02:00,14961753214526,14961773328370,0.763981,0.864,20.113844,609.538211,629.652055,0,0,0,0,0,51.940469061188224,243220480,240959488,0.38588151129742027,0.4833547401595273,0,18.126085,NORMAL,scikit-learn IsolationForest.score_samples,0.5237943912327929,1.296361072562011,0,0.088759,NORMAL,NumPy RMS auf standardisiertem 128×3-Fenster
2026-09-18T19:08:30.186+02:00,1293,0.27590775247694665,0.47720259914362284,0,0.263962,208.00945381020114,NORMAL,,PROFILE/P99,ai_edge_litert.Interpreter 2.1.6 num_threads=1,2026-09-18T19:08:29.556+02:00,14962369934586,14962390195875,0.714667,0.89874,20.261289,610.549173,630.810462,0,0,0,0,0,53.49293515718726,243220480,240959488,0.3843756399302543,0.4833547401595273,0,18.219974,NORMAL,scikit-learn IsolationForest.score_samples,0.5395875562241045,1.296361072562011,0,0.129704,NORMAL,NumPy RMS auf standardisiertem 128×3-Fenster
2026-09-18T19:08:30.814+02:00,1294,0.26802264735028797,0.47720259914362284,0,0.263945,207.46022221815832,NORMAL,,PROFILE/P99,ai_edge_litert.Interpreter 2.1.6 num_threads=1,2026-09-18T19:08:30.173+02:00,14962988714703,14963018117469,1.282536,0.888333,29.402766,612.165545,641.568311,0,0,0,0,0,54.148923743211554,243220480,240959488,0.38071607973201443,0.4833547401595273,0,26.823953,NORMAL,scikit-learn IsolationForest.score_samples,0.5152094652222245,1.296361072562011,0,0.110593,NORMAL,NumPy RMS auf standardisiertem 128×3-Fenster
2026-09-18T19:08:31.424+02:00,1295,0.2832000038280806,0.47720259914362284,0,0.329185,208.16386315755435,NORMAL,,PROFILE/P99,ai_edge_litert.Interpreter 2.1.6 num_threads=1,2026-09-18T19:08:30.793+02:00,14963607214098,14963628281441,0.715777,0.980037,21.067343,610.096287,631.16363,0,0,0,0,0,54.08428216245328,243220480,240959488,0.38672727271784557,0.4833547401595273,0,18.9029,NORMAL,scikit-learn IsolationForest.score_samples,0.538525695413823,1.296361072562011,0,0.099148,NORMAL,NumPy RMS auf standardisiertem 128×3-Fenster
2026-09-18T19:08:32.043+02:00,1296,0.26127858916951735,0.47720259914362284,0,0.226685,207.80725916637493,NORMAL,,PROFILE/P99,ai_edge_litert.Interpreter 2.1.6 num_threads=1,2026-09-18T19:08:31.411+02:00,14964225442734,14964246691318,0.842999,0.873185,21.248584,611.143232,632.391816,0,0,0,0,0,50.129350623005934,243220480,240959488,0.3840226354970381,0.4833547401595273,0,19.178308,NORMAL,scikit-learn IsolationForest.score_samples,0.5193089760417996,1.296361072562011,0,0.097407,NORMAL,NumPy RMS auf standardisiertem 128×3-Fenster
2026-09-18T19:08:32.660+02:00,1297,0.2651757864121442,0.47720259914362284,0,0.243593,207.04355320907646,NORMAL,,PROFILE/P99,ai_edge_litert.Interpreter 2.1.6 num_threads=1,2026-09-18T19:08:32.026+02:00,14964843029890,14964863624234,0.783148,0.899296,20.594344,613.39751,633.991854,0,0,0,0,0,68.07796480452483,243220480,240959488,0.3820699660679061,0.4833547401595273,0,18.537567,NORMAL,scikit-learn IsolationForest.score_samples,0.5240830688838672,1.296361072562011,0,0.101629,NORMAL,NumPy RMS auf standardisiertem 128×3-Fenster
2026-09-18T19:08:33.276+02:00,1298,0.2970370658401483,0.47720259914362284,0,0.245889,208.6416609406031,NORMAL,,PROFILE/P99,ai_edge_litert.Interpreter 2.1.6 num_threads=1,2026-09-18T19:08:32.647+02:00,14965459707547,14965479892595,0.986148,0.881573,20.185048,608.699142,628.88419,0,0,0,0,0,58.4129077637138,243220480,240959488,0.383609200486667,0.4833547401595273,0,17.941475,NORMAL,scikit-learn IsolationForest.score_samples,0.5283102855400542,1.296361072562011,0,0.099685,NORMAL,NumPy RMS auf standardisiertem 128×3-Fenster
2026-09-18T19:08:33.898+02:00,1299,0.25873923061002796,0.47720259914362284,0,0.332648,207.3541695962586,NORMAL,,PROFILE/P99,ai_edge_litert.Interpreter 2.1.6 num_threads=1,2026-09-18T19:08:33.263+02:00,14966079132241,14966101539658,1.024277,1.096277,22.407417,612.478641,634.886058,0,0,0,0,0,54.694583539301455,243220480,240959488,0.37483977093981896,0.4833547401595273,0,19.787603,NORMAL,scikit-learn IsolationForest.score_samples,0.4992168324373653,1.296361072562011,0,0.121778,NORMAL,NumPy RMS auf standardisiertem 128×3-Fenster
2026-09-18T19:08:34.513+02:00,1300,0.249903917976809,0.47720259914362284,0,0.251852,207.09098716347003,NORMAL,,PROFILE/P99,ai_edge_litert.Interpreter 2.1.6 num_threads=1,2026-09-18T19:08:33.880+02:00,14966697103955,14966716954336,0.387907,0.695037,19.850381,613.257012,633.107393,0,0,0,0,0,55.24910825176059,243220480,240959488,0.3810444600052179,0.4833547401595273,0,18.385456,NORMAL,scikit-learn IsolationForest.score_samples,0.5008426223064336,1.296361072562011,0,0.100759,NORMAL,NumPy RMS auf standardisiertem 128×3-Fenster
2026-09-18T19:08:35.131+02:00,1301,0.2785907900728321,0.47720259914362284,0,0.250945,208.08685520431345,NORMAL,,PROFILE/P99,ai_edge_litert.Interpreter 2.1.6 num_threads=1,2026-09-18T19:08:34.500+02:00,14967313707021,14967334880643,0.8165,0.853314,21.173622,610.322069,631.495691,0,0,0,0,0,53.403355726961685,243220480,240959488,0.3847741863313914,0.4833547401595273,0,19.116011,NORMAL,scikit-learn IsolationForest.score_samples,0.5260316470806594,1.296361072562011,0,0.107018,NORMAL,NumPy RMS auf standardisiertem 128×3-Fenster
2026-09-18T19:08:35.759+02:00,1302,0.25382336627579366,0.47720259914362284,0,0.30974,207.56771186047774,NORMAL,,PROFILE/P99,ai_edge_litert.Interpreter 2.1.6 num_threads=1,2026-09-18T19:08:35.116+02:00,14967932064311,14967962608003,0.745592,0.928462,30.543692,611.848533,642.392225,0,0,0,0,0,52.569450743912746,243220480,240959488,0.38024187947049576,0.4833547401595273,0,28.418342,NORMAL,scikit-learn IsolationForest.score_samples,0.51197343073746,1.296361072562011,0,0.105241,NORMAL,NumPy RMS auf standardisiertem 128×3-Fenster
2026-09-18T19:08:36.365+02:00,1303,0.26870635740420806,0.47720259914362284,0,0.2165,209.61327234269316,NORMAL,,PROFILE/P99,ai_edge_litert.Interpreter 2.1.6 num_threads=1,2026-09-18T19:08:35.740+02:00,14968549575527,14968568994871,0.805166,0.787278,19.419344,605.877665,625.297009,0,0,0,0,0,52.770703352048315,243220480,240959488,0.379458218798043,0.4833547401595273,0,17.447623,NORMAL,scikit-learn IsolationForest.score_samples,0.5310694388566848,1.296361072562011,0,0.13063,NORMAL,NumPy RMS auf standardisiertem 128×3-Fenster
2026-09-18T19:08:36.985+02:00,1304,0.25701675755403625,0.47720259914362284,0,0.240408,207.28529669700967,NORMAL,,PROFILE/P99,ai_edge_litert.Interpreter 2.1.6 num_threads=1,2026-09-18T19:08:36.352+02:00,14969168804354,14969188941347,0.964685,0.930629,20.136993,612.682144,632.819137,0,0,0,0,0,51.61948879014563,243220480,240959488,0.38172314288452314,0.4833547401595273,0,17.852253,NORMAL,scikit-learn IsolationForest.score_samples,0.49789675587501736,1.296361072562011,0,0.114519,NORMAL,NumPy RMS auf standardisiertem 128×3-Fenster
2026-09-18T19:08:37.602+02:00,1305,0.2827591239355109,0.47720259914362284,0,0.252445,206.90567871957302,NORMAL,,PROFILE/P99,ai_edge_litert.Interpreter 2.1.6 num_threads=1,2026-09-18T19:08:36.969+02:00,14969786605257,14969805460935,0.711296,0.758648,18.855678,613.806256,632.661934,0,0,0,0,0,56.77163534424698,243220480,240959488,0.3821478166735137,0.4833547401595273,0,16.992179,NORMAL,scikit-learn IsolationForest.score_samples,0.5222076581766719,1.296361072562011,0,0.107186,NORMAL,NumPy RMS auf standardisiertem 128×3-Fenster
2026-09-18T19:08:38.230+02:00,1306,0.26030158894253336,0.47720259914362284,0,0.323019,207.97931575941632,NORMAL,,PROFILE/P99,ai_edge_litert.Interpreter 2.1.6 num_threads=1,2026-09-18T19:08:37.589+02:00,14970403265420,14970434240483,0.776444,0.980463,30.975063,610.637647,641.61271,0,0,0,0,0,54.07179845836265,243220480,240959488,0.3768084530557027,0.4833547401595273,0,28.745175,NORMAL,scikit-learn IsolationForest.score_samples,0.5096532375628677,1.296361072562011,0,0.114296,NORMAL,NumPy RMS auf standardisiertem 128×3-Fenster
2026-09-18T19:08:38.840+02:00,1307,0.325471934333389,0.47720259914362284,0,0.268277,209.22918536456876,NORMAL,,PROFILE/P99,ai_edge_litert.Interpreter 2.1.6 num_threads=1,2026-09-18T19:08:38.211+02:00,14971022119231,14971043315594,0.809093,0.826314,21.196363,606.989889,628.186252,0,0,0,0,0,57.4644984656227,243220480,240959488,0.3892406126068679,0.4833547401595273,0,19.163289,NORMAL,scikit-learn IsolationForest.score_samples,0.5586173341536173,1.296361072562011,0,0.098074,NORMAL,NumPy RMS auf standardisiertem 128×3-Fenster
2026-09-18T19:08:39.456+02:00,1308,0.29754504834443846,0.47720259914362284,0,0.237889,207.84791638993843,NORMAL,,PROFILE/P99,ai_edge_litert.Interpreter 2.1.6 num_threads=1,2026-09-18T19:08:38.825+02:00,14971639653026,14971660119278,0.743777,0.851111,20.466252,611.023686,631.489938,0,0,0,0,0,51.880546934312214,243220480,240959488,0.3894420413869444,0.4833547401595273,0,18.460882,NORMAL,scikit-learn IsolationForest.score_samples,0.5426469922799906,1.296361072562011,0,0.141203,NORMAL,NumPy RMS auf standardisiertem 128×3-Fenster
2026-09-18T19:08:40.073+02:00,1309,0.25313747756972516,0.47720259914362284,0,0.259796,207.6360094583794,NORMAL,,PROFILE/P99,ai_edge_litert.Interpreter 2.1.6 num_threads=1,2026-09-18T19:08:39.442+02:00,14972257123302,14972276659943,0.665851,0.8135,19.536641,611.647278,631.183919,0,0,0,0,0,51.90750477155195,243220480,240959488,0.3829047416209404,0.4833547401595273,0,17.711457,NORMAL,scikit-learn IsolationForest.score_samples,0.5087478752792177,1.296361072562011,0,0.056982,NORMAL,NumPy RMS auf standardisiertem 128×3-Fenster
2026-09-18T19:08:40.694+02:00,1310,0.30073051167808273,0.47720259914362284,0,0.291537,207.0515888956335,NORMAL,,PROFILE/P99,ai_edge_litert.Interpreter 2.1.6 num_threads=1,2026-09-18T19:08:40.059+02:00,14972876680004,14972897908423,0.713,0.956592,21.228419,613.373704,634.602123,0,0,0,0,0,51.505937771061575,243220480,240959488,0.3865274580625683,0.4833547401595273,0,19.148993,NORMAL,scikit-learn IsolationForest.score_samples,0.524974954656373,1.296361072562011,0,0.083648,NORMAL,NumPy RMS auf standardisiertem 128×3-Fenster
2026-09-18T19:08:41.313+02:00,1311,0.24936268210977955,0.47720259914362284,0,0.36374,207.88149696605223,NORMAL,,PROFILE/P99,ai_edge_litert.Interpreter 2.1.6 num_threads=1,2026-09-18T19:08:40.678+02:00,14973492837097,14973516986367,2.353777,0.853778,24.14927,610.924983,635.074253,0,0,0,0,0,53.30198633822185,243220480,240959488,0.3781176996583024,0.4833547401595273,0,20.441475,NORMAL,scikit-learn IsolationForest.score_samples,0.5105853423644153,1.296361072562011,0,0.102388,NORMAL,NumPy RMS auf standardisiertem 128×3-Fenster
2026-09-18T19:08:41.928+02:00,1312,0.28718678129527814,0.47720259914362284,0,0.239686,208.13590331811307,NORMAL,,PROFILE/P99,ai_edge_litert.Interpreter 2.1.6 num_threads=1,2026-09-18T19:08:41.298+02:00,14974111490264,14974132078183,0.788593,0.852462,20.587919,610.178244,630.766163,0,0,0,0,0,53.65167850502115,243220480,240959488,0.3834369544252119,0.4833547401595273,0,18.557457,NORMAL,scikit-learn IsolationForest.score_samples,0.5281738903883832,1.296361072562011,0,0.121592,NORMAL,NumPy RMS auf standardisiertem 128×3-Fenster
2026-09-18T19:08:42.545+02:00,1313,0.25190130095894503,0.47720259914362284,0,0.247796,207.9723637938593,NORMAL,,PROFILE/P99,ai_edge_litert.Interpreter 2.1.6 num_threads=1,2026-09-18T19:08:41.914+02:00,14974728570803,14974748572796,0.674445,0.878944,20.001993,610.658059,630.660052,0,0,0,0,0,53.528583285382346,243220480,240959488,0.3883921206739495,0.4833547401595273,0,18.061938,NORMAL,scikit-learn IsolationForest.score_samples,0.5135046567015221,1.296361072562011,0,0.108482,NORMAL,NumPy RMS auf standardisiertem 128×3-Fenster
2026-09-18T19:08:43.167+02:00,1314,0.2577967528272674,0.47720259914362284,0,0.276185,207.41720495174116,NORMAL,,PROFILE/P99,ai_edge_litert.Interpreter 2.1.6 num_threads=1,2026-09-18T19:08:42.532+02:00,14975348310972,14975370437964,0.753999,0.896704,22.126992,612.292505,634.419497,0,0,0,0,0,49.84929216271112,243220480,240959488,0.382385327092328,0.4833547401595273,0,20.071381,NORMAL,scikit-learn IsolationForest.score_samples,0.4993612562859962,1.296361072562011,0,0.097648,NORMAL,NumPy RMS auf standardisiertem 128×3-Fenster
2026-09-18T19:08:43.784+02:00,1315,0.28355147970146294,0.47720259914362284,0,0.251908,207.40928854735313,NORMAL,,PROFILE/P99,ai_edge_litert.Interpreter 2.1.6 num_threads=1,2026-09-18T19:08:43.150+02:00,14975965650678,14975987822967,0.712593,0.827314,22.172289,612.315875,634.488164,0,0,0,0,0,58.312278605282096,243220480,240959488,0.38692088818792797,0.4833547401595273,0,20.249363,NORMAL,scikit-learn IsolationForest.score_samples,0.5391837330657172,1.296361072562011,0,0.105741,NORMAL,NumPy RMS auf standardisiertem 128×3-Fenster
2026-09-18T19:08:44.403+02:00,1316,0.28174792194470183,0.47720259914362284,0,0.216851,208.2564267219967,NORMAL,,PROFILE/P99,ai_edge_litert.Interpreter 2.1.6 num_threads=1,2026-09-18T19:08:43.770+02:00,14976583769256,14976606687989,0.813315,0.782796,22.918733,609.825118,632.743851,0,0,0,0,0,51.707335247950056,243220480,240959488,0.3892908405947024,0.4833547401595273,0,20.978122,NORMAL,scikit-learn IsolationForest.score_samples,0.5137827078438274,1.296361072562011,0,0.100389,NORMAL,NumPy RMS auf standardisiertem 128×3-Fenster
2026-09-18T19:08:45.018+02:00,1317,0.26042958749146256,0.47720259914362284,0,0.271445,208.11213464609963,NORMAL,,PROFILE/P99,ai_edge_litert.Interpreter 2.1.6 num_threads=1,2026-09-18T19:08:44.387+02:00,14977200547502,14977222204753,0.816703,0.945833,21.657251,610.247933,631.905184,0,0,0,0,0,55.23745667134533,243220480,240959488,0.38427620382418315,0.4833547401595273,0,19.48966,NORMAL,scikit-learn IsolationForest.score_samples,0.5091767500473505,1.296361072562011,0,0.103759,NORMAL,NumPy RMS auf standardisiertem 128×3-Fenster
2026-09-18T19:08:45.746+02:00,1318,0.2687382603436266,0.47720259914362284,0,0.342852,203.30093842800724,NORMAL,,PROFILE/P99,ai_edge_litert.Interpreter 2.1.6 num_threads=1,2026-09-18T19:08:45.004+02:00,14977832893558,14977949714980,1.021981,1.016314,116.821422,624.689689,741.511111,0,0,0,0,0,67.34784846239474,243220480,240959488,0.3759910395403651,0.4833547401595273,0,114.249312,NORMAL,scikit-learn IsolationForest.score_samples,0.5204013975893529,1.296361072562011,0,0.140297,NORMAL,NumPy RMS auf standardisiertem 128×3-Fenster
2026-09-18T19:08:46.500+02:00,1319,nan,0.47720259914362284,-1,0.0,149.5050963403189,ERROR,"ValueError: Sensorfenster mit Lücke, Overrun oder Sättigung; Entscheidung ungültig",PROFILE/P99,ai_edge_litert.Interpreter 2.1.6 num_threads=1,2026-09-18T19:08:45.650+02:00,14978702786587,14978704188716,1.367481,0.0,1.402129,849.46937,850.871499,0,0,27,27,0,76.87676173284133,243220480,240959488,nan,0.4833547401595273,-1,0.0,ERROR,scikit-learn IsolationForest.score_samples,nan,1.296361072562011,-1,0.0,ERROR,NumPy RMS auf standardisiertem 128×3-Fenster
2026-09-18T19:08:47.031+02:00,1320,nan,0.47720259914362284,-1,0.0,240.96670788595102,ERROR,"ValueError: Sensorfenster mit Lücke, Overrun oder Sättigung; Entscheidung ungültig",PROFILE/P99,ai_edge_litert.Interpreter 2.1.6 num_threads=1,2026-09-18T19:08:46.503+02:00,14979233706291,14979234642346,0.904166,0.0,0.936055,527.043761,527.979816,0,0,22,22,0,77.30037745489447,243220480,240959488,nan,0.4833547401595273,-1,0.0,ERROR,scikit-learn IsolationForest.score_samples,nan,1.296361072562011,-1,0.0,ERROR,NumPy RMS auf standardisiertem 128×3-Fenster
2026-09-18T19:08:47.674+02:00,1321,0.287791380921488,0.47720259914362284,0,0.263222,206.99345411072144,NORMAL,,PROFILE/P99,ai_edge_litert.Interpreter 2.1.6 num_threads=1,2026-09-18T19:08:47.035+02:00,14979851995613,14979877914882,0.921667,0.919018,25.919269,613.545972,639.465241,0,0,0,0,0,74.61646368197549,243220480,240959488,0.3871759980188828,0.4833547401595273,0,23.674455,NORMAL,scikit-learn IsolationForest.score_samples,0.5274822558521638,1.296361072562011,0,0.10613,NORMAL,NumPy RMS auf standardisiertem 128×3-Fenster
2026-09-18T19:08:48.294+02:00,1322,0.27213685513535274,0.47720259914362284,0,0.328537,208.8321715911929,NORMAL,,PROFILE/P99,ai_edge_litert.Interpreter 2.1.6 num_threads=1,2026-09-18T19:08:47.657+02:00,14980469046252,14980497637760,1.063314,1.127555,28.591508,608.143846,636.735354,0,0,0,0,0,74.22632409784535,243220480,240959488,0.38933035127976756,0.4833547401595273,0,25.92338,NORMAL,scikit-learn IsolationForest.score_samples,0.5251070970315724,1.296361072562011,0,0.102871,NORMAL,NumPy RMS auf standardisiertem 128×3-Fenster
2026-09-18T19:08:48.908+02:00,1323,0.27471887815454915,0.47720259914362284,0,0.312944,210.41639837885532,NORMAL,,PROFILE/P99,ai_edge_litert.Interpreter 2.1.6 num_threads=1,2026-09-18T19:08:48.280+02:00,14981086977465,14981112297974,0.840184,0.89037,25.320509,603.565126,628.885635,0,0,0,0,0,71.58204857003405,243220480,240959488,0.3844156734840332,0.4833547401595273,0,23.135344,NORMAL,scikit-learn IsolationForest.score_samples,0.5060714997865743,1.296361072562011,0,0.096833,NORMAL,NumPy RMS auf standardisiertem 128×3-Fenster
2026-09-18T19:08:49.522+02:00,1324,0.2938138839618281,0.47720259914362284,0,0.351074,208.4290007402643,NORMAL,,PROFILE/P99,ai_edge_litert.Interpreter 2.1.6 num_threads=1,2026-09-18T19:08:48.891+02:00,14981704546197,14981725724449,0.898814,1.2155,21.178252,609.320198,630.49845,0,0,0,0,0,68.47216494891934,243220480,240959488,0.38442488459843444,0.4833547401595273,0,18.579419,NORMAL,scikit-learn IsolationForest.score_samples,0.5352459266196119,1.296361072562011,0,0.092203,NORMAL,NumPy RMS auf standardisiertem 128×3-Fenster
2026-09-18T19:08:50.138+02:00,1325,0.28217774185384314,0.47720259914362284,0,0.285778,207.95165097261287,NORMAL,,PROFILE/P99,ai_edge_litert.Interpreter 2.1.6 num_threads=1,2026-09-18T19:08:49.509+02:00,14982323304818,14982342229293,0.821871,0.841333,18.924475,610.718883,629.643358,0,0,0,0,0,64.88274248038779,243220480,240959488,0.38978540305404535,0.4833547401595273,0,16.864643,NORMAL,scikit-learn IsolationForest.score_samples,0.5290389624232679,1.296361072562011,0,0.080945,NORMAL,NumPy RMS auf standardisiertem 128×3-Fenster
2026-09-18T19:08:50.764+02:00,1326,0.2739474237712282,0.47720259914362284,0,0.325444,208.0689066287128,NORMAL,,PROFILE/P99,ai_edge_litert.Interpreter 2.1.6 num_threads=1,2026-09-18T19:08:50.126+02:00,14982940409015,14982967378340,0.894056,1.234147,26.969325,610.374717,637.344042,0,0,0,0,0,59.183159503019986,243220480,240959488,0.3838705677679067,0.4833547401595273,0,24.357862,NORMAL,scikit-learn IsolationForest.score_samples,0.527279793296396,1.296361072562011,0,0.11587,NORMAL,NumPy RMS auf standardisiertem 128×3-Fenster
2026-09-18T19:08:51.375+02:00,1327,0.2740944220717256,0.47720259914362284,0,0.254129,208.78974476987565,NORMAL,,PROFILE/P99,ai_edge_litert.Interpreter 2.1.6 num_threads=1,2026-09-18T19:08:50.747+02:00,14983558612602,14983579162669,0.75674,0.916333,20.550067,608.267423,628.81749,0,0,0,0,0,62.11406346112206,243220480,240959488,0.38338273508931237,0.4833547401595273,0,18.501679,NORMAL,scikit-learn IsolationForest.score_samples,0.5307570446013409,1.296361072562011,0,0.091204,NORMAL,NumPy RMS auf standardisiertem 128×3-Fenster
2026-09-18T19:08:51.992+02:00,1328,0.2920478116310375,0.47720259914362284,0,0.250426,207.69592557669512,NORMAL,,PROFILE/P99,ai_edge_litert.Interpreter 2.1.6 num_threads=1,2026-09-18T19:08:51.361+02:00,14984176318189,14984195989626,0.724092,0.863666,19.671437,611.47083,631.142267,0,0,0,0,0,55.11911466025493,243220480,240959488,0.3921108693279079,0.4833547401595273,0,17.693327,NORMAL,scikit-learn IsolationForest.score_samples,0.5401727899957462,1.296361072562011,0,0.105389,NORMAL,NumPy RMS auf standardisiertem 128×3-Fenster
2026-09-18T19:08:52.612+02:00,1329,0.2602531792012333,0.47720259914362284,0,0.228352,208.03116874325073,NORMAL,,PROFILE/P99,ai_edge_litert.Interpreter 2.1.6 num_threads=1,2026-09-18T19:08:51.981+02:00,14984794951758,14984815323992,0.696352,0.830481,20.372234,610.485442,630.857676,0,0,0,0,0,51.670497412314354,243220480,240959488,0.3932802346190138,0.4833547401595273,0,18.46929,NORMAL,scikit-learn IsolationForest.score_samples,0.5394358040940391,1.296361072562011,0,0.122926,NORMAL,NumPy RMS auf standardisiertem 128×3-Fenster
2026-09-18T19:08:53.231+02:00,1330,0.26499190264038186,0.47720259914362284,0,0.283019,208.05472157648626,NORMAL,,PROFILE/P99,ai_edge_litert.Interpreter 2.1.6 num_threads=1,2026-09-18T19:08:52.599+02:00,14985412921865,14985434522802,0.690666,0.87713,21.600937,610.416332,632.017269,0,0,0,0,0,54.90743953353318,243220480,240959488,0.3861693225950426,0.4833547401595273,0,19.611346,NORMAL,scikit-learn IsolationForest.score_samples,0.5246552739911818,1.296361072562011,0,0.108296,NORMAL,NumPy RMS auf standardisiertem 128×3-Fenster
2026-09-18T19:08:53.848+02:00,1331,0.25145928469788004,0.47720259914362284,0,0.258408,208.2536527391428,NORMAL,,PROFILE/P99,ai_edge_litert.Interpreter 2.1.6 num_threads=1,2026-09-18T19:08:53.217+02:00,14986030289214,14986051405244,0.890759,0.788388,21.11603,609.833241,630.949271,0,0,0,0,0,56.73721762444266,243220480,240959488,0.3898194259094735,0.4833547401595273,0,19.026753,NORMAL,scikit-learn IsolationForest.score_samples,0.5038301015174051,1.296361072562011,0,0.119481,NORMAL,NumPy RMS auf standardisiertem 128×3-Fenster
2026-09-18T19:08:54.465+02:00,1332,0.2936288795826895,0.47720259914362284,0,0.297389,207.5748098266196,NORMAL,,PROFILE/P99,ai_edge_litert.Interpreter 2.1.6 num_threads=1,2026-09-18T19:08:53.833+02:00,14986648566952,14986668807315,0.816092,1.054333,20.240363,611.827611,632.067974,0,0,0,0,0,56.68936976588437,243220480,240959488,0.3859386902687577,0.4833547401595273,0,17.934512,NORMAL,scikit-learn IsolationForest.score_samples,0.536448686610314,1.296361072562011,0,0.100722,NORMAL,NumPy RMS auf standardisiertem 128×3-Fenster
2026-09-18T19:08:55.084+02:00,1333,0.26925865708501345,0.47720259914362284,0,0.247944,207.62346882964064,NORMAL,,PROFILE/P99,ai_edge_litert.Interpreter 2.1.6 num_threads=1,2026-09-18T19:08:54.452+02:00,14987267376690,14987287930202,0.7565,0.812,20.553512,611.684222,632.237734,0,0,0,0,0,51.686408384492005,243220480,240959488,0.3787394130474739,0.4833547401595273,0,18.617864,NORMAL,scikit-learn IsolationForest.score_samples,0.502734640589646,1.296361072562011,0,0.089982,NORMAL,NumPy RMS auf standardisiertem 128×3-Fenster
2026-09-18T19:08:55.700+02:00,1334,0.2649500916632069,0.47720259914362284,0,0.239908,208.01718440770733,NORMAL,,PROFILE/P99,ai_edge_litert.Interpreter 2.1.6 num_threads=1,2026-09-18T19:08:55.070+02:00,14987884042597,14987904271535,0.723648,0.872778,20.228938,610.526483,630.755421,0,0,0,0,0,51.91978356456632,243220480,240959488,0.3896983726397076,0.4833547401595273,0,18.253086,NORMAL,scikit-learn IsolationForest.score_samples,0.5098558222474834,1.296361072562011,0,0.108407,NORMAL,NumPy RMS auf standardisiertem 128×3-Fenster
2026-09-18T19:08:56.320+02:00,1335,0.27153336579148357,0.47720259914362284,0,0.228408,207.9003396097884,NORMAL,,PROFILE/P99,ai_edge_litert.Interpreter 2.1.6 num_threads=1,2026-09-18T19:08:55.689+02:00,14988503578281,14988523339886,0.706667,0.842555,19.761605,610.869613,630.631218,0,0,0,0,0,51.691553842463705,243220480,240959488,0.38854858165845985,0.4833547401595273,0,17.85716,NORMAL,scikit-learn IsolationForest.score_samples,0.525027786698113,1.296361072562011,0,0.095648,NORMAL,NumPy RMS auf standardisiertem 128×3-Fenster
2026-09-18T19:08:56.938+02:00,1336,0.23711857170061043,0.47720259914362284,0,0.255667,207.76445204211598,NORMAL,,PROFILE/P99,ai_edge_litert.Interpreter 2.1.6 num_threads=1,2026-09-18T19:08:56.306+02:00,14989120750689,14989141326183,0.864963,0.814796,20.575494,611.26915,631.844644,0,0,0,0,0,53.39664859816442,243220480,240959488,0.38603174702716886,0.4833547401595273,0,18.485087,NORMAL,scikit-learn IsolationForest.score_samples,0.4992337172338722,1.296361072562011,0,0.120704,NORMAL,NumPy RMS auf standardisiertem 128×3-Fenster
2026-09-18T19:08:57.556+02:00,1337,0.23467545080109176,0.47720259914362284,0,0.237666,207.47079901188422,NORMAL,,PROFILE/P99,ai_edge_litert.Interpreter 2.1.6 num_threads=1,2026-09-18T19:08:56.923+02:00,14989739301135,14989759846536,0.815907,0.870537,20.545401,612.134337,632.679738,0,0,0,0,0,51.7389263157124,243220480,240959488,0.3889790136144414,0.4833547401595273,0,18.48392,NORMAL,scikit-learn IsolationForest.score_samples,0.4992603917659766,1.296361072562011,0,0.105426,NORMAL,NumPy RMS auf standardisiertem 128×3-Fenster
2026-09-18T19:08:58.172+02:00,1338,0.23324376962050838,0.47720259914362284,0,0.228444,207.93061409764226,NORMAL,,PROFILE/P99,ai_edge_litert.Interpreter 2.1.6 num_threads=1,2026-09-18T19:08:57.541+02:00,14990355872767,14990375676242,0.715111,0.857259,19.803475,610.780671,630.584146,0,0,0,0,0,51.96153891964604,243220480,240959488,0.3927278555670208,0.4833547401595273,0,17.861438,NORMAL,scikit-learn IsolationForest.score_samples,0.5195709765879403,1.296361072562011,0,0.110722,NORMAL,NumPy RMS auf standardisiertem 128×3-Fenster
2026-09-18T19:08:58.799+02:00,1339,0.2802502173978579,0.47720259914362284,0,0.253574,207.6000868297988,NORMAL,,PROFILE/P99,ai_edge_litert.Interpreter 2.1.6 num_threads=1,2026-09-18T19:08:58.158+02:00,14990973815973,14991003060260,0.84687,0.876074,29.244287,611.753116,640.997403,0,0,0,0,0,55.78427106695159,243220480,240959488,0.38094395333356684,0.4833547401595273,0,27.113084,NORMAL,scikit-learn IsolationForest.score_samples,0.5218261860298539,1.296361072562011,0,0.119611,NORMAL,NumPy RMS auf standardisiertem 128×3-Fenster
2026-09-18T19:08:59.411+02:00,1340,0.2719475008098276,0.47720259914362284,0,0.234259,207.68051946425163,NORMAL,,PROFILE/P99,ai_edge_litert.Interpreter 2.1.6 num_threads=1,2026-09-18T19:08:58.777+02:00,14991592648550,14991615255228,0.938352,0.821185,22.606678,611.51619,634.122868,0,0,0,0,0,57.17350129954237,243220480,240959488,0.38715556494705056,0.4833547401595273,0,20.470845,NORMAL,scikit-learn IsolationForest.score_samples,0.5084840631845419,1.296361072562011,0,0.109296,NORMAL,NumPy RMS auf standardisiertem 128×3-Fenster
2026-09-18T19:09:00.029+02:00,1341,0.2841882147763452,0.47720259914362284,0,0.258426,208.69782188820784,NORMAL,,PROFILE/P99,ai_edge_litert.Interpreter 2.1.6 num_threads=1,2026-09-18T19:08:59.398+02:00,14992210275295,14992233127399,0.675759,0.955741,22.852104,608.53534,631.387444,0,0,0,0,0,51.79156365436565,243220480,240959488,0.3854954751064667,0.4833547401595273,0,20.827827,NORMAL,scikit-learn IsolationForest.score_samples,0.5345554476576259,1.296361072562011,0,0.101482,NORMAL,NumPy RMS auf standardisiertem 128×3-Fenster
2026-09-18T19:09:00.643+02:00,1342,0.2837039606045748,0.47720259914362284,0,0.220166,207.91265332080692,NORMAL,,PROFILE/P99,ai_edge_litert.Interpreter 2.1.6 num_threads=1,2026-09-18T19:09:00.013+02:00,14992827318949,14992846598257,0.440499,0.557815,19.279308,610.833434,630.112742,0,0,0,0,0,53.79213850161653,243220480,240959488,0.3847480424526313,0.4833547401595273,0,17.940513,NORMAL,scikit-learn IsolationForest.score_samples,0.5252397940043654,1.296361072562011,0,0.098389,NORMAL,NumPy RMS auf standardisiertem 128×3-Fenster
2026-09-18T19:09:01.263+02:00,1343,0.26106434671158124,0.47720259914362284,0,0.245685,207.60367452880632,NORMAL,,PROFILE/P99,ai_edge_litert.Interpreter 2.1.6 num_threads=1,2026-09-18T19:09:00.630+02:00,14993445756787,14993466847855,0.64713,0.863296,21.091068,611.742544,632.833612,0,0,0,0,0,51.59315012253579,243220480,240959488,0.38311190252069205,0.4833547401595273,0,19.209957,NORMAL,scikit-learn IsolationForest.score_samples,0.5281092106750727,1.296361072562011,0,0.09687,NORMAL,NumPy RMS auf standardisiertem 128×3-Fenster
2026-09-18T19:09:01.878+02:00,1344,0.2831265466282081,0.47720259914362284,0,0.228389,207.62836283479507,NORMAL,,PROFILE/P99,ai_edge_litert.Interpreter 2.1.6 num_threads=1,2026-09-18T19:09:01.248+02:00,14994063353608,14994082257732,0.815426,0.817648,18.904124,611.669804,630.573928,0,0,0,0,0,50.372231863357605,243220480,240959488,0.3879535855197958,0.4833547401595273,0,16.912846,NORMAL,scikit-learn IsolationForest.score_samples,0.5152542932713268,1.296361072562011,0,0.10487,NORMAL,NumPy RMS auf standardisiertem 128×3-Fenster
2026-09-18T19:09:02.500+02:00,1345,0.290015769549368,0.47720259914362284,0,0.210925,207.0701098728025,NORMAL,,PROFILE/P99,ai_edge_litert.Interpreter 2.1.6 num_threads=1,2026-09-18T19:09:01.865+02:00,14994682610560,14994703878664,0.805259,0.80437,21.268104,613.318842,634.586946,0,0,0,0,0,51.475706436797374,243220480,240959488,0.3850996053771869,0.4833547401595273,0,19.309364,NORMAL,scikit-learn IsolationForest.score_samples,0.5299090009186882,1.296361072562011,0,0.105704,NORMAL,NumPy RMS auf standardisiertem 128×3-Fenster
2026-09-18T19:09:03.128+02:00,1346,0.25664717420323885,0.47720259914362284,0,0.372574,208.0227276918253,NORMAL,,PROFILE/P99,ai_edge_litert.Interpreter 2.1.6 num_threads=1,2026-09-18T19:09:02.485+02:00,14995299159716,14995331592113,2.444906,1.421278,32.432397,610.510214,642.942611,0,0,0,0,0,63.725161839707,243220480,240959488,0.38154156455719584,0.4833547401595273,0,28.035306,NORMAL,scikit-learn IsolationForest.score_samples,0.5024013879276344,1.296361072562011,0,0.109833,NORMAL,NumPy RMS auf standardisiertem 128×3-Fenster
2026-09-18T19:09:03.883+02:00,1347,nan,0.47720259914362284,-1,0.0,163.71019609105454,ERROR,"ValueError: Sensorfenster mit Lücke, Overrun oder Sättigung; Entscheidung ungültig",PROFILE/P99,ai_edge_litert.Interpreter 2.1.6 num_threads=1,2026-09-18T19:09:03.104+02:00,14996083102061,14996086588800,3.446777,0.0,3.486739,775.761089,779.247828,0,0,28,28,0,75.49432941890458,243220480,240959488,nan,0.4833547401595273,-1,0.0,ERROR,scikit-learn IsolationForest.score_samples,nan,1.296361072562011,-1,0.0,ERROR,NumPy RMS auf standardisiertem 128×3-Fenster
2026-09-18T19:09:04.479+02:00,1348,0.25926677571389345,0.47720259914362284,0,0.289888,224.21852033325652,NORMAL,,PROFILE/P99,ai_edge_litert.Interpreter 2.1.6 num_threads=1,2026-09-18T19:09:03.882+02:00,14996652350734,14996683035595,1.216833,1.652129,30.684861,566.41173,597.096591,0,0,0,0,0,72.095788248313,243220480,240959488,0.388087922620291,0.4833547401595273,0,27.373232,NORMAL,scikit-learn IsolationForest.score_samples,0.5215667968324256,1.296361072562011,0,0.113185,NORMAL,NumPy RMS auf standardisiertem 128×3-Fenster
2026-09-18T19:09:05.100+02:00,1349,0.2921820731152138,0.47720259914362284,0,0.265574,207.99870790547536,NORMAL,,PROFILE/P99,ai_edge_litert.Interpreter 2.1.6 num_threads=1,2026-09-18T19:09:04.455+02:00,14997269194040,14997303417715,0.989963,0.761148,34.223675,610.580716,644.804391,0,0,0,0,0,77.37377295059223,243220480,240959488,0.38832586888451337,0.4833547401595273,0,32.064916,NORMAL,scikit-learn IsolationForest.score_samples,0.5387916139211912,1.296361072562011,0,0.106889,NORMAL,NumPy RMS auf standardisiertem 128×3-Fenster
2026-09-18T19:09:05.729+02:00,1350,0.2996256833814493,0.47720259914362284,0,0.576333,211.30454104423248,NORMAL,,PROFILE/P99,ai_edge_litert.Interpreter 2.1.6 num_threads=1,2026-09-18T19:09:05.082+02:00,14997887126885,14997932689926,1.016629,1.569777,45.563041,601.028257,646.591298,0,0,0,0,0,77.86718450816313,243220480,240959488,0.3897964548973578,0.4833547401595273,0,42.135172,NORMAL,scikit-learn IsolationForest.score_samples,0.537621536550117,1.296361072562011,0,0.113093,NORMAL,NumPy RMS auf standardisiertem 128×3-Fenster
2026-09-18T19:09:06.385+02:00,1351,0.2847643184867555,0.47720259914362284,0,0.392685,208.2678652728299,NORMAL,,PROFILE/P99,ai_edge_litert.Interpreter 2.1.6 num_threads=1,2026-09-18T19:09:05.691+02:00,14998504637785,14998588734741,2.421722,1.111333,84.096956,609.791625,693.888581,0,0,0,0,0,73.16406675085234,243220480,240959488,0.38488154154562515,0.4833547401595273,0,80.018291,NORMAL,scikit-learn IsolationForest.score_samples,0.550903524760708,1.296361072562011,0,0.11637,NORMAL,NumPy RMS auf standardisiertem 128×3-Fenster
2026-09-18T19:09:06.942+02:00,1352,0.28460618036601354,0.47720259914362284,0,0.323389,209.3286988508827,NORMAL,,PROFILE/P99,ai_edge_litert.Interpreter 2.1.6 num_threads=1,2026-09-18T19:09:06.313+02:00,14999123938834,14999145661086,1.245018,0.873481,21.722252,606.70133,628.423582,0,0,0,0,0,77.21372526990326,243220480,240959488,0.38630063454021435,0.4833547401595273,0,19.141661,NORMAL,scikit-learn IsolationForest.score_samples,0.5257480976847333,1.296361072562011,0,0.102148,NORMAL,NumPy RMS auf standardisiertem 128×3-Fenster
2026-09-18T19:09:07.558+02:00,1353,0.31135086682523055,0.47720259914362284,0,0.241426,207.39113323345617,NORMAL,,PROFILE/P99,ai_edge_litert.Interpreter 2.1.6 num_threads=1,2026-09-18T19:09:06.925+02:00,14999741129477,14999761879248,0.676926,0.855259,20.749771,612.369478,633.119249,0,0,0,0,0,51.92806883003694,243220480,240959488,0.38857228295381296,0.4833547401595273,0,18.84668,NORMAL,scikit-learn IsolationForest.score_samples,0.536409379467096,1.296361072562011,0,0.099926,NORMAL,NumPy RMS auf standardisiertem 128×3-Fenster
2026-09-18T19:09:08.176+02:00,1354,0.25766068378431584,0.47720259914362284,0,0.357741,207.6399521398739,NORMAL,,PROFILE/P99,ai_edge_litert.Interpreter 2.1.6 num_threads=1,2026-09-18T19:09:07.543+02:00,15000358573750,15000380200503,0.668685,1.067926,21.626753,611.635664,633.262417,0,0,0,0,0,61.45667648625418,243220480,240959488,0.38289822398879814,0.4833547401595273,0,19.363623,NORMAL,scikit-learn IsolationForest.score_samples,0.5301443665390225,1.296361072562011,0,0.106018,NORMAL,NumPy RMS auf standardisiertem 128×3-Fenster
2026-09-18T19:09:08.791+02:00,1355,0.25581331288212567,0.47720259914362284,0,0.224815,207.47115251666085,NORMAL,,PROFILE/P99,ai_edge_litert.Interpreter 2.1.6 num_threads=1,2026-09-18T19:09:08.160+02:00,15000976165802,15000994704092,0.722962,0.826556,18.53829,612.133294,630.671584,0,0,0,0,0,52.076083535684226,243220480,240959488,0.3828524906301395,0.4833547401595273,0,16.628606,NORMAL,scikit-learn IsolationForest.score_samples,0.5220503418200575,1.296361072562011,0,0.106741,NORMAL,NumPy RMS auf standardisiertem 128×3-Fenster
2026-09-18T19:09:09.413+02:00,1356,0.27402885532704296,0.47720259914362284,0,0.140741,207.05297763457753,NORMAL,,PROFILE/P99,ai_edge_litert.Interpreter 2.1.6 num_threads=1,2026-09-18T19:09:08.779+02:00,15001595781279,15001616962291,0.695222,0.542426,21.181012,613.36959,634.550602,0,0,0,0,0,56.24640967101904,243220480,240959488,0.38719231652057573,0.4833547401595273,0,19.67879,NORMAL,scikit-learn IsolationForest.score_samples,0.5213850617717197,1.296361072562011,0,0.101759,NORMAL,NumPy RMS auf standardisiertem 128×3-Fenster
2026-09-18T19:09:10.030+02:00,1357,0.2787063594302512,0.47720259914362284,0,0.229278,208.00467400587848,NORMAL,,PROFILE/P99,ai_edge_litert.Interpreter 2.1.6 num_threads=1,2026-09-18T19:09:09.398+02:00,15002212419684,15002233724974,0.813796,0.875481,21.30529,610.563203,631.868493,0,0,0,0,0,53.50443407139287,243220480,240959488,0.390421597520273,0.4833547401595273,0,19.254383,NORMAL,scikit-learn IsolationForest.score_samples,0.5345296552047335,1.296361072562011,0,0.103056,NORMAL,NumPy RMS auf standardisiertem 128×3-Fenster
2026-09-18T19:09:10.646+02:00,1358,0.24998871664090394,0.47720259914362284,0,0.232963,207.54937379387766,NORMAL,,PROFILE/P99,ai_edge_litert.Interpreter 2.1.6 num_threads=1,2026-09-18T19:09:10.015+02:00,15002830681090,15002849471269,1.015185,0.894111,18.790179,611.902593,630.692772,0,0,0,0,0,53.59415266617295,243220480,240959488,0.37802307240822136,0.4833547401595273,0,16.509587,NORMAL,scikit-learn IsolationForest.score_samples,0.5043132382121196,1.296361072562011,0,0.106797,NORMAL,NumPy RMS auf standardisiertem 128×3-Fenster
2026-09-18T19:09:11.263+02:00,1359,0.28153941423699563,0.47720259914362284,0,0.229093,207.83676745106285,NORMAL,,PROFILE/P99,ai_edge_litert.Interpreter 2.1.6 num_threads=1,2026-09-18T19:09:10.633+02:00,15003447742107,15003466381657,0.676185,0.741185,18.63955,611.056463,629.696013,0,0,0,0,0,51.8712509191912,243220480,240959488,0.38865284313513165,0.4833547401595273,0,16.860662,NORMAL,scikit-learn IsolationForest.score_samples,0.5308214312715578,1.296361072562011,0,0.103037,NORMAL,NumPy RMS auf standardisiertem 128×3-Fenster
2026-09-18T19:09:11.883+02:00,1360,0.2812104254810291,0.47720259914362284,0,0.199945,207.143433626062,NORMAL,,PROFILE/P99,ai_edge_litert.Interpreter 2.1.6 num_threads=1,2026-09-18T19:09:11.250+02:00,15004067027718,15004087276693,0.84061,0.84913,20.248975,613.101742,633.350717,0,0,0,0,0,53.149455801026924,243220480,240959488,0.38138703437283156,0.4833547401595273,0,18.244476,NORMAL,scikit-learn IsolationForest.score_samples,0.5313191447903621,1.296361072562011,0,0.087871,NORMAL,NumPy RMS auf standardisiertem 128×3-Fenster
2026-09-18T19:09:12.517+02:00,1361,0.26075471081375073,0.47720259914362284,0,0.336833,207.63211105606626,NORMAL,,PROFILE/P99,ai_edge_litert.Interpreter 2.1.6 num_threads=1,2026-09-18T19:09:11.869+02:00,15004684895292,15004721094300,1.911981,1.234481,36.199008,611.658762,647.85777,0,0,0,0,0,63.10258263306311,243220480,240959488,0.38464136901052215,0.4833547401595273,0,32.496194,NORMAL,scikit-learn IsolationForest.score_samples,0.5262865707443896,1.296361072562011,0,0.163518,NORMAL,NumPy RMS auf standardisiertem 128×3-Fenster
2026-09-18T19:09:13.160+02:00,1362,0.32491482892859364,0.47720259914362284,0,0.281444,199.30718656250735,NORMAL,,PROFILE/P99,ai_edge_litert.Interpreter 2.1.6 num_threads=1,2026-09-18T19:09:12.489+02:00,15005330350285,15005363754534,1.046018,1.018703,33.404249,637.207329,670.611578,0,0,0,0,0,84.02839586523064,243220480,240959488,0.3930430644324697,0.4833547401595273,0,30.871954,NORMAL,scikit-learn IsolationForest.score_samples,0.5492197427241965,1.296361072562011,0,0.139833,NORMAL,NumPy RMS auf standardisiertem 128×3-Fenster
2026-09-18T19:09:13.759+02:00,1363,0.2738684363314192,0.47720259914362284,0,0.306315,218.61224964581118,NORMAL,,PROFILE/P99,ai_edge_litert.Interpreter 2.1.6 num_threads=1,2026-09-18T19:09:13.142+02:00,15005926293960,15005962764060,0.815685,1.008036,36.4701,580.937254,617.407354,0,0,0,0,0,83.47338469983355,243220480,240959488,0.3795648518716281,0.4833547401595273,0,34.17299,NORMAL,scikit-learn IsolationForest.score_samples,0.5177436626832309,1.296361072562011,0,0.125296,NORMAL,NumPy RMS auf standardisiertem 128×3-Fenster
2026-09-18T19:09:14.376+02:00,1364,0.3011988490223476,0.47720259914362284,0,0.30913,209.17983292026025,NORMAL,,PROFILE/P99,ai_edge_litert.Interpreter 2.1.6 num_threads=1,2026-09-18T19:09:13.728+02:00,15006539397593,15006579737655,1.054092,1.047537,40.340062,607.133098,647.47316,0,0,0,0,0,79.42192573075971,243220480,240959488,0.38380391126341906,0.4833547401595273,0,37.776841,NORMAL,scikit-learn IsolationForest.score_samples,0.5407561932968636,1.296361072562011,0,0.115518,NORMAL,NumPy RMS auf standardisiertem 128×3-Fenster
2026-09-18T19:09:14.985+02:00,1365,0.28336641299064047,0.47720259914362284,0,0.308704,206.56897035467387,NORMAL,,PROFILE/P99,ai_edge_litert.Interpreter 2.1.6 num_threads=1,2026-09-18T19:09:14.341+02:00,15007159937484,15007188465105,1.0015,0.9485,28.527621,614.806763,643.334384,0,0,0,0,0,85.42264838057467,243220480,240959488,0.3921735880292978,0.4833547401595273,0,26.103399,NORMAL,scikit-learn IsolationForest.score_samples,0.5336240715599228,1.296361072562011,0,0.125741,NORMAL,NumPy RMS auf standardisiertem 128×3-Fenster
2026-09-18T19:09:15.597+02:00,1366,0.28972324441289815,0.47720259914362284,0,0.31826,209.3347715126628,NORMAL,,PROFILE/P99,ai_edge_litert.Interpreter 2.1.6 num_threads=1,2026-09-18T19:09:14.965+02:00,15007775675748,15007801097370,0.768,1.049407,25.421622,606.68373,632.105352,0,0,0,0,0,83.24532153722218,243220480,240959488,0.38585934038013864,0.4833547401595273,0,23.114919,NORMAL,scikit-learn IsolationForest.score_samples,0.5301011119186394,1.296361072562011,0,0.134426,NORMAL,NumPy RMS auf standardisiertem 128×3-Fenster
2026-09-18T19:09:16.207+02:00,1367,0.2810803929122822,0.47720259914362284,0,0.232445,207.7452235087348,NORMAL,,PROFILE/P99,ai_edge_litert.Interpreter 2.1.6 num_threads=1,2026-09-18T19:09:15.577+02:00,15008392455919,15008411289414,0.705222,0.773241,18.833495,611.325728,630.159223,0,0,0,0,0,65.55775440991324,243220480,240959488,0.3832419507063919,0.4833547401595273,0,16.996236,NORMAL,scikit-learn IsolationForest.score_samples,0.5297315339652416,1.296361072562011,0,0.099148,NORMAL,NumPy RMS auf standardisiertem 128×3-Fenster
2026-09-18T19:09:16.825+02:00,1368,0.3074137933710877,0.47720259914362284,0,0.234185,208.00251992923734,NORMAL,,PROFILE/P99,ai_edge_litert.Interpreter 2.1.6 num_threads=1,2026-09-18T19:09:16.195+02:00,15009009068851,15009029105160,0.75587,0.826574,20.036309,610.569526,630.605835,0,0,0,0,0,51.79613397124463,243220480,240959488,0.3870542647985655,0.4833547401595273,0,18.116013,NORMAL,scikit-learn IsolationForest.score_samples,0.5344083452407581,1.296361072562011,0,0.076593,NORMAL,NumPy RMS auf standardisiertem 128×3-Fenster
2026-09-18T19:09:17.444+02:00,1369,0.26043507742825445,0.47720259914362284,0,0.219851,206.937759476731,NORMAL,,PROFILE/P99,ai_edge_litert.Interpreter 2.1.6 num_threads=1,2026-09-18T19:09:16.811+02:00,15009628448523,15009647984703,0.633426,0.743666,19.53618,613.7111,633.24728,0,0,0,0,0,53.320101933908106,243220480,240959488,0.3810411504984046,0.4833547401595273,0,17.819902,NORMAL,scikit-learn IsolationForest.score_samples,0.5298752446839409,1.296361072562011,0,0.092167,NORMAL,NumPy RMS auf standardisiertem 128×3-Fenster
2026-09-18T19:09:18.065+02:00,1370,0.264852668968872,0.47720259914362284,0,0.23974,207.4911354599653,NORMAL,,PROFILE/P99,ai_edge_litert.Interpreter 2.1.6 num_threads=1,2026-09-18T19:09:17.430+02:00,15010246250196,15010268371320,0.801204,0.806277,22.121124,612.074341,634.195465,0,0,0,0,0,54.80468047888989,243220480,240959488,0.3883786091309788,0.4833547401595273,0,20.135105,NORMAL,scikit-learn IsolationForest.score_samples,0.520050561195161,1.296361072562011,0,0.108297,NORMAL,NumPy RMS auf standardisiertem 128×3-Fenster
2026-09-18T19:09:18.679+02:00,1371,0.3042423582726883,0.47720259914362284,0,0.234278,207.83604604431838,NORMAL,,PROFILE/P99,ai_edge_litert.Interpreter 2.1.6 num_threads=1,2026-09-18T19:09:18.049+02:00,15010863649019,15010883025125,0.828,0.816888,19.376106,611.058584,630.43469,0,0,0,0,0,52.06357434247562,243220480,240959488,0.38129251669830994,0.4833547401595273,0,17.391865,NORMAL,scikit-learn IsolationForest.score_samples,0.5290737002256592,1.296361072562011,0,0.079333,NORMAL,NumPy RMS auf standardisiertem 128×3-Fenster
2026-09-18T19:09:19.299+02:00,1372,0.25273394447773434,0.47720259914362284,0,0.233148,207.24044222623485,NORMAL,,PROFILE/P99,ai_edge_litert.Interpreter 2.1.6 num_threads=1,2026-09-18T19:09:18.666+02:00,15011482477990,15011503026910,0.765166,0.874667,20.54892,612.814751,633.363671,0,0,0,0,0,51.61140266602533,243220480,240959488,0.37853863390601916,0.4833547401595273,0,18.53318,NORMAL,scikit-learn IsolationForest.score_samples,0.512800459731694,1.296361072562011,0,0.113463,NORMAL,NumPy RMS auf standardisiertem 128×3-Fenster
2026-09-18T19:09:19.915+02:00,1373,0.27179753439933546,0.47720259914362284,0,0.264167,207.1963129758714,NORMAL,,PROFILE/P99,ai_edge_litert.Interpreter 2.1.6 num_threads=1,2026-09-18T19:09:19.282+02:00,15012099180999,15012118702178,0.741333,1.025037,19.521179,612.94527,632.466449,0,0,0,0,0,53.59906036624422,243220480,240959488,0.38280121394172417,0.4833547401595273,0,17.330588,NORMAL,scikit-learn IsolationForest.score_samples,0.5368703809177247,1.296361072562011,0,0.123945,NORMAL,NumPy RMS auf standardisiertem 128×3-Fenster
2026-09-18T19:09:20.536+02:00,1374,0.2618929847609403,0.47720259914362284,0,0.264093,207.0434651122982,NORMAL,,PROFILE/P99,ai_edge_litert.Interpreter 2.1.6 num_threads=1,2026-09-18T19:09:19.902+02:00,15012719234823,15012740173835,1.033073,1.026482,20.939012,613.397771,634.336783,0,0,0,0,0,51.48948301806701,243220480,240959488,0.37742000889286853,0.4833547401595273,0,18.465347,NORMAL,scikit-learn IsolationForest.score_samples,0.5078945252526434,1.296361072562011,0,0.116203,NORMAL,NumPy RMS auf standardisiertem 128×3-Fenster
2026-09-18T19:09:21.150+02:00,1375,0.2710831168960984,0.47720259914362284,0,0.240352,208.08522651812044,NORMAL,,PROFILE/P99,ai_edge_litert.Interpreter 2.1.6 num_threads=1,2026-09-18T19:09:20.520+02:00,15013334483667,15013354306958,0.738148,0.866462,19.823291,610.326846,630.150137,0,0,0,0,0,50.47936770793631,243220480,240959488,0.38382630381232924,0.4833547401595273,0,17.844791,NORMAL,scikit-learn IsolationForest.score_samples,0.529177764714543,1.296361072562011,0,0.104426,NORMAL,NumPy RMS auf standardisiertem 128×3-Fenster
2026-09-18T19:09:21.768+02:00,1376,0.24544150426912323,0.47720259914362284,0,0.229333,208.09661046702553,NORMAL,,PROFILE/P99,ai_edge_litert.Interpreter 2.1.6 num_threads=1,2026-09-18T19:09:21.139+02:00,15013952942826,15013972059617,0.968685,0.829999,19.116791,610.293458,629.410249,0,0,0,0,0,50.18245303914073,243220480,240959488,0.3873964410822684,0.4833547401595273,0,16.954254,NORMAL,scikit-learn IsolationForest.score_samples,0.5253083114735783,1.296361072562011,0,0.107259,NORMAL,NumPy RMS auf standardisiertem 128×3-Fenster
2026-09-18T19:09:22.388+02:00,1377,0.2720299187007213,0.47720259914362284,0,0.283352,207.46196483407635,NORMAL,,PROFILE/P99,ai_edge_litert.Interpreter 2.1.6 num_threads=1,2026-09-18T19:09:21.755+02:00,15014570983486,15014592249091,0.73437,0.915148,21.265605,612.160403,633.426008,0,0,0,0,0,53.208449168841916,243220480,240959488,0.38707761211737046,0.4833547401595273,0,19.195291,NORMAL,scikit-learn IsolationForest.score_samples,0.5210619191653664,1.296361072562011,0,0.105,NORMAL,NumPy RMS auf standardisiertem 128×3-Fenster
2026-09-18T19:09:23.006+02:00,1378,0.268369155377286,0.47720259914362284,0,0.288519,207.8948147574288,NORMAL,,PROFILE/P99,ai_edge_litert.Interpreter 2.1.6 num_threads=1,2026-09-18T19:09:22.374+02:00,15015188529757,15015210135936,0.716278,0.923055,21.606179,610.885847,632.492026,0,0,0,0,0,55.02520429476834,243220480,240959488,0.381869464389083,0.4833547401595273,0,19.52005,NORMAL,scikit-learn IsolationForest.score_samples,0.5309715208459984,1.296361072562011,0,0.125055,NORMAL,NumPy RMS auf standardisiertem 128×3-Fenster
2026-09-18T19:09:23.621+02:00,1379,0.29028058432081555,0.47720259914362284,0,0.210333,208.0321153886198,NORMAL,,PROFILE/P99,ai_edge_litert.Interpreter 2.1.6 num_threads=1,2026-09-18T19:09:22.992+02:00,15015805988104,15015824570599,0.668574,0.791092,18.582495,610.482664,629.065159,0,0,0,0,0,52.08205272868694,243220480,240959488,0.38183290831382327,0.4833547401595273,0,16.79168,NORMAL,scikit-learn IsolationForest.score_samples,0.53987190838202,1.296361072562011,0,0.094925,NORMAL,NumPy RMS auf standardisiertem 128×3-Fenster
2026-09-18T19:09:24.248+02:00,1380,0.24604218292233782,0.47720259914362284,0,0.361574,206.98164472758475,NORMAL,,PROFILE/P99,ai_edge_litert.Interpreter 2.1.6 num_threads=1,2026-09-18T19:09:23.608+02:00,15016425475969,15016451384073,0.772611,0.927555,25.908104,613.580978,639.489082,0,0,0,0,0,52.64563743165212,243220480,240959488,0.3774656021887346,0.4833547401595273,0,23.69392,NORMAL,scikit-learn IsolationForest.score_samples,0.5048345686615084,1.296361072562011,0,0.111314,NORMAL,NumPy RMS auf standardisiertem 128×3-Fenster
2026-09-18T19:09:24.860+02:00,1381,0.2641874134852434,0.47720259914362284,0,0.248685,208.38341919058368,NORMAL,,PROFILE/P99,ai_edge_litert.Interpreter 2.1.6 num_threads=1,2026-09-18T19:09:24.229+02:00,15017042261095,15017063812774,0.815647,0.793352,21.551679,609.45348,631.005159,0,0,0,0,0,52.2526930371671,243220480,240959488,0.3850113723843226,0.4833547401595273,0,19.558662,NORMAL,scikit-learn IsolationForest.score_samples,0.5322416908639785,1.296361072562011,0,0.106833,NORMAL,NumPy RMS auf standardisiertem 128×3-Fenster
2026-09-18T19:09:25.476+02:00,1382,0.2961335904892887,0.47720259914362284,0,0.232185,207.79375709770096,NORMAL,,PROFILE/P99,ai_edge_litert.Interpreter 2.1.6 num_threads=1,2026-09-18T19:09:24.845+02:00,15017659631795,15017679314771,0.726389,0.867907,19.682976,611.182943,630.865919,0,0,0,0,0,50.36704627540268,243220480,240959488,0.3893076962041593,0.4833547401595273,0,17.742939,NORMAL,scikit-learn IsolationForest.score_samples,0.5503454442044572,1.296361072562011,0,0.085667,NORMAL,NumPy RMS auf standardisiertem 128×3-Fenster
2026-09-18T19:09:26.106+02:00,1383,0.2840449195830234,0.47720259914362284,0,0.191296,207.6860750470329,NORMAL,,PROFILE/P99,ai_edge_litert.Interpreter 2.1.6 num_threads=1,2026-09-18T19:09:25.462+02:00,15018277558570,15018309493913,0.757333,0.756815,31.935343,611.499832,643.435175,0,0,0,0,0,53.951203247066424,243220480,240959488,0.3820504273332991,0.4833547401595273,0,30.100677,NORMAL,scikit-learn IsolationForest.score_samples,0.5180082101680258,1.296361072562011,0,0.10237,NORMAL,NumPy RMS auf standardisiertem 128×3-Fenster
2026-09-18T19:09:26.713+02:00,1384,0.2696488424706332,0.47720259914362284,0,0.23463,208.4843839631356,NORMAL,,PROFILE/P99,ai_edge_litert.Interpreter 2.1.6 num_threads=1,2026-09-18T19:09:26.083+02:00,15018895928864,15018916875785,0.691685,0.852148,20.946921,609.158334,630.105255,0,0,0,0,0,55.97938480783703,243220480,240959488,0.37799542414514825,0.4833547401595273,0,19.042773,NORMAL,scikit-learn IsolationForest.score_samples,0.5248049145114806,1.296361072562011,0,0.096167,NORMAL,NumPy RMS auf standardisiertem 128×3-Fenster
2026-09-18T19:09:27.331+02:00,1385,0.2802537728415449,0.47720259914362284,0,0.241185,207.53953173371852,NORMAL,,PROFILE/P99,ai_edge_litert.Interpreter 2.1.6 num_threads=1,2026-09-18T19:09:26.698+02:00,15019513754585,15019534894524,0.751537,0.861778,21.139939,611.931611,633.07155,0,0,0,0,0,56.631641786888004,243220480,240959488,0.38172435606055805,0.4833547401595273,0,19.147939,NORMAL,scikit-learn IsolationForest.score_samples,0.5192920265980825,1.296361072562011,0,0.10537,NORMAL,NumPy RMS auf standardisiertem 128×3-Fenster
2026-09-18T19:09:27.947+02:00,1386,0.25548401141827054,0.47720259914362284,0,0.239,208.07403676613836,NORMAL,,PROFILE/P99,ai_edge_litert.Interpreter 2.1.6 num_threads=1,2026-09-18T19:09:27.318+02:00,15020131813344,15020150587728,0.787314,0.853778,18.774384,610.359668,629.134052,0,0,0,0,0,50.34567543753467,243220480,240959488,0.37952326248241425,0.4833547401595273,0,16.740476,NORMAL,scikit-learn IsolationForest.score_samples,0.5104671787054464,1.296361072562011,0,0.122908,NORMAL,NumPy RMS auf standardisiertem 128×3-Fenster
2026-09-18T19:09:28.569+02:00,1387,0.25535447718748355,0.47720259914362284,0,0.289611,207.3463741163232,NORMAL,,PROFILE/P99,ai_edge_litert.Interpreter 2.1.6 num_threads=1,2026-09-18T19:09:27.934+02:00,15020750103788,15020772311227,0.891074,0.930241,22.207439,612.501668,634.709107,0,0,0,0,0,69.1668611422077,243220480,240959488,0.3803870133823102,0.4833547401595273,0,19.969791,NORMAL,scikit-learn IsolationForest.score_samples,0.5099476252355258,1.296361072562011,0,0.096667,NORMAL,NumPy RMS auf standardisiertem 128×3-Fenster
2026-09-18T19:09:29.184+02:00,1388,0.2774530073628796,0.47720259914362284,0,0.238444,207.83945618933936,NORMAL,,PROFILE/P99,ai_edge_litert.Interpreter 2.1.6 num_threads=1,2026-09-18T19:09:28.553+02:00,15021367635122,15021387688839,0.657389,0.880722,20.053717,611.048558,631.102275,0,0,0,0,0,50.37642368812797,243220480,240959488,0.3840874552825841,0.4833547401595273,0,18.147236,NORMAL,scikit-learn IsolationForest.score_samples,0.5236055598590331,1.296361072562011,0,0.097482,NORMAL,NumPy RMS auf standardisiertem 128×3-Fenster
2026-09-18T19:09:29.802+02:00,1389,0.27068215514134075,0.47720259914362284,0,0.247629,208.40010307173728,NORMAL,,PROFILE/P99,ai_edge_litert.Interpreter 2.1.6 num_threads=1,2026-09-18T19:09:29.172+02:00,15021985525846,15022005918304,0.740444,0.824815,20.392458,609.404689,629.797147,0,0,0,0,0,54.995102265586496,243220480,240959488,0.3847993198784547,0.4833547401595273,0,18.453477,NORMAL,scikit-learn IsolationForest.score_samples,0.5260336615290166,1.296361072562011,0,0.099315,NORMAL,NumPy RMS auf standardisiertem 128×3-Fenster
2026-09-18T19:09:30.422+02:00,1390,0.2669771006436236,0.47720259914362284,0,0.244148,208.35391477638794,NORMAL,,PROFILE/P99,ai_edge_litert.Interpreter 2.1.6 num_threads=1,2026-09-18T19:09:29.791+02:00,15022604495367,15022625979472,0.749074,0.848907,21.484105,609.539783,631.023888,0,0,0,0,0,51.607762343579594,243220480,240959488,0.38014130513658856,0.4833547401595273,0,19.518292,NORMAL,scikit-learn IsolationForest.score_samples,0.5131154605849941,1.296361072562011,0,0.09676,NORMAL,NumPy RMS auf standardisiertem 128×3-Fenster
2026-09-18T19:09:31.039+02:00,1391,0.25390908222510894,0.47720259914362284,0,0.235149,207.18850941793153,NORMAL,,PROFILE/P99,ai_edge_litert.Interpreter 2.1.6 num_threads=1,2026-09-18T19:09:30.405+02:00,15023221450666,15023243300882,0.967889,0.915277,21.850216,612.968356,634.818572,0,0,0,0,0,55.0751080305624,243220480,240959488,0.3881889825962651,0.4833547401595273,0,19.575032,NORMAL,scikit-learn IsolationForest.score_samples,0.5235800928299185,1.296361072562011,0,0.12487,NORMAL,NumPy RMS auf standardisiertem 128×3-Fenster
2026-09-18T19:09:31.661+02:00,1392,0.26754702083151494,0.47720259914362284,0,0.335334,207.69371471344093,NORMAL,,PROFILE/P99,ai_edge_litert.Interpreter 2.1.6 num_threads=1,2026-09-18T19:09:31.024+02:00,15023839355151,15023864388570,1.23637,1.017315,25.033419,611.477339,636.510758,0,0,0,0,0,51.524875137345695,243220480,240959488,0.381117353702561,0.4833547401595273,0,22.294346,NORMAL,scikit-learn IsolationForest.score_samples,0.526345012770492,1.296361072562011,0,0.105222,NORMAL,NumPy RMS auf standardisiertem 128×3-Fenster
2026-09-18T19:09:32.274+02:00,1393,0.28069162878954046,0.47720259914362284,0,0.35076,208.6625992181212,NORMAL,,PROFILE/P99,ai_edge_litert.Interpreter 2.1.6 num_threads=1,2026-09-18T19:09:31.645+02:00,15024457832155,15024477882928,0.663537,0.943574,20.050773,608.638062,628.688835,0,0,0,0,0,52.159382885112535,243220480,240959488,0.38256247310665786,0.4833547401595273,0,17.961643,NORMAL,scikit-learn IsolationForest.score_samples,0.5362323309571007,1.296361072562011,0,0.096315,NORMAL,NumPy RMS auf standardisiertem 128×3-Fenster
2026-09-18T19:09:32.891+02:00,1394,0.29700770403351423,0.47720259914362284,0,0.223889,208.00925177981316,NORMAL,,PROFILE/P99,ai_edge_litert.Interpreter 2.1.6 num_threads=1,2026-09-18T19:09:32.261+02:00,15025075716753,15025094926970,0.85437,0.829944,19.210217,610.549766,629.759983,0,0,0,0,0,50.240326302636106,243220480,240959488,0.3834812006661591,0.4833547401595273,0,17.164274,NORMAL,scikit-learn IsolationForest.score_samples,0.5364271912092987,1.296361072562011,0,0.108278,NORMAL,NumPy RMS auf standardisiertem 128×3-Fenster
2026-09-18T19:09:33.511+02:00,1395,0.2626324008786772,0.47720259914362284,0,0.328723,207.7554935999955,NORMAL,,PROFILE/P99,ai_edge_litert.Interpreter 2.1.6 num_threads=1,2026-09-18T19:09:32.879+02:00,15025693904129,15025715050716,0.67487,0.877722,21.146587,611.295508,632.442095,0,0,0,0,0,53.213999809868696,243220480,240959488,0.38085443062943974,0.4833547401595273,0,19.136273,NORMAL,scikit-learn IsolationForest.score_samples,0.525547021118596,1.296361072562011,0,0.100333,NORMAL,NumPy RMS auf standardisiertem 128×3-Fenster
2026-09-18T19:09:34.131+02:00,1396,0.2872833757273365,0.47720259914362284,0,0.241204,208.57413381313663,NORMAL,,PROFILE/P99,ai_edge_litert.Interpreter 2.1.6 num_threads=1,2026-09-18T19:09:33.499+02:00,15026311428357,15026334650277,1.11287,0.810889,23.22192,608.896212,632.118132,0,0,0,0,0,51.64502201476553,243220480,240959488,0.3900205544015993,0.4833547401595273,0,20.911958,NORMAL,scikit-learn IsolationForest.score_samples,0.5364328786266584,1.296361072562011,0,0.115111,NORMAL,NumPy RMS auf standardisiertem 128×3-Fenster
2026-09-18T19:09:34.752+02:00,1397,0.2671295910614062,0.47720259914362284,0,0.298649,208.03186526621974,NORMAL,,PROFILE/P99,ai_edge_litert.Interpreter 2.1.6 num_threads=1,2026-09-18T19:09:34.115+02:00,15026928951642,15026956204654,0.484185,0.926759,27.253012,610.483398,637.73641,0,0,0,0,0,53.09401597126916,243220480,240959488,0.3789298926639921,0.4833547401595273,0,25.39342,NORMAL,scikit-learn IsolationForest.score_samples,0.5100816152691128,1.296361072562011,0,0.113333,NORMAL,NumPy RMS auf standardisiertem 128×3-Fenster
2026-09-18T19:09:35.366+02:00,1398,0.26956523432719587,0.47720259914362284,0,0.28363,208.17883260677254,NORMAL,,PROFILE/P99,ai_edge_litert.Interpreter 2.1.6 num_threads=1,2026-09-18T19:09:34.733+02:00,15027546689168,15027569817125,0.788241,0.885666,23.127957,610.052417,633.180374,0,0,0,0,0,55.409869157125925,243220480,240959488,0.3799218732534994,0.4833547401595273,0,21.023532,NORMAL,scikit-learn IsolationForest.score_samples,0.5382336728101559,1.296361072562011,0,0.117148,NORMAL,NumPy RMS auf standardisiertem 128×3-Fenster
2026-09-18T19:09:35.982+02:00,1399,0.3100552933960839,0.47720259914362284,0,0.253092,208.51645565895927,NORMAL,,PROFILE/P99,ai_edge_litert.Interpreter 2.1.6 num_threads=1,2026-09-18T19:09:35.352+02:00,15028164589825,15028186013004,0.734148,0.834962,21.423179,609.06464,630.487819,0,0,0,0,0,53.55469837926412,243220480,240959488,0.39115236558224736,0.4833547401595273,0,19.476161,NORMAL,scikit-learn IsolationForest.score_samples,0.5407268331370317,1.296361072562011,0,0.093074,NORMAL,NumPy RMS auf standardisiertem 128×3-Fenster
2026-09-18T19:09:36.600+02:00,1400,0.26922152330030613,0.47720259914362284,0,0.261574,207.44425061946242,NORMAL,,PROFILE/P99,ai_edge_litert.Interpreter 2.1.6 num_threads=1,2026-09-18T19:09:35.967+02:00,15028782953908,15028804285106,0.904222,0.882352,21.331198,612.212677,633.543875,0,0,0,0,0,53.374549786041264,243220480,240959488,0.3780222368745757,0.4833547401595273,0,19.15131,NORMAL,scikit-learn IsolationForest.score_samples,0.5227684155917034,1.296361072562011,0,0.0995,NORMAL,NumPy RMS auf standardisiertem 128×3-Fenster
2026-09-18T19:09:37.220+02:00,1401,0.24008595602163565,0.47720259914362284,0,0.309426,207.58285457153838,NORMAL,,PROFILE/P99,ai_edge_litert.Interpreter 2.1.6 num_threads=1,2026-09-18T19:09:36.586+02:00,15029401632769,15029423592838,0.881167,0.925018,21.960069,611.8039,633.763969,0,0,0,0,0,53.28551149215654,243220480,240959488,0.3787039022449942,0.4833547401595273,0,19.702088,NORMAL,scikit-learn IsolationForest.score_samples,0.5059555234120339,1.296361072562011,0,0.1085,NORMAL,NumPy RMS auf standardisiertem 128×3-Fenster
2026-09-18T19:09:37.836+02:00,1402,0.29974374767908785,0.47720259914362284,0,0.283685,207.53721634985772,NORMAL,,PROFILE/P99,ai_edge_litert.Interpreter 2.1.6 num_threads=1,2026-09-18T19:09:37.203+02:00,15030018722410,15030039611886,0.713073,0.896297,20.889476,611.938438,632.827914,0,0,0,0,0,50.32432044022136,243220480,240959488,0.3824593043442848,0.4833547401595273,0,18.873606,NORMAL,scikit-learn IsolationForest.score_samples,0.5384699729375643,1.296361072562011,0,0.087797,NORMAL,NumPy RMS auf standardisiertem 128×3-Fenster
2026-09-18T19:09:38.453+02:00,1403,0.2695591449177596,0.47720259914362284,0,0.232482,208.08725308903152,NORMAL,,PROFILE/P99,ai_edge_litert.Interpreter 2.1.6 num_threads=1,2026-09-18T19:09:37.823+02:00,15030636644773,15030656658656,0.764703,0.873537,20.013883,610.320902,630.334785,0,0,0,0,0,53.480497573977416,243220480,240959488,0.3807661230073775,0.4833547401595273,0,18.01107,NORMAL,scikit-learn IsolationForest.score_samples,0.5259821985482594,1.296361072562011,0,0.103092,NORMAL,NumPy RMS auf standardisiertem 128×3-Fenster
2026-09-18T19:09:39.070+02:00,1404,0.25064999445099206,0.47720259914362284,0,0.207815,208.13116852335648,NORMAL,,PROFILE/P99,ai_edge_litert.Interpreter 2.1.6 num_threads=1,2026-09-18T19:09:38.439+02:00,15031253352433,15031274016187,0.805018,0.753055,20.663754,610.192125,630.855879,0,0,0,0,0,55.07021402076867,243220480,240959488,0.3849438900960853,0.4833547401595273,0,18.747718,NORMAL,scikit-learn IsolationForest.score_samples,0.525164599983649,1.296361072562011,0,0.121074,NORMAL,NumPy RMS auf standardisiertem 128×3-Fenster
2026-09-18T19:09:39.688+02:00,1405,0.28096922755903836,0.47720259914362284,0,0.235851,207.34218835440134,NORMAL,,PROFILE/P99,ai_edge_litert.Interpreter 2.1.6 num_threads=1,2026-09-18T19:09:39.055+02:00,15031871616538,15031892115829,0.679963,0.912592,20.499291,612.514033,633.013324,0,0,0,0,0,55.00873947312993,243220480,240959488,0.3900670714314321,0.4833547401595273,0,18.511125,NORMAL,scikit-learn IsolationForest.score_samples,0.5328533413696914,1.296361072562011,0,0.131926,NORMAL,NumPy RMS auf standardisiertem 128×3-Fenster
2026-09-18T19:09:40.313+02:00,1406,0.22955881948086798,0.47720259914362284,0,0.265722,207.01280928595958,NORMAL,,PROFILE/P99,ai_edge_litert.Interpreter 2.1.6 num_threads=1,2026-09-18T19:09:39.673+02:00,15032490757088,15032516336304,0.998055,1.084018,25.579216,613.488607,639.067823,0,0,0,0,0,56.0701406957517,243220480,240959488,0.3785333336864658,0.4833547401595273,0,23.073383,NORMAL,scikit-learn IsolationForest.score_samples,0.5059660981052597,1.296361072562011,0,0.12263,NORMAL,NumPy RMS auf standardisiertem 128×3-Fenster
2026-09-18T19:09:40.924+02:00,1407,0.2605182100294397,0.47720259914362284,0,0.274593,207.38066648994675,NORMAL,,PROFILE/P99,ai_edge_litert.Interpreter 2.1.6 num_threads=1,2026-09-18T19:09:40.292+02:00,15033108354027,15033128144522,0.733871,0.782018,19.790495,612.400385,632.19088,0,0,0,0,0,57.20644259415553,243220480,240959488,0.3843328513176318,0.4833547401595273,0,17.854514,NORMAL,scikit-learn IsolationForest.score_samples,0.5397725407860093,1.296361072562011,0,0.111926,NORMAL,NumPy RMS auf standardisiertem 128×3-Fenster
2026-09-18T19:09:41.543+02:00,1408,0.2897493174113895,0.47720259914362284,0,0.260611,207.50152249748987,NORMAL,,PROFILE/P99,ai_edge_litert.Interpreter 2.1.6 num_threads=1,2026-09-18T19:09:40.911+02:00,15033726354135,15033747239666,0.675462,0.880574,20.885531,612.043702,632.929233,0,0,0,0,0,53.30420920567555,243220480,240959488,0.38505741276992717,0.4833547401595273,0,18.933422,NORMAL,scikit-learn IsolationForest.score_samples,0.5260838166163793,1.296361072562011,0,0.101963,NORMAL,NumPy RMS auf standardisiertem 128×3-Fenster
2026-09-18T19:09:42.164+02:00,1409,0.27298234234543695,0.47720259914362284,0,0.402388,208.3632038529329,NORMAL,,PROFILE/P99,ai_edge_litert.Interpreter 2.1.6 num_threads=1,2026-09-18T19:09:41.531+02:00,15034344157427,15034367520996,2.923722,0.847833,23.363569,609.512609,632.876178,0,0,0,0,0,51.58992074811007,243220480,240959488,0.38843935544958724,0.4833547401595273,0,19.050347,NORMAL,scikit-learn IsolationForest.score_samples,0.5383049832547134,1.296361072562011,0,0.109074,NORMAL,NumPy RMS auf standardisiertem 128×3-Fenster
2026-09-18T19:09:42.778+02:00,1410,0.25550981119171395,0.47720259914362284,0,0.25374,208.3311816713914,NORMAL,,PROFILE/P99,ai_edge_litert.Interpreter 2.1.6 num_threads=1,2026-09-18T19:09:42.147+02:00,15034960582351,15034981545161,0.743667,0.874148,20.96281,609.606296,630.569106,0,0,0,0,0,52.115154622844585,243220480,240959488,0.38136018285467,0.4833547401595273,0,18.961162,NORMAL,scikit-learn IsolationForest.score_samples,0.5161309513377923,1.296361072562011,0,0.100445,NORMAL,NumPy RMS auf standardisiertem 128×3-Fenster
2026-09-18T19:09:43.396+02:00,1411,0.2894919878592865,0.47720259914362284,0,0.282593,207.32393445023166,NORMAL,,PROFILE/P99,ai_edge_litert.Interpreter 2.1.6 num_threads=1,2026-09-18T19:09:42.763+02:00,15035579443997,15035599843418,0.518685,0.886796,20.399421,612.567962,632.967383,0,0,0,0,0,53.37280186267183,243220480,240959488,0.3839133417692187,0.4833547401595273,0,18.570292,NORMAL,scikit-learn IsolationForest.score_samples,0.5379451118803555,1.296361072562011,0,0.102667,NORMAL,NumPy RMS auf standardisiertem 128×3-Fenster
2026-09-18T19:09:44.014+02:00,1412,0.2675347707480302,0.47720259914362284,0,0.349296,207.70815325792864,NORMAL,,PROFILE/P99,ai_edge_litert.Interpreter 2.1.6 num_threads=1,2026-09-18T19:09:43.383+02:00,15036198085884,15036217680343,0.679963,0.881759,19.594459,611.434833,631.029292,0,0,0,0,0,50.17402666921525,243220480,240959488,0.385991109522561,0.4833547401595273,0,17.553644,NORMAL,scikit-learn IsolationForest.score_samples,0.528113828413211,1.296361072562011,0,0.09876,NORMAL,NumPy RMS auf standardisiertem 128×3-Fenster
2026-09-18T19:09:44.632+02:00,1413,0.2301287288940396,0.47720259914362284,0,0.238518,207.61118663281349,NORMAL,,PROFILE/P99,ai_edge_litert.Interpreter 2.1.6 num_threads=1,2026-09-18T19:09:44.000+02:00,15036815543440,15036835425638,0.898296,0.84787,19.882198,611.720409,631.602607,0,0,0,0,0,59.896501338644065,243220480,240959488,0.3858923060745114,0.4833547401595273,0,17.760532,NORMAL,scikit-learn IsolationForest.score_samples,0.5228780387764914,1.296361072562011,0,0.107296,NORMAL,NumPy RMS auf standardisiertem 128×3-Fenster
2026-09-18T19:09:45.250+02:00,1414,0.24550830820218117,0.47720259914362284,0,0.212167,207.68569024253298,NORMAL,,PROFILE/P99,ai_edge_litert.Interpreter 2.1.6 num_threads=1,2026-09-18T19:09:44.618+02:00,15037433391310,15037453348898,0.81737,0.767926,19.957588,611.500965,631.458553,0,0,0,0,0,50.16777284615718,243220480,240959488,0.38460506888238144,0.4833547401595273,0,18.036514,NORMAL,scikit-learn IsolationForest.score_samples,0.500452628563313,1.296361072562011,0,0.096611,NORMAL,NumPy RMS auf standardisiertem 128×3-Fenster
2026-09-18T19:09:45.877+02:00,1415,0.2664616110782312,0.47720259914362284,0,0.3025,207.93838854314492,NORMAL,,PROFILE/P99,ai_edge_litert.Interpreter 2.1.6 num_threads=1,2026-09-18T19:09:45.235+02:00,15038050002292,15038080856063,0.919,0.963815,30.853771,610.757835,641.611606,0,0,0,0,0,52.586502082987764,243220480,240959488,0.37884942031870933,0.4833547401595273,0,28.51316,NORMAL,scikit-learn IsolationForest.score_samples,0.5217452753377165,1.296361072562011,0,0.119944,NORMAL,NumPy RMS auf standardisiertem 128×3-Fenster
2026-09-18T19:09:46.518+02:00,1416,0.29982122676684736,0.47720259914362284,0,0.32987,207.89421307878374,NORMAL,,PROFILE/P99,ai_edge_litert.Interpreter 2.1.6 num_threads=1,2026-09-18T19:09:45.854+02:00,15038669002942,15038721427911,1.065166,1.048055,52.424969,610.887615,663.312584,0,0,0,0,0,60.87693344379229,243220480,240959488,0.3953966029933379,0.4833547401595273,0,49.776229,NORMAL,scikit-learn IsolationForest.score_samples,0.5603375663063068,1.296361072562011,0,0.161926,NORMAL,NumPy RMS auf standardisiertem 128×3-Fenster
2026-09-18T19:09:47.477+02:00,1417,nan,0.47720259914362284,-1,0.0,132.66772022943408,ERROR,"ValueError: Sensorfenster mit Lücke, Overrun oder Sättigung; Entscheidung ungültig",PROFILE/P99,ai_edge_litert.Interpreter 2.1.6 num_threads=1,2026-09-18T19:09:46.518+02:00,15039679084907,15039680406666,1.290611,0.0,1.321759,957.27883,958.600589,0,0,26,26,0,56.31463823501473,243220480,240959488,nan,0.4833547401595273,-1,0.0,ERROR,scikit-learn IsolationForest.score_samples,nan,1.296361072562011,-1,0.0,ERROR,NumPy RMS auf standardisiertem 128×3-Fenster
2026-09-18T19:09:48.063+02:00,1418,0.302911515522941,0.47720259914362284,0,0.270407,232.29282845661334,NORMAL,,PROFILE/P99,ai_edge_litert.Interpreter 2.1.6 num_threads=1,2026-09-18T19:09:47.479+02:00,15040229060222,15040266596936,1.41887,0.970796,37.536714,546.723723,584.260437,0,0,0,0,0,78.47416766371194,243220480,240959488,0.38184546027579874,0.4833547401595273,0,34.735159,NORMAL,scikit-learn IsolationForest.score_samples,0.5257333379774097,1.296361072562011,0,0.107852,NORMAL,NumPy RMS auf standardisiertem 128×3-Fenster
2026-09-18T19:09:48.690+02:00,1419,0.28241608422045833,0.47720259914362284,0,0.353667,207.79867205424156,NORMAL,,PROFILE/P99,ai_edge_litert.Interpreter 2.1.6 num_threads=1,2026-09-18T19:09:48.032+02:00,15040846866671,15040894255696,1.18674,1.232018,47.389025,611.168487,658.557512,0,0,0,0,0,74.8791398904006,243220480,240959488,0.38031172743069475,0.4833547401595273,0,44.431489,NORMAL,scikit-learn IsolationForest.score_samples,0.5146256442699436,1.296361072562011,0,0.140574,NORMAL,NumPy RMS auf standardisiertem 128×3-Fenster
2026-09-18T19:09:49.372+02:00,1420,0.29244013244360456,0.47720259914362284,0,0.296778,219.23676528326507,NORMAL,,PROFILE/P99,ai_edge_litert.Interpreter 2.1.6 num_threads=1,2026-09-18T19:09:48.680+02:00,15041463229805,15041575948519,1.136092,1.06687,112.718714,579.282402,692.001116,0,0,0,0,0,64.6007896868618,243220480,240959488,0.39320574642216555,0.4833547401595273,0,110.038068,NORMAL,scikit-learn IsolationForest.score_samples,0.5504997822527938,1.296361072562011,0,0.140185,NORMAL,NumPy RMS auf standardisiertem 128×3-Fenster
2026-09-18T19:09:49.974+02:00,1421,nan,0.47720259914362284,-1,0.0,189.8680207802745,ERROR,"ValueError: Sensorfenster mit Lücke, Overrun oder Sättigung; Entscheidung ungültig",PROFILE/P99,ai_edge_litert.Interpreter 2.1.6 num_threads=1,2026-09-18T19:09:49.304+02:00,15042176694066,15042177924065,1.198999,0.0,1.229999,668.885679,670.115678,0,0,9,9,0,78.35091464289148,243220480,240959488,nan,0.4833547401595273,-1,0.0,ERROR,scikit-learn IsolationForest.score_samples,nan,1.296361072562011,-1,0.0,ERROR,NumPy RMS auf standardisiertem 128×3-Fenster
2026-09-18T19:09:50.589+02:00,1422,0.32051644120546524,0.47720259914362284,0,0.371278,219.53509043526785,NORMAL,,PROFILE/P99,ai_edge_litert.Interpreter 2.1.6 num_threads=1,2026-09-18T19:09:49.976+02:00,15042758451672,15042793017590,1.377037,2.652907,34.565918,578.495218,613.061136,0,0,0,0,0,84.54335921356528,243220480,240959488,0.3814021795607474,0.4833547401595273,0,30.013401,NORMAL,scikit-learn IsolationForest.score_samples,0.5424067172184446,1.296361072562011,0,0.102685,NORMAL,NumPy RMS auf standardisiertem 128×3-Fenster
2026-09-18T19:09:51.164+02:00,1423,0.3525954170752546,0.47720259914362284,0,0.234333,220.54431145307953,NORMAL,,PROFILE/P99,ai_edge_litert.Interpreter 2.1.6 num_threads=1,2026-09-18T19:09:50.567+02:00,15043346434093,15043368300421,0.925815,0.943481,21.866328,575.847997,597.714325,0,0,0,0,0,55.62759947780627,243220480,240959488,0.39803942231053496,0.4833547401595273,0,19.626921,NORMAL,scikit-learn IsolationForest.score_samples,0.5592715563145341,1.296361072562011,0,0.103981,NORMAL,NumPy RMS auf standardisiertem 128×3-Fenster
2026-09-18T19:09:51.780+02:00,1424,0.24190254752611887,0.47720259914362284,0,0.217074,207.31809634346837,NORMAL,,PROFILE/P99,ai_edge_litert.Interpreter 2.1.6 num_threads=1,2026-09-18T19:09:51.149+02:00,15043965122452,15043983922781,0.806259,0.770241,18.800329,612.585212,631.385541,0,0,0,0,0,51.978514310743265,243220480,240959488,0.38727417808726133,0.4833547401595273,0,16.894589,NORMAL,scikit-learn IsolationForest.score_samples,0.5132575087555413,1.296361072562011,0,0.083389,NORMAL,NumPy RMS auf standardisiertem 128×3-Fenster
2026-09-18T19:09:52.397+02:00,1425,0.2527578734386857,0.47720259914362284,0,0.280759,208.08462748713745,NORMAL,,PROFILE/P99,ai_edge_litert.Interpreter 2.1.6 num_threads=1,2026-09-18T19:09:51.767+02:00,15044581289979,15044601012511,0.737074,0.91361,19.722532,610.328603,630.051135,0,0,0,0,0,53.47214979963938,243220480,240959488,0.3833697753530478,0.4833547401595273,0,17.632478,NORMAL,scikit-learn IsolationForest.score_samples,0.5211526054957719,1.296361072562011,0,0.125056,NORMAL,NumPy RMS auf standardisiertem 128×3-Fenster
2026-09-18T19:09:53.016+02:00,1426,0.2649450915405263,0.47720259914362284,0,0.309314,207.59248153515549,NORMAL,,PROFILE/P99,ai_edge_litert.Interpreter 2.1.6 num_threads=1,2026-09-18T19:09:52.384+02:00,15045199186357,15045219546538,0.708741,0.92824,20.360181,611.775528,632.135709,0,0,0,0,0,51.735967069907986,243220480,240959488,0.3912656585953942,0.4833547401595273,0,18.250125,NORMAL,scikit-learn IsolationForest.score_samples,0.5172745656172674,1.296361072562011,0,0.111981,NORMAL,NumPy RMS auf standardisiertem 128×3-Fenster
2026-09-18T19:09:53.635+02:00,1427,0.27764439381784695,0.47720259914362284,0,0.220555,207.7229529299625,NORMAL,,PROFILE/P99,ai_edge_litert.Interpreter 2.1.6 num_threads=1,2026-09-18T19:09:53.003+02:00,15045817743422,15045838576714,0.738852,0.804055,20.833292,611.39127,632.224562,0,0,0,0,0,51.69831893824593,243220480,240959488,0.3859052157368933,0.4833547401595273,0,18.946218,NORMAL,scikit-learn IsolationForest.score_samples,0.5226856952780515,1.296361072562011,0,0.095537,NORMAL,NumPy RMS auf standardisiertem 128×3-Fenster
2026-09-18T19:09:54.254+02:00,1428,0.26573669200232075,0.47720259914362284,0,0.26537,207.5940332930647,NORMAL,,PROFILE/P99,ai_edge_litert.Interpreter 2.1.6 num_threads=1,2026-09-18T19:09:53.620+02:00,15046435668283,15046457485723,0.707426,0.942056,21.81744,611.770955,633.588395,0,0,0,0,0,51.70326736117685,243220480,240959488,0.38253377772982705,0.4833547401595273,0,19.770274,NORMAL,scikit-learn IsolationForest.score_samples,0.5431036906569225,1.296361072562011,0,0.103259,NORMAL,NumPy RMS auf standardisiertem 128×3-Fenster
2026-09-18T19:09:54.872+02:00,1429,0.30113740292012064,0.47720259914362284,0,0.222315,208.14897057271475,NORMAL,,PROFILE/P99,ai_edge_litert.Interpreter 2.1.6 num_threads=1,2026-09-18T19:09:54.240+02:00,15047054046923,15047076041752,0.810426,0.809981,21.994829,610.139938,632.134767,0,0,0,0,0,50.11742334447532,243220480,240959488,0.3894670590497991,0.4833547401595273,0,19.998014,NORMAL,scikit-learn IsolationForest.score_samples,0.5468007405111325,1.296361072562011,0,0.126056,NORMAL,NumPy RMS auf standardisiertem 128×3-Fenster
2026-09-18T19:09:55.489+02:00,1430,0.2603879404648151,0.47720259914362284,0,0.235666,207.7897545174458,NORMAL,,PROFILE/P99,ai_edge_litert.Interpreter 2.1.6 num_threads=1,2026-09-18T19:09:54.857+02:00,15047671930416,15047692806893,0.740833,0.874315,20.876477,611.194716,632.071193,0,0,0,0,0,53.50459672666268,243220480,240959488,0.38821844816664264,0.4833547401595273,0,18.893848,NORMAL,scikit-learn IsolationForest.score_samples,0.4990752564256603,1.296361072562011,0,0.104055,NORMAL,NumPy RMS auf standardisiertem 128×3-Fenster
2026-09-18T19:09:56.116+02:00,1431,0.2860755651339087,0.47720259914362284,0,0.256037,207.6047723786212,NORMAL,,PROFILE/P99,ai_edge_litert.Interpreter 2.1.6 num_threads=1,2026-09-18T19:09:55.474+02:00,15048289590668,15048320260995,0.690445,0.90937,30.670327,611.739309,642.409636,0,0,0,0,0,54.184172736251924,243220480,240959488,0.38749132508087347,0.4833547401595273,0,28.678902,NORMAL,scikit-learn IsolationForest.score_samples,0.5264080876218407,1.296361072562011,0,0.100204,NORMAL,NumPy RMS auf standardisiertem 128×3-Fenster
2026-09-18T19:09:56.725+02:00,1432,0.27685441289286833,0.47720259914362284,0,0.237334,207.66856771597136,NORMAL,,PROFILE/P99,ai_edge_litert.Interpreter 2.1.6 num_threads=1,2026-09-18T19:09:56.093+02:00,15048908181347,15048928982454,0.744408,0.871629,20.801107,611.551384,632.352491,0,0,0,0,0,52.57308473243751,243220480,240959488,0.38951061381234725,0.4833547401595273,0,18.820366,NORMAL,scikit-learn IsolationForest.score_samples,0.501188414673633,1.296361072562011,0,0.101204,NORMAL,NumPy RMS auf standardisiertem 128×3-Fenster
2026-09-18T19:09:57.341+02:00,1433,0.3097460070927802,0.47720259914362284,0,0.259278,208.8134892645927,NORMAL,,PROFILE/P99,ai_edge_litert.Interpreter 2.1.6 num_threads=1,2026-09-18T19:09:56.713+02:00,15049524823139,15049545265838,0.81037,0.875796,20.442699,608.198256,628.640955,0,0,0,0,0,51.923554735298644,243220480,240959488,0.394267150775223,0.4833547401595273,0,18.374904,NORMAL,scikit-learn IsolationForest.score_samples,0.5404056839861576,1.296361072562011,0,0.093815,NORMAL,NumPy RMS auf standardisiertem 128×3-Fenster
2026-09-18T19:09:57.959+02:00,1434,0.2659718826521645,0.47720259914362284,0,0.244982,207.60994413706823,NORMAL,,PROFILE/P99,ai_edge_litert.Interpreter 2.1.6 num_threads=1,2026-09-18T19:09:57.327+02:00,15050142674837,15050163236407,0.924685,0.9395,20.56157,611.72407,632.28564,0,0,0,0,0,51.78281408118069,243220480,240959488,0.3809228013104418,0.4833547401595273,0,18.319496,NORMAL,scikit-learn IsolationForest.score_samples,0.5218427487204669,1.296361072562011,0,0.099444,NORMAL,NumPy RMS auf standardisiertem 128×3-Fenster
2026-09-18T19:09:58.577+02:00,1435,0.24473863543575605,0.47720259914362284,0,0.235482,207.9093541147431,NORMAL,,PROFILE/P99,ai_edge_litert.Interpreter 2.1.6 num_threads=1,2026-09-18T19:09:57.946+02:00,15050760194296,15050780604755,0.743204,0.860426,20.410459,610.843127,631.253586,0,0,0,0,0,51.83231149025704,243220480,240959488,0.38320791695627604,0.4833547401595273,0,18.4302,NORMAL,scikit-learn IsolationForest.score_samples,0.497700510093604,1.296361072562011,0,0.110408,NORMAL,NumPy RMS auf standardisiertem 128×3-Fenster
2026-09-18T19:09:59.197+02:00,1436,0.2655622183798265,0.47720259914362284,0,0.220574,207.09707691297947,NORMAL,,PROFILE/P99,ai_edge_litert.Interpreter 2.1.6 num_threads=1,2026-09-18T19:09:58.562+02:00,15051379428737,15051400996380,0.700037,0.798777,21.567643,613.238979,634.806622,0,0,0,0,0,51.57951090002363,243220480,240959488,0.39128802597971507,0.4833547401595273,0,19.712255,NORMAL,scikit-learn IsolationForest.score_samples,0.5348391787857654,1.296361072562011,0,0.107741,NORMAL,NumPy RMS auf standardisiertem 128×3-Fenster
2026-09-18T19:09:59.813+02:00,1437,0.3093331517919495,0.47720259914362284,0,0.251408,208.00994202353448,NORMAL,,PROFILE/P99,ai_edge_litert.Interpreter 2.1.6 num_threads=1,2026-09-18T19:09:59.182+02:00,15051995867920,15052017098637,0.932499,0.836519,21.230717,610.54774,631.778457,0,0,0,0,0,51.94164693597025,243220480,240959488,0.3821333892202778,0.4833547401595273,0,19.090941,NORMAL,scikit-learn IsolationForest.score_samples,0.5342560270330979,1.296361072562011,0,0.091445,NORMAL,NumPy RMS auf standardisiertem 128×3-Fenster
2026-09-18T19:10:00.433+02:00,1438,0.25568096776178234,0.47720259914362284,0,0.23926,207.38496115752343,NORMAL,,PROFILE/P99,ai_edge_litert.Interpreter 2.1.6 num_threads=1,2026-09-18T19:09:59.798+02:00,15052614358325,15052636497468,0.808203,0.776,22.139143,612.387703,634.526846,0,0,0,0,0,51.6615251366704,243220480,240959488,0.38998655468214805,0.4833547401595273,0,20.18481,NORMAL,scikit-learn IsolationForest.score_samples,0.5226751850013243,1.296361072562011,0,0.100093,NORMAL,NumPy RMS auf standardisiertem 128×3-Fenster
2026-09-18T19:10:01.050+02:00,1439,0.23857313879401923,0.47720259914362284,0,0.22187,207.4323955038156,NORMAL,,PROFILE/P99,ai_edge_litert.Interpreter 2.1.6 num_threads=1,2026-09-18T19:10:00.417+02:00,15053233139175,15053253972485,0.893611,0.811074,20.83331,612.247666,633.080976,0,0,0,0,0,51.82150031108074,243220480,240959488,0.3875098471250791,0.4833547401595273,0,18.749144,NORMAL,scikit-learn IsolationForest.score_samples,0.5254229320883881,1.296361072562011,0,0.126074,NORMAL,NumPy RMS auf standardisiertem 128×3-Fenster
2026-09-18T19:10:01.666+02:00,1440,0.31895832387657236,0.47720259914362284,0,0.32024,208.00035227070683,NORMAL,,PROFILE/P99,ai_edge_litert.Interpreter 2.1.6 num_threads=1,2026-09-18T19:10:01.036+02:00,15053850127322,15053869960726,0.687148,0.825426,19.833404,610.575889,630.409293,0,0,0,0,0,55.20353120616854,243220480,240959488,0.3869637963518683,0.4833547401595273,0,17.918534,NORMAL,scikit-learn IsolationForest.score_samples,0.5427595106695063,1.296361072562011,0,0.054463,NORMAL,NumPy RMS auf standardisiertem 128×3-Fenster
2026-09-18T19:10:02.289+02:00,1441,0.2815211650251352,0.47720259914362284,0,0.271907,207.89461124808557,NORMAL,,PROFILE/P99,ai_edge_litert.Interpreter 2.1.6 num_threads=1,2026-09-18T19:10:01.653+02:00,15054467758618,15054492935539,2.13813,0.817314,25.176921,610.886445,636.063366,0,0,0,0,0,54.57129738161704,243220480,240959488,0.3926937105006805,0.4833547401595273,0,21.806125,NORMAL,scikit-learn IsolationForest.score_samples,0.5419335319938169,1.296361072562011,0,0.108796,NORMAL,NumPy RMS auf standardisiertem 128×3-Fenster
2026-09-18T19:10:02.904+02:00,1442,0.27853949381884985,0.47720259914362284,0,0.2545,208.0547583872869,NORMAL,,PROFILE/P99,ai_edge_litert.Interpreter 2.1.6 num_threads=1,2026-09-18T19:10:02.272+02:00,15055086212841,15055107414836,0.694278,0.858536,21.201995,610.416224,631.618219,0,0,0,0,0,55.330686672409115,243220480,240959488,0.3856498782752109,0.4833547401595273,0,19.264755,NORMAL,scikit-learn IsolationForest.score_samples,0.5226439084201916,1.296361072562011,0,0.104482,NORMAL,NumPy RMS auf standardisiertem 128×3-Fenster
2026-09-18T19:10:03.520+02:00,1443,0.28214661673792446,0.47720259914362284,0,0.249111,207.87636747171686,NORMAL,,PROFILE/P99,ai_edge_litert.Interpreter 2.1.6 num_threads=1,2026-09-18T19:10:02.889+02:00,15055703790953,15055723543505,0.653519,0.841018,19.752552,610.940058,630.69261,0,0,0,0,0,51.937612487928575,243220480,240959488,0.384094472187092,0.4833547401595273,0,17.873385,NORMAL,scikit-learn IsolationForest.score_samples,0.5125705285113479,1.296361072562011,0,0.103963,NORMAL,NumPy RMS auf standardisiertem 128×3-Fenster
2026-09-18T19:10:04.141+02:00,1444,0.26788202057666705,0.47720259914362284,0,0.275537,207.4776659645421,NORMAL,,PROFILE/P99,ai_edge_litert.Interpreter 2.1.6 num_threads=1,2026-09-18T19:10:03.507+02:00,15056322439992,15056344313987,0.792129,0.932833,21.873995,612.114077,633.988072,0,0,0,0,0,51.5497285346155,243220480,240959488,0.3892863000854547,0.4833547401595273,0,19.741959,NORMAL,scikit-learn IsolationForest.score_samples,0.5293972654661938,1.296361072562011,0,0.102426,NORMAL,NumPy RMS auf standardisiertem 128×3-Fenster
2026-09-18T19:10:04.765+02:00,1445,0.26091696551530674,0.47720259914362284,0,0.242889,207.5456919848573,NORMAL,,PROFILE/P99,ai_edge_litert.Interpreter 2.1.6 num_threads=1,2026-09-18T19:10:04.125+02:00,15056940625698,15056969140210,1.005833,0.979611,28.514512,611.913448,640.42796,0,0,0,0,0,52.81413213229514,243220480,240959488,0.38698956705568177,0.4833547401595273,0,26.139791,NORMAL,scikit-learn IsolationForest.score_samples,0.5310911664440472,1.296361072562011,0,0.106203,NORMAL,NumPy RMS auf standardisiertem 128×3-Fenster
2026-09-18T19:10:05.377+02:00,1446,0.29753992672075835,0.47720259914362284,0,0.245852,207.1493142712599,NORMAL,,PROFILE/P99,ai_edge_litert.Interpreter 2.1.6 num_threads=1,2026-09-18T19:10:04.742+02:00,15057558568645,15057580947344,0.799519,0.87624,22.378699,613.084337,635.463036,0,0,0,0,0,50.669641068229836,243220480,240959488,0.3848452539992238,0.4833547401595273,0,20.325847,NORMAL,scikit-learn IsolationForest.score_samples,0.5532988215947546,1.296361072562011,0,0.102482,NORMAL,NumPy RMS auf standardisiertem 128×3-Fenster
2026-09-18T19:10:05.993+02:00,1447,0.2947458270069612,0.47720259914362284,0,0.245815,208.69598677338078,NORMAL,,PROFILE/P99,ai_edge_litert.Interpreter 2.1.6 num_threads=1,2026-09-18T19:10:05.363+02:00,15058175645575,15058197035256,0.783703,0.856408,21.389681,608.540691,629.930372,0,0,0,0,0,55.18673019368852,243220480,240959488,0.38758101382690424,0.4833547401595273,0,19.373051,NORMAL,scikit-learn IsolationForest.score_samples,0.525804715411269,1.296361072562011,0,0.097204,NORMAL,NumPy RMS auf standardisiertem 128×3-Fenster
2026-09-18T19:10:06.617+02:00,1448,0.312870904550745,0.47720259914362284,0,0.298629,207.98950000875112,NORMAL,,PROFILE/P99,ai_edge_litert.Interpreter 2.1.6 num_threads=1,2026-09-18T19:10:05.979+02:00,15058793665394,15058820725389,0.86587,1.025093,27.059995,610.607747,637.667742,0,0,0,0,0,57.71943703006588,243220480,240959488,0.3879450385929524,0.4833547401595273,0,24.713439,NORMAL,scikit-learn IsolationForest.score_samples,0.5428395773200743,1.296361072562011,0,0.121111,NORMAL,NumPy RMS auf standardisiertem 128×3-Fenster
2026-09-18T19:10:07.228+02:00,1449,0.28332848704018204,0.47720259914362284,0,0.289499,208.91114571575278,NORMAL,,PROFILE/P99,ai_edge_litert.Interpreter 2.1.6 num_threads=1,2026-09-18T19:10:06.600+02:00,15059411533788,15059432035025,0.955889,0.968481,20.501237,607.913951,628.415188,0,0,0,0,0,53.98428681341889,243220480,240959488,0.38472237839355283,0.4833547401595273,0,18.136293,NORMAL,scikit-learn IsolationForest.score_samples,0.5136592331079577,1.296361072562011,0,0.118166,NORMAL,NumPy RMS auf standardisiertem 128×3-Fenster
2026-09-18T19:10:07.847+02:00,1450,0.28651508365210293,0.47720259914362284,0,0.30674,207.90621225693948,NORMAL,,PROFILE/P99,ai_edge_litert.Interpreter 2.1.6 num_threads=1,2026-09-18T19:10:07.215+02:00,15060029217219,15060050714937,0.648574,0.944315,21.497718,610.852358,632.350076,0,0,0,0,0,56.57186982544435,243220480,240959488,0.3935932391419585,0.4833547401595273,0,19.453496,NORMAL,scikit-learn IsolationForest.score_samples,0.5370616803233036,1.296361072562011,0,0.108259,NORMAL,NumPy RMS auf standardisiertem 128×3-Fenster
2026-09-18T19:10:08.510+02:00,1451,0.26274564647310167,0.47720259914362284,0,0.301592,207.64744276451668,NORMAL,,PROFILE/P99,ai_edge_litert.Interpreter 2.1.6 num_threads=1,2026-09-18T19:10:07.833+02:00,15060648274577,15060714071212,2.973666,1.165093,65.796635,611.6136,677.410235,0,0,0,0,0,66.33204001744087,243220480,240959488,0.3897673065772747,0.4833547401595273,0,61.218228,NORMAL,scikit-learn IsolationForest.score_samples,0.5261653913075687,1.296361072562011,0,0.091314,NORMAL,NumPy RMS auf standardisiertem 128×3-Fenster
2026-09-18T19:10:09.282+02:00,1452,0.2654417300651275,0.47720259914362284,0,0.24637,173.19276884569635,NORMAL,,PROFILE/P99,ai_edge_litert.Interpreter 2.1.6 num_threads=1,2026-09-18T19:10:08.458+02:00,15061394863485,15061485927467,0.828203,0.853352,91.063982,733.286966,824.350948,0,0,0,0,0,89.38346414848225,243220480,240959488,0.38328840569557726,0.4833547401595273,0,88.911501,NORMAL,scikit-learn IsolationForest.score_samples,0.5218015401202307,1.296361072562011,0,0.185722,NORMAL,NumPy RMS auf standardisiertem 128×3-Fenster
2026-09-18T19:10:09.818+02:00,1453,nan,0.47720259914362284,-1,0.0,207.77514418147123,ERROR,"ValueError: Sensorfenster mit Lücke, Overrun oder Sättigung; Entscheidung ungültig",PROFILE/P99,ai_edge_litert.Interpreter 2.1.6 num_threads=1,2026-09-18T19:10:09.197+02:00,15062011799085,15062021368250,9.546035,0.0,9.569165,611.237694,620.806859,0,0,5,5,0,89.66113911763796,243220480,240959488,nan,0.4833547401595273,-1,0.0,ERROR,scikit-learn IsolationForest.score_samples,nan,1.296361072562011,-1,0.0,ERROR,NumPy RMS auf standardisiertem 128×3-Fenster
2026-09-18T19:10:10.362+02:00,1454,nan,0.47720259914362284,-1,0.0,235.46069469177579,ERROR,"ValueError: Sensorfenster mit Lücke, Overrun oder Sättigung; Entscheidung ungültig",PROFILE/P99,ai_edge_litert.Interpreter 2.1.6 num_threads=1,2026-09-18T19:10:09.822+02:00,15062565055921,15062566145995,1.061333,0.0,1.090074,539.368153,540.458227,0,0,14,14,0,80.76068622522783,243220480,240959488,nan,0.4833547401595273,-1,0.0,ERROR,scikit-learn IsolationForest.score_samples,nan,1.296361072562011,-1,0.0,ERROR,NumPy RMS auf standardisiertem 128×3-Fenster
2026-09-18T19:10:11.000+02:00,1455,0.2606897064242875,0.47720259914362284,0,0.279482,210.23746989355973,NORMAL,,PROFILE/P99,ai_edge_litert.Interpreter 2.1.6 num_threads=1,2026-09-18T19:10:10.364+02:00,15063172162987,15063203329629,0.939741,0.953481,31.166642,604.078807,635.245449,0,0,0,0,0,70.62572952454607,243220480,240959488,0.3786353368043935,0.4833547401595273,0,28.842568,NORMAL,scikit-learn IsolationForest.score_samples,0.5247199671181694,1.296361072562011,0,0.114759,NORMAL,NumPy RMS auf standardisiertem 128×3-Fenster
2026-09-18T19:10:11.643+02:00,1456,0.2617127778774548,0.47720259914362284,0,0.259445,208.01678338373728,NORMAL,,PROFILE/P99,ai_edge_litert.Interpreter 2.1.6 num_threads=1,2026-09-18T19:10:10.975+02:00,15063789520053,15063846672801,6.569795,0.895036,57.152748,610.52766,667.680408,0,0,0,0,0,71.49570389614418,243220480,240959488,0.3898553966122221,0.4833547401595273,0,49.073528,NORMAL,scikit-learn IsolationForest.score_samples,0.5205718650104945,1.296361072562011,0,0.318056,NORMAL,NumPy RMS auf standardisiertem 128×3-Fenster
2026-09-18T19:10:12.227+02:00,1457,0.2773090214567375,0.47720259914362284,0,0.244704,206.95955306670595,NORMAL,,PROFILE/P99,ai_edge_litert.Interpreter 2.1.6 num_threads=1,2026-09-18T19:10:11.591+02:00,15064408366674,15064430503169,0.61974,0.759926,22.136495,613.646474,635.782969,0,0,0,0,0,75.37468236416737,243220480,240959488,0.38476511583354395,0.4833547401595273,0,20.397033,NORMAL,scikit-learn IsolationForest.score_samples,0.522974072082643,1.296361072562011,0,0.085407,NORMAL,NumPy RMS auf standardisiertem 128×3-Fenster
2026-09-18T19:10:12.845+02:00,1458,0.2508332599432214,0.47720259914362284,0,0.242241,207.45469226683053,NORMAL,,PROFILE/P99,ai_edge_litert.Interpreter 2.1.6 num_threads=1,2026-09-18T19:10:12.210+02:00,15065026057147,15065049197087,2.544555,0.811778,23.13994,612.181863,635.321803,0,0,0,0,0,53.33611637956659,243220480,240959488,0.380507135012822,0.4833547401595273,0,19.409663,NORMAL,scikit-learn IsolationForest.score_samples,0.5268279470742704,1.296361072562011,0,0.10224,NORMAL,NumPy RMS auf standardisiertem 128×3-Fenster
2026-09-18T19:10:13.461+02:00,1459,0.28917225857513645,0.47720259914362284,0,0.237074,208.2192581447537,NORMAL,,PROFILE/P99,ai_edge_litert.Interpreter 2.1.6 num_threads=1,2026-09-18T19:10:12.830+02:00,15065644167659,15065664727118,0.716314,0.855648,20.559459,609.933976,630.493435,0,0,0,0,0,51.9874822589448,243220480,240959488,0.3891195609678343,0.4833547401595273,0,18.616385,NORMAL,scikit-learn IsolationForest.score_samples,0.5220230460629777,1.296361072562011,0,0.105519,NORMAL,NumPy RMS auf standardisiertem 128×3-Fenster
2026-09-18T19:10:14.080+02:00,1460,0.2971551495806783,0.47720259914362284,0,0.286703,207.87075611187078,NORMAL,,PROFILE/P99,ai_edge_litert.Interpreter 2.1.6 num_threads=1,2026-09-18T19:10:13.446+02:00,15066260858134,15066283905611,0.721074,0.889074,23.047477,610.95655,634.004027,0,0,0,0,0,62.98353804602853,243220480,240959488,0.38550438014389793,0.4833547401595273,0,21.017015,NORMAL,scikit-learn IsolationForest.score_samples,0.5187249221297998,1.296361072562011,0,0.102889,NORMAL,NumPy RMS auf standardisiertem 128×3-Fenster
2026-09-18T19:10:14.696+02:00,1461,0.25028116895659647,0.47720259914362284,0,0.268574,207.3645138067604,NORMAL,,PROFILE/P99,ai_edge_litert.Interpreter 2.1.6 num_threads=1,2026-09-18T19:10:14.063+02:00,15066879443887,15066899439791,0.704704,0.87837,19.995904,612.448088,632.443992,0,0,0,0,0,51.99017724243839,243220480,240959488,0.38437423783693947,0.4833547401595273,0,18.015867,NORMAL,scikit-learn IsolationForest.score_samples,0.5128792637394368,1.296361072562011,0,0.09513,NORMAL,NumPy RMS auf standardisiertem 128×3-Fenster
2026-09-18T19:10:15.318+02:00,1462,0.2980742268168208,0.47720259914362284,0,0.245648,207.6952214512112,NORMAL,,PROFILE/P99,ai_edge_litert.Interpreter 2.1.6 num_threads=1,2026-09-18T19:10:14.683+02:00,15067497915493,15067521419007,0.721556,0.854055,23.503514,611.472903,634.976417,0,0,0,0,0,51.4482815040693,243220480,240959488,0.3939224705335127,0.4833547401595273,0,21.541551,NORMAL,scikit-learn IsolationForest.score_samples,0.5293774681401444,1.296361072562011,0,0.108796,NORMAL,NumPy RMS auf standardisiertem 128×3-Fenster
2026-09-18T19:10:15.931+02:00,1463,0.328431251750414,0.47720259914362284,0,0.215204,208.39107536898237,NORMAL,,PROFILE/P99,ai_edge_litert.Interpreter 2.1.6 num_threads=1,2026-09-18T19:10:15.301+02:00,15068114525507,15068134693040,0.843907,0.828963,20.167533,609.431089,629.598622,0,0,0,0,0,53.80975994730757,243220480,240959488,0.3903849231075561,0.4833547401595273,0,18.140775,NORMAL,scikit-learn IsolationForest.score_samples,0.5693358571951213,1.296361072562011,0,0.107055,NORMAL,NumPy RMS auf standardisiertem 128×3-Fenster
2026-09-18T19:10:16.550+02:00,1464,0.27650313454350783,0.47720259914362284,0,0.23576,207.49821395095418,NORMAL,,PROFILE/P99,ai_edge_litert.Interpreter 2.1.6 num_threads=1,2026-09-18T19:10:15.917+02:00,15068732762837,15068753335500,0.687629,0.856741,20.572663,612.053461,632.626124,0,0,0,0,0,53.34205522269639,243220480,240959488,0.38999426843709284,0.4833547401595273,0,18.656719,NORMAL,scikit-learn IsolationForest.score_samples,0.5531425633235396,1.296361072562011,0,0.105666,NORMAL,NumPy RMS auf standardisiertem 128×3-Fenster
2026-09-18T19:10:17.166+02:00,1465,0.2726446224974192,0.47720259914362284,0,0.262204,207.86094546621447,NORMAL,,PROFILE/P99,ai_edge_litert.Interpreter 2.1.6 num_threads=1,2026-09-18T19:10:16.535+02:00,15069349825722,15069369728959,0.406222,0.554852,19.903237,610.985386,630.888623,0,0,0,0,0,53.537176250935325,243220480,240959488,0.39098290232480704,0.4833547401595273,0,18.541553,NORMAL,scikit-learn IsolationForest.score_samples,0.540230943702706,1.296361072562011,0,0.109537,NORMAL,NumPy RMS auf standardisiertem 128×3-Fenster
2026-09-18T19:10:17.783+02:00,1466,0.2896082466436288,0.47720259914362284,0,0.208815,207.81134981224537,NORMAL,,PROFILE/P99,ai_edge_litert.Interpreter 2.1.6 num_threads=1,2026-09-18T19:10:17.154+02:00,15069968788608,15069987030586,0.746537,0.78537,18.241978,611.131202,629.37318,0,0,0,0,0,53.46014832201798,243220480,240959488,0.38360818999253016,0.4833547401595273,0,16.371071,NORMAL,scikit-learn IsolationForest.score_samples,0.5312697469951192,1.296361072562011,0,0.106407,NORMAL,NumPy RMS auf standardisiertem 128×3-Fenster
2026-09-18T19:10:18.403+02:00,1467,0.29228621155695106,0.47720259914362284,0,0.249352,207.3366332139403,NORMAL,,PROFILE/P99,ai_edge_litert.Interpreter 2.1.6 num_threads=1,2026-09-18T19:10:17.771+02:00,15070587260125,15070607063917,0.704981,0.773,19.803792,612.530444,632.334236,0,0,0,0,0,51.60988046831667,243220480,240959488,0.39273981927279816,0.4833547401595273,0,17.944497,NORMAL,scikit-learn IsolationForest.score_samples,0.5359599382432965,1.296361072562011,0,0.106093,NORMAL,NumPy RMS auf standardisiertem 128×3-Fenster
2026-09-18T19:10:19.018+02:00,1468,0.2731311875657781,0.47720259914362284,0,0.224888,208.17173319565893,NORMAL,,PROFILE/P99,ai_edge_litert.Interpreter 2.1.6 num_threads=1,2026-09-18T19:10:18.389+02:00,15071203340068,15071222307453,0.881333,0.831167,18.967385,610.073222,629.040607,0,0,0,0,0,52.00824837175427,243220480,240959488,0.39332004768141826,0.4833547401595273,0,16.873941,NORMAL,scikit-learn IsolationForest.score_samples,0.5350496752263489,1.296361072562011,0,0.127926,NORMAL,NumPy RMS auf standardisiertem 128×3-Fenster
2026-09-18T19:10:19.639+02:00,1469,0.2630687579120365,0.47720259914362284,0,0.274666,207.46737926276995,NORMAL,,PROFILE/P99,ai_edge_litert.Interpreter 2.1.6 num_threads=1,2026-09-18T19:10:19.006+02:00,15071821637549,15071842515638,0.674518,0.855204,20.878089,612.144427,633.022516,0,0,0,0,0,51.597832331124174,243220480,240959488,0.38286028474945166,0.4833547401595273,0,18.945626,NORMAL,scikit-learn IsolationForest.score_samples,0.5109770807001606,1.296361072562011,0,0.099278,NORMAL,NumPy RMS auf standardisiertem 128×3-Fenster
2026-09-18T19:10:20.255+02:00,1470,0.2826465216045569,0.47720259914362284,0,0.229888,207.70552974072024,NORMAL,,PROFILE/P99,ai_edge_litert.Interpreter 2.1.6 num_threads=1,2026-09-18T19:10:19.624+02:00,15072439010919,15072458608119,0.729,0.912537,19.5972,611.442556,631.039756,0,0,0,0,0,50.317207303578,243220480,240959488,0.38307610782956003,0.4833547401595273,0,17.589053,NORMAL,scikit-learn IsolationForest.score_samples,0.5168263225070202,1.296361072562011,0,0.104352,NORMAL,NumPy RMS auf standardisiertem 128×3-Fenster
2026-09-18T19:10:20.877+02:00,1471,0.27101671352424245,0.47720259914362284,0,0.20413,208.07052040106632,NORMAL,,PROFILE/P99,ai_edge_litert.Interpreter 2.1.6 num_threads=1,2026-09-18T19:10:20.243+02:00,15073057373512,15073080960508,3.733351,0.812074,23.586996,610.369983,633.956979,0,0,0,0,0,53.02401901463304,243220480,240959488,0.3906416500762897,0.4833547401595273,0,18.718441,NORMAL,scikit-learn IsolationForest.score_samples,0.529985859798262,1.296361072562011,0,0.090166,NORMAL,NumPy RMS auf standardisiertem 128×3-Fenster
2026-09-18T19:10:21.493+02:00,1472,0.2373709060792596,0.47720259914362284,0,0.234314,207.9840072024174,NORMAL,,PROFILE/P99,ai_edge_litert.Interpreter 2.1.6 num_threads=1,2026-09-18T19:10:20.861+02:00,15073675127958,15073696547917,0.697481,0.884259,21.419959,610.623873,632.043832,0,0,0,0,0,55.232790919064996,243220480,240959488,0.3837138597543902,0.4833547401595273,0,19.471367,NORMAL,scikit-learn IsolationForest.score_samples,0.5052465860619632,1.296361072562011,0,0.103907,NORMAL,NumPy RMS auf standardisiertem 128×3-Fenster
2026-09-18T19:10:22.119+02:00,1473,0.26043911778244566,0.47720259914362284,0,0.285278,207.39656259336772,NORMAL,,PROFILE/P99,ai_edge_litert.Interpreter 2.1.6 num_threads=1,2026-09-18T19:10:21.478+02:00,15074293843829,15074322474843,0.809019,0.915129,28.631014,612.353447,640.984461,0,0,0,0,0,54.31505125984663,243220480,240959488,0.38467263594708473,0.4833547401595273,0,26.441328,NORMAL,scikit-learn IsolationForest.score_samples,0.5202712141206131,1.296361072562011,0,0.139852,NORMAL,NumPy RMS auf standardisiertem 128×3-Fenster
2026-09-18T19:10:22.728+02:00,1474,0.25930109803135964,0.47720259914362284,0,0.240167,209.0350684472987,NORMAL,,PROFILE/P99,ai_edge_litert.Interpreter 2.1.6 num_threads=1,2026-09-18T19:10:22.101+02:00,15074911867980,15074932078291,0.84963,0.985796,20.210311,607.55356,627.763871,0,0,0,0,0,54.136680017813134,243220480,240959488,0.39051547508726675,0.4833547401595273,0,17.958368,NORMAL,scikit-learn IsolationForest.score_samples,0.5201716842988574,1.296361072562011,0,0.146278,NORMAL,NumPy RMS auf standardisiertem 128×3-Fenster
2026-09-18T19:10:23.414+02:00,1475,0.272478669920507,0.47720259914362284,0,0.394815,207.09606142329596,NORMAL,,PROFILE/P99,ai_edge_litert.Interpreter 2.1.6 num_threads=1,2026-09-18T19:10:22.712+02:00,15075529423391,15075617510746,1.142147,4.973,88.087355,613.241986,701.329341,0,0,0,0,0,53.981721307715155,243220480,240959488,0.3851931780124519,0.4833547401595273,0,81.418616,NORMAL,scikit-learn IsolationForest.score_samples,0.5292840207356097,1.296361072562011,0,0.096815,NORMAL,NumPy RMS auf standardisiertem 128×3-Fenster
2026-09-18T19:10:23.999+02:00,1476,0.3009003058158963,0.47720259914362284,0,0.27737,208.65717159118347,NORMAL,,PROFILE/P99,ai_edge_litert.Interpreter 2.1.6 num_threads=1,2026-09-18T19:10:23.339+02:00,15076151864764,15076202995218,1.641925,2.938203,51.130454,608.653894,659.784348,0,0,0,0,0,58.07176777225762,243236864,240959488,0.3856649653514394,0.4833547401595273,0,46.120992,NORMAL,scikit-learn IsolationForest.score_samples,0.5268119423266002,1.296361072562011,0,0.110574,NORMAL,NumPy RMS auf standardisiertem 128×3-Fenster
2026-09-18T19:10:24.620+02:00,1477,nan,0.47720259914362284,-1,0.0,190.23001728446414,ERROR,"ValueError: Sensorfenster mit Lücke, Overrun oder Sättigung; Entscheidung ungültig",PROFILE/P99,ai_edge_litert.Interpreter 2.1.6 num_threads=1,2026-09-18T19:10:23.951+02:00,15076822828425,15076823920685,1.059426,0.0,1.09226,667.612829,668.705089,0,0,6,6,0,78.90638913782087,243236864,240959488,nan,0.4833547401595273,-1,0.0,ERROR,scikit-learn IsolationForest.score_samples,nan,1.296361072562011,-1,0.0,ERROR,NumPy RMS auf standardisiertem 128×3-Fenster
2026-09-18T19:10:25.236+02:00,1478,0.26512351319847477,0.47720259914362284,0,0.243611,215.34079589344356,NORMAL,,PROFILE/P99,ai_edge_litert.Interpreter 2.1.6 num_threads=1,2026-09-18T19:10:24.622+02:00,15077415608379,15077439575393,1.021889,0.890018,23.967014,589.762843,613.729857,0,0,0,0,0,73.09915503542693,243236864,240959488,0.3780185999295978,0.4833547401595273,0,21.666441,NORMAL,scikit-learn IsolationForest.score_samples,0.5012643267084774,1.296361072562011,0,0.113037,NORMAL,NumPy RMS auf standardisiertem 128×3-Fenster
2026-09-18T19:10:25.867+02:00,1479,0.27828462769240875,0.47720259914362284,0,0.330759,207.1057422446307,NORMAL,,PROFILE/P99,ai_edge_litert.Interpreter 2.1.6 num_threads=1,2026-09-18T19:10:25.218+02:00,15078035137829,15078070446304,3.769314,1.030166,35.308475,613.213321,648.521796,0,0,0,0,0,74.49537494749345,243236864,240959488,0.38389187117044865,0.4833547401595273,0,29.990347,NORMAL,scikit-learn IsolationForest.score_samples,0.5121270922406532,1.296361072562011,0,0.146556,NORMAL,NumPy RMS auf standardisiertem 128×3-Fenster
2026-09-18T19:10:26.485+02:00,1480,0.23447581270823384,0.47720259914362284,0,0.305055,208.25691336331863,NORMAL,,PROFILE/P99,ai_edge_litert.Interpreter 2.1.6 num_threads=1,2026-09-18T19:10:25.839+02:00,15078652822224,15078688351773,1.010444,1.02287,35.529549,609.823693,645.353242,0,0,0,0,0,76.0680699493039,243236864,240959488,0.3907622382405417,0.4833547401595273,0,33.029309,NORMAL,scikit-learn IsolationForest.score_samples,0.48652884897921117,1.296361072562011,0,0.120592,NORMAL,NumPy RMS auf standardisiertem 128×3-Fenster
2026-09-18T19:10:27.087+02:00,1481,0.25770346197088473,0.47720259914362284,0,0.234482,207.7992442796353,NORMAL,,PROFILE/P99,ai_edge_litert.Interpreter 2.1.6 num_threads=1,2026-09-18T19:10:26.454+02:00,15079269403379,15079290704097,0.626777,0.8375,21.300718,611.166804,632.467522,0,0,0,0,0,73.04889918213213,243236864,240959488,0.3811603770715605,0.4833547401595273,0,19.480533,NORMAL,scikit-learn IsolationForest.score_samples,0.5072276588387771,1.296361072562011,0,0.092185,NORMAL,NumPy RMS auf standardisiertem 128×3-Fenster
2026-09-18T19:10:27.704+02:00,1482,0.2716561142301878,0.47720259914362284,0,0.248926,208.1949424392787,NORMAL,,PROFILE/P99,ai_edge_litert.Interpreter 2.1.6 num_threads=1,2026-09-18T19:10:27.074+02:00,15079888239682,15079907722883,0.747797,0.895999,19.483201,610.005212,629.488413,0,0,0,0,0,53.48449473478726,243236864,240959488,0.3930476660874469,0.4833547401595273,0,17.470015,NORMAL,scikit-learn IsolationForest.score_samples,0.5018115865827629,1.296361072562011,0,0.091074,NORMAL,NumPy RMS auf standardisiertem 128×3-Fenster
2026-09-18T19:10:28.324+02:00,1483,0.21585146138290648,0.47720259914362284,0,0.202482,207.4782662513568,NORMAL,,PROFILE/P99,ai_edge_litert.Interpreter 2.1.6 num_threads=1,2026-09-18T19:10:27.691+02:00,15080506700598,15080527450576,0.787444,0.789204,20.749978,612.112306,632.862284,0,0,0,0,0,54.86210730430445,243236864,240959488,0.37971989036585624,0.4833547401595273,0,18.840089,NORMAL,scikit-learn IsolationForest.score_samples,0.4870121553594516,1.296361072562011,0,0.101815,NORMAL,NumPy RMS auf standardisiertem 128×3-Fenster
2026-09-18T19:10:28.941+02:00,1484,0.23948750346943312,0.47720259914362284,0,0.233278,207.38047414501656,NORMAL,,PROFILE/P99,ai_edge_litert.Interpreter 2.1.6 num_threads=1,2026-09-18T19:10:28.307+02:00,15081122976458,15081144430214,0.878185,0.904685,21.453756,612.400953,633.854709,0,0,0,0,0,51.86385510486841,243236864,240959488,0.3792900883084656,0.4833547401595273,0,19.29133,NORMAL,scikit-learn IsolationForest.score_samples,0.5040525592249531,1.296361072562011,0,0.113482,NORMAL,NumPy RMS auf standardisiertem 128×3-Fenster
2026-09-18T19:10:29.555+02:00,1485,0.25309421388359604,0.47720259914362284,0,0.216241,207.90145251135567,NORMAL,,PROFILE/P99,ai_edge_litert.Interpreter 2.1.6 num_threads=1,2026-09-18T19:10:28.926+02:00,15081740659171,15081759139946,0.673797,0.802592,18.480775,610.866343,629.347118,0,0,0,0,0,50.436114903065956,243236864,240959488,0.39054195478778386,0.4833547401595273,0,16.708738,NORMAL,scikit-learn IsolationForest.score_samples,0.5050822068174053,1.296361072562011,0,0.054981,NORMAL,NumPy RMS auf standardisiertem 128×3-Fenster
2026-09-18T19:10:30.176+02:00,1486,0.23545817208468092,0.47720259914362284,0,0.203851,207.2417073577056,NORMAL,,PROFILE/P99,ai_edge_litert.Interpreter 2.1.6 num_threads=1,2026-09-18T19:10:29.542+02:00,15082359113255,15082379782289,0.830278,0.884666,20.669034,612.81101,633.480044,0,0,0,0,0,51.55545082931942,243236864,240959488,0.3846805951893283,0.4833547401595273,0,18.634423,NORMAL,scikit-learn IsolationForest.score_samples,0.523836477098338,1.296361072562011,0,0.088889,NORMAL,NumPy RMS auf standardisiertem 128×3-Fenster
2026-09-18T19:10:30.793+02:00,1487,0.2708053345948347,0.47720259914362284,0,0.228018,207.30036066900246,NORMAL,,PROFILE/P99,ai_edge_litert.Interpreter 2.1.6 num_threads=1,2026-09-18T19:10:30.161+02:00,15082977878654,15082996399985,0.808704,0.788704,18.521331,612.637622,631.158953,0,0,0,0,0,53.51742913785905,243236864,240959488,0.38351879756371987,0.4833547401595273,0,16.565461,NORMAL,scikit-learn IsolationForest.score_samples,0.512868471891768,1.296361072562011,0,0.104204,NORMAL,NumPy RMS auf standardisiertem 128×3-Fenster
2026-09-18T19:10:31.421+02:00,1488,0.26081469376402566,0.47720259914362284,0,0.287574,207.6080154303039,NORMAL,,PROFILE/P99,ai_edge_litert.Interpreter 2.1.6 num_threads=1,2026-09-18T19:10:30.780+02:00,15083595668888,15083625276605,0.804759,0.822444,29.607717,611.729753,641.33747,0,0,0,0,0,54.064361179601704,243236864,240959488,0.3913038344382538,0.4833547401595273,0,27.558607,NORMAL,scikit-learn IsolationForest.score_samples,0.5171615823711191,1.296361072562011,0,0.104926,NORMAL,NumPy RMS auf standardisiertem 128×3-Fenster
2026-09-18T19:10:32.030+02:00,1489,0.2984338700707519,0.47720259914362284,0,0.258222,207.6980651556386,NORMAL,,PROFILE/P99,ai_edge_litert.Interpreter 2.1.6 num_threads=1,2026-09-18T19:10:31.398+02:00,15084213444436,15084233916192,0.896963,0.871722,20.471756,611.464531,631.936287,0,0,0,0,0,52.57624720322275,243236864,240959488,0.3884151188720821,0.4833547401595273,0,18.306701,NORMAL,scikit-learn IsolationForest.score_samples,0.5417440443892494,1.296361072562011,0,0.104704,NORMAL,NumPy RMS auf standardisiertem 128×3-Fenster
2026-09-18T19:10:32.647+02:00,1490,0.311998872955409,0.47720259914362284,0,0.290814,208.07439232959146,NORMAL,,PROFILE/P99,ai_edge_litert.Interpreter 2.1.6 num_threads=1,2026-09-18T19:10:32.016+02:00,15084830305968,15084850822446,0.705999,0.840667,20.516478,610.358625,630.875103,0,0,0,0,0,55.11473994045461,243236864,240959488,0.3827755059719601,0.4833547401595273,0,18.553719,NORMAL,scikit-learn IsolationForest.score_samples,0.5350453944537777,1.296361072562011,0,0.093833,NORMAL,NumPy RMS auf standardisiertem 128×3-Fenster
2026-09-18T19:10:33.264+02:00,1491,0.277408724205286,0.47720259914362284,0,0.141574,207.4238644131805,NORMAL,,PROFILE/P99,ai_edge_litert.Interpreter 2.1.6 num_threads=1,2026-09-18T19:10:32.633+02:00,15085448645906,15085468042718,0.66337,0.485241,19.396812,612.272847,631.669659,0,0,0,0,0,51.84270563448022,243236864,240959488,0.38703649327756073,0.4833547401595273,0,17.965553,NORMAL,scikit-learn IsolationForest.score_samples,0.5325504092066937,1.296361072562011,0,0.120852,NORMAL,NumPy RMS auf standardisiertem 128×3-Fenster
2026-09-18T19:10:33.885+02:00,1492,0.2418346017286613,0.47720259914362284,0,0.256833,207.507814417507,NORMAL,,PROFILE/P99,ai_edge_litert.Interpreter 2.1.6 num_threads=1,2026-09-18T19:10:33.251+02:00,15086067023216,15086089099398,0.823203,0.885667,22.076182,612.025144,634.101326,0,0,0,0,0,49.91685936467677,243236864,240959488,0.38756945848032803,0.4833547401595273,0,19.975738,NORMAL,scikit-learn IsolationForest.score_samples,0.5312577669095642,1.296361072562011,0,0.107296,NORMAL,NumPy RMS auf standardisiertem 128×3-Fenster
2026-09-18T19:10:34.501+02:00,1493,0.27167807372466624,0.47720259914362284,0,0.319629,208.37523911161233,NORMAL,,PROFILE/P99,ai_edge_litert.Interpreter 2.1.6 num_threads=1,2026-09-18T19:10:33.870+02:00,15086683271916,15086704523986,1.617277,0.912352,21.25207,609.477405,630.729475,0,0,0,0,0,53.6204859191544,243236864,240959488,0.3895415407283361,0.4833547401595273,0,18.261108,NORMAL,scikit-learn IsolationForest.score_samples,0.5349001729513567,1.296361072562011,0,0.10426,NORMAL,NumPy RMS auf standardisiertem 128×3-Fenster
2026-09-18T19:10:35.118+02:00,1494,0.3194796402231627,0.47720259914362284,0,0.333018,207.1922674645046,NORMAL,,PROFILE/P99,ai_edge_litert.Interpreter 2.1.6 num_threads=1,2026-09-18T19:10:34.485+02:00,15087302029060,15087321975242,0.818037,0.911555,19.946182,612.957238,632.90342,0,0,0,0,0,50.20555514691222,243236864,240959488,0.3854135420330949,0.4833547401595273,0,17.73472,NORMAL,scikit-learn IsolationForest.score_samples,0.5327112777381431,1.296361072562011,0,0.111204,NORMAL,NumPy RMS auf standardisiertem 128×3-Fenster
2026-09-18T19:10:35.736+02:00,1495,0.23546906285449354,0.47720259914362284,0,0.268981,208.01832138891587,NORMAL,,PROFILE/P99,ai_edge_litert.Interpreter 2.1.6 num_threads=1,2026-09-18T19:10:35.105+02:00,15087919078612,15087939399794,0.698871,0.872185,20.321182,610.523146,630.844328,0,0,0,0,0,55.06961577700787,243236864,240959488,0.3879927579988774,0.4833547401595273,0,18.353071,NORMAL,scikit-learn IsolationForest.score_samples,0.4924214816851948,1.296361072562011,0,0.095593,NORMAL,NumPy RMS auf standardisiertem 128×3-Fenster
2026-09-18T19:10:36.354+02:00,1496,0.2885351529852521,0.47720259914362284,0,0.251018,207.10451288381765,NORMAL,,PROFILE/P99,ai_edge_litert.Interpreter 2.1.6 num_threads=1,2026-09-18T19:10:35.721+02:00,15088538284980,15088557510403,0.831315,0.833962,19.225423,613.216961,632.442384,0,0,0,0,0,51.77114875615541,243236864,240959488,0.38554892346797526,0.4833547401595273,0,17.182553,NORMAL,scikit-learn IsolationForest.score_samples,0.540982687739719,1.296361072562011,0,0.097649,NORMAL,NumPy RMS auf standardisiertem 128×3-Fenster
2026-09-18T19:10:36.973+02:00,1497,0.2736578039961491,0.47720259914362284,0,0.25,207.8168471050351,NORMAL,,PROFILE/P99,ai_edge_litert.Interpreter 2.1.6 num_threads=1,2026-09-18T19:10:36.340+02:00,15089155259719,15089176785327,1.717537,0.827073,21.525608,611.115036,632.640644,0,0,0,0,0,51.67154935090605,243236864,240959488,0.3895601560799419,0.4833547401595273,0,18.593794,NORMAL,scikit-learn IsolationForest.score_samples,0.5213780350824667,1.296361072562011,0,0.105389,NORMAL,NumPy RMS auf standardisiertem 128×3-Fenster
2026-09-18T19:10:37.598+02:00,1498,0.25615903995175177,0.47720259914362284,0,0.285334,208.64326475728103,NORMAL,,PROFILE/P99,ai_edge_litert.Interpreter 2.1.6 num_threads=1,2026-09-18T19:10:36.962+02:00,15089774060088,15089802014639,0.944,0.928333,27.954551,608.694463,636.649014,0,0,0,0,0,54.379885271861816,243236864,240959488,0.3913939003962791,0.4833547401595273,0,25.653774,NORMAL,scikit-learn IsolationForest.score_samples,0.515799258295089,1.296361072562011,0,0.109111,NORMAL,NumPy RMS auf standardisiertem 128×3-Fenster
2026-09-18T19:10:38.210+02:00,1499,0.25571054218181966,0.47720259914362284,0,0.291148,207.3366078270461,NORMAL,,PROFILE/P99,ai_edge_litert.Interpreter 2.1.6 num_threads=1,2026-09-18T19:10:37.575+02:00,15090391265939,15090413679973,0.762407,0.878926,22.414034,612.530519,634.944553,0,0,0,0,0,55.58639992212692,243236864,240959488,0.38439697952158014,0.4833547401595273,0,20.345626,NORMAL,scikit-learn IsolationForest.score_samples,0.5291884136207832,1.296361072562011,0,0.101092,NORMAL,NumPy RMS auf standardisiertem 128×3-Fenster
2026-09-18T19:10:38.824+02:00,1500,0.26050845087474467,0.47720259914362284,0,0.136204,207.90809239096427,NORMAL,,PROFILE/P99,ai_edge_litert.Interpreter 2.1.6 num_threads=1,2026-09-18T19:10:38.194+02:00,15091008166772,15091028073843,0.620778,0.563963,19.907071,610.846834,630.753905,0,0,0,0,0,52.0833034091146,243236864,240959488,0.39225774974996486,0.4833547401595273,0,18.444905,NORMAL,scikit-learn IsolationForest.score_samples,0.5447613799719982,1.296361072562011,0,0.122222,NORMAL,NumPy RMS auf standardisiertem 128×3-Fenster
2026-09-18T19:10:39.444+02:00,1501,0.24648888354115503,0.47720259914362284,0,0.217444,207.64691652912785,NORMAL,,PROFILE/P99,ai_edge_litert.Interpreter 2.1.6 num_threads=1,2026-09-18T19:10:38.811+02:00,15091626445532,15091647610214,0.762352,0.810907,21.164682,611.61515,632.779832,0,0,0,0,0,53.26578121769808,243236864,240959488,0.3897407521147788,0.4833547401595273,0,19.234404,NORMAL,scikit-learn IsolationForest.score_samples,0.523571309994413,1.296361072562011,0,0.105871,NORMAL,NumPy RMS auf standardisiertem 128×3-Fenster
2026-09-18T19:10:40.062+02:00,1502,0.3046366019691546,0.47720259914362284,0,0.213407,207.3026386247027,NORMAL,,PROFILE/P99,ai_edge_litert.Interpreter 2.1.6 num_threads=1,2026-09-18T19:10:39.429+02:00,15092245178662,15092266236270,0.627667,0.815518,21.057608,612.63089,633.688498,0,0,0,0,0,53.3443414500954,243236864,240959488,0.38975025718976036,0.4833547401595273,0,19.27183,NORMAL,scikit-learn IsolationForest.score_samples,0.5478405791542004,1.296361072562011,0,0.102574,NORMAL,NumPy RMS auf standardisiertem 128×3-Fenster
2026-09-18T19:10:40.677+02:00,1503,0.22323105588949202,0.47720259914362284,0,0.245222,207.90105125281156,NORMAL,,PROFILE/P99,ai_edge_litert.Interpreter 2.1.6 num_threads=1,2026-09-18T19:10:40.047+02:00,15092861700239,15092880343477,0.759185,0.850333,18.643238,610.867522,629.51076,0,0,0,0,0,52.113623359013175,243236864,240959488,0.38690374392559385,0.4833547401595273,0,16.699868,NORMAL,scikit-learn IsolationForest.score_samples,0.4872466532832595,1.296361072562011,0,0.056778,NORMAL,NumPy RMS auf standardisiertem 128×3-Fenster
2026-09-18T19:10:41.413+02:00,1504,nan,0.47720259914362284,-1,0.0,170.339437543201,ERROR,"ValueError: Sensorfenster mit Lücke, Overrun oder Sättigung; Entscheidung ungültig",PROFILE/P99,ai_edge_litert.Interpreter 2.1.6 num_threads=1,2026-09-18T19:10:40.664+02:00,15093613170536,15093616345295,3.144481,0.0,3.174759,745.57015,748.744909,0,0,12,12,0,72.0035156192056,243236864,240959488,nan,0.4833547401595273,-1,0.0,ERROR,scikit-learn IsolationForest.score_samples,nan,1.296361072562011,-1,0.0,ERROR,NumPy RMS auf standardisiertem 128×3-Fenster
2026-09-18T19:10:42.023+02:00,1505,nan,0.47720259914362284,-1,0.0,209.12557655777374,ERROR,"ValueError: Sensorfenster mit Lücke, Overrun oder Sättigung; Entscheidung ungültig",PROFILE/P99,ai_edge_litert.Interpreter 2.1.6 num_threads=1,2026-09-18T19:10:41.414+02:00,15094225540410,15094226657466,1.089185,0.0,1.117056,607.290615,608.407671,0,0,26,26,0,75.3726480661174,243236864,240959488,nan,0.4833547401595273,-1,0.0,ERROR,scikit-learn IsolationForest.score_samples,nan,1.296361072562011,-1,0.0,ERROR,NumPy RMS auf standardisiertem 128×3-Fenster
2026-09-18T19:10:42.667+02:00,1506,0.26192230698918806,0.47720259914362284,0,0.250129,207.23271650058376,NORMAL,,PROFILE/P99,ai_edge_litert.Interpreter 2.1.6 num_threads=1,2026-09-18T19:10:42.025+02:00,15094841308525,15094870895836,0.941352,0.888426,29.587311,612.837597,642.424908,0,0,0,0,0,76.05541773351472,243236864,240959488,0.38890809111416136,0.4833547401595273,0,27.354922,NORMAL,scikit-learn IsolationForest.score_samples,0.5227103769510916,1.296361072562011,0,0.117296,NORMAL,NumPy RMS auf standardisiertem 128×3-Fenster
2026-09-18T19:10:43.288+02:00,1507,0.2915349519917479,0.47720259914362284,0,0.295315,209.63515111505302,NORMAL,,PROFILE/P99,ai_edge_litert.Interpreter 2.1.6 num_threads=1,2026-09-18T19:10:42.650+02:00,15095459677067,15095491434988,0.909944,0.906537,31.757921,605.814432,637.572353,0,0,0,0,0,74.1331408776325,243236864,240959488,0.38854340779798785,0.4833547401595273,0,29.507552,NORMAL,scikit-learn IsolationForest.score_samples,0.5451278255924471,1.296361072562011,0,0.108444,NORMAL,NumPy RMS auf standardisiertem 128×3-Fenster
2026-09-18T19:10:43.919+02:00,1508,0.28071555139228604,0.47720259914362284,0,0.339852,208.37639505371277,NORMAL,,PROFILE/P99,ai_edge_litert.Interpreter 2.1.6 num_threads=1,2026-09-18T19:10:43.263+02:00,15096076378664,15096122863602,1.301833,1.107463,46.484938,609.474024,655.958962,0,0,0,0,0,72.84348924551114,243236864,240959488,0.3834068731370926,0.4833547401595273,0,43.550494,NORMAL,scikit-learn IsolationForest.score_samples,0.5330521377778575,1.296361072562011,0,0.13624,NORMAL,NumPy RMS auf standardisiertem 128×3-Fenster
2026-09-18T19:10:44.516+02:00,1509,0.27933004209397555,0.47720259914362284,0,0.283203,208.19712371214567,NORMAL,,PROFILE/P99,ai_edge_litert.Interpreter 2.1.6 num_threads=1,2026-09-18T19:10:43.882+02:00,15096695453410,15096719342370,3.557815,0.874092,23.88896,609.998821,633.887781,0,0,0,0,0,60.3594396583431,243236864,240959488,0.39104331049395336,0.4833547401595273,0,19.039682,NORMAL,scikit-learn IsolationForest.score_samples,0.5249718107752724,1.296361072562011,0,0.100185,NORMAL,NumPy RMS auf standardisiertem 128×3-Fenster
2026-09-18T19:10:45.128+02:00,1510,0.26268993808169155,0.47720259914362284,0,0.247759,208.50966047175106,NORMAL,,PROFILE/P99,ai_edge_litert.Interpreter 2.1.6 num_threads=1,2026-09-18T19:10:44.500+02:00,15097312808657,15097331754210,0.872778,0.888425,18.945553,609.084489,628.030042,0,0,0,0,0,48.98801881565764,243236864,240959488,0.38633206033070244,0.4833547401595273,0,16.817591,NORMAL,scikit-learn IsolationForest.score_samples,0.5166049317027671,1.296361072562011,0,0.087852,NORMAL,NumPy RMS auf standardisiertem 128×3-Fenster
2026-09-18T19:10:45.747+02:00,1511,0.265362069600974,0.47720259914362284,0,0.148648,207.8131163545786,NORMAL,,PROFILE/P99,ai_edge_litert.Interpreter 2.1.6 num_threads=1,2026-09-18T19:10:45.115+02:00,15097930113330,15097950339383,0.647704,0.483759,20.226053,611.126007,631.35206,0,0,0,0,0,50.11398182680235,243236864,240959488,0.3868758751995722,0.4833547401595273,0,18.820386,NORMAL,scikit-learn IsolationForest.score_samples,0.5314016707801839,1.296361072562011,0,0.102037,NORMAL,NumPy RMS auf standardisiertem 128×3-Fenster
2026-09-18T19:10:46.367+02:00,1512,0.27087306556068097,0.47720259914362284,0,0.347019,207.55940301901785,NORMAL,,PROFILE/P99,ai_edge_litert.Interpreter 2.1.6 num_threads=1,2026-09-18T19:10:45.734+02:00,15098549340115,15098570821001,0.698352,0.900055,21.480886,611.873026,633.353912,0,0,0,0,0,61.24193572234657,243236864,240959488,0.3897719122487126,0.4833547401595273,0,19.397831,NORMAL,scikit-learn IsolationForest.score_samples,0.5204948329412318,1.296361072562011,0,0.10313,NORMAL,NumPy RMS auf standardisiertem 128×3-Fenster
2026-09-18T19:10:46.983+02:00,1513,0.25064188832725165,0.47720259914362284,0,0.255592,208.15949113337354,NORMAL,,PROFILE/P99,ai_edge_litert.Interpreter 2.1.6 num_threads=1,2026-09-18T19:10:46.353+02:00,15099167192197,15099186588935,0.642555,0.895945,19.396738,610.109101,629.505839,0,0,0,0,0,55.213657163135416,243236864,240959488,0.38076579785276626,0.4833547401595273,0,17.456423,NORMAL,scikit-learn IsolationForest.score_samples,0.5144262061051257,1.296361072562011,0,0.117518,NORMAL,NumPy RMS auf standardisiertem 128×3-Fenster
2026-09-18T19:10:47.602+02:00,1514,0.28432444973070403,0.47720259914362284,0,0.270611,208.36533292995992,NORMAL,,PROFILE/P99,ai_edge_litert.Interpreter 2.1.6 num_threads=1,2026-09-18T19:10:46.971+02:00,15099784674669,15099805412110,0.907962,0.863371,20.737441,609.506381,630.243822,0,0,0,0,0,53.32826828980202,243236864,240959488,0.38432646118169805,0.4833547401595273,0,18.566034,NORMAL,scikit-learn IsolationForest.score_samples,0.5313874450606105,1.296361072562011,0,0.100055,NORMAL,NumPy RMS auf standardisiertem 128×3-Fenster
2026-09-18T19:10:48.220+02:00,1515,0.2961282135229375,0.47720259914362284,0,0.248963,207.72703040410096,NORMAL,,PROFILE/P99,ai_edge_litert.Interpreter 2.1.6 num_threads=1,2026-09-18T19:10:47.588+02:00,15100403064677,15100423453508,0.701111,0.86913,20.388831,611.379269,631.7681,0,0,0,0,0,55.012382437849745,243236864,240959488,0.3944954364569014,0.4833547401595273,0,18.435145,NORMAL,scikit-learn IsolationForest.score_samples,0.54342380495537,1.296361072562011,0,0.102426,NORMAL,NumPy RMS auf standardisiertem 128×3-Fenster
2026-09-18T19:10:48.837+02:00,1516,0.24700910466546944,0.47720259914362284,0,0.253908,208.12402563644216,NORMAL,,PROFILE/P99,ai_edge_litert.Interpreter 2.1.6 num_threads=1,2026-09-18T19:10:48.205+02:00,15101019319021,15101041075573,0.749592,0.80837,21.756552,610.213067,631.969619,0,0,0,0,0,51.813222084230325,243236864,240959488,0.39011823689202957,0.4833547401595273,0,19.817072,NORMAL,scikit-learn IsolationForest.score_samples,0.5103706827276461,1.296361072562011,0,0.099722,NORMAL,NumPy RMS auf standardisiertem 128×3-Fenster
2026-09-18T19:10:49.490+02:00,1517,0.26992955267853586,0.47720259914362284,0,0.389389,207.4810843579664,NORMAL,,PROFILE/P99,ai_edge_litert.Interpreter 2.1.6 num_threads=1,2026-09-18T19:10:48.822+02:00,15101637813901,15101694268060,2.321167,1.464814,56.454159,612.103992,668.558151,0,0,0,0,0,59.70655788359186,243236864,240959488,0.3825246038302388,0.4833547401595273,0,52.135419,NORMAL,scikit-learn IsolationForest.score_samples,0.5105650448774844,1.296361072562011,0,0.092982,NORMAL,NumPy RMS auf standardisiertem 128×3-Fenster
2026-09-18T19:10:50.074+02:00,1518,0.2584828943883262,0.47720259914362284,0,0.216593,217.63655973952282,NORMAL,,PROFILE/P99,ai_edge_litert.Interpreter 2.1.6 num_threads=1,2026-09-18T19:10:49.469+02:00,15102256574652,15102278020798,0.825037,0.790926,21.446146,583.541663,604.987809,0,0,0,0,0,54.81777529956623,243236864,240959488,0.3893710393482674,0.4833547401595273,0,19.485794,NORMAL,scikit-learn IsolationForest.score_samples,0.5161714949432353,1.296361072562011,0,0.100037,NORMAL,NumPy RMS auf standardisiertem 128×3-Fenster
2026-09-18T19:10:50.693+02:00,1519,0.24828184761629693,0.47720259914362284,0,0.265685,207.4341102086484,NORMAL,,PROFILE/P99,ai_edge_litert.Interpreter 2.1.6 num_threads=1,2026-09-18T19:10:50.059+02:00,15102874652108,15102896490272,0.768185,0.936463,21.838164,612.242605,634.080769,0,0,0,0,0,67.90976142497449,243236864,240959488,0.3840215733730985,0.4833547401595273,0,19.735738,NORMAL,scikit-learn IsolationForest.score_samples,0.5102882716862629,1.296361072562011,0,0.100074,NORMAL,NumPy RMS auf standardisiertem 128×3-Fenster
2026-09-18T19:10:51.309+02:00,1520,0.26256798104558765,0.47720259914362284,0,0.293482,207.8964724545621,NORMAL,,PROFILE/P99,ai_edge_litert.Interpreter 2.1.6 num_threads=1,2026-09-18T19:10:50.677+02:00,15103492019713,15103512478266,0.737592,0.872445,20.458553,610.880976,631.339529,0,0,0,0,0,51.9471561126002,243236864,240959488,0.3795796939764341,0.4833547401595273,0,18.395794,NORMAL,scikit-learn IsolationForest.score_samples,0.5129644986497089,1.296361072562011,0,0.126056,NORMAL,NumPy RMS auf standardisiertem 128×3-Fenster
2026-09-18T19:10:51.925+02:00,1521,0.27208402495847833,0.47720259914362284,0,0.139111,208.13779477209943,NORMAL,,PROFILE/P99,ai_edge_litert.Interpreter 2.1.6 num_threads=1,2026-09-18T19:10:51.295+02:00,15104108690485,15104128346056,0.641555,0.822741,19.655571,610.172699,629.82827,0,0,0,0,0,53.58454808695115,243236864,240959488,0.38266642113236776,0.4833547401595273,0,17.932553,NORMAL,scikit-learn IsolationForest.score_samples,0.519292913285813,1.296361072562011,0,0.099111,NORMAL,NumPy RMS auf standardisiertem 128×3-Fenster
2026-09-18T19:10:52.571+02:00,1522,0.2939864910609069,0.47720259914362284,0,1.066,207.55094559810422,NORMAL,,PROFILE/P99,ai_edge_litert.Interpreter 2.1.6 num_threads=1,2026-09-18T19:10:51.912+02:00,15104727744239,15104774629159,1.176722,1.323092,46.88492,611.897959,658.782879,0,0,0,0,0,55.70206238072156,243236864,240959488,0.3909210084681777,0.4833547401595273,0,43.140902,NORMAL,scikit-learn IsolationForest.score_samples,0.5395201282104215,1.296361072562011,0,0.109778,NORMAL,NumPy RMS auf standardisiertem 128×3-Fenster
2026-09-18T19:10:53.175+02:00,1523,0.2560455818326826,0.47720259914362284,0,0.259092,210.29076921217296,NORMAL,,PROFILE/P99,ai_edge_litert.Interpreter 2.1.6 num_threads=1,2026-09-18T19:10:52.537+02:00,15105344773752,15105378577378,1.042408,0.936074,33.803626,603.9257,637.729326,0,0,0,0,0,61.26507441016084,243236864,240959488,0.38249014592228187,0.4833547401595273,0,31.430385,NORMAL,scikit-learn IsolationForest.score_samples,0.5209599947015089,1.296361072562011,0,0.097166,NORMAL,NumPy RMS auf standardisiertem 128×3-Fenster
2026-09-18T19:10:53.779+02:00,1524,0.26797739701694095,0.47720259914362284,0,0.202,208.26144555463173,NORMAL,,PROFILE/P99,ai_edge_litert.Interpreter 2.1.6 num_threads=1,2026-09-18T19:10:53.149+02:00,15105962921322,15105983043042,0.736463,0.873482,20.12172,609.810422,629.932142,0,0,0,0,0,56.240805941290105,243236864,240959488,0.3908150962348069,0.4833547401595273,0,18.140553,NORMAL,scikit-learn IsolationForest.score_samples,0.5420619234289995,1.296361072562011,0,0.140093,NORMAL,NumPy RMS auf standardisiertem 128×3-Fenster
2026-09-18T19:10:54.397+02:00,1525,0.27391740070368087,0.47720259914362284,0,0.278167,207.57269314210058,NORMAL,,PROFILE/P99,ai_edge_litert.Interpreter 2.1.6 num_threads=1,2026-09-18T19:10:53.765+02:00,15106580809597,15106601190038,0.647462,0.844704,20.380441,611.83385,632.214291,0,0,0,0,0,55.00900460194434,243236864,240959488,0.38586261551107864,0.4833547401595273,0,18.462905,NORMAL,scikit-learn IsolationForest.score_samples,0.5107607363656455,1.296361072562011,0,0.11587,NORMAL,NumPy RMS auf standardisiertem 128×3-Fenster
2026-09-18T19:10:55.018+02:00,1526,0.2638572245698696,0.47720259914362284,0,0.382278,207.78350158062463,NORMAL,,PROFILE/P99,ai_edge_litert.Interpreter 2.1.6 num_threads=1,2026-09-18T19:10:54.384+02:00,15107199068390,15107221450091,0.697203,1.028167,22.381701,611.213109,633.59481,0,0,0,0,0,51.59076171907863,243236864,240959488,0.37926939603851817,0.4833547401595273,0,20.147498,NORMAL,scikit-learn IsolationForest.score_samples,0.5046540883192214,1.296361072562011,0,0.093111,NORMAL,NumPy RMS auf standardisiertem 128×3-Fenster
2026-09-18T19:10:55.636+02:00,1527,0.27676069416603594,0.47720259914362284,0,0.247204,208.1831337785162,NORMAL,,PROFILE/P99,ai_edge_litert.Interpreter 2.1.6 num_threads=1,2026-09-18T19:10:55.003+02:00,15107816547961,15107839911385,0.794871,0.876389,23.363424,610.039813,633.403237,0,0,0,0,0,51.73878878928274,243236864,240959488,0.3935092073622977,0.4833547401595273,0,21.310053,NORMAL,scikit-learn IsolationForest.score_samples,0.5073146668188512,1.296361072562011,0,0.105333,NORMAL,NumPy RMS auf standardisiertem 128×3-Fenster
2026-09-18T19:10:56.251+02:00,1528,0.23958997222214862,0.47720259914362284,0,0.245833,209.22593007198577,NORMAL,,PROFILE/P99,ai_edge_litert.Interpreter 2.1.6 num_threads=1,2026-09-18T19:10:55.624+02:00,15108435132404,15108455205420,0.690759,0.840185,20.073016,606.999333,627.072349,0,0,0,0,0,52.010450895486066,243236864,240959488,0.379200072331026,0.4833547401595273,0,18.163869,NORMAL,scikit-learn IsolationForest.score_samples,0.5067938605374248,1.296361072562011,0,0.104148,NORMAL,NumPy RMS auf standardisiertem 128×3-Fenster
2026-09-18T19:10:56.869+02:00,1529,0.26136584204948893,0.47720259914362284,0,0.235537,207.94432871205498,NORMAL,,PROFILE/P99,ai_edge_litert.Interpreter 2.1.6 num_threads=1,2026-09-18T19:10:56.238+02:00,15109052256699,15109072713493,0.755389,0.849815,20.456794,610.740388,631.197182,0,0,0,0,0,50.202879390388674,243236864,240959488,0.38909063009581263,0.4833547401595273,0,18.488942,NORMAL,scikit-learn IsolationForest.score_samples,0.5430798167037967,1.296361072562011,0,0.097833,NORMAL,NumPy RMS auf standardisiertem 128×3-Fenster
2026-09-18T19:10:57.487+02:00,1530,0.30219279413508,0.47720259914362284,0,0.271722,207.40402719959778,NORMAL,,PROFILE/P99,ai_edge_litert.Interpreter 2.1.6 num_threads=1,2026-09-18T19:10:56.854+02:00,15109670448069,15109691216529,0.842537,0.844351,20.76846,612.331408,633.099868,0,0,0,0,0,51.73888465614096,243236864,240959488,0.3919447704637087,0.4833547401595273,0,18.67946,NORMAL,scikit-learn IsolationForest.score_samples,0.5564790943017504,1.296361072562011,0,0.093222,NORMAL,NumPy RMS auf standardisiertem 128×3-Fenster
2026-09-18T19:10:58.107+02:00,1531,0.2637714707310342,0.47720259914362284,0,0.251815,207.51876363418702,NORMAL,,PROFILE/P99,ai_edge_litert.Interpreter 2.1.6 num_threads=1,2026-09-18T19:10:57.473+02:00,15110288439309,15110310928121,1.22313,0.909444,22.488812,611.992852,634.481664,0,0,0,0,0,50.022931722114826,243236864,240959488,0.38704225388306374,0.4833547401595273,0,19.980831,NORMAL,scikit-learn IsolationForest.score_samples,0.5415388144907948,1.296361072562011,0,0.095407,NORMAL,NumPy RMS auf standardisiertem 128×3-Fenster
2026-09-18T19:10:58.724+02:00,1532,0.26566582264362343,0.47720259914362284,0,0.238407,207.59550668712285,NORMAL,,PROFILE/P99,ai_edge_litert.Interpreter 2.1.6 num_threads=1,2026-09-18T19:10:58.092+02:00,15110907792384,15110927483622,0.75774,0.858945,19.691238,611.766613,631.457851,0,0,0,0,0,56.76548796377161,243236864,240959488,0.378904288158438,0.4833547401595273,0,17.701405,NORMAL,scikit-learn IsolationForest.score_samples,0.5093533360603542,1.296361072562011,0,0.104797,NORMAL,NumPy RMS auf standardisiertem 128×3-Fenster
2026-09-18T19:10:59.340+02:00,1533,0.2815829950058439,0.47720259914362284,0,0.24487,208.731679390402,NORMAL,,PROFILE/P99,ai_edge_litert.Interpreter 2.1.6 num_threads=1,2026-09-18T19:10:58.712+02:00,15111524534589,15111544144605,0.721907,0.828167,19.610016,608.436632,628.046648,0,0,0,0,0,51.89224243107199,243236864,240959488,0.3943329066350932,0.4833547401595273,0,17.673998,NORMAL,scikit-learn IsolationForest.score_samples,0.5244644917187041,1.296361072562011,0,0.110908,NORMAL,NumPy RMS auf standardisiertem 128×3-Fenster
2026-09-18T19:10:59.958+02:00,1534,0.2977118581967562,0.47720259914362284,0,0.233963,207.2342642372632,NORMAL,,PROFILE/P99,ai_edge_litert.Interpreter 2.1.6 num_threads=1,2026-09-18T19:10:59.327+02:00,15112143380127,15112162199106,0.962907,0.824445,18.818979,612.83302,631.651999,0,0,0,0,0,51.77586098395157,243236864,240959488,0.388853049256283,0.4833547401595273,0,16.673701,NORMAL,scikit-learn IsolationForest.score_samples,0.5412343925797097,1.296361072562011,0,0.092852,NORMAL,NumPy RMS auf standardisiertem 128×3-Fenster
2026-09-18T19:11:00.587+02:00,1535,0.28758324299089405,0.47720259914362284,0,0.358537,207.6580950212245,NORMAL,,PROFILE/P99,ai_edge_litert.Interpreter 2.1.6 num_threads=1,2026-09-18T19:10:59.946+02:00,15112761126352,15112791169626,0.696555,0.925074,30.043274,611.582226,641.6255,0,0,0,0,0,54.055761580210564,243236864,240959488,0.3804969500546007,0.4833547401595273,0,27.914016,NORMAL,scikit-learn IsolationForest.score_samples,0.5176113612473291,1.296361072562011,0,0.107629,NORMAL,NumPy RMS auf standardisiertem 128×3-Fenster
2026-09-18T19:11:01.198+02:00,1536,0.2717120641358459,0.47720259914362284,0,0.234296,208.03991310274395,NORMAL,,PROFILE/P99,ai_edge_litert.Interpreter 2.1.6 num_threads=1,2026-09-18T19:11:00.565+02:00,15113379508466,15113401391074,0.757925,0.848019,21.882608,610.459782,632.34239,0,0,0,0,0,50.80112647206275,243236864,240959488,0.3891267827210294,0.4833547401595273,0,19.905942,NORMAL,scikit-learn IsolationForest.score_samples,0.5190755096092337,1.296361072562011,0,0.107815,NORMAL,NumPy RMS auf standardisiertem 128×3-Fenster
2026-09-18T19:11:01.815+02:00,1537,0.2690725910548017,0.47720259914362284,0,0.278778,209.0674340506039,NORMAL,,PROFILE/P99,ai_edge_litert.Interpreter 2.1.6 num_threads=1,2026-09-18T19:11:01.186+02:00,15113997379562,15114019060096,0.72974,0.8965,21.680534,607.459505,629.140039,0,0,0,0,0,53.427736841402314,243236864,240959488,0.3871257991912925,0.4833547401595273,0,19.65459,NORMAL,scikit-learn IsolationForest.score_samples,0.5230349463501798,1.296361072562011,0,0.092408,NORMAL,NumPy RMS auf standardisiertem 128×3-Fenster
2026-09-18T19:11:02.429+02:00,1538,0.24737696401208686,0.47720259914362284,0,0.20563,208.29973748328518,NORMAL,,PROFILE/P99,ai_edge_litert.Interpreter 2.1.6 num_threads=1,2026-09-18T19:11:01.801+02:00,15114614083140,15114632924878,0.828092,0.781093,18.841738,609.69832,628.540058,0,0,0,0,0,53.75603351007317,243236864,240959488,0.38399938870550326,0.4833547401595273,0,16.882461,NORMAL,scikit-learn IsolationForest.score_samples,0.5197791285756896,1.296361072562011,0,0.110482,NORMAL,NumPy RMS auf standardisiertem 128×3-Fenster
2026-09-18T19:11:03.049+02:00,1539,0.2691916278562843,0.47720259914362284,0,0.292926,207.58190793892757,NORMAL,,PROFILE/P99,ai_edge_litert.Interpreter 2.1.6 num_threads=1,2026-09-18T19:11:02.416+02:00,15115232101292,15115253046901,0.782352,1.07187,20.945609,611.80669,632.752299,0,0,0,0,0,51.60503886752851,243236864,240959488,0.3887160041266946,0.4833547401595273,0,18.642053,NORMAL,scikit-learn IsolationForest.score_samples,0.5039811695734764,1.296361072562011,0,0.109963,NORMAL,NumPy RMS auf standardisiertem 128×3-Fenster
2026-09-18T19:11:03.667+02:00,1540,0.24905146384964758,0.47720259914362284,0,0.250389,207.5199863887804,NORMAL,,PROFILE/P99,ai_edge_litert.Interpreter 2.1.6 num_threads=1,2026-09-18T19:11:03.034+02:00,15115850176112,15115870932147,0.775037,0.809186,20.756035,611.989246,632.745281,0,0,0,0,0,56.64725525460747,243236864,240959488,0.3824947584044395,0.4833547401595273,0,18.789886,NORMAL,scikit-learn IsolationForest.score_samples,0.5041956054316737,1.296361072562011,0,0.102463,NORMAL,NumPy RMS auf standardisiertem 128×3-Fenster
2026-09-18T19:11:04.284+02:00,1541,0.268154192460812,0.47720259914362284,0,0.271296,208.07154137897118,NORMAL,,PROFILE/P99,ai_edge_litert.Interpreter 2.1.6 num_threads=1,2026-09-18T19:11:03.653+02:00,15116467524618,15116488214134,0.856296,0.912871,20.689516,610.366988,631.056504,0,0,0,0,0,51.83780732196452,243236864,240959488,0.38281091316801014,0.4833547401595273,0,18.514943,NORMAL,scikit-learn IsolationForest.score_samples,0.510106482497874,1.296361072562011,0,0.107963,NORMAL,NumPy RMS auf standardisiertem 128×3-Fenster
2026-09-18T19:11:04.903+02:00,1542,0.27836997348875414,0.47720259914362284,0,0.237,207.42740503044058,NORMAL,,PROFILE/P99,ai_edge_litert.Interpreter 2.1.6 num_threads=1,2026-09-18T19:11:04.270+02:00,15117086370476,15117107128826,0.800704,0.892463,20.75835,612.262396,633.020746,0,0,0,0,0,51.69827742761049,243236864,240959488,0.38408744737890826,0.4833547401595273,0,18.655257,NORMAL,scikit-learn IsolationForest.score_samples,0.5227597956237301,1.296361072562011,0,0.138685,NORMAL,NumPy RMS auf standardisiertem 128×3-Fenster
2026-09-18T19:11:05.522+02:00,1543,0.2936587531843185,0.47720259914362284,0,0.279852,208.35130602596354,NORMAL,,PROFILE/P99,ai_edge_litert.Interpreter 2.1.6 num_threads=1,2026-09-18T19:11:04.891+02:00,15117704553409,15117726233499,0.831426,0.937333,21.68009,609.547415,631.227505,0,0,0,0,0,53.30770195640296,243236864,240959488,0.3821530123759542,0.4833547401595273,0,19.497498,NORMAL,scikit-learn IsolationForest.score_samples,0.5268645735160944,1.296361072562011,0,0.104593,NORMAL,NumPy RMS auf standardisiertem 128×3-Fenster
2026-09-18T19:11:06.139+02:00,1544,0.2672842690471097,0.47720259914362284,0,0.247407,207.95988806799733,NORMAL,,PROFILE/P99,ai_edge_litert.Interpreter 2.1.6 num_threads=1,2026-09-18T19:11:05.507+02:00,15118321450398,15118343078581,0.691018,0.888648,21.628183,610.694693,632.322876,0,0,0,0,0,55.11859890000402,243236864,240959488,0.3874680908588497,0.4833547401595273,0,19.670387,NORMAL,scikit-learn IsolationForest.score_samples,0.5226746790715753,1.296361072562011,0,0.101148,NORMAL,NumPy RMS auf standardisiertem 128×3-Fenster
2026-09-18T19:11:06.757+02:00,1545,0.28293993973078485,0.47720259914362284,0,0.277518,207.63839562167203,NORMAL,,PROFILE/P99,ai_edge_litert.Interpreter 2.1.6 num_threads=1,2026-09-18T19:11:06.124+02:00,15118939499350,15118960338089,0.622537,0.849315,20.838739,611.640249,632.478988,0,0,0,0,0,53.4617865186387,243236864,240959488,0.39303266556291855,0.4833547401595273,0,18.959591,NORMAL,scikit-learn IsolationForest.score_samples,0.5458503191801435,1.296361072562011,0,0.099352,NORMAL,NumPy RMS auf standardisiertem 128×3-Fenster
2026-09-18T19:11:07.372+02:00,1546,0.3350250771426739,0.47720259914362284,0,0.251481,208.20369613529596,NORMAL,,PROFILE/P99,ai_edge_litert.Interpreter 2.1.6 num_threads=1,2026-09-18T19:11:06.743+02:00,15119557216600,15119576212265,0.855703,0.976074,18.995665,609.979565,628.97523,0,0,0,0,0,50.33549704793406,243236864,240959488,0.3933140626402038,0.4833547401595273,0,16.780128,NORMAL,scikit-learn IsolationForest.score_samples,0.565987001931908,1.296361072562011,0,0.102685,NORMAL,NumPy RMS auf standardisiertem 128×3-Fenster
2026-09-18T19:11:07.991+02:00,1547,0.24223234297222218,0.47720259914362284,0,0.224482,207.57809876300175,NORMAL,,PROFILE/P99,ai_edge_litert.Interpreter 2.1.6 num_threads=1,2026-09-18T19:11:07.360+02:00,15120175142646,15120195278940,0.817852,0.822574,20.136294,611.817917,631.954211,0,0,0,0,0,54.921550598236415,243236864,240959488,0.37915053622582956,0.4833547401595273,0,18.128906,NORMAL,scikit-learn IsolationForest.score_samples,0.5238489419367048,1.296361072562011,0,0.111815,NORMAL,NumPy RMS auf standardisiertem 128×3-Fenster
2026-09-18T19:11:08.620+02:00,1548,0.26159393877177123,0.47720259914362284,0,0.347241,207.22661539020837,NORMAL,,PROFILE/P99,ai_edge_litert.Interpreter 2.1.6 num_threads=1,2026-09-18T19:11:07.977+02:00,15120793786396,15120823533930,1.030926,0.993741,29.747534,612.85564,642.603174,0,0,0,0,0,52.522173250052845,243236864,240959488,0.3849005904724763,0.4833547401595273,0,27.201182,NORMAL,scikit-learn IsolationForest.score_samples,0.5106597594649555,1.296361072562011,0,0.133981,NORMAL,NumPy RMS auf standardisiertem 128×3-Fenster
2026-09-18T19:11:09.236+02:00,1549,0.28419888194287185,0.47720259914362284,0,0.331963,208.1623018454901,NORMAL,,PROFILE/P99,ai_edge_litert.Interpreter 2.1.6 num_threads=1,2026-09-18T19:11:08.598+02:00,15121411482703,15121440123941,0.964241,1.267037,28.641238,610.100863,638.742101,0,0,0,0,0,56.76836177490775,243236864,240959488,0.3782311318206683,0.4833547401595273,0,25.887812,NORMAL,scikit-learn IsolationForest.score_samples,0.5097517416237579,1.296361072562011,0,0.145278,NORMAL,NumPy RMS auf standardisiertem 128×3-Fenster
2026-09-18T19:11:09.847+02:00,1550,0.2700946095220142,0.47720259914362284,0,0.303426,207.71411968785245,NORMAL,,PROFILE/P99,ai_edge_litert.Interpreter 2.1.6 num_threads=1,2026-09-18T19:11:09.214+02:00,15122028954232,15122050604397,0.72576,0.876333,21.650165,611.41727,633.067435,0,0,0,0,0,52.417468159922436,243236864,240959488,0.3790670372719222,0.4833547401595273,0,19.610147,NORMAL,scikit-learn IsolationForest.score_samples,0.5260173392548622,1.296361072562011,0,0.103945,NORMAL,NumPy RMS auf standardisiertem 128×3-Fenster
2026-09-18T19:11:10.464+02:00,1551,0.27886827338208536,0.47720259914362284,0,0.34337,208.4860024755168,NORMAL,,PROFILE/P99,ai_edge_litert.Interpreter 2.1.6 num_threads=1,2026-09-18T19:11:09.834+02:00,15122647120911,15122668245279,1.037574,1.065036,21.124368,609.153605,630.277973,0,0,0,0,0,51.81069280185648,243236864,240959488,0.38912554662377846,0.4833547401595273,0,18.535794,NORMAL,scikit-learn IsolationForest.score_samples,0.5361485753500664,1.296361072562011,0,0.105611,NORMAL,NumPy RMS auf standardisiertem 128×3-Fenster
2026-09-18T19:11:11.084+02:00,1552,0.2898585479846485,0.47720259914362284,0,0.301463,207.99372421027266,NORMAL,,PROFILE/P99,ai_edge_litert.Interpreter 2.1.6 num_threads=1,2026-09-18T19:11:10.451+02:00,15123265586904,15123287595068,0.739759,0.868037,22.008164,610.595346,632.60351,0,0,0,0,0,56.50968280012155,243236864,240959488,0.38689034984159626,0.4833547401595273,0,19.963517,NORMAL,scikit-learn IsolationForest.score_samples,0.5223449596321657,1.296361072562011,0,0.102056,NORMAL,NumPy RMS auf standardisiertem 128×3-Fenster
2026-09-18T19:11:11.703+02:00,1553,0.2592620684814744,0.47720259914362284,0,0.265667,208.0036220014642,NORMAL,,PROFILE/P99,ai_edge_litert.Interpreter 2.1.6 num_threads=1,2026-09-18T19:11:11.068+02:00,15123882786657,15123906778433,1.719926,0.914093,23.991776,610.566291,634.558067,0,0,0,0,0,54.90873354539817,243236864,240959488,0.38212587704938833,0.4833547401595273,0,20.915201,NORMAL,scikit-learn IsolationForest.score_samples,0.5315666826166056,1.296361072562011,0,0.135574,NORMAL,NumPy RMS auf standardisiertem 128×3-Fenster
2026-09-18T19:11:12.316+02:00,1554,0.248573010640096,0.47720259914362284,0,0.148926,207.2747719604577,NORMAL,,PROFILE/P99,ai_edge_litert.Interpreter 2.1.6 num_threads=1,2026-09-18T19:11:11.685+02:00,15124501192522,15124520126965,0.401019,0.474166,18.934443,612.713254,631.647697,0,0,0,0,0,52.17527306014768,243236864,240959488,0.38491389285863953,0.4833547401595273,0,17.78522,NORMAL,scikit-learn IsolationForest.score_samples,0.5142752934910721,1.296361072562011,0,0.103944,NORMAL,NumPy RMS auf standardisiertem 128×3-Fenster
2026-09-18T19:11:12.936+02:00,1555,0.2778945125498172,0.47720259914362284,0,0.214759,207.67774891605788,NORMAL,,PROFILE/P99,ai_edge_litert.Interpreter 2.1.6 num_threads=1,2026-09-18T19:11:12.304+02:00,15125119599184,15125139930997,0.797074,0.786185,20.331813,611.524348,631.856161,0,0,0,0,0,48.399474549451874,243236864,240959488,0.38193335923790434,0.4833547401595273,0,18.399961,NORMAL,scikit-learn IsolationForest.score_samples,0.5329754599942098,1.296361072562011,0,0.103797,NORMAL,NumPy RMS auf standardisiertem 128×3-Fenster
2026-09-18T19:11:13.552+02:00,1556,0.2572970450892302,0.47720259914362284,0,0.258111,207.56065033746282,NORMAL,,PROFILE/P99,ai_edge_litert.Interpreter 2.1.6 num_threads=1,2026-09-18T19:11:12.920+02:00,15125735768384,15125756234363,0.718926,0.976777,20.465979,611.869349,632.335328,0,0,0,0,0,55.172070987573754,243236864,240959488,0.3823638596425309,0.4833547401595273,0,18.384683,NORMAL,scikit-learn IsolationForest.score_samples,0.516464515409304,1.296361072562011,0,0.094241,NORMAL,NumPy RMS auf standardisiertem 128×3-Fenster
2026-09-18T19:11:14.176+02:00,1557,0.27752181618339417,0.47720259914362284,0,0.246149,207.39576160012015,NORMAL,,PROFILE/P99,ai_edge_litert.Interpreter 2.1.6 num_threads=1,2026-09-18T19:11:13.538+02:00,15126354574084,15126380132192,3.679222,0.921685,25.558108,612.355812,637.91392,0,0,0,0,0,56.09776008559444,243236864,240959488,0.3849349951200115,0.4833547401595273,0,20.550572,NORMAL,scikit-learn IsolationForest.score_samples,0.5029666191153025,1.296361072562011,0,0.107981,NORMAL,NumPy RMS auf standardisiertem 128×3-Fenster
2026-09-18T19:11:14.789+02:00,1558,0.27964238879394365,0.47720259914362284,0,0.31937,207.8476656897886,NORMAL,,PROFILE/P99,ai_edge_litert.Interpreter 2.1.6 num_threads=1,2026-09-18T19:11:14.158+02:00,15126972956969,15126992493023,0.818334,1.131592,19.536054,611.024423,630.560477,0,0,0,0,0,53.890981972957995,243236864,240959488,0.3828670235033697,0.4833547401595273,0,17.134924,NORMAL,scikit-learn IsolationForest.score_samples,0.5181344909738571,1.296361072562011,0,0.086129,NORMAL,NumPy RMS auf standardisiertem 128×3-Fenster
2026-09-18T19:11:15.409+02:00,1559,0.30001744126315916,0.47720259914362284,0,0.251444,207.878397802489,NORMAL,,PROFILE/P99,ai_edge_litert.Interpreter 2.1.6 num_threads=1,2026-09-18T19:11:14.777+02:00,15127591385837,15127613031391,0.836,0.813463,21.645554,610.934091,632.579645,0,0,0,0,0,56.40209959218592,243236864,240959488,0.384567916314146,0.4833547401595273,0,19.620072,NORMAL,scikit-learn IsolationForest.score_samples,0.5464398225218698,1.296361072562011,0,0.093593,NORMAL,NumPy RMS auf standardisiertem 128×3-Fenster
2026-09-18T19:11:16.025+02:00,1560,0.2820143755141829,0.47720259914362284,0,0.2175,207.40466160921017,NORMAL,,PROFILE/P99,ai_edge_litert.Interpreter 2.1.6 num_threads=1,2026-09-18T19:11:15.392+02:00,15128207970872,15128228723630,0.778685,0.786963,20.752758,612.329535,633.082293,0,0,0,0,0,55.22223558529491,243236864,240959488,0.3872279672664556,0.4833547401595273,0,18.841554,NORMAL,scikit-learn IsolationForest.score_samples,0.5035881498060345,1.296361072562011,0,0.101037,NORMAL,NumPy RMS auf standardisiertem 128×3-Fenster
2026-09-18T19:11:16.643+02:00,1561,0.29925429143472543,0.47720259914362284,0,0.273074,207.46985916276174,NORMAL,,PROFILE/P99,ai_edge_litert.Interpreter 2.1.6 num_threads=1,2026-09-18T19:11:16.010+02:00,15128826158056,15128846671017,0.818315,0.876611,20.512961,612.13711,632.650071,0,0,0,0,0,53.40375845557937,243236864,240959488,0.3874209810257379,0.4833547401595273,0,18.418332,NORMAL,scikit-learn IsolationForest.score_samples,0.5466303969695412,1.296361072562011,0,0.094871,NORMAL,NumPy RMS auf standardisiertem 128×3-Fenster
2026-09-18T19:11:17.260+02:00,1562,0.29270176872937886,0.47720259914362284,0,0.222667,207.76917356550712,NORMAL,,PROFILE/P99,ai_edge_litert.Interpreter 2.1.6 num_threads=1,2026-09-18T19:11:16.629+02:00,15129443819518,15129463412961,0.888148,0.804574,19.593443,611.255259,630.848702,0,0,0,0,0,51.8848010064676,243236864,240959488,0.38391461513994835,0.4833547401595273,0,17.545276,NORMAL,scikit-learn IsolationForest.score_samples,0.5308649247929468,1.296361072562011,0,0.104075,NORMAL,NumPy RMS auf standardisiertem 128×3-Fenster
2026-09-18T19:11:17.880+02:00,1563,0.2608313862740855,0.47720259914362284,0,0.277796,207.41494818986092,NORMAL,,PROFILE/P99,ai_edge_litert.Interpreter 2.1.6 num_threads=1,2026-09-18T19:11:17.246+02:00,15130062375462,15130083471812,0.726648,0.858926,21.09635,612.299167,633.395517,0,0,0,0,0,53.22081030516266,243236864,240959488,0.38706573378116843,0.4833547401595273,0,19.104665,NORMAL,scikit-learn IsolationForest.score_samples,0.5161432801359438,1.296361072562011,0,0.096074,NORMAL,NumPy RMS auf standardisiertem 128×3-Fenster
2026-09-18T19:11:18.496+02:00,1564,0.2940629392795889,0.47720259914362284,0,0.225278,207.6067940137421,NORMAL,,PROFILE/P99,ai_edge_litert.Interpreter 2.1.6 num_threads=1,2026-09-18T19:11:17.864+02:00,15130679894592,15130700260016,0.784185,0.813445,20.365424,611.733352,632.098776,0,0,0,0,0,53.501386484419285,243236864,240959488,0.38940789633962614,0.4833547401595273,0,18.409665,NORMAL,scikit-learn IsolationForest.score_samples,0.5377444992927161,1.296361072562011,0,0.102871,NORMAL,NumPy RMS auf standardisiertem 128×3-Fenster
2026-09-18T19:11:19.123+02:00,1565,0.29273741822326355,0.47720259914362284,0,0.380222,207.52596575096368,NORMAL,,PROFILE/P99,ai_edge_litert.Interpreter 2.1.6 num_threads=1,2026-09-18T19:11:18.482+02:00,15131297854834,15131326854646,1.054611,1.063296,28.999812,611.971613,640.971425,0,0,0,0,0,55.855829045059494,243236864,240959488,0.38238864426083263,0.4833547401595273,0,26.290202,NORMAL,scikit-learn IsolationForest.score_samples,0.5332784306681251,1.296361072562011,0,0.127722,NORMAL,NumPy RMS auf standardisiertem 128×3-Fenster
2026-09-18T19:11:19.842+02:00,1566,0.2630054090823803,0.47720259914362284,0,0.254352,178.61602280405108,NORMAL,,PROFILE/P99,ai_edge_litert.Interpreter 2.1.6 num_threads=1,2026-09-18T19:11:19.102+02:00,15132016970993,15132045967250,0.934426,0.876241,28.996257,711.022438,740.018695,0,0,0,0,0,72.31039782256819,243236864,240959488,0.38665217990091555,0.4833547401595273,0,26.763831,NORMAL,scikit-learn IsolationForest.score_samples,0.5161820581799468,1.296361072562011,0,0.131871,NORMAL,NumPy RMS auf standardisiertem 128×3-Fenster
2026-09-18T19:11:20.376+02:00,1567,0.28910242955568083,0.47720259914362284,0,0.457759,243.8899353911556,NORMAL,,PROFILE/P99,ai_edge_litert.Interpreter 2.1.6 num_threads=1,2026-09-18T19:11:19.818+02:00,15132542367651,15132579902259,0.951,1.427278,37.534608,520.726695,558.261303,0,0,0,0,0,80.53105684785794,243236864,240959488,0.3893071900135927,0.4833547401595273,0,34.532664,NORMAL,scikit-learn IsolationForest.score_samples,0.5499591402910906,1.296361072562011,0,0.113574,NORMAL,NumPy RMS auf standardisiertem 128×3-Fenster
2026-09-18T19:11:20.978+02:00,1568,0.2716020161543773,0.47720259914362284,0,0.446962,210.84408727551983,NORMAL,,PROFILE/P99,ai_edge_litert.Interpreter 2.1.6 num_threads=1,2026-09-18T19:11:20.346+02:00,15133151801432,15133181429170,1.121778,1.128111,29.627738,602.340818,631.968556,0,0,0,0,0,78.12930685206261,243236864,240959488,0.3802163184156611,0.4833547401595273,0,26.712442,NORMAL,scikit-learn IsolationForest.score_samples,0.5185597282525772,1.296361072562011,0,0.172074,NORMAL,NumPy RMS auf standardisiertem 128×3-Fenster
2026-09-18T19:11:21.592+02:00,1569,0.2492438292862471,0.47720259914362284,0,0.204796,208.63325356046488,NORMAL,,PROFILE/P99,ai_edge_litert.Interpreter 2.1.6 num_threads=1,2026-09-18T19:11:20.958+02:00,15133770765158,15133795652507,0.894759,0.85437,24.887349,608.723671,633.61102,0,0,0,0,0,76.52422464867554,243236864,240959488,0.38803543416408015,0.4833547401595273,0,22.761665,NORMAL,scikit-learn IsolationForest.score_samples,0.5267324642189032,1.296361072562011,0,0.139074,NORMAL,NumPy RMS auf standardisiertem 128×3-Fenster
2026-09-18T19:11:22.209+02:00,1570,0.2753096419828376,0.47720259914362284,0,0.234333,208.13445669454111,NORMAL,,PROFILE/P99,ai_edge_litert.Interpreter 2.1.6 num_threads=1,2026-09-18T19:11:21.575+02:00,15134388850346,15134412623437,0.835426,0.812704,23.773091,610.182485,633.955576,0,0,0,0,0,77.80799926919181,243236864,240959488,0.387846191786618,0.4833547401595273,0,21.76298,NORMAL,scikit-learn IsolationForest.score_samples,0.5351127072788158,1.296361072562011,0,0.099481,NORMAL,NumPy RMS auf standardisiertem 128×3-Fenster
2026-09-18T19:11:22.822+02:00,1571,0.28153866560468543,0.47720259914362284,0,0.220963,207.2165364787442,NORMAL,,PROFILE/P99,ai_edge_litert.Interpreter 2.1.6 num_threads=1,2026-09-18T19:11:22.189+02:00,15135005678258,15135025909812,0.892055,0.823926,20.231554,612.885449,633.117003,0,0,0,0,0,52.17640171612885,243236864,240959488,0.38562191871990964,0.4833547401595273,0,18.161591,NORMAL,scikit-learn IsolationForest.score_samples,0.5358641009171948,1.296361072562011,0,0.100833,NORMAL,NumPy RMS auf standardisiertem 128×3-Fenster
2026-09-18T19:11:23.442+02:00,1572,0.2789190366489673,0.47720259914362284,0,0.238092,207.37346429621834,NORMAL,,PROFILE/P99,ai_edge_litert.Interpreter 2.1.6 num_threads=1,2026-09-18T19:11:22.808+02:00,15135624298411,15135645327057,0.854129,0.834389,21.028646,612.421654,633.4503,0,0,0,0,0,53.276499900528684,243236864,240959488,0.3892009826490117,0.4833547401595273,0,18.961591,NORMAL,scikit-learn IsolationForest.score_samples,0.5254671707502264,1.296361072562011,0,0.108389,NORMAL,NumPy RMS auf standardisiertem 128×3-Fenster
2026-09-18T19:11:24.058+02:00,1573,0.2591359606425631,0.47720259914362284,0,0.312537,207.51667725342134,NORMAL,,PROFILE/P99,ai_edge_litert.Interpreter 2.1.6 num_threads=1,2026-09-18T19:11:23.426+02:00,15136242158397,15136262163322,0.649019,0.917518,20.004925,611.999005,632.00393,0,0,0,0,0,53.49562015380147,243236864,240959488,0.3864473247816105,0.4833547401595273,0,17.97548,NORMAL,scikit-learn IsolationForest.score_samples,0.5160792424302647,1.296361072562011,0,0.113778,NORMAL,NumPy RMS auf standardisiertem 128×3-Fenster
2026-09-18T19:11:24.709+02:00,1574,0.2561833178797058,0.47720259914362284,0,0.702612,207.94031624345936,NORMAL,,PROFILE/P99,ai_edge_litert.Interpreter 2.1.6 num_threads=1,2026-09-18T19:11:24.046+02:00,15136860400959,15136913211084,3.681203,1.153722,52.810125,610.752173,663.562298,0,0,0,0,0,76.79576832476114,243236864,240959488,0.38466107111100456,0.4833547401595273,0,46.895681,NORMAL,scikit-learn IsolationForest.score_samples,0.5128305532501943,1.296361072562011,0,0.328426,NORMAL,NumPy RMS auf standardisiertem 128×3-Fenster
2026-09-18T19:11:25.331+02:00,1575,0.2807889998347151,0.47720259914362284,0,0.390686,203.9893005331045,NORMAL,,PROFILE/P99,ai_edge_litert.Interpreter 2.1.6 num_threads=1,2026-09-18T19:11:24.662+02:00,15137487968187,15137534381887,1.547426,1.084111,46.4137,622.581673,668.995373,0,0,0,0,0,83.7273650474993,243236864,240959488,0.3860736429548725,0.4833547401595273,0,43.281516,NORMAL,scikit-learn IsolationForest.score_samples,0.5277559289798339,1.296361072562011,0,0.068444,NORMAL,NumPy RMS auf standardisiertem 128×3-Fenster
2026-09-18T19:11:25.923+02:00,1576,0.3253061137420811,0.47720259914362284,0,0.293759,210.1333196306554,NORMAL,,PROFILE/P99,ai_edge_litert.Interpreter 2.1.6 num_threads=1,2026-09-18T19:11:25.291+02:00,15138098705028,15138126468988,1.033962,1.034297,27.76396,604.378212,632.142172,0,0,0,0,0,70.93122747668914,243236864,240959488,0.38977386420995125,0.4833547401595273,0,25.262813,NORMAL,scikit-learn IsolationForest.score_samples,0.5409047036988479,1.296361072562011,0,0.104278,NORMAL,NumPy RMS auf standardisiertem 128×3-Fenster
2026-09-18T19:11:26.531+02:00,1577,0.25820707370631285,0.47720259914362284,0,0.285574,209.6000330474887,NORMAL,,PROFILE/P99,ai_edge_litert.Interpreter 2.1.6 num_threads=1,2026-09-18T19:11:25.905+02:00,15138714204721,15138734843849,0.702111,0.814574,20.639128,605.915935,626.555063,0,0,0,0,0,62.46005792283696,243236864,240959488,0.385588653466764,0.4833547401595273,0,18.703035,NORMAL,scikit-learn IsolationForest.score_samples,0.5295745198473589,1.296361072562011,0,0.104315,NORMAL,NumPy RMS auf standardisiertem 128×3-Fenster
2026-09-18T19:11:27.148+02:00,1578,0.25379120317456955,0.47720259914362284,0,0.1495,207.78477607083764,NORMAL,,PROFILE/P99,ai_edge_litert.Interpreter 2.1.6 num_threads=1,2026-09-18T19:11:26.517+02:00,15139331563321,15139351547894,0.41887,0.496352,19.984573,611.20936,631.193933,0,0,0,0,0,61.61933184736949,243236864,240959488,0.3820439585308769,0.4833547401595273,0,18.805628,NORMAL,scikit-learn IsolationForest.score_samples,0.49865473022067963,1.296361072562011,0,0.093796,NORMAL,NumPy RMS auf standardisiertem 128×3-Fenster
2026-09-18T19:11:27.770+02:00,1579,0.27385599251100484,0.47720259914362284,0,0.266685,207.80233530326075,NORMAL,,PROFILE/P99,ai_edge_litert.Interpreter 2.1.6 num_threads=1,2026-09-18T19:11:27.134+02:00,15139949377682,15139974295495,0.847277,0.927241,24.917813,611.157713,636.075526,0,0,0,0,0,56.19759830853068,243236864,240959488,0.3828457802273888,0.4833547401595273,0,22.713183,NORMAL,scikit-learn IsolationForest.score_samples,0.5344266885956398,1.296361072562011,0,0.128649,NORMAL,NumPy RMS auf standardisiertem 128×3-Fenster
2026-09-18T19:11:28.390+02:00,1580,0.2674563658171379,0.47720259914362284,0,0.250204,208.7863716750873,NORMAL,,PROFILE/P99,ai_edge_litert.Interpreter 2.1.6 num_threads=1,2026-09-18T19:11:27.756+02:00,15140568104246,15140594159207,0.856945,0.859963,26.054961,608.27725,634.332211,0,0,0,0,0,72.59766591839762,243236864,240959488,0.3810355557170658,0.4833547401595273,0,23.936851,NORMAL,scikit-learn IsolationForest.score_samples,0.5438214421569304,1.296361072562011,0,0.119333,NORMAL,NumPy RMS auf standardisiertem 128×3-Fenster
2026-09-18T19:11:29.006+02:00,1581,0.29090739962456763,0.47720259914362284,0,0.247537,207.28827433251,NORMAL,,PROFILE/P99,ai_edge_litert.Interpreter 2.1.6 num_threads=1,2026-09-18T19:11:28.369+02:00,15141185456515,15141210061458,0.80013,0.859944,24.604943,612.673343,637.278286,0,0,0,0,0,66.57160717441133,243236864,240959488,0.3878639815848898,0.4833547401595273,0,22.543202,NORMAL,scikit-learn IsolationForest.score_samples,0.537429601280066,1.296361072562011,0,0.120444,NORMAL,NumPy RMS auf standardisiertem 128×3-Fenster
2026-09-18T19:11:29.634+02:00,1582,0.26662321298467123,0.47720259914362284,0,0.326945,207.67406492822698,NORMAL,,PROFILE/P99,ai_edge_litert.Interpreter 2.1.6 num_threads=1,2026-09-18T19:11:28.988+02:00,15141803671544,15141837729597,1.169259,1.0615,34.058053,611.535196,645.593249,0,0,0,0,0,66.9141516303103,243236864,240959488,0.38664048173905297,0.4833547401595273,0,31.347313,NORMAL,scikit-learn IsolationForest.score_samples,0.5285067500583293,1.296361072562011,0,0.119111,NORMAL,NumPy RMS auf standardisiertem 128×3-Fenster
2026-09-18T19:11:30.245+02:00,1583,0.28197168200821565,0.47720259914362284,0,0.308074,208.19496018689415,NORMAL,,PROFILE/P99,ai_edge_litert.Interpreter 2.1.6 num_threads=1,2026-09-18T19:11:29.607+02:00,15142420742333,15142448537349,0.993333,1.063759,27.795016,610.00516,637.800176,0,0,0,0,0,73.67182071839292,243236864,240959488,0.38658106138409465,0.4833547401595273,0,25.27072,NORMAL,scikit-learn IsolationForest.score_samples,0.5315763218395559,1.296361072562011,0,0.123296,NORMAL,NumPy RMS auf standardisiertem 128×3-Fenster
2026-09-18T19:11:30.855+02:00,1584,0.2758750573818028,0.47720259914362284,0,0.242075,208.04925122730464,NORMAL,,PROFILE/P99,ai_edge_litert.Interpreter 2.1.6 num_threads=1,2026-09-18T19:11:30.224+02:00,15143038585622,15143059056657,0.708148,0.882185,20.471035,610.432382,630.903417,0,0,0,0,0,60.60663857801905,243236864,240959488,0.393658293277965,0.4833547401595273,0,18.509554,NORMAL,scikit-learn IsolationForest.score_samples,0.5095216269713101,1.296361072562011,0,0.099963,NORMAL,NumPy RMS auf standardisiertem 128×3-Fenster
2026-09-18T19:11:31.475+02:00,1585,0.2450848391244307,0.47720259914362284,0,0.247315,207.9238471673345,NORMAL,,PROFILE/P99,ai_edge_litert.Interpreter 2.1.6 num_threads=1,2026-09-18T19:11:30.843+02:00,15143657450911,15143679078910,0.836278,0.840685,21.627999,610.800549,632.428548,0,0,0,0,0,51.61085810383981,243236864,240959488,0.3875316806749508,0.4833547401595273,0,19.576276,NORMAL,scikit-learn IsolationForest.score_samples,0.49574197360455174,1.296361072562011,0,0.099574,NORMAL,NumPy RMS auf standardisiertem 128×3-Fenster
2026-09-18T19:11:32.090+02:00,1586,0.2666701606186792,0.47720259914362284,0,0.226981,208.66868575034687,NORMAL,,PROFILE/P99,ai_edge_litert.Interpreter 2.1.6 num_threads=1,2026-09-18T19:11:31.462+02:00,15144274616387,15144293700608,0.968055,0.939389,19.084221,608.620309,627.70453,0,0,0,0,0,48.81050062774338,243236864,240959488,0.38500882923918,0.4833547401595273,0,16.809832,NORMAL,scikit-learn IsolationForest.score_samples,0.5225845003535974,1.296361072562011,0,0.108833,NORMAL,NumPy RMS auf standardisiertem 128×3-Fenster
2026-09-18T19:11:32.708+02:00,1587,0.28782630352681277,0.47720259914362284,0,0.242648,207.79335523480754,NORMAL,,PROFILE/P99,ai_edge_litert.Interpreter 2.1.6 num_threads=1,2026-09-18T19:11:32.077+02:00,15144892231252,15144912301787,0.719481,0.867574,20.070535,611.184125,631.25466,0,0,0,0,0,50.114591945114036,243236864,240959488,0.3911739860707834,0.4833547401595273,0,18.116017,NORMAL,scikit-learn IsolationForest.score_samples,0.5121352572841757,1.296361072562011,0,0.09374,NORMAL,NumPy RMS auf standardisiertem 128×3-Fenster
2026-09-18T19:11:33.328+02:00,1588,0.2712792823650408,0.47720259914362284,0,0.182537,207.17892968621027,NORMAL,,PROFILE/P99,ai_edge_litert.Interpreter 2.1.6 num_threads=1,2026-09-18T19:11:32.695+02:00,15145511422284,15145531328893,0.751981,0.722,19.906609,612.996699,632.903308,0,0,0,0,0,51.69387993785322,243236864,240959488,0.3841913220039184,0.4833547401595273,0,18.129017,NORMAL,scikit-learn IsolationForest.score_samples,0.5159960665722608,1.296361072562011,0,0.098759,NORMAL,NumPy RMS auf standardisiertem 128×3-Fenster
2026-09-18T19:11:33.953+02:00,1589,0.2835343300006367,0.47720259914362284,0,0.262019,207.76451696118272,NORMAL,,PROFILE/P99,ai_edge_litert.Interpreter 2.1.6 num_threads=1,2026-09-18T19:11:33.314+02:00,15146128618631,15146156499703,0.833796,0.92313,27.881072,611.268959,639.150031,0,0,0,0,0,55.98072310513906,243236864,240959488,0.38285553904047537,0.4833547401595273,0,25.673424,NORMAL,scikit-learn IsolationForest.score_samples,0.5144337627875933,1.296361072562011,0,0.154296,NORMAL,NumPy RMS auf standardisiertem 128×3-Fenster
2026-09-18T19:11:34.563+02:00,1590,0.2554874810532984,0.47720259914362284,0,0.242518,207.7788055811802,NORMAL,,PROFILE/P99,ai_edge_litert.Interpreter 2.1.6 num_threads=1,2026-09-18T19:11:33.933+02:00,15146747549035,15146767131830,0.81224,0.850945,19.582795,611.226923,630.809718,0,0,0,0,0,52.409021280101186,243236864,240959488,0.38419711127746137,0.4833547401595273,0,17.554555,NORMAL,scikit-learn IsolationForest.score_samples,0.520756960752401,1.296361072562011,0,0.094778,NORMAL,NumPy RMS auf standardisiertem 128×3-Fenster
2026-09-18T19:11:35.183+02:00,1591,0.2839411925537008,0.47720259914362284,0,0.221556,207.5024205933454,NORMAL,,PROFILE/P99,ai_edge_litert.Interpreter 2.1.6 num_threads=1,2026-09-18T19:11:34.550+02:00,15147365805198,15147386520678,0.828241,0.791518,20.71548,612.041053,632.756533,0,0,0,0,0,50.04741532500095,243236864,240959488,0.3798163663701316,0.4833547401595273,0,18.729647,NORMAL,scikit-learn IsolationForest.score_samples,0.5402696220229618,1.296361072562011,0,0.1125,NORMAL,NumPy RMS auf standardisiertem 128×3-Fenster
2026-09-18T19:11:35.799+02:00,1592,0.3392129021570997,0.47720259914362284,0,0.235982,207.47585360075095,NORMAL,,PROFILE/P99,ai_edge_litert.Interpreter 2.1.6 num_threads=1,2026-09-18T19:11:35.168+02:00,15147983583510,15148002976953,0.8725,0.917315,19.393443,612.119424,631.512867,0,0,0,0,0,53.53399648871256,243236864,240959488,0.3879730419084213,0.4833547401595273,0,17.249388,NORMAL,scikit-learn IsolationForest.score_samples,0.5744586508024515,1.296361072562011,0,0.084,NORMAL,NumPy RMS auf standardisiertem 128×3-Fenster
2026-09-18T19:11:36.416+02:00,1593,0.28738357576147894,0.47720259914362284,0,0.227686,208.12194582580835,NORMAL,,PROFILE/P99,ai_edge_litert.Interpreter 2.1.6 num_threads=1,2026-09-18T19:11:35.786+02:00,15148600217508,15148619903488,1.452,0.893648,19.68598,610.219165,629.905145,0,0,0,0,0,50.24694558369131,243236864,240959488,0.3922452676929535,0.4833547401595273,0,16.983036,NORMAL,scikit-learn IsolationForest.score_samples,0.5487158151043764,1.296361072562011,0,0.099537,NORMAL,NumPy RMS auf standardisiertem 128×3-Fenster
2026-09-18T19:11:37.037+02:00,1594,0.29575543716127345,0.47720259914362284,0,0.319315,207.4807684442022,NORMAL,,PROFILE/P99,ai_edge_litert.Interpreter 2.1.6 num_threads=1,2026-09-18T19:11:36.402+02:00,15149218194654,15149240641042,0.719389,0.872111,22.446388,612.104924,634.551312,0,0,0,0,0,53.16299711452865,243236864,240959488,0.38990850100937025,0.4833547401595273,0,20.399036,NORMAL,scikit-learn IsolationForest.score_samples,0.5370756270238236,1.296361072562011,0,0.104963,NORMAL,NumPy RMS auf standardisiertem 128×3-Fenster
2026-09-18T19:11:37.655+02:00,1595,0.26379846106639676,0.47720259914362284,0,0.230333,208.1710889664061,NORMAL,,PROFILE/P99,ai_edge_litert.Interpreter 2.1.6 num_threads=1,2026-09-18T19:11:37.024+02:00,15149837578949,15149858839892,0.891556,0.865296,21.260943,610.07511,631.336053,0,0,0,0,0,53.380520764585235,243236864,240959488,0.3808578405928164,0.4833547401595273,0,19.137536,NORMAL,scikit-learn IsolationForest.score_samples,0.5022354017321459,1.296361072562011,0,0.106185,NORMAL,NumPy RMS auf standardisiertem 128×3-Fenster
2026-09-18T19:11:38.270+02:00,1596,0.29604993086610093,0.47720259914362284,0,0.251,206.99996155342447,NORMAL,,PROFILE/P99,ai_edge_litert.Interpreter 2.1.6 num_threads=1,2026-09-18T19:11:37.638+02:00,15150454949189,15150474291170,0.67013,0.799963,19.341981,613.526684,632.868665,0,0,0,0,0,51.994267593020005,243236864,240959488,0.39158427422994996,0.4833547401595273,0,17.491295,NORMAL,scikit-learn IsolationForest.score_samples,0.5311634086290922,1.296361072562011,0,0.100074,NORMAL,NumPy RMS auf standardisiertem 128×3-Fenster
2026-09-18T19:11:38.889+02:00,1597,0.29281078245854325,0.47720259914362284,0,0.24713,207.60629106172496,NORMAL,,PROFILE/P99,ai_edge_litert.Interpreter 2.1.6 num_threads=1,2026-09-18T19:11:38.257+02:00,15151072623893,15151092812003,0.746222,0.895981,20.18811,611.734834,631.922944,0,0,0,0,0,53.3563765618934,243236864,240959488,0.39301247830392066,0.4833547401595273,0,18.176888,NORMAL,scikit-learn IsolationForest.score_samples,0.528137337280924,1.296361072562011,0,0.092519,NORMAL,NumPy RMS auf standardisiertem 128×3-Fenster
2026-09-18T19:11:39.511+02:00,1598,0.2571484841082201,0.47720259914362284,0,0.276759,207.61872270002817,NORMAL,,PROFILE/P99,ai_edge_litert.Interpreter 2.1.6 num_threads=1,2026-09-18T19:11:38.875+02:00,15151690103116,15151714488485,0.861981,0.878074,24.385369,611.698205,636.083574,0,0,0,0,0,54.682549193772886,243236864,240959488,0.38202533711644315,0.4833547401595273,0,22.209665,NORMAL,scikit-learn IsolationForest.score_samples,0.5071030809367951,1.296361072562011,0,0.124315,NORMAL,NumPy RMS auf standardisiertem 128×3-Fenster
2026-09-18T19:11:40.125+02:00,1599,0.2737820616971476,0.47720259914362284,0,0.237889,208.34218104065417,NORMAL,,PROFILE/P99,ai_edge_litert.Interpreter 2.1.6 num_threads=1,2026-09-18T19:11:39.495+02:00,15152308083579,15152328787078,0.795723,0.815703,20.703499,609.574112,630.277611,0,0,0,0,0,53.72550652133415,243236864,240959488,0.3930127368054329,0.4833547401595273,0,18.716073,NORMAL,scikit-learn IsolationForest.score_samples,0.529525979078518,1.296361072562011,0,0.108518,NORMAL,NumPy RMS auf standardisiertem 128×3-Fenster
2026-09-18T19:11:40.743+02:00,1600,0.27603711247441726,0.47720259914362284,0,0.235759,207.71586521282833,NORMAL,,PROFILE/P99,ai_edge_litert.Interpreter 2.1.6 num_threads=1,2026-09-18T19:11:40.111+02:00,15152926358544,15152947135117,0.814907,0.902611,20.776573,611.412132,632.188705,0,0,0,0,0,51.74980976796301,243236864,240959488,0.39025995064989083,0.4833547401595273,0,18.683814,NORMAL,scikit-learn IsolationForest.score_samples,0.5313677395869711,1.296361072562011,0,0.109129,NORMAL,NumPy RMS auf standardisiertem 128×3-Fenster
2026-09-18T19:11:41.360+02:00,1601,0.28572094054700986,0.47720259914362284,0,0.242574,207.50016502798556,NORMAL,,PROFILE/P99,ai_edge_litert.Interpreter 2.1.6 num_threads=1,2026-09-18T19:11:40.728+02:00,15153544316953,15153563661508,0.922389,0.887056,19.344555,612.047706,631.392261,0,0,0,0,0,50.28175641734628,243236864,240959488,0.3871923142687364,0.4833547401595273,0,17.153517,NORMAL,scikit-learn IsolationForest.score_samples,0.5320416738957168,1.296361072562011,0,0.105944,NORMAL,NumPy RMS auf standardisiertem 128×3-Fenster
2026-09-18T19:11:41.986+02:00,1602,0.31169301803736954,0.47720259914362284,0,0.649,207.89263811293802,NORMAL,,PROFILE/P99,ai_edge_litert.Interpreter 2.1.6 num_threads=1,2026-09-18T19:11:41.347+02:00,15154161758215,15154189317510,1.672852,1.047185,27.559295,610.892243,638.451538,0,0,0,0,0,54.34426912591818,243236864,240959488,0.39629865248636575,0.4833547401595273,0,24.032332,NORMAL,scikit-learn IsolationForest.score_samples,0.5368478377626303,1.296361072562011,0,0.116648,NORMAL,NumPy RMS auf standardisiertem 128×3-Fenster
2026-09-18T19:11:42.596+02:00,1603,0.27462602109303447,0.47720259914362284,0,0.243815,209.4608100894191,NORMAL,,PROFILE/P99,ai_edge_litert.Interpreter 2.1.6 num_threads=1,2026-09-18T19:11:41.970+02:00,15154779819163,15154800071865,0.706611,0.890907,20.252702,606.318671,626.571373,0,0,0,0,0,57.305632552570714,243236864,240959488,0.3901951953888973,0.4833547401595273,0,18.269906,NORMAL,scikit-learn IsolationForest.score_samples,0.5317197130581193,1.296361072562011,0,0.112592,NORMAL,NumPy RMS auf standardisiertem 128×3-Fenster
2026-09-18T19:11:43.222+02:00,1604,0.280099929439114,0.47720259914362284,0,0.207537,207.91331024733788,NORMAL,,PROFILE/P99,ai_edge_litert.Interpreter 2.1.6 num_threads=1,2026-09-18T19:11:42.584+02:00,15155398211870,15155425758961,1.166926,1.227241,27.547091,610.831504,638.378595,0,0,0,0,0,76.71474966042221,243236864,240959488,0.38189850150939997,0.4833547401595273,0,24.792258,NORMAL,scikit-learn IsolationForest.score_samples,0.5146700280267086,1.296361072562011,0,0.112167,NORMAL,NumPy RMS auf standardisiertem 128×3-Fenster
2026-09-18T19:11:43.848+02:00,1605,0.27059341318959546,0.47720259914362284,0,0.293833,208.2599879645405,NORMAL,,PROFILE/P99,ai_edge_litert.Interpreter 2.1.6 num_threads=1,2026-09-18T19:11:43.203+02:00,15156016949856,15156051779687,1.228852,1.020962,34.829831,609.81469,644.644521,0,0,0,0,0,70.28427104372655,243236864,240959488,0.3874390059392658,0.4833547401595273,0,32.128276,NORMAL,scikit-learn IsolationForest.score_samples,0.5145585369457536,1.296361072562011,0,0.122815,NORMAL,NumPy RMS auf standardisiertem 128×3-Fenster
2026-09-18T19:11:44.466+02:00,1606,0.30211036703645533,0.47720259914362284,0,0.259018,206.63633312548106,NORMAL,,PROFILE/P99,ai_edge_litert.Interpreter 2.1.6 num_threads=1,2026-09-18T19:11:43.819+02:00,15156637064175,15156669314322,1.011408,0.950314,32.250147,614.606338,646.856485,0,0,0,0,0,80.96446240789051,243236864,240959488,0.39038372582889025,0.4833547401595273,0,29.855369,NORMAL,scikit-learn IsolationForest.score_samples,0.5328632367673128,1.296361072562011,0,0.136685,NORMAL,NumPy RMS auf standardisiertem 128×3-Fenster
2026-09-18T19:11:45.089+02:00,1607,0.30081284210772924,0.47720259914362284,0,0.321352,203.60402106911724,NORMAL,,PROFILE/P99,ai_edge_litert.Interpreter 2.1.6 num_threads=1,2026-09-18T19:11:44.438+02:00,15157265738976,15157292531049,0.92687,0.966537,26.792073,623.759783,650.551856,0,0,0,0,0,77.0212134280924,243236864,240959488,0.39019106500893513,0.4833547401595273,0,24.431998,NORMAL,scikit-learn IsolationForest.score_samples,0.5476949912081402,1.296361072562011,0,0.109908,NORMAL,NumPy RMS auf standardisiertem 128×3-Fenster
2026-09-18T19:11:45.684+02:00,1608,0.22428269080595933,0.47720259914362284,0,0.248851,212.6522549331158,NORMAL,,PROFILE/P99,ai_edge_litert.Interpreter 2.1.6 num_threads=1,2026-09-18T19:11:45.068+02:00,15157869291742,15157887614871,0.685222,0.872852,18.323129,597.219155,615.542284,0,0,0,0,0,73.94332845170291,243236864,240959488,0.3910753057993296,0.4833547401595273,0,16.388814,NORMAL,scikit-learn IsolationForest.score_samples,0.5079863675585017,1.296361072562011,0,0.09513,NORMAL,NumPy RMS auf standardisiertem 128×3-Fenster
2026-09-18T19:11:46.305+02:00,1609,0.2612471102812267,0.47720259914362284,0,0.280815,207.32593132742852,NORMAL,,PROFILE/P99,ai_edge_litert.Interpreter 2.1.6 num_threads=1,2026-09-18T19:11:45.672+02:00,15158488179100,15158509206766,0.828926,0.911796,21.027666,612.562062,633.589728,0,0,0,0,0,49.87151922244589,243236864,240959488,0.38757846729482304,0.4833547401595273,0,18.878425,NORMAL,scikit-learn IsolationForest.score_samples,0.5107896636404473,1.296361072562011,0,0.095815,NORMAL,NumPy RMS auf standardisiertem 128×3-Fenster
2026-09-18T19:11:46.923+02:00,1610,0.2935353029140066,0.47720259914362284,0,0.265481,207.919770472945,NORMAL,,PROFILE/P99,ai_edge_litert.Interpreter 2.1.6 num_threads=1,2026-09-18T19:11:46.291+02:00,15159105556125,15159127119309,0.686834,0.890111,21.563184,610.812525,632.375709,0,0,0,0,0,51.78696908517244,243236864,240959488,0.3834647765603005,0.4833547401595273,0,19.589407,NORMAL,scikit-learn IsolationForest.score_samples,0.5397091317313357,1.296361072562011,0,0.102796,NORMAL,NumPy RMS auf standardisiertem 128×3-Fenster
2026-09-18T19:11:47.539+02:00,1611,0.26779163529265676,0.47720259914362284,0,0.248797,207.7820754891455,NORMAL,,PROFILE/P99,ai_edge_litert.Interpreter 2.1.6 num_threads=1,2026-09-18T19:11:46.908+02:00,15159723116540,15159742682095,0.696797,0.812351,19.565555,611.217304,630.782859,0,0,0,0,0,58.4889058754462,243236864,240959488,0.389097606375066,0.4833547401595273,0,17.724462,NORMAL,scikit-learn IsolationForest.score_samples,0.5205695280432361,1.296361072562011,0,0.057518,NORMAL,NumPy RMS auf standardisiertem 128×3-Fenster
2026-09-18T19:11:48.163+02:00,1612,0.2439684180193927,0.47720259914362284,0,0.287778,207.15117094189333,NORMAL,,PROFILE/P99,ai_edge_litert.Interpreter 2.1.6 num_threads=1,2026-09-18T19:11:47.526+02:00,15160342434326,15160367306695,0.984981,1.008019,24.872369,613.078842,637.951211,0,0,0,0,0,51.225780747048525,243236864,240959488,0.38553111884808644,0.4833547401595273,0,22.439407,NORMAL,scikit-learn IsolationForest.score_samples,0.5000398397366401,1.296361072562011,0,0.115463,NORMAL,NumPy RMS auf standardisiertem 128×3-Fenster
2026-09-18T19:11:48.777+02:00,1613,0.2859317158381825,0.47720259914362284,0,0.234185,207.7259550443675,NORMAL,,PROFILE/P99,ai_edge_litert.Interpreter 2.1.6 num_threads=1,2026-09-18T19:11:48.145+02:00,15160960172982,15160980654222,0.752834,0.970203,20.48124,611.382434,631.863674,0,0,0,0,0,52.17426048440226,243236864,240959488,0.38498171624483635,0.4833547401595273,0,18.397907,NORMAL,scikit-learn IsolationForest.score_samples,0.5146466898800884,1.296361072562011,0,0.098334,NORMAL,NumPy RMS auf standardisiertem 128×3-Fenster
2026-09-18T19:11:49.393+02:00,1614,0.24080171207709591,0.47720259914362284,0,0.254722,207.19158094662893,NORMAL,,PROFILE/P99,ai_edge_litert.Interpreter 2.1.6 num_threads=1,2026-09-18T19:11:48.761+02:00,15161577436603,15161597161509,0.824425,0.854297,19.724906,612.959269,632.684175,0,0,0,0,0,51.90206267625944,243236864,240959488,0.38306784282095396,0.4833547401595273,0,17.652629,NORMAL,scikit-learn IsolationForest.score_samples,0.501822589458899,1.296361072562011,0,0.104611,NORMAL,NumPy RMS auf standardisiertem 128×3-Fenster
2026-09-18T19:11:50.024+02:00,1615,0.28682861606482984,0.47720259914362284,0,0.318092,208.0312467781263,NORMAL,,PROFILE/P99,ai_edge_litert.Interpreter 2.1.6 num_threads=1,2026-09-18T19:11:49.380+02:00,15162194400575,15162227857629,3.828852,1.055333,33.457054,610.485213,643.942267,0,0,0,0,0,52.31798245725301,243236864,240959488,0.38717301986442887,0.4833547401595273,0,28.085499,NORMAL,scikit-learn IsolationForest.score_samples,0.5327940941184028,1.296361072562011,0,0.130019,NORMAL,NumPy RMS auf standardisiertem 128×3-Fenster
2026-09-18T19:11:50.631+02:00,1616,0.25606185575248414,0.47720259914362284,0,0.489389,208.88264397400712,NORMAL,,PROFILE/P99,ai_edge_litert.Interpreter 2.1.6 num_threads=1,2026-09-18T19:11:50.001+02:00,15162812902178,15162834572899,0.713055,0.989167,21.670721,607.9969,629.667621,0,0,0,0,0,57.69475813438138,243236864,240959488,0.38847731596432816,0.4833547401595273,0,19.324777,NORMAL,scikit-learn IsolationForest.score_samples,0.5387180253636401,1.296361072562011,0,0.109352,NORMAL,NumPy RMS auf standardisiertem 128×3-Fenster
2026-09-18T19:11:51.247+02:00,1617,0.2700572132072807,0.47720259914362284,0,0.229185,207.6442606088964,NORMAL,,PROFILE/P99,ai_edge_litert.Interpreter 2.1.6 num_threads=1,2026-09-18T19:11:50.615+02:00,15163430461984,15163450547928,1.388426,0.852334,20.085944,611.622973,631.708917,0,0,0,0,0,50.328482723472504,243236864,240959488,0.3827448468588681,0.4833547401595273,0,17.476518,NORMAL,scikit-learn IsolationForest.score_samples,0.5058839063839072,1.296361072562011,0,0.107333,NORMAL,NumPy RMS auf standardisiertem 128×3-Fenster
2026-09-18T19:11:51.869+02:00,1618,0.2805370055064505,0.47720259914362284,0,0.280796,207.20493928542865,NORMAL,,PROFILE/P99,ai_edge_litert.Interpreter 2.1.6 num_threads=1,2026-09-18T19:11:51.233+02:00,15164049281551,15164072980013,0.928,1.024907,23.698462,612.919752,636.618214,0,0,0,0,0,59.44226804348658,243236864,240959488,0.38388412086240925,0.4833547401595273,0,21.316425,NORMAL,scikit-learn IsolationForest.score_samples,0.5192052400174758,1.296361072562011,0,0.109111,NORMAL,NumPy RMS auf standardisiertem 128×3-Fenster
2026-09-18T19:11:52.503+02:00,1619,0.2433065068927931,0.47720259914362284,0,0.225963,206.88570019561124,NORMAL,,PROFILE/P99,ai_edge_litert.Interpreter 2.1.6 num_threads=1,2026-09-18T19:11:51.855+02:00,15164672771840,15164706671431,2.894445,0.899129,33.899591,613.86553,647.765121,0,0,0,0,0,63.12233284379417,243236864,240959488,0.3811021816545506,0.4833547401595273,0,29.734739,NORMAL,scikit-learn IsolationForest.score_samples,0.5123203154333376,1.296361072562011,0,0.11713,NORMAL,NumPy RMS auf standardisiertem 128×3-Fenster
2026-09-18T19:11:53.118+02:00,1620,0.2804472849215966,0.47720259914362284,0,0.329778,209.7590268314845,NORMAL,,PROFILE/P99,ai_edge_litert.Interpreter 2.1.6 num_threads=1,2026-09-18T19:11:52.475+02:00,15165284363501,15165321775795,0.934444,0.972463,37.412294,605.456661,642.868955,0,0,0,0,0,61.77564028065525,243236864,240959488,0.3899112637581229,0.4833547401595273,0,35.007424,NORMAL,scikit-learn IsolationForest.score_samples,0.5373654241247485,1.296361072562011,0,0.117667,NORMAL,NumPy RMS auf standardisiertem 128×3-Fenster
2026-09-18T19:11:53.724+02:00,1621,0.25375450498262353,0.47720259914362284,0,0.316463,209.0076208556204,NORMAL,,PROFILE/P99,ai_edge_litert.Interpreter 2.1.6 num_threads=1,2026-09-18T19:11:53.091+02:00,15165902353439,15165928223309,1.031204,1.131018,25.86987,607.633346,633.503216,0,0,0,0,0,72.55454817055629,243236864,240959488,0.38070044064225717,0.4833547401595273,0,23.21387,NORMAL,scikit-learn IsolationForest.score_samples,0.5072994396954736,1.296361072562011,0,0.130648,NORMAL,NumPy RMS auf standardisiertem 128×3-Fenster
2026-09-18T19:11:54.337+02:00,1622,0.27041431530239407,0.47720259914362284,0,0.249185,208.28244490265124,NORMAL,,PROFILE/P99,ai_edge_litert.Interpreter 2.1.6 num_threads=1,2026-09-18T19:11:53.707+02:00,15166520681138,15166540777063,0.738074,0.853648,20.095925,609.74894,629.844865,0,0,0,0,0,65.30544177959166,243236864,240959488,0.38416719452699744,0.4833547401595273,0,18.129054,NORMAL,scikit-learn IsolationForest.score_samples,0.49955855326813087,1.296361072562011,0,0.093741,NORMAL,NumPy RMS auf standardisiertem 128×3-Fenster
2026-09-18T19:11:54.956+02:00,1623,0.2563856533996501,0.47720259914362284,0,0.244148,207.3722073752249,NORMAL,,PROFILE/P99,ai_edge_litert.Interpreter 2.1.6 num_threads=1,2026-09-18T19:11:54.323+02:00,15167139313096,15167159324724,0.707963,0.838277,20.011628,612.425366,632.436994,0,0,0,0,0,53.348289650380806,243236864,240959488,0.3813411197578864,0.4833547401595273,0,18.089463,NORMAL,scikit-learn IsolationForest.score_samples,0.5100771652930332,1.296361072562011,0,0.1035,NORMAL,NumPy RMS auf standardisiertem 128×3-Fenster
2026-09-18T19:11:55.579+02:00,1624,0.2697027098911728,0.47720259914362284,0,0.312926,208.49076814616512,NORMAL,,PROFILE/P99,ai_edge_litert.Interpreter 2.1.6 num_threads=1,2026-09-18T19:11:54.944+02:00,15167757323554,15167782907498,1.492537,1.117889,25.583944,609.139681,634.723625,0,0,0,0,0,54.52569874767361,243236864,240959488,0.38002398475021115,0.4833547401595273,0,22.530573,NORMAL,scikit-learn IsolationForest.score_samples,0.5342667912889942,1.296361072562011,0,0.098982,NORMAL,NumPy RMS auf standardisiertem 128×3-Fenster
2026-09-18T19:11:56.192+02:00,1625,0.2659930696060022,0.47720259914362284,0,0.271778,207.44303790587358,NORMAL,,PROFILE/P99,ai_edge_litert.Interpreter 2.1.6 num_threads=1,2026-09-18T19:11:55.558+02:00,15168374502532,15168395347828,0.893296,1.0695,20.845296,612.216256,633.061552,0,0,0,0,0,48.983644083558715,243236864,240959488,0.38522687385248716,0.4833547401595273,0,18.459,NORMAL,scikit-learn IsolationForest.score_samples,0.5025718500895655,1.296361072562011,0,0.110481,NORMAL,NumPy RMS auf standardisiertem 128×3-Fenster
2026-09-18T19:11:56.808+02:00,1626,0.27000389056292823,0.47720259914362284,0,0.24324,208.39341839303972,NORMAL,,PROFILE/P99,ai_edge_litert.Interpreter 2.1.6 num_threads=1,2026-09-18T19:11:56.178+02:00,15168991274621,15169011823158,0.706111,0.907037,20.548537,609.424237,629.972774,0,0,0,0,0,53.53131093821074,243236864,240959488,0.39113229839019453,0.4833547401595273,0,18.57111,NORMAL,scikit-learn IsolationForest.score_samples,0.5413666452862073,1.296361072562011,0,0.093093,NORMAL,NumPy RMS auf standardisiertem 128×3-Fenster
2026-09-18T19:11:57.425+02:00,1627,0.2499155019324193,0.47720259914362284,0,0.232426,207.5726558231583,NORMAL,,PROFILE/P99,ai_edge_litert.Interpreter 2.1.6 num_threads=1,2026-09-18T19:11:56.794+02:00,15169609419859,15169629048266,0.662426,0.833778,19.628407,611.83396,631.462367,0,0,0,0,0,51.84388747874662,243236864,240959488,0.3800380875932258,0.4833547401595273,0,17.775018,NORMAL,scikit-learn IsolationForest.score_samples,0.513973716715174,1.296361072562011,0,0.094259,NORMAL,NumPy RMS auf standardisiertem 128×3-Fenster
2026-09-18T19:11:58.044+02:00,1628,0.24901634234731485,0.47720259914362284,0,0.223889,207.51793558726288,NORMAL,,PROFILE/P99,ai_edge_litert.Interpreter 2.1.6 num_threads=1,2026-09-18T19:11:57.412+02:00,15170227878209,15170247789634,0.950055,0.857167,19.911425,611.995294,631.906719,0,0,0,0,0,51.71648467150609,243236864,240959488,0.37974235350630203,0.4833547401595273,0,17.745425,NORMAL,scikit-learn IsolationForest.score_samples,0.4923891363196381,1.296361072562011,0,0.102815,NORMAL,NumPy RMS auf standardisiertem 128×3-Fenster
2026-09-18T19:11:58.664+02:00,1629,0.28853288716282943,0.47720259914362284,0,0.223519,207.0149520232987,NORMAL,,PROFILE/P99,ai_edge_litert.Interpreter 2.1.6 num_threads=1,2026-09-18T19:11:58.030+02:00,15170847779392,15170867392244,0.838723,0.80524,19.612852,613.482257,633.095109,0,0,0,0,0,50.03338413000467,243236864,240959488,0.38428245680161166,0.4833547401595273,0,17.61587,NORMAL,scikit-learn IsolationForest.score_samples,0.5297477738529013,1.296361072562011,0,0.099518,NORMAL,NumPy RMS auf standardisiertem 128×3-Fenster
2026-09-18T19:11:59.282+02:00,1630,0.2664822670317708,0.47720259914362284,0,0.372111,207.56901118419913,NORMAL,,PROFILE/P99,ai_edge_litert.Interpreter 2.1.6 num_threads=1,2026-09-18T19:11:58.648+02:00,15171463461984,15171486171817,0.586944,0.963741,22.709833,611.844703,634.554536,0,0,0,0,0,54.94382181667455,243236864,240959488,0.39039789104474293,0.4833547401595273,0,20.625204,NORMAL,scikit-learn IsolationForest.score_samples,0.5389863449207547,1.296361072562011,0,0.116167,NORMAL,NumPy RMS auf standardisiertem 128×3-Fenster
2026-09-18T19:11:59.897+02:00,1631,0.2654509446865067,0.47720259914362284,0,0.218056,207.86659610266796,NORMAL,,PROFILE/P99,ai_edge_litert.Interpreter 2.1.6 num_threads=1,2026-09-18T19:11:59.266+02:00,15172081215668,15172101274168,0.738667,0.805537,20.0585,610.968777,631.027277,0,0,0,0,0,55.278059695906244,243236864,240959488,0.38660912350194615,0.4833547401595273,0,18.167889,NORMAL,scikit-learn IsolationForest.score_samples,0.5062217907469514,1.296361072562011,0,0.099834,NORMAL,NumPy RMS auf standardisiertem 128×3-Fenster
2026-09-18T19:12:00.523+02:00,1632,0.26147346758276946,0.47720259914362284,0,0.266444,207.44695225340834,NORMAL,,PROFILE/P99,ai_edge_litert.Interpreter 2.1.6 num_threads=1,2026-09-18T19:11:59.883+02:00,15172699463150,15172726633630,0.855407,0.948907,27.17048,612.204704,639.375184,0,0,0,0,0,54.36266937238605,243236864,240959488,0.3906122383059666,0.4833547401595273,0,24.918333,NORMAL,scikit-learn IsolationForest.score_samples,0.5340347491340377,1.296361072562011,0,0.142333,NORMAL,NumPy RMS auf standardisiertem 128×3-Fenster
2026-09-18T19:12:01.148+02:00,1633,0.2402109698697572,0.47720259914362284,0,0.260963,208.83775290229266,NORMAL,,PROFILE/P99,ai_edge_litert.Interpreter 2.1.6 num_threads=1,2026-09-18T19:12:00.506+02:00,15173317573539,15173351438556,1.053518,0.959111,33.865017,608.127593,641.99261,0,0,0,0,0,59.222708165666795,243236864,240959488,0.38457075296901244,0.4833547401595273,0,31.418888,NORMAL,scikit-learn IsolationForest.score_samples,0.5107398358676157,1.296361072562011,0,0.131537,NORMAL,NumPy RMS auf standardisiertem 128×3-Fenster
2026-09-18T19:12:01.762+02:00,1634,0.2644428701152499,0.47720259914362284,0,0.280018,207.91163458232987,NORMAL,,PROFILE/P99,ai_edge_litert.Interpreter 2.1.6 num_threads=1,2026-09-18T19:12:01.121+02:00,15173935826836,15173965367502,0.876537,0.916,29.540666,610.836427,640.377093,0,0,0,0,0,68.4123209475896,243236864,240959488,0.3830601742787242,0.4833547401595273,0,27.295073,NORMAL,scikit-learn IsolationForest.score_samples,0.5163636149554509,1.296361072562011,0,0.135945,NORMAL,NumPy RMS auf standardisiertem 128×3-Fenster
2026-09-18T19:12:02.372+02:00,1635,0.25674855661909407,0.47720259914362284,0,0.226982,208.57388889400653,NORMAL,,PROFILE/P99,ai_edge_litert.Interpreter 2.1.6 num_threads=1,2026-09-18T19:12:01.740+02:00,15174553105041,15174575535115,0.750741,0.837667,22.430074,608.896927,631.327001,0,0,0,0,0,65.55343162615289,243236864,240959488,0.38616491241249845,0.4833547401595273,0,20.450666,NORMAL,scikit-learn IsolationForest.score_samples,0.5037443575478923,1.296361072562011,0,0.129185,NORMAL,NumPy RMS auf standardisiertem 128×3-Fenster
2026-09-18T19:12:02.993+02:00,1636,0.2699240049269183,0.47720259914362284,0,0.343889,207.61080312393577,NORMAL,,PROFILE/P99,ai_edge_litert.Interpreter 2.1.6 num_threads=1,2026-09-18T19:12:02.356+02:00,15175171597376,15175196549653,0.864019,0.893352,24.952277,611.721539,636.673816,0,0,0,0,0,66.02349115173811,243236864,240959488,0.3776086812191375,0.4833547401595273,0,22.718499,NORMAL,scikit-learn IsolationForest.score_samples,0.49475741510077037,1.296361072562011,0,0.10037,NORMAL,NumPy RMS auf standardisiertem 128×3-Fenster
2026-09-18T19:12:03.610+02:00,1637,0.24146618560750888,0.47720259914362284,0,0.298167,208.26757803859124,NORMAL,,PROFILE/P99,ai_edge_litert.Interpreter 2.1.6 num_threads=1,2026-09-18T19:12:02.977+02:00,15175790207712,15175813472212,0.840334,0.754888,23.2645,609.792466,633.056966,0,0,0,0,0,64.83917032848868,243236864,240959488,0.38213961824125636,0.4833547401595273,0,21.240573,NORMAL,scikit-learn IsolationForest.score_samples,0.4998747026761271,1.296361072562011,0,0.102722,NORMAL,NumPy RMS auf standardisiertem 128×3-Fenster
2026-09-18T19:12:04.229+02:00,1638,0.25346721152721363,0.47720259914362284,0,0.272389,207.83939292411017,NORMAL,,PROFILE/P99,ai_edge_litert.Interpreter 2.1.6 num_threads=1,2026-09-18T19:12:03.593+02:00,15176408162604,15176432987677,0.907426,0.892981,24.825073,611.048744,635.873817,0,0,0,0,0,61.3367132184835,243236864,240959488,0.38776817725102847,0.4833547401595273,0,22.611999,NORMAL,scikit-learn IsolationForest.score_samples,0.5136156672265813,1.296361072562011,0,0.106537,NORMAL,NumPy RMS auf standardisiertem 128×3-Fenster
2026-09-18T19:12:04.845+02:00,1639,0.24467481371266567,0.47720259914362284,0,0.251111,209.3375526333535,NORMAL,,PROFILE/P99,ai_edge_litert.Interpreter 2.1.6 num_threads=1,2026-09-18T19:12:04.216+02:00,15177026447385,15177049196996,0.919685,0.825167,22.749611,606.67567,629.425281,0,0,0,0,0,61.67072822254395,243236864,240959488,0.3806851806762476,0.4833547401595273,0,20.63074,NORMAL,scikit-learn IsolationForest.score_samples,0.5174861233917125,1.296361072562011,0,0.095556,NORMAL,NumPy RMS auf standardisiertem 128×3-Fenster
2026-09-18T19:12:05.464+02:00,1640,0.27843560959142694,0.47720259914362284,0,0.338,207.1948127920472,NORMAL,,PROFILE/P99,ai_edge_litert.Interpreter 2.1.6 num_threads=1,2026-09-18T19:12:04.827+02:00,15177643948204,15177667720981,1.024278,1.058815,23.772777,612.949708,636.722485,0,0,0,0,0,61.43476542483301,243236864,240959488,0.38763646778762423,0.4833547401595273,0,21.200703,NORMAL,scikit-learn IsolationForest.score_samples,0.5306591356526166,1.296361072562011,0,0.108797,NORMAL,NumPy RMS auf standardisiertem 128×3-Fenster
2026-09-18T19:12:06.143+02:00,1641,0.2962493030608198,0.47720259914362284,0,0.285075,207.09159028022697,NORMAL,,PROFILE/P99,ai_edge_litert.Interpreter 2.1.6 num_threads=1,2026-09-18T19:12:05.446+02:00,15178262775819,15178346602818,5.344926,1.074685,83.826999,613.255226,697.082225,0,0,0,0,0,63.340269343142474,243236864,240959488,0.3845094848050872,0.4833547401595273,0,76.84711,NORMAL,scikit-learn IsolationForest.score_samples,0.5312592600119338,1.296361072562011,0,0.12713,NORMAL,NumPy RMS auf standardisiertem 128×3-Fenster
2026-09-18T19:12:06.762+02:00,1642,0.24773635187661883,0.47720259914362284,0,0.278556,191.8908182221316,NORMAL,,PROFILE/P99,ai_edge_litert.Interpreter 2.1.6 num_threads=1,2026-09-18T19:12:06.075+02:00,15178940578138,15178965781952,1.935204,1.123129,25.203814,661.834689,687.038503,0,0,0,0,0,85.59282220918857,243236864,240959488,0.38331703372396186,0.4833547401595273,0,21.708944,NORMAL,scikit-learn IsolationForest.score_samples,0.5144604286625528,1.296361072562011,0,0.117148,NORMAL,NumPy RMS auf standardisiertem 128×3-Fenster
2026-09-18T19:12:07.316+02:00,1643,0.2883881634700553,0.47720259914362284,0,0.281833,231.26734968340202,NORMAL,,PROFILE/P99,ai_edge_litert.Interpreter 2.1.6 num_threads=1,2026-09-18T19:12:06.745+02:00,15179497818923,15179519385218,0.708092,0.897241,21.566295,549.147989,570.714284,0,0,0,0,0,57.80560031177315,243236864,240959488,0.3877985609765294,0.4833547401595273,0,19.547241,NORMAL,scikit-learn IsolationForest.score_samples,0.5111181290174094,1.296361072562011,0,0.102055,NORMAL,NumPy RMS auf standardisiertem 128×3-Fenster
2026-09-18T19:12:07.930+02:00,1644,0.2779293132435505,0.47720259914362284,0,0.237778,208.0297460652799,NORMAL,,PROFILE/P99,ai_edge_litert.Interpreter 2.1.6 num_threads=1,2026-09-18T19:12:07.301+02:00,15180115241095,15180133747187,0.728778,0.890481,18.506092,610.489617,628.995709,0,0,0,0,0,50.463946724198586,243236864,240959488,0.37795594686712897,0.4833547401595273,0,16.562982,NORMAL,scikit-learn IsolationForest.score_samples,0.5185784510757439,1.296361072562011,0,0.055278,NORMAL,NumPy RMS auf standardisiertem 128×3-Fenster
2026-09-18T19:12:08.548+02:00,1645,0.2758640533273235,0.47720259914362284,0,0.286611,207.79865879415394,NORMAL,,PROFILE/P99,ai_edge_litert.Interpreter 2.1.6 num_threads=1,2026-09-18T19:12:07.918+02:00,15180732583565,15180751918416,0.68687,0.905333,19.334851,611.168526,630.503377,0,0,0,0,0,54.993634106857705,243236864,240959488,0.3853151411780393,0.4833547401595273,0,17.317037,NORMAL,scikit-learn IsolationForest.score_samples,0.5408207034635371,1.296361072562011,0,0.100389,NORMAL,NumPy RMS auf standardisiertem 128×3-Fenster
2026-09-18T19:12:09.168+02:00,1646,0.2692606716234091,0.47720259914362284,0,0.263333,207.01532388553971,NORMAL,,PROFILE/P99,ai_edge_litert.Interpreter 2.1.6 num_threads=1,2026-09-18T19:12:08.534+02:00,15181351687609,15181371733923,0.701518,0.863352,20.046314,613.481155,633.527469,0,0,0,0,0,50.01789712966372,243236864,240959488,0.37727463096605607,0.4833547401595273,0,18.087481,NORMAL,scikit-learn IsolationForest.score_samples,0.5174639486572344,1.296361072562011,0,0.098426,NORMAL,NumPy RMS auf standardisiertem 128×3-Fenster
2026-09-18T19:12:09.788+02:00,1647,0.24505611074273415,0.47720259914362284,0,0.247148,207.50858915222315,NORMAL,,PROFILE/P99,ai_edge_litert.Interpreter 2.1.6 num_threads=1,2026-09-18T19:12:09.154+02:00,15181969803838,15181992196801,0.755556,0.840926,22.392963,612.022859,634.415822,0,0,0,0,0,49.960891742036,243236864,240959488,0.3785561438129341,0.4833547401595273,0,20.410036,NORMAL,scikit-learn IsolationForest.score_samples,0.5120583054862605,1.296361072562011,0,0.106093,NORMAL,NumPy RMS auf standardisiertem 128×3-Fenster
2026-09-18T19:12:10.403+02:00,1648,0.2557473552456769,0.47720259914362284,0,0.265222,209.28586899011117,NORMAL,,PROFILE/P99,ai_edge_litert.Interpreter 2.1.6 num_threads=1,2026-09-18T19:12:09.776+02:00,15182586337847,15182606586383,0.7565,0.868981,20.248536,606.82549,627.074026,0,0,0,0,0,53.7115033766356,243236864,240959488,0.3796945774516484,0.4833547401595273,0,18.22037,NORMAL,scikit-learn IsolationForest.score_samples,0.5128130910244599,1.296361072562011,0,0.106093,NORMAL,NumPy RMS auf standardisiertem 128×3-Fenster
2026-09-18T19:12:11.020+02:00,1649,0.25113361529562894,0.47720259914362284,0,0.242685,207.38587991844804,NORMAL,,PROFILE/P99,ai_edge_litert.Interpreter 2.1.6 num_threads=1,2026-09-18T19:12:10.389+02:00,15183204842855,15183224048781,0.874148,0.947648,19.205926,612.38499,631.590916,0,0,0,0,0,55.064975302200686,243236864,240959488,0.38721109583992286,0.4833547401595273,0,17.000241,NORMAL,scikit-learn IsolationForest.score_samples,0.5111675676177879,1.296361072562011,0,0.111204,NORMAL,NumPy RMS auf standardisiertem 128×3-Fenster
2026-09-18T19:12:11.639+02:00,1650,0.2732918368921844,0.47720259914362284,0,0.275352,207.7206698046227,NORMAL,,PROFILE/P99,ai_edge_litert.Interpreter 2.1.6 num_threads=1,2026-09-18T19:12:11.007+02:00,15183822623549,15183842531586,0.654611,0.929667,19.908037,611.39799,631.306027,0,0,0,0,0,51.73890715889603,243236864,240959488,0.3884553635385691,0.4833547401595273,0,17.911148,NORMAL,scikit-learn IsolationForest.score_samples,0.5268191468242069,1.296361072562011,0,0.100148,NORMAL,NumPy RMS auf standardisiertem 128×3-Fenster
2026-09-18T19:12:12.258+02:00,1651,0.2808087809587126,0.47720259914362284,0,0.232445,207.71225800806397,NORMAL,,PROFILE/P99,ai_edge_litert.Interpreter 2.1.6 num_threads=1,2026-09-18T19:12:11.626+02:00,15184441462151,15184461690725,0.694926,0.872871,20.228574,611.42275,631.651324,0,0,0,0,0,51.68545651871923,243236864,240959488,0.3804272798745002,0.4833547401595273,0,18.31037,NORMAL,scikit-learn IsolationForest.score_samples,0.5248104136713317,1.296361072562011,0,0.087981,NORMAL,NumPy RMS auf standardisiertem 128×3-Fenster
2026-09-18T19:12:12.875+02:00,1652,0.2259837869572602,0.47720259914362284,0,0.22687,207.93553587101334,NORMAL,,PROFILE/P99,ai_edge_litert.Interpreter 2.1.6 num_threads=1,2026-09-18T19:12:12.244+02:00,15185058382069,15185078373569,0.810074,0.785352,19.9915,610.766214,630.757714,0,0,0,0,0,50.26686402459304,243236864,240959488,0.3744999110705228,0.4833547401595273,0,18.022889,NORMAL,scikit-learn IsolationForest.score_samples,0.500306106845804,1.296361072562011,0,0.096334,NORMAL,NumPy RMS auf standardisiertem 128×3-Fenster
2026-09-18T19:12:13.494+02:00,1653,0.26518845294818644,0.47720259914362284,0,0.249222,207.2660715066576,NORMAL,,PROFILE/P99,ai_edge_litert.Interpreter 2.1.6 num_threads=1,2026-09-18T19:12:12.861+02:00,15185677045728,15185697383524,0.679463,0.837259,20.337796,612.738974,633.07677,0,0,0,0,0,56.54120472194215,243236864,240959488,0.38705579143884694,0.4833547401595273,0,18.440907,NORMAL,scikit-learn IsolationForest.score_samples,0.5276247052549332,1.296361072562011,0,0.101833,NORMAL,NumPy RMS auf standardisiertem 128×3-Fenster
2026-09-18T19:12:14.113+02:00,1654,0.28757481936221413,0.47720259914362284,0,0.232592,208.35102642320348,NORMAL,,PROFILE/P99,ai_edge_litert.Interpreter 2.1.6 num_threads=1,2026-09-18T19:12:13.482+02:00,15186295675683,15186316399535,1.052278,0.990315,20.723852,609.548233,630.272085,0,0,0,0,0,51.69469356949148,243236864,240959488,0.3840885410174852,0.4833547401595273,0,18.299685,NORMAL,scikit-learn IsolationForest.score_samples,0.5214125028104183,1.296361072562011,0,0.115778,NORMAL,NumPy RMS auf standardisiertem 128×3-Fenster
2026-09-18T19:12:14.729+02:00,1655,0.2783824172964063,0.47720259914362284,0,0.178166,207.65636302990302,NORMAL,,PROFILE/P99,ai_edge_litert.Interpreter 2.1.6 num_threads=1,2026-09-18T19:12:14.097+02:00,15186912739528,15186932659898,0.668148,0.707111,19.92037,611.587327,631.507697,0,0,0,0,0,51.92763679988234,243236864,240959488,0.3837639173226671,0.4833547401595273,0,18.248037,NORMAL,scikit-learn IsolationForest.score_samples,0.520072213136455,1.296361072562011,0,0.094333,NORMAL,NumPy RMS auf standardisiertem 128×3-Fenster
2026-09-18T19:12:15.350+02:00,1656,0.2600378271655123,0.47720259914362284,0,0.248,207.31875933278246,NORMAL,,PROFILE/P99,ai_edge_litert.Interpreter 2.1.6 num_threads=1,2026-09-18T19:12:14.715+02:00,15187531539707,15187553461429,0.825666,0.805186,21.921722,612.583253,634.504975,0,0,0,0,0,51.5469765550895,243236864,240959488,0.3811223197099272,0.4833547401595273,0,19.922037,NORMAL,scikit-learn IsolationForest.score_samples,0.49526979349562583,1.296361072562011,0,0.091963,NORMAL,NumPy RMS auf standardisiertem 128×3-Fenster
2026-09-18T19:12:15.977+02:00,1657,0.24730833416310935,0.47720259914362284,0,0.277889,207.0764860660181,NORMAL,,PROFILE/P99,ai_edge_litert.Interpreter 2.1.6 num_threads=1,2026-09-18T19:12:15.331+02:00,15188148527941,15188180525534,0.766186,0.957944,31.997593,613.299957,645.29755,0,0,0,0,0,54.217225059558956,243236864,240959488,0.38213735799237014,0.4833547401595273,0,29.844277,NORMAL,scikit-learn IsolationForest.score_samples,0.5138460027495597,1.296361072562011,0,0.116926,NORMAL,NumPy RMS auf standardisiertem 128×3-Fenster
2026-09-18T19:12:16.588+02:00,1658,0.30376139001313146,0.47720259914362284,0,0.357703,209.70607840432737,NORMAL,,PROFILE/P99,ai_edge_litert.Interpreter 2.1.6 num_threads=1,2026-09-18T19:12:15.958+02:00,15188767440566,15188791420362,1.087166,1.067297,23.979796,605.609532,629.589328,0,0,0,0,0,63.84408956396507,243236864,240959488,0.388313921624439,0.4833547401595273,0,21.328482,NORMAL,scikit-learn IsolationForest.score_samples,0.5184847458684969,1.296361072562011,0,0.103703,NORMAL,NumPy RMS auf standardisiertem 128×3-Fenster
2026-09-18T19:12:17.207+02:00,1659,0.26451732428703717,0.47720259914362284,0,0.3385,207.2715958042373,NORMAL,,PROFILE/P99,ai_edge_litert.Interpreter 2.1.6 num_threads=1,2026-09-18T19:12:16.569+02:00,15189385408375,15189410441116,0.972445,1.123463,25.032741,612.722643,637.755384,0,0,0,0,0,51.694900593163325,243236864,240959488,0.3854560617752808,0.4833547401595273,0,22.460407,NORMAL,scikit-learn IsolationForest.score_samples,0.5205730510358713,1.296361072562011,0,0.093333,NORMAL,NumPy RMS auf standardisiertem 128×3-Fenster
2026-09-18T19:12:17.833+02:00,1660,0.2643230014931819,0.47720259914362284,0,0.236407,208.74276192074893,NORMAL,,PROFILE/P99,ai_edge_litert.Interpreter 2.1.6 num_threads=1,2026-09-18T19:12:17.189+02:00,15190001688297,15190036395000,1.021759,0.853685,34.706703,608.404329,643.111032,0,0,0,0,0,65.50002317504294,243236864,240959488,0.3794951178304757,0.4833547401595273,0,32.450444,NORMAL,scikit-learn IsolationForest.score_samples,0.523291553378715,1.296361072562011,0,0.106926,NORMAL,NumPy RMS auf standardisiertem 128×3-Fenster
2026-09-18T19:12:18.598+02:00,1661,nan,0.47720259914362284,-1,0.0,162.25451436551197,ERROR,"ValueError: Sensorfenster mit Lücke, Overrun oder Sättigung; Entscheidung ungültig",PROFILE/P99,ai_edge_litert.Interpreter 2.1.6 num_threads=1,2026-09-18T19:12:17.815+02:00,15190801020959,15190801720570,0.675203,0.0,0.699611,782.720903,783.420514,0,0,8,8,0,66.64041905266164,243236864,240959488,nan,0.4833547401595273,-1,0.0,ERROR,scikit-learn IsolationForest.score_samples,nan,1.296361072562011,-1,0.0,ERROR,NumPy RMS auf standardisiertem 128×3-Fenster
2026-09-18T19:12:19.228+02:00,1662,nan,0.47720259914362284,-1,0.0,203.30532224086474,ERROR,"ValueError: Sensorfenster mit Lücke, Overrun oder Sättigung; Entscheidung ungültig",PROFILE/P99,ai_edge_litert.Interpreter 2.1.6 num_threads=1,2026-09-18T19:12:18.600+02:00,15191428174085,15191432157437,3.947592,0.0,3.983352,624.676219,628.659571,0,0,10,10,0,77.71610326513314,243236864,240959488,nan,0.4833547401595273,-1,0.0,ERROR,scikit-learn IsolationForest.score_samples,nan,1.296361072562011,-1,0.0,ERROR,NumPy RMS auf standardisiertem 128×3-Fenster
2026-09-18T19:12:20.183+02:00,1663,nan,0.47720259914362284,-1,0.0,133.04469924864935,ERROR,"ValueError: Sensorfenster mit Lücke, Overrun oder Sättigung; Entscheidung ungültig",PROFILE/P99,ai_edge_litert.Interpreter 2.1.6 num_threads=1,2026-09-18T19:12:19.228+02:00,15192386005414,15192386971081,0.940796,0.0,0.965667,954.566403,955.53207,0,0,53,53,0,80.64709655035855,243236864,240959488,nan,0.4833547401595273,-1,0.0,ERROR,scikit-learn IsolationForest.score_samples,nan,1.296361072562011,-1,0.0,ERROR,NumPy RMS auf standardisiertem 128×3-Fenster
