monotonic_ns,queue_pending_windows,process_cpu_percent_one_core,process_rss_bytes,process_lifetime_peak_rss_bytes
102176292940543,0,0.0,77168640,77381632
102176393301281,0,0.0,77217792,77381632
102176493557057,0,0.0,77217792,77381632
102176593812758,0,19.94931437650624,77234176,77381632
102176694001108,0,0.0,77234176,77381632
102176794196717,0,0.0,77234176,77381632
102176894369196,0,0.0,77234176,77381632
102176994590657,0,0.0,77234176,77381632
102177094774859,0,9.981663484422908,77234176,77381632
102177194935653,0,0.0,77234176,77381632
102177295118021,0,9.981866441372414,77234176,77381632
102177395281037,0,0.0,77234176,77381632
102177495468017,0,9.981148804938488,77234176,77381632
102177595667515,0,0.0,77234176,77381632
102177695825716,0,9.984265695351596,77234176,77381632
102177795978733,0,0.0,77234176,77381632
102177896137971,0,0.0,77234176,77381632
102177996301377,0,9.983571732705965,77234176,77381632
102178096497838,0,0.0,77234176,77381632
102178196680651,0,9.981692976107974,77234176,77381632
102178296878704,0,0.0,77234176,77381632
102178397036869,0,0.0,77234176,77381632
102178497197070,0,9.983863280274587,77234176,77381632
102178597397568,0,9.98008992132685,77234176,77381632
102178697566326,0,0.0,77234176,77381632
102178797739602,0,0.0,77234176,77381632
102178897905544,0,0.0,77234176,77381632
102178998063765,0,9.984243566256001,77234176,77381632
102179098215633,0,9.984688480734187,77234176,77381632
102179198427002,0,0.0,77234176,77381632
102179298606852,0,0.0,77234176,77381632
102179398782368,0,0.0,77234176,77381632
102179498945478,0,9.983521798095813,77234176,77381632
102179599172698,0,0.0,77234176,77381632
102179699354807,0,0.0,77234176,77381632
102179799533843,0,9.982156098595857,77234176,77381632
102179899691489,0,9.984239877357636,77234176,77381632
102179999872672,0,0.0,77234176,77381632
102180100055726,0,9.981770492471664,77234176,77381632
102180200239854,0,0.0,77234176,77381632
102180300405482,0,0.0,77234176,77381632
102180400575777,0,9.983003137457922,77234176,77381632
102180500745664,0,0.0,77234176,77381632
102180600955014,0,9.979197166234721,77234176,77381632
102180701147605,0,0.0,77234176,77381632
102180801339326,0,0.0,77234176,77381632
102180901543768,0,9.97954213805079,77234176,77381632
102181001734045,0,0.0,77234176,77381632
102181101899710,0,0.0,77234176,77381632
102181202095245,0,9.98061744192701,77234176,77381632
102181302259614,0,0.0,77234176,77381632
102181402420186,0,9.983964853944533,77234176,77381632
102181502600148,0,9.981831369411053,77234176,77381632
102181602808998,0,0.0,77234176,77381632
102181702976849,0,0.0,77234176,77381632
102181803149477,0,0.0,77234176,77381632
102181903310420,0,9.983791214207011,77234176,77381632
102182003510159,0,9.980147093343701,77234176,77381632
102182103682102,0,0.0,77234176,77381632
102182203844804,0,0.0,77234176,77381632
102182304012803,0,0.0,77234176,77381632
102182404174450,0,9.983795002856903,77234176,77381632
102182504367818,0,9.980585963469869,77234176,77381632
102182604579132,0,0.0,77234176,77381632
102182704760482,0,0.0,77234176,77381632
102182804954852,0,9.980735483560995,77234176,77381632
102182905122035,0,0.0,77234176,77381632
102183005303960,0,9.981685503491958,77234176,77381632
102183105510273,0,0.0,77234176,77381632
102183205679143,0,9.983084263595364,77234176,77381632
102183305879715,0,0.0,77234176,77381632
102183406047640,0,0.0,77234176,77381632
102183506213602,0,9.98321173257873,77234176,77381632
102183606430267,0,0.0,77234176,77381632
102183706604766,0,9.982683837649502,77234176,77381632
102183806768431,0,0.0,77234176,77381632
102183906936449,0,0.0,77234176,77381632
102184007116911,0,9.98199926149668,77234176,77381632
102184107279817,0,0.0,77234176,77381632
102184207436612,0,0.0,77234176,77381632
102184307594592,0,9.984149364569733,77234176,77381632
102184407783406,0,0.0,77234176,77381632
102184507951331,0,0.0,77234176,77381632
102184608167663,0,9.978549909192989,77234176,77381632
102184708349088,0,9.981801778314995,77234176,77381632
102184808545365,0,0.0,77234176,77381632
102184908731808,0,0.0,77234176,77381632
102185008921696,0,9.98104171019085,77234176,77381632
102185109107399,0,0.0,77234176,77381632
102185209264509,0,9.984324709654016,77234176,77381632
102185309439582,0,0.0,77234176,77381632
102185409590710,0,9.984926554081358,77234176,77381632
102185509744376,0,0.0,77234176,77381632
102185609950912,0,0.0,77234176,77381632
102185710119245,0,9.983226482249107,77234176,77381632
102185810287022,0,9.983254090500493,77234176,77381632
102185910447521,0,0.0,77234176,77381632
102186010639538,0,0.0,77234176,77381632
102186110846463,0,0.0,77234176,77381632
102186211040370,0,9.980766862938953,77234176,77381632
102186311265017,0,9.97757271054951,77234176,77381632
102186411426887,0,0.0,77234176,77381632
102186511595275,0,0.0,77234176,77381632
102186611824959,0,9.977167154024658,77234176,77381632
102186712021070,0,0.0,77234176,77381632
102186812216643,0,9.980586063488598,77234176,77381632
102186912385901,0,0.0,77234176,77381632
102187012581364,0,0.0,77234176,77381632
102187112749511,0,9.983222695481,77234176,77381632
102187212914732,0,0.0,77234176,77381632
102187313073750,0,0.0,77234176,77381632
102187413230176,0,9.984394890320672,77234176,77381632
102187513407638,0,0.0,77234176,77381632
102187613593804,0,9.981464122535048,77234176,77381632
102187713762414,0,0.0,77234176,77381632
102187813933469,0,9.982958789040861,77234176,77381632
102187914096913,0,0.0,77234176,77381632
102188014259505,0,0.0,77234176,77381632
102188114468227,0,9.9791656967358,77234176,77381632
102188214674819,0,0.0,77234176,77381632
102188314907929,0,9.976807614181133,77234176,77381632
102188415089077,0,0.0,77234176,77381632
102188515269373,0,0.0,77234176,77381632
102188615442039,0,9.982729976033031,77234176,77381632
102188715632890,0,0.0,77234176,77381632
102188815829797,0,9.98043644930806,77234176,77381632
102188916014704,0,0.0,77234176,77381632
102189016224074,0,0.0,77234176,77381632
102189116400259,0,9.982465998485749,77234176,77381632
102189216575184,0,9.982574916154144,77234176,77381632
102189316737036,0,0.0,77234176,77381632
102189416915794,0,0.0,77234176,77381632
102189517119701,0,0.0,77234176,77381632
102189617328460,0,9.979202643999775,77234176,77381632
102189717501682,0,9.982783391866796,77234176,77381632
102189817660738,0,0.0,77234176,77381632
102189917816941,0,0.0,77234176,77381632
102190017982200,0,9.983438573405204,77234176,77381632
102190118169366,0,0.0,77234176,77381632
102190218335218,0,9.983453325196258,77234176,77381632
102190318504736,0,0.0,77234176,77381632
102190418667625,0,0.0,77234176,77381632
102190518869273,0,9.97985356992791,77234176,77381632
102190619081532,0,0.0,77234176,77381632
102190719243772,0,9.983702603843902,77234176,77381632
102190819424809,0,0.0,77234176,77381632
102190919585864,0,0.0,77234176,77381632
102191019767809,0,9.9818496034944,77234176,77381632
102191119950364,0,0.0,77234176,77381632
102191220160364,0,9.9791049522958,77234176,77381632
102191320332438,0,0.0,77234176,77381632
102191420513975,0,0.0,77234176,77381632
102191520724975,0,0.0,77234176,77381632
102191620894475,0,9.983132199684448,77234176,77381632
102191721055123,0,9.983892586240557,77234176,77381632
102191821239789,0,0.0,77234176,77381632
102191921405808,0,0.0,77234176,77381632
102192021603049,0,19.96083962677169,77234176,77381632
102192121770530,0,0.0,77234176,77381632
102192221947641,0,0.0,77234176,77381632
102192322116345,0,0.0,77234176,77381632
102192422277882,0,0.0,77234176,77381632
102192522457086,0,19.964286088473465,77234176,77381632
102192622627067,0,0.0,77234176,77381632
102192722802049,0,0.0,77234176,77381632
102192822986734,0,0.0,77234176,77381632
102192923147549,0,9.983914715231085,77234176,77381632
102193023327068,0,0.0,77234176,77381632
102193123516642,0,9.981102379632437,77234176,77381632
102193223705420,0,0.0,77234176,77381632
102193323892624,0,0.0,77234176,77381632
102193424088179,0,9.980460454590773,77234176,77381632
102193524297383,0,9.97913074374001,77234176,77381632
102193624481087,0,0.0,77234176,77381632
102193724646439,0,0.0,77234176,77381632
102193824806773,0,0.0,77234176,77381632
102193924965514,0,9.984073505507913,77234176,77381632
102194025147755,0,9.981807257489962,77234176,77381632
102194125330848,0,0.0,77234176,77381632
102194225493589,0,0.0,77234176,77381632
102194325678348,0,9.981502778752073,77234176,77381632
102194425884774,0,0.0,77234176,77381632
102194526084164,0,0.0,77234176,77381632
102194626272701,0,9.981194631940431,77234176,77381632
102194726460535,0,0.0,77234176,77381632
102194826675776,0,9.978516652879021,77234176,77381632
102194926880702,0,0.0,77234176,77381632
102195027093684,0,9.978872530996773,77234176,77381632
102195127266962,0,0.0,77234176,77381632
102195227424592,0,0.0,77234176,77381632
102195327581093,0,9.984381730010538,77234176,77381632
102195427771130,0,9.98085890899624,77234176,77381632
102195527970482,0,0.0,77234176,77381632
102195628163946,0,0.0,77234176,77381632
102195728321965,0,9.984232200744213,77234176,77381632
102195828502651,0,0.0,77234176,77381632
102195928687910,0,0.0,77234176,77381632
102196028882189,0,9.980703905787744,77234176,77381632
102196129052041,0,0.0,77234176,77381632
102196229263394,0,0.0,77234176,77381632
102196329429283,0,9.983458806184498,77234176,77381632
102196429600580,0,9.982761269341454,77234176,77381632
102196529827154,0,0.0,77234176,77381632
102196629997007,0,0.0,77234176,77381632
102196730162582,0,0.0,77234176,77381632
102196830352694,0,9.981109751346272,77234176,77381632
102196930528305,0,9.982395744877874,77234176,77381632
102197030746473,0,0.0,77234176,77381632
102197130974325,0,0.0,77234176,77381632
102197231166363,0,0.0,77234176,77381632
102197331360363,0,9.98067252825523,77234176,77381632
102197431552901,0,0.0,77234176,77381632
102197531767402,0,9.978747063758554,77234176,77381632
102197631934606,0,0.0,77234176,77381632
102197732101274,0,9.98334618243984,77234176,77381632
102197832263849,0,0.0,77234176,77381632
102197932436035,0,0.0,77234176,77381632
102198032605814,0,19.96583606064294,77234176,77381632
102198132810277,0,0.0,77234176,77381632
102198232977000,0,0.0,77234176,77381632
102198333161909,0,0.0,77234176,77381632
102198433332280,0,0.0,77234176,77381632
102198533527188,0,9.980665155738091,77234176,77381632
102198633702522,0,9.982495394855983,77234176,77381632
102198733869227,0,0.0,77234176,77381632
102198834034191,0,9.983569539680406,77234176,77381632
102198934192266,0,0.0,77234176,77381632
102199034343008,0,0.0,77234176,77381632
102199134492453,0,9.98507221731714,77234176,77381632
102199234647158,0,0.0,77234176,77381632
102199334816603,0,0.0,77234176,77381632
102199434982567,0,9.983235452448742,77234176,77381632
102199535181235,0,0.0,77234176,77381632
102199635368255,0,0.0,77234176,77381632
102199735547496,0,9.982122616691035,77234176,77381632
102199835729053,0,0.0,77234176,77381632
102199935905313,0,9.982443775861281,77234176,77381632
102200036091370,0,0.0,77234176,77381632
102200136390408,0,0.0,77234176,77381632
102200236645335,0,9.974667934022692,77234176,77381632
102200336835262,0,9.980921469450998,77234176,77381632
102200437056615,0,0.0,77234176,77381632
102200537279820,0,0.0,77234176,77381632
102200637474432,0,9.98063009221736,77234176,77381632
102200737654285,0,9.982056255295229,77234176,77381632
102200837826324,0,0.0,77234176,77381632
102200937992473,0,0.0,77234176,77381632
102201038195493,0,0.0,77234176,77381632
102201138396846,0,9.97994759056237,77234176,77381632
102201238601958,0,0.0,77234176,77381632
102201338791478,0,9.981094907901007,77234176,77381632
102201438995201,0,0.0,77234176,77381632
102201539215962,0,9.978147656262722,77234176,77381632
102201639399074,0,0.0,77234176,77381632
102201739585113,0,0.0,77234176,77381632
102201839753170,0,9.983215120503095,77234176,77381632
102201939922060,0,9.983071206808587,77234176,77381632
102202040161580,0,0.0,77234176,77381632
102202140350229,0,0.0,77234176,77381632
102202240553527,0,9.979772399185517,77234176,77381632
102202340725769,0,0.0,77234176,77381632
102202440928196,0,0.0,77234176,77381632
102202541142439,0,9.978691701638347,77234176,77381632
102202641316810,0,9.982578403704965,77234176,77381632
102202741498627,0,0.0,77234176,77381632
102202841680869,0,9.98186614413908,77234176,77381632
102202941860222,0,0.0,77234176,77381632
102203042044853,0,0.0,77234176,77381632
102203142252096,0,9.979320453632504,77234176,77381632
102203242466597,0,0.0,77234176,77381632
102203342665451,0,0.0,77234176,77381632
102203442841378,0,9.982441883498568,77234176,77381632
102203543018880,0,0.0,77234176,77381632
102203643184178,0,0.0,77234176,77381632
102203743365346,0,9.981943563146459,77234176,77381632
102203843531422,0,0.0,77234176,77381632
102203943690923,0,9.984062241922267,77234176,77381632
102204043853944,0,0.0,77234176,77381632
102204144009408,0,9.98447952650815,77234176,77381632
102204244174465,0,0.0,77234176,77381632
102204344366356,0,9.9808532308144,77234176,77381632
102204444579691,0,0.0,77234176,77381632
102204544846859,0,0.0,77234176,77381632
102204645035639,0,0.0,77234176,77381632
102204745219863,0,9.981521110222378,77234176,77381632
102204845428235,0,9.97931487574508,77234176,77381632
102204945659348,0,0.0,77234176,77381632
102205045845238,0,0.0,77234176,77381632
102205146011462,0,9.983399702042432,77234176,77381632
102205246178687,0,0.0,77234176,77381632
102205346335725,0,9.984352123791727,77234176,77381632
102205446496783,0,0.0,77234176,77381632
102205546701988,0,0.0,77234176,77381632
102205646869990,0,9.983231664223071,77234176,77381632
102205747093288,0,9.977723633995698,77234176,77381632
102205847247198,0,0.0,77234176,77381632
102205947403385,0,0.0,77234176,77381632
102206047573739,0,9.982993670241282,77234176,77381632
102206147752537,0,0.0,77234176,77381632
102206247928446,0,0.0,77234176,77381632
102206348091134,0,9.983768788417514,77234176,77381632
102206448247061,0,0.0,77234176,77381632
102206548413749,0,0.0,77234176,77381632
102206648590288,0,9.982305166919799,77234176,77381632
102206748796086,0,0.0,77234176,77381632
102206848988218,0,9.980821849443526,77234176,77381632
102206949181387,0,9.980768357476082,77234176,77381632
102207049363926,0,0.0,77234176,77381632
102207149543761,0,0.0,77234176,77381632
102207249733763,0,9.981093014600194,77234176,77381632
102207349913450,0,0.0,77234176,77381632
102207450076934,0,0.0,77234176,77381632
102207550264881,0,9.981299635074713,77234176,77381632
102207650436068,0,0.0,77234176,77381632
102207750613441,0,0.0,77234176,77381632
102207850787128,0,9.982692705362663,77234176,77381632
102207950962463,0,0.0,77234176,77381632
102208051120003,0,9.984171194426535,77234176,77381632
102208151322968,0,0.0,77234176,77381632
102208251508748,0,9.981443597732149,77234176,77381632
102208351690195,0,0.0,77234176,77381632
102208451852715,0,9.983774269752143,77234176,77381632
102208552017440,0,0.0,77234176,77381632
102208652182424,0,0.0,77234176,77381632
102208752377408,0,9.9805469157315,77234176,77381632
102208852558854,0,0.0,77234176,77381632
102208952717672,0,0.0,77234176,77381632
102209052872674,0,9.984401867968314,77234176,77381632
102209153084195,0,0.0,77234176,77381632
102209253271901,0,9.98125530179158,77234176,77381632
102209353453218,0,0.0,77234176,77381632
102209453631405,0,9.982054263031278,77234176,77381632
102209553851130,0,0.0,77234176,77381632
102209654058133,0,0.0,77234176,77381632
102209754226950,0,9.983163395444269,77234176,77381632
102209854398267,0,0.0,77234176,77381632
102209954572770,0,9.982596740576703,77234176,77381632
102210054733254,0,0.0,77234176,77381632
102210154921497,0,0.0,77234176,77381632
102210255090777,0,0.0,77234176,77381632
102210355247613,0,9.984353918234689,77234176,77381632
102210455413690,0,9.983248209448643,77234176,77381632
102210555608748,0,0.0,77234176,77381632
102210655788861,0,9.982009923044341,77234176,77381632
102210755970994,0,0.0,77234176,77381632
102210856210533,0,9.976121753877905,77234176,77381632
102210956379499,0,0.0,77234176,77381632
102211056565187,0,9.981539441760459,77234176,77381632
102211156725856,0,0.0,77234176,77381632
102211256918673,0,0.0,77234176,77381632
102211357107732,0,0.0,77234176,77381632
102211457284938,0,9.982177819686525,77234176,77381632
102211557488330,0,9.979809149486442,77234176,77381632
102211657682647,0,0.0,77234176,77381632
102211757878705,0,0.0,77234176,77381632
102211858052375,0,0.0,77234176,77381632
102211958251007,0,9.980229663096207,77234176,77381632
102212058421362,0,0.0,77234176,77381632
102212158584013,0,9.983801881033388,77234176,77381632
102212258747275,0,0.0,77234176,77381632
102212358906852,0,9.984069618008641,77234176,77381632
102212459075817,0,0.0,77234176,77381632
102212559272468,0,0.0,77234176,77381632
102212659446471,0,9.982576411232804,77234176,77381632
102212759635567,0,0.0,77234176,77381632
102212859836458,0,9.979997192302767,77234176,77381632
102212960018276,0,9.981847511268922,77234176,77381632
102213060191075,0,0.0,77234176,77381632
102213160391208,0,0.0,77234176,77381632
102213260584970,0,0.0,77234176,77381632
102213360803102,0,9.978283961962973,77234176,77381632
102213460989846,0,9.981266360429565,77234176,77381632
102213561198368,0,0.0,77234176,77381632
102213661405722,0,0.0,77234176,77381632
102213761572929,0,9.983299835313005,77234176,77381632
102213861735303,0,0.0,77234176,77381632
102213961897287,0,0.0,77234176,77381632
102214062056290,0,9.984073306781418,77234176,77381632
102214162236201,0,0.0,77234176,77381632
102214262401204,0,0.0,77234176,77381632
102214362562670,0,9.983809356818188,77234176,77381632
102214462760025,0,9.980155757980034,77234176,77381632
102214562962676,0,0.0,77234176,77381632
102214663155716,0,0.0,77234176,77381632
102214763346071,0,9.980978549518797,77234176,77381632
102214863557519,0,0.0,77234176,77381632
102214963775855,0,9.978326376603293,77234176,77381632
102215063943877,0,0.0,77234176,77381632
102215164136287,0,0.0,77234176,77381632
102215264312772,0,9.98240481363943,77234176,77381632
102215364503645,0,0.0,77234176,77381632
102215464694649,0,0.0,77234176,77381632
102215564948726,0,9.974752405382624,77234176,77381632
102215665117655,0,9.983148544439697,77234176,77381632
102215765283103,0,0.0,77234176,77381632
102215865444884,0,0.0,77234176,77381632
102215965602665,0,0.0,77234176,77381632
102216065788113,0,9.981526390464326,77234176,77381632
102216165959820,0,9.982803423314161,77234176,77381632
102216266146082,0,0.0,77234176,77381632
102216366313160,0,0.0,77234176,77381632
102216466484719,0,9.98271841674456,77234176,77381632
102216566687555,0,0.0,77234176,77381632
102216666854985,0,0.0,77234176,77381632
102216767033211,0,9.982183300724119,77234176,77381632
102216867218566,0,9.98144529109428,77234176,77381632
102216967435217,0,0.0,77234176,77381632
102217067618480,0,9.981762621020097,77234176,77381632
102217167781558,0,0.0,77234176,77381632
102217267940283,0,0.0,77234176,77381632
102217368109583,0,0.0,77234176,77381632
102217468278068,0,9.982993371491007,77234176,77381632
102217568490609,0,0.0,77234176,77381632
102217668689038,0,9.980196297023106,77234176,77381632
102217768877542,0,0.0,77234176,77381632
102217869056638,0,0.0,77234176,77381632
102217969243789,0,9.981327132636498,77234176,77381632
102218069418978,0,0.0,77234176,77381632
102218169629297,0,9.979134030354347,77234176,77381632
102218269812578,0,0.0,77234176,77381632
102218370024822,0,9.978850025865935,77234176,77381632
102218470216585,0,0.0,77234176,77381632
102218570422940,0,0.0,77234176,77381632
102218670599592,0,9.982334562342807,77234176,77381632
102218770770170,0,0.0,77234176,77381632
102218870950841,0,9.981961796189534,77234176,77381632
102218971120585,0,0.0,77234176,77381632
102219071284126,0,0.0,77234176,77381632
102219171445092,0,9.983945814344986,77234176,77381632
102219271628429,0,9.981675938734242,77234176,77381632
102219371792915,0,0.0,77234176,77381632
102219471969548,0,0.0,77234176,77381632
102219572177867,0,0.0,77234176,77381632
102219672367148,0,9.981133361198665,77234176,77381632
102219772533911,0,9.983379172179252,77234176,77381632
102219872696434,0,0.0,77234176,77381632
102219972855678,0,0.0,77234176,77381632
102220073011460,0,0.0,77234176,77381632
102220173184834,0,9.98267407085714,77234176,77381632
102220273352486,0,0.0,77234176,77381632
102220373530916,0,0.0,77234176,77381632
102220473717272,0,19.96235538969702,77234176,77381632
102220573937905,0,0.0,77234176,77381632
102220674111354,0,0.0,77234176,77381632
102220774295358,0,0.0,77234176,77381632
102220874460602,0,9.983536051193656,77234176,77381632
102220974625773,0,9.983434486248926,77234176,77381632
102221074813388,0,0.0,77234176,77381632
102221175000837,0,0.0,77234176,77381632
102221275195063,0,0.0,77234176,77381632
102221375382011,0,19.962827617728983,77234176,77381632
102221475566274,0,0.0,77234176,77381632
102221575765871,0,0.0,77234176,77381632
102221675947134,0,0.0,77234176,77381632
102221776134157,0,0.0,77234176,77381632
102221876375976,0,19.95152438179957,77234176,77381632
102221976588017,0,0.0,77234176,77381632
102222076779262,0,0.0,77234176,77381632
102222176964710,0,0.0,77234176,77381632
102222277132492,0,9.98327202956456,77234176,77381632
102222377292107,0,0.0,77234176,77381632
102222477463408,0,0.0,77234176,77381632
102222577676542,0,9.97890519267052,77234176,77381632
102222677879990,0,9.979624600692445,77234176,77381632
102222778073865,0,0.0,77234176,77381632
102222878241332,0,9.98329784255329,77234176,77381632
102222978415577,0,0.0,77234176,77381632
102223078620730,0,0.0,77234176,77381632
102223178790752,0,0.0,77234176,77381632
102223278956053,0,9.98346219427678,77234176,77381632
102223379145483,0,9.981118619162281,77234176,77381632
102223479338395,0,0.0,77234176,77381632
102223579540121,0,9.979998985180684,77234176,77381632
102223679713811,0,0.0,77234176,77381632
102223779895260,0,9.981932204320616,77234176,77381632
102223880085283,0,0.0,77234176,77381632
102223980247305,0,0.0,77234176,77381632
102224080408254,0,9.983977113826038,77234176,77381632
102224180561351,0,0.0,77234176,77381632
102224280739319,0,9.982153706091427,77234176,77381632
102224380972656,0,0.0,77234176,77381632
102224481138198,0,0.0,77234176,77381632
102224581332665,0,9.980622322583967,77234176,77381632
102224681525485,0,0.0,77234176,77381632
102224781686767,0,0.0,77234176,77381632
102224881841179,0,0.0,77234176,77381632
102224981999239,0,19.968301319879764,77234176,77381632
102225082187503,0,0.0,77234176,77381632
102225182350081,0,0.0,77234176,77381632
102225282535234,0,0.0,77234176,77381632
102225382707905,0,0.0,77234176,77381632
102225482873965,0,19.966400144205963,77234176,77381632
102225583097711,0,0.0,77234176,77381632
102225683283289,0,0.0,77234176,77381632
102225783442405,0,9.984098923735178,77234176,77381632
102225883607799,0,0.0,77234176,77381632
102225983807155,0,0.0,77234176,77381632
102226083980104,0,0.0,77234176,77381632
102226184176498,0,9.980366024235478,77234176,77381632
102226284364391,0,9.981314081895343,77234176,77381632
102226384523562,0,9.984132218719282,77234176,77381632
102226484688752,0,0.0,77234176,77381632
102226584881776,0,0.0,77234176,77381632
102226685043373,0,0.0,77234176,77381632
102226785200119,0,0.0,77234176,77381632
102226885357994,0,9.984132218719282,77234176,77381632
102226985571795,0,0.0,77234176,77381632
102227085748485,0,9.982330774801692,77234176,77381632
102227185924508,0,9.982467393475565,77234176,77381632
102227286086568,0,0.0,77234176,77381632
102227386240073,0,0.0,77234176,77381632
102227486397485,0,9.984106301326323,77234176,77381632
102227586597157,0,0.0,77234176,77381632
102227686769680,0,9.98279216259403,77234176,77381632
102227786933352,0,0.0,77234176,77381632
102227887091172,0,0.0,77234176,77381632
102227987269547,0,0.0,77234176,77381632
102228087467922,0,19.96071711011099,77234176,77381632
102228187639909,0,0.0,77234176,77381632
102228287828580,0,0.0,77234176,77381632
102228388017233,0,9.981188653284162,77234176,77381632
102228488199294,0,0.0,77234176,77381632
102228588395854,0,0.0,77234176,77381632
102228688565841,0,9.983039415567989,77234176,77381632
102228788748976,0,0.0,77234176,77381632
102228888927814,0,9.982225548417597,77234176,77381632
102228989101986,0,0.0,77234176,77381632
102229089275620,0,9.982666596772203,77234176,77381632
102229189432366,0,0.0,77234176,77381632
102229289584186,0,0.0,77234176,77381632
102229389740598,0,0.0,77234176,77381632
102229489926955,0,9.981310395161385,77234176,77381632
102229590125553,0,0.0,77234176,77381632
102229690320392,0,9.980616743240882,77234176,77381632
102229790486619,0,0.0,77234176,77381632
102229890659050,0,0.0,77234176,77381632
102229990824092,0,9.983570934978,77234176,77381632
102230090991357,0,9.983063433374276,77234176,77381632
102230191216992,0,0.0,77234176,77381632
102230291410997,0,0.0,77234176,77381632
102230391624317,0,0.0,77234176,77381632
102230491836248,0,9.978761304675691,77234176,77381632
102230592055883,0,9.978132623135808,77234176,77381632
102230692271481,0,0.0,77234176,77381632
102230792472208,0,9.979987729337168,77234176,77381632
102230892674343,0,0.0,77234176,77381632
102230992879478,0,0.0,77234176,77381632
102231093100076,0,9.977946344200715,77234176,77381632
102231193309803,0,0.0,77234176,77381632
102231293526642,0,0.0,77234176,77381632
102231393718647,0,9.980757001324703,77234176,77381632
102231493924375,0,0.0,77234176,77381632
102231594157139,0,9.976869824025425,77234176,77381632
102231694364385,0,9.979397534620432,77234176,77381632
102231794541298,0,0.0,77234176,77381632
102231894731341,0,0.0,77234176,77381632
102231994940624,0,0.0,77234176,77381632
102232095151296,0,9.97894024552166,77234176,77381632
102232195359468,0,0.0,77234176,77381632
102232295562047,0,0.0,77234176,77381632
102232395759775,0,9.980233050446536,77234176,77381632
102232495966799,0,9.979255522131275,77234176,77381632
102232596184064,0,0.0,77234176,77381632
102232696366143,0,0.0,77234176,77381632
102232796560427,0,0.0,77234176,77381632
102232896747155,0,9.981426661244846,77234176,77381632
102232996925030,0,9.982105579300807,77234176,77381632
102233097130388,0,0.0,77234176,77381632
102233197323449,0,9.980749528660537,77234176,77381632
102233297522121,0,0.0,77234176,77381632
102233397714904,0,0.0,77234176,77381632
102233497909947,0,0.0,77234176,77381632
102233598112675,0,9.979910240660036,77234176,77381632
102233698286607,0,0.0,77234176,77381632
102233798449835,0,9.983687155100975,77234176,77381632
102233898612748,0,0.0,77234176,77381632
102233998780902,0,9.98324242847592,77234176,77381632
102234098943185,0,0.0,77234176,77381632
102234199150709,0,0.0,77234176,77381632
102234299344530,0,9.980631486694332,77234176,77381632
102234399544387,0,0.0,77234176,77381632
102234499744078,0,9.979937929128932,77234176,77381632
102234599958251,0,0.0,77234176,77381632
102234700175553,0,0.0,77234176,77381632
102234800366947,0,19.961598673937434,77234176,77381632
102234900598879,0,0.0,77234176,77381632
102235000813755,0,0.0,77234176,77381632
102235100988150,0,9.982600129534024,77234176,77381632
102235201149822,0,0.0,77234176,77381632
102235301314532,0,0.0,77234176,77381632
102235401477667,0,9.983707487518698,77234176,77381632
102235501644655,0,0.0,77234176,77381632
102235601835920,0,9.981053962893968,77234176,77381632
102235702056019,0,0.0,77234176,77381632
102235802211432,0,0.0,77234176,77381632
102235902371049,0,9.983988078409356,77234176,77381632
102236002572314,0,0.0,77234176,77381632
102236102731968,0,9.984076595201877,77234176,77381632
102236202890660,0,0.0,77234176,77381632
102236303091610,0,0.0,77234176,77381632
102236403264894,0,0.0,77234176,77381632
102236503454344,0,19.961845728017007,77234176,77381632
102236603657350,0,0.0,77234176,77381632
102236703830838,0,0.0,77234176,77381632
102236803999011,0,0.0,77234176,77381632
102236904189091,0,9.981978237159847,77234176,77381632
102237004386745,0,0.0,77234176,77381632
102237104559010,0,9.982799436741237,77234176,77381632
102237204730664,0,0.0,77234176,77381632
102237304905874,0,0.0,77234176,77381632
102237405092603,0,9.981404444697167,77234176,77381632
102237505268590,0,0.0,77234176,77381632
102237605475115,0,9.979521025514702,77234176,77381632
102237705646121,0,9.982987690879623,77234176,77381632
102237805824850,0,0.0,77234176,77381632
102237905991059,0,0.0,77234176,77381632
102238006164584,0,9.982470981007767,77234176,77381632
102238106395535,0,0.0,77234176,77381632
102238206567152,0,9.982893514340867,77234176,77381632
102238306730732,0,0.0,77234176,77381632
102238406928016,0,0.0,77234176,77381632
102238507097949,0,0.0,77234176,77381632
102238607287751,0,19.96231434534608,77234176,77381632
102238707456943,0,0.0,77234176,77381632
102238807643671,0,0.0,77234176,77381632
102238907810826,0,0.0,77234176,77381632
102239007969017,0,0.0,77234176,77381632
102239108146079,0,19.96456529260644,77234176,77381632
102239208325308,0,0.0,77234176,77381632
102239308482129,0,0.0,77234176,77381632
102239408640617,0,0.0,77234176,77381632
102239508825364,0,0.0,77234176,77381632
102239609033037,0,19.958695280616492,77234176,77381632
102239709225155,0,0.0,77234176,77381632
102239809391698,0,0.0,77234176,77381632
102239909571871,0,0.0,77234176,77381632
102240009795193,0,9.977695560865898,77234176,77381632
102240109958607,0,0.0,77234176,77381632
102240210126298,0,9.983227478615065,77234176,77381632
102240310295212,0,0.0,77234176,77381632
102240410477385,0,9.98183057341154,77234176,77381632
102240510702707,0,0.0,77234176,77381632
102240610901898,0,0.0,77234176,77381632
102240711083294,0,9.981959803963509,77234176,77381632
102240811246430,0,0.0,77234176,77381632
102240911429029,0,9.981705131818842,77234176,77381632
102241011609851,0,0.0,77234176,77381632
102241111768617,0,9.984168902497643,77234176,77381632
102241211925808,0,0.0,77234176,77381632
102241312113334,0,0.0,77234176,77381632
102241412277766,0,9.983604026282702,77234176,77381632
102241512465532,0,0.0,77234176,77381632
102241612745446,0,0.0,77234176,77381632
102241712957286,0,9.978921623573056,77234176,77381632
102241813147441,0,9.98107777253982,77234176,77381632
102241913330355,0,0.0,77234176,77381632
102242013533825,0,0.0,77234176,77381632
102242113723813,0,0.0,77234176,77381632
102242213890135,0,9.983461896948404,77234176,77381632
102242314050975,0,0.0,77234176,77381632
102242414224574,0,9.982681246221231,77234176,77381632
102242514403099,0,0.0,77234176,77381632
102242614609236,0,9.979502501395876,77234176,77381632
102242714813872,0,0.0,77234176,77381632
102242815006583,0,9.980837889462363,77234176,77381632
102242915178997,0,0.0,77234176,77381632
102243015361226,0,0.0,77234176,77381632
102243115564048,0,9.979917512057268,77234176,77381632
102243215738351,0,0.0,77234176,77381632
102243315909339,0,0.0,77234176,77381632
102243416116698,0,9.979303424356939,77234176,77381632
102243516310520,0,9.98059253716862,77234176,77381632
102243616510916,0,0.0,77234176,77381632
102243716696645,0,0.0,77234176,77381632
102243816877559,0,9.9819412707898,77234176,77381632
102243917056122,0,0.0,77234176,77381632
102244017231018,0,9.982546515545376,77234176,77381632
102244117406987,0,0.0,77234176,77381632
102244217576939,0,9.98305396459323,77234176,77381632
102244317763076,0,0.0,77234176,77381632
102244417959823,0,0.0,77234176,77381632
102244518142978,0,9.981594339638557,77234176,77381632
102244618351800,0,0.0,77234176,77381632
102244718549604,0,0.0,77234176,77381632
102244818740981,0,9.980991103597264,77234176,77381632
102244918910988,0,9.983033634837296,77234176,77381632
102245019082107,0,0.0,77234176,77381632
102245119274243,0,0.0,77234176,77381632
102245219496806,0,0.0,77234176,77381632
102245319664776,0,9.983247710538743,77234176,77381632
102245419828172,0,9.983675991017263,77234176,77381632
102245520011587,0,0.0,77234176,77381632
102245620219094,0,0.0,77234176,77381632
102245720419434,0,0.0,77234176,77381632
102245820586034,0,9.983397310392421,77234176,77381632
102245920755893,0,9.982952410906774,77234176,77381632
102246020966012,0,0.0,77234176,77381632
102246121151889,0,0.0,77234176,77381632
102246221322045,0,9.982909956929868,77234176,77381632
102246321529163,0,0.0,77234176,77381632
102246421710281,0,0.0,77234176,77381632
102246521907604,0,9.980160936766437,77234176,77381632
102246622111981,0,0.0,77234176,77381632
102246722317081,0,9.979463760674319,77234176,77381632
102246822507774,0,0.0,77234176,77381632
102246922685744,0,9.982146034136115,77234176,77381632
102247022885270,0,0.0,77234176,77381632
102247123061388,0,0.0,77234176,77381632
102247223224340,0,9.983757125190413,77234176,77381632
102247323386070,0,9.98386238531662,77234176,77381632
102247423548448,0,0.0,77234176,77381632
102247523726974,0,0.0,77234176,77381632
102247623929259,0,9.979965419188247,77234176,77381632
102247724111433,0,0.0,77234176,77381632
102247824287829,0,0.0,77234176,77381632
102247924447596,0,0.0,77234176,77381632
102248024641067,0,19.961133479235464,77234176,77381632
102248124860556,0,0.0,77234176,77381632
102248225022600,0,0.0,77234176,77381632
102248325180441,0,9.984170596783937,77234176,77381632
102248425358245,0,0.0,77234176,77381632
102248525527197,0,0.0,77234176,77381632
102248625742519,0,9.9786744745473,77234176,77381632
102248725908768,0,0.0,77234176,77381632
102248826063479,0,9.984552699241949,77234176,77381632
102248926223116,0,0.0,77234176,77381632
102249026385494,0,0.0,77234176,77381632
102249126543391,0,9.984259216905235,77234176,77381632
102249226697010,0,0.0,77234176,77381632
102249326898999,0,0.0,77234176,77381632
102249427065840,0,9.983376977788152,77234176,77381632
102249527230533,0,0.0,77234176,77381632
102249627431744,0,0.0,77234176,77381632
102249727622770,0,9.981002061622979,77234176,77381632
102249827802000,0,9.982120125603391,77234176,77381632
102249927968101,0,0.0,77234176,77381632
102250028141775,0,0.0,77234176,77381632
102250128334783,0,9.980839682643015,77234176,77381632
102250228496124,0,9.983880824089935,77234176,77381632
102250328672872,0,0.0,77234176,77381632
102250428851121,0,0.0,77234176,77381632
102250529026703,0,0.0,77234176,77381632
102250629240785,0,9.978355350150386,77234176,77381632
102250729611589,0,9.962999611926254,77234176,77381632
102250829924282,0,0.0,77234176,77381632
102250930155956,0,0.0,77234176,77381632
102251030380353,0,9.977415123640277,77234176,77381632
102251130639490,0,0.0,77234176,77381632
102251230860202,0,0.0,77234176,77381632
102251331080487,0,9.978145268577498,77234176,77381632
102251431288440,0,0.0,77234176,77381632
102251531513707,0,9.977577389760997,77234176,77381632
102251631726307,0,0.0,77234176,77381632
102251731926075,0,0.0,77234176,77381632
102251832114564,0,9.98008334539093,77234176,77381632
102251932338461,0,0.0,77234176,77381632
102252032540895,0,9.97979928976466,77234176,77381632
102252132738921,0,0.0,77234176,77381632
102252232929152,0,9.980957729534012,77234176,77381632
102252333126845,0,0.0,77234176,77381632
102252433361779,0,0.0,77234176,77381632
102252533584676,0,9.977761764332095,77234176,77381632
102252633792480,0,0.0,77234176,77381632
102252733992118,0,0.0,77234176,77381632
102252834177941,0,19.962723407564567,77234176,77381632
102252934370486,0,0.0,77234176,77381632
102253034553309,0,9.981653322366228,77234176,77381632
102253134754335,0,0.0,77234176,77381632
102253234937418,0,0.0,77234176,77381632
102253335143833,0,9.979428605599768,77234176,77381632
102253435344786,0,0.0,77234176,77381632
102253535539738,0,9.98054821016659,77234176,77381632
102253635739543,0,0.0,77234176,77381632
102253735931514,0,0.0,77234176,77381632
102253836122522,0,0.0,77234176,77381632
102253936313179,0,9.981042606092432,77234176,77381632
102254036526613,0,0.0,77234176,77381632
102254136748528,0,0.0,77234176,77381632
102254236934648,0,19.96278617419696,77234176,77381632
102254337146952,0,0.0,77234176,77381632
102254437344868,0,0.0,77234176,77381632
102254537539469,0,0.0,77234176,77381632
102254637747736,0,0.0,77234176,77381632
102254737969708,0,19.95587735742086,77234176,77381632
102254838174679,0,0.0,77234176,77381632
102254938439243,0,0.0,77234176,77381632
102255038657936,0,0.0,77234176,77381632
102255138938834,0,9.972035023793513,77234176,77381632
102255239160657,0,0.0,77234176,77381632
102255339389776,0,0.0,77234176,77381632
102255439581081,0,9.980876540829422,77234176,77381632
102255539789663,0,0.0,77234176,77381632
102255640019542,0,9.977070397358036,77234176,77381632
102255740216958,0,9.980413438495216,77234176,77381632
102255840398485,0,0.0,77234176,77381632
102255940590531,0,0.0,77234176,77381632
102256040870613,0,9.972022095740284,77234176,77381632
102256141063603,0,0.0,77234176,77381632
102256241245463,0,9.981769496396955,77234176,77381632
102256341485861,0,0.0,77234176,77381632
102256441686684,0,0.0,77234176,77381632
102256541878063,0,9.980911606080916,77234176,77381632
102256642080053,0,9.979825084797646,77234176,77381632
102256742296432,0,0.0,77234176,77381632
102256842496144,0,0.0,77234176,77381632
102256942684301,0,9.981263968352284,77234176,77381632
102257042863976,0,0.0,77234176,77381632
102257143135133,0,0.0,77234176,77381632
102257243402438,0,9.973292916954826,77234176,77381632
102257343617928,0,0.0,77234176,77381632
102257443813585,0,9.980428181347582,77234176,77381632
102257544018019,0,0.0,77234176,77381632
102257644229565,0,0.0,77234176,77381632
102257744432778,0,9.979810345176308,77234176,77381632
102257844620527,0,9.981169922913011,77234176,77381632
102257944817388,0,0.0,77234176,77381632
102258044990785,0,0.0,77234176,77381632
102258145191127,0,0.0,77234176,77381632
102258245367340,0,9.982409796100592,77234176,77381632
102258345546386,0,9.982114445986209,77234176,77381632
102258445733228,0,0.0,77234176,77381632
102258545930903,0,0.0,77234176,77381632
102258646140153,0,9.979113216614492,77234176,77381632
102258746339995,0,0.0,77234176,77381632
102258846538782,0,0.0,77234176,77381632
102258946733754,0,9.980585067650262,77234176,77381632
102259046929262,0,9.980450393549988,77234176,77381632
102259147122456,0,0.0,77234176,77381632
102259247307058,0,0.0,77234176,77381632
102259347538382,0,9.97698190480592,77234176,77381632
102259447746761,0,0.0,77234176,77381632
102259547939992,0,9.980693844255677,77234176,77381632
102259648156668,0,0.0,77234176,77381632
102259748390121,0,0.0,77234176,77381632
102259848569019,0,0.0,77234176,77381632
102259948758769,0,9.981158765907557,77234176,77381632
102260048941111,0,9.981583080196145,77234176,77381632
102260149172750,0,0.0,77234176,77381632
102260249447073,0,0.0,77234176,77381632
102260349658379,0,0.0,77234176,77381632
102260449898517,0,19.951969424352356,77234176,77381632
102260550118526,0,0.0,77234176,77381632
102260650328072,0,0.0,77234176,77381632
102260750536211,0,9.979315971323011,77234176,77381632
102260850741813,0,0.0,77234176,77381632
102260950972859,0,0.0,77234176,77381632
102261051174979,0,9.979806560999327,77234176,77381632
102261151388396,0,0.0,77234176,77381632
102261251595682,0,9.979275539423748,77234176,77381632
102261351803969,0,0.0,77234176,77381632
102261452012386,0,9.979187009199197,77234176,77381632
102261552214191,0,0.0,77234176,77381632
102261652421238,0,0.0,77234176,77381632
102261752620358,0,9.980193905458249,77234176,77381632
102261852802738,0,0.0,77234176,77381632
102261953004228,0,0.0,77234176,77381632
102262053211960,0,9.9791980618052,77234176,77381632
102262153414265,0,9.979874783875662,77234176,77381632
102262253610441,0,0.0,77234176,77381632
102262353807506,0,9.980354370406623,77234176,77381632
102262454005348,0,0.0,77234176,77381632
102262554203099,0,0.0,77234176,77381632
102262654412386,0,9.979011743087165,77234176,77381632
102262754620691,0,0.0,77234176,77381632
102262854879701,0,9.974140146024146,77234176,77381632
102262955091062,0,0.0,77234176,77381632
102263055274553,0,0.0,77234176,77381632
102263155500840,0,9.977473957030556,77234176,77381632
102263255705275,0,9.979520725522557,77234176,77381632
102263355913821,0,0.0,77234176,77381632
102263456125127,0,0.0,77234176,77381632
102263556326025,0,9.979952272001743,77234176,77381632
102263656571794,0,0.0,77234176,77381632
102263756803007,0,0.0,77234176,77381632
102263856979017,0,9.9823727279305,77234176,77381632
102263957174860,0,9.980540739264603,77234176,77381632
102264057353536,0,0.0,77234176,77381632
102264157592008,0,0.0,77234176,77381632
102264257796555,0,0.0,77234176,77381632
102264357983564,0,9.981400359206019,77234176,77381632
102264458175407,0,0.0,77234176,77381632
102264558352435,0,9.98231921643703,77234176,77381632
102264658544408,0,0.0,77234176,77381632
102264758742621,0,0.0,77234176,77381632
102264858937723,0,9.980420710625287,77234176,77381632
102264959164825,0,0.0,77234176,77381632
102265059361872,0,9.980267714027072,77234176,77381632
102265159566271,0,0.0,77234176,77381632
102265259770169,0,0.0,77234176,77381632
102265360008327,0,9.976288755867731,77234176,77381632
102265460226281,0,9.97823726483712,77234176,77381632
102265560420531,0,0.0,77234176,77381632
102265660616893,0,9.979380505082458,77234176,77381632
102265760818440,0,0.0,77234176,77381632
102265860990060,0,0.0,77234176,77381632
102265961177978,0,0.0,77234176,77381632
102266061352487,0,9.982487123484045,77234176,77381632
102266161545423,0,9.980797146610142,77234176,77381632
102266261732173,0,0.0,77234176,77381632
102266361928442,0,0.0,77234176,77381632
102266462117156,0,0.0,77234176,77381632
102266562310573,0,9.980717752204812,77234176,77381632
102266662509083,0,9.980190219551748,77234176,77381632
102266762709463,0,0.0,77234176,77381632
102266862889955,0,0.0,77234176,77381632
102266963092668,0,0.0,77234176,77381632
102267063278363,0,9.981407731359793,77234176,77381632
102267163471595,0,9.980769353350995,77234176,77381632
102267263656605,0,0.0,77234176,77381632
102267363853300,0,0.0,77234176,77381632
102267464042810,0,9.981057150748182,77234176,77381632
102267564252764,0,0.0,77234176,77381632
102267664460904,0,0.0,77234176,77381632
102267764694821,0,19.953388287879697,77234176,77381632
102267864891942,0,0.0,77234176,77381632
102267965091267,0,0.0,77234176,77381632
102268065276870,0,0.0,77234176,77381632
102268165476509,0,9.98018643653611,77234176,77381632
102268265651519,0,0.0,77234176,77381632
102268365850103,0,9.980223288448487,77234176,77381632
102268466052262,0,0.0,77234176,77381632
102268566249605,0,0.0,77234176,77381632
102268666452689,0,9.979749292881968,77234176,77381632
102268766651496,0,0.0,77234176,77381632
102268866833728,0,9.981725058897824,77234176,77381632
102268967034997,0,0.0,77234176,77381632
102269067220563,0,9.981317268465517,77234176,77381632
102269167439851,0,0.0,77234176,77381632
102269267687768,0,0.0,77234176,77381632
102269367899334,0,9.978949008047833,77234176,77381632
102269468105974,0,0.0,77234176,77381632
102269568361799,0,0.0,77234176,77381632
102269668579457,0,9.978266636308145,77234176,77381632
102269768797671,0,0.0,77234176,77381632
102269868969125,0,0.0,77234176,77381632
102269969153636,0,9.981653023695284,77234176,77381632
102270069323961,0,9.98291344471435,77234176,77381632
102270169531601,0,0.0,77234176,77381632
102270269730074,0,9.980238130750841,77234176,77381632
102270369919603,0,0.0,77234176,77381632
102270470101835,0,0.0,77234176,77381632
102270570352567,0,9.975031896579276,77234176,77381632
102270670540985,0,9.981197321178186,77234176,77381632
102270770718384,0,0.0,77234176,77381632
102270870911469,0,0.0,77234176,77381632
102270971193757,0,0.0,77234176,77381632
102271071367564,0,9.9826348081083,77234176,77381632
102271171559370,0,9.980867076196832,77234176,77381632
102271271749658,0,0.0,77234176,77381632
102271371952243,0,0.0,77234176,77381632
102271472149309,0,9.98032667962648,77234176,77381632
102271572339171,0,0.0,77234176,77381632
102271672528867,0,9.981058944006293,77234176,77381632
102271772720322,0,0.0,77234176,77381632
102271872894462,0,0.0,77234176,77381632
102271973083843,0,9.981147508898392,77234176,77381632
102272073257575,0,0.0,77234176,77381632
102272173431567,0,9.98268642762896,77234176,77381632
102272273602337,0,0.0,77234176,77381632
102272373774403,0,9.982854348479822,77234176,77381632
102272473944969,0,0.0,77234176,77381632
102272574115424,0,0.0,77234176,77381632
102272674294416,0,9.982202929558918,77234176,77381632
102272774522205,0,9.977202889976569,77234176,77381632
102272874723660,0,0.0,77234176,77381632
102272974924892,0,0.0,77234176,77381632
102273075068440,0,0.0,77234176,77381632
102273175276265,0,0.0,77234176,77381632
102273275447480,0,9.98295021960286,77234176,77381632
102273375611824,0,0.0,77234176,77381632
102273475819982,0,9.979188601805248,77234176,77381632
102273576016234,0,9.98043913668866,77234176,77381632
102273676214485,0,0.0,77234176,77381632
102273776382663,0,0.0,77234176,77381632
102273876544285,0,9.983860192163144,77234176,77381632
102273976706703,0,0.0,77234176,77381632
102274076862362,0,0.0,77234176,77381632
102274177042021,0,9.982114347386835,77234176,77381632
102274277213402,0,0.0,77234176,77381632
102274377407375,0,9.980715760475336,77234176,77381632
102274477583886,0,0.0,77234176,77381632
102274577774230,0,9.981001762991452,77234176,77381632
102274677993685,0,0.0,77234176,77381632
102274778193085,0,0.0,77234176,77381632
102274878396059,0,9.979717919902123,77234176,77381632
102274978606718,0,0.0,77234176,77381632
102275078782618,0,0.0,77234176,77381632
102275178979943,0,19.960549968989767,77234176,77381632
102275279183695,0,0.0,77234176,77381632
102275379369002,0,0.0,77234176,77381632
102275479542754,0,0.0,77234176,77381632
102275579728635,0,9.98144449370588,77234176,77381632
102275679929887,0,9.979773196307004,77234176,77381632
102275780249527,0,0.0,77234176,77381632
102275880485056,0,0.0,77234176,77381632
102275980721882,0,0.0,77234176,77381632
102276080996263,0,9.972469402133367,77234176,77381632
102276181285608,0,9.97121539451464,77234176,77381632
102276281558989,0,0.0,77234176,77381632
102276381810796,0,0.0,77234176,77381632
102276482013751,0,9.979708657468633,77234176,77381632
102276582260448,0,0.0,77234176,77381632
102276682481496,0,0.0,77234176,77381632
102276782709173,0,9.977348526406718,77234176,77381632
102276882909073,0,9.979990816503527,77234176,77381632
102276983165140,0,0.0,77234176,77381632
102277083370984,0,9.979398828757622,77234176,77381632
102277183600921,0,0.0,77234176,77381632
102277283789951,0,9.981114235267741,77234176,77381632
102277383983351,0,0.0,77234176,77381632
102277484165399,0,0.0,77234176,77381632
102277584344762,0,0.0,77234176,77381632
102277684532199,0,9.981311689794302,77234176,77381632
102277784707692,0,0.0,77234176,77381632
102277884879055,0,0.0,77234176,77381632
102277985102121,0,9.97761940145491,77234176,77381632
102278085309503,0,9.979267871891038,77234176,77381632
102278185536755,0,0.0,77234176,77381632
102278285723414,0,0.0,77234176,77381632
102278385918388,0,9.98057002572826,77234176,77381632
102278486111177,0,0.0,77234176,77381632
102278586328652,0,0.0,77234176,77381632
102278686504663,0,9.982352299443964,77234176,77381632
102278786698748,0,9.980651210895823,77234176,77381632
102278886890593,0,0.0,77234176,77381632
102278987158271,0,9.973397558492952,77234176,77381632
102279087331893,0,0.0,77234176,77381632
102279187517497,0,0.0,77234176,77381632
102279287690972,0,9.982619858617955,77234176,77381632
102279387882594,0,0.0,77234176,77381632
102279488018679,0,9.986325026949803,77234176,77381632
102279588223061,0,0.0,77234176,77381632
102279688410869,0,0.0,77234176,77381632
102279788608269,0,9.980319110492228,77234176,77381632
102279888799521,0,0.0,77234176,77381632
102279988989107,0,0.0,77234176,77381632
102280089173711,0,9.9815201127474,77234176,77381632
102280189359945,0,9.981470298694623,77234176,77381632
102280289553326,0,0.0,77234176,77381632
102280389741764,0,0.0,77234176,77381632
102280489915961,0,9.9824260384346,77234176,77381632
102280590123268,0,0.0,77234176,77381632
102280690315113,0,0.0,77234176,77381632
102280790509643,0,9.980621625346934,77234176,77381632
102280890713192,0,0.0,77234176,77381632
102280990905592,0,9.980852233473346,77234176,77381632
102281091088678,0,9.981636285127195,77234176,77381632
102281191297689,0,0.0,77234176,77381632
102281291509016,0,0.0,77234176,77381632
102281391705509,0,0.0,77234176,77381632
102281491882576,0,9.98221757764801,77234176,77381632
102281592094810,0,9.978954385554424,77234176,77381632
102281692308525,0,0.0,77234176,77381632
102281792500037,0,0.0,77234176,77381632
102281892671252,0,0.0,77234176,77381632
102281992872412,0,9.979959443453607,77234176,77381632
102282093095776,0,0.0,77234176,77381632
102282193288084,0,9.980859606266204,77234176,77381632
102282293458354,0,9.982961281997124,77234176,77381632
102282393650051,0,0.0,77234176,77381632
102282493821859,0,0.0,77234176,77381632
102282594064612,0,0.0,77234176,77381632
102282694265364,0,9.979900380738282,77234176,77381632
102282794459932,0,0.0,77234176,77381632
102282894661999,0,9.979837734529026,77234176,77381632
102282994859048,0,0.0,77234176,77381632
102283095058967,0,0.0,77234176,77381632
102283195256534,0,9.98030616095149,77234176,77381632
102283295438287,0,0.0,77234176,77381632
102283395665243,0,9.977363158802866,77234176,77381632
102283495880514,0,0.0,77234176,77381632
102283596095767,0,9.978653664174285,77234176,77381632
102283696275390,0,0.0,77234176,77381632
102283796503439,0,9.977258037122507,77234176,77381632
102283896713599,0,0.0,77234176,77381632
102283996901314,0,0.0,77234176,77381632
102284097076382,0,9.982337450852693,77234176,77381632
102284197366764,0,9.970961170491428,77234176,77381632
102284297626405,0,0.0,77234176,77381632
102284397897936,0,0.0,77234176,77381632
102284498121429,0,0.0,77234176,77381632
102284598358126,0,9.976520757009968,77234176,77381632
102284698584398,0,9.97740367516263,77234176,77381632
102284798790539,0,0.0,77234176,77381632
102284898982218,0,0.0,77234176,77381632
102284999179267,0,0.0,77234176,77381632
102285099391594,0,9.978832599710747,77234176,77381632
102285199583532,0,0.0,77234176,77381632
102285299786803,0,9.979736246266585,77234176,77381632
102285399980167,0,9.980741560246638,77234176,77381632
102285500176735,0,0.0,77234176,77381632
102285600385117,0,0.0,77234176,77381632
102285700576351,0,9.98089646460065,77234176,77381632
102285800763993,0,0.0,77234176,77381632
102285900931728,0,0.0,77234176,77381632
102286001126017,0,0.0,77234176,77381632
102286101297881,0,9.982758179011345,77234176,77381632
102286201494616,0,0.0,77234176,77381632
102286301793220,0,9.970114283201951,77234176,77381632
102286401995214,0,9.979889325126711,77234176,77381632
102286502193245,0,0.0,77234176,77381632
102286602399794,0,0.0,77234176,77381632
102286702567603,0,0.0,77234176,77381632
102286802738689,0,19.965652890298486,77234176,77381632
102286902922498,0,0.0,77234176,77381632
102287003106862,0,9.981652823615057,77234176,77381632
102287103291115,0,0.0,77234176,77381632
102287203501960,0,0.0,77234176,77381632
102287303689361,0,9.98128748180076,77234176,77381632
102287403875392,0,0.0,77234176,77381632
102287504049293,0,0.0,77234176,77381632
102287604256861,0,9.97937293448492,77234176,77381632
102287704432929,0,0.0,77234176,77381632
102287804603201,0,0.0,77234176,77381632
102287904800880,0,0.0,77234176,77381632
102288004999818,0,19.960081034461805,77234176,77381632
102288105215886,0,0.0,77234176,77381632
102288205426213,0,0.0,77234176,77381632
102288305609022,0,0.0,77234176,77381632
102288405793423,0,9.981615959694999,77234176,77381632
102288505984139,0,0.0,77234176,77381632
102288606166930,0,0.0,77234176,77381632
102288706330683,0,19.96722160823248,77234176,77381632
102288806540658,0,0.0,77234176,77381632
102288906717486,0,0.0,77234176,77381632
102289006906683,0,0.0,77234176,77381632
102289107086492,0,9.982032939769073,77234176,77381632
102289207274579,0,9.981257992512656,77234176,77381632
102289307447462,0,0.0,77234176,77381632
102289407632437,0,0.0,77234176,77381632
102289507808357,0,0.0,77234176,77381632
102289608007907,0,9.980069999326343,77234176,77381632
102289708179568,0,0.0,77234176,77381632
102289808393654,0,0.0,77234176,77381632
102289908594297,0,9.979937231988405,77234176,77381632
102290008801087,0,9.979330412401723,77234176,77381632
102290108990544,0,0.0,77234176,77381632
102290209226149,0,0.0,77234176,77381632
102290309449477,0,9.977700438665815,77234176,77381632
102290409670730,0,0.0,77234176,77381632
102290509866872,0,0.0,77234176,77381632
102290610078422,0,9.978764291099793,77234176,77381632
102290710309953,0,9.976999922731022,77234176,77381632
102290810506947,0,0.0,77234176,77381632
102290910706238,0,0.0,77234176,77381632
102291010904047,0,9.980267413989147,77234176,77381632
102291111112115,0,0.0,77234176,77381632
102291211348646,0,9.976445113763607,77234176,77381632
102291311608900,0,0.0,77234176,77381632
102291411803838,0,9.980551397696862,77234176,77381632
102291512009777,0,0.0,77234176,77381632
102291612217734,0,0.0,77234176,77381632
102291712405414,0,0.0,77234176,77381632
102291812570038,0,9.983566450300927,77234176,77381632
102291912746588,0,9.982329977271808,77234176,77381632
102292012949378,0,0.0,77234176,77381632
102292113140002,0,9.980953645857754,77234176,77381632
102292213335348,0,0.0,77234176,77381632
102292313504584,0,0.0,77234176,77381632
102292413687689,0,9.981789323689638,77234176,77381632
102292513852146,0,0.0,77234176,77381632
102292614042233,0,9.981097497056044,77234176,77381632
102292714200783,0,0.0,77234176,77381632
102292814380630,0,0.0,77234176,77381632
102292914555661,0,9.982606805945313,77234176,77381632
102293014782656,0,0.0,77234176,77381632
102293114990835,0,9.979326727133893,77234176,77381632
102293215173515,0,0.0,77234176,77381632
102293315371658,0,0.0,77234176,77381632
102293415546541,0,9.982486824763647,77234176,77381632
102293515752924,0,0.0,77234176,77381632
102293615955011,0,0.0,77234176,77381632
102293716139987,0,9.98153107338544,77234176,77381632
102293816324908,0,0.0,77234176,77381632
102293916488125,0,9.983693832966804,77234176,77381632
102294016655286,0,9.98328229498999,77234176,77381632
102294116859632,0,0.0,77234176,77381632
102294217086257,0,0.0,77234176,77381632
102294317274825,0,9.981173112289687,77234176,77381632
102294417464042,0,0.0,77234176,77381632
102294517670648,0,0.0,77234176,77381632
102294617877994,0,9.979321150687529,77234176,77381632
102294718094248,0,0.0,77234176,77381632
102294818335280,0,0.0,77234176,77381632
102294918541349,0,9.979407890626648,77234176,77381632
102295018757769,0,9.978424949944275,77234176,77381632
102295118945579,0,0.0,77234176,77381632
102295219114833,0,0.0,77234176,77381632
102295319281753,0,9.983374487524317,77234176,77381632
102295419438729,0,0.0,77234176,77381632
102295519618020,0,9.981872320796178,77234176,77381632
102295619816830,0,0.0,77234176,77381632
102295719992769,0,9.982470183456366,77234176,77381632
102295820176820,0,0.0,77234176,77381632
102295920352796,0,0.0,77234176,77381632
102296020527809,0,9.982516321314181,77234176,77381632
102296120703563,0,0.0,77234176,77381632
102296220868521,0,9.983562761902007,77234176,77381632
102296321026664,0,0.0,77234176,77381632
102296421210603,0,9.981678629681003,77234176,77381632
102296521380172,0,0.0,77234176,77381632
102296621572204,0,0.0,77234176,77381632
102296721750533,0,9.982064227257606,77234176,77381632
102296821986398,0,0.0,77234176,77381632
102296922163911,0,9.982263514517028,77234176,77381632
102297022363795,0,0.0,77234176,77381632
102297122533808,0,0.0,77234176,77381632
102297222696637,0,9.983776861747925,77234176,77381632
102297322854428,0,0.0,77234176,77381632
102297423008293,0,9.98462796643751,77234176,77381632
102297523170140,0,0.0,77234176,77381632
102297623378302,0,0.0,77234176,77381632
102297723551297,0,9.982752498668948,77234176,77381632
102297823709922,0,0.0,77234176,77381632
102297923861139,0,9.984875310359032,77234176,77381632
102298024023412,0,0.0,77234176,77381632
102298124250722,0,9.977412833362841,77234176,77381632
102298224416717,0,0.0,77234176,77381632
102298324579119,0,0.0,77234176,77381632
102298424735003,0,0.0,77234176,77381632
102298524920294,0,9.981366785236151,77234176,77381632
102298625115993,0,0.0,77234176,77381632
102298725280174,0,9.983618080906519,77234176,77381632
102298825440317,0,0.0,77234176,77381632
102298925591942,0,0.0,77234176,77381632
102299025742159,0,9.984991559402168,77234176,77381632
102299125894006,0,0.0,77234176,77381632
102299226056872,0,9.983739882056302,77234176,77381632
102299326210867,0,9.98463893390204,77234176,77381632
102299426361084,0,0.0,77234176,77381632
102299526524098,0,0.0,77234176,77381632
102299626728816,0,0.0,77234176,77381632
102299726901903,0,9.982621453768717,77234176,77381632
102299827100677,0,9.980235839177645,77234176,77381632
102299927280061,0,0.0,77234176,77381632
102300027445278,0,0.0,77234176,77381632
102300127601570,0,0.0,77234176,77381632
102300227774509,0,9.982571627272472,77234176,77381632
102300328017838,0,9.975866284715963,77234176,77381632
102300428215741,0,0.0,77234176,77381632
102300528393310,0,9.982121321847302,77234176,77381632
102300628600935,0,0.0,77234176,77381632
102300728784412,0,0.0,77234176,77381632
102300828958370,0,0.0,77234176,77381632
102300929118162,0,9.984077693277037,77234176,77381632
102301029278157,0,0.0,77234176,77381632
102301129430116,0,0.0,77234176,77381632
102301229593907,0,9.983632831777637,77234176,77381632
102301329748977,0,9.98442479708015,77234176,77381632
102301429922713,0,0.0,77234176,77381632
102301530083635,0,0.0,77234176,77381632
102301630252760,0,9.983154822754408,77234176,77381632
102301730412292,0,9.984081380604996,77234176,77381632
102301830584380,0,0.0,77234176,77381632
102301930747765,0,0.0,77234176,77381632
102302030944353,0,9.980337339051019,77234176,77381632
102302131136478,0,0.0,77234176,77381632
102302231302733,0,9.983433489841426,77234176,77381632
102302331463876,0,0.0,77234176,77381632
102302431627390,0,0.0,77234176,77381632
102302531785127,0,0.0,77234176,77381632
102302631952567,0,19.966612227636013,77234176,77381632
102302732132322,0,0.0,77234176,77381632
102302832320484,0,0.0,77234176,77381632
102302932501183,0,0.0,77234176,77381632
102303032670549,0,9.983025562708189,77234176,77381632
102303132872008,0,0.0,77234176,77381632
102303233039244,0,9.983337509363054,77234176,77381632
102303333223406,0,0.0,77234176,77381632
102303433405198,0,0.0,77234176,77381632
102303533598027,0,9.980761582052066,77234176,77381632
102303633788949,0,9.980992199543719,77234176,77381632
102303733957315,0,0.0,77234176,77381632
102303834155570,0,0.0,77234176,77381632
102303934328918,0,9.982691510431735,77234176,77381632
102304034498247,0,0.0,77234176,77381632
102304134676446,0,0.0,77234176,77381632
102304234855738,0,9.98206781450003,77234176,77381632
102304335027123,0,0.0,77234176,77381632
102304435223489,0,0.0,77234176,77381632
102304535395077,0,9.982868698286438,77234176,77381632
102304635572129,0,9.982361266622428,77234176,77381632
102304735744254,0,0.0,77234176,77381632
102304835930824,0,0.0,77234176,77381632
102304936128598,0,9.980289426899404,77234176,77381632
102305036298557,0,0.0,77234176,77381632
102305136475663,0,0.0,77234176,77381632
102305236636178,0,9.983942923454146,77234176,77381632
102305336801563,0,9.983505452118777,77234176,77381632
102305436959447,0,0.0,77234176,77381632
102305537114388,0,0.0,77234176,77381632
102305637330717,0,9.978432217727928,77234176,77381632
102305737487861,0,0.0,77234176,77381632
102305837639431,0,0.0,77234176,77381632
102305937798649,0,9.984127533357594,77234176,77381632
102306037974608,0,0.0,77234176,77381632
102306138164549,0,9.981137945170474,77234176,77381632
102306238327878,0,0.0,77234176,77381632
102306338483744,0,0.0,77234176,77381632
102306438692870,0,9.97918093440569,77234176,77381632
102306538869829,0,0.0,77234176,77381632
102306639062918,0,9.980654597082522,77234176,77381632
102306739249636,0,9.98133161675306,77234176,77381632
102306839442743,0,0.0,77234176,77381632
102306939636109,0,0.0,77234176,77381632
102307039827457,0,9.980942289284506,77234176,77381632
102307139999009,0,0.0,77234176,77381632
102307240169024,0,9.98364758414278,77234176,77381632
102307340352223,0,0.0,77234176,77381632
102307440516756,0,0.0,77234176,77381632
102307540680919,0,0.0,77234176,77381632
102307640853453,0,9.982831825385876,77234176,77381632
102307741017671,0,9.98357552118906,77234176,77381632
102307841180204,0,0.0,77234176,77381632
102307941360478,0,0.0,77234176,77381632
102308041532048,0,9.982757880274722,77234176,77381632
102308141757156,0,0.0,77234176,77381632
102308241944281,0,0.0,77234176,77381632
102308342126000,0,0.0,77234176,77381632
102308442311348,0,19.962832799269542,77234176,77381632
102308542528881,0,0.0,77234176,77381632
102308642745396,0,0.0,77234176,77381632
102308742912244,0,9.983324453363288,77234176,77381632
102308843105685,0,0.0,77234176,77381632
102308943282051,0,0.0,77234176,77381632
102309043460918,0,0.0,77234176,77381632
102309143618877,0,19.96846918849017,77234176,77381632
102309243778670,0,0.0,77234176,77381632
102309343955740,0,9.982357480510668,77234176,77381632
102309444141329,0,0.0,77234176,77381632
102309544311455,0,0.0,77234176,77381632
102309644510600,0,9.980252474487434,77234176,77381632
102309744682522,0,0.0,77234176,77381632
102309844863426,0,0.0,77234176,77381632
102309945024774,0,0.0,77234176,77381632
102310045195863,0,9.982816976817308,77234176,77381632
102310145389063,0,0.0,77234176,77381632
102310245564208,0,0.0,77234176,77381632
102310345746223,0,19.963759187204964,77234176,77381632
102310445914256,0,0.0,77234176,77381632
102310546110160,0,0.0,77234176,77381632
102310646313397,0,9.979835543143382,77234176,77381632
102310746484468,0,0.0,77234176,77381632
102310846646835,0,0.0,77234176,77381632
102310946819776,0,0.0,77234176,77381632
102311047002328,0,9.981718979564436,77234176,77381632
102311147196769,0,9.980663762702168,77234176,77381632
102311247370654,0,0.0,77234176,77381632
102311347573281,0,0.0,77234176,77381632
102311447760444,0,9.98137943742636,77234176,77381632
102311547937940,0,0.0,77234176,77381632
102311648149807,0,0.0,77234176,77381632
102311748331193,0,9.981957112864698,77234176,77381632
102311848494060,0,9.983752641796087,77234176,77381632
102311948656538,0,0.0,77234176,77381632
102312048854312,0,0.0,77234176,77381632
102312149026865,0,0.0,77234176,77381632
102312249191769,0,9.983470368638056,77234176,77381632
102312349374710,0,9.981794604214917,77234176,77381632
102312449540392,0,0.0,77234176,77381632
102312549709944,0,0.0,77234176,77381632
102312649926811,0,9.97850410647322,77234176,77381632
102312750156845,0,0.0,77234176,77381632
102312850356804,0,0.0,77234176,77381632
102312950525079,0,9.983248806980377,77234176,77381632
102313050693187,0,0.0,77234176,77381632
102313150945443,0,9.974911602231971,77234176,77381632
102313251118939,0,0.0,77234176,77381632
102313351297714,0,9.98218768410958,77234176,77381632
102313451467840,0,9.9829738396145,77234176,77381632
102313551720059,0,0.0,77234176,77381632
102313651919241,0,0.0,77234176,77381632
102313752097146,0,9.982259528373982,77234176,77381632
102313852256550,0,0.0,77234176,77381632
102313952412862,0,0.0,77234176,77381632
102314052571932,0,0.0,77234176,77381632
102314152757763,0,9.981528981292826,77234176,77381632
102314252925111,0,9.983239537991516,77234176,77381632
102314353108645,0,0.0,77234176,77381632
102314453293494,0,0.0,77234176,77381632
102314553469250,0,9.982329678560815,77234176,77381632
102314653676358,0,0.0,77234176,77381632
102314753856818,0,9.981958906447096,77234176,77381632
102314854052704,0,0.0,77234176,77381632
102314954294460,0,9.975963714615213,77234176,77381632
102315054501976,0,0.0,77234176,77381632
102315154687065,0,0.0,77234176,77381632
102315254869618,0,0.0,77234176,77381632
102315355058892,0,9.98117470553018,77234176,77381632
102315455249093,0,9.980881321715806,77234176,77381632
102315555463535,0,0.0,77234176,77381632
102315655674198,0,9.979136419962146,77234176,77381632
102315755857640,0,0.0,77234176,77381632
102315856009933,0,0.0,77234176,77381632
102315956210838,0,9.979855761321247,77234176,77381632
102316056418038,0,0.0,77234176,77381632
102316156577795,0,0.0,77234176,77381632
102316256733033,0,9.984492884368821,77234176,77381632
102316356908270,0,0.0,77234176,77381632
102316457081119,0,9.982776316418274,77234176,77381632
102316557254672,0,0.0,77234176,77381632
102316657447929,0,9.980744847922324,77234176,77381632
102316757633296,0,0.0,77234176,77381632
102316857815330,0,9.981835156573425,77234176,77381632
102316958011439,0,0.0,77234176,77381632
102317058214139,0,0.0,77234176,77381632
102317158450896,0,9.97646880293796,77234176,77381632
102317258664208,0,0.0,77234176,77381632
102317358891742,0,0.0,77234176,77381632
102317459080628,0,9.981110051434625,77234176,77381632
102317559275144,0,0.0,77234176,77381632
102317659479789,0,0.0,77234176,77381632
102317759673324,0,9.980837092171448,77234176,77381632
102317859869802,0,9.98028733532813,77234176,77381632
102317960075337,0,0.0,77234176,77381632
102318060255408,0,0.0,77234176,77381632
102318160463702,0,9.979306112575472,77234176,77381632
102318260660273,0,9.980316918895179,77234176,77381632
102318360857048,0,0.0,77234176,77381632
102318461032601,0,0.0,77234176,77381632
102318561233858,0,9.979912930655301,77234176,77381632
102318661445948,0,0.0,77234176,77381632
102318761641723,0,9.980547414371493,77234176,77381632
102318861858331,0,0.0,77234176,77381632
102318962044069,0,0.0,77234176,77381632
102319062220456,0,9.982327786242468,77234176,77381632
102319162393768,0,0.0,77234176,77381632
102319262647858,0,0.0,77234176,77381632
102319362831411,0,9.98172266660112,77234176,77381632
102319463026686,0,0.0,77234176,77381632
102319563228609,0,0.0,77234176,77381632
102319663448625,0,9.978118583951805,77234176,77381632
102319763649475,0,0.0,77234176,77381632
102319863832046,0,9.981811144677321,77234176,77381632
102319964008025,0,9.982488418422681,77234176,77381632
102320064188078,0,0.0,77234176,77381632
102320164453428,0,0.0,77234176,77381632
102320264709629,0,0.0,77234176,77381632
102320364933515,0,19.9553929123342,77234176,77381632
102320465140513,0,0.0,77234176,77381632
102320565340899,0,0.0,77234176,77381632
102320665552249,0,0.0,77234176,77381632
102320765752672,0,0.0,77234176,77381632
102320865940670,0,19.962367744207583,77234176,77381632
102320966134316,0,0.0,77234176,77381632
102321066324609,0,9.980932924552457,77234176,77381632
102321166529570,0,0.0,77234176,77381632
102321266728345,0,0.0,77234176,77381632
102321366919362,0,9.980919974868456,77234176,77381632
102321467123007,0,0.0,77234176,77381632
102321567319283,0,0.0,77234176,77381632
102321667530688,0,9.978933574013007,77234176,77381632
102321767724278,0,0.0,77234176,77381632
102321867925554,0,0.0,77234176,77381632
102321968134996,0,9.979224949289092,77234176,77381632
102322068318086,0,0.0,77234176,77381632
102322168510028,0,9.98093850424905,77234176,77381632
102322268711804,0,0.0,77234176,77381632
102322368937746,0,0.0,77234176,77381632
102322469111966,0,9.982523396393937,77234176,77381632
102322569319056,0,0.0,77234176,77381632
102322669518647,0,9.98013792867365,77234176,77381632
102322769709034,0,0.0,77234176,77381632
102322869922439,0,9.97863852954226,77234176,77381632
102322970114363,0,0.0,77234176,77381632
102323070303768,0,0.0,77234176,77381632
102323170508080,0,9.979717322792766,77234176,77381632
102323270707282,0,9.980023585505856,77234176,77381632
102323370904928,0,0.0,77234176,77381632
102323471084315,0,0.0,77234176,77381632
102323571281220,0,9.980422005027863,77234176,77381632
102323671521829,0,0.0,77234176,77381632
102323771712438,0,9.981045395277311,77234176,77381632
102323871891788,0,0.0,77234176,77381632
102323972087675,0,0.0,77234176,77381632
102324072290617,0,0.0,77234176,77381632
102324172475041,0,19.963293691719006,77234176,77381632
102324272654724,0,0.0,77234176,77381632
102324372860685,0,0.0,77234176,77381632
102324473058572,0,0.0,77234176,77381632
102324573253014,0,9.980580584204448,77234176,77381632
102324673462605,0,0.0,77234176,77381632
102324773657381,0,9.980589849706076,77234176,77381632
102324873883657,0,0.0,77234176,77381632
102324974076507,0,0.0,77234176,77381632
102325074257597,0,9.981820409564069,77234176,77381632
102325174454818,0,0.0,77234176,77381632
102325274684816,0,9.97707318577183,77234176,77381632
102325374885832,0,0.0,77234176,77381632
102325475078978,0,0.0,77234176,77381632
102325575273958,0,9.980527093374434,77234176,77381632
102325675475697,0,0.0,77234176,77381632
102325775674399,0,9.980250382930764,77234176,77381632
102325875872193,0,9.980202471614035,77234176,77381632
102325976072636,0,0.0,77234176,77381632
102326076251467,0,9.982032541028133,77234176,77381632
102326176445947,0,0.0,77234176,77381632
102326276622149,0,0.0,77234176,77381632
102326376859517,0,0.0,77234176,77381632
102326477069367,0,9.979035045950576,77234176,77381632
102326577292588,0,9.977712881640638,77234176,77381632
102326677504716,0,0.0,77234176,77381632
102326777696936,0,0.0,77234176,77381632
102326877888360,0,9.980811190434284,77234176,77381632
102326978089655,0,0.0,77234176,77381632
102327078271450,0,0.0,77234176,77381632
102327178459189,0,0.0,77234176,77381632
102327278638409,0,9.982034334637635,77234176,77381632
102327378827130,0,9.981204094295029,77234176,77381632
102327479032739,0,0.0,77234176,77381632
102327579253274,0,0.0,77234176,77381632
102327679453791,0,9.979981056429162,77234176,77381632
102327779647253,0,0.0,77234176,77381632
102327879836084,0,9.981154283396455,77234176,77381632
102327980033898,0,0.0,77234176,77381632
102328080221211,0,0.0,77234176,77381632
102328180416209,0,9.980623019821095,77234176,77381632
102328280596911,0,0.0,77234176,77381632
102328380863947,0,9.97344858459601,77234176,77381632
102328481065334,0,0.0,77234176,77381632
102328581277795,0,9.978752839526207,77234176,77381632
102328681490479,0,0.0,77234176,77381632
102328781692515,0,0.0,77234176,77381632
102328881880883,0,9.981165341811705,77234176,77381632
102328982067382,0,0.0,77234176,77381632
102329082246825,0,9.981087834845757,77234176,77381632
102329182469601,0,0.0,77234176,77381632
102329282657303,0,0.0,77234176,77381632
102329382847080,0,9.981109949954808,77234176,77381632
102329483030578,0,9.981643160330458,77234176,77381632
102329583307151,0,0.0,77234176,77381632
102329683521890,0,9.978561061815101,77234176,77381632
102329783738648,0,0.0,77234176,77381632
102329883933609,0,0.0,77234176,77381632
102329984227700,0,9.970772873437861,77234176,77381632
102330084438514,0,0.0,77234176,77381632
102330184652216,0,9.978682639621624,77234176,77381632
102330284913567,0,0.0,77234176,77381632
102330385175639,0,9.973909151657535,77234176,77381632
102330485384490,0,0.0,77234176,77381632
102330585612896,0,0.0,77234176,77381632
102330685829913,0,9.977148837095182,77234176,77381632
102330786205856,0,0.0,77234176,77381632
102330886435762,0,9.97692566421013,77234176,77381632
102330986659983,0,0.0,77234176,77381632
102331086897481,0,0.0,77234176,77381632
102331187225406,0,0.0,77234176,77381632
102331287519016,0,9.970818901786526,77234176,77381632
102331387754829,0,9.976604961385616,77234176,77381632
102331487982624,0,0.0,77234176,77381632
102331588283086,0,0.0,77234176,77381632
102331688529770,0,0.0,77234176,77381632
102331788766324,0,9.976455664961541,77234176,77381632
102331888937434,0,0.0,77234176,77381632
102331989110507,0,9.982753993799914,77234176,77381632
102332089303265,0,0.0,77234176,77381632
102332189460468,0,9.984389406853678,77234176,77381632
102332289610633,0,0.0,77234176,77381632
102332389786132,0,0.0,77234176,77381632
102332489954094,0,9.983204256238144,77234176,77381632
102332590162852,0,0.0,77234176,77381632
102332690329943,0,0.0,77234176,77381632
102332790491461,0,0.0,77234176,77381632
102332890650349,0,9.984125341538203,77234176,77381632
102332990795977,0,0.0,77234176,77381632
102333090950050,0,0.0,77234176,77381632
102333191104772,0,0.0,77234176,77381632
102333291240511,0,9.98638536154898,77234176,77381632
102333391387621,0,0.0,77234176,77381632
102333491564657,0,9.98227606892809,77234176,77381632
102333591725564,0,0.0,77234176,77381632
102333691884711,0,0.0,77234176,77381632
102333792008895,0,0.0,77234176,77381632
102333892152598,0,0.0,77234176,77381632
102333992294301,0,9.98592364301114,77234176,77381632
102334092441652,0,9.985256967648512,77234176,77381632
102334192583892,0,0.0,77234176,77381632
102334292714650,0,0.0,77234176,77381632
102334392933723,0,0.0,77234176,77381632
102334493146259,0,0.0,77234176,77381632
102334593323647,0,9.982266803194573,77234176,77381632
102334693536221,0,9.978804320373788,77234176,77381632
102334793715275,0,0.0,77234176,77381632
102334893895034,0,0.0,77234176,77381632
102334994073311,0,9.982320312675169,77234176,77381632
102335094225625,0,0.0,77234176,77381632
102335194395976,0,0.0,77234176,77381632
102335294565030,0,0.0,77234176,77381632
102335394720844,0,9.984529670894899,77234176,77381632
102335494872418,0,0.0,77234176,77381632
102335595037398,0,0.0,77234176,77381632
102335695220490,0,9.981724261465168,77234176,77381632
102335795375397,0,0.0,77234176,77381632
102335895523100,0,0.0,77234176,77381632
102335995671340,0,0.0,77234176,77381632
102336095820710,0,9.985087172703494,77234176,77381632
102336195967931,0,0.0,77234176,77381632
102336296134375,0,0.0,77234176,77381632
102336396308782,0,9.982630322822073,77234176,77381632
102336496452596,0,0.0,77234176,77381632
102336596629688,0,0.0,77234176,77381632
102336696869335,0,9.97614046385886,77234176,77381632
102336797082483,0,9.978817266019286,77234176,77381632
102336897326093,0,0.0,77234176,77381632
102336997535222,0,0.0,77234176,77381632
102337097798407,0,0.0,77234176,77381632
102337197996332,0,9.980346202595834,77234176,77381632
102337298208368,0,9.978837480070611,77234176,77381632
102337398449127,0,0.0,77234176,77381632
102337498645645,0,0.0,77234176,77381632
102337598815681,0,0.0,77234176,77381632
102337698984292,0,9.983194988782314,77234176,77381632
102337799162328,0,9.982202132049906,77234176,77381632
102337899342754,0,0.0,77234176,77381632
102337999533049,0,0.0,77234176,77381632
102338099744216,0,0.0,77234176,77381632
102338199951845,0,9.979377913919528,77234176,77381632
102338300157177,0,9.979501405776544,77234176,77381632
102338400326344,0,0.0,77234176,77381632
102338500484232,0,0.0,77234176,77381632
102338600661991,0,9.98225205491066,77234176,77381632
102338700836009,0,0.0,77234176,77381632
102338800999509,0,0.0,77234176,77381632
102338901184082,0,9.981626420344714,77234176,77381632
102339001351415,0,9.983307610566033,77234176,77381632
102339101512618,0,0.0,77234176,77381632
102339201676396,0,0.0,77234176,77381632
102339301854321,0,9.98232210638809,77234176,77381632
102339402025025,0,0.0,77234176,77381632
102339502186265,0,0.0,77234176,77381632
102339602348357,0,0.0,77234176,77381632
102339702552061,0,9.979726385239337,77234176,77381632
102339802746320,0,9.980670833705716,77234176,77381632
102339902913560,0,0.0,77234176,77381632
102340003078745,0,9.983488408556973,77234176,77381632
102340103239985,0,0.0,77234176,77381632
102340203401615,0,0.0,77234176,77381632
102340303587966,0,9.98149550504482,77234176,77381632
102340403756392,0,0.0,77234176,77381632
102340503917077,0,0.0,77234176,77381632
102340604108891,0,9.980737178132905,77234176,77381632
102340704323725,0,9.978671586707884,77234176,77381632
102340804505187,0,0.0,77234176,77381632
102340904692187,0,0.0,77234176,77381632
102341004857872,0,0.0,77234176,77381632
102341105076798,0,9.978105541599751,77234176,77381632
102341205263075,0,9.981321952638842,77234176,77381632
102341305458501,0,0.0,77234176,77381632
102341405698908,0,9.976050197790105,77234176,77381632
102341505866964,0,0.0,77234176,77381632
102341606036889,0,0.0,77234176,77381632
102341706242982,0,9.979552994346236,77234176,77381632
102341806419204,0,0.0,77234176,77381632
102341906586352,0,0.0,77234176,77381632
102342006786926,0,9.979995697997245,77234176,77381632
102342106976796,0,0.0,77234176,77381632
102342207147630,0,9.982905172649618,77234176,77381632
102342307330500,0,0.0,77234176,77381632
102342407498370,0,0.0,77234176,77381632
102342507661740,0,9.983582497692394,77234176,77381632
102342607856666,0,9.980466032309389,77234176,77381632
102342708064444,0,0.0,77234176,77381632
102342808316870,0,0.0,77234176,77381632
102342908508648,0,9.98094746888766,77234176,77381632
102343008689666,0,0.0,77234176,77381632
102343108911129,0,0.0,77234176,77381632
102343209080925,0,9.983025162437686,77234176,77381632
102343309266148,0,0.0,77234176,77381632
102343409432648,0,0.0,77234176,77381632
102343509595259,0,9.983678482881517,77234176,77381632
102343609795407,0,0.0,77234176,77381632
102343709995574,0,9.980117410773875,77234176,77381632
102343810169944,0,0.0,77234176,77381632
102343910332056,0,0.0,77234176,77381632
102344010491889,0,9.984064234988264,77234176,77381632
102344110654760,0,9.983632434359299,77234176,77381632
102344210861537,0,0.0,77234176,77381632
102344311088593,0,9.97722050889558,77234176,77381632
102344411297334,0,0.0,77234176,77381632
102344511470556,0,0.0,77234176,77381632
102344611641260,0,9.982798141721466,77234176,77381632
102344711850168,0,0.0,77234176,77381632
102344812054149,0,0.0,77234176,77381632
102344912225613,0,9.982945734032308,77234176,77381632
102345012408705,0,9.981602409452854,77234176,77381632
102345112597909,0,0.0,77234176,77381632
102345212784298,0,0.0,77234176,77381632
102345312968114,0,9.981685504941714,77234176,77381632
102345413141299,0,0.0,77234176,77381632
102345513299336,0,0.0,77234176,77381632
102345613480318,0,9.981881088472875,77234176,77381632
102345713675929,0,0.0,77234176,77381632
102345813886671,0,9.9789535885644,77234176,77381632
102345914058523,0,0.0,77234176,77381632
102346014216245,0,9.984195319219955,77234176,77381632
102346114395357,0,0.0,77234176,77381632
102346214584820,0,9.981030453445497,77234176,77381632
102346314770098,0,0.0,77234176,77381632
102346414958506,0,0.0,77234176,77381632
102346515127636,0,0.0,77234176,77381632
102346615337377,0,19.958084229295693,77234176,77381632
102346715547414,0,0.0,77234176,77381632
102346815706933,0,0.0,77234176,77381632
102346915869656,0,9.983687752685478,77234176,77381632
102347016060008,0,0.0,77234176,77381632
102347116241324,0,0.0,77234176,77381632
102347216421213,0,0.0,77234176,77381632
102347316592917,0,9.982892316461212,77234176,77381632
102347416758195,0,0.0,77234176,77381632
102347516909344,0,9.984933734134493,77234176,77381632
102347617068696,0,0.0,77234176,77381632
102347717265604,0,9.980452982370434,77234176,77381632
102347817426142,0,0.0,77234176,77381632
102347917639253,0,9.978747063758332,77234176,77381632
102348017800995,0,0.0,77234176,77381632
102348117994032,0,9.980827529040164,77234176,77381632
102348218158829,0,0.0,77234176,77381632
102348318328459,0,0.0,77234176,77381632
102348418489478,0,9.983935048576145,77234176,77381632
102348518648312,0,9.98409563530001,77234176,77381632
102348618832961,0,0.0,77234176,77381632
102348719027795,0,0.0,77234176,77381632
102348819223388,0,9.980465933742579,77234176,77381632
102348919411518,0,0.0,77234176,77381632
102349019584945,0,0.0,77234176,77381632
102349119738575,0,0.0,77234176,77381632
102349219892483,0,9.984577422119154,77234176,77381632
102349320072669,0,0.0,77234176,77381632
102349420228485,0,9.98445011845084,77234176,77381632
102349520389967,0,0.0,77234176,77381632
102349620581190,0,0.0,77234176,77381632
102349720784135,0,9.979768713590131,77234176,77381632
102349820972543,0,9.981233384651862,77234176,77381632
102349921153377,0,0.0,77234176,77381632
102350021323008,0,0.0,77234176,77381632
102350121503119,0,0.0,77234176,77381632
102350221711491,0,9.979211804053442,77234176,77381632
102350321955306,0,0.0,77234176,77381632
102350422127159,0,9.982827638662497,77234176,77381632
102350522311104,0,9.981641068191744,77234176,77381632
102350622497179,0,0.0,77234176,77381632
102350722706846,0,0.0,77234176,77381632
102350822906866,0,0.0,77234176,77381632
102350923119848,0,19.957597291956507,77234176,77381632
102351023319441,0,0.0,77234176,77381632
102351123517572,0,0.0,77234176,77381632
102351223721406,0,0.0,77234176,77381632
102351323914055,0,9.980799835633935,77234176,77381632
102351424110556,0,0.0,77234176,77381632
102351524311946,0,9.979895899357384,77234176,77381632
102351624521983,0,0.0,77234176,77381632
102351724724762,0,0.0,77234176,77381632
102351824892078,0,9.983338804521438,77234176,77381632
102351925053060,0,0.0,77234176,77381632
102352025247598,0,0.0,77234176,77381632
102352125426599,0,9.982093123917977,77234176,77381632
102352225606952,0,9.98201191529015,77234176,77381632
102352325786435,0,0.0,77234176,77381632
102352425949361,0,0.0,77234176,77381632
102352526138677,0,9.981100486329678,77234176,77381632
102352626341178,0,0.0,77234176,77381632
102352726548920,0,0.0,77234176,77381632
102352826744236,0,9.980404971992373,77234176,77381632
102352926958015,0,0.0,77234176,77381632
102353027135757,0,9.982129991361749,77234176,77381632
102353127366332,0,9.97710434222668,77234176,77381632
102353227547925,0,0.0,77234176,77381632
102353327757371,0,0.0,77234176,77381632
102353427930446,0,9.982798041658397,77234176,77381632
102353528123132,0,0.0,77234176,77381632
102353628341652,0,0.0,77234176,77381632
102353728546320,0,9.97962848473097,77234176,77381632
102353828719932,0,0.0,77234176,77381632
102353928895211,0,0.0,77234176,77381632
102354029081879,0,9.98132922464317,77234176,77381632
102354129287935,0,0.0,77234176,77381632
102354229456936,0,0.0,77234176,77381632
102354329647623,0,19.962031220472173,77234176,77381632
102354429842235,0,0.0,77234176,77381632
102354530011533,0,0.0,77234176,77381632
102354630208849,0,9.98036074667061,77234176,77381632
102354730388461,0,0.0,77234176,77381632
102354830576721,0,0.0,77234176,77381632
102354930754630,0,9.98215221113938,77234176,77381632
102355030967205,0,0.0,77234176,77381632
102355131165818,0,9.980288731158343,77234176,77381632
102355231344375,0,0.0,77234176,77381632
102355331537987,0,9.980733391802538,77234176,77381632
102355431710581,0,0.0,77234176,77381632
102355531888045,0,0.0,77234176,77381632
102355632084806,0,0.0,77234176,77381632
102355732267122,0,19.963647395901084,77234176,77381632
102355832424716,0,0.0,77234176,77381632
102355932577051,0,0.0,77234176,77381632
102356032739145,0,9.983818725499114,77234176,77381632
102356132899850,0,0.0,77234176,77381632
102356233054351,0,0.0,77234176,77381632
102356333245982,0,9.98084585803052,77234176,77381632
102356433429724,0,0.0,77250560,77381632
102356533601966,0,9.982744527056031,77266944,77381632
102356633847523,0,0.0,77266944,77381632
102356734005043,0,0.0,77283328,77381632
102356835272507,0,9.874818407503392,78872576,77381632
102356938079727,0,9.726866098530172,79020032,77381632
102357038301525,0,0.0,79020032,77381632
102357138481786,0,9.98200264859794,79020032,77381632
102357238732158,0,0.0,79020032,77381632
102357338924974,0,0.0,79020032,77381632
102357439101772,0,9.982373624070378,79020032,77381632
102357539265329,0,9.983595255579472,79036416,77381632
102357639461238,0,9.980550700469738,79036416,77381632
102357739628295,0,0.0,79036416,77381632
102357839787759,0,9.984054864396013,79036416,77381632
102357939949335,0,0.0,79036416,77381632
102358040144725,0,9.980340426433676,79036416,77381632
102358140350227,0,9.979587950300163,79036416,77381632
102358240550895,0,0.0,79036416,77381632
102358340740026,0,0.0,79036416,77381632
102358440907713,0,9.98322807759441,79036416,77381632
102358541091437,0,0.0,79036416,77381632
102358641280642,0,0.0,79036416,77381632
102358741466089,0,9.98141779288124,79052800,77381632
102358841681998,0,0.0,79052800,77381632
102358941945518,0,9.97375227539927,79052800,77381632
102359042129556,0,0.0,79052800,77381632
102359142322465,0,9.980823742641244,79052800,77381632
102359242515856,0,0.0,79052800,77381632
102359342693617,0,9.98226839678513,79052800,77381632
102359442908989,0,9.97852193138923,79052800,77381632
102359543121565,0,0.0,79052800,77381632
102359643355937,0,9.976641588424238,79052800,77381632
102359743556939,0,0.0,79052800,77381632
102359843761903,0,0.0,79052800,77381632
102359943959127,0,9.980349590023277,79052800,77381632
102360044208092,0,9.975222545340229,79052800,77381632
102360144428001,0,0.0,79052800,77381632
102360244619688,0,0.0,79052800,77381632
102360344806486,0,9.981371566591761,79052800,77381632
102360444992062,0,0.0,79052800,77381632
102360547235932,0,9.780454231412833,79052800,77381632
102360647766211,0,9.947255474183418,79052800,77381632
102360748049657,0,9.971733625384477,79052800,77381632
102360848243455,0,0.0,79052800,77381632
102360948422365,0,0.0,79052800,77381632
102361048591570,0,0.0,79052800,77381632
102361148773831,0,9.981808852381706,79052800,77381632
102361248956074,0,9.981762819654838,79052800,77381632
102361349173687,0,9.978230594270615,79052800,77381632
102361449391689,0,0.0,79052800,77381632
102361549568950,0,0.0,79052800,77381632
102361649765656,0,0.0,79052800,77381632
102361749966250,0,19.958039617452197,79052800,77381632
102361850155641,0,9.982006335843304,79052800,77381632
102361950444624,0,0.0,79052800,77381632
102362050639701,0,0.0,79052800,77381632
102362150816591,0,9.982331074962362,79052800,77381632
102362250997982,0,0.0,79052800,77381632
102362351166632,0,0.0,79052800,77381632
102362451334857,0,9.983203958925131,79052800,77381632
102362551559748,0,9.977548420731111,79052800,77381632
102362651781175,0,0.0,79052800,77381632
102362751960048,0,9.98217612607761,79052800,77381632
102362852141865,0,0.0,79052800,77381632
102362952315126,0,0.0,79052800,77381632
102363052520573,0,9.979438466036333,79052800,77381632
102363152731630,0,9.978977388192247,79052800,77381632
102363252908021,0,0.0,79052800,77381632
102363353109523,0,9.979910639231441,79052800,77381632
102363453378525,0,0.0,79052800,77381632
102363553575546,0,0.0,79052800,77381632
102363653769474,0,19.96112331795597,79052800,77381632
102363754014976,0,0.0,79052800,77381632
102363854234608,0,0.0,79052800,77381632
102363954504851,0,9.973094683897465,79052800,77381632
102364054689890,0,0.0,79052800,77381632
102364154893244,0,9.979731763585566,79052800,77381632
102364257069892,0,9.786794677478282,79052800,77381632
102364357637061,0,9.943674354983953,79052800,77381632
102364457851100,0,0.0,79052800,77381632
102364558038046,0,0.0,79052800,77381632
102364658214604,0,0.0,79052800,77381632
102364758383421,0,9.983058150055744,79052800,77381632
102364858576035,0,0.0,79052800,77381632
102364958760296,0,9.981600417370283,79052800,77381632
102365058987558,0,0.0,79052800,77381632
102365159212153,0,9.977607455611052,79052800,77381632
102365259421322,0,0.0,79052800,77381632
102365359691824,0,0.0,79052800,77381632
102365459888067,0,19.96087269858599,79052800,77381632
102365560073051,0,9.981443497694237,79052800,77381632
102365660304349,0,0.0,79052800,77381632
102365760498203,0,9.980692649805226,79052800,77381632
102365860683298,0,0.0,79052800,77381632
102365960860264,0,0.0,79052800,77381632
102366061048266,0,9.98122392079,79052800,77381632
102366161251972,0,0.0,79052800,77381632
102366261483641,0,9.976943781879612,79052800,77381632
102366361683495,0,0.0,79052800,77381632
102366461932350,0,9.975207719398375,79052800,77381632
102366562135093,0,0.0,79052800,77381632
102366662347966,0,9.97885570321755,79052800,77381632
102366762530061,0,9.981722069250955,79052800,77381632
102366862780359,0,0.0,79052800,77381632
102366963016510,0,0.0,79052800,77381632
102367063211642,0,9.980535858687215,79052800,77381632
102367163395793,0,0.0,79052800,77381632
102367263611869,0,9.978409516083342,79052800,77381632
102367363811168,0,9.980115219263634,79052800,77381632
102367464057004,0,0.0,79052800,77381632
102367564246136,0,0.0,79052800,77381632
102367664467194,0,9.977994530862267,79052800,77381632
102367764664641,0,0.0,79052800,77381632
102367864834403,0,9.983080276795695,79052800,77381632
102367965444757,0,9.939150136781464,79052800,77381632
102368065976518,0,0.0,79052800,77381632
102368166196299,0,9.978169661271725,79052800,77381632
102368266423653,0,0.0,79052800,77381632
102368366585433,0,9.9838536127085,79052800,77381632
102368466749973,0,0.0,79052800,77381632
102368566943661,0,0.0,79052800,77381632
102368667117071,0,19.965304294972025,79052800,77381632
102368767321425,0,0.0,79052800,77381632
102368867526539,0,0.0,79052800,77381632
102368967686375,0,0.0,79052800,77381632
102369067851637,0,9.983495485013837,79052800,77381632
102369168010325,0,0.0,79052800,77381632
102369268212328,0,9.979783353085853,79052800,77381632
102369368485812,0,9.972792426874207,79052800,77381632
102369468658796,0,0.0,79052800,77381632
102369568816651,0,0.0,79052800,77381632
102369668974005,0,9.984307664743504,79052800,77381632
102369769145675,0,9.982796047650142,79052800,77381632
102369869327881,0,0.0,79052800,77381632
102369969522310,0,9.980657584640417,79052800,77381632
102370069693591,0,0.0,79052800,77381632
102370169873760,0,0.0,79052800,77381632
102370270038559,0,9.983600738173088,79052800,77381632
102370370192803,0,9.984586493394659,79052800,77381632
102370470369972,0,0.0,79052800,77381632
102370570553345,0,9.981727648380023,79052800,77381632
102370670722626,0,0.0,79052800,77381632
102370770920166,0,9.980275681684814,79052800,77381632
102370871107817,0,9.981323545924191,79052800,77381632
102370971274598,0,0.0,79052800,77381632
102371071429378,0,9.984438752470565,79052800,77381632
102371171696974,0,0.0,79052800,77381632
102371271877847,0,0.0,79052800,77381632
102371372049239,0,0.0,79052800,77381632
102371472238556,0,9.981190745231014,79052800,77381632
102371572399208,0,0.0,79052800,77381632
102371673371950,0,19.806853269561277,79052800,77381632
102371773933620,0,0.0,79052800,77381632
102371874139549,0,0.0,79052800,77381632
102371974372644,0,9.976799950440615,79052800,77381632
102372074575721,0,9.979788731493485,79052800,77381632
102372174758057,0,0.0,79052800,77381632
102372274926875,0,0.0,79052800,77381632
102372375096730,0,9.982934374373771,79052800,77381632
102372475311178,0,0.0,79052800,77381632
102372575516662,0,9.979454997245442,79052800,77381632
102372675712443,0,9.980500796073626,79052800,77381632
102372775898779,0,0.0,79052800,77381632
102372876090764,0,0.0,79052800,77381632
102372976271637,0,9.981819912248323,79052800,77381632
102373076519603,0,0.0,79052800,77381632
102373176730588,0,9.978999395410419,79052800,77381632
102373276928683,0,0.0,79052800,77381632
102373377183298,0,9.974586647815322,79052800,77381632
102373477365801,0,0.0,79052800,77381632
102373577565545,0,9.980019302578778,79052800,77381632
102373677799066,0,9.976748290388416,79052800,77381632
102373778020106,0,0.0,79052800,77381632
102373878236369,0,0.0,79052800,77381632
102373978407335,0,0.0,79052800,77381632
102374078594283,0,9.981371466557288,79052800,77381632
102374178789656,0,9.980402978938237,79052800,77381632
102374279011937,0,0.0,79052800,77381632
102374379214440,0,9.979797994075614,79052800,77381632
102374479408832,0,9.980650215044264,79052800,77381632
102374579594687,0,0.0,79052800,77381632
102374679802265,0,0.0,79052800,77381632
102374779983249,0,9.981812437990682,79069184,77381632
102374880227864,0,0.0,79069184,77381632
102374980448700,0,9.977977904526705,79069184,77381632
102375080655537,0,9.979403309692122,79069184,77381632
102375180898577,0,0.0,79069184,77381632
102375281096303,0,9.980351283015782,79069184,77381632
102375382009657,0,0.0,79069184,77381632
102375482571641,0,9.944242037550083,79069184,77381632
102375582757793,0,0.0,79069184,77381632
102375682939574,0,0.0,79069184,77381632
102375783118300,0,9.982194359970517,79069184,77381632
102375883318785,0,0.0,79069184,77381632
102375983496695,0,9.982150118785496,79069184,77381632
102376083699180,0,9.979801679692406,79069184,77381632
102376183910998,0,0.0,79069184,77381632
102376284139002,0,9.977247784080143,79069184,77381632
102376384347098,0,0.0,79069184,77381632
102376484555990,0,0.0,79069184,77381632
102376584740271,0,9.981576206528139,79069184,77381632
102376684937923,0,9.980279366203211,79069184,77381632
102376785151926,0,9.978691403144834,79069184,77381632
102376885342800,0,0.0,79069184,77381632
102376985527637,0,0.0,79069184,77381632
102377085708437,0,0.0,79069184,77381632
102377185951144,0,19.95168678979211,79069184,77381632
102377286146166,0,0.0,79069184,77381632
102377386351484,0,0.0,79069184,77381632
102377486519728,0,9.98318352703896,79069184,77381632
102377586694547,0,0.0,79069184,77381632
102377686888272,0,9.980574409143873,79069184,77381632
102377787087628,0,9.980137331515802,79069184,77381632
102377887278354,0,0.0,79069184,77381632
102377987490876,0,0.0,79069184,77381632
102378087682416,0,9.980845659431385,79069184,77381632
102378187883827,0,9.979890122266212,79069184,77381632
102378288090979,0,0.0,79069184,77381632
102378388296149,0,0.0,79069184,77381632
102378488471394,0,19.964802054989278,79069184,77381632
102378588711230,0,0.0,79069184,77381632
102378688922586,0,0.0,79069184,77381632
102378789113497,0,0.0,79069184,77381632
102378889387778,0,9.97279421716465,79069184,77381632
102378989632615,0,9.97561849054982,79069184,77381632
102379090575007,0,0.0,79069184,77381632
102379191129399,0,9.944990972975077,79069184,77381632
102379291379736,0,0.0,79069184,77381632
102379391572629,0,9.980670435071815,79069184,77381632
102379491767410,0,0.0,79069184,77381632
102379592072284,0,9.969540858757183,79069184,77381632
102379692279251,0,0.0,79069184,77381632
102379792477514,0,9.980150179158128,79069184,77381632
102379892702740,0,9.977594414595151,79069184,77381632
102379992929558,0,0.0,79069184,77381632
102380093149914,0,0.0,79069184,77381632
102380193478010,0,0.0,79069184,77381632
102380293718570,0,19.952298445834867,79069184,77381632
102380393920407,0,0.0,79069184,77381632
102380494122059,0,9.979880859514841,79069184,77381632
102380594348951,0,0.0,79069184,77381632
102380694565474,0,0.0,79069184,77381632
102380794755015,0,9.981151892820389,79069184,77381632
102380895001648,0,0.0,79069184,77381632
102380995268022,0,9.973389102443543,79069184,77381632
102381095507359,0,0.0,79069184,77381632
102381195703771,0,19.960617502292266,79069184,77381632
102381295919219,0,0.0,79069184,77381632
102381396114926,0,0.0,79069184,77381632
102381496311764,0,9.980386344577092,79069184,77381632
102381596508527,0,9.98027558311999,79069184,77381632
102381696737531,0,0.0,79069184,77381632
102381796933090,0,0.0,79069184,77381632
102381897110928,0,0.0,79069184,77381632
102381997294394,0,9.981679525698924,79069184,77381632
102382097467176,0,9.982746120795575,79069184,77381632
102382197644051,0,9.982347417096447,79069184,77381632
102382297845295,0,0.0,79069184,77381632
102382398023021,0,0.0,79069184,77381632
102382498196877,0,9.982655635089023,79069184,77381632
102382598369085,0,0.0,79069184,77381632
102382698567978,0,0.0,79069184,77381632
102382799711574,0,9.886824923243152,79069184,77381632
102382900283874,0,9.943249400267495,79069184,77381632
102383000468489,0,0.0,79069184,77381632
102383100686604,0,9.978189871253239,79069184,77381632
102383200912904,0,9.977524329498946,79069184,77381632
102383301103594,0,0.0,79069184,77381632
102383401306894,0,0.0,79069184,77381632
102383501491991,0,19.96291250313334,79069184,77381632
102383601715865,0,0.0,79069184,77381632
102383701957647,0,0.0,79069184,77381632
102383802152558,0,9.980552294958411,79069184,77381632
102383902420803,0,0.0,79069184,77381632
102384002595696,0,9.982550501918071,79069184,77381632
102384102766775,0,0.0,79069184,77381632
102384202977834,0,0.0,79069184,77381632
102384303167172,0,9.981048583122506,79069184,77381632
102384403370009,0,0.0,79069184,77381632
102384503548476,0,9.982227542201494,79069184,77381632
102384603720110,0,0.0,79069184,77381632
102384703920207,0,9.980024779797057,79069184,77381632
102384804138211,0,0.0,79069184,77381632
102384904349586,0,9.97896424360702,79069184,77381632
102385004535479,0,0.0,79069184,77381632
102385104706372,0,9.982950917165276,79069184,77381632
102385204890154,0,0.0,79069184,77381632
102385305094344,0,9.979696408068053,79069184,77381632
102385405316978,0,9.977841408711187,79069184,77381632
102385505490500,0,0.0,79069184,77381632
102385605662060,0,9.982757184187687,79069184,77381632
102385705864657,0,0.0,79069184,77381632
102385806053162,0,0.0,79069184,77381632
102385906240351,0,9.981327132637828,79069184,77381632
102386006466318,0,9.977374905599834,79069184,77381632
102386106676341,0,9.979124769006441,79069184,77381632
102386206862049,0,0.0,79069184,77381632
102386307045146,0,0.0,79069184,77381632
102386407215447,0,0.0,79069184,77381632
102386507445933,0,19.95405678347153,79069184,77381632
102386609374917,0,0.0,79069184,77381632
102386709620292,0,0.0,79069184,77381632
102386809810870,0,9.981020889941897,79069184,77381632
102386909993301,0,0.0,79069184,77381632
102387010202527,0,9.979192882568451,79069184,77381632
102387110380698,0,0.0,79069184,77381632
102387210547258,0,9.983345882219227,79069184,77381632
102387310760559,0,0.0,79069184,77381632
102387410947397,0,9.98138063349098,79069184,77381632
102387511123513,0,9.982476560975384,79069184,77381632
102387611294499,0,0.0,79069184,77381632
102387711499281,0,0.0,79069184,77381632
102387811674674,0,9.982465599709988,79069184,77381632
102387911901216,0,9.977402580004098,79069184,77381632
102388012101295,0,0.0,79069184,77381632
102388112322206,0,9.977977804560243,79069184,77381632
102388212530155,0,0.0,79069184,77381632
102388312771938,0,0.0,79069184,77381632
102388412944720,0,19.96540713702938,79069184,77381632
102388513141188,0,0.0,79069184,77381632
102388613353655,0,0.0,79069184,77381632
102388713563752,0,9.978335436521625,79069184,77381632
102388813760979,0,0.0,79069184,77381632
102388913936280,0,9.982511637470763,79069184,77381632
102389014109544,0,9.982674070854923,79069184,77381632
102389114348697,0,0.0,79069184,77381632
102389214535720,0,0.0,79069184,77381632
102389314705039,0,9.983094825943141,79069184,77381632
102389414876415,0,0.0,79069184,77381632
102389515039438,0,9.983726027251558,79069184,77381632
102389615260794,0,0.0,79069184,77381632
102389715497058,0,9.97650662387275,79069184,77381632
102389815682470,0,9.981389798997048,79069184,77381632
102389915912938,0,0.0,79069184,77381632
102390016163943,0,0.0,79069184,77381632
102390116378022,0,9.97874109092988,79069184,77381632
102390216562415,0,9.981605697697468,79069184,77381632
102390316773457,0,0.0,79069184,77381632
102390416979906,0,0.0,79069184,77381632
102390517182115,0,9.97981074373796,79069184,77381632
102390617388656,0,0.0,79069184,77381632
102390717590772,0,0.0,79069184,77381632
102390817800481,0,9.979113615124009,79069184,77381632
102390918024023,0,9.977810049170866,79069184,77381632
102391018225213,0,9.979950877716778,79069184,77381632
102391118406588,0,0.0,79069184,77381632
102391218577278,0,0.0,79069184,77381632
102391318743838,0,9.983356945490401,79069184,77381632
102391418911584,0,0.0,79069184,77381632
102391519106237,0,9.98057988842102,79069184,77381632
102391619322723,0,9.97829849713144,79069184,77381632
102391719549432,0,0.0,79069184,77381632
102391819730344,0,9.98200045770963,79069184,77381632
102391919908664,0,0.0,79069184,77381632
102392020141706,0,0.0,79069184,77381632
102392120338304,0,19.9608906289564,79069184,77381632
102392220548808,0,0.0,79069184,77381632
102392320784869,0,0.0,79069184,77381632
102392420967189,0,9.981747675592693,79069184,77381632
102392521157120,0,0.0,79069184,77381632
102392621342013,0,9.981482055166401,79069184,77381632
102392721641241,0,0.0,79069184,77381632
102392821842579,0,9.97987348961458,79069184,77381632
102392922065195,0,9.977852359820181,79069184,77381632
102393022251200,0,0.0,79069184,77381632
102393122449594,0,0.0,79069184,77381632
102393222613932,0,0.0,79069184,77381632
102393322777400,0,19.967285798473654,79069184,77381632
102393422957961,0,0.0,79069184,77381632
102393523127281,0,9.9830376215955,79069184,77381632
102393623333360,0,0.0,79069184,77381632
102393723529032,0,0.0,79069184,77381632
102393823707685,0,0.0,79069184,77381632
102393924036709,0,19.934311859655068,79069184,77381632
102394024549565,0,0.0,79069184,77381632
102394124747941,0,0.0,79069184,77381632
102394224916187,0,0.0,79069184,77381632
102394325091321,0,9.982500477466,79069184,77381632
102394425295771,0,9.979659457146083,79069184,77381632
102394525461258,0,0.0,79069184,77381632
102394625624967,0,9.98347126497768,79069184,77381632
102394725857935,0,9.97688455641231,79069184,77381632
102394826041310,0,0.0,79069184,77381632
102394926247853,0,0.0,79069184,77381632
102395026473728,0,0.0,79069184,77381632
102395126672141,0,9.980325286682822,79069184,77381632
102395226844313,0,9.982801329240623,79069184,77381632
102395327039244,0,0.0,79069184,77381632
102395427228212,0,9.981190446588197,79069184,77381632
102395527401199,0,9.982751502398907,79069184,77381632
102395627565815,0,0.0,79069184,77381632
102395727752376,0,0.0,79069184,77381632
102395827918567,0,9.983319968904995,79069184,77381632
102395928187850,0,0.0,79069184,77381632
102396028357003,0,0.0,79069184,77381632
102396128521083,0,9.983631835332762,79069184,77381632
102396228693106,0,0.0,79069184,77381632
102396328847760,0,19.968947087831523,79069184,77381632
102396429030654,0,9.981659101500247,79069184,77381632
102396529241326,0,0.0,79069184,77381632
102396629438424,0,0.0,79069184,77381632
102396729652133,0,0.0,79069184,77381632
102396829844065,0,0.0,79069184,77381632
102396930041551,0,9.980270004162792,79069184,77381632
102397030245427,0,9.979681568827976,79069184,77381632
102397130452025,0,0.0,79069184,77381632
102397230619086,0,9.98334947037934,79069184,77381632
102397330801943,0,0.0,79069184,77381632
102397430983504,0,9.981911877684583,79069184,77381632
102397531145677,0,0.0,79069184,77381632
102397634078216,0,19.42977156635888,79069184,77381632
102397734609758,0,0.0,79069184,77381632
102397834785653,0,0.0,79069184,77381632
102397934971751,0,9.981428454638396,79069184,77381632
102398035159386,0,0.0,79069184,77381632
102398135361892,0,0.0,79069184,77381632
102398235526693,0,9.983570936426641,79069184,77381632
102398335688254,0,0.0,79069184,77381632
102398435905167,0,9.978396273021032,79069184,77381632
102398536084451,0,0.0,79069184,77381632
102398636335641,0,9.974884834993263,79069184,77381632
102398736541573,0,9.979548811823655,79069184,77381632
102398836718745,0,0.0,79069184,77381632
102398936924751,0,9.979462066533687,79069184,77381632
102399037140738,0,0.0,79069184,77381632
102399137330651,0,9.981090822664797,79069184,77381632
102399237490342,0,0.0,79069184,77381632
102399337646736,0,9.98431105196289,79069184,77381632
102399437823742,0,0.0,79069184,77381632
102399537982099,0,9.98415424868162,79069184,77381632
102399638196605,0,0.0,79069184,77381632
102399738404981,0,9.979286892203927,79069184,77381632
102399838586098,0,0.0,79069184,77381632
102399938778955,0,0.0,79069184,77381632
102400038962146,0,0.0,79069184,77381632
102400139141948,0,9.98205386428841,79085568,77381632
102400239340621,0,9.98015934385223,79085568,77381632
102400339531330,0,9.980974565852462,79085568,77381632
102400439715762,0,0.0,79085568,77381632
102400539884564,0,9.983146453120172,79085568,77381632
102400640049847,0,0.0,79085568,77381632
102400740257057,0,9.97932742418913,79085568,77381632
102400840467396,0,0.0,79085568,77381632
102400940671013,0,0.0,79085568,77381632
102401040841945,0,9.982862220202891,79085568,77381632
102401141038210,0,9.98050597666986,79085568,77381632
102401241237734,0,0.0,79085568,77381632
102401341620276,0,9.961757411585037,79085568,77381632
102401442155300,0,0.0,79085568,77381632
102401542347343,0,9.980889690450788,79085568,77381632
102401642516405,0,0.0,79085568,77381632
102401742718744,0,0.0,79085568,77381632
102401842905435,0,9.981360209067452,79085568,77381632
102401943103126,0,0.0,79085568,77381632
102402043336373,0,9.976740725234272,79085568,77381632
102402143574545,0,0.0,79085568,77381632
102402243761088,0,9.981402551278924,79085568,77381632
102402343934427,0,9.982661015142872,79085568,77381632
102402444129081,0,0.0,79085568,77381632
102402544308421,0,9.98210189198168,79085568,77381632
102402644487186,0,0.0,79085568,77381632
102402744715229,0,9.977286309143684,79085568,77381632
102402844919494,0,0.0,79085568,77381632
102402945117667,0,0.0,79085568,77381632
102403045297339,0,9.981992983185153,79085568,77381632
102403145490771,0,9.980710779705541,79085568,77381632
102403245696388,0,0.0,79085568,77381632
102403345903598,0,9.97934216238401,79085568,77381632
102403446094085,0,0.0,79085568,77381632
102403546269388,0,9.982489416091198,79085568,77381632
102403646451894,0,0.0,79085568,77381632
102403746653604,0,0.0,79085568,77381632
102403846888332,0,19.953171699817368,79085568,77381632
102403947109671,0,0.0,79085568,77381632
102404047286270,0,9.982378606499962,79085568,77381632
102404147453017,0,0.0,79085568,77381632
102404247624301,0,9.982963574822076,79085568,77381632
102404347790307,0,0.0,79085568,77381632
102404447985091,0,9.980581581491657,79085568,77381632
102404548196467,0,9.97898256575446,79085568,77381632
102404648369973,0,0.0,79085568,77381632
102404748597961,0,0.0,79085568,77381632
102404848782893,0,0.0,79085568,77381632
102404949025362,0,9.97590390268182,79085568,77381632
102405051789958,0,0.0,79085568,77381632
102405152334260,0,19.891860684408062,79085568,77381632
102405252510933,0,0.0,79085568,77381632
102405352673939,0,0.0,79085568,77381632
102405452853482,0,9.982112952497685,79085568,77381632
102405553017229,0,0.0,79085568,77381632
102405653196217,0,0.0,79085568,77381632
102405753385446,0,9.981138742509453,79085568,77381632
102405853579970,0,9.98056683818609,79085568,77381632
102405953768625,0,0.0,79085568,77381632
102406053942298,0,9.982609295825736,79085568,77381632
102406154128952,0,0.0,79085568,77381632
102406254311755,0,0.0,79085568,77381632
102406354480057,0,9.98317027129999,79085568,77381632
102406454699119,0,9.97810116179955,79085568,77381632
102406554908385,0,0.0,79085568,77381632
102406655080650,0,9.982771632329097,79085568,77381632
102406755269083,0,0.0,79085568,77381632
102406855444478,0,0.0,79085568,77381632
102406955645410,0,9.979948884844001,79085568,77381632
102407055879435,0,9.976668761952707,79085568,77381632
102407156097886,0,9.97823019583162,79085568,77381632
102407256280855,0,0.0,79085568,77381632
102407356460713,0,0.0,79085568,77381632
102407456652683,0,0.0,79085568,77381632
102407556839930,0,9.981328727374594,79085568,77381632
102407657030695,0,9.980906226464688,79085568,77381632
102407757230702,0,0.0,79085568,77381632
102407857430505,0,9.979985837905744,79085568,77381632
102407957627511,0,0.0,79085568,77381632
102408057808666,0,9.981823200632695,79085568,77381632
102408158023876,0,9.978615527021192,79085568,77381632
102408258249753,0,0.0,79085568,77381632
102408358430463,0,0.0,79085568,77381632
102408458647136,0,9.978447750186039,79085568,77381632
102408558813216,0,0.0,79085568,77381632
102408658995445,0,0.0,79085568,77381632
102408759755673,0,19.848995788113715,79085568,77381632
102408860328550,0,0.0,79085568,77381632
102408960531797,0,0.0,79085568,77381632
102409060708470,0,0.0,79085568,77381632
102409160875125,0,19.966787247141227,79085568,77381632
102409261037817,0,0.0,79085568,77381632
102409361202657,0,0.0,79085568,77381632
102409461392515,0,19.962159331671472,79085568,77381632
102409561591596,0,0.0,79085568,77381632
102409661812714,0,0.0,79085568,77381632
102409761997535,0,0.0,79085568,77381632
102409862178912,0,9.981813932839188,79085568,77381632
102409962362437,0,9.981764115857228,79085568,77381632
102410062536462,0,0.0,79085568,77381632
102410162775580,0,9.976069704030417,79085568,77381632
102410263025420,0,0.0,79085568,77381632
102410363255593,0,0.0,79085568,77381632
102410463459896,0,9.979627986184346,79085568,77381632
102410563662384,0,0.0,79085568,77381632
102410663873484,0,19.957964934433896,79085568,77381632
102410764121805,0,0.0,79085568,77381632
102410864324608,0,0.0,79085568,77381632
102410964552411,0,0.0,79085568,77381632
102411064758973,0,9.97946565190963,79085568,77381632
102411164928832,0,0.0,79085568,77381632
102411265138487,0,9.979170577420488,79085568,77381632
102411365396345,0,0.0,79085568,77381632
102411465595130,0,9.980131455584907,79085568,77381632
102411565805099,0,0.0,79085568,77381632
102411666017347,0,9.978928992063977,79085568,77381632
102411766192854,0,0.0,79085568,77381632
102411866367879,0,19.964746053286365,79085568,77381632
102411966614349,0,0.0,79085568,77381632
102412066821985,0,0.0,79085568,77381632
102412167013937,0,0.0,79085568,77381632
102412267177129,0,9.983711075944068,79085568,77381632
102412367339617,0,9.98374436833788,79085568,77381632
102412468704974,0,0.0,79085568,77381632
102412569259981,0,19.889717678815774,79085568,77381632
102412669526117,0,0.0,79085568,77381632
102412769701013,0,0.0,79085568,77381632
102412869886427,0,9.981382126762151,79085568,77381632
102412970089897,0,0.0,79085568,77381632
102413070278978,0,0.0,79085568,77381632
102413170512652,0,19.953540175786,79085568,77381632
102413270718733,0,0.0,79085568,77381632
102413370895573,0,0.0,79085568,77381632
102413471061413,0,0.0,79085568,77381632
102413571227828,0,9.983179540162004,79085568,77381632
102413671440798,0,0.0,79085568,77381632
102413771627731,0,9.981419088990478,79085568,77381632
102413871878349,0,0.0,79085568,77381632
102413972057911,0,19.964148182910982,79085568,77381632
102414072248159,0,0.0,79085568,77381632
102414172446629,0,0.0,79085568,77381632
102414272681728,0,9.976552508196319,79085568,77381632
102414372863735,0,0.0,79085568,77381632
102414473052798,0,0.0,79085568,77381632
102414573225490,0,9.982566744708635,79085568,77381632
102414673416090,0,9.98112210569562,79085568,77381632
102414773591671,0,0.0,79085568,77381632
102414873794123,0,0.0,79085568,77381632
102414974026482,0,9.976946967107976,79085568,77381632
102415074236618,0,9.979083938697993,79085568,77381632
102415174397162,0,9.98396575182326,79085568,77381632
102415274583614,0,0.0,79085568,77381632
102415374762825,0,0.0,79085568,77381632
102415474971813,0,0.0,79085568,77381632
102415575154006,0,19.963236700983188,79085568,77381632
102415675397346,0,0.0,79085568,77381632
102415775568909,0,9.982838104751544,79085568,77381632
102415875755138,0,0.0,79085568,77381632
102415975920923,0,0.0,79085568,77381632
102416076107764,0,9.981431941386424,79085568,77381632
102416177519177,0,9.860624995985049,79085568,77381632
102416278061165,0,0.0,79085568,77381632
102416378301265,0,9.976089905504454,79085568,77381632
102416478477884,0,0.0,79085568,77381632
102416578694520,0,0.0,79085568,77381632
102416678899231,0,9.979723796797149,79085568,77381632
102416779135702,0,0.0,79085568,77381632
102416879331413,0,9.980402481760175,79085568,77381632
102416979573438,0,9.97594072442432,79085568,77381632
102417079774816,0,0.0,79085568,77381632
102417179953027,0,0.0,79085568,77381632
102417280158034,0,9.979524610929465,79085568,77381632
102417380350467,0,0.0,79085568,77381632
102417480532882,0,9.981821307055576,79085568,77381632
102417580754889,0,9.977739662608945,79085568,77381632
102417680976712,0,0.0,79085568,77381632
102417781156737,0,9.981972556253734,79085568,77381632
102417881362615,0,0.0,79085568,77381632
102417981532678,0,0.0,79085568,77381632
102418081713408,0,9.981904304695767,79085568,77381632
102418181957582,0,9.975699196947158,79085568,77381632
102418282166904,0,0.0,79085568,77381632
102418382375004,0,9.979231424103824,79085568,77381632
102418482583400,0,0.0,79085568,77381632
102418582763074,0,9.981907891819704,79085568,77381632
102418682979470,0,0.0,79085568,77381632
102418783184089,0,9.979579983743129,79085568,77381632
102418883381596,0,0.0,79085568,77381632
102418983601845,0,9.9780475975743,79085568,77381632
102419083785093,0,9.981704931736525,79085568,77381632
102419183978767,0,0.0,79085568,77381632
102419284178034,0,9.980100080202238,79085568,77381632
102419384415134,0,0.0,79085568,77381632
102419484590234,0,0.0,79085568,77381632
102419584779667,0,9.98102596959731,79085568,77381632
102419684992952,0,0.0,79085568,77381632
102419785187756,0,0.0,79085568,77381632
102419886003560,0,19.83797748519682,79085568,77381632
102419986544474,0,0.0,79085568,77381632
102420086774445,0,9.977040934432427,79085568,77381632
102420186966156,0,0.0,79085568,77381632
102420287161774,0,0.0,79085568,77381632
102420387349115,0,9.981334107444509,79085568,77381632
102420487518530,0,0.0,79085568,77381632
102420587690168,0,9.982681146161836,79085568,77381632
102420687910268,0,9.978145267128216,79085568,77381632
102420788105553,0,0.0,79085568,77381632
102420888300079,0,9.980503983575383,79085568,77381632
102420988500402,0,0.0,79085568,77381632
102421088668021,0,0.0,79085568,77381632
102421188839658,0,19.965609636796124,79085568,77381632
102421289043240,0,0.0,79085568,77381632
102421389235729,0,0.0,79085568,77381632
102421489409533,0,0.0,79085568,77381632
102421589604726,0,0.0,79085568,77381632
102421689811030,0,19.959019741492884,79085568,77381632
102421789986908,0,9.982428331015468,79085568,77381632
102421890196360,0,0.0,79085568,77381632
102421990433368,0,0.0,79085568,77381632
102422090621246,0,9.981197619819643,79085568,77381632
102422190826753,0,0.0,79085568,77381632
102422291020428,0,0.0,79085568,77381632
102422391209435,0,19.96231773187908,79085568,77381632
102422491417851,0,0.0,79085568,77381632
102422591627951,0,0.0,79085568,77381632
102422691844829,0,0.0,79085568,77381632
102422792080615,0,9.9764824377312,79085568,77381632
102422892279511,0,9.980179264759785,79085568,77381632
102422992505778,0,9.977334091061632,79085568,77381632
102423092743008,0,0.0,79085568,77381632
102423192934683,0,9.980815674087726,79085568,77381632
102423293154117,0,0.0,79085568,77381632
102423393349550,0,0.0,79085568,77381632
102423493523892,0,9.982614677277999,79085568,77381632
102423594572732,0,0.0,79085568,77381632
102423695133276,0,19.88910570615132,79085568,77381632
102423795373266,0,0.0,79085568,77381632
102423895569422,0,0.0,79085568,77381632
102423995738448,0,0.0,79085568,77381632
102424095902641,0,0.0,79085568,77381632
102424196093279,0,19.96174590888543,79085568,77381632
102424296284435,0,9.98089686180031,79085568,77381632
102424396509758,0,0.0,79085568,77381632
102424496707988,0,0.0,79085568,77381632
102424596886329,0,0.0,79085568,77381632
102424697098985,0,0.0,79085568,77381632
102424797278382,0,9.981976244926816,79085568,77381632
102424897504964,0,9.977439114390739,79085568,77381632
102424997730565,0,0.0,79085568,77381632
102425097917943,0,9.98125480453192,79085568,77381632
102425198129433,0,0.0,79085568,77381632
102425298335496,0,9.979460075307115,79085568,77381632
102425398529689,0,9.98067920208861,79085568,77381632
102425498703512,0,0.0,79085568,77381632
102425598912891,0,9.978960160113225,79085568,77381632
102425699134380,0,0.0,79085568,77381632
102425799317296,0,9.981764015813113,79085568,77381632
102425899506859,0,0.0,79085568,77381632
102425999676701,0,0.0,79085568,77381632
102426099864079,0,9.981203098334909,79085568,77381632
102426200101587,0,0.0,79085568,77381632
102426300308762,0,19.958676560035073,79085568,77381632
102426400500696,0,0.0,79085568,77381632
102426500671241,0,0.0,79085568,77381632
102426600866286,0,9.980468919736241,79085568,77381632
102426701079702,0,9.978703850042173,79085568,77381632
102426801322784,0,0.0,79085568,77381632
102426901538866,0,0.0,79085568,77381632
102427001750189,0,9.979000789429534,79085568,77381632
102427101931198,0,0.0,79085568,77381632
102427202103780,0,9.98268284139383,79085568,77381632
102427303946101,0,9.819011367447073,79101952,77381632
102427404502850,0,0.0,79101952,77381632
102427504737413,0,0.0,79101952,77381632
102427604912977,0,9.982317522778583,79101952,77381632
102427705127856,0,0.0,79101952,77381632
102427805322197,0,0.0,79101952,77381632
102427905509317,0,9.98135622364668,79101952,77381632
102428005688399,0,9.98200573846007,79101952,77381632
102428105916630,0,9.977346932941549,79101952,77381632
102428206109805,0,0.0,79101952,77381632
102428306308054,0,0.0,79101952,77381632
102428406522377,0,9.978694589489182,79101952,77381632
102428506700700,0,9.982269591612772,79101952,77381632
102428606874097,0,9.982489117370662,79101952,77381632
102428707116902,0,0.0,79101952,77381632
102428807322540,0,0.0,79101952,77381632
102428907514511,0,0.0,79101952,77381632
102429007689853,0,9.982544523085503,79101952,77381632
102429107870954,0,0.0,79101952,77381632
102429208038777,0,9.98311296602189,79101952,77381632
102429308255081,0,0.0,79101952,77381632
102429408465256,0,9.97908374017163,79101952,77381632
102429508651969,0,9.981415205009593,79101952,77381632
102429608844607,0,0.0,79101952,77381632
102429709051208,0,9.979480291963684,79101952,77381632
102429809240661,0,9.981084945611087,79101952,77381632
102429909454058,0,0.0,79101952,77381632
102430009661307,0,0.0,79101952,77381632
102430109857501,0,9.980505776633843,79101952,77381632
102430210036861,0,0.0,79101952,77381632
102430310229147,0,0.0,79101952,77381632
102430410419230,0,19.962110915035932,79101952,77381632
102430510628146,0,0.0,79101952,77381632
102430610814302,0,0.0,79101952,77381632
102430711088422,0,9.97278267942524,79101952,77381632
102430811270467,0,0.0,79101952,77381632
102430911462698,0,0.0,79101952,77381632
102431011854558,0,9.96094482897345,79101952,77381632
102431112124548,0,0.0,79101952,77381632
102431212312705,0,9.981153285993019,79101952,77381632
102431312508788,0,9.980446708904868,79101952,77381632
102431412701333,0,0.0,79101952,77381632
102431512875731,0,9.982535253952499,79101952,77381632
102431613072443,0,0.0,79101952,77381632
102431713282803,0,9.979072686371087,79101952,77381632
102431813483330,0,9.979978167830787,79101952,77381632
102431913688598,0,0.0,79101952,77381632
102432013899718,0,9.979059741512849,79101952,77381632
102432114081467,0,0.0,79101952,77381632
102432214280569,0,0.0,79101952,77381632
102432314477466,0,9.980358256462255,79101952,77381632
102432414697715,0,0.0,79101952,77381632
102432514884428,0,9.98132115527059,79101952,77381632
102432615107603,0,9.977680527654503,79101952,77381632
102432715319816,0,0.0,79101952,77381632
102432815511250,0,0.0,79101952,77381632
102432915702092,0,9.980987217046577,79101952,77381632
102433015916471,0,9.978517548329133,79101952,77381632
102433116139462,0,0.0,79101952,77381632
102433216318044,0,9.982147727735928,79101952,77381632
102433316506646,0,0.0,79101952,77381632
102433416706562,0,0.0,79101952,77381632
102433516910311,0,19.959200201769573,79101952,77381632
102433617157876,0,0.0,79101952,77381632
102433717375995,0,0.0,79101952,77381632
102433817588300,0,0.0,79101952,77381632
102433917809143,0,9.97805476628908,79101952,77381632
102434018047040,0,9.97622804499879,79101952,77381632
102434118266697,0,0.0,79101952,77381632
102434218476243,0,0.0,79101952,77381632
102434318699863,0,9.977630750467679,79101952,77381632
102434418909649,0,0.0,79101952,77381632
102434519097306,0,9.981252811138352,79101952,77381632
102434619294686,0,0.0,79101952,77381632
102434720744953,0,9.856947598609604,79101952,77381632
102434821333202,0,9.941636231934115,79101952,77381632
102434921547377,0,9.978606068123002,79101952,77381632
102435021771164,0,0.0,79101952,77381632
102435121982580,0,0.0,79101952,77381632
102435222174108,0,0.0,79101952,77381632
102435322368191,0,9.980631089514464,79101952,77381632
102435422559366,0,9.980941093323166,79101952,77381632
102435522789264,0,0.0,79101952,77381632
102435623001551,0,9.97875722134754,79101952,77381632
102435723223615,0,9.977988457519176,79101952,77381632
102435823428531,0,0.0,79101952,77381632
102435923614559,0,0.0,79101952,77381632
102436023819605,0,9.979535465737644,79101952,77381632
102436124016244,0,0.0,79101952,77381632
102436224203104,0,9.981212264961115,79101952,77381632
102436324401447,0,0.0,79101952,77381632
102436424594456,0,9.98073817255134,79101952,77381632
102436524792168,0,0.0,79101952,77381632
102436625027696,0,9.976456560040244,79118336,77381632
102436725319038,0,0.0,79118336,77381632
102436825538751,0,9.978060241351224,79118336,77381632
102436925823704,0,9.971594814515258,79118336,77381632
102437026034843,0,0.0,79118336,77381632
102437126264611,0,9.9771495338462,79118336,77381632
102437226501991,0,0.0,79118336,77381632
102437326778240,0,0.0,79118336,77381632
102437427065990,0,9.9712781321852,79118336,77381632
102437527287277,0,9.977940469400256,79118336,77381632
102437627483175,0,0.0,79118336,77381632
102437727694388,0,0.0,79118336,77381632
102437827939212,0,9.97545210759994,79118336,77381632
102437928211591,0,9.972909688637701,79118336,77381632
102438028425823,0,0.0,79118336,77381632
102438128670684,0,9.975619783707057,79118336,77381632
102438228884045,0,0.0,79118336,77381632
102438329116183,0,9.976898889061546,79118336,77381632
102438430464154,0,9.866837068431582,79118336,77381632
102438531074737,0,0.0,79118336,77381632
102438631274376,0,0.0,79118336,77381632
102438731516015,0,9.976019644584655,79118336,77381632
102438831705413,0,0.0,79118336,77381632
102438931941292,0,9.976570821486783,79118336,77381632
102439032146542,0,9.979417451037671,79118336,77381632
102439132366348,0,0.0,79118336,77381632
102439232610505,0,9.975610628799977,79118336,77381632
102439332808237,0,0.0,79118336,77381632
102439433027542,0,0.0,79118336,77381632
102439533246366,0,9.978233681796187,79118336,77381632
102439633442246,0,0.0,79118336,77381632
102439733651126,0,9.979194378085152,79118336,77381632
102439833905283,0,9.974598886123145,79118336,77381632
102439934117292,0,0.0,79118336,77381632
102440034334765,0,0.0,79118336,77381632
102440134547774,0,9.978880796379553,79118336,77381632
102440234743506,0,0.0,79118336,77381632
102440335027422,0,19.943620579371103,79118336,77381632
102440435296431,0,0.0,79118336,77381632
102440535500163,0,0.0,79118336,77381632
102440635715284,0,0.0,79118336,77381632
102440735964145,0,19.95038817327714,79118336,77381632
102440836212321,0,0.0,79118336,77381632
102440936471552,0,0.0,79118336,77381632
102441036739895,0,9.973298388241222,79118336,77381632
102441136945386,0,0.0,79118336,77381632
102441237127506,0,9.981817321264801,79118336,77381632
102441337330775,0,0.0,79118336,77381632
102441437520136,0,0.0,79118336,77381632
102441537724442,0,9.979518834269916,79118336,77381632
102441637984914,0,9.974003856519253,79118336,77381632
102441738209387,0,9.977722937163163,79118336,77381632
102441838417415,0,0.0,79118336,77381632
102441938617165,0,0.0,79118336,77381632
102442038890212,0,9.972789940439403,79118336,77381632
102442139092721,0,0.0,79118336,77381632
102442239308879,0,9.978506497228288,79118336,77381632
102442339484925,0,9.982380100069753,79118336,77381632
102442439673916,0,0.0,79118336,77381632
102442539854352,0,0.0,79118336,77381632
102442640023010,0,9.983118348017207,79118336,77381632
102442740237538,0,0.0,79118336,77381632
102442840511658,0,19.945031094902212,79118336,77381632
102442940756205,0,0.0,79118336,77381632
102443040958733,0,0.0,79118336,77381632
102443141203687,0,0.0,79118336,77381632
102443241406030,0,19.959605750757863,79118336,77381632
102443341605539,0,0.0,79118336,77381632
102443441797919,0,0.0,79118336,77381632
102443542014207,0,9.978502811119133,79118336,77381632
102443642220087,0,0.0,79118336,77381632
102443742441393,0,0.0,79118336,77381632
102443842623402,0,19.963664133633795,79118336,77381632
102443942814431,0,0.0,79118336,77381632
102444042992866,0,9.982095913690017,79118336,77381632
102444143212450,0,0.0,79118336,77381632
102444243390626,0,9.98214394033615,79118336,77381632
102444343592469,0,0.0,79118336,77381632
102444443787053,0,9.980645831560292,79118336,77381632
102444543959378,0,0.0,79118336,77381632
102444644137591,0,9.982066418172135,79118336,77381632
102444744370527,0,0.0,79118336,77381632
102444844550870,0,9.981939079930207,79118336,77381632
102444944760028,0,0.0,79118336,77381632
102445044960482,0,0.0,79118336,77381632
102445145150881,0,9.980999968303335,79118336,77381632
102445245338853,0,9.981212164928063,79118336,77381632
102445345554696,0,0.0,79118336,77381632
102445445740243,0,9.98149630244093,79118336,77381632
102445545915735,0,0.0,79118336,77381632
102445646105337,0,9.9810406142333,79118336,77381632
102445746312662,0,0.0,79118336,77381632
102445846490116,0,9.982230730804527,79118336,77381632
102445946706515,0,0.0,79118336,77381632
102446046876913,0,0.0,79118336,77381632
102446147071275,0,19.961280704421476,79118336,77381632
102446247239489,0,0.0,79118336,77381632
102446347403073,0,0.0,79118336,77381632
102446447579694,0,0.0,79118336,77381632
102446547751685,0,9.982751105048958,79118336,77381632
102446647975639,0,9.977567932832612,79118336,77381632
102446748199909,0,0.0,79118336,77381632
102446848389548,0,0.0,79118336,77381632
102446948582262,0,9.980804417851557,79118336,77381632
102447048772512,0,9.981023977744819,79118336,77381632
102447148957782,0,0.0,79118336,77381632
102447249196254,0,9.976179875400543,79118336,77381632
102447349405912,0,9.979098379105162,79118336,77381632
102447449623663,0,0.0,79118336,77381632
102447549823469,0,9.980188328045344,79118336,77381632
102447649999979,0,0.0,79118336,77381632
102447750211323,0,9.97895996158824,79118336,77381632
102447850436999,0,0.0,79118336,77381632
102447950682398,0,0.0,79118336,77381632
102448050858945,0,9.982308155467473,79118336,77381632
102448151080437,0,0.0,79118336,77381632
102448251256299,0,0.0,79118336,77381632
102448351432716,0,19.964645807832543,79118336,77381632
102448451651522,0,0.0,79118336,77381632
102448551824607,0,0.0,79118336,77381632
102448652030839,0,9.979365765324248,79118336,77381632
102448752243738,0,0.0,79118336,77381632
102448852422544,0,9.982136567094823,79118336,77381632
102448952620388,0,9.980250978654464,79118336,77381632
102449052840602,0,0.0,79118336,77381632
102449153092852,0,9.97491578087023,79118336,77381632
102449253271288,0,0.0,79118336,77381632
102449353444502,0,9.982695595531531,79118336,77381632
102449453629383,0,0.0,79118336,77381632
102449555458891,0,9.820202114623562,79118336,77381632
102449656062253,0,9.940025663115689,79118336,77381632
102449756274819,0,0.0,79118336,77381632
102449856459458,0,0.0,79118336,77381632
102449956661487,0,0.0,79118336,77381632
102450056855738,0,9.980535161462264,79118336,77381632
102450157107211,0,9.97498393689463,79118336,77381632
102450257286814,0,9.98207927368516,79118336,77381632
102450357479546,0,0.0,79118336,77381632
102450457680649,0,0.0,79118336,77381632
102450557854382,0,0.0,79118336,77381632
102450658028022,0,19.965014707714285,79118336,77381632
102450758241810,0,0.0,79118336,77381632
102450858421579,0,9.982014706464101,79118336,77381632
102450958631923,0,0.0,79118336,77381632
102451058815322,0,0.0,79118336,77381632
102451158987129,0,9.982856241000471,79118336,77381632
102451259154028,0,0.0,79118336,77381632
102451359325649,0,9.982826642373912,79118336,77381632
102451459519122,0,0.0,79118336,77381632
102451559748633,0,9.977073881065529,79118336,77381632
102451659963569,0,0.0,79118336,77381632
102451760187005,0,9.977755989711445,79118336,77381632
102451860370145,0,9.981717684825417,79118336,77381632
102451960557952,0,0.0,79118336,77381632
102452060742147,0,0.0,79118336,77381632
102452160967399,0,9.97745544051142,79118336,77381632
102452261177964,0,9.979083541641728,79118336,77381632
102452361364938,0,9.981343172831226,79118336,77381632
102452461563337,0,0.0,79118336,77381632
102452561757070,0,0.0,79118336,77381632
102452661931543,0,9.982470482174882,79118336,77381632
102452762169405,0,0.0,79118336,77381632
102452862348434,0,9.982125406478675,79118336,77381632
102452962533037,0,0.0,79118336,77381632
102453062713715,0,0.0,79118336,77381632
102453162944799,0,9.976928154154328,79118336,77381632
102453263892124,0,9.90611842794336,79118336,77381632
102453364446337,0,9.94491343384744,79118336,77381632
102453464641922,0,0.0,79118336,77381632
102453564810543,0,9.983184623465167,79118336,77381632
102453664967943,0,0.0,79118336,77381632
102453765163509,0,0.0,79118336,77381632
102453865358631,0,0.0,79118336,77381632
102453965552252,0,9.98057570358809,79118336,77381632
102454065796189,0,9.975715417453129,79118336,77381632
102454166015218,0,9.978194750985327,79118336,77381632
102454266217432,0,0.0,79118336,77381632
102454366433294,0,0.0,79118336,77381632
102454466617490,0,0.0,79118336,77381632
102454566784778,0,9.983319471439815,79118336,77381632
102454666975215,0,9.980856018442484,79118336,77381632
102454767187614,0,0.0,79118336,77381632
102454867411755,0,9.977545733459023,79118336,77381632
102454967643821,0,0.0,79118336,77381632
102455067818757,0,0.0,79118336,77381632
102455168026916,0,19.958377203608723,79118336,77381632
102455268253130,0,0.0,79118336,77381632
102455368443937,0,0.0,79118336,77381632
102455468612596,0,0.0,79118336,77381632
102455568794051,0,9.981944559255908,79118336,77381632
102455668961618,0,9.983197580479313,79118336,77381632
102455769158517,0,9.980343213773102,79118336,77381632
102455869356806,0,9.980184643592391,79118336,77381632
102455969553465,0,0.0,79118336,77381632
102456069718253,0,0.0,79118336,77381632
102456169918134,0,9.980153169311121,79118336,77381632
102456270083182,0,0.0,79118336,77381632
102456370269026,0,9.98145186737642,79118336,77381632
102456470470463,0,0.0,79118336,77381632
102456570681584,0,0.0,79118336,77381632
102456670867132,0,9.981472190690539,79118336,77381632
102456771061069,0,9.980739768549505,79118336,77381632
102456871245432,0,0.0,79118336,77381632
102456971689924,0,9.95581906144997,79118336,77381632
102457071902712,0,0.0,79118336,77381632
102457172121649,0,0.0,79118336,77381632
102457272286734,0,9.983430101767075,79118336,77381632
102457372468985,0,0.0,79118336,77381632
102457472633422,0,9.983494688750444,79118336,77381632
102457572821896,0,0.0,79118336,77381632
102457672992555,0,19.965616414992883,79118336,77381632
102457773216584,0,0.0,79118336,77381632
102457873406373,0,0.0,79118336,77381632
102457973595847,0,0.0,79118336,77381632
102458073775709,0,9.982031246207768,79118336,77381632
102458174000794,0,0.0,79118336,77381632
102458274226102,0,9.978611445259988,79118336,77381632
102458374440631,0,0.0,79118336,77381632
102458474656049,0,9.978506297275956,79118336,77381632
102458574851560,0,0.0,79118336,77381632
102458675094960,0,9.975630631470377,79118336,77381632
102458775305767,0,0.0,79118336,77381632
102458875485056,0,9.98205157333306,79118336,77381632
102458975727511,0,9.97581493409996,79118336,77381632
102459075968004,0,0.0,79118336,77381632
102459176162607,0,9.980627203247693,79118336,77381632
102459276337100,0,0.0,79118336,77381632
102459376507499,0,0.0,79118336,77381632
102459476675251,0,9.983195684926859,79118336,77381632
102459576881966,0,9.979437568976815,79118336,77381632
102459677063551,0,9.981687994364346,79118336,77381632
102459777282118,0,0.0,79118336,77381632
102459877468555,0,9.981285787040871,79118336,77381632
102459977705510,0,0.0,79118336,77381632
102460077899762,0,9.98053137673736,79118336,77381632
102460178157569,0,0.0,79118336,77381632
102460278400562,0,0.0,79118336,77381632
102460378616332,0,9.978519242143776,79118336,77381632
102460478818454,0,9.979787934370181,79118336,77381632
102460579025687,0,0.0,79118336,77381632
102460680147253,0,0.0,79118336,77381632
102460780705875,0,9.944618420296525,79118336,77381632
102460880929738,0,0.0,79118336,77381632
102460981139490,0,9.979162710072648,79118336,77381632
102461081354038,0,0.0,79118336,77381632
102461181566882,0,9.978764391080242,79118336,77381632
102461281815727,0,9.97515896164078,79118336,77381632
102461382019627,0,0.0,79118336,77381632
102461482222119,0,9.979780564608939,79118336,77381632
102461582475371,0,0.0,79118336,77381632
102461682685179,0,9.979024390754983,79118336,77381632
102461782897579,0,0.0,79118336,77381632
102461883083609,0,9.981348552918485,79118336,77381632
102461983328879,0,9.975593812018753,79118336,77381632
102462083545538,0,0.0,79118336,77381632
102462183766661,0,0.0,79118336,77381632
102462283958135,0,9.980831912684627,79118336,77381632
102462384170776,0,0.0,79118336,77381632
102462484406083,0,0.0,79118336,77381632
102462584631298,0,9.977604666897726,79118336,77381632
102462684846791,0,9.978375363833056,79118336,77381632
102462785171098,0,9.967764250958188,79118336,77381632
102462885416554,0,0.0,79118336,77381632
102462985623510,0,0.0,79118336,77381632
102463085814151,0,0.0,79118336,77381632
102463186113143,0,9.97024698893318,79118336,77381632
102463286350173,0,9.976318017382997,79118336,77381632
102463386575943,0,9.97759730036245,79118336,77381632
102463486760788,0,0.0,79118336,77381632
102463587041892,0,9.972066048944036,79118336,77381632
102463687241274,0,0.0,79118336,77381632
102463787460230,0,9.978216754749868,79118336,77381632
102463887672759,0,0.0,79118336,77381632
102463987890789,0,9.97831452904104,79118336,77381632
102464088083634,0,0.0,79118336,77381632
102464188311534,0,0.0,79118336,77381632
102464288510194,0,9.980092311390473,79118336,77381632
102464389926963,0,9.86026797316726,79118336,77381632
102464490478567,0,0.0,79118336,77381632
102464590761634,0,9.971848772767181,79118336,77381632
102464690961682,0,0.0,79118336,77381632
102464791168879,0,0.0,79118336,77381632
102464891346853,0,9.982116139575746,79118336,77381632
102464991561013,0,0.0,79118336,77381632
102465091764913,0,9.979649597723403,79118336,77381632
102465192017943,0,9.974733202545934,79118336,77381632
102465292257843,0,0.0,79118336,77381632
102465392487318,0,0.0,79118336,77381632
102465492683144,0,9.98042240364192,79118336,77381632
102465592886674,0,9.979730767913935,79118336,77381632
102465693081797,0,0.0,79118336,77381632
102465793331271,0,9.975120254635316,79118336,77381632
102465893568672,0,9.976332746690188,79118336,77381632
102465993778053,0,0.0,79118336,77381632
102466093958713,0,0.0,79118336,77381632
102466194164540,0,9.979498317464616,79118336,77381632
102466294359162,0,9.980503586406106,79118336,77381632
102466394632137,0,0.0,79118336,77381632
102466494838204,0,9.979389565467235,79118336,77381632
102466595047882,0,0.0,79118336,77381632
102466695247208,0,0.0,79118336,77381632
102466795457202,0,9.979164602641216,79118336,77381632
102466895641102,0,9.981494210362003,79118336,77381632
102466995897984,0,0.0,79118336,77381632
102467096174273,0,0.0,79118336,77381632
102467196411377,0,9.976478356271857,79118336,77381632
102467296605945,0,0.0,79118336,77381632
102467396812808,0,9.979360088840979,79118336,77381632
102467496991060,0,9.982228638417725,79118336,77381632
102467597182035,0,0.0,79118336,77381632
102467697361380,0,0.0,79118336,77381632
102467797540225,0,9.98217881584273,79118336,77381632
102467897725885,0,0.0,79118336,77381632
102467997894656,0,9.983066523892717,79118336,77381632
102468098212038,0,9.968391625151474,79118336,77381632
102468198442809,0,0.0,79118336,77381632
102468298724654,0,9.971920566683714,79118336,77381632
102468398928758,0,0.0,79118336,77381632
102468499121937,0,9.980730504222656,79118336,77381632
102468599300411,0,0.0,79118336,77381632
102468699503516,0,0.0,79118336,77381632
102468799712842,0,9.979063126616197,79118336,77381632
102468899938076,0,9.977564050399613,79118336,77381632
102469000165866,0,0.0,79118336,77381632
102469100389692,0,9.977785358348333,79118336,77381632
102469200568334,0,0.0,79118336,77381632
102469300760401,0,9.98093710823708,79118336,77381632
102469400938783,0,9.982058846400575,79118336,77381632
102469501178332,0,0.0,79118336,77381632
102469601403381,0,0.0,79118336,77381632
102469701639893,0,0.0,79118336,77381632
102469801832109,0,9.980782104047547,79118336,77381632
102469902034528,0,9.979760248182881,79118336,77381632
102470002273317,0,9.9762092347563,79118336,77381632
102470102492163,0,0.0,79118336,77381632
102470202700174,0,0.0,79118336,77381632
102470302940705,0,0.0,79118336,77381632
102470403177031,0,19.95483323434668,79118336,77381632
102470503386321,0,0.0,79118336,77381632
102470603572333,0,9.981381728076748,79118336,77381632
102470703792215,0,0.0,79118336,77381632
102470804008468,0,0.0,79118336,77381632
102470904209628,0,9.979965020612466,79118336,77381632
102471004395362,0,9.981425963895429,79118336,77381632
102471104607504,0,0.0,79118336,77381632
102471204801442,0,9.980564447893185,79118336,77381632
102471305038713,0,0.0,79118336,77381632
102471405285058,0,0.0,79118336,77381632
102471505504070,0,9.978190966582838,79118336,77381632
102471605718027,0,9.978624190445336,79118336,77381632
102471705921335,0,0.0,79118336,77381632
102471806105180,0,9.981477570915112,79118336,77381632
102471906377396,0,0.0,79118336,77381632
102472006664778,0,9.9713128319761,79118336,77381632
102472106880290,0,0.0,79118336,77381632
102472207063099,0,9.981693473412623,79118336,77381632
102472307297185,0,0.0,79118336,77381632
102472407492919,0,9.980391026428098,79118336,77381632
102472507698153,0,9.979553689984721,79118336,77381632
102472607923776,0,0.0,79118336,77381632
102472708148826,0,0.0,79118336,77381632
102472808336523,0,9.981210072970017,79118336,77381632
102472908541461,0,0.0,79118336,77381632
102473008728066,0,0.0,79118336,77381632
102473108943152,0,19.95704923548002,79118336,77381632
102473209184553,0,0.0,79118336,77381632
102473309396417,0,0.0,79118336,77381632
102473409587929,0,9.980841075728046,79118336,77381632
102473509791200,0,9.979732560698125,79118336,77381632
102473610025379,0,0.0,79118336,77381632
102473710256836,0,9.976883858248943,79118336,77381632
102473810515107,0,0.0,79118336,77381632
102473910780452,0,0.0,79118336,77381632
102474010977002,0,9.980370706066978,79118336,77381632
102474111183366,0,9.979448523589802,79118336,77381632
102474211369785,0,0.0,79118336,77381632
102474311606353,0,0.0,79118336,77381632
102474411926347,0,9.968207598153706,79118336,77381632
102474512192803,0,0.0,79118336,77381632
102474612394593,0,9.979776781902082,79118336,77381632
102474712633587,0,9.9762756183664,79118336,77381632
102474812827340,0,0.0,79118336,77381632
102474913130148,0,9.969797595099543,79118336,77381632
102475013397883,0,0.0,79118336,77381632
102475113601432,0,0.0,79118336,77381632
102475213792963,0,9.980846655323719,79118336,77381632
102475314010623,0,0.0,79118336,77381632
102475414227265,0,9.978432416228369,79118336,77381632
102475515066647,0,9.916643864599202,79134720,77381632
102475615647308,0,0.0,79134720,77381632
102475715867116,0,9.978133718452838,79134720,77381632
102475816079147,0,0.0,79134720,77381632
102475916276770,0,9.980322795046238,79134720,77381632
102476016449616,0,0.0,79134720,77381632
102476116612443,0,0.0,79134720,77381632
102476216806641,0,9.980435252018216,79134720,77381632
102476317032005,0,9.977569626328426,79134720,77381632
