monotonic_ns,queue_pending_windows,process_cpu_percent_one_core,process_rss_bytes,process_lifetime_peak_rss_bytes
104916730550554,0,0.0,159711232,159416320
104916830836176,0,0.0,159727616,159416320
104916931024021,0,0.0,159744000,159416320
104917031178291,0,0.0,159760384,159416320
104917131344562,0,0.0,159760384,159416320
104917231519592,0,0.0,159760384,159416320
104917331680548,0,0.0,159760384,159416320
104917431845707,0,0.0,159760384,159416320
104917532019830,0,0.0,159760384,159416320
104917632181489,0,0.0,159760384,159416320
104917732335890,0,0.0,159760384,159416320
104917832487216,0,0.0,159760384,159416320
104917932670986,0,0.0,159760384,159416320
104918032825998,0,0.0,159760384,159416320
104918132986324,0,0.0,159760384,159416320
104918233152539,0,9.983415249971202,159760384,159416320
104918333313199,0,0.0,159776768,159416320
104918433484784,0,0.0,159776768,159416320
104918533639184,0,0.0,159776768,159416320
104918633794029,0,0.0,159776768,159416320
104918733940707,0,0.0,159776768,159416320
104918834096126,0,0.0,159776768,159416320
104918934235545,0,0.0,159776768,159416320
104919034390260,0,0.0,159776768,159416320
104919134534290,0,0.0,159776768,159416320
104919234699042,0,0.0,159776768,159416320
104919334844035,0,0.0,159776768,159416320
104919434999213,0,0.0,159776768,159416320
104919535153150,0,0.0,159776768,159416320
104919635303977,0,0.0,159776768,159416320
104919735447858,0,0.0,159776768,159416320
104919835599425,0,0.0,159776768,159416320
104919935746696,0,0.0,159776768,159416320
104920035942133,0,9.98051105580317,159776768,159416320
104920136142460,0,0.0,159776768,159416320
104920236373767,0,0.0,159776768,159416320
104920336629371,0,0.0,159776768,159416320
104920436832383,0,0.0,159776768,159416320
104920537037061,0,0.0,159776768,159416320
104920637245035,0,0.0,159776768,159416320
104920737434232,0,0.0,159776768,159416320
104920837633521,0,0.0,159776768,159416320
104920937823995,0,0.0,159776768,159416320
104921038026284,0,0.0,159776768,159416320
104921138233573,0,0.0,159776768,159416320
104921238459640,0,9.97750700792863,159776768,159416320
104921338671429,0,0.0,159776768,159416320
104921438894274,0,0.0,159776768,159416320
104921539120804,0,0.0,159776768,159416320
104921639324723,0,0.0,159776768,159416320
104921739510716,0,0.0,159776768,159416320
104921839708153,0,0.0,159776768,159416320
104921939892572,0,0.0,159776768,159416320
104922040110213,0,0.0,159776768,159416320
104922140361372,0,0.0,159776768,159416320
104922240584106,0,0.0,159776768,159416320
104922340775210,0,0.0,159776768,159416320
104922440979721,0,0.0,159776768,159416320
104922541178196,0,9.980123685276878,159776768,159416320
104922641393355,0,0.0,159776768,159416320
104922741614478,0,0.0,159776768,159416320
104922841820563,0,0.0,159776768,159416320
104922942010649,0,0.0,159776768,159416320
104923042222790,0,0.0,159776768,159416320
104923142421283,0,0.0,159776768,159416320
104923242660572,0,0.0,159776768,159416320
104923342867713,0,0.0,159776768,159416320
104923443096706,0,0.0,159776768,159416320
104923543322254,0,0.0,159776768,159416320
104923643587080,0,0.0,159776768,159416320
104923743784573,0,0.0,159776768,159416320
104923844034122,0,0.0,159776768,159416320
104923944233892,0,9.980001972346319,159776768,159416320
104924044447756,0,0.0,159776768,159416320
104924144639656,0,0.0,159776768,159416320
104924244914112,0,0.0,159776768,159416320
104924345162827,0,9.975216075726824,159776768,159416320
104924445398690,0,0.0,159776768,159416320
104924545586090,0,0.0,159776768,159416320
104924645818213,0,0.0,159776768,159416320
104924746004428,0,0.0,159776768,159416320
104924846200958,0,0.0,159776768,159416320
104924946385599,0,0.0,159776768,159416320
104925046588351,0,0.0,159776768,159416320
104925146778788,0,0.0,159776768,159416320
104925247001707,0,0.0,159776768,159416320
104925347220348,0,0.0,159776768,159416320
104925447424378,0,0.0,159776768,159416320
104925547605390,0,0.0,159776768,159416320
104925647818068,0,9.97884923034129,159776768,159416320
104925748016172,0,0.0,159776768,159416320
104925848223794,0,0.0,159776768,159416320
104925948408621,0,0.0,159776768,159416320
104926048622039,0,0.0,159776768,159416320
104926148829199,0,0.0,159776768,159416320
104926249041896,0,0.0,159776768,159416320
104926349232611,0,0.0,159776768,159416320
104926449438159,0,0.0,159776768,159416320
104926549637226,0,0.0,159776768,159416320
104926649842330,0,0.0,159776768,159416320
104926750025064,0,0.0,159776768,159416320
104926850228316,0,0.0,159776768,159416320
104926950406976,0,9.98211235510014,159776768,159416320
104927050620431,0,0.0,159776768,159416320
104927150863832,0,0.0,159776768,159416320
104927251086602,0,0.0,159776768,159416320
104927351284595,0,0.0,159776768,159416320
104927451498996,0,0.0,159776768,159416320
104927551681415,0,0.0,159776768,159416320
104927651884556,0,0.0,159776768,159416320
104927752112048,0,0.0,159776768,159416320
104927852309875,0,0.0,159776768,159416320
104927952490868,0,0.0,159776768,159416320
104928052691435,0,0.0,159776768,159416320
104928152874872,0,0.0,159776768,159416320
104928253091291,0,9.978484093725038,159776768,159416320
104928353279154,0,0.0,159776768,159416320
104928453484203,0,0.0,159776768,159416320
104928553687862,0,0.0,159776768,159416320
104928653898818,0,0.0,159776768,159416320
104928754079996,0,0.0,159776768,159416320
104928854281878,0,0.0,159776768,159416320
104928954468964,0,0.0,159776768,159416320
104929054667975,0,0.0,159776768,159416320
104929154852968,0,0.0,159776768,159416320
104929255068887,0,0.0,159776768,159416320
104929355251565,0,0.0,159776768,159416320
104929455460910,0,9.979181132937915,159776768,159416320
104929555647958,0,0.0,159776768,159416320
104929655884470,0,0.0,159776768,159416320
104929756067592,0,0.0,159776768,159416320
104929856275233,0,0.0,159776768,159416320
104929956491078,0,0.0,159776768,159416320
104930056699312,0,0.0,159776768,159416320
104930156897582,0,0.0,159776768,159416320
104930257144353,0,0.0,159776768,159416320
104930357355642,0,0.0,159776768,159416320
104930457551228,0,0.0,159776768,159416320
104930557732536,0,0.0,159776768,159416320
104930657930769,0,0.0,159776768,159416320
104930758098188,0,0.0,159776768,159416320
104930858320126,0,0.0,159776768,159416320
104930958527470,0,0.0,159776768,159416320
104931058728760,0,0.0,159776768,159416320
104931158921993,0,9.980677008884058,159776768,159416320
104931259144746,0,0.0,159776768,159416320
104931359349868,0,0.0,159776768,159416320
104931459545991,0,0.0,159776768,159416320
104931559732243,0,0.0,159776768,159416320
104931659934273,0,0.0,159776768,159416320
104931760218062,0,0.0,159776768,159416320
104931860424222,0,0.0,159776768,159416320
104931960630141,0,0.0,159776768,159416320
104932060839226,0,9.979153547209075,159776768,159416320
104932161067552,0,0.0,159776768,159416320
104932261257786,0,0.0,159776768,159416320
104932361432668,0,0.0,159776768,159416320
104932461640716,0,0.0,159776768,159416320
104932561824635,0,0.0,159776768,159416320
104932662005239,0,0.0,159776768,159416320
104932762199306,0,0.0,159776768,159416320
104932862377336,0,0.0,159776768,159416320
104932962546552,0,0.0,159776768,159416320
104933062721934,0,0.0,159776768,159416320
104933162910686,0,0.0,159776768,159416320
104933263090457,0,9.982088440469244,159776768,159416320
104933363259968,0,0.0,159776768,159416320
104933463431091,0,0.0,159776768,159416320
104933563627806,0,0.0,159776768,159416320
104933663828095,0,0.0,159776768,159416320
104933764039551,0,0.0,159776768,159416320
104933864214933,0,0.0,159776768,159416320
104933964389185,0,0.0,159776768,159416320
104934064558030,0,0.0,159776768,159416320
104934164748430,0,0.0,159776768,159416320
104934264996775,0,0.0,159776768,159416320
104934365203361,0,0.0,159776768,159416320
104934465402668,0,0.0,159776768,159416320
104934565588310,0,9.98142227707904,159776768,159416320
104934665799136,0,0.0,159776768,159416320
104934765977221,0,0.0,159776768,159416320
104934866170992,0,0.0,159776768,159416320
104934966357282,0,0.0,159776768,159416320
104935066560904,0,0.0,159776768,159416320
104935166753434,0,0.0,159776768,159416320
104935266963464,0,0.0,159776768,159416320
104935367168624,0,0.0,159776768,159416320
104935467362654,0,0.0,159776768,159416320
104935567541795,0,0.0,159776768,159416320
104935667739084,0,0.0,159776768,159416320
104935767916003,0,9.982285834941234,159776768,159416320
104935868124163,0,0.0,159776768,159416320
104935968305582,0,0.0,159776768,159416320
104936068506760,0,0.0,159776768,159416320
104936168693531,0,0.0,159776768,159416320
104936268893283,0,0.0,159776768,159416320
104936369087980,0,0.0,159776768,159416320
104936469283398,0,0.0,159776768,159416320
104936569456299,0,0.0,159776768,159416320
104936669673421,0,0.0,159776768,159416320
104936769923248,0,0.0,159776768,159416320
104936870132907,0,0.0,159776768,159416320
104936970329308,0,0.0,159776768,159416320
104937070542967,0,0.0,159776768,159416320
104937170751405,0,0.0,159776768,159416320
104937270953731,0,0.0,159776768,159416320
104937371151502,0,0.0,159776768,159416320
104937471376106,0,9.977600984354176,159776768,159416320
104937571579136,0,0.0,159776768,159416320
104937671784444,0,0.0,159776768,159416320
104937771989326,0,0.0,159776768,159416320
104937872195837,0,0.0,159776768,159416320
104937972391460,0,0.0,159776768,159416320
104938072587360,0,0.0,159776768,159416320
104938172842594,0,0.0,159776768,159416320
104938273079143,0,0.0,159776768,159416320
104938373339043,0,0.0,159776768,159416320
104938473563591,0,9.977488491285936,159776768,159416320
104938573830844,0,0.0,159776768,159416320
104938674056688,0,0.0,159776768,159416320
104938774256681,0,0.0,159776768,159416320
104938874460730,0,0.0,159776768,159416320
104938974667445,0,0.0,159776768,159416320
104939074871346,0,9.979431990956696,159776768,159416320
104939175122783,0,0.0,159776768,159416320
104939275347980,0,0.0,159776768,159416320
104939375555862,0,0.0,159776768,159416320
104939475788114,0,0.0,159776768,159416320
104939576127496,0,0.0,159776768,159416320
104939676369174,0,0.0,159776768,159416320
104939776558500,0,0.0,159776768,159416320
104939876760030,0,0.0,159776768,159416320
104939977043801,0,0.0,159776768,159416320
104940077304386,0,9.973961278846394,159776768,159416320
104940177577750,0,0.0,159776768,159416320
104940277798965,0,0.0,159776768,159416320
104940378000273,0,0.0,159776768,159416320
104940478187488,0,0.0,159776768,159416320
104940578384444,0,0.0,159776768,159416320
104940678574289,0,0.0,159776768,159416320
104940778752671,0,0.0,159776768,159416320
104940878927368,0,0.0,159776768,159416320
104940979104083,0,0.0,159776768,159416320
104941079283298,0,0.0,159776768,159416320
104941179491698,0,0.0,159776768,159416320
104941279736580,0,0.0,159776768,159416320
104941379973388,0,0.0,159776768,159416320
104941480204437,0,0.0,159776768,159416320
104941580434263,0,0.0,159776768,159416320
104941680683145,0,0.0,159776768,159416320
104941780927545,0,9.975682180030145,159776768,159416320
104941881153983,0,0.0,159776768,159416320
104941981373716,0,0.0,159776768,159416320
104942081600672,0,0.0,159776768,159416320
104942181859906,0,0.0,159776768,159416320
104942282086566,0,0.0,159776768,159416320
104942382306114,0,0.0,159776768,159416320
104942482526885,0,0.0,159776768,159416320
104942582746008,0,0.0,159776768,159416320
104942682970279,0,0.0,159776768,159416320
104942783195383,0,0.0,159776768,159416320
104942883419431,0,0.0,159776768,159416320
104942983638221,0,0.0,159776768,159416320
104943083860232,0,9.977803777578908,159776768,159416320
104943184098262,0,0.0,159776768,159416320
104943284333533,0,0.0,159776768,159416320
104943384548044,0,0.0,159776768,159416320
104943484767963,0,0.0,159776768,159416320
104943584987771,0,0.0,159776768,159416320
104943685205968,0,0.0,159776768,159416320
104943785424905,0,0.0,159776768,159416320
104943885643139,0,0.0,159776768,159416320
104943985856429,0,0.0,159776768,159416320
104944086072792,0,0.0,159776768,159416320
104944186302544,0,0.0,159776768,159416320
104944286549074,0,9.975168115719082,159776768,159416320
104944386861401,0,0.0,159776768,159416320
104944487107468,0,0.0,159776768,159416320
104944587332590,0,0.0,159776768,159416320
104944687553750,0,0.0,159776768,159416320
104944787771039,0,0.0,159776768,159416320
104944887982643,0,0.0,159776768,159416320
104944988201322,0,0.0,159776768,159416320
104945088415963,0,0.0,159776768,159416320
104945188667622,0,0.0,159776768,159416320
104945288899486,0,0.0,159776768,159416320
104945389124664,0,0.0,159776768,159416320
104945489344231,0,9.97810982288374,159776768,159416320
104945589596502,0,0.0,159776768,159416320
104945689809365,0,0.0,159776768,159416320
104945790024470,0,0.0,159776768,159416320
104945890236870,0,0.0,159776768,159416320
104945990453752,0,0.0,159776768,159416320
104946090672949,0,9.97814486869803,159776768,159416320
104946190906960,0,0.0,159776768,159416320
104946291130490,0,0.0,159776768,159416320
104946391342354,0,0.0,159776768,159416320
104946491561143,0,0.0,159776768,159416320
104946591769618,0,0.0,159776768,159416320
104946691990907,0,0.0,159776768,159416320
104946792216141,0,0.0,159776768,159416320
104946892439986,0,0.0,159776768,159416320
104946992647367,0,0.0,159776768,159416320
104947092865546,0,0.0,159776768,159416320
104947193100594,0,0.0,159776768,159416320
104947293322717,0,9.977870080996729,159776768,159416320
104947393540766,0,0.0,159776768,159416320
104947493758573,0,0.0,159776768,159416320
104947593970363,0,0.0,159776768,159416320
104947694174152,0,0.0,159776768,159416320
104947794399441,0,0.0,159776768,159416320
104947894615083,0,0.0,159776768,159416320
104947994832483,0,0.0,159776768,159416320
104948095053198,0,0.0,159776768,159416320
104948195279266,0,0.0,159776768,159416320
104948295503907,0,0.0,159776768,159416320
104948395720900,0,0.0,159776768,159416320
104948495940411,0,0.0,159776768,159416320
104948596175701,0,9.976506025699466,159776768,159416320
104948696400546,0,0.0,159776768,159416320
104948796614150,0,0.0,159776768,159416320
104948896832161,0,0.0,159776768,159416320
104948997041284,0,0.0,159776768,159416320
104949097245518,0,0.0,159776768,159416320
104949197471789,0,0.0,159776768,159416320
104949297690337,0,0.0,159776768,159416320
104949397908367,0,0.0,159776768,159416320
104949498126305,0,0.0,159776768,159416320
104949598340335,0,0.0,159776768,159416320
104949698558291,0,0.0,159776768,159416320
104949798762673,0,9.979575801194603,159776768,159416320
104949898983129,0,0.0,159776768,159416320
104949999215974,0,0.0,159776768,159416320
104950099431097,0,0.0,159776768,159416320
104950199660145,0,0.0,159776768,159416320
104950299883731,0,0.0,159776768,159416320
104950400115891,0,0.0,159776768,159416320
104950500331606,0,0.0,159776768,159416320
104950600548451,0,0.0,159776768,159416320
104950700767833,0,0.0,159776768,159416320
104950800997548,0,0.0,159776768,159416320
104950901216578,0,0.0,159776768,159416320
104951001440034,0,0.0,159776768,159416320
104951101668138,0,0.0,159776768,159416320
104951201908131,0,0.0,159776768,159416320
104951302127643,0,0.0,159776768,159416320
104951402354581,0,0.0,159776768,159416320
104951502575425,0,9.978006577598492,159776768,159416320
104951602785456,0,0.0,159776768,159416320
104951703000504,0,0.0,159776768,159416320
104951803215294,0,0.0,159776768,159416320
104951903469435,0,0.0,159776768,159416320
104952003694113,0,0.0,159776768,159416320
104952103917125,0,0.0,159776768,159416320
104952204153896,0,0.0,159776768,159416320
104952304379796,0,0.0,159776768,159416320
104952404598956,0,0.0,159776768,159416320
104952504821801,0,0.0,159776768,159416320
104952605035886,0,0.0,159776768,159416320
104952705249861,0,0.0,159776768,159416320
104952805465261,0,0.0,159776768,159416320
104952905689717,0,0.0,159776768,159416320
104953005906507,0,0.0,159776768,159416320
104953106121481,0,9.978543138228904,159776768,159416320
104953206347271,0,0.0,159776768,159416320
104953306574671,0,0.0,159776768,159416320
104953406785831,0,0.0,159776768,159416320
104953507009694,0,0.0,159776768,159416320
104953607281706,0,0.0,159776768,159416320
104953707534792,0,0.0,159776768,159416320
104953807791526,0,0.0,159776768,159416320
104953908027204,0,0.0,159776768,159416320
104954008251326,0,0.0,159776768,159416320
104954108466671,0,0.0,159776768,159416320
104954208688257,0,0.0,159776768,159416320
104954308908584,0,9.977997318341188,159776768,159416320
104954409132280,0,0.0,159776768,159416320
104954509358385,0,0.0,159776768,159416320
104954609589304,0,0.0,159776768,159416320
104954709813389,0,0.0,159776768,159416320
104954810028123,0,0.0,159776768,159416320
104954910239320,0,0.0,159776768,159416320
104955010452924,0,0.0,159776768,159416320
104955110662158,0,0.0,159776768,159416320
104955210888910,0,0.0,159776768,159416320
104955311113126,0,0.0,159776768,159416320
104955411327971,0,0.0,159776768,159416320
104955511529316,0,9.979826679056472,159776768,159416320
104955611742957,0,0.0,159776768,159416320
104955711958394,0,9.978513566625502,159776768,159416320
104955812183739,0,0.0,159776768,159416320
104955912395066,0,0.0,159776768,159416320
104956012606244,0,0.0,159776768,159416320
104956112820348,0,0.0,159776768,159416320
104956213036527,0,0.0,159776768,159416320
104956313248001,0,0.0,159776768,159416320
104956413460698,0,0.0,159776768,159416320
104956513670321,0,0.0,159776768,159416320
104956613874147,0,0.0,159776768,159416320
104956714086455,0,0.0,159776768,159416320
104956814294393,0,0.0,159776768,159416320
104956915631626,0,0.0,159776768,159416320
104957015884304,0,0.0,159776768,159416320
104957116195093,0,0.0,159776768,159416320
104957216435142,0,0.0,159776768,159416320
104957316662005,0,0.0,159776768,159416320
104957416882202,0,0.0,159776768,159416320
104957517103010,0,0.0,159776768,159416320
104957617318114,0,0.0,159776768,159416320
104957717532311,0,9.978639026543043,159776768,159416320
104957817748082,0,0.0,159776768,159416320
104957917954501,0,0.0,159776768,159416320
104958018154309,0,0.0,159776768,159416320
104958118372469,0,0.0,159776768,159416320
104958218594129,0,0.0,159776768,159416320
104958318812492,0,0.0,159776768,159416320
104958419023837,0,0.0,159776768,159416320
104958519238460,0,0.0,159776768,159416320
104958619458823,0,0.0,159776768,159416320
104958719676002,0,0.0,159776768,159416320
104958819888624,0,0.0,159776768,159416320
104958920115284,0,9.977416615724936,159776768,159416320
104959020324814,0,0.0,159776768,159416320
104959120533715,0,0.0,159776768,159416320
104959220751004,0,0.0,159776768,159416320
104959320960960,0,0.0,159776768,159416320
104959421160157,0,0.0,159776768,159416320
104959521368817,0,0.0,159776768,159416320
104959621620588,0,0.0,159776768,159416320
104959721834581,0,0.0,159776768,159416320
104959822044908,0,0.0,159776768,159416320
104959922253790,0,0.0,159776768,159416320
104960022464190,0,0.0,159776768,159416320
104960122676702,0,9.97866860033905,159776768,159416320
104960222930732,0,0.0,159776768,159416320
104960323167095,0,0.0,159776768,159416320
104960423390903,0,0.0,159776768,159416320
104960523611452,0,0.0,159776768,159416320
104960623832242,0,0.0,159776768,159416320
104960724052346,0,0.0,159776768,159416320
104960824259895,0,0.0,159776768,159416320
104960924471128,0,0.0,159776768,159416320
104961024683325,0,0.0,159776768,159416320
104961124900152,0,0.0,159776768,159416320
104961225125756,0,0.0,159776768,159416320
104961325345656,0,0.0,159776768,159416320
104961425560724,0,9.978561560257127,159776768,159416320
104961525776661,0,0.0,159776768,159416320
104961625986266,0,0.0,159776768,159416320
104961726214462,0,0.0,159776768,159416320
104961826426789,0,0.0,159776768,159416320
104961926632912,0,0.0,159776768,159416320
104962026921053,0,0.0,159776768,159416320
104962127249213,0,0.0,159776768,159416320
104962227540002,0,9.971018237965977,159776768,159416320
104962327816736,0,0.0,159776768,159416320
104962428101673,0,0.0,159776768,159416320
104962528361889,0,0.0,159776768,159416320
104962628598104,0,0.0,159776768,159416320
104962728829727,0,0.0,159776768,159416320
104962829089924,0,0.0,159776768,159416320
104962929369009,0,0.0,159776768,159416320
104963029639003,0,0.0,159776768,159416320
104963129907088,0,0.0,159776768,159416320
104963230160100,0,0.0,159776768,159416320
104963330419630,0,0.0,159776768,159416320
104963430663290,0,9.975776122083191,159776768,159416320
104963530899709,0,0.0,159776768,159416320
104963631130647,0,0.0,159776768,159416320
104963731356547,0,0.0,159776768,159416320
104963831580022,0,0.0,159776768,159416320
104963931828515,0,0.0,159776768,159416320
104964032044212,0,0.0,159776768,159416320
104964132336427,0,0.0,159776768,159416320
104964232654346,0,9.968483642644681,159776768,159416320
104964332943858,0,0.0,159776768,159416320
104964433202221,0,0.0,159776768,159416320
104964533439770,0,0.0,159776768,159416320
104964633616152,0,0.0,159776768,159416320
104964733797979,0,0.0,159776768,159416320
104964833953046,0,0.0,159776768,159416320
104964934093743,0,0.0,159776768,159416320
104965034233958,0,0.0,159776768,159416320
104965134424729,0,0.0,159776768,159416320
104965234621870,0,0.0,159776768,159416320
104965334797623,0,0.0,159776768,159416320
104965434956098,0,0.0,159776768,159416320
104965535112665,0,0.0,159776768,159416320
104965635262658,0,0.0,159776768,159416320
104965735410429,0,9.985228054119563,159776768,159416320
104965835559311,0,0.0,159776768,159416320
104965935709619,0,0.0,159776768,159416320
104966035859816,0,0.0,159776768,159416320
104966136005569,0,0.0,159776768,159416320
104966236167969,0,0.0,159776768,159416320
104966336325944,0,0.0,159776768,159416320
104966436477289,0,0.0,159776768,159416320
104966536628060,0,0.0,159776768,159416320
104966636784313,0,0.0,159776768,159416320
104966736931380,0,0.0,159776768,159416320
104966837072688,0,0.0,159776768,159416320
104966937207570,0,0.0,159776768,159416320
104967037350286,0,0.0,159776768,159416320
104967137519186,0,0.0,159776768,159416320
104967237685457,0,0.0,159776768,159416320
104967337845525,0,0.0,159776768,159416320
104967437998851,0,0.0,159776768,159416320
104967538154567,0,9.984447127171592,159776768,159416320
104967638306393,0,0.0,159776768,159416320
104967738458220,0,0.0,159776768,159416320
104967838609417,0,0.0,159776768,159416320
104967938763743,0,0.0,159776768,159416320
104968038908311,0,0.0,159776768,159416320
104968139059878,0,0.0,159776768,159416320
104968239222649,0,0.0,159776768,159416320
104968339396901,0,0.0,159776768,159416320
104968439549358,0,0.0,159776768,159416320
104968539697388,0,0.0,159776768,159416320
104968639851196,0,0.0,159776768,159416320
104968740005856,0,0.0,159776768,159416320
104968840160312,0,0.0,159776768,159416320
104968940315935,0,0.0,159776768,159416320
104969040470132,0,0.0,159776768,159416320
104969140644384,0,0.0,159776768,159416320
104969240815007,0,0.0,159776768,159416320
104969340981704,0,9.98324173232286,159776768,159416320
104969441224309,0,0.0,159776768,159416320
104969541514431,0,0.0,159776768,159416320
104969641715554,0,0.0,159776768,159416320
104969741900103,0,0.0,159776768,159416320
104969842075615,0,0.0,159776768,159416320
104969942256164,0,0.0,159776768,159416320
104970042445323,0,0.0,159776768,159416320
104970142657039,0,0.0,159776768,159416320
104970242887588,0,0.0,159776768,159416320
104970343117377,0,0.0,159776768,159416320
104970443330407,0,0.0,159776768,159416320
104970543515493,0,9.981435229517173,159776768,159416320
104970643736153,0,0.0,159776768,159416320
104970743955480,0,0.0,159776768,159416320
104970844181825,0,0.0,159776768,159416320
104970944396818,0,0.0,159776768,159416320
104971044610959,0,0.0,159776768,159416320
104971144827026,0,0.0,159776768,159416320
104971245043353,0,0.0,159776768,159416320
104971345254309,0,0.0,159776768,159416320
104971445467580,0,0.0,159776768,159416320
104971545712129,0,0.0,159776768,159416320
104971645919493,0,0.0,159776768,159416320
104971746125152,0,0.0,159776768,159416320
104971846332923,0,0.0,159776768,159416320
104971946555046,0,0.0,159776768,159416320
104972046856669,0,0.0,159776768,159416320
104972147121792,0,9.973589137779248,159776768,159416320
104972247377415,0,0.0,159776768,159416320
104972347617741,0,0.0,159776768,159416320
104972447879438,0,0.0,159776768,159416320
104972548114005,0,0.0,159776768,159416320
104972648333925,0,0.0,159776768,159416320
104972748554251,0,0.0,159776768,159416320
104972848774726,0,0.0,159776768,159416320
104972948996386,0,9.977873865154047,159776768,159416320
104973049225120,0,0.0,159776768,159416320
104973149446039,0,0.0,159776768,159416320
104973249676217,0,0.0,159776768,159416320
104973349901173,0,0.0,159776768,159416320
104973450131852,0,0.0,159776768,159416320
104973550356049,0,0.0,159776768,159416320
104973650584931,0,0.0,159776768,159416320
104973750804980,0,0.0,159776768,159416320
104973851021177,0,0.0,159776768,159416320
104973951244503,0,0.0,159776768,159416320
104974051460774,0,0.0,159776768,159416320
104974151676915,0,9.978391891515138,159776768,159416320
104974251936223,0,0.0,159776768,159416320
104974352250494,0,0.0,159776768,159416320
104974452527562,0,0.0,159776768,159416320
104974552785740,0,0.0,159776768,159416320
104974653035863,0,0.0,159776768,159416320
104974753282134,0,0.0,159776768,159416320
104974853516442,0,0.0,159776768,159416320
104974953785324,0,0.0,159776768,159416320
104975054013151,0,0.0,159776768,159416320
104975154253310,0,0.0,159776768,159416320
104975254497285,0,0.0,159776768,159416320
104975354721630,0,9.977628560051375,159776768,159416320
104975454950994,0,0.0,159776768,159416320
104975555175024,0,0.0,159776768,159416320
104975655396110,0,0.0,159776768,159416320
104975755615011,0,0.0,159776768,159416320
104975855850059,0,0.0,159776768,159416320
104975956115553,0,0.0,159776768,159416320
104976056341416,0,0.0,159776768,159416320
104976156607965,0,0.0,159776768,159416320
104976256842032,0,0.0,159776768,159416320
104976357062766,0,0.0,159776768,159416320
104976457284056,0,0.0,159776768,159416320
104976557499419,0,9.97851914216846,159776768,159416320
104976657715616,0,0.0,159776768,159416320
104976757933165,0,0.0,159776768,159416320
104976858157010,0,0.0,159776768,159416320
104976958371522,0,0.0,159776768,159416320
104977058597645,0,0.0,159776768,159416320
104977158827008,0,0.0,159776768,159416320
104977259075983,0,0.0,159776768,159416320
104977359306976,0,0.0,159776768,159416320
104977459534099,0,0.0,159776768,159416320
104977559761222,0,0.0,159776768,159416320
104977659981827,0,0.0,159776768,159416320
104977760200709,0,0.0,159776768,159416320
104977860426461,0,0.0,159776768,159416320
104977960647436,0,0.0,159776768,159416320
104978060875448,0,0.0,159776768,159416320
104978161101515,0,9.977383368413179,159776768,159416320
104978261397656,0,0.0,159776768,159416320
104978361624335,0,0.0,159776768,159416320
104978461845661,0,0.0,159776768,159416320
104978562083581,0,0.0,159776768,159416320
104978662330722,0,0.0,159776768,159416320
104978762598271,0,0.0,159776768,159416320
104978862829171,0,0.0,159776768,159416320
104978963055850,0,0.0,159776768,159416320
104979063270880,0,0.0,159776768,159416320
104979163505577,0,0.0,159776768,159416320
104979263733478,0,0.0,159776768,159416320
104979363951027,0,9.978305267761975,159776768,159416320
104979464183186,0,0.0,159776768,159416320
104979564434309,0,0.0,159776768,159416320
104979664657377,0,0.0,159776768,159416320
104979764877888,0,0.0,159776768,159416320
104979865094178,0,0.0,159776768,159416320
104979965315745,0,0.0,159776768,159416320
104980065542072,0,0.0,159776768,159416320
104980165800436,0,0.0,159776768,159416320
104980266113836,0,9.96896213351713,159776768,159416320
104980366416533,0,0.0,159776768,159416320
104980466673212,0,0.0,159776768,159416320
104980566927501,0,0.0,159776768,159416320
104980667210179,0,0.0,159776768,159416320
104980767494858,0,0.0,159776768,159416320
104980867791629,0,0.0,159776768,159416320
104980968128863,0,0.0,159776768,159416320
104981068414041,0,0.0,159776768,159416320
104981168700775,0,0.0,159776768,159416320
104981268961713,0,9.974016589937223,159776768,159416320
104981369195114,0,0.0,159776768,159416320
104981469429866,0,0.0,159776768,159416320
104981569656730,0,0.0,159776768,159416320
104981669892167,0,0.0,159776768,159416320
104981770130327,0,0.0,159776768,159416320
104981870358191,0,0.0,159776768,159416320
104981970582869,0,0.0,159776768,159416320
104982070873733,0,0.0,159776768,159416320
104982171233134,0,0.0,159776768,159416320
104982271511497,0,0.0,159776768,159416320
104982371756750,0,9.97559371210227,159776768,159416320
104982471978187,0,0.0,159776768,159416320
104982572200829,0,0.0,159776768,159416320
104982672416619,0,0.0,159776768,159416320
104982772637315,0,0.0,159776768,159416320
104982872852383,0,0.0,159776768,159416320
104982973156321,0,0.0,159776768,159416320
104983073388018,0,0.0,159776768,159416320
104983173624752,0,0.0,159776768,159416320
104983273883745,0,0.0,159776768,159416320
104983374104386,0,0.0,159776768,159416320
104983474322898,0,0.0,159776768,159416320
104983574584039,0,0.0,159776768,159416320
104983674814607,0,0.0,159776768,159416320
104983775034063,0,0.0,159776768,159416320
104983875252260,0,0.0,159776768,159416320
104983975466364,0,9.978622398061118,159776768,159416320
104984075676228,0,0.0,159776768,159416320
104984175913629,0,0.0,159776768,159416320
104984276243474,0,0.0,159776768,159416320
104984376543430,0,0.0,159776768,159416320
104984476791146,0,0.0,159776768,159416320
104984577043139,0,0.0,159776768,159416320
104984677282336,0,0.0,159776768,159416320
104984777515940,0,0.0,159776768,159416320
104984877739211,0,0.0,159776768,159416320
104984977967779,0,0.0,159776768,159416320
104985078194031,0,0.0,159776768,159416320
104985178425228,0,0.0,159776768,159416320
104985278652147,0,9.977363158803309,159776768,159416320
104985378880659,0,0.0,159776768,159416320
104985479112097,0,0.0,159776768,159416320
104985579338516,0,0.0,159776768,159416320
104985679555935,0,0.0,159776768,159416320
104985779767318,0,0.0,159776768,159416320
104985879978533,0,0.0,159776768,159416320
104985980197564,0,0.0,159776768,159416320
104986080416242,0,0.0,159776768,159416320
104986180648939,0,0.0,159776768,159416320
104986280881506,0,9.976804627478984,159776768,159416320
104986381098537,0,0.0,159776768,159416320
104986481309345,0,0.0,159776768,159416320
104986581521375,0,0.0,159776768,159416320
104986681731350,0,0.0,159776768,159416320
104986781929640,0,0.0,159776768,159416320
104986882126374,0,0.0,159776768,159416320
104986982324997,0,9.980178964726736,159776768,159416320
104987082523823,0,0.0,159776768,159416320
104987182753446,0,0.0,159776768,159416320
104987282975125,0,0.0,159776768,159416320
104987383200970,0,0.0,159776768,159416320
104987483430871,0,0.0,159776768,159416320
104987583653549,0,0.0,159776768,159416320
104987683867913,0,0.0,159776768,159416320
104987784107758,0,0.0,159776768,159416320
104987884325270,0,0.0,159776768,159416320
104987984544522,0,0.0,159776768,159416320
104988084760571,0,0.0,159776768,159416320
104988184985268,0,0.0,159776768,159416320
104988285203095,0,0.0,159776768,159416320
104988385418181,0,0.0,159776768,159416320
104988485630508,0,9.978928495036303,159776768,159416320
104988585838168,0,0.0,159776768,159416320
104988686054087,0,0.0,159776768,159416320
104988786302265,0,0.0,159776768,159416320
104988886511185,0,0.0,159776768,159416320
104988986720882,0,0.0,159776768,159416320
104989086927912,0,0.0,159776768,159416320
104989187150794,0,0.0,159776768,159416320
104989287366158,0,0.0,159776768,159416320
104989387577096,0,0.0,159776768,159416320
104989487790552,0,0.0,159776768,159416320
104989588009805,0,0.0,159776768,159416320
104989688212853,0,9.979800784012031,159776768,159416320
104989788421254,0,0.0,159776768,159416320
104989888630099,0,0.0,159776768,159416320
104989988860908,0,0.0,159776768,159416320
104990089071401,0,0.0,159776768,159416320
104990189300746,0,0.0,159776768,159416320
104990289523480,0,0.0,159776768,159416320
104990389742214,0,0.0,159776768,159416320
104990489954763,0,0.0,159776768,159416320
104990590169275,0,0.0,159776768,159416320
104990690383231,0,0.0,159776768,159416320
104990790595873,0,0.0,159776768,159416320
104990890801607,0,0.0,159776768,159416320
104990991029359,0,9.977300444490062,159776768,159416320
104991091244242,0,0.0,159776768,159416320
104991191469198,0,0.0,159776768,159416320
104991291693117,0,0.0,159776768,159416320
104991391911555,0,0.0,159776768,159416320
104991492132660,0,0.0,159776768,159416320
104991592347838,0,0.0,159776768,159416320
104991692558443,0,0.0,159776768,159416320
104991792766436,0,0.0,159776768,159416320
104991892976448,0,0.0,159776768,159416320
104991993186200,0,0.0,159776768,159416320
104992093394009,0,0.0,159776768,159416320
104992193616465,0,9.977875657269147,159776768,159416320
104992293827310,0,0.0,159776768,159416320
104992394038822,0,0.0,159776768,159416320
104992494268093,0,0.0,159776768,159416320
104992594491790,0,0.0,159776768,159416320
104992694706154,0,0.0,159776768,159416320
104992794920499,0,0.0,159776768,159416320
104992895127733,0,0.0,159776768,159416320
104992995342875,0,0.0,159776768,159416320
104993095562109,0,0.0,159776768,159416320
104993195818769,0,0.0,159776768,159416320
104993296045855,0,0.0,159776768,159416320
104993396274459,0,0.0,159776768,159416320
104993496489786,0,0.0,159776768,159416320
104993596704538,0,0.0,159776768,159416320
104993696918754,0,9.97864818701146,159776768,159416320
104993797134525,0,0.0,159776768,159416320
104993897345574,0,0.0,159776768,159416320
104993997561364,0,0.0,159776768,159416320
104994097792931,0,0.0,159776768,159416320
104994198021591,0,0.0,159776768,159416320
104994298242492,0,0.0,159776768,159416320
104994398460337,0,0.0,159776768,159416320
104994498674368,0,0.0,159776768,159416320
104994598885379,0,0.0,159776768,159416320
104994699094410,0,0.0,159776768,159416320
104994799303940,0,0.0,159776768,159416320
104994899512674,0,0.0,159776768,159416320
104994999733760,0,0.0,159776768,159416320
104995099945976,0,0.0,159776768,159416320
104995200169617,0,0.0,159776768,159416320
104995300398759,0,0.0,159776768,159416320
104995400611567,0,9.978716395499275,159776768,159416320
104995500826468,0,0.0,159776768,159416320
104995601037591,0,0.0,159776768,159416320
104995701247344,0,0.0,159776768,159416320
104995801452689,0,0.0,159776768,159416320
104995901656867,0,0.0,159776768,159416320
104996001871509,0,0.0,159776768,159416320
104996102087891,0,0.0,159776768,159416320
104996202316107,0,0.0,159776768,159416320
104996302530526,0,0.0,159776768,159416320
104996402744371,0,0.0,159776768,159416320
104996502957605,0,0.0,159776768,159416320
104996603169691,0,9.978756922850772,159776768,159416320
104996703384018,0,0.0,159776768,159416320
104996803594604,0,0.0,159776768,159416320
104996903804505,0,0.0,159776768,159416320
104997004030535,0,0.0,159776768,159416320
104997104311343,0,0.0,159776768,159416320
104997204535689,0,0.0,159776768,159416320
104997304762589,0,0.0,159776768,159416320
104997404983472,0,0.0,159776768,159416320
104997505215206,0,0.0,159776768,159416320
104997605438644,0,0.0,159776768,159416320
104997705662230,0,0.0,159776768,159416320
104997805885704,0,9.977667286525334,159776768,159416320
104997906150031,0,0.0,159776768,159416320
104998006379988,0,0.0,159776768,159416320
104998106606703,0,0.0,159776768,159416320
104998206834493,0,0.0,159776768,159416320
104998307034820,0,0.0,159776768,159416320
104998407255572,0,0.0,159776768,159416320
104998507474510,0,0.0,159776768,159416320
104998607697503,0,0.0,159776768,159416320
104998707930163,0,0.0,159776768,159416320
104998808170731,0,0.0,159776768,159416320
104998908397928,0,0.0,159776768,159416320
104999008616514,0,9.978170556658455,159776768,159416320
104999108847915,0,0.0,159776768,159416320
104999209089316,0,0.0,159776768,159416320
104999309318976,0,0.0,159776768,159416320
104999409513636,0,0.0,159776768,159416320
104999509741129,0,0.0,159776768,159416320
104999609966530,0,0.0,159776768,159416320
104999710188912,0,0.0,159776768,159416320
104999810407887,0,0.0,159776768,159416320
104999910630454,0,0.0,159776768,159416320
105000010844578,0,0.0,159776768,159416320
105000111071071,0,0.0,159776768,159416320
105000211301731,0,9.977005496582597,159776768,159416320
105000311540687,0,0.0,159776768,159416320
105000411762033,0,0.0,159776768,159416320
105000511980952,0,0.0,159776768,159416320
105000612202871,0,0.0,159776768,159416320
105000712422624,0,0.0,159776768,159416320
105000812639321,0,0.0,159776768,159416320
105000912851463,0,0.0,159776768,159416320
105001013064067,0,0.0,159776768,159416320
105001113284375,0,0.0,159776768,159416320
105001213513554,0,0.0,159776768,159416320
105001313786695,0,0.0,159776768,159416320
105001414011781,0,9.97759361637411,159776768,159416320
105001514232923,0,0.0,159776768,159416320
105001614454713,0,0.0,159776768,159416320
105001714670150,0,0.0,159776768,159416320
105001814897885,0,0.0,159776768,159416320
105001915093193,0,0.0,159776768,159416320
105002015314001,0,0.0,159776768,159416320
105002115555124,0,0.0,159776768,159416320
105002215800840,0,0.0,159776768,159416320
105002316032000,0,0.0,159776768,159416320
105002416250419,0,0.0,159776768,159416320
105002516483246,0,0.0,159776768,159416320
105002616716387,0,9.976740128479353,159776768,159416320
105002716961603,0,0.0,159776768,159416320
105002817261208,0,0.0,159776768,159416320
105002917524164,0,0.0,159776768,159416320
105003017756954,0,0.0,159776768,159416320
105003117991299,0,0.0,159776768,159416320
105003218224274,0,0.0,159776768,159416320
105003318460952,0,0.0,159776768,159416320
105003418687853,0,0.0,159776768,159416320
105003518913569,0,0.0,159776768,159416320
105003619137136,0,0.0,159776768,159416320
105003719361815,0,0.0,159776768,159416320
105003819576068,0,9.978618614785427,159776768,159416320
105003919804635,0,0.0,159776768,159416320
105004020020073,0,0.0,159776768,159416320
105004120231437,0,0.0,159776768,159416320
105004220456689,0,0.0,159776768,159416320
105004320806275,0,0.0,159776768,159416320
105004421100195,0,0.0,159776768,159416320
105004521346818,0,0.0,159776768,159416320
105004621590107,0,0.0,159776768,159416320
105004721834027,0,0.0,159776768,159416320
105004822062279,0,0.0,159776768,159416320
105004922285365,0,0.0,159776768,159416320
105005022508562,0,9.97772632281189,159776768,159416320
105005122752148,0,0.0,159776768,159416320
105005222989605,0,0.0,159776768,159416320
105005323224820,0,0.0,159776768,159416320
105005423446240,0,0.0,159776768,159416320
105005523659011,0,0.0,159776768,159416320
105005623876560,0,0.0,159776768,159416320
105005724096424,0,0.0,159776768,159416320
105005824317547,0,0.0,159776768,159416320
105005924537596,0,0.0,159776768,159416320
105006024758978,0,0.0,159776768,159416320
105006124990564,0,0.0,159776768,159416320
105006225226854,0,9.976446906813633,159776768,159416320
105006325469847,0,0.0,159776768,159416320
105006425696433,0,0.0,159776768,159416320
105006525920242,0,0.0,159776768,159416320
105006626127420,0,0.0,159776768,159416320
105006726355006,0,0.0,159776768,159416320
105006826577574,0,0.0,159776768,159416320
105006926798901,0,0.0,159776768,159416320
105007027019931,0,0.0,159776768,159416320
105007127239906,0,0.0,159776768,159416320
105007227466659,0,0.0,159776768,159416320
105007327689837,0,0.0,159776768,159416320
105007427908905,0,0.0,159776768,159416320
105007528134398,0,9.977529007214734,159776768,159416320
105007628350503,0,0.0,159776768,159416320
105007728575126,0,0.0,159776768,159416320
105007828796231,0,0.0,159776768,159416320
105007929014261,0,0.0,159776768,159416320
105008029233588,0,0.0,159776768,159416320
105008129455452,0,0.0,159776768,159416320
105008229678667,0,0.0,159776768,159416320
105008329905383,0,0.0,159776768,159416320
105008430118673,0,0.0,159776768,159416320
105008530340685,0,0.0,159776768,159416320
105008630563160,0,0.0,159776768,159416320
105008730791227,0,9.977204581900347,159776768,159416320
105008831017128,0,0.0,159776768,159416320
105008931240177,0,0.0,159776768,159416320
105009031456541,0,0.0,159776768,159416320
105009131665405,0,0.0,159776768,159416320
105009231902787,0,0.0,159776768,159416320
105009332138373,0,0.0,159776768,159416320
105009432358496,0,0.0,159776768,159416320
105009532572915,0,0.0,159776768,159416320
105009632795816,0,0.0,159776768,159416320
105009733053717,0,0.0,159776768,159416320
105009833269822,0,0.0,159776768,159416320
105009933488482,0,9.978190868060958,159776768,159416320
105010033713883,0,0.0,159776768,159416320
105010133934895,0,0.0,159776768,159416320
105010234184129,0,0.0,159776768,159416320
105010334429030,0,0.0,159776768,159416320
105010434661264,0,0.0,159776768,159416320
105010534889720,0,0.0,159776768,159416320
105010635113362,0,0.0,159776768,159416320
105010735338652,0,0.0,159776768,159416320
105010835562108,0,0.0,159776768,159416320
105010935773009,0,0.0,159776768,159416320
105011035992428,0,0.0,159776768,159416320
105011136256403,0,9.973673790628576,159776768,159416320
105011236485971,0,0.0,159776768,159416320
105011336697964,0,0.0,159776768,159416320
105011436911143,0,0.0,159776768,159416320
105011537127729,0,0.0,159776768,159416320
105011637341686,0,0.0,159776768,159416320
105011737556346,0,9.978592824538971,159776768,159416320
105011837769580,0,0.0,159776768,159416320
105011937985184,0,0.0,159776768,159416320
105012038198826,0,0.0,159776768,159416320
105012138409857,0,0.0,159776768,159416320
105012238632535,0,0.0,159776768,159416320
105012338843936,0,0.0,159776768,159416320
105012439045930,0,0.0,159776768,159416320
105012539253831,0,0.0,159776768,159416320
105012639462491,0,9.979157233799237,159776768,159416320
105012739690484,0,0.0,159776768,159416320
105012839928663,0,0.0,159776768,159416320
105012940175471,0,0.0,159776768,159416320
105013040397687,0,0.0,159776768,159416320
105013140614865,0,0.0,159776768,159416320
105013240841192,0,0.0,159776768,159416320
105013341061001,0,0.0,159776768,159416320
105013441277031,0,0.0,159776768,159416320
105013541489413,0,0.0,159776768,159416320
105013641731333,0,0.0,159776768,159416320
105013741952512,0,0.0,159776768,159416320
105013842153783,0,9.97995755058354,159776768,159416320
105013942364443,0,0.0,159776768,159416320
105014042565603,0,0.0,159776768,159416320
105014142772245,0,0.0,159776768,159416320
105014243060127,0,0.0,159776768,159416320
105014343283102,0,0.0,159776768,159416320
105014443501799,0,0.0,159776768,159416320
105014543705052,0,0.0,159776768,159416320
105014643959694,0,0.0,159776768,159416320
105014744209650,0,0.0,159776768,159416320
105014844436403,0,0.0,159776768,159416320
105014944648859,0,0.0,159776768,159416320
105015044866353,0,0.0,159776768,159416320
105015145090328,0,0.0,159776768,159416320
105015245320303,0,9.97708841560321,159776768,159416320
105015345550333,0,0.0,159776768,159416320
105015445771734,0,0.0,159776768,159416320
105015545994283,0,0.0,159776768,159416320
105015646230129,0,0.0,159776768,159416320
105015746457881,0,0.0,159776768,159416320
105015846680875,0,0.0,159776768,159416320
105015946900776,0,0.0,159776768,159416320
105016047092325,0,0.0,159776768,159416320
105016147308503,0,0.0,159776768,159416320
105016247555867,0,0.0,159776768,159416320
105016347773527,0,0.0,159776768,159416320
105016448015651,0,9.975840708542323,159776768,159416320
105016548240922,0,0.0,159776768,159416320
105016648465026,0,0.0,159776768,159416320
105016748684668,0,0.0,159776768,159416320
105016848935995,0,0.0,159776768,159416320
105016949153877,0,0.0,159776768,159416320
105017049368075,0,0.0,159776768,159416320
105017149593105,0,0.0,159776768,159416320
105017249818876,0,0.0,159776768,159416320
105017350040981,0,0.0,159776768,159416320
105017450260437,0,0.0,159776768,159416320
105017550482838,0,9.977755791236586,159776768,159416320
105017650704702,0,0.0,159776768,159416320
105017750923455,0,0.0,159776768,159416320
105017851150634,0,0.0,159776768,159416320
105017951373072,0,0.0,159776768,159416320
105018051590639,0,0.0,159776768,159416320
105018151807688,0,0.0,159776768,159416320
105018252034515,0,0.0,159776768,159416320
105018352253083,0,0.0,159776768,159416320
105018452466910,0,0.0,159776768,159416320
105018552681699,0,0.0,159776768,159416320
105018652894656,0,9.97871271213305,159776768,159416320
105018753114001,0,0.0,159776768,159416320
105018853330161,0,0.0,159776768,159416320
105018953534396,0,0.0,159776768,159416320
105019053721334,0,0.0,159776768,159416320
105019153938216,0,0.0,159776768,159416320
105019254166117,0,0.0,159776768,159416320
105019354389148,0,0.0,159776768,159416320
105019454601011,0,0.0,159776768,159416320
105019554815357,0,0.0,159776768,159416320
105019655034924,0,0.0,159776768,159416320
105019755247529,0,0.0,159776768,159416320
105019855463912,0,0.0,159776768,159416320
105019955680553,0,0.0,159776768,159416320
105020055887639,0,0.0,159776768,159416320
105020156080892,0,9.980577398105522,159776768,159416320
105020256307756,0,0.0,159776768,159416320
105020356531361,0,0.0,159776768,159416320
105020456746150,0,0.0,159776768,159416320
105020556991292,0,0.0,159776768,159416320
105020657205767,0,0.0,159776768,159416320
105020757424501,0,0.0,159776768,159416320
105020857638884,0,0.0,159776768,159416320
105020957849451,0,0.0,159776768,159416320
105021058067038,0,0.0,159776768,159416320
105021158280938,0,0.0,159776768,159416320
105021258503228,0,0.0,159776768,159416320
105021358717370,0,0.0,159776768,159416320
105021458927678,0,0.0,159776768,159416320
105021559138357,0,0.0,159776768,159416320
105021659357999,0,9.978036047677971,159776768,159416320
105021759586381,0,0.0,159776768,159416320
105021859801764,0,0.0,159776768,159416320
105021960018850,0,0.0,159776768,159416320
105022060247380,0,0.0,159776768,159416320
105022160494189,0,0.0,159776768,159416320
105022260730089,0,0.0,159776768,159416320
105022360943620,0,0.0,159776768,159416320
105022461155447,0,0.0,159776768,159416320
105022561368626,0,0.0,159776768,159416320
105022661582934,0,0.0,159776768,159416320
105022761800761,0,9.978351268604246,159776768,159416320
105022862013829,0,0.0,159776768,159416320
105022962228267,0,0.0,159776768,159416320
105023062435149,0,0.0,159776768,159416320
105023162667031,0,0.0,159776768,159416320
105023262902432,0,9.97650781877161,159776768,159416320
105023363122037,0,0.0,159776768,159416320
105023463332234,0,0.0,159776768,159416320
105023563549802,0,0.0,159776768,159416320
105023663756684,0,0.0,159776768,159416320
105023763959807,0,0.0,159776768,159416320
105023864171486,0,0.0,159776768,159416320
105023964368961,0,0.0,159776768,159416320
105024064571455,0,0.0,159776768,159416320
105024164783745,0,0.0,159776768,159416320
105024264984942,0,0.0,159776768,159416320
105024365193324,0,0.0,159776768,159416320
105024465396522,0,0.0,159776768,159416320
105024565597867,0,0.0,159776768,159416320
105024665806787,0,0.0,159776768,159416320
105024766012206,0,0.0,159776768,159416320
105024866213551,0,9.97986532259131,159776768,159416320
105024966431656,0,0.0,159776768,159416320
105025066642372,0,0.0,159776768,159416320
105025166859791,0,0.0,159776768,159416320
105025267067248,0,0.0,159776768,159416320
105025367279630,0,0.0,159776768,159416320
105025467484920,0,0.0,159776768,159416320
105025567694025,0,0.0,159776768,159416320
105025667906667,0,0.0,159776768,159416320
105025768120123,0,0.0,159776768,159416320
105025868323709,0,0.0,159776768,159416320
105025968537110,0,0.0,159776768,159416320
105026068750493,0,9.97866840037845,159776768,159416320
105026168995894,0,0.0,159776768,159416320
105026269334869,0,0.0,159776768,159416320
105026369605177,0,0.0,159776768,159416320
105026469903337,0,0.0,159776768,159416320
105026570227905,0,0.0,159776768,159416320
105026670515657,0,0.0,159776768,159416320
105026770776873,0,0.0,159776768,159416320
105026871011719,0,0.0,159776768,159416320
105026971252360,0,0.0,159776768,159416320
105027071475113,0,9.977733589578108,159776768,159416320
105027171701570,0,0.0,159776768,159416320
105027271918785,0,0.0,159776768,159416320
105027372135427,0,0.0,159776768,159416320
105027472341180,0,0.0,159776768,159416320
105027572525914,0,0.0,159776768,159416320
105027672803075,0,0.0,159776768,159416320
105027773138068,0,0.0,159776768,159416320
105027873437765,0,0.0,159776768,159416320
105027973662518,0,0.0,159776768,159416320
105028073882308,0,0.0,159776768,159416320
105028174133839,0,9.974996674263329,159776768,159416320
105028274342610,0,0.0,159776768,159416320
105028374523733,0,0.0,159776768,159416320
105028474704523,0,0.0,159776768,159416320
105028574897035,0,0.0,159776768,159416320
105028675144269,0,0.0,159776768,159416320
105028775365652,0,0.0,159776768,159416320
105028875568423,0,0.0,159776768,159416320
105028975764491,0,0.0,159776768,159416320
105029075954040,0,0.0,159776768,159416320
105029176188293,0,0.0,159776768,159416320
105029276391805,0,0.0,159776768,159416320
105029376569780,0,9.982248866293341,159776768,159416320
105029476757626,0,0.0,159776768,159416320
105029576951064,0,0.0,159776768,159416320
105029677143650,0,0.0,159776768,159416320
105029777355199,0,0.0,159776768,159416320
105029877538211,0,9.981772783299771,159776768,159416320
105029977722853,0,0.0,159776768,159416320
105030077911217,0,0.0,159776768,159416320
105030178142821,0,0.0,159776768,159416320
105030278361185,0,0.0,159776768,159416320
105030378586105,0,0.0,159776768,159416320
105030478777450,0,0.0,159776768,159416320
105030578974055,0,0.0,159776768,159416320
105030679163234,0,0.0,159776768,159416320
105030779356116,0,0.0,159776768,159416320
105030879545036,0,0.0,159776768,159416320
105030979726141,0,0.0,159776768,159416320
105031079921338,0,0.0,159776768,159416320
105031180146628,0,9.977558475922375,159776768,159416320
105031280339733,0,0.0,159776768,159416320
105031380538560,0,0.0,159776768,159416320
105031480744775,0,0.0,159776768,159416320
105031580935436,0,0.0,159776768,159416320
105031681118151,0,0.0,159776768,159416320
105031781299664,0,0.0,159776768,159416320
105031881485824,0,0.0,159776768,159416320
105031981697799,0,0.0,159776768,159416320
105032081918811,0,0.0,159776768,159416320
105032182159694,0,0.0,159776768,159416320
105032282448132,0,0.0,159776768,159416320
105032382674458,0,0.0,159776768,159416320
105032482864934,0,0.0,159776768,159416320
105032583062483,0,0.0,159776768,159416320
105032683255439,0,0.0,159776768,159416320
105032783445711,0,0.0,159776768,159416320
105032883645852,0,0.0,159776768,159416320
105032983849902,0,0.0,159776768,159416320
105033084120543,0,0.0,159776768,159416320
105033184380093,0,9.974195160874915,159776768,159416320
105033284625938,0,0.0,159776768,159416320
105033384856172,0,0.0,159776768,159416320
105033485110184,0,0.0,159776768,159416320
105033585325993,0,9.97853935501287,159776768,159416320
105033685542949,0,0.0,159776768,159416320
105033785755443,0,0.0,159776768,159416320
105033885954103,0,0.0,159776768,159416320
105033986200986,0,0.0,159776768,159416320
105034086398405,0,0.0,159776768,159416320
105034186640603,0,0.0,159776768,159416320
105034286919189,0,0.0,159776768,159416320
105034387240682,0,0.0,159776768,159416320
105034487501083,0,0.0,159776768,159416320
105034587753169,0,0.0,159776768,159416320
105034687999922,0,9.974438406403765,159776768,159416320
105034788242471,0,0.0,159776768,159416320
105034888467984,0,0.0,159776768,159416320
105034988693125,0,0.0,159776768,159416320
105035088891193,0,0.0,159776768,159416320
105035189148520,0,0.0,159776768,159416320
105035289396439,0,0.0,159776768,159416320
105035389636711,0,0.0,159776768,159416320
105035489852741,0,0.0,159776768,159416320
105035590077439,0,0.0,159776768,159416320
105035690298229,0,0.0,159776768,159416320
105035790521537,0,0.0,159776768,159416320
105035890738679,0,9.97828674960516,159776768,159416320
105035990965265,0,0.0,159776768,159416320
105036091188018,0,0.0,159776768,159416320
105036191413530,0,0.0,159776768,159416320
105036291630987,0,0.0,159776768,159416320
105036391860740,0,0.0,159776768,159416320
105036492080585,0,0.0,159776768,159416320
105036592290801,0,0.0,159776768,159416320
105036692511183,0,0.0,159776768,159416320
105036792730159,0,0.0,159776768,159416320
105036892946300,0,0.0,159776768,159416320
105036993167312,0,0.0,159776768,159416320
105037093382954,0,9.978450837849765,159776768,159416320
105037193611726,0,0.0,159776768,159416320
105037293828034,0,0.0,159776768,159416320
105037394061157,0,0.0,159776768,159416320
105037494285244,0,0.0,159776768,159416320
105037594511163,0,0.0,159776768,159416320
105037694739509,0,0.0,159776768,159416320
105037795092650,0,0.0,159776768,159416320
105037895602903,0,0.0,159776768,159416320
105037995917693,0,0.0,159776768,159416320
105038096191631,0,9.972504210071214,159776768,159416320
105038196500198,0,0.0,159776768,159416320
105038296776970,0,0.0,159776768,159416320
105038397025445,0,0.0,159776768,159416320
105038497246383,0,0.0,159776768,159416320
105038597512080,0,0.0,159776768,159416320
105038697749037,0,0.0,159776768,159416320
105038797982993,0,0.0,159776768,159416320
105038898203320,0,0.0,159776768,159416320
105038998427833,0,0.0,159776768,159416320
105039098652048,0,0.0,159776768,159416320
105039198885468,0,0.0,159776768,159416320
105039299109313,0,9.977700438666037,159776768,159416320
105039399333863,0,0.0,159776768,159416320
105039499552578,0,0.0,159776768,159416320
105039599772628,0,0.0,159776768,159416320
105039699987899,0,0.0,159776768,159416320
105039800216096,0,0.0,159776768,159416320
105039900427275,0,0.0,159776768,159416320
105040000651936,0,0.0,159776768,159416320
105040100870226,0,0.0,159776768,159416320
105040201100052,0,0.0,159776768,159416320
105040301320472,0,0.0,159776768,159416320
105040401547929,0,9.977289294685649,159776768,159416320
105040501770941,0,0.0,159776768,159416320
105040601983120,0,0.0,159776768,159416320
105040702188650,0,0.0,159776768,159416320
105040802399681,0,0.0,159776768,159416320
105040902611212,0,0.0,159776768,159416320
105041002827057,0,0.0,159776768,159416320
105041103052236,0,0.0,159776768,159416320
105041203306507,0,0.0,159776768,159416320
105041303542742,0,0.0,159776768,159416320
105041403767847,0,0.0,159776768,159416320
105041503987748,0,0.0,159776768,159416320
105041604217241,0,0.0,159776768,159416320
105041704430920,0,9.978699866740863,159776768,159416320
105041804641655,0,0.0,159776768,159416320
105041904851074,0,0.0,159776768,159416320
105042005062883,0,0.0,159776768,159416320
105042105322913,0,0.0,159776768,159416320
105042205566814,0,0.0,159776768,159416320
105042305794252,0,0.0,159776768,159416320
105042406019302,0,0.0,159776768,159416320
105042506237314,0,0.0,159776768,159416320
105042606454919,0,0.0,159776768,159416320
105042706674431,0,0.0,159776768,159416320
105042806884424,0,0.0,159776768,159416320
105042907089344,0,9.97952600509732,159776768,159416320
105043007305745,0,0.0,159776768,159416320
105043107529739,0,0.0,159776768,159416320
105043207774251,0,0.0,159776768,159416320
105043308019985,0,0.0,159776768,159416320
105043408244331,0,0.0,159776768,159416320
105043508468269,0,0.0,159776768,159416320
105043608746077,0,0.0,159776768,159416320
105043708989701,0,0.0,159776768,159416320
105043809221491,0,0.0,159776768,159416320
105043909460855,0,0.0,159776768,159416320
105044009769367,0,9.969190317256933,159776768,159416320
105044110082027,0,0.0,159776768,159416320
105044210393576,0,0.0,159776768,159416320
105044310687125,0,0.0,159776768,159416320
105044410968452,0,0.0,159776768,159416320
105044511209724,0,0.0,159776768,159416320
105044611458477,0,0.0,159776768,159416320
105044711680118,0,0.0,159776768,159416320
105044811976779,0,0.0,159776768,159416320
105044912229754,0,0.0,159776768,159416320
105045012442303,0,0.0,159776768,159416320
105045112685593,0,9.975507038455715,159776768,159416320
105045212971253,0,0.0,159776768,159416320
105045313231154,0,0.0,159776768,159416320
105045413474166,0,0.0,159776768,159416320
105045513702123,0,0.0,159776768,159416320
105045613923191,0,0.0,159776768,159416320
105045714141610,0,0.0,159776768,159416320
105045814350845,0,0.0,159776768,159416320
105045914534950,0,0.0,159776768,159416320
105046014745499,0,0.0,159776768,159416320
105046114965881,0,0.0,159776768,159416320
105046215195005,0,0.0,159776768,159416320
105046315409832,0,9.97859660924474,159776768,159416320
105046415625474,0,0.0,159776768,159416320
105046515840023,0,0.0,159776768,159416320
105046616043905,0,0.0,159776768,159416320
105046716234066,0,0.0,159776768,159416320
105046816446319,0,0.0,159776768,159416320
105046916659387,0,0.0,159776768,159416320
105047016880325,0,0.0,159776768,159416320
105047117133818,0,0.0,159776768,159416320
105047217374831,0,0.0,159776768,159416320
105047317599658,0,0.0,159776768,159416320
105047417818466,0,0.0,159776768,159416320
105047518076626,0,9.974266990029648,159776768,159416320
105047618291676,0,0.0,159776768,159416320
105047718503669,0,0.0,159776768,159416320
105047818712181,0,0.0,159776768,159416320
105047918933934,0,0.0,159776768,159416320
105048019158595,0,0.0,159776768,159416320
105048119379329,0,0.0,159776768,159416320
105048219603378,0,0.0,159776768,159416320
105048319822483,0,0.0,159776768,159416320
105048420021162,0,0.0,159776768,159416320
105048520240008,0,0.0,159776768,159416320
105048620459150,0,0.0,159776768,159416320
105048720683699,0,9.97766907856667,159776768,159416320
105048820895026,0,0.0,159776768,159416320
105048921098594,0,0.0,159776768,159416320
105049021306421,0,0.0,159776768,159416320
105049121516155,0,0.0,159776768,159416320
105049221743853,0,0.0,159776768,159416320
105049321991291,0,0.0,159776768,159416320
105049422204488,0,0.0,159776768,159416320
105049522417204,0,0.0,159776768,159416320
105049622629790,0,0.0,159776768,159416320
105049722839914,0,0.0,159776768,159416320
105049823059148,0,0.0,159776768,159416320
105049923265179,0,9.979520426979889,159776768,159416320
105050023473006,0,0.0,159776768,159416320
105050123689388,0,0.0,159776768,159416320
105050223912993,0,0.0,159776768,159416320
105050324143191,0,0.0,159776768,159416320
105050424361092,0,0.0,159776768,159416320
105050524582400,0,0.0,159776768,159416320
105050624807857,0,0.0,159776768,159416320
105050725028795,0,0.0,159776768,159416320
105050825242048,0,0.0,159776768,159416320
105050925458301,0,0.0,159776768,159416320
105051025671702,0,0.0,159776768,159416320
105051125897881,0,9.977366842621914,159776768,159416320
105051226139782,0,0.0,159776768,159416320
105051326369035,0,0.0,159776768,159416320
105051426599714,0,0.0,159776768,159416320
105051526822208,0,0.0,159776768,159416320
105051627044424,0,0.0,159776768,159416320
105051727269547,0,0.0,159776768,159416320
105051827483374,0,0.0,159776768,159416320
105051927689034,0,0.0,159776768,159416320
105052027915287,0,0.0,159776768,159416320
105052128140559,0,0.0,159776768,159416320
105052228372590,0,0.0,159776768,159416320
105052328594824,0,0.0,159776768,159416320
105052428815410,0,9.977997318341188,159776768,159416320
105052529039848,0,0.0,159776768,159416320
105052629294620,0,0.0,159776768,159416320
105052729517299,0,0.0,159776768,159416320
105052829741793,0,0.0,159776768,159416320
105052929955286,0,0.0,159776768,159416320
105053030171650,0,0.0,159776768,159416320
105053130452366,0,0.0,159776768,159416320
105053230710453,0,0.0,159776768,159416320
105053330957261,0,0.0,159776768,159416320
105053431194681,0,0.0,159776768,159416320
105053531434045,0,0.0,159776768,159416320
105053631664946,0,0.0,159776768,159416320
105053731891329,0,0.0,159776768,159416320
105053832126489,0,0.0,159776768,159416320
105053932352260,0,0.0,159776768,159416320
105054032586347,0,0.0,159776768,159416320
105054132799544,0,9.978655556549333,159776768,159416320
105054233025427,0,0.0,159776768,159416320
105054333242420,0,0.0,159776768,159416320
105054433466396,0,0.0,159776768,159416320
105054533682982,0,0.0,159776768,159416320
105054633900568,0,0.0,159776768,159416320
105054734119710,0,9.978133718454611,159776768,159416320
105054834336167,0,0.0,159776768,159416320
105054934554846,0,0.0,159776768,159416320
105055034775673,0,0.0,159776768,159416320
105055134987018,0,0.0,159776768,159416320
105055235204346,0,0.0,159776768,159416320
105055335428599,0,0.0,159776768,159416320
105055435647444,0,0.0,159776768,159416320
105055535856827,0,0.0,159776768,159416320
105055636080135,0,0.0,159776768,159416320
105055736289351,0,0.0,159776768,159416320
105055836501826,0,0.0,159776768,159416320
105055936708098,0,0.0,159776768,159416320
105056036923462,0,9.978526410089545,159776768,159416320
105056137143104,0,0.0,159776768,159416320
105056237368598,0,0.0,159776768,159416320
105056337573480,0,0.0,159776768,159416320
105056437797363,0,0.0,159776768,159416320
105056538013449,0,0.0,159776768,159416320
105056638227480,0,0.0,159776768,159416320
105056738445085,0,0.0,159776768,159416320
105056838661912,0,0.0,159776768,159416320
105056938877535,0,0.0,159776768,159416320
105057039094585,0,0.0,159776768,159416320
105057139305097,0,0.0,159776768,159416320
105057239534665,0,9.977187958198591,159776768,159416320
105057339754288,0,0.0,159776768,159416320
105057439975097,0,0.0,159776768,159416320
105057540195961,0,0.0,159776768,159416320
105057640407899,0,0.0,159776768,159416320
105057740620856,0,0.0,159776768,159416320
105057840839312,0,0.0,159776768,159416320
105057941056621,0,0.0,159776768,159416320
105058041279226,0,0.0,159776768,159416320
105058141505164,0,0.0,159776768,159416320
105058241731769,0,0.0,159776768,159416320
105058341945855,0,0.0,159776768,159416320
105058442162108,0,0.0,159776768,159416320
105058542388991,0,0.0,159776768,159416320
105058642614559,0,0.0,159776768,159416320
105058742843515,0,0.0,159776768,159416320
105058843070639,0,9.977370426488502,159776768,159416320
105058943292670,0,0.0,159776768,159416320
105059043515700,0,0.0,159776768,159416320
105059143775120,0,0.0,159776768,159416320
105059244012521,0,0.0,159776768,159416320
105059344228904,0,0.0,159776768,159416320
105059444462675,0,0.0,159776768,159416320
105059544689965,0,0.0,159776768,159416320
105059644915441,0,0.0,159776768,159416320
105059745134379,0,0.0,159776768,159416320
105059845353502,0,0.0,159776768,159416320
105059945574792,0,0.0,159776768,159416320
105060045795323,0,0.0,159776768,159416320
105060146014650,0,9.978069200820649,159776768,159416320
105060246253718,0,0.0,159776768,159416320
105060346490138,0,0.0,159776768,159416320
105060446714724,0,0.0,159776768,159416320
105060546933107,0,0.0,159776768,159416320
105060647154730,0,0.0,159776768,159416320
105060747369427,0,0.0,159776768,159416320
105060847588625,0,0.0,159776768,159416320
105060947800804,0,0.0,159776768,159416320
105061048018650,0,0.0,159776768,159416320
105061148236643,0,0.0,159776768,159416320
105061248476711,0,0.0,159776768,159416320
105061348698186,0,9.977855247185445,159776768,159416320
105061448923199,0,0.0,159776768,159416320
105061549143341,0,0.0,159776768,159416320
105061649360779,0,0.0,159776768,159416320
105061749574939,0,0.0,159776768,159416320
105061849794081,0,0.0,159776768,159416320
105061950001816,0,0.0,159776768,159416320
105062050230365,0,0.0,159776768,159416320
105062150493896,0,0.0,159776768,159416320
105062250765852,0,0.0,159776768,159416320
105062351001828,0,0.0,159776768,159416320
105062451233599,0,0.0,159776768,159416320
105062551464649,0,9.976952044066472,159776768,159416320
105062651690124,0,0.0,159776768,159416320
105062751908673,0,0.0,159776768,159416320
105062852134426,0,0.0,159776768,159416320
105062952354475,0,0.0,159776768,159416320
105063052576358,0,0.0,159776768,159416320
105063152799944,0,0.0,159776768,159416320
105063253051475,0,0.0,159776768,159416320
105063353275562,0,0.0,159776768,159416320
105063453478518,0,0.0,159776768,159416320
105063553697568,0,0.0,159776768,159416320
105063653924876,0,0.0,159776768,159416320
105063754146592,0,0.0,159776768,159416320
105063854364753,0,0.0,159776768,159416320
105063954586691,0,0.0,159776768,159416320
105064054801370,0,0.0,159776768,159416320
105064155018049,0,9.978279382060684,159776768,159416320
105064255256820,0,0.0,159776768,159416320
105064355484925,0,0.0,159776768,159416320
105064455710660,0,0.0,159776768,159416320
105064555923320,0,0.0,159776768,159416320
105064656147999,0,0.0,159776768,159416320
105064756363419,0,0.0,159776768,159416320
105064856578154,0,0.0,159776768,159416320
105064956784833,0,0.0,159776768,159416320
105065056992993,0,0.0,159776768,159416320
105065157240746,0,0.0,159776768,159416320
105065257486703,0,9.975510720904042,159776768,159416320
105065357741678,0,0.0,159776768,159416320
105065457971524,0,0.0,159776768,159416320
105065558203962,0,0.0,159776768,159416320
105065658433345,0,0.0,159776768,159416320
105065758660486,0,0.0,159776768,159416320
105065858881962,0,0.0,159776768,159416320
105065959106807,0,0.0,159776768,159416320
105066059326023,0,0.0,159776768,159416320
105066159554202,0,0.0,159776768,159416320
105066259791955,0,0.0,159776768,159416320
105066360030412,0,0.0,159776768,159416320
105066460275758,0,9.975564157977177,159776768,159416320
105066560498789,0,0.0,159776768,159416320
105066660724616,0,0.0,159776768,159416320
105066760954110,0,0.0,159776768,159416320
105066861164900,0,0.0,159776768,159416320
105066961372301,0,0.0,159776768,159416320
105067061582461,0,0.0,159776768,159416320
105067161792325,0,0.0,159776768,159416320
105067261994430,0,0.0,159776768,159416320
105067362238591,0,0.0,159776768,159416320
105067462582696,0,0.0,159776768,159416320
105067562858134,0,9.972577903497196,159776768,159416320
105067663086368,0,0.0,159776768,159416320
105067763311751,0,0.0,159776768,159416320
105067863529430,0,0.0,159776768,159416320
105067963756591,0,0.0,159776768,159416320
105068064165381,0,9.95955563893109,159776768,159416320
105068164437467,0,0.0,159776768,159416320
105068264735053,0,0.0,159776768,159416320
105068364996028,0,0.0,159776768,159416320
105068465293930,0,0.0,159776768,159416320
105068565676775,0,0.0,159776768,159416320
105068667560823,0,9.815352123588339,159776768,159416320
105068767867150,0,0.0,159776768,159416320
105068868114163,0,0.0,159776768,159416320
105068968300008,0,0.0,159776768,159416320
105069068474817,0,0.0,159776768,159416320
105069168732033,0,0.0,159776768,159416320
105069269136064,0,0.0,159776768,159416320
105069369386187,0,0.0,159776768,159416320
105069469588385,0,0.0,159776768,159416320
105069569806230,0,9.977820303368878,159776768,159416320
105069670152094,0,0.0,159776768,159416320
105069770546292,0,0.0,159776768,159416320
105069870818156,0,0.0,159776768,159416320
105069971177409,0,0.0,159776768,159416320
105070071559180,0,0.0,159776768,159416320
105070172570636,0,0.0,159776768,159416320
105070272934352,0,9.963887087366901,159776768,159416320
105070373229253,0,0.0,159776768,159416320
105070473500321,0,0.0,159776768,159416320
105070573792278,0,0.0,159776768,159416320
105070674108253,0,0.0,159776768,159416320
105070774390877,0,9.971666308148802,159776768,159416320
105070874767944,0,0.0,159776768,159416320
105070975083938,0,0.0,159776768,159416320
105071075614043,0,0.0,159776768,159416320
105071175915425,0,0.0,159776768,159416320
105071276248141,0,0.0,159776768,159416320
105071376534913,0,9.971517159497491,159776768,159416320
105071476844722,0,0.0,159776768,159416320
105071577145863,0,0.0,159776768,159416320
105071680062948,0,0.0,159776768,159416320
105071780423960,0,9.963956979566326,159776768,159416320
105071880805305,0,0.0,159776768,159416320
105071981935595,0,0.0,159776768,159416320
105072082348052,0,0.0,159776768,159416320
105072182776064,0,9.957449131978132,159776768,159416320
105072283274724,0,0.0,159776768,159416320
105072384152662,0,0.0,159776768,159416320
105072486638543,0,9.757991753790876,159776768,159416320
105072586965314,0,0.0,159776768,159416320
105072688784918,0,9.82120390249726,159776768,159416320
105072789122856,0,0.0,159776768,159416320
105072893442902,0,0.0,159776768,159416320
105072994119136,0,0.0,159776768,159416320
105073094513315,0,9.96069460066124,159776768,159416320
105073194808902,0,0.0,159776768,159416320
105073295124655,0,0.0,159776768,159416320
105073395421685,0,0.0,159776768,159416320
105073495746586,0,9.967650091385197,159776768,159416320
105073596101247,0,0.0,159776768,159416320
105073696588815,0,0.0,159776768,159416320
105073796865790,0,0.0,159776768,159416320
105073897131913,0,0.0,159776768,159416320
105073997460000,0,0.0,159776768,159416320
105074098509659,0,0.0,159776768,159416320
105074199853115,0,0.0,159776768,159416320
105074300301109,0,9.95518385276379,159776768,159416320
105074400893084,0,0.0,159776768,159416320
105074501190004,0,0.0,159776768,159416320
105074601467868,0,9.972218794181202,159776768,159416320
105074701780547,0,0.0,159776768,159416320
105074802135818,0,0.0,159776768,159416320
105074902503664,0,9.963155354196285,159776768,159416320
105075002917565,0,0.0,159776768,159416320
105075103267577,0,0.0,159776768,159416320
105075203779923,0,0.0,159776768,159416320
105075304146768,0,9.963455043928498,159776768,159416320
105075404476873,0,0.0,159776768,159416320
105075504760626,0,0.0,159776768,159416320
105075605035083,0,0.0,159776768,159416320
105075705314743,0,0.0,159776768,159416320
105075805743367,0,0.0,159776768,159416320
105075906054786,0,9.969138735980337,159776768,159416320
105076006471243,0,0.0,159776768,159416320
105076106845237,0,0.0,159776768,159416320
105076207139379,0,0.0,159776768,159416320
105076307975224,0,0.0,159776768,159416320
105076408328533,0,9.965030714761072,159776768,159416320
105076508615637,0,0.0,159776768,159416320
105076608992687,0,0.0,159776768,159416320
105076709692402,0,0.0,159776768,159416320
105076810100970,0,0.0,159776768,159416320
105076910406520,0,9.969418509996881,159776768,159416320
105077010721976,0,0.0,159776768,159416320
105077112154265,0,0.0,159776768,159416320
105077212472019,0,0.0,159776768,159416320
105077312752753,0,0.0,159776768,159416320
105077413026969,0,0.0,159776768,159416320
105077513302481,0,0.0,159776768,159416320
105077613563846,0,0.0,159776768,159416320
105077713778784,0,0.0,159776768,159416320
105077814054907,0,0.0,159776768,159416320
105077914366734,0,9.968728298720313,159776768,159416320
105078016326708,0,0.0,159776768,159416320
105078116693276,0,0.0,159776768,159416320
105078217130585,0,0.0,159776768,159416320
105078317437690,0,0.0,159776768,159416320
105078417788628,0,9.965361797023476,159776768,159416320
105078519166269,0,0.0,159776768,159416320
105078619518355,0,0.0,159776768,159416320
105078719822905,0,0.0,159776768,159416320
105078820066343,0,0.0,159776768,159416320
105078920488448,0,9.958049525607382,159776768,159416320
105079020781349,0,9.970539548253445,159776768,159416320
105079121186232,0,0.0,159776768,159416320
105079221916225,0,0.0,159776768,159416320
105079322271478,0,0.0,159776768,159416320
105079422543564,0,0.0,159776768,159416320
105079522791336,0,0.0,159776768,159416320
105079623049330,0,0.0,159776768,159416320
105079723313250,0,9.973625942434236,159776768,159416320
105079823579799,0,0.0,159776768,159416320
105079923818793,0,0.0,159776768,159416320
105080024080194,0,0.0,159776768,159416320
105080124334484,0,0.0,159776768,159416320
105080224579497,0,0.0,159776768,159416320
105080324854602,0,0.0,159776768,159416320
105080425145318,0,0.0,159776768,159416320
105080525465756,0,0.0,159776768,159416320
105080625735435,0,0.0,159776768,159416320
105080725982521,0,9.97541489125372,159776768,159416320
105080826221441,0,0.0,159776768,159416320
105080926472490,0,0.0,159776768,159416320
105081026733984,0,0.0,159776768,159416320
105081127016052,0,0.0,159776768,159416320
105081227263139,0,0.0,159776768,159416320
105081327512707,0,0.0,159776768,159416320
105081427763071,0,0.0,159776768,159416320
105081528018120,0,0.0,159776768,159416320
105081628274188,0,0.0,159776768,159416320
105081728527886,0,0.0,159776768,159416320
105081828766731,0,0.0,159776768,159416320
105081929025985,0,0.0,159776768,159416320
105082032010328,0,9.710374580671571,159776768,159416320
105082132239470,0,0.0,159776768,159416320
105082232488797,0,0.0,159776768,159416320
105082332751939,0,0.0,159776768,159416320
105082433008933,0,9.9743186229409,159776768,159416320
105082533271612,0,0.0,159776768,159416320
105082633519310,0,0.0,159776768,159416320
105082733779174,0,0.0,159776768,159416320
105082834036409,0,0.0,159776768,159416320
105082934280736,0,0.0,159776768,159416320
105083034536193,0,0.0,159776768,159416320
105083134795927,0,0.0,159776768,159416320
105083235047995,0,0.0,159776768,159416320
105083335362174,0,0.0,159776768,159416320
105083435684001,0,0.0,159776768,159416320
105083536018532,0,0.0,159776768,159416320
105083636312878,0,9.970764125264303,159776768,159416320
105083736603168,0,0.0,159776768,159416320
105083836919014,0,0.0,159776768,159416320
105083937239470,0,0.0,159776768,159416320
105084037547890,0,0.0,159776768,159416320
105084137877513,0,0.0,159776768,159416320
105084238187470,0,0.0,159776768,159416320
105084338508816,0,0.0,159776768,159416320
105084438828606,0,0.0,159776768,159416320
105084539145396,0,9.968384172438371,159776768,159416320
105084639454427,0,0.0,159776768,159416320
105084739771550,0,0.0,159776768,159416320
105084840079896,0,0.0,159776768,159416320
105084940385279,0,0.0,159776768,159416320
105085040691995,0,0.0,159776768,159416320
105085141009266,0,0.0,159776768,159416320
105085241384020,0,0.0,159776768,159416320
105085341699661,0,0.0,159776768,159416320
105085442022859,0,9.967789884052104,159776768,159416320
105085542349982,0,0.0,159776768,159416320
105085642663384,0,0.0,159776768,159416320
105085742959285,0,0.0,159776768,159416320
105085843327816,0,0.0,159776768,159416320
105085943657254,0,0.0,159776768,159416320
105086044021081,0,0.0,159776768,159416320
105086144345482,0,0.0,159776768,159416320
105086244669532,0,9.967756797737326,159776768,159416320
105086344977748,0,0.0,159776768,159416320
105086445236612,0,0.0,159776768,159416320
105086545560013,0,0.0,159776768,159416320
105086648072098,0,0.0,159776768,159416320
105086748833073,0,9.923353802129403,159776768,159416320
105086850123973,0,0.0,159776768,159416320
105086950390430,0,0.0,159776768,159416320
105087050656257,0,0.0,159776768,159416320
105087150917103,0,0.0,159776768,159416320
105087251178171,0,0.0,159776768,159416320
105087351442443,0,0.0,159776768,159416320
105087451726437,0,0.0,159776768,159416320
105087552106838,0,0.0,159776768,159416320
105087652364017,0,0.0,159776768,159416320
105087752626381,0,9.97387831335982,159776768,159416320
105087852881023,0,0.0,159776768,159416320
105087953142128,0,0.0,159776768,159416320
105088053400233,0,9.974348071240263,159776768,159416320
105088153653597,0,0.0,159776768,159416320
105088253910017,0,0.0,159776768,159416320
105088354192696,0,0.0,159776768,159416320
105088454449764,0,0.0,159776768,159416320
105088554699721,0,0.0,159776768,159416320
105088654942456,0,0.0,159776768,159416320
105088755202616,0,0.0,159776768,159416320
105088855498721,0,0.0,159776768,159416320
105088955759622,0,0.0,159776768,159416320
105089056096876,0,0.0,159776768,159416320
105089156357443,0,0.0,159776768,159416320
105089256613067,0,9.974475217326551,159776768,159416320
105089356882302,0,0.0,159776768,159416320
105089457184777,0,0.0,159776768,159416320
105089557452975,0,0.0,159776768,159416320
105089657718302,0,0.0,159776768,159416320
105089757978018,0,0.0,159776768,159416320
105089858242234,0,0.0,159776768,159416320
105089958504432,0,0.0,159776768,159416320
105090058776685,0,9.972447125586015,159776768,159416320
105090159123790,0,0.0,159776768,159416320
105090259383802,0,0.0,159776768,159416320
105090359640037,0,0.0,159776768,159416320
105090459881419,0,0.0,159776768,159416320
105090560098765,0,0.0,159776768,159416320
105090660357889,0,0.0,159776768,159416320
105090760615753,0,0.0,159776768,159416320
105090860870895,0,0.0,159776768,159416320
105090961127241,0,0.0,159776768,159416320
105091061422550,0,9.970587366838071,159776768,159416320
105091161689395,0,0.0,159776768,159416320
105091261961667,0,0.0,159776768,159416320
105091362264161,0,0.0,159776768,159416320
105091462537951,0,0.0,159776768,159416320
105091562804889,0,0.0,159776768,159416320
105091663118679,0,0.0,159776768,159416320
105091763456525,0,9.966255554406745,159776768,159416320
105091863799797,0,0.0,159776768,159416320
105091964104902,0,0.0,159776768,159416320
105092064440896,0,0.0,159776768,159416320
105092164741075,0,9.970014881704213,159776768,159416320
105092265061161,0,0.0,159776768,159416320
105092365382896,0,0.0,159776768,159416320
105092465715593,0,0.0,159776768,159416320
105092565973902,0,0.0,159776768,159416320
105092666223359,0,0.0,159776768,159416320
105092766479538,0,9.974434626299809,159776768,159416320
105092866754402,0,0.0,159776768,159416320
105092967047100,0,0.0,159776768,159416320
105093067450742,0,0.0,159776768,159416320
105093167804162,0,0.0,159776768,159416320
105093268304785,0,0.0,159776768,159416320
105093372086702,0,0.0,159776768,159416320
105093472435307,0,0.0,159776768,159416320
105093572712912,0,0.0,159776768,159416320
105093673048832,0,0.0,159776768,159416320
105093773306455,0,0.0,159776768,159416320
105093873555579,0,0.0,159776768,159416320
105093973818313,0,0.0,159776768,159416320
105094074070492,0,9.974871303021986,159776768,159416320
105094174312949,0,9.975814735703645,159776768,159416320
105094274562277,0,0.0,159776768,159416320
105094374810122,0,0.0,159776768,159416320
105094475061301,0,0.0,159776768,159416320
105094575308758,0,0.0,159776768,159416320
105094675562049,0,0.0,159776768,159416320
105094775821265,0,0.0,159776768,159416320
105094876120351,0,0.0,159776768,159416320
105094976381438,0,0.0,159776768,159416320
105095076650617,0,0.0,159776768,159416320
105095176912481,0,9.973885575970382,159776768,159416320
105095277169382,0,0.0,159776768,159416320
105095377432524,0,0.0,159776768,159416320
105095477690426,0,0.0,159776768,159416320
105095577938198,0,0.0,159776768,159416320
105095678189951,0,0.0,159776768,159416320
105095778433741,0,0.0,159776768,159416320
105095878679364,0,0.0,159776768,159416320
105095978919858,0,0.0,159776768,159416320
105096079160519,0,0.0,159776768,159416320
105096179422420,0,0.0,159776768,159416320
105096279674674,0,0.0,159776768,159416320
105096379922630,0,0.0,159776768,159416320
105096480175550,0,0.0,159776768,159416320
105096580418637,0,9.975724474081137,159776768,159416320
105096680666186,0,0.0,159776768,159416320
105096780912995,0,0.0,159776768,159416320
105096881156359,0,0.0,159776768,159416320
105096981482390,0,0.0,159809536,159416320
105097081748255,0,0.0,159809536,159416320
105097181994193,0,0.0,159825920,159416320
105097282237483,0,0.0,160661504,159989760
105097382481255,0,9.97567103528999,160661504,159989760
105097482731138,0,0.0,160661504,159989760
105097583025761,0,0.0,160661504,159989760
105097683328181,0,0.0,160661504,159989760
105097783629916,0,0.0,160661504,159989760
105097883943428,0,9.969024646154187,160677888,159989760
105097984225922,0,0.0,160677888,159989760
105098084525916,0,0.0,160677888,159989760
105098184830928,0,0.0,160677888,159989760
105098285137515,0,0.0,160677888,159989760
105098385453379,0,0.0,160677888,159989760
105098485779688,0,9.967436582887823,160677888,159989760
105098586096163,0,9.96834373074435,160677888,159989760
105098686423565,0,0.0,160677888,159989760
105098786757781,0,0.0,160677888,159989760
105098887097071,0,0.0,160677888,159989760
105098987421972,0,9.967543286113964,160677888,159989760
105099087752447,0,0.0,160677888,159989760
105099188106145,0,0.0,160677888,159989760
105099288419232,0,0.0,160677888,159989760
105099388754614,0,0.0,160677888,159989760
105099489054830,0,9.970046192260755,160677888,159989760
105099589370398,0,0.0,160677888,159989760
105099689686744,0,0.0,160677888,159989760
105099789995905,0,0.0,160677888,159989760
105099890322065,0,0.0,160677888,159989760
105099990630596,0,9.969214170125994,160677888,159989760
105100090974109,0,0.0,160677888,159989760
105100191286251,0,0.0,160677888,159989760
105100291599856,0,0.0,160677888,159989760
105100391898757,0,9.970440136828785,160694272,159989760
105100492193658,0,0.0,160694272,159989760
105100592494671,0,0.0,160694272,159989760
105100692820979,0,0.0,160694272,159989760
105100793143233,0,0.0,160694272,159989760
105100893460912,0,0.0,160694272,159989760
105100993756739,0,9.970607644486982,160694272,159989760
105101094048807,0,0.0,160694272,159989760
105101194332505,0,0.0,160694272,159989760
105101294642610,0,9.96903378897917,160694272,159989760
105101394959159,0,0.0,160694272,159989760
105101495294931,0,0.0,160694272,159989760
105101595617054,0,0.0,160710656,159989760
105101695903252,0,9.971438012497723,160710656,159989760
105101796272061,0,0.0,160710656,159989760
105101896573388,0,0.0,160710656,159989760
105101996866585,0,0.0,160710656,159989760
105102097186672,0,9.968174510511764,160710656,159989760
105102200529089,0,9.676455984414925,160710656,159989760
105102301339250,0,0.0,160710656,159989760
105102401642318,0,0.0,160710656,159989760
105102501957034,0,0.0,160710656,159989760
105102602255268,0,0.0,160710656,159989760
105102702569799,0,0.0,160710656,159989760
105102802903701,0,0.0,160710656,159989760
105102903232213,0,9.967182751013324,160710656,159989760
105103003546485,0,0.0,160710656,159989760
105103103854405,0,0.0,160710656,159989760
105103204198843,0,9.965602725907754,160710656,159989760
105103304531041,0,0.0,160710656,159989760
105103404852312,0,0.0,160710656,159989760
105103505171343,0,9.968084287325132,160710656,159989760
105103605501430,0,0.0,160710656,159989760
105103705813090,0,0.0,160710656,159989760
105103806113880,0,0.0,160710656,159989760
105103906446726,0,0.0,160710656,159989760
105104006864905,0,9.95891638274006,160710656,159989760
105104107111233,0,0.0,160710656,159989760
105104207385634,0,0.0,160710656,159989760
105104307680072,0,0.0,160710656,159989760
105104407945733,0,0.0,160710656,159989760
105104508383597,0,0.0,160710656,159989760
105104608702554,0,0.0,160710656,159989760
105104708962937,0,9.974145419907128,160710656,159989760
105104809206301,0,0.0,160710656,159989760
105104909461832,0,0.0,160710656,159989760
105105009710956,0,0.0,160710656,159989760
105105110016728,0,0.0,160710656,159989760
105105210332777,0,9.968621570121961,160710656,159989760
105105310584104,0,0.0,160710656,159989760
105105410828043,0,0.0,160710656,159989760
105105511132852,0,0.0,160710656,159989760
105105611433234,0,9.970154740710102,160710656,159989760
105105711695099,0,0.0,160710656,159989760
105105811939333,0,0.0,160710656,159989760
105105912205753,0,0.0,160710656,159989760
105106012460562,0,0.0,160710656,159989760
105106120093902,0,9.290210197028085,160710656,159989760
105106220671618,0,0.0,160710656,159989760
105106320930445,0,0.0,160710656,159989760
105106421183291,0,9.974926624206693,160710656,159989760
105106521923359,0,0.0,160710656,159989760
105106624186555,0,0.0,160710656,159989760
105106724442771,0,0.0,160710656,159989760
105106824734247,0,0.0,160710656,159989760
105106924987944,0,0.0,160710656,159989760
105107025247420,0,9.97419884235475,160710656,159989760
105107125504321,0,0.0,160710656,159989760
105107225776241,0,0.0,160710656,159989760
105107326035105,0,0.0,160710656,159989760
105107426282933,0,0.0,160710656,159989760
105107526541427,0,0.0,160710656,159989760
105107626787902,0,0.0,160710656,159989760
105107727053507,0,0.0,160710656,159989760
105107828042241,0,9.90192578290411,160710656,159989760
105107928371328,0,0.0,160710656,159989760
105108028611174,0,0.0,160710656,159989760
105108128799890,0,0.0,160710656,159989760
105108229072254,0,0.0,160710656,159989760
105108329294656,0,0.0,160710656,159989760
105108429447594,0,9.984709116084266,160710656,159989760
105108529642644,0,0.0,160710656,159989760
105108629795897,0,0.0,160710656,159989760
105108729932965,0,0.0,160710656,159989760
105108830088089,0,0.0,160710656,159989760
105108930232417,0,0.0,160710656,159989760
105109030396281,0,9.983505652272395,160710656,159989760
105109130636053,0,0.0,160710656,159989760
105109230861158,0,0.0,160710656,159989760
105109331048911,0,0.0,160710656,159989760
105109431234053,0,0.0,160710656,159989760
105109531447510,0,0.0,160710656,159989760
105109631625449,0,9.982115940927388,160710656,159989760
105109731866313,0,0.0,160710656,159989760
105109832054789,0,0.0,160710656,159989760
105109932233968,0,0.0,160710656,159989760
105110032423036,0,0.0,160710656,159989760
105110132644326,0,0.0,160710656,159989760
105110234083931,0,9.858086244406318,160710656,159989760
105110334798813,0,0.0,160710656,159989760
105110435022289,0,0.0,160710656,159989760
105110535264616,0,0.0,160710656,159989760
105110635442258,0,0.0,160710656,159989760
105110735627956,0,0.0,160710656,159989760
105110835805876,0,0.0,160710656,159989760
105110935982722,0,9.98223591174371,160710656,159989760
105111036228105,0,0.0,160710656,159989760
105111136456691,0,0.0,160710656,159989760
105111236683574,0,0.0,160710656,159989760
105111336876809,0,9.980691652494047,160710656,159989760
105111437072155,0,0.0,160710656,159989760
105111537275445,0,0.0,160710656,159989760
105111637528736,0,0.0,160710656,159989760
105111737758063,0,0.0,160710656,159989760
105111837954946,0,9.980374392107239,160710656,159989760
105111938156144,0,0.0,160710656,159989760
105112038350397,0,0.0,160710656,159989760
105112138541687,0,0.0,160710656,159989760
105112238800348,0,0.0,160710656,159989760
105112339007768,0,9.979300933226565,160710656,159989760
105112439213521,0,0.0,160710656,159989760
105112539410849,0,0.0,160710656,159989760
105112639594639,0,0.0,160710656,159989760
105112739781392,0,0.0,160710656,159989760
105112840037368,0,9.974447559161398,160710656,159989760
105112940250047,0,0.0,160710656,159989760
105113040476634,0,0.0,160710656,159989760
105113140716795,0,0.0,160710656,159989760
105113240929363,0,0.0,160710656,159989760
105113341114912,0,9.98140743270399,160710656,159989760
105113441376814,0,0.0,160710656,159989760
105113541657623,0,0.0,160710656,159989760
105113641884117,0,0.0,160710656,159989760
105113742082870,0,0.0,160710656,159989760
105113842279401,0,0.0,160710656,159989760
105113942484988,0,9.979396836105755,160710656,159989760
105114042745667,0,0.0,160710656,159989760
105114142972790,0,0.0,160710656,159989760
105114243177988,0,0.0,160710656,159989760
105114343396186,0,0.0,160710656,159989760
105114443600402,0,0.0,160710656,159989760
105114543789582,0,0.0,160710656,159989760
105114643977409,0,9.981204494419513,160710656,159989760
105114744239088,0,0.0,160710656,159989760
105114844433082,0,0.0,160710656,159989760
105114944634150,0,0.0,160710656,159989760
105115044816107,0,0.0,160710656,159989760
105115144999861,0,0.0,160710656,159989760
105115245194559,0,9.980520121141105,160710656,159989760
105115345449404,0,0.0,160710656,159989760
105115445674898,0,0.0,160710656,159989760
105115545861096,0,0.0,160710656,159989760
105115646043979,0,0.0,160710656,159989760
105115746221529,0,0.0,160710656,159989760
105115846474486,0,9.974648333362232,160710656,159989760
105115946715091,0,0.0,160710656,159989760
105116046938363,0,0.0,160710656,159989760
105116147144375,0,0.0,160710656,159989760
105116247368036,0,0.0,160710656,159989760
105116347589697,0,9.977936388193514,160710656,159989760
105116447803117,0,0.0,160710656,159989760
105116548046222,0,0.0,160710656,159989760
105116648256124,0,0.0,160710656,159989760
105116748481340,0,0.0,160710656,159989760
105116848707297,0,9.977484707420698,160710656,159989760
105116948915995,0,0.0,160710656,159989760
105117049144563,0,0.0,160710656,159989760
105117149420668,0,0.0,160710656,159989760
105117249634329,0,0.0,160710656,159989760
105117349834156,0,9.980049680272883,160710656,159989760
105117450027872,0,0.0,160710656,159989760
105117550212366,0,0.0,160710656,159989760
105117650392861,0,0.0,160710656,159989760
105117750607669,0,0.0,160710656,159989760
105117850789349,0,9.981857673721226,160710656,159989760
105117950964306,0,0.0,160710656,159989760
105118051163411,0,0.0,160710656,159989760
105118151383886,0,0.0,160710656,159989760
105118251640343,0,0.0,160710656,159989760
105118351856171,0,0.0,160710656,159989760
105118452135276,0,0.0,160710656,159989760
105118552337770,0,9.979806262439336,160710656,159989760
105118652533135,0,0.0,160710656,159989760
105118752718721,0,0.0,160710656,159989760
105118852982734,0,0.0,160710656,159989760
105118953216561,0,9.97659620152719,160710656,159989760
105119053487666,0,0.0,160710656,159989760
105119153774605,0,0.0,160710656,159989760
105119254003617,0,0.0,160710656,159989760
105119354226167,0,0.0,160710656,159989760
105119454448531,0,0.0,160710656,159989760
105119554688674,0,9.975995360879253,160710656,159989760
105119654954483,0,0.0,160710656,159989760
105119755172680,0,0.0,160710656,159989760
105119855379693,0,0.0,160710656,159989760
105119955590724,0,0.0,160710656,159989760
105120055801681,0,9.978932178562275,160710656,159989760
105120156025934,0,0.0,160727040,159989760
105120256292447,0,0.0,160727040,159989760
105120356521182,0,0.0,160727040,159989760
105120456747991,0,0.0,160727040,159989760
105120556957929,0,9.979116503217504,160727040,159989760
105120657166016,0,0.0,160727040,159989760
105120757394843,0,0.0,160727040,159989760
105120857655319,0,0.0,160727040,159989760
105120957868220,0,0.0,160727040,159989760
105121058082918,0,9.978537462681233,160727040,159989760
105121158296338,0,0.0,160727040,159989760
105121258554332,0,0.0,160727040,159989760
105121358784586,0,0.0,160727040,159989760
105121459024117,0,0.0,160727040,159989760
105121559319759,0,9.970524836047721,160727040,159989760
105121659595808,0,0.0,160727040,159989760
105121759834432,0,0.0,160727040,159989760
105121860022371,0,0.0,160727040,159989760
105121960229161,0,0.0,160727040,159989760
105122060475322,0,0.0,160727040,159989760
105122160787464,0,0.0,160727040,159989760
105122261036032,0,9.975210305500191,160727040,159989760
105122361297915,0,0.0,160727040,159989760
105122461539131,0,0.0,160727040,159989760
105122561773163,0,0.0,160727040,159989760
105122662028268,0,9.97455252172883,160727040,159989760
105122762299854,0,0.0,160727040,159989760
105122862521071,0,0.0,160727040,159989760
105122962717768,0,0.0,160727040,159989760
105123062929503,0,0.0,160727040,159989760
105123163148201,0,0.0,160727040,159989760
105123263430528,0,9.971924048241048,160727040,159989760
105123363712708,0,0.0,160727040,159989760
105123463945868,0,0.0,160727040,159989760
105123564156474,0,0.0,160727040,159989760
105123664363709,0,0.0,160727040,159989760
105123764570240,0,0.0,160727040,159989760
105123864810715,0,9.975960330163005,160727040,159989760
105123965087098,0,0.0,160727040,159989760
105124065321166,0,0.0,160727040,159989760
105124165555975,0,0.0,160727040,159989760
105124265812877,0,0.0,160727040,159989760
105124366117130,0,0.0,160727040,159989760
105124466363532,0,9.975389119013435,160727040,159989760
105124566628877,0,0.0,160727040,159989760
105124666869075,0,0.0,160727040,159989760
105124767098643,0,0.0,160727040,159989760
105124867321026,0,0.0,160727040,159989760
105124967534520,0,0.0,160727040,159989760
105125067759644,0,9.977529007215177,160727040,159989760
105125168037823,0,0.0,160727040,159989760
105125268259447,0,0.0,160727040,159989760
105125368483571,0,0.0,160727040,159989760
105125468691250,0,0.0,160727040,159989760
105125568900522,0,0.0,160727040,159989760
105125669107813,0,0.0,160727040,159989760
105125769311992,0,9.979450316270812,160727040,159989760
105125869580393,0,0.0,160727040,159989760
105125969759036,0,0.0,160727040,159989760
105126069952974,0,0.0,160727040,159989760
105126170162394,0,0.0,160727040,159989760
105126270360611,0,9.980293212892485,160727040,159989760
105126370580438,0,0.0,160727040,159989760
105126470857691,0,0.0,160727040,159989760
105126571078741,0,0.0,160727040,159989760
105126671265365,0,0.0,160727040,159989760
105126771478155,0,9.978791974659378,160727040,159989760
105126871689612,0,0.0,160727040,159989760
105126971925884,0,0.0,160727040,159989760
105127072189897,0,0.0,160727040,159989760
105127172449187,0,0.0,160727040,159989760
105127272647589,0,9.980095897217964,160727040,159989760
105127372874286,0,0.0,160727040,159989760
105127473086058,0,0.0,160727040,159989760
105127573327830,0,0.0,160727040,159989760
105127673594454,0,9.973393877604824,160727040,159989760
105127773831374,0,0.0,160727040,159989760
105127874051924,0,0.0,160727040,159989760
105127974269584,0,0.0,160727040,159989760
105128074487171,0,0.0,160727040,159989760
105128174698091,0,9.978819655474942,160727040,159989760
105128274968807,0,0.0,160727040,159989760
105128375189116,0,0.0,160727040,159989760
105128475408870,0,9.978140985814475,160727040,159989760
105128575624012,0,0.0,160727040,159989760
105128675834210,0,0.0,160727040,159989760
105128776023186,0,0.0,160727040,159989760
105128876262735,0,0.0,160727040,159989760
105128976473026,0,9.97900407451118,160727040,159989760
105129076678538,0,0.0,160727040,159989760
105129176914347,0,0.0,160727040,159989760
105129277232786,0,0.0,160727040,159989760
105129377485243,0,0.0,160727040,159989760
105129477710515,0,9.977420199627947,160727040,159989760
105129577970416,0,0.0,160727040,159989760
105129678233466,0,0.0,160727040,159989760
105129778459534,0,0.0,160727040,159989760
105129878675232,0,0.0,160727040,159989760
105129978891819,0,0.0,160727040,159989760
105130079124590,0,0.0,160727040,159989760
105130179400251,0,0.0,160727040,159989760
105130279639560,0,9.976187041430077,160727040,159989760
105130379863721,0,0.0,160727040,159989760
105130480117863,0,0.0,160727040,159989760
105130580317135,0,0.0,160727040,159989760
105130680559240,0,0.0,160727040,159989760
105130780837994,0,0.0,160727040,159989760
105130881086821,0,0.0,160727040,159989760
105130981297297,0,0.0,160727040,159989760
105131081513235,0,0.0,160727040,159989760
105131181759970,0,0.0,160727040,159989760
105131282013594,0,19.949348406246436,160727040,159989760
105131382289625,0,0.0,160727040,159989760
105131482506286,0,0.0,160727040,159989760
105131582737484,0,0.0,160727040,159989760
105131682959293,0,0.0,160727040,159989760
105131783170157,0,0.0,160727040,159989760
105131883403836,0,9.976629446489397,160727040,159989760
105131983675016,0,0.0,160727040,159989760
105132083891380,0,0.0,160727040,159989760
105132184111504,0,0.0,160727040,159989760
105132284333517,0,0.0,160727040,159989760
105132384539270,0,0.0,160727040,159989760
105132484738931,0,9.980014621076963,160727040,159989760
105132585005351,0,0.0,160727040,159989760
105132685220586,0,0.0,160727040,159989760
105132785427376,0,0.0,160727040,159989760
105132885649222,0,0.0,160727040,159989760
105132985881494,0,0.0,160727040,159989760
105133086094211,0,9.97873661059183,160727040,159989760
105133186343427,0,0.0,160727040,159989760
105133286624939,0,0.0,160727040,159989760
105133386840915,0,0.0,160727040,159989760
105133487103483,0,0.0,160727040,159989760
105133587325496,0,9.977641402686004,160727040,159989760
105133687601435,0,0.0,160727040,159989760
105133787869484,0,0.0,160743424,159989760
105133888141089,0,0.0,160743424,159989760
105133988357287,0,9.978424948495356,160743424,159989760
105134088574837,0,0.0,160743424,159989760
105134188800146,0,0.0,160743424,159989760
105134289057733,0,0.0,160743424,159989760
105134389306301,0,0.0,160743424,159989760
105134489587073,0,9.972056700859708,160743424,159989760
105134589815234,0,0.0,160743424,159989760
105134690043283,0,0.0,160743424,159989760
105134790263185,0,0.0,160743424,159989760
105134890480123,0,0.0,160743424,159989760
105134990697673,0,9.978259070297382,160743424,159989760
105135090948445,0,0.0,160743424,159989760
105135191183884,0,0.0,160743424,159989760
105135291412878,0,0.0,160743424,159989760
105135391633816,0,0.0,160743424,159989760
105135491851310,0,0.0,160743424,159989760
105135592080471,0,9.97702202117709,160743424,159989760
105135692352225,0,0.0,160743424,159989760
105135792571478,0,0.0,160743424,159989760
105135892790176,0,0.0,160743424,159989760
105135993016078,0,0.0,160743424,159989760
105136093219646,0,0.0,160743424,159989760
105136193457307,0,0.0,160743424,159989760
105136293750634,0,9.970804586600332,160743424,159989760
105136393964684,0,0.0,160743424,159989760
105136494166678,0,0.0,160743424,159989760
105136594369172,0,0.0,160743424,159989760
105136694566963,0,0.0,160743424,159989760
105136794771531,0,0.0,160743424,159989760
105136894985155,0,9.978543039699849,160743424,159989760
105136995235741,0,0.0,160743424,159989760
105137095458661,0,0.0,160743424,159989760
105137195702915,0,0.0,160743424,159989760
105137295931150,0,0.0,160743424,159989760
105137396158199,0,0.0,160743424,159989760
105137496377064,0,9.978111615084044,160743424,159989760
105137596634095,0,0.0,160743424,159989760
105137696844997,0,0.0,160743424,159989760
105137797066602,0,0.0,160743424,159989760
105137897273615,0,0.0,160743424,159989760
105137997493979,0,0.0,160743424,159989760
105138097709473,0,9.978371579293563,160759808,159989760
105138197970523,0,0.0,160759808,159989760
105138298191795,0,0.0,160759808,159989760
105138398405345,0,0.0,160759808,159989760
105138498618487,0,0.0,160759808,159989760
105138598825444,0,0.0,160759808,159989760
105138699036864,0,9.978884181365485,160759808,159989760
105138799277655,0,0.0,160759808,159989760
105138899493556,0,0.0,160759808,159989760
105138999711347,0,0.0,160759808,159989760
105139099921600,0,0.0,160759808,159989760
105139200134798,0,0.0,160759808,159989760
105139300341700,0,19.958579760784932,160759808,159989760
105139400586175,0,0.0,160759808,159989760
105139500800151,0,0.0,160759808,159989760
105139601045275,0,0.0,160759808,159989760
105139701246825,0,0.0,160759808,159989760
105139801446337,0,0.0,160759808,159989760
105139901641498,0,9.980414932926946,160759808,159989760
105140001896677,0,0.0,160759808,159989760
105140102105949,0,0.0,160759808,159989760
105140202312592,0,0.0,160759808,159989760
105140302520179,0,0.0,160759808,159989760
105140402729136,0,0.0,160759808,159989760
105140502932463,0,0.0,160759808,159989760
105140603138717,0,9.979239987156536,160759808,159989760
105140703386359,0,0.0,160759808,159989760
105140803601075,0,0.0,160759808,159989760
105140903810033,0,0.0,160759808,159989760
105141004019175,0,0.0,160759808,159989760
105141104230225,0,0.0,160759808,159989760
105141204452052,0,9.977925336932888,160759808,159989760
105141304701176,0,0.0,160759808,159989760
105141404923466,0,0.0,160759808,159989760
105141505126812,0,0.0,160759808,159989760
105141605329529,0,0.0,160759808,159989760
105141705531338,0,0.0,160759808,159989760
105141805736295,0,9.979476109500272,160759808,159989760
105141905986697,0,0.0,160759808,159989760
105142006210006,0,0.0,160759808,159989760
105142106432055,0,0.0,160759808,159989760
105142206651624,0,0.0,160759808,159989760
105142306857821,0,0.0,160759808,159989760
105142407064816,0,9.979295356810356,160759808,159989760
105142507311551,0,0.0,160759808,159989760
105142607536841,0,0.0,160759808,159989760
105142707750632,0,0.0,160759808,159989760
105142807950700,0,0.0,160759808,159989760
105142908162490,0,0.0,160759808,159989760
105143008366577,0,9.979555484152764,160759808,159989760
105143108619923,0,0.0,160759808,159989760
105143208866880,0,0.0,160759808,159989760
105143309094467,0,0.0,160759808,159989760
105143409306998,0,0.0,160759808,159989760
105143509515067,0,0.0,160759808,159989760
105143609729709,0,9.978565143533757,160759808,159989760
105143710002073,0,0.0,160759808,159989760
105143810284716,0,0.0,160759808,159989760
105143910524821,0,0.0,160759808,159989760
105144010740519,0,0.0,160759808,159989760
105144110951032,0,0.0,160759808,159989760
105144211168470,0,0.0,160759808,159989760
105144311411983,0,9.97544981967212,160759808,159989760
105144411726496,0,0.0,160759808,159989760
105144511945323,0,0.0,160759808,159989760
105144612166780,0,0.0,160759808,159989760
105144712388275,0,0.0,160759808,159989760
105144812594676,0,9.979407890626204,160759808,159989760
105144912804300,0,0.0,160759808,159989760
105145013116998,0,0.0,160759808,159989760
105145113329270,0,0.0,160759808,159989760
105145213549431,0,9.978100464914725,160759808,159989760
105145313764795,0,0.0,160759808,159989760
105145413974678,0,0.0,160759808,159989760
105145514222173,0,0.0,160759808,159989760
105145614486148,0,0.0,160759808,159989760
105145714693476,0,9.979348835888192,160759808,159989760
105145814898266,0,0.0,160759808,159989760
105145915102279,0,0.0,160759808,159989760
105146015314588,0,0.0,160759808,159989760
105146115568786,0,9.974561774593251,160759808,159989760
105146215838817,0,0.0,160759808,159989760
105146316046960,0,0.0,160759808,159989760
105146416255213,0,0.0,160759808,159989760
105146516461355,0,0.0,160759808,159989760
105146616677516,0,0.0,160759808,159989760
105146716907473,0,9.97698887354514,160759808,159989760
105146817165968,0,0.0,160759808,159989760
105146917369110,0,0.0,160759808,159989760
105147017573826,0,0.0,160759808,159989760
105147117784376,0,0.0,160759808,159989760
105147217991574,0,0.0,160759808,159989760
105147318212883,0,9.97784429606834,160759808,159989760
105147418466488,0,0.0,160759808,159989760
105147518674927,0,0.0,160759808,159989760
105147618879069,0,0.0,160759808,159989760
105147719079749,0,0.0,160759808,159989760
105147819274428,0,0.0,160759808,159989760
105147919481626,0,0.0,160759808,159989760
105148019708861,0,9.97721005602952,160759808,159989760
105148119978152,0,0.0,160759808,159989760
105148220194572,0,9.978434308521717,160759808,159989760
105148320413955,0,0.0,160759808,159989760
105148420611875,0,0.0,160759808,159989760
105148520812017,0,0.0,160759808,159989760
105148621052049,0,9.975965902852618,160759808,159989760
105148721315098,0,0.0,160759808,159989760
105148821513407,0,0.0,160759808,159989760
105148921704717,0,0.0,160759808,159989760
105149021887600,0,0.0,160759808,159989760
105149122174964,0,0.0,160759808,159989760
105149222404829,0,9.977047801855994,160759808,159989760
105149322652582,0,0.0,160759808,159989760
105149422856502,0,0.0,160759808,159989760
105149523056460,0,0.0,160759808,159989760
105149623245083,0,0.0,160759808,159989760
105149723425689,0,0.0,160759808,159989760
105149823631146,0,9.979452107503251,160759808,159989760
105149923873955,0,0.0,160759808,159989760
105150024106597,0,0.0,160759808,159989760
105150124317925,0,0.0,160759808,159989760
105150224516808,0,0.0,160759808,159989760
105150324699210,0,9.981811543400575,160759808,159989760
105150424905889,0,0.0,160759808,159989760
105150525155680,0,0.0,160759808,159989760
105150625349304,0,0.0,160759808,159989760
105150725541002,0,0.0,160759808,159989760
105150825823459,0,9.972053022408325,160759808,159989760
105150926029268,0,0.0,160759808,159989760
105151026231318,0,0.0,160759808,159989760
105151126472701,0,0.0,160759808,159989760
105151226669565,0,0.0,160759808,159989760
105151326860615,0,9.980938801427142,160759808,159989760
105151427043554,0,0.0,160759808,159989760
105151527218363,0,0.0,160759808,159989760
105151627395950,0,0.0,160759808,159989760
105151727599444,0,0.0,160759808,159989760
105151827848290,0,9.975315284121747,160759808,159989760
105151928018747,0,0.0,160759808,159989760
105152028196316,0,0.0,160759808,159989760
105152128379847,0,0.0,160759808,159989760
105152228573730,0,0.0,160759808,159989760
105152328787502,0,9.9786499794045,160759808,159989760
105152429042681,0,0.0,160759808,159989760
105152529258342,0,0.0,160759808,159989760
105152629447170,0,0.0,160759808,159989760
105152729625386,0,0.0,160759808,159989760
105152829797492,0,0.0,160759808,159989760
105152930004690,0,9.97917366408265,160759808,159989760
105153030259091,0,0.0,160759808,159989760
105153130452012,0,0.0,160759808,159989760
105153230641376,0,0.0,160759808,159989760
105153330823593,0,0.0,160759808,159989760
105153431006624,0,0.0,160759808,159989760
105153531214285,0,9.979182925522641,160759808,159989760
105153631469446,0,0.0,160759808,159989760
105153731665533,0,0.0,160759808,159989760
105153831868545,0,0.0,160759808,159989760
105153932076262,0,0.0,160759808,159989760
105154032271108,0,0.0,160759808,159989760
105154132499213,0,0.0,160759808,159989760
105154232750559,0,0.0,160759808,159989760
105154332947072,0,0.0,160759808,159989760
105154433153455,0,9.979411475959676,160759808,159989760
105154533344524,0,0.0,160759808,159989760
105154633520481,0,0.0,160759808,159989760
105154733721975,0,9.979813630789653,160759808,159989760
105154833965969,0,0.0,160759808,159989760
105154934171038,0,0.0,160759808,159989760
105155034361921,0,0.0,160759808,159989760
105155134553637,0,0.0,160759808,159989760
105155234747224,0,9.980684182826886,160759808,159989760
105155334933682,0,0.0,160759808,159989760
105155435144342,0,0.0,160759808,159989760
105155535409263,0,0.0,160759808,159989760
105155635593794,0,0.0,160759808,159989760
105155735783103,0,9.981141730357642,160759808,159989760
105155835966486,0,0.0,160759808,159989760
105155936158073,0,0.0,160759808,159989760
105156036373290,0,0.0,160759808,159989760
105156136650913,0,0.0,160759808,159989760
105156236894796,0,0.0,160759808,159989760
105156337106809,0,0.0,160759808,159989760
105156437322211,0,0.0,160759808,159989760
105156537536353,0,9.978655456568848,160759808,159989760
105156637779588,0,0.0,160759808,159989760
105156738060805,0,0.0,160759808,159989760
105156838281299,0,0.0,160759808,159989760
105156938486608,0,0.0,160759808,159989760
105157038696565,0,0.0,160759808,159989760
105157138927523,0,9.976975932644084,160759808,159989760
105157239154072,0,0.0,160759808,159989760
105157339421807,0,0.0,160759808,159989760
105157439677302,0,0.0,160759808,159989760
105157539891592,0,0.0,160759808,159989760
105157640102438,0,9.979020605726701,160759808,159989760
105157740307025,0,0.0,160759808,159989760
105157840528038,0,0.0,160759808,159989760
105157940796125,0,0.0,160759808,159989760
105158041026137,0,0.0,160759808,159989760
105158141254854,0,9.977165760516245,160759808,159989760
105158241474959,0,0.0,160759808,159989760
105158341694917,0,0.0,160759808,159989760
105158441925300,0,0.0,160759808,159989760
105158542189627,0,9.973754862194047,160759808,159989760
105158642379547,0,0.0,160759808,159989760
105158742563745,0,0.0,160759808,159989760
105158842746388,0,0.0,160759808,159989760
105158942950382,0,0.0,160759808,159989760
105159043175413,0,0.0,160759808,159989760
105159143385130,0,9.978921026559425,160759808,159989760
105159243649643,0,0.0,160759808,159989760
105159343852915,0,0.0,160759808,159989760
105159444045354,0,0.0,160759808,159989760
105159544232774,0,0.0,160759808,159989760
105159644414342,0,0.0,160759808,159989760
105159744630077,0,9.978264545583736,160759808,159989760
105159844907053,0,0.0,160759808,159989760
105159945128510,0,0.0,160759808,159989760
105160045338819,0,0.0,160759808,159989760
105160145557499,0,0.0,160759808,159989760
105160245788882,0,0.0,160759808,159989760
105160346043598,0,9.97458754400693,160759808,159989760
105160446328944,0,0.0,160759808,159989760
105160546563809,0,0.0,160759808,159989760
105160646771877,0,0.0,160759808,159989760
105160746983205,0,0.0,160759808,159989760
105160847194551,0,0.0,160759808,159989760
105160947428527,0,9.976618298184414,160759808,159989760
105161047751503,0,0.0,160759808,159989760
105161148015904,0,0.0,160759808,159989760
105161248264954,0,0.0,160759808,159989760
105161348477708,0,0.0,160759808,159989760
105161448667220,0,0.0,160759808,159989760
105161548889715,0,9.977744640414214,160759808,159989760
105161649167950,0,0.0,160759808,159989760
105161749382555,0,0.0,160759808,159989760
105161849581771,0,0.0,160759808,159989760
105161949775303,0,0.0,160759808,159989760
105162049966686,0,0.0,160759808,159989760
105162150205717,0,9.976159373770265,160759808,159989760
105162250487730,0,0.0,160759808,159989760
105162350705039,0,0.0,160759808,159989760
105162450909256,0,0.0,160759808,159989760
105162551117046,0,0.0,160759808,159989760
105162651335689,0,0.0,160759808,159989760
105162751533961,0,0.0,160759808,159989760
105162851750492,0,9.978177924042006,160776192,159989760
105162952025838,0,0.0,160776192,159989760
105163052236055,0,0.0,160776192,159989760
105163152435827,0,0.0,160776192,159989760
105163252664969,0,0.0,160776192,159989760
105163352852927,0,9.981256199181248,160776192,159989760
105163453065365,0,0.0,160776192,159989760
105163553352656,0,0.0,160776192,159989760
105163653579946,0,0.0,160776192,159989760
105163753827681,0,0.0,160776192,159989760
105163854028120,0,9.97999619658194,160776192,159989760
105163954244226,0,0.0,160776192,159989760
105164054475312,0,0.0,160776192,159989760
105164154763714,0,0.0,160776192,159989760
105164255041523,0,0.0,160776192,159989760
105164355256480,0,9.978548515297847,160776192,159989760
105164455480586,0,0.0,160776192,159989760
105164555690080,0,0.0,160776192,159989760
105164655910778,0,0.0,160776192,159989760
105164756176217,0,9.973563275093786,160776192,159989760
105164856389822,0,0.0,160776192,159989760
105164956589039,0,0.0,160776192,159989760
105165056775107,0,0.0,160776192,159989760
105165156959398,0,0.0,160776192,159989760
105165257175225,0,0.0,160776192,159989760
105165357453034,0,0.0,160776192,159989760
105165457674603,0,0.0,160776192,159989760
105165557884264,0,0.0,160776192,159989760
105165658081277,0,9.98036692146547,160776192,159989760
105165758265438,0,0.0,160776192,159989760
105165858469562,0,0.0,160776192,159989760
105165958748130,0,0.0,160776192,159989760
105166058963420,0,0.0,160776192,159989760
105166159174767,0,9.97892102510992,160776192,159989760
105166259382335,0,0.0,160776192,159989760
105166359576792,0,0.0,160776192,159989760
105166459776064,0,0.0,160776192,159989760
105166560010170,0,0.0,160776192,159989760
105166660282238,0,0.0,160776192,159989760
105166760479010,0,9.980372499079321,160776192,159989760
105166860673171,0,0.0,160776192,159989760
105166960859443,0,9.981407432704435,160776192,159989760
105167061063771,0,0.0,160776192,159989760
105167161354950,0,0.0,160776192,159989760
105167261635556,0,0.0,160776192,159989760
105167361842458,0,0.0,160776192,159989760
105167462044285,0,9.979872692477736,160776192,159989760
105167562241835,0,0.0,160776192,159989760
105167662503181,0,0.0,160776192,159989760
105167762707972,0,0.0,160776192,159989760
105167862937836,0,0.0,160776192,159989760
105167963126664,0,9.98110855534502,160776192,159989760
105168063334510,0,0.0,160776192,159989760
105168163526171,0,0.0,160776192,159989760
105168263748314,0,0.0,160776192,159989760
105168363934808,0,0.0,160776192,159989760
105168464205969,0,0.0,160776192,159989760
105168564406149,0,0.0,160776192,159989760
105168664596106,0,0.0,160776192,159989760
105168764794785,0,9.980189822407443,160776192,159989760
105168864992391,0,0.0,160776192,159989760
105168965202607,0,0.0,160776192,159989760
105169065479472,0,0.0,160776192,159989760
105169165693485,0,0.0,160776192,159989760
105169265927646,0,0.0,160776192,159989760
105169366130066,0,0.0,160776192,159989760
105169466326079,0,0.0,160776192,159989760
105169566502758,0,9.98228752858915,160776192,159989760
105169666781364,0,0.0,160776192,159989760
105169767008136,0,0.0,160776192,159989760
105169867203278,0,0.0,160776192,159989760
105169967388421,0,0.0,160776192,159989760
105170067575156,0,0.0,160776192,159989760
105170167790002,0,9.978423157631633,160776192,159989760
105170268048070,0,0.0,160776192,159989760
105170368326694,0,0.0,160776192,159989760
105170468577596,0,0.0,160776192,159989760
105170568803109,0,0.0,160776192,159989760
105170669003363,0,0.0,160776192,159989760
105170769185412,0,9.981850200859165,160776192,159989760
105170869399370,0,0.0,160776192,159989760
105170969682457,0,0.0,160776192,159989760
105171069879747,0,0.0,160776192,159989760
105171170086612,0,9.979157033818609,160776192,159989760
105171270337180,0,0.0,160776192,159989760
105171370547360,0,0.0,160776192,159989760
105171470803854,0,0.0,160776192,159989760
105171571061404,0,0.0,160776192,159989760
105171671284120,0,9.977796209373686,160776192,159989760
105171771527707,0,0.0,160776192,159989760
105171871735739,0,0.0,160776192,159989760
105171971945807,0,0.0,160776192,159989760
105172072158931,0,0.0,160776192,159989760
105172172399000,0,9.976017553354419,160776192,159989760
105172272632679,0,0.0,160776192,159989760
105172372851840,0,0.0,160776192,159989760
105172473062945,0,0.0,160776192,159989760
105172573274736,0,9.97889155125194,160776192,159989760
105172673482564,0,0.0,160776192,159989760
105172773718595,0,0.0,160776192,159989760
105172873932830,0,0.0,160776192,159989760
105172974143954,0,0.0,160776192,159989760
105173074361523,0,9.97818718363384,160776192,159989760
105173174620980,0,0.0,160776192,159989760
105173274919215,0,0.0,160776192,159989760
105173375162987,0,0.0,160776192,159989760
105173475389500,0,0.0,160776192,159989760
105173575596976,0,0.0,160776192,159989760
105173675806174,0,0.0,160776192,159989760
105173776016946,0,0.0,160776192,159989760
105173876229051,0,0.0,160776192,159989760
105173976447138,0,9.978192658841303,160776192,159989760
105174076696781,0,0.0,160776192,159989760
105174176947164,0,0.0,160776192,159989760
105174277190269,0,0.0,160776192,159989760
105174377468634,0,0.0,160776192,159989760
105174477693591,0,0.0,160776192,159989760
105174577911604,0,9.978253493597068,160776192,159989760
105174678187839,0,0.0,160776192,159989760
105174778384111,0,0.0,160776192,159989760
105174878555309,0,0.0,160776192,159989760
105174978728415,0,0.0,160776192,159989760
105175078897724,0,0.0,160776192,159989760
105175179075218,0,9.982117734566419,160776192,159989760
105175279337379,0,0.0,160776192,159989760
105175379532929,0,0.0,160776192,159989760
105175479739683,0,0.0,160776192,159989760
105175579943196,0,0.0,160776192,159989760
105175680160209,0,0.0,160776192,159989760
105175780341592,0,9.981798489942744,160776192,159989760
105175880569790,0,0.0,160776192,159989760
105175980777507,0,0.0,160776192,159989760
105176080985982,0,0.0,160776192,159989760
105176181193736,0,0.0,160776192,159989760
105176281447582,0,9.97479389522407,160776192,159989760
105176381647817,0,0.0,160776192,159989760
105176481884960,0,0.0,160776192,159989760
105176582099917,0,0.0,160776192,159989760
105176682317634,0,0.0,160776192,159989760
105176782522498,0,9.97954990745251,160776192,159989760
105176882726215,0,0.0,160776192,159989760
105176982935987,0,0.0,160776192,159989760
105177083176685,0,0.0,160776192,159989760
105177183385717,0,0.0,160776192,159989760
105177283618507,0,9.976859771670819,160776192,159989760
105177383826502,0,0.0,160776192,159989760
105177484026218,0,0.0,160776192,159989760
105177584226194,0,0.0,160776192,159989760
105177684426874,0,0.0,160776192,159989760
105177784669923,0,9.975766866964998,160776192,159989760
105177884884084,0,0.0,160776192,159989760
105177985090357,0,0.0,160776192,159989760
105178085295444,0,0.0,160776192,159989760
105178185509568,0,0.0,160776192,159989760
105178285729358,0,9.978153929737594,160776192,159989760
105178385954464,0,0.0,160776192,159989760
105178486176828,0,0.0,160776192,159989760
105178586376119,0,0.0,160776192,159989760
105178686563484,0,9.981315176463413,160776192,159989760
105178786754404,0,0.0,160776192,159989760
105178886963121,0,9.979020605726701,160776192,159989760
105178987222189,0,0.0,160776192,159989760
105179087440295,0,0.0,160776192,159989760
105179187679937,0,0.0,160776192,159989760
105179287912209,0,0.0,160776192,159989760
105179388136574,0,0.0,160776192,159989760
105179488409976,0,0.0,160776192,159989760
105179588658859,0,9.975188215079047,160776192,159989760
105179688874335,0,0.0,160776192,159989760
105179789066477,0,0.0,160776192,159989760
105179889304268,0,0.0,160776192,159989760
105179989499003,0,0.0,160776192,159989760
105180089699109,0,0.0,160776192,159989760
105180189943881,0,0.0,160776192,159989760
105180290160986,0,0.0,160776192,159989760
105180390358814,0,0.0,160776192,159989760
105180490601456,0,9.975796323816176,160776192,159989760
105180590818988,0,0.0,160776192,159989760
105180691007427,0,0.0,160776192,159989760
105180791221217,0,0.0,160776192,159989760
105180891404897,0,0.0,160776192,159989760
105180991598965,0,9.980280263418507,160776192,159989760
105181091908830,0,0.0,160776192,159989760
105181192216658,0,0.0,160776192,159989760
105181292511800,0,0.0,160776192,159989760
105181392800943,0,9.971170952553653,160776192,159989760
105181493084770,0,0.0,160776192,159989760
105181593385413,0,9.969966970250223,160776192,159989760
105181693691500,0,0.0,160776192,159989760
105181793998457,0,0.0,160776192,159989760
105181894299803,0,0.0,160776192,159989760
105181994566205,0,0.0,160776192,159989760
105182094895180,0,9.967087082746644,160776192,159989760
105182195155082,0,0.0,160776192,159989760
105182295396114,0,0.0,160776192,159989760
105182395637515,0,0.0,160776192,159989760
105182495866102,0,0.0,160776192,159989760
105182596135097,0,9.973058580791484,160776192,159989760
105182696433739,0,0.0,160776192,159989760
105182796683474,0,0.0,160776192,159989760
105182896901635,0,0.0,160776192,159989760
105182997137389,0,0.0,160776192,159989760
105183097375050,0,0.0,160776192,159989760
105183197631470,0,0.0,160776192,159989760
105183297890779,0,9.97416571347956,160776192,159989760
105183398144551,0,0.0,160776192,159989760
105183498395009,0,0.0,160776192,159989760
105183598638929,0,0.0,160776192,159989760
105183698866405,0,0.0,160776192,159989760
105183799125807,0,0.0,160776192,159989760
105183899444801,0,0.0,160776192,159989760
105183999691684,0,9.975403847025893,160776192,159989760
105184099940382,0,0.0,160776192,159989760
105184200178914,0,0.0,160776192,159989760
105184300441593,0,0.0,160776192,159989760
105184400740051,0,0.0,160776192,159989760
105184500992637,0,0.0,160776192,159989760
105184601246206,0,9.974698080793823,160776192,159989760
105184701494682,0,0.0,160776192,159989760
105184801731695,0,0.0,160776192,159989760
105184901961300,0,0.0,160776192,159989760
105185002190332,0,0.0,160776192,159989760
105185102475918,0,9.971460086312048,160776192,159989760
105185202780135,0,0.0,160776192,159989760
105185303043926,0,0.0,160776192,159989760
105185403308679,0,0.0,160776192,159989760
105185503560488,0,0.0,160776192,159989760
105185603808149,0,0.0,160776192,159989760
105185704041792,0,9.976695735750312,160776192,159989760
105185804330009,0,0.0,160776192,159989760
105185904562077,0,0.0,160776192,159989760
105186004779571,0,0.0,160776192,159989760
105186105013825,0,0.0,160776192,159989760
105186205247042,0,0.0,160776192,159989760
105186305500869,0,9.974633609028437,160776192,159989760
105186405798049,0,9.970224722313585,160776192,159989760
105186506085858,0,0.0,160776192,159989760
105186606330723,0,0.0,160776192,159989760
105186706580013,0,0.0,160776192,159989760
105186806817434,0,0.0,160776192,159989760
105186907069613,0,9.974804938102212,160776192,159989760
105187007327719,0,0.0,160776192,159989760
105187107571546,0,0.0,160776192,159989760
105187207810448,0,0.0,160776192,159989760
105187308044091,0,0.0,160776192,159989760
105187408292956,0,0.0,160776192,159989760
105187508555487,0,9.973865380526759,160776192,159989760
105187608838981,0,0.0,160776192,159989760
105187709085698,0,0.0,160776192,159989760
105187809335933,0,0.0,160776192,159989760
105187909602557,0,0.0,160776192,159989760
105188009883107,0,0.0,160776192,159989760
105188110134194,0,0.0,160776192,159989760
105188210413262,0,0.0,160776192,159989760
105188310661238,0,9.975291402047425,160776192,159989760
105188410905103,0,0.0,160776192,159989760
105188511139375,0,0.0,160776192,159989760
105188611365944,0,0.0,160776192,159989760
105188711588586,0,0.0,160776192,159989760
105188811840321,0,9.974688829123904,160776192,159989760
105188912109612,0,0.0,160776192,159989760
105189012317884,0,0.0,160776192,159989760
105189112566471,0,0.0,160776192,159989760
105189212810502,0,0.0,160776192,159989760
105189313052145,0,0.0,160776192,159989760
105189413303602,0,9.97495050453484,160808960,159989760
105189513589874,0,0.0,160808960,159989760
105189613830998,0,0.0,160808960,159989760
105189714049826,0,0.0,160808960,159989760
105189814287580,0,0.0,160808960,159989760
105189914627796,0,0.0,160808960,159989760
105190014912680,0,0.0,160808960,159989760
105190115186507,0,9.972625740188487,160808960,159989760
105190215437446,0,0.0,160808960,159989760
105190315680255,0,0.0,160808960,159989760
105190415920639,0,0.0,160808960,159989760
105190516168948,0,0.0,160808960,159989760
105190616463887,0,9.970819301077919,160825344,159989760
105190716732307,0,0.0,160825344,159989760
105190817037524,0,0.0,160825344,159989760
105190917391018,0,0.0,160825344,159989760
105191017701179,0,0.0,160825344,159989760
105191118014840,0,0.0,160825344,159989760
105191218228594,0,9.978653664173398,160825344,159989760
105191318481403,0,0.0,160825344,159989760
105191418783138,0,0.0,160825344,159989760
105191519111632,0,0.0,160825344,159989760
105191619353997,0,0.0,160825344,159989760
105191719658676,0,0.0,160825344,159989760
105191819897523,0,9.976233121227851,160825344,159989760
105191920158499,0,0.0,160825344,159989760
105192020382123,0,0.0,160825344,159989760
105192120590691,0,0.0,160825344,159989760
105192220799982,0,0.0,160825344,159989760
105192321046347,0,0.0,160825344,159989760
105192421249637,0,9.979701087822486,160825344,159989760
105192521455650,0,0.0,160825344,159989760
105192621704922,0,0.0,160825344,159989760
105192721909639,0,0.0,160825344,159989760
105192822114115,0,0.0,160825344,159989760
105192922319758,0,9.979415161290541,160825344,159989760
105193022530826,0,0.0,160825344,159989760
105193122741006,0,0.0,160825344,159989760
105193223005796,0,0.0,160825344,159989760
105193323268328,0,9.973775155623922,160825344,159989760
105193423522693,0,0.0,160825344,159989760
105193523783631,0,0.0,160825344,159989760
105193624014070,0,0.0,160825344,159989760
105193724265342,0,9.97505736869873,160825344,159989760
105193824523763,0,0.0,160825344,159989760
105193924838239,0,0.0,160825344,159989760
105194025093863,0,0.0,160825344,159989760
105194125384209,0,0.0,160825344,159989760
105194225670962,0,0.0,160825344,159989760
105194325978235,0,9.969530721366931,160825344,159989760
105194426248118,0,0.0,160825344,159989760
105194526511260,0,0.0,160825344,159989760
105194626810051,0,0.0,160825344,159989760
105194727080490,0,0.0,160825344,159989760
105194827345281,0,0.0,160825344,159989760
105194927593090,0,9.97534851909967,160825344,159989760
105195027855640,0,0.0,160825344,159989760
105195128151653,0,0.0,160825344,159989760
105195228421240,0,0.0,160825344,159989760
105195328705049,0,0.0,160825344,159989760
105195428942691,0,0.0,160825344,159989760
105195529154723,0,9.978861976133956,160825344,159989760
105195629418662,0,0.0,160825344,159989760
105195729645119,0,0.0,160825344,159989760
105195829868447,0,0.0,160825344,159989760
105195930087423,0,0.0,160825344,159989760
105196030307399,0,9.978059842928491,160825344,159989760
105196130527986,0,0.0,160825344,159989760
105196230766684,0,0.0,160825344,159989760
105196331047938,0,0.0,160825344,159989760
105196431288858,0,9.975969485713287,160825344,159989760
105196531519389,0,0.0,160825344,159989760
105196631856013,0,0.0,160825344,159989760
105196732103174,0,0.0,160825344,159989760
105196832348687,0,9.975440663627174,160825344,159989760
105196932629348,0,0.0,160825344,159989760
105197032908954,0,0.0,160825344,159989760
105197133204745,0,0.0,160825344,159989760
105197233483720,0,0.0,160825344,159989760
105197333742511,0,0.0,160825344,159989760
105197434009506,0,9.973441622249474,160825344,159989760
105197534331648,0,0.0,160825344,159989760
105197634651754,0,0.0,160825344,159989760
105197734907655,0,0.0,160825344,159989760
105197835170613,0,0.0,160825344,159989760
105197935432366,0,0.0,160825344,159989760
105198035691287,0,9.974224609893179,160825344,159989760
105198135964096,0,0.0,160825344,159989760
105198236310368,0,0.0,160825344,159989760
105198336611455,0,0.0,160825344,159989760
105198436863561,0,0.0,160825344,159989760
105198537121092,0,0.0,160825344,159989760
105198637369420,0,9.975296975438177,160825344,159989760
105198737629488,0,0.0,160825344,159989760
105198837882149,0,0.0,160825344,159989760
105198938149533,0,0.0,160825344,159989760
105199038407675,0,0.0,160825344,159989760
105199138673262,0,0.0,160825344,159989760
105199238951294,0,9.972375224233044,160825344,159989760
105199339236510,0,0.0,160825344,159989760
105199439500357,0,0.0,160825344,159989760
105199539770110,0,0.0,160825344,159989760
105199640025549,0,0.0,160825344,159989760
105199740297377,0,9.972857770719077,160825344,159989760
105199841918703,0,0.0,160825344,159989760
105199947784156,0,0.0,160825344,159989760
105200048059762,0,0.0,160825344,159989760
105200148344404,0,9.971566875702042,160825344,159989760
105200248626232,0,0.0,160825344,159989760
105200348904301,0,0.0,160825344,159989760
105200449183573,0,0.0,160825344,159989760
105200549480345,0,9.970397689390467,160825344,159989760
105200649799654,0,0.0,160825344,159989760
105200750072408,0,0.0,160825344,159989760
105200850351865,0,0.0,160825344,159989760
105200950630193,0,0.0,160825344,159989760
105201050944280,0,0.0,160825344,159989760
105201151237923,0,9.970600189906172,160825344,159989760
105201251546065,0,0.0,160825344,159989760
105201351803856,0,0.0,160825344,159989760
105201452051332,0,0.0,160825344,159989760
105201552307826,0,0.0,160825344,159989760
105201652575821,0,9.973202106078391,160825344,159989760
105201752873370,0,9.97040882379742,160825344,159989760
105201853177365,0,0.0,160825344,159989760
105201953447730,0,0.0,160825344,159989760
105202053717576,0,0.0,160825344,159989760
105202154074422,0,0.0,160825344,159989760
105202254370028,0,0.0,160825344,159989760
105202354665892,0,9.970613114273736,160825344,159989760
105202454968016,0,0.0,160825344,159989760
105202555260048,0,0.0,160825344,159989760
105202655549265,0,0.0,160825344,159989760
105202755828963,0,0.0,160825344,159989760
105202856111790,0,0.0,160825344,159989760
105202956357952,0,9.97541489125372,160825344,159989760
105203056658446,0,0.0,160825344,159989760
105203156953996,0,0.0,160825344,159989760
105203257251990,0,0.0,160825344,159989760
105203357534188,0,0.0,160825344,159989760
105203457801368,0,0.0,160825344,159989760
105203558064344,0,9.9737234284581,160825344,159989760
105203658363727,0,0.0,160825344,159989760
105203758634333,0,0.0,160825344,159989760
105203858917309,0,0.0,160825344,159989760
105203959194859,0,9.972343997452793,160825344,159989760
105204059465594,0,0.0,160825344,159989760
105204159738477,0,0.0,160825344,159989760
105204260016860,0,0.0,160825344,159989760
105204360304910,0,9.971478480750559,160825344,159989760
105204460540683,0,0.0,160825344,159989760
105204560781677,0,0.0,160825344,159989760
105204661075338,0,0.0,160825344,159989760
105204761282703,0,0.0,160825344,159989760
105204861497772,0,9.978498730900856,160825344,159989760
105204961798396,0,0.0,160825344,159989760
105205062106020,0,0.0,160825344,159989760
105205162324440,0,0.0,160825344,159989760
105205262567194,0,0.0,160825344,159989760
105205362787725,0,0.0,160825344,159989760
105205463039386,0,9.974775488552497,160825344,159989760
105205563338936,0,0.0,160825344,159989760
105205663588246,0,0.0,160825344,159989760
105205763823110,0,0.0,160825344,159989760
105205864067438,0,0.0,160825344,159989760
105205964303840,0,0.0,160825344,159989760
105206064563649,0,9.97404394749748,160825344,159989760
105206164861773,0,0.0,160825344,159989760
105206265102712,0,0.0,160825344,159989760
105206365339892,0,0.0,160825344,159989760
105206465566349,0,0.0,160825344,159989760
105206565793066,0,0.0,160825344,159989760
105206666038338,0,9.975558584288748,160825344,159989760
105206766323111,0,0.0,160825344,159989760
105206866558605,0,0.0,160825344,159989760
105206966794451,0,0.0,160825344,159989760
105207067018835,0,0.0,160825344,159989760
105207167242014,0,0.0,160825344,159989760
105207267466490,0,9.977597201852294,160825344,159989760
105207367746281,0,0.0,160825344,159989760
105207467988183,0,0.0,160825344,159989760
105207568305103,0,0.0,160825344,159989760
105207668521468,0,0.0,160825344,159989760
105207768728851,0,0.0,160825344,159989760
105207868924142,0,0.0,160825344,159989760
105207969162729,0,9.976082044459792,160825344,159989760
105208069472539,0,0.0,160825344,159989760
105208169708977,0,0.0,160825344,159989760
105208269962028,0,0.0,160825344,159989760
105208370193429,0,0.0,160825344,159989760
105208470432628,0,0.0,160825344,159989760
105208570675659,0,9.97567103384187,160825344,159989760
105208670981431,0,0.0,160825344,159989760
105208771216185,0,0.0,160825344,159989760
105208871437328,0,0.0,160825344,159989760
105208971676952,0,0.0,160825344,159989760
105209071901224,0,0.0,160825344,159989760
105209172154941,0,9.974569038198306,160825344,159989760
105209272458398,0,0.0,160825344,159989760
105209372688504,0,0.0,160825344,159989760
105209472928369,0,0.0,160825344,159989760
105209573161678,0,0.0,160825344,159989760
105209673397802,0,0.0,160825344,159989760
105209773646963,0,19.950368868813932,160825344,159989760
105209873917365,0,0.0,160825344,159989760
105209974170415,0,0.0,160825344,159989760
105210074417391,0,0.0,160825344,159989760
105210174688089,0,0.0,160825344,159989760
105210274979546,0,0.0,160825344,159989760
105210375245782,0,9.973454553983606,160825344,159989760
105210475536776,0,0.0,160825344,159989760
105210575788271,0,0.0,160825344,159989760
105210676017561,0,0.0,160825344,159989760
105210776256963,0,0.0,160825344,159989760
105210876492236,0,0.0,160825344,159989760
105210976731489,0,0.0,160825344,159989760
105211077013465,0,9.971824609206251,160825344,159989760
105211177266960,0,0.0,160825344,159989760
105211277521695,0,0.0,160825344,159989760
105211377762578,0,0.0,160825344,159989760
105211478013091,0,0.0,160825344,159989760
105211578244160,0,0.0,160825344,159989760
105211678466969,0,9.977670870608208,160825344,159989760
105211778785686,0,0.0,160825344,159989760
105211879048736,0,0.0,160825344,159989760
105211979284971,0,0.0,160825344,159989760
105212079524780,0,0.0,160825344,159989760
105212179770330,0,0.0,160825344,159989760
105212280042695,0,9.972820971734377,160825344,159989760
105212380329264,0,0.0,160825344,159989760
105212480584999,0,0.0,160825344,159989760
105212580830882,0,0.0,160825344,159989760
105212681072803,0,0.0,160825344,159989760
105212781330482,0,0.0,160825344,159989760
105212881599736,0,9.973240896623217,160825344,159989760
105212981908675,0,0.0,160825344,159989760
105213082264429,0,0.0,160825344,159989760
105213182523201,0,0.0,160825344,159989760
105213282802140,0,0.0,160825344,159989760
105213383077949,0,0.0,160825344,159989760
105213483372777,0,9.970587365391427,160825344,159989760
105213583678160,0,0.0,160825344,159989760
105213683959303,0,0.0,160825344,159989760
105213784252927,0,0.0,160825344,159989760
105213884521884,0,9.973126711438624,160825344,159989760
105213984794342,0,0.0,160825344,159989760
105214085084744,0,9.971029174104189,160825344,159989760
105214185381442,0,0.0,160825344,159989760
105214285660751,0,0.0,160825344,159989760
105214385987171,0,0.0,160825344,159989760
105214486269851,0,0.0,160825344,159989760
105214586545327,0,0.0,160825344,159989760
105214686828155,0,9.97177489188042,160825344,159989760
105214787119668,0,0.0,160825344,159989760
105214887393699,0,0.0,160825344,159989760
105214987673509,0,0.0,160825344,159989760
105215087948651,0,0.0,160825344,159989760
105215188239183,0,9.971053135601561,160825344,159989760
105215288506733,0,0.0,160825344,159989760
105215388809616,0,0.0,160825344,159989760
105215489103073,0,0.0,160825344,159989760
105215589362309,0,9.974071601977112,160825344,159989760
105215689640322,0,0.0,160825344,159989760
105215789910853,0,0.0,160825344,159989760
105215890170644,0,0.0,160825344,159989760
105215990437638,0,0.0,160825344,159989760
105216090741726,0,0.0,160825344,159989760
105216191008850,0,0.0,160825344,159989760
105216291283122,0,9.97269197770138,160825344,159989760
105216391554172,0,0.0,160825344,159989760
105216491826537,0,0.0,160825344,159989760
105216592093976,0,9.973310920111137,160825344,159989760
105216692380970,0,0.0,160825344,159989760
105216792645909,0,0.0,160940032,159989760
