monotonic_ns,queue_pending_windows,process_cpu_percent_one_core,process_rss_bytes,process_lifetime_peak_rss_bytes
101417527696293,0,1322.7250834144095,177963008,177537024
101417628080146,0,9.962235555890777,178012160,177537024
101417728423389,0,0.0,178012160,177537024
101417828736261,0,0.0,178028544,177537024
101417928995707,0,0.0,178028544,177537024
101418029275894,0,9.972112986424152,178028544,177537024
101418129535655,0,9.974091200371026,178028544,177537024
101418229773565,0,0.0,178028544,177537024
101418330005437,0,9.976857183265654,178028544,177537024
101418430250032,0,0.0,178028544,177537024
101418530469849,0,0.0,178028544,177537024
101418630788703,0,0.0,178028544,177537024
101418731059132,0,9.973044854037704,178028544,177537024
101418831294579,0,9.97662297650131,178028544,177537024
101418931544507,0,0.0,178028544,177537024
101419031777529,0,9.97681099920849,178028544,177537024
101419131993661,0,0.0,178028544,177537024
101419232225071,0,9.976870022465702,178028544,177537024
101419332439611,0,0.0,178028544,177537024
101419432644743,0,0.0,178028544,177537024
101419532846506,0,0.0,178028544,177537024
101419633083120,0,9.976270940375933,178028544,177537024
101419733340624,0,9.974293651162663,178028544,177537024
101419833595756,0,0.0,178028544,177537024
101419933818315,0,9.977751111857435,178028544,177537024
101420034072170,0,0.0,178028544,177537024
101420134308766,0,0.0,178028544,177537024
101420234600603,0,0.0,178028544,177537024
101420334831865,0,9.978040527388949,178028544,177537024
101420435040221,0,0.0,178028544,177537024
101420535247558,0,9.979346046202911,178028544,177537024
101420635453469,0,0.0,178028544,177537024
101420735741158,0,9.971424191816544,178028544,177537024
101420835998292,0,0.0,178028544,177537024
101420936212240,0,9.979121083887838,178028544,177537024
101421036448115,0,0.0,178028544,177537024
101421136674267,0,0.0,178028544,177537024
101421236967900,0,0.0,178028544,177537024
101421337181997,0,9.978678457827009,178028544,177537024
101421437412334,0,9.977072687478044,178028544,177537024
101421537608135,0,0.0,178028544,177537024
101421637803973,0,0.0,178028544,177537024
101421738026089,0,9.976383207569983,178028544,177537024
101421838270278,0,9.97698230459218,178028544,177537024
101421938555264,0,0.0,178028544,177537024
101422038804676,0,0.0,178028544,177537024
101422139038848,0,9.97672420301844,178028544,177537024
101422239260611,0,0.0,178028544,177537024
101422339508209,0,9.975275581123581,178028544,177537024
101422439743750,0,0.0,178028544,177537024
101422539956367,0,0.0,178028544,177537024
101422640163927,0,0.0,178028544,177537024
101422740369359,0,9.979482383196926,178028544,177537024
101422840573457,0,9.979611554403304,178028544,177537024
101422940853777,0,0.0,178028544,177537024
101423041127171,0,0.0,178028544,177537024
101423141398935,0,9.972943305601959,178028544,177537024
101423241625940,0,0.0,178028544,177537024
101423341808538,0,9.981640669481445,178028544,177537024
101423442050766,0,0.0,178028544,177537024
101423542255160,0,0.0,178028544,177537024
101423642496370,0,9.975937141582758,178028544,177537024
101423742718561,0,0.0,178028544,177537024
101423842922826,0,9.979646510767477,178028544,177537024
101423943124517,0,0.0,178028544,177537024
101424043353672,0,9.9771166837658,178028544,177537024
101424143575326,0,0.0,178028544,177537024
101424243774017,0,0.0,178028544,177537024
101424343977597,0,9.979587453205294,178028544,177537024
101424444220769,0,0.0,178028544,177537024
101424544449831,0,0.0,178028544,177537024
101424644676745,0,9.977395013856103,178028544,177537024
101424744893937,0,0.0,178028544,177537024
101424845133573,0,0.0,178028544,177537024
101424945379598,0,9.975323443699441,178028544,177537024
101425045631697,0,9.973808876860259,178028544,177537024
101425145879056,0,0.0,178028544,177537024
101425246118618,0,0.0,178028544,177537024
101425346350606,0,9.97681985649114,178028544,177537024
101425446596445,0,9.97551868096708,178028544,177537024
101425546821193,0,0.0,178028544,177537024
101425647037997,0,0.0,178028544,177537024
101425747314374,0,0.0,178028544,177537024
101425847543678,0,0.0,178028544,177537024
101425947765500,0,9.977708402224074,178028544,177537024
101426048026988,0,9.973895422562675,178028544,177537024
101426148298958,0,0.0,178028544,177537024
101426248567224,0,0.0,178028544,177537024
101426348790157,0,9.977852061377547,178028544,177537024
101426449008776,0,9.978171153582291,178028544,177537024
101426549275080,0,0.0,178028544,177537024
101426649490606,0,0.0,178028544,177537024
101426749728003,0,9.97630736799064,178028544,177537024
101426849955177,0,9.977282425479935,178028544,177537024
101426950217426,0,0.0,178028544,177537024
101427050484470,0,0.0,178028544,177537024
101427150796848,0,9.968852122955349,178028544,177537024
101427251023745,0,0.0,178028544,177537024
101427351243382,0,0.0,178028544,177537024
101427451488594,0,0.0,178028544,177537024
101427551747417,0,9.974154970239093,178028544,177537024
101427651997499,0,0.0,178028544,177537024
101427752277322,0,9.972955836580201,178028544,177537024
101427852526979,0,0.0,178028544,177537024
101427952766969,0,9.975940524571701,178028544,177537024
101428053030347,0,9.973865778615478,178028544,177537024
101428153264522,0,0.0,178028544,177537024
101428253494031,0,9.977120168952606,178028544,177537024
101428353714928,0,0.0,178028544,177537024
101428453937789,0,0.0,178028544,177537024
101428554166594,0,9.977173523319898,178028544,177537024
101428654394270,0,0.0,178028544,177537024
101428754649408,0,0.0,178028544,177537024
101428854867547,0,0.0,178028544,177537024
101428955087186,0,9.977951520694846,178028544,177537024
101429055340232,0,9.974794293386912,178028544,177537024
101429155592481,0,0.0,178028544,177537024
101429255829453,0,0.0,178028544,177537024
101429356052740,0,0.0,178028544,177537024
101429456276546,0,9.977674953047334,178028544,177537024
101429556504037,0,9.977291385000289,178028544,177537024
101429656774343,0,0.0,178028544,177537024
101429757021241,0,0.0,178028544,177537024
101429857241640,0,9.978012352509424,178028544,177537024
101429957477612,0,9.975347027633278,178028544,177537024
101430057726937,0,0.0,178028544,177537024
101430157934299,0,9.97929565678895,178028544,177537024
101430258151549,0,0.0,178028544,177537024
101430358360633,0,0.0,178028544,177537024
101430458552346,0,0.0,178028544,177537024
101430558780838,0,9.977147643490428,178028544,177537024
101430659014386,0,0.0,178028544,177537024
101430759248970,0,0.0,178028544,177537024
101430859452573,0,9.979743715964663,178028544,177537024
101430959640639,0,9.98115866587735,178028544,177537024
101431059854760,0,0.0,178028544,177537024
101431160020697,0,0.0,178028544,177537024
101431260260207,0,0.0,178028544,177537024
101431360534884,0,9.972591031261475,178028544,177537024
101431460783450,0,0.0,178028544,177537024
101431561022646,0,9.976128223216127,178028544,177537024
101431661259194,0,9.976450786930267,178028544,177537024
101431761538334,0,0.0,178028544,177537024
101431861784790,0,0.0,178028544,177537024
101431962057615,0,9.972686706803014,178028544,177537024
101432062318589,0,9.974101348483826,178028544,177537024
101432162551619,0,0.0,178028544,177537024
101432262793611,0,0.0,178028544,177537024
101432363100307,0,9.969420597015068,178028544,177537024
101432463346447,0,0.0,178028544,177537024
101432563563385,0,0.0,178028544,177537024
101432663799822,0,9.975330210294544,178028544,177537024
101432764022704,0,0.0,178028544,177537024
101432864241938,0,9.978091304003748,178028544,177537024
101432964470765,0,9.977116186916652,178028544,177537024
101433064717906,0,0.0,178028544,177537024
101433164981380,0,0.0,178028544,177537024
101433265233262,0,9.975989986561778,178028544,177537024
101433365488310,0,0.0,178028544,177537024
101433465719378,0,9.976998129481762,178028544,177537024
101433565941427,0,0.0,178028544,177537024
101433666190291,0,0.0,178028544,177537024
101433766402674,0,0.0,178028544,177537024
101433866638297,0,9.97649866078482,178028544,177537024
101433966853772,0,9.978478518221024,178028544,177537024
101434067076618,0,0.0,178028544,177537024
101434167296852,0,0.0,178028544,177537024
101434267512864,0,9.978353060891063,178028544,177537024
101434367774784,0,0.0,178028544,177537024
101434468011333,0,0.0,178028544,177537024
101434568215939,0,0.0,178028544,177537024
101434668416766,0,9.979974083508905,178028544,177537024
101434768617779,0,0.0,178028544,177537024
101434868868144,0,19.949941605659706,178028544,177537024
101434969162527,0,0.0,178028544,177537024
101435069442114,0,0.0,178028544,177537024
101435169703145,0,9.973937203484555,178028544,177537024
101435270036639,0,0.0,178028544,177537024
101435370257966,0,0.0,178028544,177537024
101435470473109,0,0.0,178028544,177537024
101435570702289,0,9.97717312496709,178028544,177537024
101435670962710,0,9.974009030371155,178028544,177537024
101435771176631,0,0.0,178028544,177537024
101435871387885,0,0.0,178028544,177537024
101435971663324,0,9.972679147805467,178028544,177537024
101436071937263,0,0.0,178028544,177537024
101436172289573,0,9.964876202784591,178028544,177537024
101436272543993,0,0.0,178028544,177537024
101436372779007,0,0.0,178028544,177537024
101436472999558,0,9.978017429104346,178028544,177537024
101436573265571,0,9.973458135040604,178028544,177537024
101436673504530,0,0.0,178028544,177537024
101436773714414,0,0.0,178028544,177537024
101436873933484,0,9.9780432163766,178028544,177537024
101436974199794,0,0.0,178028544,177537024
101437074444901,0,9.975639488107424,178028544,177537024
101437174674804,0,0.0,178028544,177537024
101437274895874,0,0.0,178028544,177537024
101437375105962,0,0.0,178028544,177537024
101437475300791,0,9.980527291959117,178028544,177537024
101437575537787,0,0.0,178028544,177537024
101437675736302,0,9.980232054677979,178028544,177537024
101437775924243,0,9.98111572845876,178028544,177537024
101437876184165,0,0.0,178028544,177537024
101437976439735,0,9.974480491564323,178028544,177537024
101438076679990,0,0.0,178028544,177537024
101438176913634,0,0.0,178028544,177537024
101438277146760,0,0.0,178028544,177537024
101438377357905,0,9.978907880674951,178028544,177537024
101438477566234,0,9.979237996016815,178028544,177537024
101438577777972,0,0.0,178028544,177537024
101438678019024,0,9.975967395952729,178028544,177537024
101438778247169,0,0.0,178028544,177537024
101438878439092,0,0.0,178028544,177537024
101438978614645,0,9.982534556449943,178028544,177537024
101439078828438,0,0.0,178028544,177537024
101439178997861,0,9.983106686309991,178028544,177537024
101439279155747,0,0.0,178028544,177537024
101439379363743,0,9.97920652626049,178028544,177537024
101439479520574,0,0.0,178028544,177537024
101439579693238,0,0.0,178028544,177537024
101439679856088,0,9.983684364440318,178028544,177537024
101439780084752,0,0.0,178028544,177537024
101439880302731,0,0.0,178028544,177537024
101439980520932,0,9.978221831555443,178028544,177537024
101440080730911,0,0.0,178028544,177537024
101440180936871,0,0.0,178028544,177537024
101440281155332,0,9.978216256344727,178028544,177537024
101440381366329,0,0.0,178028544,177537024
101440481563642,0,9.980307655349762,178028544,177537024
101440581786270,0,9.977382870088851,178028544,177537024
101440682090249,0,0.0,178028544,177537024
101440782350747,0,0.0,178028544,177537024
101440882607096,0,9.974400999279327,178028544,177537024
101440982973316,0,0.0,178028544,177537024
101441083148370,0,9.982492005969995,178028544,177537024
101441183374905,0,0.0,178028544,177537024
101441283669569,0,9.970848430693735,178028544,177537024
101441383858919,0,9.980868272139992,178028544,177537024
101441484139418,0,0.0,178028544,177537024
101441584321990,0,0.0,178028544,177537024
101441684503730,0,9.981490026212102,178028544,177537024
101441784813228,0,0.0,178028544,177537024
101441885078486,0,9.973643846912358,178028544,177537024
101441985285226,0,0.0,178028544,177537024
101442085495187,0,9.979071790821559,178028544,177537024
101442185685316,0,0.0,178028544,177537024
101442285847111,0,0.0,178028544,177537024
101442386003406,0,9.98442260367958,178028544,177537024
101442486164276,0,0.0,178028544,177537024
101442586318812,0,0.0,178028544,177537024
101442686474386,0,0.0,178028544,177537024
101442786631441,0,9.984328398615292,178028544,177537024
101442886792570,0,0.0,178028544,177537024
101442987005903,0,9.978686324415087,178028544,177537024
101443087228420,0,0.0,178028544,177537024
101443187396105,0,0.0,178028544,177537024
101443287555327,0,9.98413451208213,178028544,177537024
101443387711752,0,0.0,178028544,177537024
101443487893844,0,9.981884775628433,178028544,177537024
101443588071715,0,0.0,178028544,177537024
101443688233826,0,0.0,178028544,177537024
101443788391437,0,9.98417508200513,178028544,177537024
101443888637067,0,9.975423549123391,178028544,177537024
101443988844067,0,0.0,178028544,177537024
101444089023937,0,0.0,178028544,177537024
101444189261048,0,0.0,178028544,177537024
101444289485048,0,19.9551637410172,178028544,177537024
101444389724215,0,0.0,178028544,177537024
101444489893252,0,0.0,178028544,177537024
101444590044012,0,9.984915290021915,178028544,177537024
101444690195031,0,0.0,178028544,177537024
101444790364680,0,0.0,178028544,177537024
101444890651014,0,0.0,178028544,177537024
101444990921884,0,9.97311318423531,178028544,177537024
101445091150829,0,9.977253658066726,178028544,177537024
101445191336274,0,0.0,178028544,177537024
101445291519108,0,9.981823796544617,178028544,177537024
101445391674628,0,0.0,178028544,177537024
101445491827295,0,0.0,178028544,177537024
101445591980926,0,9.984693664226016,178028544,177537024
101445692136539,0,9.984448123780771,178028544,177537024
101445792288466,0,0.0,178028544,177537024
101445892456560,0,0.0,178028544,177537024
101445992682339,0,0.0,178028544,177537024
101446092858377,0,9.982345922085049,178028544,177537024
101446193065989,0,0.0,178028544,177537024
101446293238657,0,0.0,178028544,177537024
101446393392511,0,19.969324520303715,178028544,177537024
101446493546938,0,0.0,178028544,177537024
101446593693644,0,0.0,178028544,177537024
101446693899164,0,0.0,178028544,177537024
101446794056259,0,0.0,178028544,177537024
101446894254798,0,9.980115417835032,178028544,177537024
101446994470077,0,9.978521929942055,178028544,177537024
101447094678042,0,0.0,178028544,177537024
101447194888710,0,9.979165498204301,178028544,177537024
101447295051823,0,0.0,178028544,177537024
101447395226251,0,0.0,178028544,177537024
101447495375216,0,9.98511827912206,178028544,177537024
101447595524126,0,0.0,178028544,177537024
101447695673185,0,0.0,178028544,177537024
101447795818669,0,9.985456083514167,178028544,177537024
101447895983153,0,0.0,178028544,177537024
101447996229674,0,9.975609435564122,178028544,177537024
101448096411806,0,0.0,178028544,177537024
101448196569382,0,9.984302281467984,178028544,177537024
101448296738737,0,0.0,178028544,177537024
101448396897498,0,0.0,178028544,177537024
101448497080205,0,9.981805166732581,178028544,177537024
101448597261764,0,0.0,178028544,177537024
101448697444933,0,9.981766308088137,178028544,177537024
101448797608474,0,0.0,178028544,177537024
101448897777588,0,0.0,178028544,177537024
101448997986239,0,0.0,178028544,177537024
101449098178575,0,9.98089178227498,178028544,177537024
101449198347004,0,0.0,178028544,177537024
101449298508933,0,9.983872052899473,178028544,177537024
101449398681548,0,0.0,178028544,177537024
101449498868218,0,0.0,178028544,177537024
101449599035870,0,9.983115257466237,178028544,177537024
101449699272892,0,9.976407293293414,178028544,177537024
101449799494506,0,0.0,178028544,177537024
101449899695788,0,9.979762936647095,178028544,177537024
101449999961365,0,0.0,178028544,177537024
101450100241480,0,0.0,178028544,177537024
101450200522483,0,9.971871642812204,178028544,177537024
101450300777690,0,0.0,178028544,177537024
101450401017657,0,0.0,178028544,177537024
101450501235309,0,9.978250705972354,178028544,177537024
101450601455665,0,0.0,178028544,177537024
101450701813372,0,9.964329196820033,178028544,177537024
101450802110931,0,0.0,178028544,177537024
101450902395287,0,9.971823615115762,178028544,177537024
101451002636995,0,0.0,178028544,177537024
101451102969073,0,9.966793633165043,178028544,177537024
101451203212669,0,0.0,178028544,177537024
101451303423618,0,0.0,178028544,177537024
101451403713585,0,9.971182882990071,178028544,177537024
101451504026330,0,9.968863450586095,178028544,177537024
101451604248464,0,0.0,178028544,177537024
101451704441191,0,0.0,178028544,177537024
101451804649048,0,9.979261099953456,178028544,177537024
101451904949404,0,9.970017564920791,178028544,177537024
101452005186687,0,0.0,178028544,177537024
101452105422284,0,0.0,178028544,177537024
101452205611363,0,0.0,178028544,177537024
101452305813183,0,9.979954561995356,178028544,177537024
101452405996910,0,9.981686799672383,178028544,177537024
101452506169267,0,0.0,178028544,177537024
101452606378883,0,9.979108038915815,178028544,177537024
101452706566741,0,0.0,178028544,177537024
101452806752265,0,0.0,178028544,177537024
101452907021788,0,0.0,178028544,177537024
101453007295738,0,9.972808837651003,178028544,177537024
101453107600780,0,0.0,178028544,177537024
101453207846267,0,0.0,178028544,177537024
101453308030198,0,9.981732830248212,178028544,177537024
101453408197648,0,9.983190703134118,178028544,177537024
101453508392599,0,0.0,178028544,177537024
101453608580697,0,9.981282699076402,178028544,177537024
101453708749370,0,0.0,178028544,177537024
101453808910617,0,0.0,178028544,177537024
101453909101568,0,9.98085831030049,178028544,177537024
101454009325277,0,0.0,178028544,177537024
101454109525635,0,0.0,178028544,177537024
101454209707512,0,9.981904404739147,178028544,177537024
101454309883481,0,0.0,178028544,177537024
101454410151505,0,9.973458929705581,178028544,177537024
101454510335252,0,9.981745782043342,178028544,177537024
101454610496277,0,0.0,178028544,177537024
101454710651821,0,0.0,178028544,177537024
101454810802624,0,0.0,178028544,177537024
101454910972872,0,9.982651648635464,178028544,177537024
101455011251138,0,0.0,178028544,177537024
101455111481051,0,0.0,178028544,177537024
101455211674632,0,19.96148411781305,178028544,177537024
101455311841454,0,0.0,178028544,177537024
101455412015831,0,0.0,178028544,177537024
101455512211708,0,9.980544625465813,178028544,177537024
101455612376456,0,0.0,178028544,177537024
101455712533279,0,0.0,178028544,177537024
101455812686323,0,0.0,178028544,177537024
101455912913497,0,9.976871417340417,178028544,177537024
101456013194226,0,0.0,178028544,177537024
101456113411752,0,9.978246723034358,178028544,177537024
101456213640574,0,0.0,178028544,177537024
101456313817711,0,9.982417269800553,178028544,177537024
101456413978218,0,0.0,178028544,177537024
101456514153892,0,9.982461513350552,178028544,177537024
101456614314808,0,0.0,178028544,177537024
101456714533741,0,0.0,178028544,177537024
101456814709305,0,0.0,178028544,177537024
101456914921220,0,9.978851521277658,178028544,177537024
101457015136172,0,0.0,178028544,177537024
101457115327680,0,9.9809558362848,178028544,177537024
101457215491003,0,9.9837036003049,178028544,177537024
101457315667381,0,0.0,178028544,177537024
101457415822500,0,0.0,178028544,177537024
101457515973768,0,0.0,178028544,177537024
101457616131332,0,9.984253634945848,178028544,177537024
101457716283693,0,9.984818481670796,178028544,177537024
101457816433424,0,0.0,178028544,177537024
101457916594858,0,0.0,178028544,177537024
101458016830459,0,9.97658007809657,178028544,177537024
101458117039967,0,0.0,178028544,177537024
101458217787196,0,0.0,178028544,177537024
101458317953686,0,9.983437675623069,178028544,177537024
101458418172343,0,9.978021711761748,178028544,177537024
101458518377055,0,0.0,178028544,177537024
101458618546435,0,9.983136884111778,178028544,177537024
101458718704833,0,0.0,178028544,177537024
101458818854842,0,0.0,178028544,177537024
101458919014073,0,0.0,178028544,177537024
101459019220193,0,0.0,178028544,177537024
101459119488850,0,9.973360952377211,178028544,177537024
101459219660952,0,9.98277701540657,178028544,177537024
101459319843091,0,0.0,178028544,177537024
101459420012063,0,0.0,178028544,177537024
101459520166017,0,9.984630059828511,178028544,177537024
101459620322823,0,0.0,178028544,177537024
101459720472518,0,0.0,178028544,177537024
101459820620343,0,0.0,178028544,177537024
101459920780019,0,19.967864518453958,178028544,177537024
101460020983658,0,0.0,178028544,177537024
101460121180501,0,0.0,178028544,177537024
101460221376363,0,0.0,178028544,177537024
101460321537947,0,9.983860390881375,178028544,177537024
101460421692438,0,0.0,178028544,177537024
101460521842115,0,9.985069425882118,178028544,177537024
101460621996088,0,0.0,178028544,177537024
101460722161395,0,0.0,178028544,177537024
101460822318127,0,9.984390104617681,178028544,177537024
101460922479304,0,0.0,178028544,177537024
101461022679704,0,0.0,178028544,177537024
101461122871788,0,9.980717652183888,178028544,177537024
101461223095354,0,9.977883224146352,178028544,177537024
101461323282864,0,0.0,178028544,177537024
101461423453282,0,9.982994668010793,178028544,177537024
101461523609385,0,0.0,178028544,177537024
101461623758507,0,0.0,178028544,177537024
101461723909925,0,0.0,178028544,177537024
101461824063529,0,9.984500760127283,178028544,177537024
101461924287095,0,0.0,178028544,177537024
101462024491458,0,0.0,178028544,177537024
101462124749135,0,9.974366676121763,178028544,177537024
101462224943609,0,9.980656787378752,178028544,177537024
101462325162879,0,0.0,178028544,177537024
101462425321631,0,0.0,178028544,177537024
101462525471957,0,9.985010302668831,178028544,177537024
101462625622209,0,0.0,178028544,177537024
101462725775091,0,0.0,178028544,177537024
101462825927232,0,9.984711110858173,178028544,177537024
101462926145577,0,9.976939203206163,178028544,177537024
101463026394736,0,0.0,178028544,177537024
101463126673766,0,0.0,178028544,177537024
101463226870500,0,0.0,178028544,177537024
101463327044956,0,9.982627234022955,178028544,177537024
101463427216856,0,9.982780403035889,178028544,177537024
101463527440738,0,0.0,178028544,177537024
101463627612009,0,0.0,178028544,177537024
101463727777225,0,0.0,178028544,177537024
101463827972941,0,9.980444517250449,178028544,177537024
101463928182490,0,9.978930286081422,178028544,177537024
101464028415632,0,0.0,178028544,177537024
101464128633162,0,9.97831632131333,178028544,177537024
101464228836007,0,0.0,178028544,177537024
101464329014649,0,0.0,178028544,177537024
101464429213383,0,9.980166016997769,178028544,177537024
101464529409951,0,0.0,178028544,177537024
101464629598260,0,9.98084665532239,178028544,177537024
101464729911495,0,0.0,178028544,177537024
101464830187229,0,0.0,178028544,177537024
101464930410445,0,9.977392625082004,178028544,177537024
101465030739587,0,9.96736852996159,178028544,177537024
101465131006155,0,0.0,178028544,177537024
101465231231741,0,0.0,178028544,177537024
101465331413884,0,0.0,178028544,177537024
101465431603489,0,9.98113246528057,178028544,177537024
101465531778187,0,0.0,178028544,177537024
101465631953682,0,9.98244437474703,178028544,177537024
101465732133232,0,9.982097407173443,178028544,177537024
101465832309783,0,0.0,178028544,177537024
101465932492574,0,0.0,178028544,177537024
101466032758772,0,0.0,178028544,177537024
101466132962748,0,9.979512959065964,178028544,177537024
101466233209298,0,0.0,178028544,177537024
101466333449366,0,9.976072787325931,178028544,177537024
101466433669602,0,9.978085728938447,178028544,177537024
101466533845541,0,0.0,178028544,177537024
101466634014296,0,0.0,178028544,177537024
101466734186532,0,9.982813389037299,178028544,177537024
101466834365472,0,0.0,178028544,177537024
101466934584893,0,0.0,178028544,177537024
101467034804314,0,0.0,178028544,177537024
101467134984494,0,9.982080867212298,178028544,177537024
101467235165231,0,0.0,178028544,177537024
101467335334189,0,9.983110474439927,178028544,177537024
101467435507517,0,9.982732168689763,178028544,177537024
101467535672995,0,0.0,178028544,177537024
101467635846380,0,0.0,178028544,177537024
101467736013116,0,0.0,178028544,177537024
101467836175205,0,9.983798890142987,178028544,177537024
101467936354534,0,9.981907293000097,178028544,177537024
101468036595159,0,0.0,178028544,177537024
101468136787933,0,0.0,178028544,177537024
101468236966818,0,9.98214164788768,178028544,177537024
101468337160851,0,0.0,178028544,177537024
101468437351939,0,0.0,178028544,177537024
101468537547028,0,9.980558571459781,178028544,177537024
101468637729710,0,0.0,178028544,177537024
101468737897003,0,9.983283988975831,178028544,177537024
101468838069592,0,0.0,178028544,177537024
101468938235329,0,9.983418639484292,178028544,177537024
101469038434714,0,0.0,178028544,177537024
101469138618951,0,0.0,178028544,177537024
101469238904447,0,9.971535354470857,178028544,177537024
101469339096629,0,9.98087773677485,178028544,177537024
101469439293681,0,0.0,178028544,177537024
101469539468030,0,0.0,178028544,177537024
101469639634749,0,0.0,178028544,177537024
101469739797617,0,9.98363083888498,178028544,177537024
101469839991484,0,0.0,178028544,177537024
101469940225518,0,9.976157283929707,178028544,177537024
101470040585774,0,0.0,178028544,177537024
101470140886252,0,9.970176510859567,178028544,177537024
101470241192915,0,0.0,178028544,177537024
101470341518430,0,0.0,178028544,177537024
101470441803056,0,9.971669688241535,178028544,177537024
101470542096998,0,0.0,178028544,177537024
101470642421125,0,9.967563256447042,178028544,177537024
101470742802937,0,9.962030220727595,178028544,177537024
101470843106823,0,0.0,178028544,177537024
101470943326061,0,0.0,178028544,177537024
101471043599651,0,9.972798593753172,178028544,177537024
101471143934926,0,0.0,178028544,177537024
101471244198256,0,19.947125953814464,178028544,177537024
101471344539309,0,0.0,178028544,177537024
101471444823825,0,0.0,178028544,177537024
101471545042749,0,0.0,178028544,177537024
101471645262247,0,9.97815362982852,178028544,177537024
101471745445375,0,0.0,178028544,177537024
101471845723335,0,9.972242263585763,178028544,177537024
101471946013278,0,0.0,178028544,177537024
101472046257294,0,0.0,178028544,177537024
101472146563903,0,19.93881038488023,178028544,177537024
101472246965938,0,0.0,178028544,177537024
101472347271658,0,0.0,178028544,177537024
101472447553433,0,9.972071021087668,178028544,177537024
101472547828709,0,0.0,178028544,177537024
101472648141671,0,9.968924867242244,178028544,177537024
101472748495576,0,0.0,178028544,177537024
101472848787038,0,9.97190893256961,178028544,177537024
101472949037351,0,0.0,178028544,177537024
101473049290701,0,0.0,178028544,177537024
101473149557181,0,9.973472557723035,178028544,177537024
101473249879846,0,0.0,178028544,177537024
101473350130030,0,9.97509010531047,178028544,177537024
101473450344973,0,0.0,178028544,177537024
101473550619972,0,0.0,178028544,177537024
101473650858916,0,9.976186543225467,178028544,177537024
101473751100545,0,0.0,178028544,177537024
101473851320803,0,0.0,178028544,177537024
101473951526858,0,9.979387177188283,178028544,177537024
101474051751302,0,9.97771835777631,178028544,177537024
101474151943505,0,0.0,178028544,177537024
101474252185133,0,0.0,178028544,177537024
101474352483781,0,9.970454352599347,178028544,177537024
101474452730076,0,0.0,178028544,177537024
101474552938854,0,9.979193481064197,178028544,177537024
101474653144020,0,0.0,178028544,177537024
101474753394779,0,9.974964733168681,178028544,177537024
101474853602835,0,0.0,178028544,177537024
101474953881093,0,9.972396804370819,178028544,177537024
101475054119538,0,0.0,178028544,177537024
101475154352445,0,0.0,178028544,177537024
101475254600074,0,0.0,178028544,177537024
101475354788574,0,9.981288776428176,178028544,177537024
101475454988148,0,9.980078665277988,178028544,177537024
101475555195148,0,0.0,178028544,177537024
101475655374871,0,9.982135570947717,178028544,177537024
101475755544187,0,0.0,178028544,177537024
101475855753817,0,0.0,178028544,177537024
101475956051817,0,9.970470855499162,178028544,177537024
101476056296502,0,0.0,178028544,177537024
101476156559391,0,0.0,178028544,177537024
101476256810114,0,9.974999658434735,178028544,177537024
101476357046855,0,9.976378131189731,178028544,177537024
101476457363874,0,0.0,178028544,177537024
101476557612523,0,0.0,178028544,177537024
101476657879912,0,0.0,178028544,177537024
101476758109432,0,9.977058254381193,178028544,177537024
101476858347470,0,9.976282186388591,178028544,177537024
101476958611600,0,0.0,178028544,177537024
101477058919267,0,9.969412247500816,178028544,177537024
101477159185935,0,0.0,178028544,177537024
101477259414584,0,0.0,178028544,177537024
101477359670214,0,9.974500289910512,178028544,177537024
101477459905993,0,0.0,178028544,177537024
101477560146921,0,0.0,178028544,177537024
101477660368718,0,0.0,178028544,177537024
101477760672090,0,9.969723247044396,178028544,177537024
101477860914610,0,9.975895145502207,178028544,177537024
101477961105241,0,0.0,178028544,177537024
101478061429761,0,9.96914539439767,178028544,177537024
101478161691522,0,0.0,178028544,177537024
101478261928430,0,9.976346680916409,178028544,177537024
101478362165432,0,0.0,178028544,177537024
101478462431841,0,0.0,178028544,177537024
101478562694991,0,9.973906961427124,178028544,177537024
101478662964974,0,0.0,178028544,177537024
101478763178921,0,0.0,178028544,177537024
101478863395404,0,9.978461093362903,178028544,177537024
101478963608666,0,9.978591927627932,178028544,177537024
101479063857723,0,0.0,178028544,177537024
101479164107522,0,0.0,178028544,177537024
101479264327394,0,9.97813471380405,178028544,177537024
101479364523637,0,9.9803385334182,178028544,177537024
101479464750769,0,0.0,178028544,177537024
101479565021975,0,0.0,178028544,177537024
101479665279348,0,0.0,178028544,177537024
101479765524962,0,9.975520970375227,178028544,177537024
101479865765501,0,9.976055372317006,178028544,177537024
101479965984504,0,0.0,178028544,177537024
101480066213396,0,0.0,178028544,177537024
101480166525972,0,0.0,178028544,177537024
101480266843234,0,9.96741740821057,178028544,177537024
101480367157921,0,0.0,178028544,177537024
101480467386757,0,0.0,178028544,177537024
101480567630575,0,19.951425065549486,178028544,177537024
101480667873449,0,0.0,178028544,177537024
101480768090248,0,0.0,178028544,177537024
101480868323418,0,9.976921585281543,178028544,177537024
101480968517385,0,0.0,178028544,177537024
101481068810147,0,0.0,178028544,177537024
101481168998465,0,9.981098395867255,178028544,177537024
101481269243913,0,9.974194264754036,178028544,177537024
101481369483212,0,0.0,178028544,177537024
101481469665845,0,0.0,178028544,177537024
101481569861997,0,0.0,178028544,177537024
101481670065353,0,9.979711247354917,178028544,177537024
101481770258172,0,9.980738671210666,178028544,177537024
101481870459435,0,0.0,178028544,177537024
101481970698402,0,0.0,178028544,177537024
101482070922554,0,9.977717859419627,178028544,177537024
101482171118465,0,0.0,178028544,177537024
101482271312969,0,9.980581878648495,178028544,177537024
101482371578972,0,0.0,178028544,177537024
101482471774162,0,9.980616843260227,178028544,177537024
101482571977388,0,0.0,178028544,177537024
101482672218004,0,0.0,178028544,177537024
101482772407804,0,0.0,178028544,177537024
101482872651864,0,9.975710541593854,178028544,177537024
101482972873739,0,9.977734486334631,178028544,177537024
101483073115799,0,0.0,178028544,177537024
101483173347303,0,0.0,178028544,177537024
101483273589085,0,9.975878226391782,178028544,177537024
101483373819516,0,0.0,178028544,177537024
101483474030520,0,9.978947614041413,178028544,177537024
101483574307988,0,0.0,178028544,177537024
101483674534845,0,0.0,178028544,177537024
101483774749868,0,9.97857888403844,178028544,177537024
101483874965318,0,0.0,178028544,177537024
101483975187971,0,0.0,178028544,177537024
101484075465568,0,9.972256386090542,178028544,177537024
101484175705703,0,9.9761251369925,178028544,177537024
101484275909504,0,0.0,178028544,177537024
101484376164935,0,9.974510935445219,178028544,177537024
101484476382995,0,0.0,178028544,177537024
101484576613982,0,0.0,178028544,177537024
101484676833006,0,0.0,178028544,177537024
101484777096364,0,9.973678166542484,178028544,177537024
101484877325647,0,0.0,178028544,177537024
101484977522875,0,9.980341820828375,178028544,177537024
101485077751362,0,9.977238427729977,178028544,177537024
101485178002145,0,0.0,178028544,177537024
101485278235317,0,9.976764712740321,178028544,177537024
101485378496230,0,0.0,178028544,177537024
101485478743013,0,9.975340061188792,178028544,177537024
101485578953982,0,0.0,178028544,177537024
101485679146766,0,0.0,178028544,177537024
101485779362698,0,9.97832986118573,178028544,177537024
101485879594797,0,0.0,178028544,177537024
101485979860932,0,9.973512346246677,178028544,177537024
101486080183864,0,0.0,178028544,177537024
101486180458555,0,0.0,178028544,177537024
101486280697876,0,0.0,178028544,177537024
101486380899123,0,9.979934144856081,178028544,177537024
101486481120722,0,9.977843002334305,178028544,177537024
101486581353062,0,0.0,178028544,177537024
101486681575587,0,0.0,178028544,177537024
101486781758316,0,9.981634988959778,178028544,177537024
101486881985082,0,0.0,178028544,177537024
101486982201311,0,0.0,178028544,177537024
101487082411614,0,9.979039726533866,178028544,177537024
101487182702361,0,0.0,178028544,177537024
101487282931590,0,0.0,178028544,177537024
101487383144911,0,9.97883309962783,178028544,177537024
101487483342640,0,0.0,178028544,177537024
101487583564166,0,9.977946144269502,178028544,177537024
101487683789303,0,9.977538763942311,178028544,177537024
101487783988273,0,0.0,178028544,177537024
101487884202373,0,9.978585954986965,178028544,177537024
101487984464287,0,0.0,178028544,177537024
101488084701109,0,0.0,178028544,177537024
101488184939302,0,0.0,178028544,177537024
101488285157790,0,9.978193257217965,178028544,177537024
101488385428575,0,9.972878556925428,178028544,177537024
101488485686860,0,0.0,178028544,177537024
101488585952979,0,0.0,178028544,177537024
101488686185598,0,9.976793977047723,178028544,177537024
101488786411846,0,0.0,178028544,177537024
101488886625447,0,0.0,178028544,177537024
101488986851677,0,9.977306417040849,178028544,177537024
101489087102351,0,0.0,178028544,177537024
101489187340285,0,9.976405003479972,178028544,177537024
101489287541866,0,0.0,178028544,177537024
101489387754467,0,0.0,178028544,177537024
101489487965882,0,9.978923316079364,178028544,177537024
101489588177131,0,9.979006365518757,178028544,177537024
101489688350140,0,0.0,178028544,177537024
101489788594907,0,0.0,178028544,177537024
101489888788138,0,9.980668044731948,178028544,177537024
101489989002072,0,0.0,178028544,177537024
101490089226821,0,0.0,178028544,177537024
101490189443107,0,9.978357242412732,178028544,177537024
101490289681264,0,0.0,178028544,177537024
101490389895291,0,0.0,178028544,177537024
101490490121466,0,9.977542347932852,178028544,177537024
101490590322142,0,0.0,178028544,177537024
101490690519780,0,9.980278870488695,178028544,177537024
101490790712456,0,9.980782402667703,178028544,177537024
101490890901520,0,0.0,178028544,177537024
101490991131344,0,0.0,178028544,177537024
101491091354186,0,0.0,178028544,177537024
101491191633676,0,9.972128897167039,178028544,177537024
101491291904537,0,9.973023867403684,178028544,177537024
101491392214897,0,0.0,178028544,177537024
101491492452073,0,9.97642889088635,178028544,177537024
101491592655453,0,0.0,178028544,177537024
101491692881703,0,0.0,178028544,177537024
101491793096898,0,0.0,178028544,177537024
101491893334426,0,9.976281391273648,178028544,177537024
101491993573139,0,9.976157880613131,178028544,177537024
101492093819241,0,0.0,178028544,177537024
101492194026232,0,0.0,178028544,177537024
101492294209056,0,9.981762023666922,178028544,177537024
101492394416399,0,0.0,178028544,177537024
101492494607853,0,0.0,178028544,177537024
101492594793549,0,9.981470398731078,178028544,177537024
101492695057170,0,9.973554322267356,178028544,177537024
101492795282624,0,0.0,178028544,177537024
101492895497912,0,0.0,178028544,177537024
101492995754774,0,9.974434824642561,178028544,177537024
101493096015043,0,0.0,178028544,177537024
101493196259534,0,9.975604956588798,178028544,177537024
101493296490711,0,0.0,178028544,177537024
101493396684184,0,9.980634674277352,178028544,177537024
101493496913639,0,0.0,178028544,177537024
101493597139593,0,0.0,178028544,177537024
101493697346993,0,9.979363872679377,178028544,177537024
101493797542022,0,0.0,178028544,177537024
101493897755218,0,9.97884932887606,178028544,177537024
101493997949340,0,0.0,178028544,177537024
101494098180202,0,0.0,178028544,177537024
101494198403194,0,9.977726421325482,178028544,177537024
101494298637871,0,0.0,178028544,177537024
101494398869567,0,9.976861861805705,178028544,177537024
101494499119744,0,0.0,178028544,177537024
101494599315033,0,9.980505478033786,178028544,177537024
101494699528193,0,0.0,178028544,177537024
101494799706963,0,9.98213457334904,178028544,177537024
101494899908548,0,0.0,178028544,177537024
101495000173059,0,9.973720045526244,178028544,177537024
101495100408015,0,0.0,178028544,177537024
101495200649619,0,0.0,178028544,177537024
101495300902667,0,0.0,178028544,177537024
101495401099863,0,9.98034311521049,178028544,177537024
101495501292708,0,9.98081537546558,178028544,177537024
101495601474109,0,0.0,178028544,177537024
101495701658768,0,9.981601314823116,178028544,177537024
101495801835669,0,0.0,178028544,177537024
101495902011533,0,0.0,178028544,177537024
101496002262322,0,0.0,178028544,177537024
101496102508537,0,9.975379964527955,178028544,177537024
101496202749716,0,9.976034173155766,178028544,177537024
101496302961653,0,0.0,178028544,177537024
101496403209943,0,0.0,178028544,177537024
101496503401584,0,9.980951752610535,178028544,177537024
101496603576838,0,0.0,178028544,177537024
101496703779220,0,9.979826579052743,178028544,177537024
101496803971214,0,0.0,178028544,177537024
101496904205208,0,0.0,178028544,177537024
101497004429275,0,9.977623085462735,178028544,177537024
101497104644399,0,9.978557775577945,178028544,177537024
101497204839448,0,0.0,178028544,177537024
101497305091442,0,9.97599536088014,178028544,177537024
101497405330028,0,0.0,178028544,177537024
101497505544985,0,0.0,178028544,177537024
101497605769627,0,0.0,178028544,177537024
101497706027307,0,0.0,178028544,177537024
101497806222245,0,9.980556976966888,178028544,177537024
101497906456795,0,9.97644511376272,178028544,177537024
101498006716252,0,0.0,178028544,177537024
101498106951284,0,9.97657410641623,178028544,177537024
101498207177519,0,0.0,178028544,177537024
101498307495735,0,0.0,178028544,177537024
101498407725266,0,9.97716207539713,178028544,177537024
101498507969279,0,0.0,178028544,177537024
101498608213903,0,9.975680190309715,178028544,177537024
101498708463824,0,0.0,178028544,177537024
101498808643375,0,0.0,178028544,177537024
101498908832610,0,9.98100704123383,178028544,177537024
101499009045494,0,9.978819556941088,178028544,177537024
101499109240470,0,0.0,178028544,177537024
101499209444743,0,0.0,178028544,177537024
101499309643738,0,9.980180659108566,178028544,177537024
101499409840010,0,0.0,178028544,177537024
101499510032191,0,0.0,178028544,177537024
101499610209520,0,9.982318817673217,178028544,177537024
101499710393349,0,9.981617553075985,178028544,177537024
101499810582381,0,0.0,178028544,177537024
101499910773969,0,0.0,178028544,177537024
101500010988668,0,9.978576096233686,178028544,177537024
101500111206497,0,0.0,178028544,177537024
101500211449529,0,0.0,178028544,177537024
101500311649710,0,0.0,178028544,177537024
101500411834835,0,9.981597327759074,178028544,177537024
101500511997627,0,9.98295918930582,178028544,177537024
101500612186234,0,0.0,178028544,177537024
101500712382786,0,0.0,178028544,177537024
101500812548597,0,9.983453724050495,178028544,177537024
101500912715204,0,0.0,178028544,177537024
101501012932626,0,9.978297601721307,178028544,177537024
101501113194825,0,0.0,178028544,177537024
101501213435043,0,0.0,178028544,177537024
101501313649465,0,9.978675571434058,178028544,177537024
101501413850665,0,9.979892810801287,178028544,177537024
101501514087235,0,0.0,178028544,177537024
101501614282583,0,0.0,178028544,177537024
101501714477358,0,9.980565942370582,178028544,177537024
101501814683484,0,0.0,178028544,177537024
101501914929202,0,0.0,178028544,177537024
101502015144125,0,9.978585156606824,178028544,177537024
101502115365047,0,9.977971234305196,178028544,177537024
101502215573266,0,0.0,178028544,177537024
101502315777429,0,0.0,178028544,177537024
101502415964352,0,9.981364791797855,178028544,177537024
101502516152682,0,0.0,178028544,177537024
101502616337827,0,0.0,178028544,177537024
101502716537435,0,9.980060537672289,178028544,177537024
101502816728784,0,0.0,178028544,177537024
101502916918893,0,0.0,178028544,177537024
101503017144501,0,9.977563652013846,178028544,177537024
101503117362461,0,0.0,178028544,177537024
101503217601291,0,19.95243996774521,178028544,177537024
101503317789603,0,0.0,178028544,177537024
101503417993137,0,0.0,178028544,177537024
101503518193894,0,0.0,178028544,177537024
101503618443224,0,9.976173804266317,178028544,177537024
101503718655944,0,0.0,178028544,177537024
101503818862590,0,0.0,178028544,177537024
101503919100087,0,9.976175597219264,178028544,177537024
101504019388603,0,9.971330927816455,178028544,177537024
101504119616471,0,0.0,178028544,177537024
101504219938376,0,0.0,178028544,177537024
101504320219336,0,9.97207290952021,178028544,177537024
101504420490926,0,0.0,178028544,177537024
101504520699702,0,9.979202841083277,178028544,177537024
101504620892848,0,0.0,178028544,177537024
101504721110180,0,0.0,178028544,177537024
101504821304233,0,9.980578791117338,178028544,177537024
101504921518435,0,0.0,178028544,177537024
101505021752415,0,9.97669543737642,178028544,177537024
101505121992376,0,0.0,178028544,177537024
101505222224226,0,0.0,178028544,177537024
101505322404761,0,19.963976402468347,178028544,177537024
101505422590889,0,0.0,178028544,177537024
101505522834628,0,0.0,178028544,177537024
101505623003941,0,0.0,178028544,177537024
101505723166348,0,0.0,178028544,177537024
101505823328939,0,19.967320484232584,178028544,177537024
101505923542197,0,0.0,178028544,177537024
101506023800103,0,9.97439552678398,178028544,177537024
101506124025750,0,0.0,178028544,177537024
101506224379303,0,0.0,178028544,177537024
101506324606487,0,9.977349621553385,178028544,177537024
101506424827801,0,0.0,178028544,177537024
101506525034485,0,0.0,178028544,177537024
101506625224984,0,0.0,178028544,177537024
101506725417632,0,9.980779713653304,178028544,177537024
101506825688186,0,9.972942011690995,178028544,177537024
101506925928778,0,0.0,178028544,177537024
101507026181721,0,0.0,178028544,177537024
101507126440554,0,0.0,178028544,177537024
101507226754238,0,9.968759105180363,178028544,177537024
101507326962515,0,0.0,178028544,177537024
101507427169458,0,9.97935949032525,178028544,177537024
101507527378069,0,9.979226543356848,178028544,177537024
101507627570217,0,0.0,178028544,177537024
101507727763310,0,0.0,178028544,177537024
101507827948161,0,0.0,178028544,177537024
101507928194661,0,9.975348020978807,178028544,177537024
101508028433605,0,9.976206748069254,178028544,177537024
101508128651031,0,0.0,178028544,177537024
101508228906938,0,0.0,178028544,177537024
101508329128234,0,9.977921155772313,178028544,177537024
101508429411659,0,0.0,178028544,177537024
101508529612104,0,0.0,178028544,177537024
101508629831586,0,19.956214467658484,178028544,177537024
101508730045493,0,0.0,178028544,177537024
101508830320364,0,0.0,178028544,177537024
101508930541790,0,0.0,178028544,177537024
101509030779309,0,9.97634309778391,178028544,177537024
101509130987198,0,0.0,178028544,177537024
101509231202994,0,9.978468659680038,178028544,177537024
101509331407809,0,0.0,178028544,177537024
101509431613365,0,9.979493936441637,178028544,177537024
101509531813311,0,0.0,178028544,177537024
101509632011904,0,0.0,178028544,177537024
101509732210775,0,9.980054661831819,178028544,177537024
101509832475128,0,0.0,178028544,177537024
101509932713925,0,9.976147629834433,178028544,177537024
101510032986351,0,9.972857174430352,178028544,177537024
101510133217297,0,0.0,178028544,177537024
101510233461408,0,0.0,178028544,177537024
101510333676909,0,0.0,178028544,177537024
101510433885169,0,9.97925602064246,178028544,177537024
101510534174448,0,9.97117403426685,178028544,177537024
101510634389357,0,0.0,178028544,177537024
101510734617747,0,0.0,178028544,177537024
101510834893341,0,9.971422601688923,178028544,177537024
101510935129935,0,0.0,178028544,177537024
101511035352695,0,9.977854650298962,178028544,177537024
101511135550326,0,0.0,178028544,177537024
101511235811550,0,9.97405260153948,178028544,177537024
101511336099921,0,0.0,178028544,177537024
101511436305034,0,9.97956942593377,178028544,177537024
101511536512239,0,0.0,178028544,177537024
101511636723926,0,0.0,178028544,177537024
101511737004484,0,0.0,178028544,177537024
101511837239356,0,9.976582566419887,178028544,177537024
101511937492969,0,0.0,178028544,177537024
101512037801007,0,9.968313522597386,178028544,177537024
101512138037824,0,0.0,178028544,177537024
101512238240085,0,0.0,178028544,177537024
101512338454809,0,9.978628969173746,178028544,177537024
101512438659404,0,0.0,178028544,177537024
101512538859517,0,9.9800857369028,178028544,177537024
101512639049020,0,0.0,178028544,177537024
101512739248022,0,9.980198288546148,178028544,177537024
101512839457080,0,0.0,178028544,177537024
101512939697175,0,0.0,178028544,177537024
101513039953955,0,9.974432039151967,178028544,177537024
101513140187309,0,0.0,178028544,177537024
101513240401571,0,0.0,178028544,177537024
101513340606351,0,19.959201395960235,178028544,177537024
101513440817743,0,0.0,178028544,177537024
101513541017283,0,0.0,178028544,177537024
101513641258545,0,0.0,178028544,177537024
101513741454085,0,9.980526596185777,178028544,177537024
101513841648106,0,0.0,178028544,177537024
101513941868609,0,0.0,178028544,177537024
101514042113538,0,19.9512113091446,178028544,177537024
101514142327004,0,0.0,178028544,177537024
101514242532489,0,0.0,178028544,177537024
101514342753917,0,0.0,178028544,177537024
101514442974828,0,9.977930016474792,178028544,177537024
101514543177387,0,0.0,178028544,177537024
101514643354131,0,0.0,178028544,177537024
101514743522431,0,9.983229671490129,178028544,177537024
101514843695990,0,0.0,178028544,177537024
101514943993753,0,9.970426318912967,178028544,177537024
101515044243682,0,0.0,178028544,177537024
101515144444000,0,9.979995297968784,178028544,177537024
101515244644911,0,0.0,178028544,177537024
101515344860674,0,0.0,178028544,177537024
101515445109659,0,9.975273889855083,178028544,177537024
101515545309774,0,9.980083843985712,178028544,177537024
101515645505500,0,0.0,178028544,177537024
101515745713375,0,0.0,178028544,177537024
101515845926157,0,9.97840005757571,178028544,177537024
101515946252771,0,0.0,178028544,177537024
101516046538053,0,9.971541917699811,178028544,177537024
101516146800964,0,0.0,178028544,177537024
101516247180653,0,0.0,178028544,177537024
101516347404027,0,9.977765746882946,178028544,177537024
101516447656420,0,0.0,178028544,177537024
101516547880591,0,9.97762378228088,178028544,177537024
101516648178318,0,9.970157424002403,178028544,177537024
101516748450396,0,0.0,178028544,177537024
101516848704290,0,0.0,178028544,177537024
101516948964090,0,9.974039371487915,178028544,177537024
101517049287317,0,0.0,178028544,177537024
101517149523006,0,0.0,178028544,177537024
101517249729104,0,9.979392155187018,178028544,177537024
101517349942571,0,0.0,178028544,177537024
101517450224094,0,9.971941548674545,178028544,177537024
101517550462840,0,0.0,178028544,177537024
101517650700141,0,0.0,178028544,177537024
101517750952239,0,9.974901550928147,178028544,177537024
101517851170781,0,0.0,178028544,177537024
101517951407915,0,9.976237599318994,178028544,177537024
101518051685105,0,0.0,178028544,177537024
101518151967721,0,9.97188059406497,178028544,177537024
101518252227726,0,0.0,178028544,177537024
101518352452824,0,9.977540754404,178028544,177537024
101518452674699,0,0.0,178028544,177537024
101518552921927,0,9.975358469943176,178028544,177537024
101518653154618,0,0.0,178028544,177537024
101518753417901,0,0.0,178028544,177537024
101518853637462,0,9.978143574885825,178028544,177537024
101518953860727,0,0.0,178028544,177537024
101519054122399,0,9.973908455359025,178028544,177537024
101519154359794,0,0.0,178028544,177537024
101519254579725,0,9.978034753895097,178028544,177537024
101519354793305,0,0.0,178028544,177537024
101519455023088,0,0.0,178028544,177537024
101519555233539,0,9.979028671379963,178028544,177537024
101519655462860,0,0.0,178028544,177537024
101519755659181,0,0.0,178028544,177537024
101519855864280,0,9.979485968583703,178028544,177537024
101519956089064,0,0.0,178028544,177537024
101520056327940,0,9.97626327745989,178028544,177537024
101520156541242,0,0.0,178028544,177537024
101520256776230,0,9.97660058145426,178028544,177537024
101520356998792,0,0.0,178028544,177537024
101520457190983,0,0.0,178028544,177537024
101520557401342,0,9.97903962509703,178028544,177537024
101520657637571,0,9.976165544815304,178028544,177537024
101520757915021,0,0.0,178028544,177537024
101520858166065,0,0.0,178028544,177537024
101520958408664,0,9.975765573770515,178028544,177537024
101521058739430,0,0.0,178028544,177537024
101521158991659,0,9.974735591497057,178028544,177537024
101521259257110,0,0.0,178028544,177537024
101521359518894,0,0.0,178028544,177537024
101521459778252,0,9.974149696345568,178028544,177537024
101521560104222,0,0.0,178028544,177537024
101521660349766,0,0.0,178028544,177537024
101521760576810,0,19.95477867922881,178028544,177537024
101521860797669,0,0.0,178028544,177537024
101521961135213,0,0.0,178028544,177537024
101522061394554,0,0.0,178028544,177537024
101522161635857,0,9.975971973732031,178028544,177537024
101522261857401,0,0.0,178028544,177537024
101522362074205,0,0.0,178028544,177537024
101522462275657,0,9.97989530077738,178028544,177537024
101522562479090,0,9.979672106460246,178028544,177537024
101522662678042,0,0.0,178028544,177537024
101522762879569,0,0.0,178028544,177537024
101522863133002,0,0.0,178028544,177537024
101522963370843,0,9.976167336317019,178028544,177537024
101523063618777,0,9.975363743666597,178028544,177537024
101523163832414,0,0.0,178028544,177537024
101523264038477,0,0.0,178028544,177537024
101523364251856,0,9.978738998561177,178028544,177537024
101523464475345,0,0.0,178028544,177537024
101523564711816,0,0.0,178028544,177537024
101523664927121,0,9.978537961120677,178028544,177537024
101523765134499,0,0.0,178028544,177537024
101523865343174,0,9.979179638875875,178028544,177537024
101523965564775,0,9.977833643417231,178028544,177537024
101524065810320,0,0.0,178028544,177537024
101524166079717,0,0.0,178028544,177537024
101524266287688,0,0.0,178028544,177537024
101524366535159,0,9.976403111957099,178028544,177537024
101524466763001,0,0.0,178028544,177537024
101524566973306,0,9.979035741516855,178028544,177537024
101524667177259,0,9.979653583228929,178028544,177537024
101524767389527,0,0.0,178028544,177537024
101524867676592,0,0.0,178028544,177537024
101524967910526,0,0.0,178028544,177537024
101525068183016,0,9.972784569575495,178028544,177537024
101525168455580,0,9.97168142163862,178028544,177537024
101525268722330,0,0.0,178028544,177537024
101525368958301,0,9.976522946940122,178028544,177537024
101525469152607,0,0.0,178028544,177537024
101525569345838,0,0.0,178028544,177537024
101525669537607,0,9.980780509485447,178028544,177537024
101525769751487,0,0.0,178028544,177537024
101525869968533,0,0.0,178028544,177537024
101525970233023,0,9.9736206719952,178028544,177537024
101526070477107,0,9.975732234642589,178028544,177537024
101526170742283,0,0.0,178028544,177537024
101526271001884,0,0.0,178028544,177537024
101526371227394,0,0.0,178028544,177537024
101526471435459,0,9.979288386297862,178028544,177537024
101526571637857,0,0.0,178028544,177537024
101526671831626,0,9.980673424090538,178028544,177537024
101526772033007,0,0.0,178028544,177537024
101526872248813,0,0.0,178028544,177537024
101526972521026,0,9.972850709334528,178028544,177537024
101527072761943,0,9.97578557561592,178028544,177537024
101527173065360,0,0.0,178028544,177537024
101527273366703,0,0.0,178028544,177537024
101527373683990,0,9.96834223992543,178028544,177537024
101527473924426,0,0.0,178028544,177537024
101527574141196,0,9.978388308362936,178028544,177537024
101527674431743,0,9.970699901091216,178028544,177537024
101527774752771,0,0.0,178028544,177537024
101527875020559,0,0.0,178028544,177537024
101527975275847,0,9.97452148110543,178028544,177537024
101528075520635,0,0.0,178028544,177537024
101528175750164,0,0.0,178028544,177537024
101528275965174,0,9.978556181724723,178028544,177537024
101528376192185,0,0.0,178028544,177537024
101528476397732,0,0.0,178028544,177537024
101528576609836,0,9.978825332791997,178028544,177537024
101528676822124,0,0.0,178028544,177537024
101528777023932,0,0.0,178028544,177537024
101528877225239,0,9.979902373591688,178028544,177537024
101528977427639,0,9.979754769803879,178028544,177537024
101529077635224,0,0.0,178028544,177537024
101529177832660,0,9.980315524507438,178028544,177537024
101529278033079,0,9.979929962012235,178028544,177537024
101529378246553,0,0.0,178028544,177537024
101529478435953,0,0.0,178028544,177537024
101529578622149,0,0.0,178028544,177537024
101529678810179,0,0.0,178028544,177537024
101529779009876,0,19.959918886907214,178028544,177537024
101529879237091,0,0.0,178028544,177537024
101529979444676,0,0.0,178028544,177537024
101530079681984,0,9.97632548196451,178028544,177537024
101530179925532,0,0.0,178028544,177537024
101530280183543,0,0.0,178028544,177537024
101530380433555,0,9.975197569034107,178028544,177537024
101530480655233,0,0.0,178028544,177537024
101530580921226,0,9.9734675841799,178028544,177537024
101530681137256,0,0.0,178028544,177537024
101530781408713,0,0.0,178028544,177537024
101530881620206,0,0.0,178028544,177537024
101530981862125,0,9.975964111423249,178028544,177537024
101531082111507,0,9.974862150936543,178028544,177537024
101531182397260,0,0.0,178028544,177537024
101531282619235,0,9.977892283262188,178028544,177537024
101531382815339,0,0.0,178028544,177537024
101531482995148,0,0.0,178028544,177537024
101531583175994,0,9.98191486744338,178028544,177537024
101531683366599,0,0.0,178028544,177537024
101531783631259,0,9.97379534780613,178028544,177537024
101531883831512,0,0.0,178028544,177537024
101531984040339,0,0.0,178028544,177537024
101532084309518,0,9.973261187961628,178028544,177537024
101532184551679,0,9.975942019111526,178028544,177537024
101532284812950,0,0.0,178028544,177537024
101532385080000,0,0.0,178028544,177537024
101532485312438,0,9.97683399051563,178028544,177537024
101532585650377,0,0.0,178028544,177537024
101532685890667,0,9.977112304833435,178028544,177537024
101532786117624,0,0.0,178028544,177537024
101532886344823,0,0.0,178028544,177537024
101532986587984,0,9.975602768509738,178028544,177537024
101533086845570,0,9.974353543683094,178028544,177537024
101533187089046,0,0.0,178028544,177537024
101533287322300,0,9.97672340638439,178028544,177537024
101533387581905,0,0.0,178028544,177537024
101533487827400,0,0.0,178028544,177537024
101533588068080,0,0.0,178028544,177537024
101533688293019,0,9.977569424963196,178028544,177537024
101533788512218,0,0.0,178028544,177537024
101533888750083,0,0.0,178028544,177537024
101533988980356,0,9.977010871994732,178028544,177537024
101534089221850,0,0.0,178028544,177537024
101534189481734,0,9.974101148706227,178028544,177537024
101534289712377,0,9.976806319267247,178028544,177537024
101534390025483,0,0.0,178028544,177537024
101534490283867,0,0.0,178028544,177537024
101534590536288,0,0.0,178028544,177537024
101534690804468,0,19.94670996909821,178028544,177537024
101534791054334,0,0.0,178028544,177537024
101534891327792,0,0.0,178028544,177537024
101534991628547,0,9.970149173064002,178028544,177537024
101535091910616,0,0.0,178028544,177537024
101535192177537,0,9.973369706556081,178028544,177537024
101535292461940,0,0.0,178028544,177537024
101535392741676,0,0.0,178028544,177537024
101535492972449,0,9.976949952444864,178028544,177537024
101535593201686,0,0.0,178028544,177537024
101535693422626,0,0.0,178028544,177537024
101535793647641,0,9.977556485453395,178028544,177537024
101535893885673,0,0.0,178028544,177537024
101535994214706,0,9.967259844113432,178028544,177537024
101536094493017,0,0.0,178028544,177537024
101536194774790,0,0.0,178028544,177537024
101536295015397,0,9.976006307938158,178028544,177537024
101536395249763,0,9.976730573196571,178028544,177537024
101536495458111,0,0.0,178028544,177537024
101536595702497,0,0.0,178028544,177537024
101536695937160,0,0.0,178028544,177537024
101536796147804,0,9.978852615305254,178028544,177537024
101536896392875,0,9.975628443382714,178028544,177537024
101536996628001,0,0.0,178028544,177537024
101537096912219,0,0.0,178028544,177537024
101537197163827,0,9.974926325938611,178028544,177537024
101537297445582,0,9.97193498636743,178028544,177537024
101537397679134,0,0.0,178028544,177537024
101537497890316,0,0.0,178028544,177537024
101537598080239,0,0.0,178028544,177537024
101537698262495,0,9.981807457576158,178028544,177537024
101537798452437,0,0.0,178028544,177537024
101537898658527,0,9.979280318775594,178028544,177537024
101537998914060,0,9.974622366732047,178028544,177537024
101538099211150,0,0.0,178028544,177537024
101538199486591,0,0.0,178028544,177537024
101538299727051,0,0.0,178028544,177537024
101538399941196,0,9.978708728827101,178028544,177537024
101538500161138,0,9.977943456782285,178028544,177537024
101538600379061,0,0.0,178028544,177537024
101538700576466,0,0.0,178028544,177537024
101538800791760,0,9.978527905404277,178028544,177537024
101538900998479,0,0.0,178028544,177537024
101539001257403,0,0.0,178028544,177537024
101539101529844,0,19.94575930218296,178028544,177537024
101539201751175,0,0.0,178028544,177537024
101539301968450,0,0.0,178028544,177537024
101539402178911,0,9.978998101376824,178028544,177537024
101539502390723,0,0.0,178028544,177537024
101539602598796,0,0.0,178028544,177537024
101539702894608,0,9.97039371416584,178028544,177537024
101539803148569,0,0.0,178028544,177537024
101539903358067,0,0.0,178028544,177537024
101540003595083,0,9.976140563788508,178028544,177537024
101540103879655,0,9.971645625388122,178028544,177537024
101540204172208,0,0.0,178028544,177537024
101540304412521,0,0.0,178028544,177537024
101540404696037,0,0.0,178028544,177537024
101540504913313,0,9.978393285366964,178028544,177537024
101540605122608,0,9.979116006169379,178028544,177537024
101540705313348,0,0.0,178028544,177537024
101540805529883,0,0.0,178028544,177537024
101540905738863,0,0.0,178028544,177537024
101541005979028,0,9.975842001757172,178028544,177537024
101541106240471,0,0.0,178028544,177537024
101541206497932,0,9.974264701198376,178028544,177537024
101541306757542,0,9.974196555001338,178028544,177537024
101541406976281,0,0.0,178028544,177537024
101541507186909,0,0.0,178028544,177537024
101541607394279,0,9.979331806515095,178028544,177537024
101541707589352,0,0.0,178028544,177537024
101541807788481,0,0.0,178028544,177537024
101541908023146,0,19.953342700521983,178028544,177537024
101542008237053,0,0.0,178028544,177537024
101542108473274,0,0.0,178028544,177537024
101542208708180,0,0.0,178028544,177537024
101542308953883,0,0.0,178028544,177537024
101542409176678,0,9.977784662956353,178028544,177537024
101542509411196,0,0.0,178028544,177537024
101542609621751,0,9.978972209182784,178028544,177537024
101542709828899,0,0.0,178028544,177537024
101542810029398,0,9.979982749294866,178028544,177537024
101542910245472,0,9.978376559177828,178028544,177537024
101543010557193,0,0.0,178028544,177537024
101543110847507,0,9.971277336420863,178028544,177537024
101543211072655,0,0.0,178028544,177537024
101543311293784,0,0.0,178028544,177537024
101543411509839,0,9.978415191483474,178028544,177537024
101543511735339,0,0.0,178028544,177537024
101543611975376,0,9.976016856760607,178028544,177537024
101543712207709,0,0.0,178028544,177537024
101543812403783,0,0.0,178028544,177537024
101543912615079,0,0.0,178028544,177537024
101544012836746,0,9.977786553553525,178028544,177537024
101544113089635,0,9.974854092015368,178028544,177537024
101544213294487,0,0.0,178028544,177537024
101544313479487,0,0.0,178028544,177537024
101544413708394,0,9.977157794926619,178028544,177537024
101544513913821,0,0.0,178028544,177537024
101544614214506,0,0.0,178028544,177537024
101544714413877,0,9.980117409325352,178028544,177537024
101544814617248,0,0.0,178028544,177537024
101544914822193,0,9.979322444805794,178028544,177537024
101545015173508,0,0.0,178028544,177537024
101545115483230,0,19.938471270694627,178028544,177537024
101545215767730,0,0.0,178028544,177537024
101545316012249,0,0.0,178028544,177537024
101545416284490,0,9.973076283496525,178028544,177537024
101545516482695,0,0.0,178028544,177537024
101545616741048,0,0.0,178028544,177537024
101545716995289,0,0.0,178028544,177537024
101545817222383,0,9.977465693977038,178028544,177537024
101545917416273,0,9.980423399446245,178028544,177537024
101546017668959,0,0.0,178028544,177537024
101546117893886,0,0.0,178028544,177537024
101546218172035,0,9.972453788423891,178028544,177537024
101546318385666,0,9.97874517279892,178028544,177537024
101546418609574,0,0.0,178028544,177537024
101546518791057,0,0.0,178028544,177537024
101546618971077,0,9.982043302694821,178028544,177537024
101546719135023,0,0.0,178028544,177537024
101546819315006,0,0.0,178028544,177537024
101546919534026,0,0.0,178028544,177537024
101547019731380,0,9.980305365194104,178028544,177537024
101547119931603,0,0.0,178028544,177537024
101547220159068,0,9.977399196023695,178028544,177537024
101547320324088,0,9.983547313592082,178028544,177537024
101547420492664,0,0.0,178028544,177537024
101547520643851,0,9.98491887786255,178028544,177537024
101547620792205,0,0.0,178028544,177537024
101547720943893,0,0.0,178028544,177537024
101547821092024,0,0.0,178028544,177537024
101547921252545,0,9.983578610574595,178028544,177537024
101548021544880,0,9.971052438254985,178028544,177537024
101548121767160,0,0.0,178028544,177537024
101548221945792,0,0.0,178028544,177537024
101548322125794,0,0.0,178028544,177537024
101548422310592,0,9.981652026194828,178028544,177537024
101548522475484,0,0.0,178028544,177537024
101548622664023,0,9.981268153763738,178028544,177537024
101548722841396,0,0.0,178028544,177537024
101548822997344,0,0.0,178028544,177537024
101548923147143,0,9.985020272797335,178028544,177537024
101549023310293,0,0.0,178028544,177537024
101549123521629,0,0.0,178028544,177537024
101549223706021,0,9.981672253182383,178028544,177537024
101549323860283,0,0.0,178028544,177537024
101549424028563,0,9.983192794471739,178028544,177537024
101549524188640,0,0.0,178028544,177537024
101549624346903,0,9.984128629992938,178028544,177537024
101549724546498,0,0.0,178028544,177537024
101549824719409,0,9.982731372546352,178028544,177537024
101549924893375,0,0.0,178028544,177537024
101550025136693,0,0.0,178028544,177537024
101550125338992,0,9.979781361729293,178028544,177537024
101550225554403,0,0.0,178028544,177537024
101550325775480,0,0.0,178028544,177537024
101550425945038,0,9.983155820556131,178028544,177537024
101550526115190,0,0.0,178028544,177537024
101550626278471,0,0.0,178028544,177537024
101550726446883,0,9.98321123367292,178028544,177537024
101550826613349,0,9.983360732359467,178028544,177537024
101550926784705,0,0.0,178028544,177537024
101551026987819,0,9.979799786880411,178028544,177537024
101551127174897,0,0.0,178028544,177537024
101551227416937,0,0.0,178028544,177537024
101551327598052,0,9.9819858102604,178028544,177537024
101551427767648,0,0.0,178028544,177537024
101551527932708,0,0.0,178028544,177537024
101551628101471,0,9.983179740301669,178028544,177537024
101551728276476,0,9.982506157520705,178028544,177537024
101551828466498,0,0.0,178028544,177537024
101551928737021,0,0.0,178028544,177537024
101552028943043,0,0.0,178028544,177537024
101552129138751,0,9.980404673396576,178028544,177537024
101552229337773,0,9.980220301150586,178028544,177537024
101552329529018,0,0.0,178028544,177537024
101552429720578,0,0.0,178028544,177537024
101552529885823,0,9.98354332642633,178028544,177537024
101552630060606,0,0.0,178028544,177537024
101552730228647,0,0.0,178028544,177537024
101552830385374,0,9.984331488466353,178028544,177537024
101552930550712,0,0.0,178028544,177537024
101553030776568,0,9.977504020807718,178028544,177537024
101553130977388,0,9.980074482312997,178028544,177537024
101553231141652,0,0.0,178028544,177537024
101553331302971,0,0.0,178028544,177537024
101553431457902,0,9.984530966363511,178028544,177537024
101553531617592,0,0.0,178028544,177537024
101553631800856,0,0.0,178028544,177537024
101553731963769,0,9.983764801072862,178028544,177537024
101553832133811,0,0.0,178028544,177537024
101553932311261,0,9.982164668120117,178028544,177537024
101554032542469,0,0.0,178028544,177537024
101554132734049,0,0.0,178028544,177537024
101554232962998,0,9.977076269685895,178028544,177537024
101554333226447,0,9.973836631367233,178028544,177537024
101554433439526,0,0.0,178028544,177537024
101554533613328,0,0.0,178028544,177537024
101554633827556,0,0.0,178028544,177537024
101554733983191,0,9.984460685138153,178028544,177537024
101554834154567,0,0.0,178028544,177537024
101554934405387,0,9.974943838360316,178028544,177537024
101555034704744,0,0.0,178028544,177537024
101555134938491,0,9.97675913915778,178028544,177537024
101555235163200,0,0.0,178028544,177537024
101555335388057,0,9.977614523734227,178028544,177537024
101555435549692,0,0.0,178028544,177537024
101555535707976,0,0.0,178028544,177537024
101555635866353,0,0.0,178028544,177537024
101555736026266,0,9.984056359918005,178028544,177537024
101555836187384,0,9.98391969919962,178028544,177537024
101555936366075,0,0.0,178028544,177537024
101556036629562,0,9.973853145466403,178028544,177537024
101556136873679,0,0.0,178028544,177537024
101556237113222,0,0.0,178028544,177537024
101556337309654,0,9.980373196281546,178028544,177537024
101556437506845,0,0.0,178028544,177537024
101556537674648,0,0.0,178028544,177537024
101556637839359,0,9.983539439339033,178028544,177537024
101556738006124,0,0.0,178028544,177537024
101556838171298,0,9.983353058547351,178028544,177537024
101556938415100,0,0.0,178028544,177537024
101557038673699,0,0.0,178028544,177537024
101557138855836,0,9.981771488546572,178028544,177537024
101557239062972,0,0.0,178028544,177537024
101557339234312,0,9.982917431378775,178028544,177537024
101557439411800,0,0.0,178028544,177537024
101557539577548,0,9.983463691071165,178028544,177537024
101557639740369,0,0.0,178028544,177537024
101557739902617,0,0.0,178028544,177537024
101557840077921,0,0.0,178028544,177537024
101557940250613,0,9.982601823287927,178028544,177537024
101558040483361,0,9.976805124297769,178028544,177537024
101558140682794,0,0.0,178028544,177537024
101558240861930,0,0.0,178028544,177537024
101558341072252,0,9.978980674704019,178028544,177537024
101558441291370,0,9.97818399761353,178028544,177537024
101558541469230,0,0.0,178028544,177537024
101558641661496,0,9.980852732143184,178028544,177537024
101558741830911,0,0.0,178028544,177537024
101558842005382,0,0.0,178028544,177537024
101558942181464,0,0.0,178028544,177537024
101559042384564,0,9.979795704152965,178028544,177537024
101559142562979,0,0.0,178028544,177537024
101559242730412,0,0.0,178028544,177537024
101559342910383,0,19.963952486953733,178028544,177537024
101559443077335,0,0.0,178028544,177537024
101559543241935,0,0.0,178028544,177537024
101559643396777,0,0.0,178028544,177537024
101559743557081,0,9.983985986737634,178028544,177537024
101559843716645,0,0.0,178028544,177537024
101559943893412,0,0.0,178028544,177537024
101560044110253,0,9.978412602270724,178028544,177537024
101560144383706,0,9.972707194161337,178028544,177537024
101560244602028,0,0.0,178028544,177537024
101560344803777,0,9.979865721160014,178028544,177537024
101560445002693,0,0.0,178028544,177537024
101560545181608,0,0.0,178028544,177537024
101560645368358,0,0.0,178028544,177537024
101560745545144,0,0.0,178028544,177537024
101560845712264,0,19.96663176659544,178028544,177537024
101560945882383,0,0.0,178028544,177537024
101561046101503,0,0.0,178028544,177537024
101561146314530,0,9.978834792104108,178028544,177537024
101561246506835,0,0.0,178028544,177537024
101561346728065,0,9.978004985369926,178028544,177537024
101561446905629,0,0.0,178028544,177537024
101561547076824,0,0.0,178028544,177537024
101561647236166,0,9.984081878146998,178028544,177537024
101561747402231,0,0.0,178028544,177537024
101561847585462,0,9.981608885901469,178028544,177537024
101561947820971,0,0.0,178028544,177537024
101562048029776,0,0.0,178028544,177537024
101562148242822,0,9.978792273158685,178028544,177537024
101562248444368,0,0.0,178028544,177537024
101562348642692,0,0.0,178028544,177537024
101562448848441,0,9.97953367302604,178028544,177537024
101562549016433,0,0.0,178028544,177537024
101562649175146,0,0.0,178028544,177537024
101562749333137,0,19.968451644867798,178028544,177537024
101562849494758,0,0.0,178028544,177537024
101562949659471,0,0.0,178028544,177537024
101563049865888,0,0.0,178028544,177537024
101563150045286,0,9.982143941786148,178028544,177537024
101563250211166,0,0.0,178028544,177537024
101563350369601,0,9.984198110166266,178028544,177537024
101563450522000,0,9.98474450857679,178028544,177537024
101563550688751,0,0.0,178028544,177537024
101563650867779,0,0.0,178028544,177537024
101563751027049,0,0.0,178028544,177537024
101563851184596,0,0.0,178028544,177537024
101563951377883,0,19.96115140717618,178028544,177537024
101564051566819,0,0.0,178028544,177537024
101564151740700,0,0.0,178028544,177537024
101564251970210,0,0.0,178028544,177537024
101564352203442,0,9.976688667480397,178028544,177537024
101564452428822,0,9.977606658836162,178028544,177537024
101564552609129,0,0.0,178028544,177537024
101564652772676,0,0.0,178028544,177537024
101564752935650,0,0.0,178028544,177537024
101564853096308,0,9.983963657258505,178028544,177537024
101564953325245,0,0.0,178028544,177537024
101565053552440,0,0.0,178028544,177537024
101565153738914,0,19.96278955798694,178028544,177537024
101565253946128,0,0.0,178028544,177537024
101565354111916,0,0.0,178028544,177537024
101565454267204,0,9.984504449217985,178028544,177537024
101565554424901,0,0.0,178028544,177537024
101565654583541,0,0.0,178028544,177537024
101565754742330,0,9.984153751131519,178028544,177537024
101565854896767,0,0.0,178028544,177537024
101565955056445,0,9.983933953432958,178028544,177537024
101566055255715,0,0.0,178028544,177537024
101566155456929,0,0.0,178028544,177537024
101566255626477,0,9.983062834415575,178028544,177537024
101566355813248,0,0.0,178028544,177537024
101566455996833,0,0.0,178028544,177537024
101566556182622,0,9.981440708289515,178028544,177537024
101566656386819,0,0.0,178028544,177537024
101566756547256,0,0.0,178028544,177537024
101566856702267,0,9.984369669324462,178028544,177537024
101566956920834,0,0.0,178028544,177537024
101567057169846,0,0.0,178028544,177537024
101567157388505,0,9.978237066342668,178028544,177537024
101567257589313,0,0.0,178028544,177537024
101567357757861,0,9.983239936828891,178028544,177537024
101567457923002,0,9.983531565096632,178028544,177537024
101567558084774,0,0.0,178028544,177537024
101567658250675,0,0.0,178028544,177537024
101567758427186,0,0.0,178028544,177537024
101567858597976,0,9.982939057167215,178028544,177537024
101567958774451,0,0.0,178028544,177537024
101568059031907,0,9.974154670569034,178028544,177537024
101568159367474,0,9.966732144473193,178028544,177537024
101568259621523,0,0.0,178028544,177537024
101568359857701,0,9.976476566103244,178028544,177537024
101568460083380,0,0.0,178028544,177537024
101568560339688,0,0.0,178028544,177537024
101568660565904,0,9.977565840954975,178028544,177537024
101568760764232,0,0.0,178028544,177537024
101568860976225,0,0.0,178028544,177537024
101568961247663,0,0.0,178028544,177537024
101569061495620,0,19.950372847857945,178028544,177537024
101569161752114,0,0.0,178028544,177537024
101569261952700,0,0.0,178028544,177537024
101569362172009,0,9.978117090208134,178028544,177537024
101569462428151,0,0.0,178028544,177537024
101569562829348,0,9.960165512797326,178028544,177537024
101569663128749,0,9.970175019492393,178028544,177537024
101569763377299,0,0.0,178028544,177537024
101569863623164,0,0.0,178028544,177537024
101569963892658,0,0.0,178028544,177537024
101570064137504,0,9.975591822335566,178028544,177537024
101570164352813,0,9.978329064297231,178028544,177537024
101570264612640,0,0.0,178028544,177537024
101570364854505,0,0.0,178028544,177537024
101570465045110,0,0.0,178028544,177537024
101570565213327,0,19.966365258601403,178028544,177537024
101570665401600,0,0.0,178028544,177537024
101570765612687,0,0.0,178028544,177537024
101570865811793,0,0.0,178028544,177537024
101570965995862,0,9.98150885492226,178028544,177537024
101571066207931,0,0.0,178028544,177537024
101571166414129,0,9.979393052241917,178028544,177537024
101571266640624,0,0.0,178028544,177537024
101571366811675,0,0.0,178028544,177537024
101571466985151,0,9.982721206864793,178028544,177537024
101571567150258,0,0.0,178028544,177537024
101571667337586,0,9.981326136649606,178028544,177537024
101571767512693,0,0.0,178028544,177537024
101571867758410,0,0.0,178028544,177537024
101571967964053,0,9.979429899746346,178028544,177537024
101572068167530,0,9.979678878953887,178028544,177537024
101572168386285,0,0.0,178028544,177537024
101572268588187,0,0.0,178028544,177537024
101572368758683,0,9.98302745674401,178028544,177537024
101572468938678,0,0.0,178028544,177537024
101572569102896,0,9.983606916975512,178028544,177537024
101572669258947,0,0.0,178028544,177537024
101572769435110,0,9.982195157478289,178028544,177537024
101572869684754,0,0.0,178028544,177537024
101572969881805,0,0.0,178028544,177537024
101573070124245,0,9.975857029430692,178028544,177537024
101573170353574,0,0.0,178028544,177537024
101573270547607,0,9.980735682154638,178028544,177537024
101573370722751,0,0.0,178028544,177537024
101573470884599,0,0.0,178028544,177537024
101573571058669,0,0.0,178028544,177537024
101573671279258,0,9.978030272739835,178028544,177537024
101573771454995,0,0.0,178028544,177537024
101573871618158,0,0.0,178028544,177537024
101573971808228,0,9.98098661978709,178028544,177537024
101574072017502,0,0.0,178028544,177537024
101574172221869,0,0.0,178028544,177537024
101574272426180,0,9.979370744751701,178028544,177537024
101574372688861,0,9.974025443706305,178028544,177537024
101574472905598,0,0.0,178028544,177537024
101574573102113,0,9.98035935227151,178028544,177537024
101574673284036,0,0.0,178028544,177537024
101574773475366,0,9.980778119090195,178028544,177537024
101574873722251,0,0.0,178028544,177537024
101574974059229,0,0.0,178028544,177537024
101575074296022,0,9.976372954878787,178028544,177537024
101575174512444,0,0.0,178028544,177537024
101575274773996,0,9.973951728885567,178028544,177537024
101575374988789,0,0.0,178028544,177537024
101575475187286,0,9.980169404304673,178028544,177537024
101575575360617,0,0.0,178028544,177537024
101575675526096,0,0.0,178028544,177537024
101575775719778,0,9.980693147008653,178028544,177537024
101575875986701,0,0.0,178028544,177537024
101575976164161,0,9.982211599215118,178028544,177537024
101576076427695,0,0.0,178028544,177537024
101576176667229,0,0.0,178028544,177537024
101576276934319,0,0.0,178028544,177537024
101576377138575,0,9.979693419638041,178028544,177537024
101576477318221,0,9.982067714451603,178028544,177537024
101576577493218,0,0.0,178028544,177537024
101576677660975,0,0.0,178028544,177537024
101576777825121,0,9.983568044303809,178028544,177537024
101576878014934,0,0.0,178028544,177537024
101576978258653,0,9.975628343462438,178028544,177537024
101577078451188,0,0.0,178028544,177537024
101577178662889,0,0.0,178028544,177537024
101577278869961,0,9.979348537355143,178028544,177537024
101577379065311,0,9.980584270399296,178028544,177537024
101577479238179,0,0.0,178028544,177537024
101577579413381,0,9.982497487352845,178028544,177537024
101577679589305,0,0.0,178028544,177537024
101577779759914,0,0.0,178028544,177537024
101577879962560,0,9.979846398629753,178028544,177537024
101577980196929,0,0.0,178028544,177537024
101578080410445,0,0.0,178028544,177537024
101578180631462,0,9.977972926487357,178028544,177537024
101578280869793,0,0.0,178028544,177537024
101578381110254,0,9.976153501076093,178028544,177537024
101578481295789,0,0.0,178028544,177537024
101578581494603,0,0.0,178028544,177537024
101578681690213,0,9.980547314353538,178028544,177537024
101578781873100,0,0.0,178028544,177537024
101578882066525,0,0.0,178028544,177537024
101578982301023,0,9.976415156300778,178028544,177537024
101579082528707,0,9.977331302504657,178028544,177537024
101579182743131,0,0.0,178028544,177537024
101579282919278,0,9.982421853501661,178028544,177537024
101579383094166,0,0.0,178028544,177537024
101579483265238,0,0.0,178028544,177537024
101579583435534,0,0.0,178028544,177537024
101579683628366,0,0.0,178028544,177537024
101579783797421,0,19.96630885074825,178028544,177537024
101579883963753,0,0.0,178028544,177537024
101579984144679,0,0.0,178028544,177537024
101580084358678,0,0.0,178028544,177537024
101580184536121,0,9.982150517539377,178028544,177537024
101580284768398,0,9.976921982164011,178028544,177537024
101580384948878,0,0.0,178028544,177537024
101580485119304,0,0.0,178028544,177537024
101580585289970,0,9.982986395813224,178028544,177537024
101580685468081,0,0.0,178028544,177537024
101580785649339,0,0.0,178028544,177537024
101580885809617,0,9.983964655221921,178028544,177537024
101580985981950,0,9.982645070773607,178028544,177537024
101581086192283,0,0.0,178028544,177537024
101581186370393,0,0.0,178028544,177537024
101581286538171,0,0.0,178028544,177537024
101581386701189,0,9.983719249261124,178028544,177537024
101581486889837,0,0.0,178028544,177537024
101581587093874,0,9.979719015568996,178028544,177537024
101581687266763,0,0.0,178028544,177537024
101581787430633,0,9.983648979462632,178028544,177537024
101581887598670,0,0.0,178028544,177537024
101581987817818,0,0.0,178028544,177537024
101582088043485,0,9.977543144697469,178028544,177537024
101582188249263,0,0.0,178028544,177537024
101582288455651,0,0.0,178028544,177537024
101582388625892,0,9.983043601020517,178028544,177537024
101582488795226,0,0.0,178028544,177537024
101582589022060,0,0.0,178028544,177537024
101582689177282,0,19.96842393256082,178028544,177537024
101582789468634,0,0.0,178028544,177537024
101582889682802,0,9.978431719297273,178028544,177537024
101582990015098,0,0.0,178028544,177537024
101583090278857,0,0.0,178028544,177537024
101583190553932,0,9.972617684884144,178028544,177537024
101583290864154,0,0.0,178028544,177537024
101583391148691,0,9.971662032392654,178028544,177537024
101583491471303,0,0.0,178028544,177537024
101583591735878,0,0.0,178028544,177537024
101583692035230,0,0.0,178028544,177537024
101583792221324,0,19.962828415111563,178028544,177537024
101583892415343,0,0.0,178028544,177537024
101583992625011,0,0.0,178028544,177537024
101584092927085,0,0.0,178028544,177537024
101584193160512,0,9.976514485588327,178028544,177537024
101584293473364,0,0.0,178028544,177537024
101584393802791,0,9.967426749045082,178028544,177537024
101584494010736,0,0.0,178028544,177537024
101584594282089,0,9.973011834140014,178028544,177537024
101584694573146,0,0.0,178028544,177537024
101584794949962,0,9.96242680769116,178028544,177537024
101584895236407,0,9.971680327735035,178028544,177537024
101584995469279,0,0.0,178028544,177537024
101585095758336,0,0.0,178028544,177537024
101585196032133,0,0.0,178028544,177537024
101585296306875,0,9.97267477132001,178028544,177537024
101585396563747,0,0.0,178028544,177537024
101585496753656,0,0.0,178028544,177537024
101585596932121,0,9.982251756203443,178028544,177537024
101585697105363,0,0.0,178028544,177537024
101585797273402,0,9.983239040532577,178028544,177537024
101585897452552,0,9.982124411782904,178028544,177537024
101585997642739,0,0.0,178028544,177537024
101586097873445,0,0.0,178028544,177537024
101586198139261,0,9.973520203243844,178028544,177537024
101586298382578,0,0.0,178028544,177537024
101586398623543,0,0.0,178028544,177537024
101586498873563,0,9.975075079949226,178028544,177537024
101586599115213,0,9.975907983674695,178028544,177537024
101586699340067,0,0.0,178028544,177537024
101586799555440,0,0.0,178028544,177537024
101586899808331,0,0.0,178028544,177537024
101587000029093,0,9.977775204186319,178028544,177537024
101587100311021,0,0.0,178028544,177537024
101587200532745,0,9.977832349685958,178028544,177537024
101587300767599,0,0.0,178028544,177537024
101587400993527,0,0.0,178028544,177537024
101587501202826,0,19.958164892232322,178028544,177537024
101587601429144,0,0.0,178028544,177537024
101587701631109,0,0.0,178028544,177537024
101587801855205,0,0.0,178028544,177537024
101587902049800,0,0.0,178028544,177537024
101588002316784,0,19.946097069336414,178028544,177537024
101588102704379,0,0.0,178028544,177537024
101588203163714,0,9.954381063041437,178028544,177537024
101588303418291,0,0.0,178028544,177537024
101588403589701,0,0.0,178028544,177537024
101588503732704,0,0.0,178028544,177537024
101588603940541,0,9.979419840782983,178028544,177537024
101588704105229,0,9.983628347042295,178028544,177537024
101588804238770,0,0.0,178028544,177537024
101588904371533,0,0.0,178028544,177537024
101589004581351,0,0.0,178028544,177537024
101589104730595,0,9.985166137539753,178028544,177537024
101589204864487,0,0.0,178028544,177537024
101589305002528,0,0.0,178028544,177537024
101589405129679,0,0.0,178028544,177537024
101589505250868,0,0.0,178028544,177537024
101589605369483,0,9.98815803948199,178028544,177537024
101589705502209,0,9.98672654184573,178028544,177537024
101589805624028,0,0.0,178028544,177537024
101589905741402,0,0.0,178028544,177537024
101590005860740,0,0.0,178028544,177537024
101590106006725,0,0.0,178028544,177537024
101590206139099,0,9.986789376165463,178028544,177537024
101590306289270,0,0.0,178028544,177537024
101590406429940,0,0.0,178028544,177537024
101590506558648,0,0.0,178028544,177537024
101590606688208,0,9.987066349181069,178028544,177537024
101590706817323,0,9.987086598120609,178028544,177537024
101590806945457,0,0.0,178028544,177537024
101590907072203,0,0.0,178028544,177537024
101591007200077,0,0.0,178028544,177537024
101591107340359,0,0.0,178028544,177537024
101591207503623,0,0.0,178028544,177537024
101591307670998,0,9.98329425587486,178028544,177537024
101591407802095,0,9.986929604599487,178028544,177537024
101591507926173,0,0.0,178028544,177537024
101591608056882,0,0.0,178028544,177537024
101591708185164,0,0.0,178028544,177537024
101591808313854,0,9.987027549711211,178028544,177537024
101591908484674,0,0.0,178028544,177537024
101592008693549,0,0.0,178028544,177537024
101592108844794,0,9.984946295262976,178028544,177537024
101592208977114,0,0.0,178028544,177537024
101592309121063,0,0.0,178028544,177537024
101592409247938,0,0.0,178028544,177537024
101592509369073,0,9.987928889363173,178028544,177537024
101592609490912,0,0.0,178028544,177537024
101592709611380,0,9.987986151228295,178028544,177537024
101592809731589,0,0.0,178028544,177537024
101592909854705,0,0.0,178028544,177537024
101593010018340,0,0.0,178028544,177537024
101593110200957,0,0.0,178028544,177537024
101593210405813,0,19.95915299367209,178028544,177537024
101593310612263,0,0.0,178028544,177537024
101593410780361,0,0.0,178028544,177537024
101593510941422,0,0.0,178028544,177537024
101593611103705,0,9.983714863082682,178028544,177537024
101593711289414,0,9.981518919547216,178028544,177537024
101593811459753,0,0.0,178028544,177537024
101593911618389,0,0.0,178028544,177537024
101594011779394,0,0.0,178028544,177537024
101594111974344,0,9.980581681510298,178028544,177537024
101594212227498,0,9.974392939656866,178028544,177537024
101594312528633,0,0.0,178028544,177537024
101594412793416,0,0.0,178028544,177537024
101594513009236,0,0.0,178028544,177537024
101594613191150,0,9.981889657525178,178028544,177537024
101594713374286,0,0.0,178028544,177537024
101594813563217,0,9.981146114276779,178028544,177537024
101594913762446,0,9.979954463438649,178028544,177537024
101595014012952,0,0.0,178028544,177537024
101595114244365,0,0.0,178028544,177537024
101595214491519,0,9.975214684212688,178028544,177537024
101595314741302,0,0.0,178028544,177537024
101595414985031,0,9.975677204280997,178028544,177537024
101595515209129,0,0.0,178028544,177537024
101595615399358,0,9.981039019588597,178028544,177537024
101595715572013,0,0.0,178028544,177537024
101595815760556,0,0.0,178028544,177537024
101595915953803,0,9.980729108267099,178028544,177537024
101596016158625,0,0.0,178028544,177537024
101596116362464,0,9.979681468825602,178028544,177537024
101596216568878,0,0.0,178028544,177537024
101596316774607,0,0.0,178028544,177537024
101596417016706,0,9.975894647326749,178028544,177537024
101596517207583,0,9.98054093930025,178028544,177537024
101596617544052,0,0.0,178028544,177537024
101596717844411,0,9.97013148075073,178028544,177537024
101596818116140,0,0.0,178028544,177537024
101596918404461,0,9.971525113186843,178028544,177537024
101597018620079,0,0.0,178028544,177537024
101597118857530,0,0.0,178028544,177537024
101597219049704,0,0.0,178028544,177537024
101597319321581,0,9.972919236602923,178028544,177537024
101597419568106,0,9.975555498414016,178028544,177537024
101597519748891,0,0.0,178028544,177537024
101597619914140,0,0.0,178028544,177537024
101597720082277,0,9.983227378544717,178028544,177537024
101597820244414,0,0.0,178028544,177537024
101597920476532,0,9.976675927237968,178028544,177537024
101598020690151,0,0.0,178028544,177537024
101598120905325,0,29.93576891912574,179240960,178601984
101598221124721,0,9.978154526659884,179240960,178601984
101598321317580,0,0.0,179240960,178601984
101598421519347,0,9.979922889157937,179240960,178601984
101598521683243,0,0.0,179240960,178601984
101598621859251,0,9.982328683826104,179240960,178601984
101598722043426,0,29.944766277626012,179240960,178601984
101598822283915,0,0.0,179240960,178601984
101598922494293,0,0.0,179240960,178601984
101599022674949,0,0.0,179240960,178601984
101599122941494,0,9.973342750740494,179240960,178601984
101599223197724,0,9.974562272635596,179240960,178601984
101599330103434,0,28.061620810294112,179240960,178601984
101599430389405,0,0.0,179240960,178601984
101599530590950,0,0.0,179240960,178601984
101599630771477,0,9.982062832382463,179240960,178601984
101599730947022,0,9.982317521328534,179240960,178601984
101599831201919,0,0.0,179240960,178601984
101599946793791,0,25.953415143373643,179240960,178601984
101600047034521,0,0.0,179240960,178601984
101600147266733,0,9.976849221065669,179240960,178601984
101600247482648,0,0.0,179240960,178601984
101600347690286,0,9.979273748254252,179240960,178601984
101600447901109,0,0.0,179240960,178601984
101600564421553,0,25.746530299704364,179257344,178601984
101600664672746,0,0.0,179257344,178601984
101600764866107,0,9.980568432681691,179257344,178601984
101600865100542,0,0.0,179257344,178601984
101600965310124,0,9.978997105855127,179257344,178601984
101601065531540,0,0.0,179257344,178601984
101601183895015,0,25.345450465354112,179257344,178601984
101601285254965,0,9.86600806747962,179257344,178601984
101601385421215,0,0.0,179257344,178601984
101601485589761,0,9.983147948371808,179257344,178601984
101601585752715,0,9.983771777838077,179257344,178601984
101601685931316,0,0.0,179257344,178601984
101601803120795,0,17.066160015737452,179257344,178601984
101601903391230,0,9.973171272152738,179257344,178601984
101602003569610,0,9.982155000943562,179257344,178601984
101602103839341,0,0.0,179257344,178601984
101602204084498,0,0.0,179257344,178601984
101602304294100,0,9.979091010364087,179257344,178601984
101602420093657,0,25.906843136132714,179257344,178601984
101602520411777,0,0.0,179257344,178601984
101602620586305,0,9.982605310857547,179257344,178601984
101602720782815,0,0.0,179257344,178601984
101602820996695,0,9.978707433419002,179257344,178601984
101602921203260,0,0.0,179257344,178601984
101603039092052,0,25.44769580015158,179257344,178601984
101603139408043,0,9.968616403301276,179257344,178601984
101603239602571,0,9.980636565956495,179257344,178601984
101603339783785,0,0.0,179257344,178601984
101603439982368,0,0.0,179257344,178601984
101603540170823,0,9.981184469388214,179257344,178601984
101603655928400,0,25.91594822346123,179257344,178601984
101603756234113,0,0.0,179257344,178601984
101603856410586,0,9.982245479024543,179257344,178601984
101603956632170,0,0.0,179257344,178601984
101604056859773,0,9.977449966111205,179257344,178601984
101604157064042,0,0.0,179257344,178601984
101604274386318,0,25.567617295593934,179257344,178601984
101604374691606,0,0.0,179257344,178601984
101604474896856,0,9.979551997264574,179257344,178601984
101604575119293,0,9.977800193400329,179257344,178601984
101604675303285,0,0.0,179257344,178601984
101604775476018,0,0.0,179257344,178601984
101604891428687,0,25.87232823543989,179257344,178601984
101604991696216,0,9.973467684054238,179257344,178601984
101605091892634,0,0.0,179257344,178601984
101605192114163,0,9.977905326507289,179257344,178601984
101605292336580,0,0.0,179257344,178601984
101605392543202,0,9.979463460683844,179257344,178601984
101605511631400,0,25.19120946961273,179257344,178601984
101605611921577,0,0.0,179257344,178601984
101605712131329,0,9.978757022832403,179257344,178601984
101605812428839,0,0.0,179257344,178601984
101605912795572,0,0.0,179257344,178601984
101606013070361,0,9.972668307907039,179257344,178601984
101606128565606,0,25.975041134782952,179257344,178601984
101606228891561,0,9.967626247445255,179257344,178601984
101606329137720,0,0.0,179257344,178601984
101606429381305,0,0.0,179257344,178601984
101606529626742,0,9.97545738142237,179257344,178601984
101606629860661,0,0.0,179257344,178601984
101606745997330,0,25.831482041576383,179257344,178601984
101606846286619,0,0.0,179257344,178601984
101606946544223,0,9.974241323611777,179257344,178601984
101607046800549,0,0.0,179257344,178601984
101607147022246,0,0.0,179257344,178601984
101607247269405,0,19.95080052624694,179257344,178601984
101607358857866,0,26.881689839327795,179257344,178601984
101607465540803,0,0.0,179257344,178601984
101607565846796,0,9.96959900341878,179257344,178601984
101607666129974,0,0.0,179257344,178601984
101607766330949,0,9.97984878857696,179257344,178601984
101607866638201,0,9.969505079318798,179257344,178601984
101607984172979,0,25.523491487703705,179257344,178601984
101608084541027,0,0.0,179257344,178601984
101608184752724,0,0.0,179257344,178601984
101608284946551,0,0.0,179257344,178601984
101608385153303,0,9.979301033221311,179257344,178601984
101608485379389,0,9.97742029958102,179257344,178601984
101608600362971,0,26.09052184847754,179257344,178601984
101608700647168,0,9.971771312032972,179257344,178601984
101608800853699,0,0.0,179257344,178601984
101608901050193,0,0.0,179257344,178601984
101609001245909,0,0.0,179257344,178601984
101609101466125,0,9.978008369759493,179257344,178601984
101609219022625,0,25.519498950908545,179257344,178601984
101609319322303,0,0.0,179257344,178601984
101609419525538,0,9.979763932320711,179257344,178601984
101609519734458,0,0.0,179257344,178601984
101609619933804,0,0.0,179257344,178601984
101609720116428,0,19.963442146371374,179257344,178601984
101609837338985,0,17.061438640836638,179257344,178601984
101609937614664,0,9.972596302056935,179257344,178601984
101610037802918,0,0.0,179257344,178601984
101610138018319,0,9.978430623916589,179257344,178601984
101610238244702,0,0.0,179257344,178601984
101610338445326,0,0.0,179257344,178601984
101610456176604,0,33.97563016407459,179257344,178601984
101610556463117,0,9.971552060625749,179257344,178601984
101610656664445,0,0.0,179257344,178601984
101610756868606,0,0.0,179257344,178601984
101610857077286,0,0.0,179257344,178601984
101610957267170,0,9.981010727743698,179257344,178601984
101611065276846,0,27.775079735592307,179257344,178601984
101611174918740,0,0.0,179257344,178601984
101611275113253,0,9.980593833065317,179257344,178601984
101611375305507,0,9.980829919458197,179257344,178601984
101611475518594,0,0.0,179257344,178601984
101611575749219,0,0.0,179257344,178601984
101611690823709,0,26.069809842461723,179257344,178601984
101611791081556,0,9.974452931815339,179257344,178601984
101611891247347,0,0.0,179257344,178601984
101611991484972,0,0.0,179257344,178601984
101612091701467,0,9.978478418246304,179257344,178601984
101612191882684,0,0.0,179257344,178601984
101612292086420,0,39.918885221822265,179257344,178601984
101612409415404,0,0.0,179257344,178601984
101612509571881,0,9.984398878169962,179257344,178601984
101612609733895,0,0.0,179257344,178601984
101612709896224,0,0.0,179257344,178601984
101612810052868,0,9.984354615991291,179257344,178601984
101612928434090,0,25.341476395779736,179257344,178601984
101613028694141,0,0.0,179257344,178601984
101613128903803,0,0.0,179257344,178601984
101613229071706,0,9.983296946246135,179257344,178601984
101613329244072,0,0.0,179257344,178601984
101613429434457,0,9.981029157434529,179257344,178601984
101613546244813,0,25.68245473297448,179257344,178601984
101613646488365,0,9.975709546727993,179257344,178601984
101613746682935,0,0.0,179257344,178601984
101613846860801,0,0.0,179257344,178601984
101613947046575,0,0.0,179257344,178601984
101614047220441,0,9.98254751177672,179257344,178601984
101614164870296,0,33.998978076048225,179257344,178601984
101614265195254,0,0.0,179257344,178601984
101614365423491,0,9.97732234436077,179257344,178601984
101614465625802,0,0.0,179257344,178601984
101614565812243,0,0.0,179257344,178601984
101614665993628,0,9.981872222201588,179257344,178601984
101614783161373,0,25.60398433380418,179257344,178601984
101614883479573,0,0.0,179257344,178601984
101614983704014,0,0.0,179257344,178601984
101615083934565,0,9.976962893278523,179257344,178601984
101615184182265,0,0.0,179257344,178601984
101615284423780,0,9.975943610681549,179257344,178601984
101615398819829,0,26.224537515485274,179257344,178601984
101615500376193,0,9.846836786403873,179257344,178601984
101615600601004,0,0.0,179257344,178601984
101615700818316,0,0.0,179257344,178601984
101615801037627,0,9.978179517773949,179257344,178601984
101615901230347,0,0.0,179257344,178601984
101616018872109,0,25.500947194103468,179257344,178601984
101616119172180,0,9.970189532493144,179257344,178601984
101616219362529,0,0.0,179257344,178601984
101616319546174,0,0.0,179257344,178601984
101616419746430,0,9.98010844617687,179257344,178601984
101616519922705,0,0.0,179257344,178601984
101616636411879,0,34.33776386021958,179257344,178601984
101616736700913,0,0.0,179257344,178601984
101616836939521,0,9.976155392501655,179257344,178601984
101616937163629,0,0.0,179257344,178601984
101617037369571,0,9.979479494889652,179257344,178601984
101617137574383,0,0.0,179257344,178601984
101617253874613,0,25.79529761687225,179257344,178601984
101617354142629,0,0.0,179257344,178601984
101617454338830,0,9.9804866516576,179257344,178601984
101617554530494,0,0.0,179257344,178601984
101617654728140,0,0.0,179257344,178601984
101617754904175,0,9.982359175634508,179257344,178601984
101617871888700,0,25.644263173564354,179257344,178601984
101617972156642,0,9.973225876832336,179257344,178601984
101618072404769,0,0.0,179257344,178601984
101618172619711,0,0.0,179257344,178601984
101618272862857,0,9.97579602549608,179257344,178601984
101618373058947,0,0.0,179257344,178601984
101618490291509,0,34.12018634437213,179257344,178601984
101618590569599,0,0.0,179257344,178601984
101618690790190,0,9.977871476150652,179257344,178601984
101618791011540,0,0.0,179257344,178601984
101618891240519,0,0.0,179257344,178601984
101618991446129,0,0.0,179257344,178601984
101619108834653,0,25.556152564409906,179257344,178601984
101619209092040,0,9.974450842691436,179257344,178601984
101619309264297,0,9.982770637504531,179257344,178601984
101619409457351,0,0.0,179257344,178601984
101619509629109,0,0.0,179257344,178601984
101619609793848,0,9.983556881938664,179257344,178601984
101619726832893,0,25.63216742824061,179257344,178601984
101619827150076,0,0.0,179257344,178601984
101619927343575,0,9.980713270089817,179257344,178601984
101620027526925,0,0.0,179257344,178601984
101620127727535,0,0.0,179257344,178601984
101620227911811,0,9.981560065545729,179257344,178601984
101620345333558,0,25.548732699719228,179257344,178601984
101620445618279,0,9.971785530152314,179257344,178601984
101620545796037,0,0.0,179257344,178601984
101620646002443,0,0.0,179257344,178601984
101620746231202,0,9.977185668024115,179257344,178601984
101620846413367,0,9.981796199104611,179257344,178601984
101620963128672,0,25.70348422753689,179257344,178601984
101621063382986,0,0.0,179257344,178601984
101621163629985,0,0.0,179257344,178601984
101621263818614,0,9.9811431249767,179257344,178601984
101621364019057,0,0.0,179257344,178601984
101621464192834,0,0.0,179257344,178601984
101621580239308,0,25.851587927427076,179257344,178601984
101621680491585,0,9.974909511466258,179257344,178601984
101621780658177,0,9.983287278328465,179257344,178601984
101621880863473,0,0.0,179257344,178601984
101621981079843,0,0.0,179257344,178601984
101622081284324,0,9.979637845566094,179257344,178601984
101622189145191,0,27.810491156134837,179257344,178601984
101622298899849,0,0.0,179257344,178601984
101622399099367,0,9.980051076037947,179257344,178601984
101622499325163,0,0.0,179257344,178601984
101622599533107,0,9.97929665091883,179257344,178601984
101622699706385,0,0.0,179257344,178601984
101622816569042,0,25.670973135034867,179257344,178601984
101622916838746,0,0.0,179257344,178601984
101623017083727,0,9.975543359124423,179257344,178601984
101623117296523,0,0.0,179257344,178601984
101623217498282,0,0.0,179257344,178601984
101623317664578,0,19.966814357352842,179257344,178601984
101623435027068,0,17.04103723820426,179257344,178601984
101623535272753,0,0.0,179257344,178601984
101623635442050,0,9.982993771758519,179257344,178601984
101623735641365,0,9.980102568832354,179257344,178601984
101623835866124,0,0.0,179257344,178601984
101623936051514,0,9.981499091876723,179257344,178601984
101624053447652,0,25.55424125182359,179257344,178601984
101624153742670,0,0.0,179257344,178601984
101624253991170,0,0.0,179257344,178601984
101624354233578,0,9.97588787996565,179257344,178601984
101624454449671,0,9.978546025993753,179257344,178601984
101624554624801,0,0.0,179257344,178601984
101624671770940,0,25.608941577609755,179257344,178601984
101624772025034,0,0.0,179257344,178601984
101624872190460,0,9.983514222662004,179257344,178601984
101624972399572,0,0.0,179257344,178601984
101625072605147,0,9.979571317208245,179257344,178601984
101625172783111,0,0.0,179257344,178601984
101625290029435,0,25.587148074000147,179257344,178601984
101625390283824,0,0.0,179257344,178601984
101625490458844,0,9.98254342679812,179257344,178601984
101625590626419,0,0.0,179257344,178601984
101625690794680,0,0.0,179257344,178601984
101625790986570,0,9.980888295902107,179257344,178601984
101625906837676,0,34.52689440590459,179257344,178601984
101626007090270,0,0.0,179257344,178601984
101626107290937,0,0.0,179257344,178601984
101626207472142,0,0.0,179257344,178601984
101626307669144,0,9.980333055855528,179257344,178601984
101626407861460,0,0.0,179257344,178601984
101626526333855,0,33.76276988235648,179257344,178601984
101626626580653,0,0.0,179257344,178601984
101626726768451,0,9.981277517673345,179257344,178601984
101626826986786,0,0.0,179257344,178601984
101626927216047,0,0.0,179257344,178601984
101627027436678,0,9.977959684587425,179257344,178601984
101627145053057,0,25.50657524987316,179257344,178601984
101627245327281,0,9.972768656739156,179257344,178601984
101627345521764,0,0.0,179257344,178601984
101627445695543,0,0.0,179257344,178601984
101627545860712,0,0.0,179257344,178601984
101627646028881,0,9.983183725730257,179257344,178601984
101627761224120,0,26.04252955068059,179257344,178601984
101627861497251,0,0.0,179257344,178601984
101627961664975,0,9.983120938222356,179257344,178601984
101628061918700,0,9.974682560005215,179257344,178601984
101628162153701,0,0.0,179257344,178601984
101628262363000,0,9.979196866261825,179257344,178601984
101628379828917,0,25.53900887017286,179257344,178601984
101628480133030,0,0.0,179257344,178601984
101628580324051,0,0.0,179257344,178601984
101628680513813,0,0.0,179257344,178601984
101628780734278,0,9.978105243139755,179257344,178601984
101628880905874,0,0.0,179257344,178601984
101628998394921,0,25.53383221131565,179257344,178601984
101629098675127,0,19.944513168694236,179257344,178601984
101629198850556,0,0.0,179257344,178601984
101629299059595,0,0.0,179257344,178601984
101629399232820,0,0.0,179257344,178601984
101629499397082,0,9.983549009118269,179257344,178601984
101629604011739,0,28.676436492596867,179257344,178601984
101629716543912,0,0.0,179257344,178601984
101629816836655,0,9.970893963511038,179257344,178601984
101629917055714,0,0.0,179257344,178601984
101630017302957,0,9.975321852327076,179257344,178601984
101630117519053,0,0.0,179257344,178601984
101630235505896,0,25.426240624175737,179257344,178601984
101630335799584,0,0.0,179257344,178601984
101630436036531,0,9.976503240501845,179257344,178601984
101630536226145,0,0.0,179257344,178601984
101630636400463,0,9.982631717854934,179257344,178601984
101630736594059,0,9.980576402270025,179257344,178601984
101630852378057,0,25.910353578886955,179257344,178601984
101630952644782,0,0.0,179257344,178601984
101631052855397,0,0.0,179257344,178601984
101631153072474,0,9.978313532205066,179257344,178601984
101631253290589,0,9.97836690078593,179257344,178601984
101631353464518,0,0.0,179257344,178601984
101631470681586,0,25.593392838051802,179257344,178601984
101631570925478,0,9.975716114006616,179257344,178601984
101631671094741,0,0.0,179257344,178601984
101631771273930,0,0.0,179257344,178601984
101631871460693,0,0.0,179257344,178601984
101631971687679,0,19.955041294021864,179257344,178601984
101632090470761,0,16.837199293227584,179257344,178601984
101632190757765,0,9.971519943360287,179257344,178601984
101632290941324,0,0.0,179257344,178601984
101632391146920,0,9.979525008020829,179257344,178601984
101632491345998,0,0.0,179257344,178601984
101632591528077,0,0.0,179257344,178601984
101632707212872,0,25.93225281781803,179257344,178601984
101632807483116,0,9.973142228833135,179257344,178601984
101632907676880,0,9.980607679177195,179257344,178601984
101633007893680,0,0.0,179257344,178601984
101633108146721,0,0.0,179257344,178601984
101633208344633,0,9.980279267640087,179257344,178601984
101633319607088,0,26.962797513963952,179257344,178601984
101633426251353,0,0.0,179257344,178601984
101633526436561,0,9.981566940644882,179257344,178601984
101633626608566,0,0.0,179257344,178601984
101633726780718,0,0.0,179257344,178601984
101633826978760,0,9.980332755812787,179257344,178601984
101633942986314,0,25.86013302346844,179273728,178601984
101634043217337,0,9.976989670220922,179273728,178601984
101634143442453,0,0.0,179273728,178601984
101634243638383,0,0.0,179273728,178601984
101634343830129,0,9.980777323258431,179273728,178601984
101634444034004,0,0.0,179273728,178601984
101634561672072,0,25.501667743283647,179273728,178601984
101634661960262,0,9.97138710535129,179273728,178601984
101634762131860,0,9.982744128260011,179273728,178601984
101634862404198,0,0.0,179273728,178601984
101634962658833,0,0.0,179273728,178601984
101635062857338,0,0.0,179273728,178601984
101635180436221,0,25.51456455261845,179273728,178601984
101635280757837,0,19.93608908709203,179273728,178601984
101635380972805,0,0.0,179273728,178601984
101635481160051,0,0.0,179273728,178601984
101635581438908,0,9.972390737841964,179273728,178601984
101635681638062,0,0.0,179273728,178601984
101635795971232,0,26.239015268670343,179273728,178601984
101635896293515,0,0.0,179273728,178601984
101635996535706,0,0.0,179273728,178601984
101636096768137,0,9.976805224239847,179273728,178601984
101636197006642,0,9.976197093877358,179273728,178601984
101636297261796,0,0.0,179273728,178601984
101636415006050,0,25.478890177583,179273728,178601984
101636515333833,0,0.0,179273728,178601984
101636615564728,0,9.976945275268466,179273728,178601984
101636715800419,0,9.97652871868702,179273728,178601984
101636816016091,0,0.0,179273728,178601984
101636916274430,0,0.0,179273728,178601984
101637018532708,0,39.1164535850357,179273728,178601984
101637134567930,0,0.0,179273728,178601984
101637234761862,0,9.980624015669001,179273728,178601984
101637335005442,0,0.0,179273728,178601984
101637435244596,0,0.0,179273728,178601984
101637535437509,0,0.0,179273728,178601984
101637651726361,0,34.39722695113026,179273728,178601984
101637751968700,0,0.0,179273728,178601984
101637852201984,0,0.0,179273728,178601984
101637952438157,0,9.976340709513703,179273728,178601984
101638052666423,0,9.977345239519556,179273728,178601984
101638152897984,0,0.0,179273728,178601984
101638268689430,0,34.54467279884013,179273728,178601984
101638369003510,0,0.0,179273728,178601984
101638469257646,0,0.0,179273728,178601984
101638569511171,0,0.0,179273728,178601984
101638669784122,0,9.972720322265126,179273728,178601984
101638769999499,0,0.0,179273728,178601984
101638888176216,0,25.385758817444795,179273728,178601984
101638988503722,0,9.967358097728633,179273728,178601984
101639088766414,0,9.97368721947176,179273728,178601984
101639189040143,0,0.0,179273728,178601984
101639289280538,0,0.0,179273728,178601984
101639389516601,0,0.0,179273728,178601984
101639505405584,0,25.886649455538535,179273728,178601984
101639605767831,0,19.927969953769086,179273728,178601984
101639705978431,0,0.0,179273728,178601984
101639806183604,0,0.0,179273728,178601984
101639906400019,0,9.978429330026957,179273728,178601984
101640006614396,0,0.0,179273728,178601984
101640124517541,0,25.444342183162142,179273728,178601984
101640224811548,0,0.0,179273728,178601984
101640325038462,0,9.977269585215987,179273728,178601984
101640425279839,0,9.975977446510486,179273728,178601984
101640525489217,0,0.0,179273728,178601984
101640625683540,0,9.980638659120162,179273728,178601984
101640738678105,0,26.54985814569846,179273728,178601984
101640843548193,0,0.0,179273728,178601984
101640943772959,0,9.977571915230504,179273728,178601984
101641043992022,0,0.0,179273728,178601984
101641144222048,0,0.0,179273728,178601984
101641244453130,0,9.976991162176782,179273728,178601984
101641361428703,0,25.646355700026763,179273728,178601984
101641461719933,0,9.970987317714025,179273728,178601984
101641561932182,0,0.0,179273728,178601984
101641662136560,0,0.0,179273728,178601984
101641762340068,0,0.0,179273728,178601984
101641862647761,0,9.969249649547631,179273728,178601984
101641977630599,0,34.78808010643486,179273728,178601984
101642077887107,0,0.0,179273728,178601984
101642178107207,0,0.0,179273728,178601984
101642278313715,0,0.0,179273728,178601984
101642378546631,0,9.976755257352414,179273728,178601984
101642478730916,0,9.981638477303727,179273728,178601984
101642594782512,0,25.850401741887413,179273728,178601984
101642695038539,0,0.0,179273728,178601984
101642795223862,0,9.981511247117364,179273728,178601984
101642895392333,0,0.0,179273728,178601984
101642995567119,0,0.0,179273728,178601984
101643095816646,0,9.97513338764415,179273728,178601984
101643213480996,0,25.49589538039399,179273728,178601984
101643313816819,0,0.0,179273728,178601984
101643414075976,0,0.0,179273728,178601984
101643514276966,0,9.979924782014855,179273728,178601984
101643614483715,0,0.0,179273728,178601984
101643714694039,0,0.0,179273728,178601984
101643831276578,0,34.31028083584543,179273728,178601984
101643931616290,0,0.0,179273728,178601984
101644031868595,0,9.974779567174329,179273728,178601984
101644132126677,0,9.974359512707174,179273728,178601984
101644232338760,0,0.0,179273728,178601984
101644332647898,0,0.0,179273728,178601984
101644450304008,0,25.49801035139361,179273728,178601984
101644550606888,0,0.0,179273728,178601984
101644650785767,0,0.0,179273728,178601984
101644751016850,0,19.953838193578218,179273728,178601984
101644851248619,0,0.0,179273728,178601984
101644951472646,0,0.0,179273728,178601984
101645068869591,0,25.554101943280806,179273728,178601984
101645169141767,0,9.972924507747535,179273728,178601984
101645269373016,0,0.0,179273728,178601984
101645369634100,0,0.0,179273728,178601984
101645469824924,0,9.980920772169952,179273728,178601984
101645570028507,0,0.0,179273728,178601984
101645686043715,0,25.85836096621558,179273728,178601984
101645786373910,0,9.967195965775192,179273728,178601984
101645886587179,0,0.0,179273728,178601984
101645986828725,0,0.0,179273728,178601984
101646087067735,0,9.976152407636706,179273728,178601984
101646187290522,0,9.977831652840454,179273728,178601984
101646300037442,0,26.608191084597365,179273728,178601984
101646406243103,0,0.0,179273728,178601984
101646506458779,0,9.97853228558089,179273728,178601984
101646606651234,0,0.0,179273728,178601984
101646706844947,0,0.0,179273728,178601984
101646807039272,0,9.980533268372028,179273728,178601984
101646922919777,0,25.88872944732199,179273728,178601984
101647023213787,0,9.97065387239545,179273728,178601984
101647123445186,0,0.0,179273728,178601984
101647223650103,0,9.979454300169724,179273728,178601984
101647323876780,0,0.0,179273728,178601984
101647424110494,0,0.0,179273728,178601984
101647541596180,0,25.534651120207595,179273728,178601984
101647641887412,0,0.0,179273728,178601984
101647742085812,0,19.960181236978748,179273728,178601984
101647842310766,0,0.0,179273728,178601984
101647942544425,0,0.0,179273728,178601984
101648042766361,0,0.0,179273728,178601984
101648158152442,0,34.666365136610025,179273728,178601984
101648258413619,0,0.0,179273728,178601984
101648358620241,0,0.0,179273728,178601984
101648458840992,0,0.0,179273728,178601984
101648559063317,0,9.977892283262188,179273728,178601984
101648659297476,0,0.0,179273728,178601984
101648771814084,0,26.66261205572254,179273728,178601984
101648878873151,0,18.681366759353597,179273728,178601984
101648979079439,0,0.0,179273728,178601984
101649079295950,0,0.0,179273728,178601984
101649179477016,0,9.981902113850627,179273728,178601984
101649279669101,0,0.0,179273728,178601984
101649380012353,0,29.89707900735606,179273728,178601984
101649494341622,0,8.74674877833591,179273728,178601984
101649594520763,0,0.0,179273728,178601984
101649694700349,0,0.0,179273728,178601984
101649794859471,0,0.0,179273728,178601984
101649895022223,0,9.983716159786773,179273728,178601984
101650014043592,0,25.204903048388584,179273728,178601984
101650114394880,0,0.0,179273728,178601984
101650214634317,0,9.976128221766103,179273728,178601984
101650314868125,0,9.976651741727474,179273728,178601984
101650415147673,0,0.0,179273728,178601984
101650515413647,0,9.973486084451995,179273728,178601984
101650631333525,0,25.879559979768345,179273728,178601984
101650731607166,0,0.0,179273728,178601984
101650831796566,0,9.981042208882059,179273728,178601984
101650932017930,0,0.0,179273728,178601984
101651032219608,0,0.0,179273728,178601984
101651132482157,0,9.973834244296938,179273728,178601984
101651238677393,0,28.249844711889843,179273728,178601984
101651350458633,0,0.0,179273728,178601984
101651450669534,0,0.0,179273728,178601984
101651550866972,0,9.980191813927014,179273728,178601984
101651651089169,0,0.0,179273728,178601984
101651751264274,0,9.982418664776528,179273728,178601984
101651866587801,0,26.013676222048453,179273728,178601984
101651966873202,0,0.0,179273728,178601984
101652067125288,0,9.9748106108515,179273728,178601984
101652167353041,0,0.0,179273728,178601984
101652267544182,0,0.0,179273728,178601984
101652367779231,0,9.97653180515947,179273728,178601984
101652473752506,0,28.30901932980275,179273728,178601984
101652585597988,0,8.94094649634159,179273728,178601984
101652685820389,0,0.0,179273728,178601984
101652786058864,0,9.975190106142145,179273728,178601984
101652886285154,0,0.0,179273728,178601984
101652986470296,0,0.0,179273728,178601984
101653103946893,0,34.04926017209539,179273728,178601984
101653204231627,0,0.0,179273728,178601984
101653304448325,0,0.0,179273728,178601984
101653404669893,0,9.977901443806397,179273728,178601984
101653504871683,0,0.0,179273728,178601984
101653605088085,0,0.0,179273728,178601984
101653722433386,0,25.565416905754706,179273728,178601984
101653822726862,0,0.0,179273728,178601984
101653922939560,0,9.97878639736427,179273728,178601984
101654023157480,0,0.0,179273728,178601984
101654123397122,0,9.976102245982036,179273728,178601984
101654223591820,0,9.980564349326203,179273728,178601984
101654341186398,0,25.51111519084116,179273728,178601984
101654441476522,0,0.0,179273728,178601984
101654541671572,0,9.980429575767689,179273728,178601984
101654641896178,0,0.0,179273728,178601984
101654742084284,0,9.981235875296944,179273728,178601984
101654842304557,0,0.0,179273728,178601984
101654953776651,0,26.91277067779819,179273728,178601984
101655059930815,0,9.42026324685764,179273728,178601984
101655160189236,0,0.0,179273728,178601984
101655260406138,0,0.0,179273728,178601984
101655360641225,0,9.976592519725576,179273728,178601984
101655460877665,0,0.0,179273728,178601984
101655577863430,0,25.64435655871937,179273728,178601984
101655678150147,0,9.971355087537129,179273728,178601984
101655778384920,0,9.976590529642205,179273728,178601984
101655878619952,0,0.0,179273728,178601984
101655978843133,0,9.97783125443509,179273728,178601984
101656079039350,0,0.0,179273728,178601984
101656196628262,0,25.51254511886476,179273728,178601984
101656296941220,0,0.0,179273728,178601984
101656397128549,0,9.981162053856332,179273728,178601984
101656497378840,0,0.0,179273728,178601984
101656597612354,0,9.976846732611103,179273728,178601984
101656697804442,0,0.0,179273728,178601984
101656813608841,0,25.90543690112476,179273728,178601984
101656913903911,0,0.0,179273728,178601984
101657014139925,0,9.976455963322863,179273728,178601984
101657114380531,0,9.975890169540829,179273728,178601984
101657214652730,0,0.0,179273728,178601984
101657314892782,0,9.976107620424452,179273728,178601984
101657432446546,0,25.52028589568118,179273728,178601984
101657532728264,0,0.0,179273728,178601984
101657632940742,0,0.0,179273728,178601984
101657733176552,0,9.976588638049867,179273728,178601984
101657833369604,0,9.980619533636423,179273728,178601984
101657933595822,0,0.0,179273728,178601984
101658039949172,0,28.208013186438542,179273728,178601984
101658149906105,0,9.09444525952144,179273728,178601984
101658250145935,0,0.0,179273728,178601984
101658350370468,0,0.0,179273728,178601984
101658450602797,0,0.0,179273728,178601984
101658550814738,0,9.978933772535168,179273728,178601984
101658658549881,0,37.127635686723245,179273728,178601984
101658768112501,0,0.0,179273728,178601984
101658868345219,0,0.0,179273728,178601984
101658968534271,0,9.980993992779377,179273728,178601984
101659068774342,0,0.0,179273728,178601984
101659169024505,0,0.0,179273728,178601984
101659269259760,0,29.929765914149602,179273728,178601984
101659385703677,0,8.58777331245763,179273728,178601984
101659485936581,0,0.0,179273728,178601984
101659586163596,0,0.0,179273728,178601984
101659686348259,0,19.962733170334797,179273728,178601984
101659786608997,0,0.0,179273728,178601984
101659888012324,0,19.723452928599627,179273728,178601984
101660003967872,0,8.62405363138377,179273728,178601984
101660104156591,0,0.0,179273728,178601984
101660204495050,0,9.96641537198492,179273728,178601984
101660304742584,0,0.0,179273728,178601984
101660404978488,0,9.976595903157037,179273728,178601984
101660512040041,0,28.020987498329383,179273728,178601984
101660623627953,0,0.0,179273728,178601984
101660723855691,0,9.977230066566323,179273728,178601984
101660824118188,0,9.973903779585397,179273728,178601984
101660924331926,0,0.0,179273728,178601984
101661024545701,0,0.0,179273728,178601984
101661141494302,0,34.202593679174164,179273728,178601984
101661241801632,0,0.0,179273728,178601984
101661342023741,0,9.977842105559827,179273728,178601984
101661442253367,0,0.0,179273728,178601984
101661542474735,0,0.0,179273728,178601984
101661642663140,0,9.981045495306136,179273728,178601984
101661746364110,0,28.92917919851308,179273728,178601984
101661858910261,0,0.0,179273728,178601984
101661959152980,0,9.975923108577685,179273728,178601984
101662059347756,0,0.0,179273728,178601984
101662159593179,0,0.0,179273728,178601984
101662259835732,0,9.97583662760272,179273728,178601984
101662377002186,0,25.604675320148353,179273728,178601984
101662477288276,0,9.971421108503382,179273728,178601984
101662577531570,0,0.0,179273728,178601984
101662677758160,0,9.977344244327616,179273728,178601984
101662777980603,0,0.0,179273728,178601984
101662878178601,0,0.0,179290112,178601984
101662980015798,0,29.45857524654121,179290112,178601984
101663095118868,0,8.687799837983656,179290112,178601984
101663195430996,0,0.0,179290112,178601984
101663295677734,0,9.975421856355563,179290112,178601984
101663395905436,0,0.0,179290112,178601984
101663496140138,0,0.0,179290112,178601984
101663603496451,0,27.943995126132666,179290112,178601984
101663711476484,0,18.52194267795789,179290112,178601984
101663811705094,0,0.0,179290112,178601984
101663911925092,0,0.0,179290112,178601984
101664012122331,0,0.0,179290112,178601984
101664112366978,0,0.0,179290112,178601984
101664231247150,0,33.64739474894225,179290112,178601984
101664331579740,0,0.0,179290112,178601984
101664431786887,0,9.979363275614157,179290112,178601984
101664532006793,0,0.0,179290112,178601984
101664632200569,0,9.980698527842994,179290112,178601984
101664732382087,0,0.0,179290112,178601984
101664848105804,0,25.923617894586574,179290112,178601984
101664948373673,0,0.0,179290112,178601984
101665048573691,0,9.980069600740435,179290112,178601984
101665148793449,0,9.977923047871757,179290112,178601984
101665249019762,0,0.0,179290112,178601984
101665349229891,0,0.0,179290112,178601984
101665467350324,0,25.39796645141566,179290112,178601984
101665567623953,0,9.972809433932175,179290112,178601984
101665667800878,0,0.0,179290112,178601984
101665767997063,0,9.98046792537412,179290112,178601984
101665868187728,0,0.0,179290112,178601984
101665968366042,0,0.0,179290112,178601984
101666086703791,0,33.8011853984474,179290112,178601984
101666187008253,0,9.969684880166,179290112,178601984
101666287214382,0,0.0,179290112,178601984
101666387389973,0,0.0,179290112,178601984
101666487604250,0,9.978699269753102,179290112,178601984
101666587786435,0,0.0,179290112,178601984
101666703693487,0,34.510240373363864,179290112,178601984
101666803943356,0,0.0,179290112,178601984
101666904178541,0,0.0,179290112,178601984
101667004389707,0,0.0,179290112,178601984
101667104572818,0,9.981659698840218,179290112,178601984
101667204782781,0,0.0,179290112,178601984
101667321866366,0,34.163357150631136,179290112,178601984
101667422128440,0,0.0,179290112,178601984
101667522313810,0,9.98151393652773,179290112,178601984
101667622488143,0,0.0,179290112,178601984
101667722666717,0,0.0,179290112,178601984
101667822856958,0,0.0,179290112,178601984
101667939768915,0,25.660099649135457,179290112,178601984
101668040698450,0,19.815823218822526,179290112,178601984
101668140922931,0,0.0,179290112,178601984
101668241129653,0,0.0,179290112,178601984
101668341325987,0,9.980397799898421,179290112,178601984
101668441563357,0,0.0,179290112,178601984
101668550601834,0,27.51307398047179,179290112,178601984
101668657612595,0,9.344964612701618,179290112,178601984
101668757778688,0,0.0,179290112,178601984
101668858030503,0,9.974927720271427,179290112,178601984
101668958230837,0,0.0,179290112,178601984
101669058439263,0,0.0,179290112,178601984
101669176405106,0,25.43113811085951,179290112,178601984
101669276697310,0,9.970984434322238,179290112,178601984
101669376864848,0,9.983204157619014,179290112,178601984
101669477055756,0,0.0,179290112,178601984
101669577228979,0,0.0,179290112,178601984
101669677419461,0,0.0,179290112,178601984
101669786029755,0,36.8288337514471,179290112,178601984
101669894114754,0,0.0,179290112,178601984
101669994313921,0,9.980132051292635,179290112,178601984
101670094533070,0,0.0,179290112,178601984
101670194794534,0,0.0,179290112,178601984
101670295018127,0,9.977801188683227,179290112,178601984
101670412104843,0,25.621703154488436,179290112,178601984
101670512438159,0,0.0,179290112,178601984
101670612673030,0,9.976672943511705,179290112,178601984
101670712867828,0,9.980438240894301,179290112,178601984
101670813092829,0,0.0,179290112,178601984
101670913291182,0,0.0,179290112,178601984
101671030878786,0,34.01670368055259,179290112,178601984
101671131228639,0,0.0,179290112,178601984
101671231426603,0,0.0,179290112,178601984
101671331672474,0,9.975618790309175,179290112,178601984
101671431884050,0,0.0,179290112,178601984
101671532185514,0,9.970014185948003,179290112,178601984
101671646918182,0,26.147529204862433,179290112,178601984
101671747227720,0,0.0,179290112,178601984
101671847406277,0,9.981991588328148,179290112,178601984
101671947667204,0,0.0,179290112,178601984
101672047900021,0,9.976801940607537,179290112,178601984
101672148145281,0,0.0,179290112,178601984
101672255257062,0,28.00798814065365,179290112,178601984
101672366026184,0,9.027825843822791,179290112,178601984
101672466228575,0,0.0,179290112,178601984
101672566402651,0,0.0,179290112,178601984
101672666590097,0,9.981343970202994,179290112,178601984
101672766760710,0,9.982908661879648,179290112,178601984
101672872214995,0,28.44802644879962,179290112,178601984
101672984801743,0,0.0,179290112,178601984
101673085018541,0,0.0,179290112,178601984
101673185240024,0,9.977823189268618,179290112,178601984
101673285477489,0,9.976392762185396,179290112,178601984
101673385697861,0,0.0,179290112,178601984
101673501968322,0,25.801856993988736,179290112,178601984
101673602228936,0,9.974083740578536,179290112,178601984
101673702429012,0,0.0,179290112,178601984
101673802642718,0,0.0,179290112,178601984
101673902877053,0,9.976687573928123,179290112,178601984
101674003084871,0,9.979257713262202,179290112,178601984
101674120961383,0,25.450186872470187,179290112,178601984
101674221312367,0,0.0,179290112,178601984
101674321544924,0,0.0,179290112,178601984
101674421770001,0,0.0,179290112,178601984
101674521995763,0,9.977528111943583,179290112,178601984
101674622206080,0,0.0,179290112,178601984
101674737947599,0,34.55967953188681,179290112,178601984
101674838224045,0,0.0,179290112,178601984
101674938482863,0,9.97424768917216,179290112,178601984
101675038715940,0,0.0,179290112,178601984
101675138974164,0,0.0,179290112,178601984
101675239216908,0,9.975769751675251,179290112,178601984
101675356795773,0,25.514721012868232,179290112,178601984
101675457104776,0,0.0,179290112,178601984
101675557293723,0,9.981055956208111,179290112,178601984
101675657528449,0,9.976551113409226,179290112,178601984
101675757754229,0,0.0,179290112,178601984
101675857975732,0,0.0,179290112,178601984
101675974370157,0,25.77408180320179,179290112,178601984
101676074646086,0,9.972464629302722,179290112,178601984
101676174902293,0,0.0,179290112,178601984
101676275117351,0,0.0,179290112,178601984
101676375364743,0,9.975338468362438,179290112,178601984
101676475603339,0,0.0,179290112,178601984
101676593197631,0,34.015288560594186,179290112,178601984
101676693490301,0,0.0,179290112,178601984
101676793716379,0,0.0,179290112,178601984
101676893961215,0,9.97560744587116,179290112,178601984
101676994260515,0,9.97027720735449,179290112,178601984
101677094455759,0,0.0,179290112,178601984
101677210431260,0,25.867482627069556,179290112,178601984
101677310758689,0,0.0,179290112,178601984
101677411009322,0,0.0,179290112,178601984
101677511200214,0,9.980830915343844,179290112,178601984
101677611432848,0,0.0,179290112,178601984
101677711654666,0,9.978003591629015,179290112,178601984
101677814677422,0,19.41294610353498,179290112,178601984
101677930035499,0,8.6686507584911,179290112,178601984
101678030298188,0,9.97374093520612,179290112,178601984
101678130581636,0,9.971884472079719,179290112,178601984
101678230844380,0,0.0,179290112,178601984
101678331089199,0,0.0,179290112,178601984
101678446951718,0,25.892988318249984,179290112,178601984
101678547198352,0,19.950636140214012,179290112,178601984
101678647425282,0,0.0,179290112,178601984
101678747620638,0,0.0,179290112,178601984
101678847862457,0,9.97594828836349,179290112,178601984
101678948097387,0,0.0,179290112,178601984
101679065460274,0,25.561509464097675,179290112,178601984
101679165746759,0,9.971466449768082,179290112,178601984
101679265980190,0,0.0,179290112,178601984
101679366176305,0,0.0,179290112,178601984
101679466406735,0,9.97716297205292,179290112,178601984
101679566591721,0,0.0,179290112,178601984
101679683717442,0,25.61348676656748,179290112,178601984
101679784042817,0,9.96761044938186,179290112,178601984
101679884254766,0,0.0,179290112,178601984
101679984469696,0,9.978578885489176,179290112,178601984
101680084682201,0,0.0,179290112,178601984
101680184896521,0,9.978654461113743,179290112,178601984
101680299387619,0,17.468573161707745,179290112,178601984
101680399662530,0,9.972519725526666,179290112,178601984
101680499913572,0,0.0,179290112,178601984
101680600144022,0,0.0,179290112,178601984
101680700376675,0,19.953584767515814,179290112,178601984
101680800628217,0,0.0,179290112,178601984
101680919677563,0,25.199567765450688,179290112,178601984
101681020018179,0,0.0,179290112,178601984
101681120277350,0,9.974127710509231,179290112,178601984
101681220542633,0,9.973580584421402,179290112,178601984
101681320897193,0,0.0,179290112,178601984
101681421094031,0,0.0,179290112,178601984
101681528043168,0,28.0507610306166,179290112,178601984
101681637395446,0,0.0,179290112,178601984
101681737564415,0,19.966182081446828,179290112,178601984
101681837755365,0,0.0,179290112,178601984
101681937980629,0,0.0,179290112,178601984
101682038175116,0,0.0,179290112,178601984
101682155908207,0,33.974909288751114,179290112,178601984
101682256202582,0,0.0,179290112,178601984
101682356402532,0,0.0,179290112,178601984
101682456641945,0,9.976232026323615,179290112,178601984
101682556831303,0,0.0,179290112,178601984
101682657044549,0,9.978687618369152,179290112,178601984
101682774891307,0,25.45663647905576,179290112,178601984
101682875240960,0,0.0,179290112,178601984
101682975420299,0,0.0,179290112,178601984
101683075653990,0,9.976674336880908,179290112,178601984
101683175921737,0,9.973291326231807,179290112,178601984
101683276149020,0,0.0,179290112,178601984
101683391839191,0,25.931147531525966,179290112,178601984
101683492125919,0,9.971480966530569,179290112,178601984
101683592333906,0,0.0,179290112,178601984
101683692544338,0,0.0,179290112,178601984
101683792770882,0,9.977409747793857,179290112,178601984
101683892993314,0,9.977865203028948,179290112,178601984
101684010638313,0,25.500181382183307,179290112,178601984
101684110934337,0,0.0,179290112,178601984
101684211228695,0,9.970656159568735,179290112,178601984
101684311503164,0,0.0,179290112,178601984
101684411759318,0,9.974426070043739,179290112,178601984
101684512007825,0,0.0,179290112,178601984
101684626044407,0,26.307035462339673,179290112,178601984
101684726323173,0,9.972261754941083,179290112,178601984
101684826546828,0,0.0,179290112,178601984
101684926767371,0,0.0,179290112,178601984
101685026993859,0,9.97739869769978,179290112,178601984
101685127218440,0,0.0,179290112,178601984
101685245349383,0,25.39561135012417,179290112,178601984
101685345620019,0,9.9729652862133,179290112,178601984
101685445862433,0,0.0,179290112,178601984
101685546095902,0,0.0,179290112,178601984
101685646315520,0,9.978128740263337,179290112,178601984
101685746514750,0,0.0,179290112,178601984
101685863393715,0,25.66738341168408,179290112,178601984
101685963684795,0,9.971033449319396,179290112,178601984
101686063918136,0,9.976709272671231,179290112,178601984
101686164154846,0,0.0,179290112,178601984
101686264386760,0,0.0,179290112,178601984
101686364570397,0,0.0,179290112,178601984
101686482475785,0,33.925367755214495,179290112,178601984
101686582788904,0,0.0,179290112,178601984
101686683034541,0,0.0,179290112,178601984
101686783241196,0,9.979391856650048,179290112,178601984
101686883443481,0,0.0,179290112,178601984
101686983645507,0,9.979782855973067,179290112,178601984
101687099585104,0,25.875340115521063,179290112,178601984
101687199883797,0,0.0,179290112,178601984
101687300121767,0,9.976285272712047,179290112,178601984
101687400331645,0,9.97900088942004,179290112,178601984
101687500556263,0,0.0,179290112,178601984
101687600757030,0,0.0,179290112,178601984
101687716074537,0,34.686562207158886,179290112,178601984
101687816372637,0,0.0,179290112,178601984
101687916625867,0,0.0,179290112,178601984
101688016864726,0,9.976182065177502,179290112,178601984
101688117080401,0,0.0,179290112,178601984
101688217295723,0,9.978515855960465,179290112,178601984
101688336067166,0,25.258486722609206,179290112,178601984
101688436347136,0,0.0,179290112,178601984
101688536596552,0,0.0,179290112,178601984
101688636823800,0,9.97732483305614,179290112,178601984
101688737046234,0,0.0,179290112,178601984
101688837271131,0,9.977664002327314,179290112,178601984
101688945281249,0,18.51651701933799,179290112,178601984
101689053854848,0,9.210356445003052,179290112,178601984
101689154095837,0,9.975992176256707,179290112,178601984
101689254307604,0,0.0,179290112,178601984
101689354483298,0,0.0,179290112,178601984
101689454728621,0,9.975509326407789,179290112,178601984
101689571234496,0,25.749528873773205,179290112,178601984
101689671542708,0,9.969407875330747,179290112,178601984
101689771752716,0,0.0,179290112,178601984
101689871998521,0,0.0,179290112,178601984
101689972252640,0,9.975470616683214,179290112,178601984
101690072475723,0,0.0,179290112,178601984
101690190027058,0,25.520592004998168,179290112,178601984
101690290334548,0,9.969398731820029,179290112,178601984
101690390561371,0,0.0,179290112,178601984
101690490783880,0,9.977905425019983,179290112,178601984
101690590974703,0,0.0,179290112,178601984
101690691203379,0,0.0,179290112,178601984
101690808669270,0,34.052132131303985,179290112,178601984
101690908946835,0,0.0,179290112,178601984
101691009134510,0,9.981114433877563,179290112,178601984
101691109380556,0,0.0,179290112,178601984
101691209631639,0,0.0,179290112,178601984
101691309858629,0,0.0,179290112,178601984
101691427119688,0,34.1121960664738,179290112,178601984
101691527364364,0,0.0,179290112,178601984
101691627587595,0,9.97783354490418,179290112,178601984
101691727763826,0,0.0,179290112,178601984
101691827978650,0,0.0,179290112,178601984
101691928218197,0,9.976170819390349,179290112,178601984
101692043682779,0,25.98181421732819,179290112,178601984
101692143961362,0,9.972277965712218,179290112,178601984
101692244198612,0,0.0,179290112,178601984
101692344378251,0,0.0,179290112,178601984
101692444628890,0,9.975043039892945,179290112,178601984
101692544863621,0,9.97668498706028,179290112,178601984
101692645053520,0,29.942662495811195,179290112,178601984
101692762208524,0,0.0,179290112,178601984
101692862431941,0,9.977730203922457,179290112,178601984
101692962655784,0,0.0,179290112,178601984
101693062898460,0,0.0,179290112,178601984
101693163115359,0,9.978316519808716,179290112,178601984
101693281351583,0,25.37283542008018,179290112,178601984
101693381654259,0,0.0,179290112,178601984
101693481900157,0,9.975481564038569,179290112,178601984
101693582141723,0,9.975912659878581,179290112,178601984
101693682363140,0,0.0,179290112,178601984
101693782690372,0,0.0,179290112,178601984
101693898394584,0,25.927859570409563,179290112,178601984
101693998700446,0,9.969578826779596,179290112,178601984
101694098970622,0,9.97303311743089,179290112,178601984
101694199230336,0,0.0,179290112,178601984
101694299487457,0,0.0,179290112,178601984
101694399722744,0,0.0,179290112,178601984
101694517151063,0,34.06334951905556,179290112,178601984
101694617447814,0,0.0,179290112,178601984
101694717668084,0,9.978014044708635,179290112,178601984
101694817896668,0,0.0,179290112,178601984
101694918145253,0,9.97515169717298,179290112,178601984
101695018433948,0,0.0,179290112,178601984
101695134214142,0,25.911018229397776,179290112,178601984
101695234556411,0,0.0,179290112,178601984
101695334779681,0,9.977685903794049,179290112,178601984
101695435016561,0,9.976362406749786,179290112,178601984
101695535272313,0,0.0,179290112,178601984
101695635500564,0,0.0,179290112,178601984
101695752976810,0,34.049388567755344,179290112,178601984
101695853265320,0,0.0,179290112,178601984
101695953487109,0,0.0,179290112,178601984
101696053724508,0,0.0,179290112,178601984
101696153989130,0,9.973637183933475,179290112,178601984
101696254219733,0,9.976961399882622,179290112,178601984
101696356013833,0,29.471470725932022,179306496,178601984
101696471946749,0,0.0,179306496,178601984
101696572178723,0,9.976871019009517,179306496,178601984
101696672398863,0,0.0,179306496,178601984
101696772620004,0,9.97798636691045,179306496,178601984
101696872838663,0,0.0,179306496,178601984
101696987292824,0,26.211451571658692,179306496,178601984
101697087574724,0,0.0,179306496,178601984
101697187827531,0,9.974816182255367,179306496,178601984
101697288027043,0,9.97908712674569,179306496,178601984
101697388263035,0,0.0,179306496,178601984
101697488495324,0,9.976911531375924,179306496,178601984
101697605982682,0,25.53443704478875,179306496,178601984
101697706271193,0,0.0,179306496,178601984
101697806511149,0,0.0,179306496,178601984
101697906734197,0,0.0,179306496,178601984
101698006948042,0,9.978568926770674,179306496,178601984
101698107197368,0,0.0,179306496,178601984
101698224790448,0,34.015467902397766,179306496,178601984
101698325112885,0,0.0,179306496,178601984
101698425359767,0,9.975302547388914,179306496,178601984
101698525643852,0,0.0,179306496,178601984
101698625940308,0,0.0,179306496,178601984
101698726167191,0,9.977372316926926,179306496,178601984
101698840957148,0,26.134403874210342,179306496,178601984
101698941295270,0,0.0,179306496,178601984
101699041552153,0,9.974230179193858,179306496,178601984
101699141859886,0,0.0,179306496,178601984
101699242082546,0,9.977763158008996,179306496,178601984
101699342301484,0,0.0,179306496,178601984
101699460284174,0,25.427003939455822,179306496,178601984
101699560622168,0,9.966489274654549,179306496,178601984
101699660851976,0,0.0,179306496,178601984
101699761115970,0,9.973690401175316,179306496,178601984
101699861369204,0,0.0,179306496,178601984
101699961610142,0,0.0,179306496,178601984
101700077856096,0,25.807025028837305,179306496,178601984
101700178206404,0,9.965194465580318,179306496,178601984
101700278467472,0,9.973913329457723,179306496,178601984
101700378744132,0,0.0,179306496,178601984
101700478985978,0,0.0,179306496,178601984
101700579196398,0,0.0,179306496,178601984
101700696637646,0,25.54447429824614,179306496,178601984
101700796926584,0,9.97128698109141,179306496,178601984
101700897110282,0,9.981662089655993,179306496,178601984
101700997294665,0,0.0,179306496,178601984
101701097537103,0,0.0,179306496,178601984
101701197780134,0,9.9757687582475,179306496,178601984
101701314379329,0,25.729067650735875,179306496,178601984
101701414694785,0,9.968640053868924,179306496,178601984
101701514924150,0,0.0,179306496,178601984
101701615150126,0,9.97744966769397,179306496,178601984
101701715365546,0,0.0,179306496,178601984
101701815579022,0,0.0,179306496,178601984
101701932887826,0,25.573629074742318,179306496,178601984
101702033228802,0,0.0,179306496,178601984
101702133439463,0,19.957971107521054,179306496,178601984
101702233630254,0,0.0,179306496,178601984
101702333863285,0,0.0,179306496,178601984
101702434093798,0,0.0,179306496,178601984
101702548509980,0,26.22015628371279,179306496,178601984
101702652098263,0,9.653639482684957,179306496,178601984
101702752299165,0,9.979927869139612,179306496,178601984
101702852524030,0,0.0,179306496,178601984
101702952735822,0,0.0,179306496,178601984
101703052992927,0,9.974335037296335,179306496,178601984
101703168688847,0,34.57315639668994,179306496,178601984
101703268991619,0,0.0,179306496,178601984
101703369264466,0,0.0,179306496,178601984
101703469506331,0,9.975881112615506,179306496,178601984
101703569740067,0,0.0,179306496,178601984
101703669961025,0,9.977973224941211,179306496,178601984
101703787195219,0,25.58935090090165,179306496,178601984
101703887535029,0,0.0,179306496,178601984
101703987755802,0,0.0,179306496,178601984
101704087990982,0,9.976450490021143,179306496,178601984
101704188219311,0,0.0,179306496,178601984
101704288431324,0,0.0,179306496,178601984
101704404764669,0,34.383436433807034,179306496,178601984
101704505072386,0,9.969438586191291,179306496,178601984
101704605318419,0,0.0,179306496,178601984
101704705556636,0,0.0,179306496,178601984
101704805785132,0,9.977309502549467,179306496,178601984
101704906010424,0,0.0,179306496,178601984
101705023578617,0,25.51679591884083,179306496,178601984
101705123903631,0,9.967749247658524,179306496,178601984
101705224197145,0,0.0,179306496,178601984
101705324431659,0,9.97667901380505,179306496,178601984
101705424618747,0,0.0,179306496,178601984
101705524840391,0,9.977917769989592,179306496,178601984
101705632326573,0,18.606799338642908,179306496,178601984
101705741979064,0,0.0,179306496,178601984
101705842235542,0,9.974438208058432,179306496,178601984
101705942467704,0,9.97687987785053,179306496,178601984
101706042665052,0,0.0,179306496,178601984
101706142906474,0,0.0,179306496,178601984
101706259158338,0,25.806124179673557,179306496,178601984
101706359449537,0,9.97099407843149,179306496,178601984
101706459689959,0,0.0,179306496,178601984
101706559932881,0,9.975799806630441,179306496,178601984
101706660167637,0,0.0,179306496,178601984
101706760388670,0,9.977908610865947,179306496,178601984
101706877811587,0,25.54853035614823,179306496,178601984
101706978112879,0,9.970115872911222,179306496,178601984
101707078313135,0,0.0,179306496,178601984
101707178542965,0,9.977093789657493,179306496,178601984
101707278749405,0,0.0,179306496,178601984
101707378959809,0,9.978941141047576,179306496,178601984
101707496036931,0,25.624037999016423,179306496,178601984
101707596371501,0,0.0,179306496,178601984
101707696569368,0,0.0,179306496,178601984
101707796764106,0,9.980588155186632,179306496,178601984
101707896961769,0,9.980272594339555,179306496,178601984
101707997155488,0,0.0,179306496,178601984
101708107278053,0,27.242492071084104,179306496,178601984
101708213749220,0,0.0,179306496,178601984
101708313969476,0,9.97798218569917,179306496,178601984
101708414198620,0,0.0,179306496,178601984
101708514430191,0,9.976949853949263,179306496,178601984
101708614645040,0,0.0,179306496,178601984
101708731801255,0,34.1424968517947,179306496,178601984
101708832073437,0,0.0,179306496,178601984
101708932285656,0,9.978839671019735,179306496,178601984
101709032496227,0,0.0,179306496,178601984
101709132784076,0,0.0,179306496,178601984
101709233014906,0,0.0,179306496,178601984
101709340642145,0,27.873812092833703,179306496,178601984
101709449491880,0,9.1869378135893,179306496,178601984
101709549702636,0,9.979071889358618,179306496,178601984
101709649893726,0,0.0,179306496,178601984
101709750081020,0,0.0,179306496,178601984
101709850266610,0,0.0,179306496,178601984
101709967833399,0,34.02286567989262,179306496,178601984
101710068126044,0,0.0,179306496,178601984
101710168365023,0,0.0,179306496,178601984
101710268619668,0,9.974515411989511,179306496,178601984
101710368880147,0,0.0,179306496,178601984
101710469119274,0,9.97623272295102,179306496,178601984
101710586829285,0,33.981677693482894,179306496,178601984
101710687097042,0,0.0,179306496,178601984
101710787323873,0,0.0,179306496,178601984
101710887535833,0,0.0,179306496,178601984
101710987748294,0,9.978787891304796,179306496,178601984
101711087974273,0,0.0,179306496,178601984
101711203682400,0,25.927314382285942,179306496,178601984
101711303993638,0,0.0,179306496,178601984
101711404196784,0,9.979735746259895,179306496,178601984
101711504405375,0,0.0,179306496,178601984
101711604585225,0,9.982032541029906,179306496,178601984
101711704767223,0,9.981790718488343,179306496,178601984
101711822254309,0,17.022836321319886,179306496,178601984
101711922541177,0,19.943295030213005,179306496,178601984
101712022743175,0,0.0,179306496,178601984
101712122935599,0,0.0,179306496,178601984
101712223222597,0,9.971347333782761,179306496,178601984
101712323452262,0,0.0,179306496,178601984
101712441061958,0,25.507923986499144,179306496,178601984
101712541348660,0,0.0,179306496,178601984
101712641576325,0,9.977290788179491,179306496,178601984
101712741784176,0,0.0,179306496,178601984
101712841977897,0,9.98065429847356,179306496,178601984
101712942177654,0,9.97994968198947,179306496,178601984
101713042430227,0,19.94977126556633,179306496,178601984
101713156829339,0,0.0,179306496,178601984
101713257052541,0,19.955510585749668,179306496,178601984
101713357275280,0,0.0,179306496,178601984
101713457486557,0,0.0,179306496,178601984
101713557696296,0,9.979104952297352,179306496,178601984
101713676064677,0,25.344534874287977,179306496,178601984
101713776319768,0,0.0,179306496,178601984
101713876554230,0,0.0,179306496,178601984
101713976779599,0,9.977574602516695,179306496,178601984
101714076985265,0,9.979435079225578,179306496,178601984
101714177209375,0,0.0,179306496,178601984
101714277439114,0,29.93149608649261,179306496,178601984
101714393805703,0,8.593568796129233,179306496,178601984
101714494011536,0,0.0,179306496,178601984
101714594210961,0,0.0,179306496,178601984
101714694380423,0,0.0,179306496,178601984
101714794590293,0,9.979055060907239,179306496,178601984
101714900760444,0,28.256292866024747,179306496,178601984
101715013382321,0,8.87931777377098,179306496,178601984
101715113605135,0,0.0,179306496,178601984
101715213849227,0,0.0,179306496,178601984
101715314089281,0,9.97624745200635,179306496,178601984
101715414267855,0,0.0,179306496,178601984
101715529711169,0,25.986746652741992,179306496,178601984
101715629985928,0,9.972750457266496,179306496,178601984
101715730167390,0,9.981816425223915,179306496,178601984
101715830397482,0,0.0,179306496,178601984
101715930604408,0,0.0,179306496,178601984
101716030803204,0,9.98015984245372,179306496,178601984
101716148450235,0,16.99978452720325,179306496,178601984
101716248763346,0,9.968834532132602,179306496,178601984
101716348997660,0,9.97673953027962,179306496,178601984
101716449170067,0,0.0,179306496,178601984
101716549361030,0,0.0,179306496,178601984
101716649548252,0,9.981329424712198,179306496,178601984
101716767342747,0,33.95691587087058,179306496,178601984
101716867645950,0,0.0,179306496,178601984
101716967903839,0,0.0,179306496,178601984
101717068124783,0,0.0,179306496,178601984
101717168432283,0,9.969432623056369,179306496,178601984
101717268639949,0,9.979186012191999,179306496,178601984
101717368938245,0,29.910898722056466,179306496,178601984
101717482395843,0,0.0,179306496,178601984
101717582591695,0,0.0,179421184,178601984
