split,split_index,source_file,window_index,start_sample,end_sample_exclusive,window_start_s,window_end_s,label,anomaly_fraction,reconstruction_error_mse
train,0,normal_20260823_112402.csv,0,0,128,5.739993866882287e-07,0.2540617590002512,0,0.0,0.15731200588782634
train,1,normal_20260823_112402.csv,1,128,256,0.2560560140000234,0.5100541780002459,0,0.0,0.18624531655284113
train,2,normal_20260823_112402.csv,2,256,384,0.51205419300004,0.766501414999766,0,0.0,0.14525206618148032
train,3,normal_20260823_112402.csv,3,384,512,0.7680812789994889,1.0220624980001958,0,0.0,0.16134552376868308
train,4,normal_20260823_112402.csv,4,512,640,1.0266054759995311,1.2780526739998097,0,0.0,0.15325052263283126
train,5,normal_20260823_112402.csv,5,640,768,1.2800526700002592,1.5340548479998688,0,0.0,0.1616121852878051
train,6,normal_20260823_112402.csv,6,768,896,1.5360527149996417,1.7900525779996317,0,0.0,0.12766238849101322
train,7,normal_20260823_112402.csv,7,896,1024,1.7920525379995524,2.0460529940000924,0,0.0,0.16470242039418245
train,8,normal_20260823_112402.csv,8,1024,1152,2.048052952999569,2.302052553999601,0,0.0,0.15315482297796526
train,9,normal_20260823_112402.csv,9,1152,1280,2.304073846999927,2.558052816999407,0,0.0,0.19959857588575028
train,10,normal_20260823_112402.csv,10,1280,1408,2.560052775999793,2.8140567279997413,0,0.0,0.16077519885581074
train,11,normal_20260823_112402.csv,11,1408,1536,2.8160535569995773,3.070052860999567,0,0.0,0.21168680516749797
train,12,normal_20260823_112402.csv,12,1536,1664,3.072052839000208,3.326060305999817,0,0.0,0.1939097367119543
train,13,normal_20260823_112402.csv,13,1664,1792,3.328058598000098,3.582052601000214,0,0.0,0.1143975225614587
train,14,normal_20260823_112402.csv,14,1792,1920,3.5840593570001147,3.838055193999935,0,0.0,0.1947732259313184
train,15,normal_20260823_112402.csv,15,1920,2048,3.8400556159995176,4.094053859999804,0,0.0,0.12700907159746114
train,16,normal_20260823_112402.csv,16,2048,2176,4.09605381900019,4.352689874999669,0,0.0,0.17716051791323503
train,17,normal_20260823_112402.csv,17,2176,2304,4.353829012999995,4.606052627999816,0,0.0,0.13160244753332537
train,18,normal_20260823_112402.csv,18,2304,2432,4.608061216999886,4.862053086999367,0,0.0,0.16226880043707345
train,19,normal_20260823_112402.csv,19,2432,2560,4.8640533609996055,5.118052859999807,0,0.0,0.1670191182854346
train,20,normal_20260823_112402.csv,20,2560,2688,5.120053022999855,5.374055962000057,0,0.0,0.23019562651375602
train,21,normal_20260823_112402.csv,21,2688,2816,5.376053680000041,5.630052526999862,0,0.0,0.1341937242306095
train,22,normal_20260823_112402.csv,22,2816,2944,5.632052652999846,5.886055277999731,0,0.0,0.155624494816149
train,23,normal_20260823_112402.csv,23,2944,3072,5.8880538479998,6.142054119999557,0,0.0,0.17671981331828013
train,24,normal_20260823_112402.csv,24,3072,3200,6.144066023999585,6.398054199999933,0,0.0,0.16836721138018085
train,25,normal_20260823_112402.csv,25,3200,3328,6.400054325999918,6.6540591869998025,0,0.0,0.181553422915544
train,26,normal_20260823_112402.csv,26,3328,3456,6.656055239000125,6.910054080999544,0,0.0,0.15346201296241033
train,27,normal_20260823_112402.csv,27,3456,3584,6.912054391999845,7.166054049000195,0,0.0,0.19711854033564338
train,28,normal_20260823_112402.csv,28,3584,3712,7.168054044999735,7.422054032000233,0,0.0,0.21012640367021737
train,29,normal_20260823_112402.csv,29,3712,3840,7.424061175999668,7.678055810999467,0,0.0,0.17300879075227726
train,30,normal_20260823_112402.csv,30,3840,3968,7.68005463999998,7.93406123800014,0,0.0,0.1556555514987162
train,31,normal_20260823_112402.csv,31,3968,4096,7.936055974999363,8.190053405000072,0,0.0,0.19320425182035947
train,32,normal_20260823_112402.csv,32,4096,4224,8.192054346000077,8.446054328000173,0,0.0,0.1645810246215523
train,33,normal_20260823_112402.csv,33,4224,4352,8.448057083999629,8.702054825999767,0,0.0,0.16468572526871839
train,34,normal_20260823_112402.csv,34,4352,4480,8.7040559699999,8.958054693000122,0,0.0,0.15913359292391505
train,35,normal_20260823_112402.csv,35,4480,4608,8.960054189999937,9.21405441099978,0,0.0,0.17095591628986773
train,36,normal_20260823_112402.csv,36,4608,4736,9.216054073999658,9.470060607999583,0,0.0,0.14300064273934662
train,37,normal_20260823_112402.csv,37,4736,4864,9.47205560400016,9.72605532399939,0,0.0,0.16459816935102448
train,38,normal_20260823_112402.csv,38,4864,4992,9.72805481999967,9.982098927999688,0,0.0,0.2138376640391962
train,39,normal_20260823_112402.csv,39,4992,5120,9.984691928999382,10.238052677999804,0,0.0,0.11085746277865634
train,40,normal_20260823_112402.csv,40,5120,5248,10.240052692999598,10.494053907999842,0,0.0,0.12317138407494761
train,41,normal_20260823_112402.csv,41,5248,5376,10.496058996999636,10.75005260099988,0,0.0,0.15435657780818937
train,42,normal_20260823_112402.csv,42,5376,5504,10.752052726999864,11.00605255299979,0,0.0,0.17788526214939182
train,43,normal_20260823_112402.csv,43,5504,5632,11.008052678999777,11.262052539999786,0,0.0,0.13088483497548906
train,44,normal_20260823_112402.csv,44,5632,5760,11.26405573899956,11.51805272799993,0,0.0,0.18762798750351806
train,45,normal_20260823_112402.csv,45,5760,5888,11.520052686999406,11.774053490999904,0,0.0,0.1925052625962588
train,46,normal_20260823_112402.csv,46,5888,6016,11.77605274599955,12.030052568999963,0,0.0,0.13589814753232213
train,47,normal_20260823_112402.csv,47,6016,6144,12.032052601999569,12.28605358799996,0,0.0,0.18009574736908104
train,48,normal_20260823_112402.csv,48,6144,6272,12.28805286199986,12.542053235999449,0,0.0,0.13151390588872403
train,49,normal_20260823_112402.csv,49,6272,6400,12.544061972000236,12.798052735000056,0,0.0,0.17439434254928443
train,50,normal_20260823_112402.csv,50,6400,6528,12.80005274999985,13.054061252999418,0,0.0,0.17516749075756266
train,51,normal_20260823_112402.csv,51,6528,6656,13.056062044999637,13.310053452999457,0,0.0,0.19314939275222542
train,52,normal_20260823_112402.csv,52,6656,6784,13.312052855999356,13.566535080999529,0,0.0,0.17092440417801255
train,53,normal_20260823_112402.csv,53,6784,6912,13.568071203999352,13.822052554999573,0,0.0,0.15017024778465946
train,54,normal_20260823_112402.csv,54,6912,7040,13.82405345799998,14.078063475999445,0,0.0,0.20018037172604097
train,55,normal_20260823_112402.csv,55,7040,7168,14.080056398000124,14.334060856999711,0,0.0,0.16242463943876198
train,56,normal_20260823_112402.csv,56,7168,7296,14.336055333999866,14.590052699999433,0,0.0,0.14373394208964818
train,57,normal_20260823_112402.csv,57,7296,7424,14.592052732999946,14.846055209999577,0,0.0,0.1822082847469255
train,58,normal_20260823_112402.csv,58,7424,7552,14.848053945999707,15.102054533999762,0,0.0,0.16373953761740742
train,59,normal_20260823_112402.csv,59,7552,7680,15.104055251999853,15.358054188000096,0,0.0,0.16635955168554958
train,60,normal_20260823_112402.csv,60,7680,7808,15.360054239999954,15.614054878999925,0,0.0,0.19647520696301038
train,61,normal_20260823_112402.csv,61,7808,7936,15.616053986000225,15.870053791999451,0,0.0,0.17665390581017068
train,62,normal_20260823_112402.csv,62,7936,8064,15.872053917999438,16.126056093999978,0,0.0,0.1342030132303047
train,63,normal_20260823_112402.csv,63,8064,8192,16.128054533999602,16.38205511399974,0,0.0,0.17480033270784703
train,64,normal_20260823_112402.csv,64,8192,8320,16.384066794999853,16.638053783000032,0,0.0,0.15181767176483754
train,65,normal_20260823_112402.csv,65,8320,8448,16.640053778999572,16.894060580999394,0,0.0,0.1331181375557217
train,66,normal_20260823_112402.csv,66,8448,8576,16.896055131999674,17.150058692999664,0,0.0,0.15480609236954823
train,67,normal_20260823_112402.csv,67,8576,8704,17.152055706999818,17.40605874599987,0,0.0,0.24321105323206652
train,68,normal_20260823_112402.csv,68,8704,8832,17.40805759399973,17.66205255800014,0,0.0,0.23079165566906093
train,69,normal_20260823_112402.csv,69,8832,8960,17.664056609999534,17.918055389000074,0,0.0,0.13725505374168753
train,70,normal_20260823_112402.csv,70,8960,9088,17.920057718999487,18.17409566399965,0,0.0,0.18908871527263807
train,71,normal_20260823_112402.csv,71,9088,9216,18.17609991900008,18.430054712999663,0,0.0,0.19807342844909112
train,72,normal_20260823_112402.csv,72,9216,9344,18.432057893999627,18.68606090999947,0,0.0,0.19167568509335986
train,73,normal_20260823_112402.csv,73,9344,9472,18.68805636900015,18.94205255199995,0,0.0,0.15423054771838215
train,74,normal_20260823_112402.csv,74,9472,9600,18.94405267699949,19.19805439599986,0,0.0,0.1520126127276805
train,75,normal_20260823_112402.csv,75,9600,9728,19.20005478099938,19.45405805199971,0,0.0,0.14920458560067174
train,76,normal_20260823_112402.csv,76,9728,9856,19.45606443699944,19.71005361599964,0,0.0,0.15109969962684153
train,77,normal_20260823_112402.csv,77,9856,9984,19.71205292600007,19.96607630899961,0,0.0,0.18746893161663078
train,78,normal_20260823_112402.csv,78,9984,10112,19.96809295299954,20.222052926999822,0,0.0,0.15457389484960757
train,79,normal_20260823_112402.csv,79,10112,10240,20.22405588499987,20.47806304200003,0,0.0,0.14170628449655154
train,80,normal_20260823_112402.csv,80,10240,10368,20.480061186000057,20.734066730999984,0,0.0,0.17192677374306697
train,81,normal_20260823_112402.csv,81,10368,10496,20.7360765049998,20.99005962399952,0,0.0,0.22085431309548284
train,82,normal_20260823_112402.csv,82,10496,10624,20.992079489999924,21.246055478000017,0,0.0,0.21871322587202927
train,83,normal_20260823_112402.csv,83,10624,10752,21.24805369600017,21.502052625999568,0,0.0,0.15967380576648316
train,84,normal_20260823_112402.csv,84,10752,10880,21.504056732999743,21.75807944099961,0,0.0,0.12410765052681423
train,85,normal_20260823_112402.csv,85,10880,11008,21.76008197400006,22.01405258900013,0,0.0,0.24876911416339206
train,86,normal_20260823_112402.csv,86,11008,11136,22.0160559549995,22.270053493999512,0,0.0,0.16658473939299837
train,87,normal_20260823_112402.csv,87,11136,11264,22.272053822999624,22.52605739699993,0,0.0,0.15141764470362892
train,88,normal_20260823_112402.csv,88,11264,11392,22.52805485599947,22.782053318999715,0,0.0,0.17283475304320697
train,89,normal_20260823_112402.csv,89,11392,11520,22.78405333299997,23.038057019000007,0,0.0,0.19697570922542415
train,90,normal_20260823_112402.csv,90,11520,11648,23.040061902999696,23.294054123000024,0,0.0,0.14335030792135642
train,91,normal_20260823_112402.csv,91,11648,11776,23.296054636999543,23.55005415199957,0,0.0,0.19611048243423687
train,92,normal_20260823_112402.csv,92,11776,11904,23.552054443999623,23.80607590399996,0,0.0,0.13873896768122498
train,93,normal_20260823_112402.csv,93,11904,12032,23.80807602899949,24.06205391399999,0,0.0,0.161355578248624
train,94,normal_20260823_112402.csv,94,12032,12160,24.06405363199974,24.31805401400016,0,0.0,0.1426299092705833
train,95,normal_20260823_112402.csv,95,12160,12288,24.320054027999504,24.57405420600025,0,0.0,0.12947088633340412
train,96,normal_20260823_112402.csv,96,12288,12416,24.57606259000022,24.830054100999405,0,0.0,0.17310365589022694
train,97,normal_20260823_112402.csv,97,12416,12544,24.83205474499937,25.08605975599949,0,0.0,0.15541855604022223
train,98,normal_20260823_112402.csv,98,12544,12672,25.08805406600004,25.34205542499967,0,0.0,0.13357259005169442
train,99,normal_20260823_112402.csv,99,12672,12800,25.34405360599976,25.59805727999992,0,0.0,0.18603528917784237
train,100,normal_20260823_112402.csv,100,12800,12928,25.60006662700016,25.85405387499941,0,0.0,0.1302310676250831
train,101,normal_20260823_112402.csv,101,12928,13056,25.856057371000134,26.110054322,0,0.0,0.1646880964588288
train,102,normal_20260823_112402.csv,102,13056,13184,26.112054131999685,26.366060006000225,0,0.0,0.13256427285387948
train,103,normal_20260823_112402.csv,103,13184,13312,26.368055389999427,26.62205470800017,0,0.0,0.11988444918993091
train,104,normal_20260823_112402.csv,104,13312,13440,26.62408572200001,26.87805568800013,0,0.0,0.15526305878815624
train,105,normal_20260823_112402.csv,105,13440,13568,26.88006072099961,27.13405437199981,0,0.0,0.18150436344822327
train,106,normal_20260823_112402.csv,106,13568,13696,27.13606281200009,27.39006938500006,0,0.0,0.12792440895250398
train,107,normal_20260823_112402.csv,107,13696,13824,27.392066564999368,27.646069601999443,0,0.0,0.1433747831386114
train,108,normal_20260823_112402.csv,108,13824,13952,27.648076355999365,27.902667286,0,0.0,0.22634689521094367
train,109,normal_20260823_112402.csv,109,13952,14080,27.904057406,28.158070034999582,0,0.0,0.19751795617452492
train,110,normal_20260823_112402.csv,110,14080,14208,28.16007949300001,28.416481061000013,0,0.0,0.16495043027244036
train,111,normal_20260823_112402.csv,111,14208,14336,28.41755482699955,28.67009238599985,0,0.0,0.2125237246167527
train,112,normal_20260823_112402.csv,112,14336,14464,28.67208786299944,28.92608078400008,0,0.0,0.1771266877419436
train,113,normal_20260823_112402.csv,113,14464,14592,28.92807779800023,29.182064736999564,0,0.0,0.20335373057104178
train,114,normal_20260823_112402.csv,114,14592,14720,29.18405402799999,29.43808122399969,0,0.0,0.13003021756300606
train,115,normal_20260823_112402.csv,115,14720,14848,29.4400546629995,29.69405357999949,0,0.0,0.17540538181750284
train,116,normal_20260823_112402.csv,116,14848,14976,29.696086205999563,29.95005480799955,0,0.0,0.18606930663493612
train,117,normal_20260823_112402.csv,117,14976,15104,29.95206048899945,30.206061570999736,0,0.0,0.18592534070687824
train,118,normal_20260823_112402.csv,118,15104,15232,30.208053047999783,30.462064497999563,0,0.0,0.13437143965865328
train,119,normal_20260823_112402.csv,119,15232,15360,30.464065363999907,30.71805466600017,0,0.0,0.2191053254663752
train,120,normal_20260823_112402.csv,120,15360,15488,30.72005290200013,30.974070741000105,0,0.0,0.10847177830560768
train,121,normal_20260823_112402.csv,121,15488,15616,30.97622551599943,31.230054314999503,0,0.0,0.16585487276885522
train,122,normal_20260823_112402.csv,122,15616,15744,31.2320538289996,31.48606434900012,0,0.0,0.16772411545675622
train,123,normal_20260823_112402.csv,123,15744,15872,31.488057362999825,31.74205410600007,0,0.0,0.24711356840579177
train,124,normal_20260823_112402.csv,124,15872,16000,31.74405974899946,31.99805506600024,0,0.0,0.17806345293627146
train,125,normal_20260823_112402.csv,125,16000,16128,32.000053468999795,32.25406567200025,0,0.0,0.21152876785748229
train,126,normal_20260823_112402.csv,126,16128,16256,32.256072872000004,32.51005351799995,0,0.0,0.17288444762512153
train,127,normal_20260823_112402.csv,127,16256,16384,32.51205323500017,32.766061343999354,0,0.0,0.1944222272128077
train,128,normal_20260823_112402.csv,128,16384,16512,32.768060968999634,33.02205270800005,0,0.0,0.13081837322459103
train,129,normal_20260823_112402.csv,129,16512,16640,33.0240527219994,33.27807625500009,0,0.0,0.19981976767443874
train,130,normal_20260823_112402.csv,130,16640,16768,33.28007045399954,33.53406029999951,0,0.0,0.2001946031220756
train,131,normal_20260823_112402.csv,131,16768,16896,33.536075590999644,33.790053103999526,0,0.0,0.16338322824171372
train,132,normal_20260823_112402.csv,132,16896,17024,33.792056061999574,34.046055277999585,0,0.0,0.16239693141029696
train,133,normal_20260823_112402.csv,133,17024,17152,34.04805523699997,34.30205261699939,0,0.0,0.16487696995214662
train,134,normal_20260823_112402.csv,134,17152,17280,34.30405275999965,34.55805284300004,0,0.0,0.13671783434213344
train,135,normal_20260823_112402.csv,135,17280,17408,34.56005307899977,34.814052550999804,0,0.0,0.1463309589334991
train,136,normal_20260823_112402.csv,136,17408,17536,34.81605300899992,35.07005270299942,0,0.0,0.1358943546776771
train,137,normal_20260823_112402.csv,137,17536,17664,35.07205271699968,35.326055907999944,0,0.0,0.19043770565742868
train,138,normal_20260823_112402.csv,138,17664,17792,35.3280543840001,35.58205287100009,0,0.0,0.1917906095940435
train,139,normal_20260823_112402.csv,139,17792,17920,35.58405938499982,35.83805394499996,0,0.0,0.1595095257882897
train,140,normal_20260823_112402.csv,140,17920,18048,35.840055681000194,36.094052593000015,0,0.0,0.17858459341367094
train,141,normal_20260823_112402.csv,141,18048,18176,36.09605599599945,36.35005566400014,0,0.0,0.17389640613985213
train,142,normal_20260823_112402.csv,142,18176,18304,36.35205317799955,36.60605886400026,0,0.0,0.14587271386518452
train,143,normal_20260823_112402.csv,143,18304,18432,36.60805502599942,36.86205260099996,0,0.0,0.1976860518270437
train,144,normal_20260823_112402.csv,144,18432,18560,36.86405261500022,37.11805363399981,0,0.0,0.16661637932110432
train,145,normal_20260823_112402.csv,145,18560,18688,37.12005298099939,37.37405257099999,0,0.0,0.18698873790636705
train,146,normal_20260823_112402.csv,146,18688,18816,37.37605601099949,37.63005326700022,0,0.0,0.1931789956200418
train,147,normal_20260823_112402.csv,147,18816,18944,37.63205267000012,37.88605587099937,0,0.0,0.14706356166718848
train,148,normal_20260823_112402.csv,148,18944,19072,37.88805369900001,38.142052584999874,0,0.0,0.15323170790312757
train,149,normal_20260823_112402.csv,149,19072,19200,38.14405283899941,38.39805392499966,0,0.0,0.179818491310994
train,150,normal_20260823_112402.csv,150,19200,19328,38.40005293899958,38.65405267299957,0,0.0,0.13133717085892435
train,151,normal_20260823_112402.csv,151,19328,19456,38.65605935299936,38.910052606000136,0,0.0,0.12681753758274716
train,152,normal_20260823_112402.csv,152,19456,19584,38.91205269300008,39.16605614899981,0,0.0,0.19792122053875735
train,153,normal_20260823_112402.csv,153,19584,19712,39.168053347999376,39.42205259599996,0,0.0,0.13804281930933934
train,154,normal_20260823_112402.csv,154,19712,19840,39.424052665999625,39.67805298799976,0,0.0,0.1923234690501102
train,155,normal_20260823_112402.csv,155,19840,19968,39.68005270599952,39.93405256599999,0,0.0,0.16850289247827277
train,156,normal_20260823_112402.csv,156,19968,20096,39.93605783899966,40.190055420000135,0,0.0,0.15853600238311216
train,157,normal_20260823_112402.csv,157,20096,20224,40.19205419199989,40.4460562889999,0,0.0,0.21372613551687433
train,158,normal_20260823_112402.csv,158,20224,20352,40.4480537469999,40.70205256600002,0,0.0,0.1198473567606723
train,159,normal_20260823_112402.csv,159,20352,20480,40.70405270899937,40.95805921400006,0,0.0,0.1758149127173579
train,160,normal_20260823_112402.csv,160,20480,20608,40.960054356999535,41.21407334099968,0,0.0,0.17303185786760403
train,161,normal_20260823_112402.csv,161,20608,20736,41.216060742999616,41.4700559289995,0,0.0,0.1830226290302074
train,162,normal_20260823_112402.csv,162,20736,20864,41.47205510899949,41.72605877600017,0,0.0,0.11654634567995477
train,163,normal_20260823_112402.csv,163,20864,20992,41.72805612299999,41.982054049,0,0.0,0.15856901864142733
train,164,normal_20260823_112402.csv,164,20992,21120,41.98405408100007,42.23805385800006,0,0.0,0.1468375560703831
train,165,normal_20260823_112402.csv,165,21120,21248,42.24005435300023,42.49405405299967,0,0.0,0.16007371697046358
train,166,normal_20260823_112402.csv,166,21248,21376,42.49606227000004,42.75005395199969,0,0.0,0.14889662015774588
train,167,normal_20260823_112402.csv,167,21376,21504,42.75205402099982,43.00606314699962,0,0.0,0.15663219061656383
train,168,normal_20260823_112402.csv,168,21504,21632,43.008055808999416,43.262054080999405,0,0.0,0.24176402156895213
train,169,normal_20260823_112402.csv,169,21632,21760,43.26405426099973,43.5180543460001,0,0.0,0.15257353820814382
train,170,normal_20260823_112402.csv,170,21760,21888,43.52005358199949,43.77405392699984,0,0.0,0.16761029512205874
train,171,normal_20260823_112402.csv,171,21888,22016,43.77605873599987,44.0300538219999,0,0.0,0.15650677564040008
train,172,normal_20260823_112402.csv,172,22016,22144,44.03205431700008,44.28606317699996,0,0.0,0.15583522826852203
train,173,normal_20260823_112402.csv,173,22144,22272,44.288055467999584,44.54205393899974,0,0.0,0.18965945100520779
train,174,normal_20260823_112402.csv,174,22272,22400,44.54405435999979,44.79805392300023,0,0.0,0.1608353453794861
train,175,normal_20260823_112402.csv,175,22400,22528,44.80005871399953,45.05405379500007,0,0.0,0.1462762935583257
train,176,normal_20260823_112402.csv,176,22528,22656,45.05605619800008,45.31005410899979,0,0.0,0.1526500596441617
train,177,normal_20260823_112402.csv,177,22656,22784,45.31205390099967,45.56606120099968,0,0.0,0.1411188198542123
train,178,normal_20260823_112402.csv,178,22784,22912,45.56805771400013,45.822053883999615,0,0.0,0.13746642484136654
train,179,normal_20260823_112402.csv,179,22912,23040,45.82405395299975,46.07805567899959,0,0.0,0.16547050714738365
train,180,normal_20260823_112402.csv,180,23040,23168,46.08005441499972,46.3340541739999,0,0.0,0.1420485690092839
train,181,normal_20260823_112402.csv,181,23168,23296,46.33605927999997,46.59005452099973,0,0.0,0.22664998966372396
train,182,normal_20260823_112402.csv,182,23296,23424,46.59205412699976,46.84606027500013,0,0.0,0.18424541553114673
train,183,normal_20260823_112402.csv,183,23424,23552,46.84805484400022,47.10205397299978,0,0.0,0.14066911503649213
train,184,normal_20260823_112402.csv,184,23552,23680,47.104053930999726,47.35805579799944,0,0.0,0.18640112700104675
train,185,normal_20260823_112402.csv,185,23680,23808,47.36005466299957,47.61405723299959,0,0.0,0.17113304478996985
train,186,normal_20260823_112402.csv,186,23808,23936,47.61606387600023,47.87005431699981,0,0.0,0.18662403951658627
train,187,normal_20260823_112402.csv,187,23936,24064,47.87205434799944,48.12606212199989,0,0.0,0.16335911795017863
train,188,normal_20260823_112402.csv,188,24064,24192,48.12806770999941,48.38205416500023,0,0.0,0.11655414199217935
train,189,normal_20260823_112402.csv,189,24192,24320,48.38405417800004,48.63806231799936,0,0.0,0.1654948600015896
train,190,normal_20260823_112402.csv,190,24320,24448,48.640057386999615,48.894053230999816,0,0.0,0.15303793006410943
train,191,normal_20260823_112402.csv,191,24448,24576,48.89605726299942,49.15005523599939,0,0.0,0.1275601790977786
train,192,normal_20260823_112402.csv,192,24576,24704,49.1520540649999,49.40605410900025,0,0.0,0.14814054250707676
train,193,normal_20260823_112402.csv,193,24704,24832,49.40805399199962,49.662058795999656,0,0.0,0.16783561383591206
train,194,normal_20260823_112402.csv,194,24832,24960,49.66405343899987,49.91805987099997,0,0.0,0.14559565648315123
train,195,normal_20260823_112402.csv,195,24960,25088,49.92005351399985,50.17405272399992,0,0.0,0.14086797195382342
train,196,normal_20260823_112402.csv,196,25088,25216,50.17605440399984,50.430056629999854,0,0.0,0.16836464067596424
train,197,normal_20260823_112402.csv,197,25216,25344,50.43205323500024,50.68605283099987,0,0.0,0.17963631541918237
train,198,normal_20260823_112402.csv,198,25344,25472,50.68805269599943,50.94208168099976,0,0.0,0.19653528404175802
train,199,normal_20260823_112402.csv,199,25472,25600,50.947587255000144,51.19809058600004,0,0.0,0.24075333153682163
train,200,normal_20260823_112402.csv,200,25600,25728,51.20006048799951,51.45405261699944,0,0.0,0.23277609781751352
train,201,normal_20260823_112402.csv,201,25728,25856,51.456022110999584,51.71005462899939,0,0.0,0.2057817097596791
train,202,normal_20260823_112402.csv,202,25856,25984,51.71205362399997,51.96605960499983,0,0.0,0.14993894366388316
train,203,normal_20260823_112402.csv,203,25984,26112,51.96805391499947,52.22205252299955,0,0.0,0.21467927339754014
train,204,normal_20260823_112402.csv,204,26112,26240,52.224052648,52.47805975499978,0,0.0,0.21175679469847664
train,205,normal_20260823_112402.csv,205,26240,26368,52.48005452699999,52.73405256000024,0,0.0,0.17066705308737337
train,206,normal_20260823_112402.csv,206,26368,26496,52.73605738799961,52.99005329099964,0,0.0,0.1550666895776859
train,207,normal_20260823_112402.csv,207,26496,26624,52.99205278599948,53.24605566799983,0,0.0,0.21548253154065358
train,208,normal_20260823_112402.csv,208,26624,26752,53.24805381099941,53.50205267399997,0,0.0,0.1469451007762889
train,209,normal_20260823_112402.csv,209,26752,26880,53.504052815999785,53.75805386399952,0,0.0,0.14371049341696343
train,210,normal_20260823_112402.csv,210,26880,27008,53.76005276599972,54.0140552769999,0,0.0,0.18208717499518912
train,211,normal_20260823_112402.csv,211,27008,27136,54.016056716000094,54.27005396499953,0,0.0,0.1975020046294594
train,212,normal_20260823_112402.csv,212,27136,27264,54.27205442200011,54.52605898499951,0,0.0,0.1777798212402407
train,213,normal_20260823_112402.csv,213,27264,27392,54.52805792399977,54.78205469000022,0,0.0,0.11718617769263773
train,214,normal_20260823_112402.csv,214,27392,27520,54.784054665999975,55.03805570999975,0,0.0,0.15406850271771866
train,215,normal_20260823_112402.csv,215,27520,27648,55.04005444499944,55.29405420799958,0,0.0,0.1680730230906633
train,216,normal_20260823_112402.csv,216,27648,27776,55.29605672100024,55.55005396500019,0,0.0,0.12871595021845664
train,217,normal_20260823_112402.csv,217,27776,27904,55.552053960000194,55.80605818499953,0,0.0,0.13580446390294676
train,218,normal_20260823_112402.csv,218,27904,28032,55.80805510600021,56.062053885999376,0,0.0,0.12850809036033262
train,219,normal_20260823_112402.csv,219,28032,28160,56.06405388099938,56.31805576999977,0,0.0,0.17737418394514048
train,220,normal_20260823_112402.csv,220,28160,28288,56.32005463499991,56.57405385599941,0,0.0,0.1536160623461497
train,221,normal_20260823_112402.csv,221,28288,28416,56.5760606469994,56.830053960999976,0,0.0,0.11179906780030373
train,222,normal_20260823_112402.csv,222,28416,28544,56.83205404899945,57.086058621999655,0,0.0,0.16515539653164113
train,223,normal_20260823_112402.csv,223,28544,28672,57.088055950000125,57.34205387200018,0,0.0,0.2180220479220353
train,224,normal_20260823_112402.csv,224,28672,28800,57.3440539409994,57.59805538099954,0,0.0,0.3016447751969533
train,225,normal_20260823_112402.csv,225,28800,28928,57.60005407900008,57.85405403699952,0,0.0,0.1493669666125932
train,226,normal_20260823_112402.csv,226,28928,29056,57.85605510599999,58.11005402799947,0,0.0,0.16557620796503633
train,227,normal_20260823_112402.csv,227,29056,29184,58.11205417000019,58.36605875499936,0,0.0,0.1734351499087694
train,228,normal_20260823_112402.csv,228,29184,29312,58.368057378999765,58.622053740999945,0,0.0,0.20457497484264828
train,229,normal_20260823_112402.csv,229,29312,29440,58.62405369899989,58.87805528299941,0,0.0,0.15921088638565553
train,230,normal_20260823_112402.csv,230,29440,29568,58.88005420399986,59.13405380599943,0,0.0,0.15710492108265584
train,231,normal_20260823_112402.csv,231,29568,29696,59.13606105999952,59.390055789000144,0,0.0,0.1690773099741937
train,232,normal_20260823_112402.csv,232,29696,29824,59.3920538579996,59.64605828999993,0,0.0,0.13177739354692583
train,233,normal_20260823_112402.csv,233,29824,29952,59.64805502499985,59.90205405100005,0,0.0,0.1527992523462995
train,234,normal_20260823_112518.csv,0,0,128,4.079993232153356e-07,0.2540531139993618,0,0.0,0.17379236483608615
train,235,normal_20260823_112518.csv,1,128,256,0.2560526449997269,0.5100544039996748,0,0.0,0.16309383805397104
train,236,normal_20260823_112518.csv,2,256,384,0.5120527499993841,0.7660530659995857,0,0.0,0.19221984501009123
train,237,normal_20260823_112518.csv,3,384,512,0.7680542079997394,1.022052985999835,0,0.0,0.12862801043115812
train,238,normal_20260823_112518.csv,4,512,640,1.0240526099996714,1.2780541450001692,0,0.0,0.1454312316766502
train,239,normal_20260823_112518.csv,5,640,768,1.2800527680001323,1.534053098000186,0,0.0,0.12690955254847847
train,240,normal_20260823_112518.csv,6,768,896,1.5360526109998318,1.7900561079995896,0,0.0,0.12087617123211099
train,241,normal_20260823_112518.csv,7,896,1024,1.792054157000166,2.046054876999733,0,0.0,0.137766640203593
train,242,normal_20260823_112518.csv,8,1024,1152,2.048060018999422,2.3020689759996458,0,0.0,0.15322476712225117
train,243,normal_20260823_112518.csv,9,1152,1280,2.304054284999438,2.5580611109999154,0,0.0,0.22210750496039555
train,244,normal_20260823_112518.csv,10,1280,1408,2.560057715999392,2.814054746999318,0,0.0,0.20198857571805048
train,245,normal_20260823_112518.csv,11,1408,1536,2.816054111000085,3.070060918999843,0,0.0,0.20234395267643399
train,246,normal_20260823_112518.csv,12,1536,1664,3.0720657089996166,3.3260536620000494,0,0.0,0.1294359288674168
train,247,normal_20260823_112518.csv,13,1664,1792,3.328057359999548,3.5820552759996644,0,0.0,0.1643345965271973
train,248,normal_20260823_112518.csv,14,1792,1920,3.584053806999691,3.838059240999428,0,0.0,0.2583386418103219
train,249,normal_20260823_112518.csv,15,1920,2048,3.8400660309998784,4.094056502000058,0,0.0,0.12688461465729972
train,250,normal_20260823_112518.csv,16,2048,2176,4.096056995999788,4.350062853000054,0,0.0,0.1927402928906959
train,251,normal_20260823_112518.csv,17,2176,2304,4.352068531999976,4.606057906999922,0,0.0,0.19775988334416064
train,252,normal_20260823_112518.csv,18,2304,2432,4.608059974999378,4.862057775999347,0,0.0,0.16477014448315921
train,253,normal_20260823_112518.csv,19,2432,2560,4.86405395499969,5.118055570999786,0,0.0,0.18431725370219354
train,254,normal_20260823_112518.csv,20,2560,2688,5.1200538429993685,5.37405295499957,0,0.0,0.12587980947221253
train,255,normal_20260823_112518.csv,21,2688,2816,5.376052652999533,5.630053838999629,0,0.0,0.13612219736636655
train,256,normal_20260823_112518.csv,22,2816,2944,5.632052573999317,5.886053277999963,0,0.0,0.14981747226146594
train,257,normal_20260823_112518.csv,23,2944,3072,5.8880529569996725,6.14205384700017,0,0.0,0.18653031253577104
train,258,normal_20260823_112518.csv,24,3072,3200,6.144052673999795,6.398056004999489,0,0.0,0.20011992910476076
train,259,normal_20260823_112518.csv,25,3200,3328,6.400058368999453,6.654053125999781,0,0.0,0.18186453780653386
train,260,normal_20260823_112518.csv,26,3328,3456,6.656052601999363,6.9100549879995015,0,0.0,0.14580200680918853
train,261,normal_20260823_112518.csv,27,3456,3584,6.912053166999613,7.16605303399956,0,0.0,0.18585422913480146
train,262,normal_20260823_112518.csv,28,3584,3712,7.168056028000137,7.422053522000169,0,0.0,0.19266962435672616
train,263,normal_20260823_112518.csv,29,3712,3840,7.424052645999836,7.678056324999488,0,0.0,0.1422416937268373
train,264,normal_20260823_112518.csv,30,3840,3968,7.680056466999304,7.934070479999718,0,0.0,0.15532283232511737
train,265,normal_20260823_112518.csv,31,3968,4096,7.936081287999514,8.190054076999331,0,0.0,0.14653751000304993
train,266,normal_20260823_112518.csv,32,4096,4224,8.192052589999548,8.446059117000004,0,0.0,0.12711045801635523
train,267,normal_20260823_112518.csv,33,4224,4352,8.448054462999607,8.702056656999957,0,0.0,0.17712388820442018
train,268,normal_20260823_112518.csv,34,4352,4480,8.70405311400009,8.958053622999614,0,0.0,0.13877198785658418
train,269,normal_20260823_112518.csv,35,4480,4608,8.960053560999768,9.21405327299999,0,0.0,0.13746863704346476
train,270,normal_20260823_112518.csv,36,4608,4736,9.216052710999977,9.470054549999986,0,0.0,0.16274059727791243
train,271,normal_20260823_112518.csv,37,4736,4864,9.47205763599959,9.726054048999686,0,0.0,0.11260447401470113
train,272,normal_20260823_112518.csv,38,4864,4992,9.728057190999609,9.982061011999576,0,0.0,0.13391539141404016
train,273,normal_20260823_112518.csv,39,4992,5120,9.984055819999412,10.238071897999362,0,0.0,0.15202174784264244
train,274,normal_20260823_112518.csv,40,5120,5248,10.24007715100015,10.494052615999864,0,0.0,0.15738543797866664
train,275,normal_20260823_112518.csv,41,5248,5376,10.496052646999487,10.750054926999836,0,0.0,0.11468504039799758
train,276,normal_20260823_112518.csv,42,5376,5504,10.752052791000096,11.006053256000088,0,0.0,0.14298566992734904
train,277,normal_20260823_112518.csv,43,5504,5632,11.008053823999944,11.26205367500006,0,0.0,0.15184770914607645
train,278,normal_20260823_112518.csv,44,5632,5760,11.2640527249996,11.518056705000165,0,0.0,0.2267304945368647
train,279,normal_20260823_112518.csv,45,5760,5888,11.520053846999872,11.774053196999375,0,0.0,0.1511946742837417
train,280,normal_20260823_112518.csv,46,5888,6016,11.776052579999488,12.030053929999667,0,0.0,0.15826897585114721
train,281,normal_20260823_112518.csv,47,6016,6144,12.032052571999884,12.28605308599981,0,0.0,0.12400221901665039
train,282,normal_20260823_112518.csv,48,6144,6272,12.288055820999944,12.542053741999553,0,0.0,0.1725306225573012
train,283,normal_20260823_112518.csv,49,6272,6400,12.544052772999748,12.798055915999612,0,0.0,0.18437144035439226
train,284,normal_20260823_112518.csv,50,6400,6528,12.800054909999744,13.054053163999924,0,0.0,0.21927620626445332
train,285,normal_20260823_112518.csv,51,6528,6656,13.056052731999443,13.310055871999792,0,0.0,0.12376768546972272
train,286,normal_20260823_112518.csv,52,6656,6784,13.312052829000097,13.566053060999366,0,0.0,0.250048524772532
train,287,normal_20260823_112518.csv,53,6784,6912,13.568056794999393,13.822052675999656,0,0.0,0.12569432290849156
train,288,normal_20260823_112518.csv,54,6912,7040,13.824052576999748,14.078053919999547,0,0.0,0.19532535886277932
train,289,normal_20260823_112518.csv,55,7040,7168,14.080055043999891,14.33405306899931,0,0.0,0.18402890261334726
train,290,normal_20260823_112518.csv,56,7168,7296,14.336052617999483,14.590056402999837,0,0.0,0.1461457570078816
train,291,normal_20260823_112518.csv,57,7296,7424,14.592053878000115,14.846052995999344,0,0.0,0.1899086445112392
train,292,normal_20260823_112518.csv,58,7424,7552,14.848055581999688,15.102053607000016,0,0.0,0.17598151620759003
train,293,normal_20260823_112518.csv,59,7552,7680,15.104052748999491,15.358055306999631,0,0.0,0.15883414477557997
train,294,normal_20260823_112518.csv,60,7680,7808,15.36005752299934,15.614053823000177,0,0.0,0.12175648638379218
train,295,normal_20260823_112518.csv,61,7808,7936,15.61605388999942,15.870057319999432,0,0.0,0.16453760343907323
train,296,normal_20260823_112518.csv,62,7936,8064,15.872054145999757,16.126054685999407,0,0.0,0.203862500215527
train,297,normal_20260823_112518.csv,63,8064,8192,16.128059420999307,16.382055438999487,0,0.0,0.17530138273811482
train,298,normal_20260823_112518.csv,64,8192,8320,16.384053987999323,16.638061153999843,0,0.0,0.1535114135421741
train,299,normal_20260823_112518.csv,65,8320,8448,16.64005748099953,16.89405518500007,0,0.0,0.13311821694076378
train,300,normal_20260823_112518.csv,66,8448,8576,16.89605415999995,17.15005751099943,0,0.0,0.1576909799161411
train,301,normal_20260823_112518.csv,67,8576,8704,17.152054262999627,17.406054426000082,0,0.0,0.17282005464980874
train,302,normal_20260823_112518.csv,68,8704,8832,17.40805490099956,17.662057174999973,0,0.0,0.14392068973940772
train,303,normal_20260823_112518.csv,69,8832,8960,17.6640542239993,17.918058831999588,0,0.0,0.15089617612069972
train,304,normal_20260823_112518.csv,70,8960,9088,17.920057825000185,18.17405498700009,0,0.0,0.1645929912939962
train,305,normal_20260823_112518.csv,71,9088,9216,18.17605416599963,18.43007588099954,0,0.0,0.12171153216607906
train,306,normal_20260823_112518.csv,72,9216,9344,18.43205474499973,18.68605538599968,0,0.0,0.18094496385339143
train,307,normal_20260823_112518.csv,73,9344,9472,18.688061656999707,18.942056334999503,0,0.0,0.13429415847336953
train,308,normal_20260823_112518.csv,74,9472,9600,18.944053790999533,19.198068394000074,0,0.0,0.15741141866413044
train,309,normal_20260823_112518.csv,75,9600,9728,19.200066090999822,19.45405530300013,0,0.0,0.16222462323949646
train,310,normal_20260823_112518.csv,76,9728,9856,19.45605444400008,19.710058599999684,0,0.0,0.14188479900307657
train,311,normal_20260823_112518.csv,77,9856,9984,19.712054074999287,19.96605471299972,0,0.0,0.17778522385254605
train,312,normal_20260823_112518.csv,78,9984,10112,19.968054779999875,20.222055767999336,0,0.0,0.13022233038051892
train,313,normal_20260823_112518.csv,79,10112,10240,20.224054354000145,20.47806441400008,0,0.0,0.1971423337147812
train,314,normal_20260823_112518.csv,80,10240,10368,20.48006135200012,20.734053948999644,0,0.0,0.17069990906386204
train,315,normal_20260823_112518.csv,81,10368,10496,20.7360538869998,20.99005550199945,0,0.0,0.13069682788857295
train,316,normal_20260823_112518.csv,82,10496,10624,20.992052810999667,21.246053257999847,0,0.0,0.15387271591481866
train,317,normal_20260823_112518.csv,83,10624,10752,21.24805263999952,21.502054233999843,0,0.0,0.18397616777094625
train,318,normal_20260823_112518.csv,84,10752,10880,21.504052708000017,21.758052875999965,0,0.0,0.16573821253431711
train,319,normal_20260823_112518.csv,85,10880,11008,21.76005746200008,22.01405301900013,0,0.0,0.14006999269503329
train,320,normal_20260823_112518.csv,86,11008,11136,22.01605260499946,22.27005525200002,0,0.0,0.1555820598388523
train,321,normal_20260823_112518.csv,87,11136,11264,22.27205280099952,22.526052964999508,0,0.0,0.1934758174368092
train,322,normal_20260823_112518.csv,88,11264,11392,22.52805260599962,22.782053510999503,0,0.0,0.1454346186906091
train,323,normal_20260823_112518.csv,89,11392,11520,22.78405255999951,23.038053186999605,0,0.0,0.14958422146865522
train,324,normal_20260823_112518.csv,90,11520,11648,23.04005606999999,23.29405306499939,0,0.0,0.16673243412348024
train,325,normal_20260823_112518.csv,91,11648,11776,23.2960525769995,23.550057940999977,0,0.0,0.19800476609892348
train,326,normal_20260823_112518.csv,92,11776,11904,23.55205363799996,23.80605331700008,0,0.0,0.15243534629898292
train,327,normal_20260823_112518.csv,93,11904,12032,23.80805260699981,24.0620534159998,0,0.0,0.15477049284649524
train,328,normal_20260823_112518.csv,94,12032,12160,24.06405261300005,24.318053252000027,0,0.0,0.13764332415899774
train,329,normal_20260823_112518.csv,95,12160,12288,24.32005276400014,24.574053069999536,0,0.0,0.1668795160992372
train,330,normal_20260823_112518.csv,96,12288,12416,24.57605263699952,24.830053534999934,0,0.0,0.11870013096375631
train,331,normal_20260823_112518.csv,97,12416,12544,24.832052658000062,25.0860530559994,0,0.0,0.1211545355206276
train,332,normal_20260823_112518.csv,98,12544,12672,25.08805264199964,25.34205366700008,0,0.0,0.17433785819447087
train,333,normal_20260823_112518.csv,99,12672,12800,25.344052733999888,25.59805322200009,0,0.0,0.1677058936206528
train,334,normal_20260823_112518.csv,100,12800,12928,25.60005380799976,25.85405305399945,0,0.0,0.12190588336059187
train,335,normal_20260823_112518.csv,101,12928,13056,25.856052658999943,26.11005546099932,0,0.0,0.14543408500193836
train,336,normal_20260823_112518.csv,102,13056,13184,26.112054120999343,26.36605467899972,0,0.0,0.15859136905044183
train,337,normal_20260823_112518.csv,103,13184,13312,26.368054226999448,26.622054841000136,0,0.0,0.12241576265572691
train,338,normal_20260823_112518.csv,104,13312,13440,26.62405389000014,26.87805485499939,0,0.0,0.16604124776594395
train,339,normal_20260823_112518.csv,105,13440,13568,26.880058125999312,27.13405473900002,0,0.0,0.15198690320823727
train,340,normal_20260823_112518.csv,106,13568,13696,27.13605482499952,27.390057935000183,0,0.0,0.16401518612164998
train,341,normal_20260823_112518.csv,107,13696,13824,27.39205439199941,27.64605492800001,0,0.0,0.23543028562090162
train,342,normal_20260823_112518.csv,108,13824,13952,27.64805393899951,27.902055400999416,0,0.0,0.16015134431632147
train,343,normal_20260823_112518.csv,109,13952,14080,27.90405413499957,28.158054688999982,0,0.0,0.14238952422942988
train,344,normal_20260823_112518.csv,110,14080,14208,28.160057553000115,28.414052604000062,0,0.0,0.15649641111706103
train,345,normal_20260823_112518.csv,111,14208,14336,28.41605257899937,28.67005749999953,0,0.0,0.13871255090358334
train,346,normal_20260823_112518.csv,112,14336,14464,28.67205336400002,28.92605317400012,0,0.0,0.1399770482966153
train,347,normal_20260823_112518.csv,113,14464,14592,28.92805263099945,29.18205362499976,0,0.0,0.1970057423078755
train,348,normal_20260823_112518.csv,114,14592,14720,29.18405282200001,29.43805501799943,0,0.0,0.13304200681342163
train,349,normal_20260823_112518.csv,115,14720,14848,29.44005562199981,29.69405339199966,0,0.0,0.11480471234340757
train,350,normal_20260823_112518.csv,116,14848,14976,29.69605270000011,29.95005530399976,0,0.0,0.15682170182441535
train,351,normal_20260823_112518.csv,117,14976,15104,29.95205285300017,30.206053009999778,0,0.0,0.1761621569691257
train,352,normal_20260823_112518.csv,118,15104,15232,30.208052596000016,30.462055343999964,0,0.0,0.16865373818327808
train,353,normal_20260823_112518.csv,119,15232,15360,30.46405367099942,30.718053066999342,0,0.0,0.10172977426120104
train,354,normal_20260823_112518.csv,120,15360,15488,30.72005517099933,30.974053140999786,0,0.0,0.12686084546219456
train,355,normal_20260823_112518.csv,121,15488,15616,30.97605267200015,31.23005512199961,0,0.0,0.15881551502669625
train,356,normal_20260823_112518.csv,122,15616,15744,31.232056114999978,31.48605393399976,0,0.0,0.14017653914973216
train,357,normal_20260823_112518.csv,123,15744,15872,31.488052704999973,31.742053635000048,0,0.0,0.1106458338891206
train,358,normal_20260823_112518.csv,124,15872,16000,31.7440526649998,31.99805294699945,0,0.0,0.17294779308980543
train,359,normal_20260823_112518.csv,125,16000,16128,32.00005497699931,32.254055182999764,0,0.0,0.15307428118409452
train,360,normal_20260823_112518.csv,126,16128,16256,32.25605286100017,32.5100532689994,0,0.0,0.15678987509498252
train,361,normal_20260823_112518.csv,127,16256,16384,32.5120525960001,32.76605348500016,0,0.0,0.14147765037825807
train,362,normal_20260823_112518.csv,128,16384,16512,32.76805266300016,33.02205333099937,0,0.0,0.1488560097093128
train,363,normal_20260823_112518.csv,129,16512,16640,33.024052619999566,33.27805300699947,0,0.0,0.14174199742466675
train,364,normal_20260823_112518.csv,130,16640,16768,33.28005533399937,33.5340549980001,0,0.0,0.1957022200778861
train,365,normal_20260823_112518.csv,131,16768,16896,33.536054231999515,33.79005493299974,0,0.0,0.19511082043130865
train,366,normal_20260823_112518.csv,132,16896,17024,33.792053944000145,34.046054607999395,0,0.0,0.18093425554882092
train,367,normal_20260823_112518.csv,133,17024,17152,34.04805419399963,34.30205572599971,0,0.0,0.14888876079966407
train,368,normal_20260823_112518.csv,134,17152,17280,34.30405432999942,34.55805449099989,0,0.0,0.1741232347454639
train,369,normal_20260823_112518.csv,135,17280,17408,34.560060798999984,34.81405477399949,0,0.0,0.12469730853813195
train,370,normal_20260823_112518.csv,136,17408,17536,34.81605393399968,35.07005979799942,0,0.0,0.1580304507510436
train,371,normal_20260823_112518.csv,137,17536,17664,35.0720557730001,35.32605507799963,0,0.0,0.13341337328247338
train,372,normal_20260823_112518.csv,138,17664,17792,35.32805410899982,35.58205495099992,0,0.0,0.15956419707457403
train,373,normal_20260823_112518.csv,139,17792,17920,35.58405396299986,35.838054490000104,0,0.0,0.10516998989021749
train,374,normal_20260823_112518.csv,140,17920,18048,35.84005437199994,36.09405551100008,0,0.0,0.1624982490430862
train,375,normal_20260823_112518.csv,141,18048,18176,36.09605433700017,36.350058324999736,0,0.0,0.12113780515933643
train,376,normal_20260823_112518.csv,142,18176,18304,36.35205415099972,36.60605465699973,0,0.0,0.17560421008243635
train,377,normal_20260823_112518.csv,143,18304,18432,36.6080538719998,36.86205467399941,0,0.0,0.1948744235564336
train,378,normal_20260823_112518.csv,144,18432,18560,36.86405392599954,37.118055895,0,0.0,0.14289047455446754
train,379,normal_20260823_112518.csv,145,18560,18688,37.12005781399967,37.37405464999938,0,0.0,0.18659442670446444
train,380,normal_20260823_112518.csv,146,18688,18816,37.376081790999706,37.6300585529998,0,0.0,0.20293622386719737
train,381,normal_20260823_112518.csv,147,18816,18944,37.63205773099981,37.88605510399975,0,0.0,0.1633469024010168
train,382,normal_20260823_112518.csv,148,18944,19072,37.8880541339995,38.14206057999945,0,0.0,0.18320760841180572
train,383,normal_20260823_112518.csv,149,19072,19200,38.14405466599965,38.398054831999616,0,0.0,0.1570142779514616
train,384,normal_20260823_112518.csv,150,19200,19328,38.4000570649996,38.65405473099963,0,0.0,0.13345474339123972
train,385,normal_20260823_112518.csv,151,19328,19456,38.65605392799989,38.91005574199971,0,0.0,0.13969116263438508
train,386,normal_20260823_112518.csv,152,19456,19584,38.91205436400014,39.16605488099958,0,0.0,0.1642015574725185
train,387,normal_20260823_112518.csv,153,19584,19712,39.16805418900003,39.42205583299983,0,0.0,0.1650394150595734
train,388,normal_20260823_112518.csv,154,19712,19840,39.42405426999994,39.67809758099975,0,0.0,0.2088969007921809
train,389,normal_20260823_112518.csv,155,19840,19968,39.68010762999984,39.934053254999526,0,0.0,0.10821204483172193
train,390,normal_20260823_112518.csv,156,19968,20096,39.936052674000166,40.19005524199929,0,0.0,0.19592436795673743
train,391,normal_20260823_112518.csv,157,20096,20224,40.19205288400008,40.44605682099973,0,0.0,0.18411495580052595
train,392,normal_20260823_112518.csv,158,20224,20352,40.44805355399967,40.7020550469997,0,0.0,0.1606109103042456
train,393,normal_20260823_112518.csv,159,20352,20480,40.70405274299992,40.95805301400014,0,0.0,0.13509469955757503
train,394,normal_20260823_112518.csv,160,20480,20608,40.96005528400019,41.21405327499997,0,0.0,0.12854538440902333
train,395,normal_20260823_112518.csv,161,20608,20736,41.21605263899983,41.47005825699944,0,0.0,0.19093774203799954
train,396,normal_20260823_112518.csv,162,20736,20864,41.4720567129998,41.72605316499994,0,0.0,0.22988735783731995
train,397,normal_20260823_112518.csv,163,20864,20992,41.72805267700005,41.98205388799943,0,0.0,0.18138379254924963
train,398,normal_20260823_112518.csv,164,20992,21120,41.98405301099956,42.23805281299974,0,0.0,0.18641890927992044
train,399,normal_20260823_112518.csv,165,21120,21248,42.24005549100002,42.49405366199972,0,0.0,0.23217519336833303
train,400,normal_20260823_112518.csv,166,21248,21376,42.49605267399966,42.75005660399984,0,0.0,0.13718133229043752
train,401,normal_20260823_112518.csv,167,21376,21504,42.75205287500012,43.00605313799952,0,0.0,0.1814002820058782
train,402,normal_20260823_112518.csv,168,21504,21632,43.00805272399976,43.26205285600008,0,0.0,0.1594205280708536
train,403,normal_20260823_112518.csv,169,21632,21760,43.26405255200007,43.51805338699978,0,0.0,0.11752375418673733
train,404,normal_20260823_112518.csv,170,21760,21888,43.52005513899985,43.774053232999904,0,0.0,0.18066325412718776
train,405,normal_20260823_112518.csv,171,21888,22016,43.77605270699951,44.0300535790002,0,0.0,0.15797775672047917
train,406,normal_20260823_112518.csv,172,22016,22144,44.03205264499957,44.28605319999952,0,0.0,0.18904343647885483
train,407,normal_20260823_112518.csv,173,22144,22272,44.28805265599931,44.5420535610001,0,0.0,0.11507046402688914
train,408,normal_20260823_112518.csv,174,22272,22400,44.544052702000045,44.79805479199968,0,0.0,0.1394285304322929
train,409,normal_20260823_112518.csv,175,22400,22528,44.80005717399945,45.05405489399982,0,0.0,0.17551212068298117
train,410,normal_20260823_112518.csv,176,22528,22656,45.05605460900006,45.31005875199935,0,0.0,0.17241961320048174
train,411,normal_20260823_112518.csv,177,22656,22784,45.31205450400012,45.56605470300019,0,0.0,0.14623195784696705
train,412,normal_20260823_112518.csv,178,22784,22912,45.5680538810002,45.82205524599976,0,0.0,0.12930568720125057
train,413,normal_20260823_112518.csv,179,22912,23040,45.82405410899992,46.078054584999336,0,0.0,0.14952213504814024
train,414,normal_20260823_112518.csv,180,23040,23168,46.08005791100004,46.33405471700007,0,0.0,0.12949995802643954
train,415,normal_20260823_112518.csv,181,23168,23296,46.33605391399942,46.59005901599994,0,0.0,0.14053906736110303
train,416,normal_20260823_112518.csv,182,23296,23424,46.59205811999982,46.84605437099981,0,0.0,0.11947282903024777
train,417,normal_20260823_112518.csv,183,23424,23552,46.84805397499986,47.102055096000186,0,0.0,0.18140404601685875
train,418,normal_20260823_112518.csv,184,23552,23680,47.104053921999366,47.35805453899957,0,0.0,0.20457914451344386
train,419,normal_20260823_112518.csv,185,23680,23808,47.36005399499936,47.6140544459995,0,0.0,0.14297682431469994
train,420,normal_20260823_112518.csv,186,23808,23936,47.61605395700008,47.87005788999977,0,0.0,0.1807784451249083
train,421,normal_20260823_112518.csv,187,23936,24064,47.8720542709998,48.12605498099947,0,0.0,0.19454197230903367
train,422,normal_20260823_112518.csv,188,24064,24192,48.12805402999948,48.382055069999296,0,0.0,0.16507571812096045
train,423,normal_20260823_112518.csv,189,24192,24320,48.38405443299962,48.63805482499993,0,0.0,0.11869124562725941
train,424,normal_20260823_112518.csv,190,24320,24448,48.6400569110001,48.89405508099935,0,0.0,0.16601518357091397
train,425,normal_20260823_112518.csv,191,24448,24576,48.89605424000001,49.15005763199952,0,0.0,0.18230297449388919
train,426,normal_20260823_112518.csv,192,24576,24704,49.15205429099933,49.406054790999406,0,0.0,0.18957298318267002
train,427,normal_20260823_112518.csv,193,24704,24832,49.40806130199962,49.66205633899972,0,0.0,0.16143030258787702
train,428,normal_20260823_112518.csv,194,24832,24960,49.66405422099979,49.91805494299933,0,0.0,0.1445169719271789
train,429,normal_20260823_112518.csv,195,24960,25088,49.9200547319997,50.17405489799967,0,0.0,0.1305463108500883
train,430,normal_20260823_112518.csv,196,25088,25216,50.17605418699986,50.430057849999685,0,0.0,0.15292221036555778
train,431,normal_20260823_112518.csv,197,25216,25344,50.43205432400009,50.68605587699949,0,0.0,0.17833762224983532
train,432,normal_20260823_112518.csv,198,25344,25472,50.68805412900019,50.9420558289994,0,0.0,0.1599559003197004
train,433,normal_20260823_112518.csv,199,25472,25600,50.94405432199983,51.19805446600003,0,0.0,0.13344800235832852
train,434,normal_20260823_112518.csv,200,25600,25728,51.2000578469997,51.454056804000174,0,0.0,0.12335930964902175
train,435,normal_20260823_112518.csv,201,25728,25856,51.45605433299989,51.71005512299962,0,0.0,0.1675335839970593
train,436,normal_20260823_112518.csv,202,25856,25984,51.71205433799969,51.96605492399976,0,0.0,0.16053579774076074
train,437,normal_20260823_112518.csv,203,25984,26112,51.968054158000086,52.22205557599955,0,0.0,0.16737927939959718
train,438,normal_20260823_112518.csv,204,26112,26240,52.22405458699996,52.47805468800016,0,0.0,0.13460160725265125
train,439,normal_20260823_112518.csv,205,26240,26368,52.480064829000185,52.73405591199935,0,0.0,0.16087771876222653
train,440,normal_20260823_112518.csv,206,26368,26496,52.73605403399961,52.99005780199968,0,0.0,0.2422536330880026
train,441,normal_20260823_112518.csv,207,26496,26624,52.99205412799984,53.24605446799978,0,0.0,0.15175575262464758
train,442,normal_20260823_112518.csv,208,26624,26752,53.24805396099964,53.50205746699976,0,0.0,0.14794693878016263
train,443,normal_20260823_112518.csv,209,26752,26880,53.504054347999954,53.75805483499971,0,0.0,0.15056517803461134
train,444,normal_20260823_112518.csv,210,26880,27008,53.76005697599976,54.01405525900009,0,0.0,0.11028630710966138
train,445,normal_20260823_112518.csv,211,27008,27136,54.01605421499971,54.27005779299998,0,0.0,0.18118680264272027
train,446,normal_20260823_112518.csv,212,27136,27264,54.27205450699967,54.52605487999972,0,0.0,0.14845143851601691
train,447,normal_20260823_112518.csv,213,27264,27392,54.52805426199939,54.78205539400005,0,0.0,0.10467017024165666
train,448,normal_20260823_112518.csv,214,27392,27520,54.78405773799932,55.038055295999584,0,0.0,0.1796613780728696
train,449,normal_20260823_112518.csv,215,27520,27648,55.04005904799942,55.29405502899954,0,0.0,0.13517202610114806
train,450,normal_20260823_112518.csv,216,27648,27776,55.29605431799973,55.55005931699998,0,0.0,0.18291335383189522
train,451,normal_20260823_112518.csv,217,27776,27904,55.55205542099975,55.806057604999296,0,0.0,0.15346377305503442
train,452,normal_20260823_112518.csv,218,27904,28032,55.8080542459993,56.06205555999986,0,0.0,0.1291450871644071
train,453,normal_20260823_112518.csv,219,28032,28160,56.06405429299957,56.31805504899967,0,0.0,0.14583384450099382
train,454,normal_20260823_112518.csv,220,28160,28288,56.32005855999978,56.57405485199979,0,0.0,0.14107700999845063
train,455,normal_20260823_112518.csv,221,28288,28416,56.57605399299973,56.83005900699936,0,0.0,0.12961509838095372
train,456,normal_20260823_112518.csv,222,28416,28544,56.83205425899996,57.08605449599963,0,0.0,0.12318634731014644
train,457,normal_20260823_112518.csv,223,28544,28672,57.0880538399997,57.34205590700003,0,0.0,0.13704206869073157
train,458,normal_20260823_112518.csv,224,28672,28800,57.34405428899936,57.59805485600009,0,0.0,0.14665603396118349
train,459,normal_20260823_112518.csv,225,28800,28928,57.60005581099995,57.85405471099966,0,0.0,0.1618068877225338
train,460,normal_20260823_112518.csv,226,28928,29056,57.85605399999986,58.11005795599976,0,0.0,0.16545745384677515
train,461,normal_20260823_112518.csv,227,29056,29184,58.11205411499941,58.3660543269998,0,0.0,0.15740615626323576
train,462,normal_20260823_112518.csv,228,29184,29312,58.368053929999405,58.6220553459998,0,0.0,0.20135007508182926
train,463,normal_20260823_112518.csv,229,29312,29440,58.624054356999295,58.87805480899988,0,0.0,0.17438077926832563
train,464,normal_20260823_112518.csv,230,29440,29568,58.880058060999545,59.134054827999535,0,0.0,0.12548379103906862
train,465,normal_20260823_112518.csv,231,29568,29696,59.13605395000013,59.39005545500004,0,0.0,0.16797564877742843
train,466,normal_20260823_112518.csv,232,29696,29824,59.39205348399992,59.64605761899929,0,0.0,0.1635685511038195
train,467,normal_20260823_112518.csv,233,29824,29952,59.64805514799991,59.90205591299946,0,0.0,0.1260905937960833
validation,0,normal_20260823_112734.csv,0,0,128,6.850004865555093e-07,0.2540533350002079,0,0.0,0.1753638347454599
validation,1,normal_20260823_112734.csv,1,128,256,0.2560528450003403,0.5100531780008168,0,0.0,0.131523993256441
validation,2,normal_20260823_112734.csv,2,256,384,0.5120526500004416,0.766057370999988,0,0.0,0.17522227377889435
validation,3,normal_20260823_112734.csv,3,384,512,0.7680536770003528,1.022053102000427,0,0.0,0.18067317989401457
validation,4,normal_20260823_112734.csv,4,512,640,1.0240525560002425,1.278053351999915,0,0.0,0.13160123486590466
validation,5,normal_20260823_112734.csv,5,640,768,1.280052546000661,1.5340531170004397,0,0.0,0.20216584115419067
validation,6,normal_20260823_112734.csv,6,768,896,1.5360552930005724,1.7900544740004989,0,0.0,0.1437897455538343
validation,7,normal_20260823_112734.csv,7,896,1024,1.7920538910002506,2.04605588800041,0,0.0,0.1604066095044517
validation,8,normal_20260823_112734.csv,8,1024,1152,2.0480540820008173,2.302054875000067,0,0.0,0.1082147676384236
validation,9,normal_20260823_112734.csv,9,1152,1280,2.3040556800006016,2.558091341000363,0,0.0,0.12405041312595315
validation,10,normal_20260823_112734.csv,10,1280,1408,2.560088275999988,2.8140533069999947,0,0.0,0.11561563524185492
validation,11,normal_20260823_112734.csv,11,1408,1536,2.816054685999916,3.070053995000308,0,0.0,0.19124822224729435
validation,12,normal_20260823_112734.csv,12,1536,1664,3.0720540600004824,3.326053090000641,0,0.0,0.14044014152970755
validation,13,normal_20260823_112734.csv,13,1664,1792,3.328053025000372,3.5820541460007007,0,0.0,0.17075409907588343
validation,14,normal_20260823_112734.csv,14,1792,1920,3.58405315500022,3.8380537200000617,0,0.0,0.12006614976032222
validation,15,normal_20260823_112734.csv,15,1920,2048,3.8400526550003633,4.094053258000713,0,0.0,0.20988520425925208
validation,16,normal_20260823_112734.csv,16,2048,2176,4.09605571100019,4.350053109000328,0,0.0,0.16047066339833416
validation,17,normal_20260823_112734.csv,17,2176,2304,4.352052674000333,4.606060570000409,0,0.0,0.10411569358737334
validation,18,normal_20260823_112734.csv,18,2304,2432,4.608061060000182,4.862054697000531,0,0.0,0.12208700666071826
validation,19,normal_20260823_112734.csv,19,2432,2560,4.8640527620000285,5.118053657000019,0,0.0,0.12311245253610903
validation,20,normal_20260823_112734.csv,20,2560,2688,5.120052666999982,5.374053450000247,0,0.0,0.12956434388341578
validation,21,normal_20260823_112734.csv,21,2688,2816,5.376053108000633,5.630053519000285,0,0.0,0.19522592774888695
validation,22,normal_20260823_112734.csv,22,2816,2944,5.632052732000375,5.886054403000344,0,0.0,0.1524429551279658
validation,23,normal_20260823_112734.csv,23,2944,3072,5.888052764000349,6.142053324000699,0,0.0,0.1292659678989542
validation,24,normal_20260823_112734.csv,24,3072,3200,6.144052611000006,6.398053188000631,0,0.0,0.18368237044398972
validation,25,normal_20260823_112734.csv,25,3200,3328,6.400052623000192,6.654054272000394,0,0.0,0.20413476312628498
validation,26,normal_20260823_112734.csv,26,3328,3456,6.656074467000508,6.910052967999945,0,0.0,0.1358662999056944
validation,27,normal_20260823_112734.csv,27,3456,3584,6.912053070000184,7.166055257000153,0,0.0,0.12000129865856717
validation,28,normal_20260823_112734.csv,28,3584,3712,7.1680532099999255,7.42205308100074,0,0.0,0.14599358131887574
validation,29,normal_20260823_112734.csv,29,3712,3840,7.424052848999963,7.678057903000081,0,0.0,0.13829386754575404
validation,30,normal_20260823_112734.csv,30,3840,3968,7.680057357000805,7.934057930000563,0,0.0,0.13854826904451245
validation,31,normal_20260823_112734.csv,31,3968,4096,7.936055568000484,8.190055141000812,0,0.0,0.1652575505353795
validation,32,normal_20260823_112734.csv,32,4096,4224,8.192054261000521,8.446060240000406,0,0.0,0.20896287054221338
validation,33,normal_20260823_112734.csv,33,4224,4352,8.448054619000686,8.702054764000422,0,0.0,0.13131651905661934
validation,34,normal_20260823_112734.csv,34,4352,4480,8.704054106000513,8.958055473000059,0,0.0,0.15104230573090524
validation,35,normal_20260823_112734.csv,35,4480,4608,8.960053870000593,9.21405618100016,0,0.0,0.14756597651642522
validation,36,normal_20260823_112734.csv,36,4608,4736,9.21605876400008,9.470054666000578,0,0.0,0.139543645490343
validation,37,normal_20260823_112734.csv,37,4736,4864,9.472053823000351,9.7260580760003,0,0.0,0.14567595751329296
validation,38,normal_20260823_112734.csv,38,4864,4992,9.728055029000643,9.982055338000464,0,0.0,0.20553239318736458
validation,39,normal_20260823_112734.csv,39,4992,5120,9.984054032000133,10.238055802999952,0,0.0,0.11369308338860895
validation,40,normal_20260823_112734.csv,40,5120,5248,10.240054312000211,10.494054637000772,0,0.0,0.14987257430097436
validation,41,normal_20260823_112734.csv,41,5248,5376,10.49605790500027,10.75005613600024,0,0.0,0.18058375533561866
validation,42,normal_20260823_112734.csv,42,5376,5504,10.752054311999927,11.00605521000034,0,0.0,0.13309549620739305
validation,43,normal_20260823_112734.csv,43,5504,5632,11.008053941000073,11.262054931999955,0,0.0,0.20486244985215762
validation,44,normal_20260823_112734.csv,44,5632,5760,11.264055293000638,11.518055855000055,0,0.0,0.14636954471876487
validation,45,normal_20260823_112734.csv,45,5760,5888,11.520054309000445,11.77405464900039,0,0.0,0.18316102268386678
validation,46,normal_20260823_112734.csv,46,5888,6016,11.776063732000694,12.030054516000746,0,0.0,0.1509448616693588
validation,47,normal_20260823_112734.csv,47,6016,6144,12.032053951000307,12.286058643000615,0,0.0,0.1408251252937124
validation,48,normal_20260823_112734.csv,48,6144,6272,12.288054929000282,12.542054637000549,0,0.0,0.17024841059005288
validation,49,normal_20260823_112734.csv,49,6272,6400,12.54405412699998,12.7980605570001,0,0.0,0.21246801901192514
validation,50,normal_20260823_112734.csv,50,6400,6528,12.800055177000104,13.054055126000094,0,0.0,0.16215533041064342
validation,51,normal_20260823_112734.csv,51,6528,6656,13.056057727000734,13.3100547490003,0,0.0,0.17148812789529444
validation,52,normal_20260823_112734.csv,52,6656,6784,13.312053925000328,13.566055259000676,0,0.0,0.1417515745657393
validation,53,normal_20260823_112734.csv,53,6784,6912,13.568053102000704,13.822053103000144,0,0.0,0.1120500146138026
validation,54,normal_20260823_112734.csv,54,6912,7040,13.824052630000551,14.078053317000013,0,0.0,0.17559681071636138
validation,55,normal_20260823_112734.csv,55,7040,7168,14.08005273300023,14.33405295600005,0,0.0,0.1678466515615463
validation,56,normal_20260823_112734.csv,56,7168,7296,14.336052946000564,14.590052501000171,0,0.0,0.15408975664942423
validation,57,normal_20260823_112734.csv,57,7296,7424,14.59205252800075,14.846062823000466,0,0.0,0.1807965813905218
validation,58,normal_20260823_112734.csv,58,7424,7552,14.84805409100045,15.102052682000249,0,0.0,0.15866204417693672
validation,59,normal_20260823_112734.csv,59,7552,7680,15.104052598000637,15.358053504000054,0,0.0,0.1457966909252241
validation,60,normal_20260823_112734.csv,60,7680,7808,15.360052531000292,15.61405263800043,0,0.0,0.1462507695867714
validation,61,normal_20260823_112734.csv,61,7808,7936,15.616055147000225,15.870053421000192,0,0.0,0.17452427600950257
validation,62,normal_20260823_112734.csv,62,7936,8064,15.872052633000749,16.126055555000676,0,0.0,0.1794005906008588
validation,63,normal_20260823_112734.csv,63,8064,8192,16.12805330500032,16.38205328100048,0,0.0,0.1271189041276628
validation,64,normal_20260823_112734.csv,64,8192,8320,16.384052660000634,16.638055209000413,0,0.0,0.17053069774270688
validation,65,normal_20260823_112734.csv,65,8320,8448,16.64005412500046,16.894052730000112,0,0.0,0.18481736683778394
validation,66,normal_20260823_112734.csv,66,8448,8576,16.89605409000069,17.150053287000446,0,0.0,0.13949868546680122
validation,67,normal_20260823_112734.csv,67,8576,8704,17.152052574000663,17.406055381000442,0,0.0,0.11862637381824648
validation,68,normal_20260823_112734.csv,68,8704,8832,17.40805307500068,17.662052973000755,0,0.0,0.17515948914213553
validation,69,normal_20260823_112734.csv,69,8832,8960,17.664052852000168,17.918053991000306,0,0.0,0.145905145786647
validation,70,normal_20260823_112734.csv,70,8960,9088,17.920052813999973,18.17405352700007,0,0.0,0.17662076205368749
validation,71,normal_20260823_112734.csv,71,9088,9216,18.17607392500031,18.43005296899992,0,0.0,0.12485743278101487
validation,72,normal_20260823_112734.csv,72,9216,9344,18.432052738000493,18.686059429000125,0,0.0,0.17763252099500618
validation,73,normal_20260823_112734.csv,73,9344,9472,18.68805590100056,18.942054241000733,0,0.0,0.14162301292318422
validation,74,normal_20260823_112734.csv,74,9472,9600,18.9440580090004,19.19805553400056,0,0.0,0.16247341967896167
validation,75,normal_20260823_112734.csv,75,9600,9728,19.200054802000523,19.454054695000195,0,0.0,0.12075736033018043
validation,76,normal_20260823_112734.csv,76,9728,9856,19.456057852000413,19.710059727000043,0,0.0,0.18216474697466456
validation,77,normal_20260823_112734.csv,77,9856,9984,19.712055106000665,19.96605475800061,0,0.0,0.15934622329216866
validation,78,normal_20260823_112734.csv,78,9984,10112,19.968053859000065,20.22205415900044,0,0.0,0.1595121281347768
validation,79,normal_20260823_112734.csv,79,10112,10240,20.22405420500036,20.478056169999945,0,0.0,0.15680696507535194
validation,80,normal_20260823_112734.csv,80,10240,10368,20.480054530000416,20.73406160600007,0,0.0,0.16407732135122877
validation,81,normal_20260823_112734.csv,81,10368,10496,20.736061354999947,20.99005843000032,0,0.0,0.14910387080884746
validation,82,normal_20260823_112734.csv,82,10496,10624,20.992055624000383,21.246061533000105,0,0.0,0.1876831108917306
validation,83,normal_20260823_112734.csv,83,10624,10752,21.248066875000404,21.502054726000097,0,0.0,0.1193054258478885
validation,84,normal_20260823_112734.csv,84,10752,10880,21.50405390100059,21.75805562200003,0,0.0,0.16469481810222705
validation,85,normal_20260823_112734.csv,85,10880,11008,21.760054038000817,22.01405496300049,0,0.0,0.15630597606820787
validation,86,normal_20260823_112734.csv,86,11008,11136,22.01605949000077,22.270055118000528,0,0.0,0.1468743682825616
validation,87,normal_20260823_112734.csv,87,11136,11264,22.272054312000364,22.52605915999993,0,0.0,0.18365771749822826
validation,88,normal_20260823_112734.csv,88,11264,11392,22.528055724000296,22.78205475699997,0,0.0,0.14750216246723027
validation,89,normal_20260823_112734.csv,89,11392,11520,22.78405385800033,23.03805803900013,0,0.0,0.186082282040399
validation,90,normal_20260823_112734.csv,90,11520,11648,23.040054326000245,23.29405500700068,0,0.0,0.15382045004322484
validation,91,normal_20260823_112734.csv,91,11648,11776,23.29605918200013,23.55005534200064,0,0.0,0.10333627958084197
validation,92,normal_20260823_112734.csv,92,11776,11904,23.552054314000088,23.80605982599991,0,0.0,0.21569833479016895
validation,93,normal_20260823_112734.csv,93,11904,12032,23.80805502000021,24.06206453200048,0,0.0,0.16376568714035086
validation,94,normal_20260823_112734.csv,94,12032,12160,24.06405855899993,24.318069089000343,0,0.0,0.11245606845195481
validation,95,normal_20260823_112734.csv,95,12160,12288,24.320058820000668,24.5740545510007,0,0.0,0.1872418507084864
validation,96,normal_20260823_112734.csv,96,12288,12416,24.576056597000388,24.83005981000042,0,0.0,0.19360701857064258
validation,97,normal_20260823_112734.csv,97,12416,12544,24.83207461500024,25.08605667900065,0,0.0,0.1508593751992485
validation,98,normal_20260823_112734.csv,98,12544,12672,25.088052818000502,25.34205293700052,0,0.0,0.14733485136702043
validation,99,normal_20260823_112734.csv,99,12672,12800,25.34405261300072,25.598053119000724,0,0.0,0.21101215961967057
validation,100,normal_20260823_112734.csv,100,12800,12928,25.600063313000646,25.85405326399996,0,0.0,0.15841084639104355
validation,101,normal_20260823_112734.csv,101,12928,13056,25.856056827999964,26.110053242000504,0,0.0,0.15656084043524268
validation,102,normal_20260823_112734.csv,102,13056,13184,26.112052677000065,26.36605588600014,0,0.0,0.18026527166608228
validation,103,normal_20260823_112734.csv,103,13184,13312,26.36805278400061,26.622053066000262,0,0.0,0.1677825138260832
validation,104,normal_20260823_112734.csv,104,13312,13440,26.6240526670008,26.87805341200056,0,0.0,0.1751780432218434
validation,105,normal_20260823_112734.csv,105,13440,13568,26.88005264300045,27.13405331300055,0,0.0,0.11233719836283836
validation,106,normal_20260823_112734.csv,106,13568,13696,27.13605472900053,27.39005397300025,0,0.0,0.14296129078637718
validation,107,normal_20260823_112734.csv,107,13696,13824,27.39205275900076,27.64606376100073,0,0.0,0.18456976543738515
validation,108,normal_20260823_112734.csv,108,13824,13952,27.64805551000063,27.902053122000325,0,0.0,0.1909954003519149
validation,109,normal_20260823_112734.csv,109,13952,14080,27.90405257600014,28.158054688000448,0,0.0,0.15242001387179785
validation,110,normal_20260823_112734.csv,110,14080,14208,28.16005278900048,28.414053086000425,0,0.0,0.15609388086830714
validation,111,normal_20260823_112734.csv,111,14208,14336,28.416054965000512,28.670052797000608,0,0.0,0.13784759732614793
validation,112,normal_20260823_112734.csv,112,14336,14464,28.672052620000613,28.92605998900035,0,0.0,0.21877994503215362
validation,113,normal_20260823_112734.csv,113,14464,14592,28.92805403500006,29.18205344100079,0,0.0,0.1259001639534816
validation,114,normal_20260823_112734.csv,114,14592,14720,29.18405295000048,29.43805670600068,0,0.0,0.12597420133815498
validation,115,normal_20260823_112734.csv,115,14720,14848,29.440054252000664,29.69405485900006,0,0.0,0.21453607405508843
validation,116,normal_20260823_112734.csv,116,14848,14976,29.69605570100066,29.950054493000607,0,0.0,0.1436722614399045
validation,117,normal_20260823_112734.csv,117,14976,15104,29.95205381699997,30.20605536900075,0,0.0,0.13749065450723208
validation,118,normal_20260823_112734.csv,118,15104,15232,30.2080540070001,30.46205398300026,0,0.0,0.18097973665459643
validation,119,normal_20260823_112734.csv,119,15232,15360,30.464054138999927,30.718056392000108,0,0.0,0.18921761024635173
validation,120,normal_20260823_112734.csv,120,15360,15488,30.720054104000155,30.97405437599992,0,0.0,0.19165329188559652
validation,121,normal_20260823_112734.csv,121,15488,15616,30.976055570000423,31.230054656,0,0.0,0.13638913022929344
validation,122,normal_20260823_112734.csv,122,15616,15744,31.23205392399996,31.48605545200008,0,0.0,0.16712760261341733
validation,123,normal_20260823_112734.csv,123,15744,15872,31.488054331000058,31.742057340999963,0,0.0,0.1479223841084035
validation,124,normal_20260823_112734.csv,124,15872,16000,31.744054645000688,31.99805602500055,0,0.0,0.1250451580549831
validation,125,normal_20260823_112734.csv,125,16000,16128,32.00005386700013,32.25405535800019,0,0.0,0.10521524784765231
validation,126,normal_20260823_112734.csv,126,16128,16256,32.25606075600081,32.51005472600082,0,0.0,0.18594447949944323
validation,127,normal_20260823_112734.csv,127,16256,16384,32.51205441999991,32.76605631500024,0,0.0,0.12996619917502686
validation,128,normal_20260823_112734.csv,128,16384,16512,32.7680548240005,33.022054998000385,0,0.0,0.13522704481053027
validation,129,normal_20260823_112734.csv,129,16512,16640,33.02405441300016,33.27805688300032,0,0.0,0.14221416086210345
validation,130,normal_20260823_112734.csv,130,16640,16768,33.28005422500064,33.53405506300078,0,0.0,0.15956446876351352
validation,131,normal_20260823_112734.csv,131,16768,16896,33.53605501600032,33.790055928000584,0,0.0,0.19424166809542953
validation,132,normal_20260823_112734.csv,132,16896,17024,33.792053899000166,34.04605642200022,0,0.0,0.11934510683458137
validation,133,normal_20260823_112734.csv,133,17024,17152,34.048054301000775,34.30205473100068,0,0.0,0.1761075151331859
validation,134,normal_20260823_112734.csv,134,17152,17280,34.30405425800018,34.558055204000084,0,0.0,0.20481386400476007
validation,135,normal_20260823_112734.csv,135,17280,17408,34.560054157000195,34.814054400000714,0,0.0,0.10060880688674771
validation,136,normal_20260823_112734.csv,136,17408,17536,34.816054668000106,35.07005539200054,0,0.0,0.16184568006587638
validation,137,normal_20260823_112734.csv,137,17536,17664,35.07205393700042,35.32606995700007,0,0.0,0.17534690955231755
validation,138,normal_20260823_112734.csv,138,17664,17792,35.3280628170005,35.58205515000009,0,0.0,0.19269021201788958
validation,139,normal_20260823_112734.csv,139,17792,17920,35.58405414000026,35.838072491000275,0,0.0,0.21817173183908878
validation,140,normal_20260823_112734.csv,140,17920,18048,35.84005568500015,36.094054702,0,0.0,0.11200704444303818
validation,141,normal_20260823_112734.csv,141,18048,18176,36.0983967760003,36.350053432000095,0,0.0,0.10502812815262441
validation,142,normal_20260823_112734.csv,142,18176,18304,36.35205269900053,36.60607312200045,0,0.0,0.16813246294561424
validation,143,normal_20260823_112734.csv,143,18304,18432,36.60805875999995,36.86205738600074,0,0.0,0.16171948547594306
validation,144,normal_20260823_112734.csv,144,18432,18560,36.8640539500002,37.11805502100015,0,0.0,0.17608793407485498
validation,145,normal_20260823_112734.csv,145,18560,18688,37.120052826000574,37.374837529000615,0,0.0,0.15409990106805913
validation,146,normal_20260823_112734.csv,146,18688,18816,37.3775388920003,37.63005295400035,0,0.0,0.13368632064075867
validation,147,normal_20260823_112734.csv,147,18816,18944,37.63205388799997,37.88605862300028,0,0.0,0.14300728985902234
validation,148,normal_20260823_112734.csv,148,18944,19072,37.8880542980005,38.14206405200002,0,0.0,0.20009881216606473
validation,149,normal_20260823_112734.csv,149,19072,19200,38.14405981900018,38.39807818300051,0,0.0,0.15697784300438467
validation,150,normal_20260823_112734.csv,150,19200,19328,38.40007613600028,38.65472063000016,0,0.0,0.15050103592794292
validation,151,normal_20260823_112734.csv,151,19328,19456,38.656090469000446,38.91005790500003,0,0.0,0.13855779216582378
validation,152,normal_20260823_112734.csv,152,19456,19584,38.91205930200067,39.16605968300064,0,0.0,0.16418952914464924
validation,153,normal_20260823_112734.csv,153,19584,19712,39.168055154000285,39.4220978480007,0,0.0,0.18513740587732505
validation,154,normal_20260823_112734.csv,154,19712,19840,39.42408672700003,39.67805504900025,0,0.0,0.12699249521037215
validation,155,normal_20260823_112734.csv,155,19840,19968,39.68007181700068,39.93406712100023,0,0.0,0.13356728229057072
validation,156,normal_20260823_112734.csv,156,19968,20096,39.936059925000336,40.19005328500043,0,0.0,0.14085024309241412
validation,157,normal_20260823_112734.csv,157,20096,20224,40.19205296000018,40.4460571690006,0,0.0,0.10630816261674379
validation,158,normal_20260823_112734.csv,158,20224,20352,40.44806328899995,40.702063998000085,0,0.0,0.13888330114121614
validation,159,normal_20260823_112734.csv,159,20352,20480,40.70406011700016,40.9580560480008,0,0.0,0.12159533367799798
validation,160,normal_20260823_112734.csv,160,20480,20608,40.960053649000656,41.21405517200037,0,0.0,0.1530949432723759
validation,161,normal_20260823_112734.csv,161,20608,20736,41.21606036600042,41.4700581470006,0,0.0,0.16983999099538724
validation,162,normal_20260823_112734.csv,162,20736,20864,41.47205354400012,41.72608039900024,0,0.0,0.15478116878504142
validation,163,normal_20260823_112734.csv,163,20864,20992,41.72806400000081,41.98205683500055,0,0.0,0.14378592636403317
validation,164,normal_20260823_112734.csv,164,20992,21120,41.984053603000575,42.23805423500016,0,0.0,0.15119358823206142
validation,165,normal_20260823_112734.csv,165,21120,21248,42.24005283600036,42.49405344800016,0,0.0,0.12983267093134657
validation,166,normal_20260823_112734.csv,166,21248,21376,42.49605716000042,42.750054363000345,0,0.0,0.15430486255995746
validation,167,normal_20260823_112734.csv,167,21376,21504,42.75205281600029,43.00605601999996,0,0.0,0.13019399219889846
validation,168,normal_20260823_112734.csv,168,21504,21632,43.00805373200001,43.26205445400046,0,0.0,0.16782186571407878
validation,169,normal_20260823_112734.csv,169,21632,21760,43.26405346200045,43.51805425600014,0,0.0,0.18574911544097192
validation,170,normal_20260823_112734.csv,170,21760,21888,43.52005287600059,43.77405355800056,0,0.0,0.13693225121546568
validation,171,normal_20260823_112734.csv,171,21888,22016,43.77605971499997,44.03005358300016,0,0.0,0.15077636612096898
validation,172,normal_20260823_112734.csv,172,22016,22144,44.03205272000014,44.28605645900007,0,0.0,0.18488965843305172
validation,173,normal_20260823_112734.csv,173,22144,22272,44.28805463400022,44.54205499900036,0,0.0,0.14084517748818678
validation,174,normal_20260823_112734.csv,174,22272,22400,44.54405319200032,44.79805364999993,0,0.0,0.14117151581696308
validation,175,normal_20260823_112734.csv,175,22400,22528,44.80005265900036,45.05405320900081,0,0.0,0.1776150725101594
validation,176,normal_20260823_112734.csv,176,22528,22656,45.05605597700014,45.31005373100015,0,0.0,0.12635809283060814
validation,177,normal_20260823_112734.csv,177,22656,22784,45.31205279400001,45.566056546000254,0,0.0,0.11294624179468826
validation,178,normal_20260823_112734.csv,178,22784,22912,45.56805401700058,45.82205312099995,0,0.0,0.11678758448350084
validation,179,normal_20260823_112734.csv,179,22912,23040,45.82405264800036,46.07805330700012,0,0.0,0.19568668710635614
validation,180,normal_20260823_112734.csv,180,23040,23168,46.0800527220008,46.334053251000114,0,0.0,0.19834717843940078
validation,181,normal_20260823_112734.csv,181,23168,23296,46.336054519000754,46.59005334199992,0,0.0,0.2016519643113135
validation,182,normal_20260823_112734.csv,182,23296,23424,46.59205273900079,46.84605643300074,0,0.0,0.16750366369588873
validation,183,normal_20260823_112734.csv,183,23424,23552,46.848056385000746,47.10205511599997,0,0.0,0.16852436399890125
validation,184,normal_20260823_112734.csv,184,23552,23680,47.10405410600015,47.35806737300027,0,0.0,0.1734538906680315
validation,185,normal_20260823_112734.csv,185,23680,23808,47.360056492000695,47.61405483100043,0,0.0,0.13061685668645792
validation,186,normal_20260823_112734.csv,186,23808,23936,47.61605856200004,47.87005506800051,0,0.0,0.14158817949598287
validation,187,normal_20260823_112734.csv,187,23936,24064,47.872054076000495,48.12605724900004,0,0.0,0.1426622303629382
validation,188,normal_20260823_112734.csv,188,24064,24192,48.1280542200002,48.38205504000052,0,0.0,0.17266066604571742
validation,189,normal_20260823_112734.csv,189,24192,24320,48.38405423299992,48.63806634800039,0,0.0,0.11734211166967408
validation,190,normal_20260823_112734.csv,190,24320,24448,48.64005433700004,48.89405489599994,0,0.0,0.18286048651317324
validation,191,normal_20260823_112734.csv,191,24448,24576,48.896056386000055,49.15005537100024,0,0.0,0.15488380647330757
validation,192,normal_20260823_112734.csv,192,24576,24704,49.15205434200016,49.40605667799991,0,0.0,0.11069328006526398
validation,193,normal_20260823_112734.csv,193,24704,24832,49.40805438900043,49.66205811300006,0,0.0,0.19128987675796752
validation,194,normal_20260823_112734.csv,194,24832,24960,49.66405421300078,49.91805445499995,0,0.0,0.14372469216212233
validation,195,normal_20260823_112734.csv,195,24960,25088,49.92006107399993,50.17405546400005,0,0.0,0.15637091276480808
validation,196,normal_20260823_112734.csv,196,25088,25216,50.17605867600014,50.43005734200051,0,0.0,0.17602110180364364
validation,197,normal_20260823_112734.csv,197,25216,25344,50.43205473900071,50.686056071000166,0,0.0,0.13244573240342206
validation,198,normal_20260823_112734.csv,198,25344,25472,50.688054931000806,50.942053911000585,0,0.0,0.1498484724483967
validation,199,normal_20260823_112734.csv,199,25472,25600,50.944053919,51.19805647300018,0,0.0,0.14483795588637957
validation,200,normal_20260823_112734.csv,200,25600,25728,51.20005450000008,51.4540541260003,0,0.0,0.10715173243269109
validation,201,normal_20260823_112734.csv,201,25728,25856,51.456055320000814,51.71005955600049,0,0.0,0.12874100798860008
validation,202,normal_20260823_112734.csv,202,25856,25984,51.71205525000005,51.96605630100021,0,0.0,0.1540460284949932
validation,203,normal_20260823_112734.csv,203,25984,26112,51.96805455000049,52.22205489800035,0,0.0,0.1192282759189321
validation,204,normal_20260823_112734.csv,204,26112,26240,52.22405414700006,52.47805601100026,0,0.0,0.17677384985904654
validation,205,normal_20260823_112734.csv,205,26240,26368,52.48005420500067,52.73405458700017,0,0.0,0.17542098252508667
validation,206,normal_20260823_112734.csv,206,26368,26496,52.7360553540002,52.9900557180008,0,0.0,0.15368790761004147
validation,207,normal_20260823_112734.csv,207,26496,26624,52.9920540410003,53.246059275000334,0,0.0,0.16231145456848797
validation,208,normal_20260823_112734.csv,208,26624,26752,53.24805596900024,53.50205520100008,0,0.0,0.1142856619775728
validation,209,normal_20260823_112734.csv,209,26752,26880,53.504054172,53.75805625500016,0,0.0,0.17259945345474517
validation,210,normal_20260823_112734.csv,210,26880,27008,53.76005409700065,54.01405395800066,0,0.0,0.16094091080966022
validation,211,normal_20260823_112734.csv,211,27008,27136,54.01605798500077,54.270055939000486,0,0.0,0.14258904608437226
validation,212,normal_20260823_112734.csv,212,27136,27264,54.27205422499992,54.52605674999995,0,0.0,0.17700533192970802
validation,213,normal_20260823_112734.csv,213,27264,27392,54.52805440700013,54.7820548210002,0,0.0,0.1599726482823461
validation,214,normal_20260823_112734.csv,214,27392,27520,54.78405399600069,55.0380552810002,0,0.0,0.13447469165053003
validation,215,normal_20260823_112734.csv,215,27520,27648,55.0400538440008,55.29405474000032,0,0.0,0.2304930282560814
validation,216,normal_20260823_112734.csv,216,27648,27776,55.29606439700001,55.55005534600059,0,0.0,0.15369771644835487
validation,217,normal_20260823_112734.csv,217,27776,27904,55.5520540940006,55.80605569199997,0,0.0,0.17914127917853562
validation,218,normal_20260823_112734.csv,218,27904,28032,55.808054013999936,56.06205470400073,0,0.0,0.18388293447942816
validation,219,normal_20260823_112734.csv,219,28032,28160,56.06405389700012,56.31805606800026,0,0.0,0.15898752925632534
validation,220,normal_20260823_112734.csv,220,28160,28288,56.32006831700073,56.5740539490007,0,0.0,0.23181535977711576
validation,221,normal_20260823_112734.csv,221,28288,28416,56.57606140100052,56.83005449600023,0,0.0,0.16876050048044947
validation,222,normal_20260823_112734.csv,222,28416,28544,56.83205407800051,57.08612282100057,0,0.0,0.1579044585436026
validation,223,normal_20260823_112734.csv,223,28544,28672,57.08807647699996,57.34205399700022,0,0.0,0.12321167283538632
validation,224,normal_20260823_112734.csv,224,28672,28800,57.34405300600065,57.59805620900079,0,0.0,0.13453036355352635
validation,225,normal_20260823_112734.csv,225,28800,28928,57.60005384700071,57.854053198000656,0,0.0,0.17195912300404195
validation,226,normal_20260823_112734.csv,226,28928,29056,57.85605324300013,58.110059612999976,0,0.0,0.1636292287145995
validation,227,normal_20260823_112734.csv,227,29056,29184,58.11205288000019,58.36605400900044,0,0.0,0.16230593173885052
validation,228,normal_20260823_112734.csv,228,29184,29312,58.3680557760008,58.62205312500009,0,0.0,0.1449681233718406
validation,229,normal_20260823_112734.csv,229,29312,29440,58.62405267000031,58.87806779700077,0,0.0,0.13207038197251597
validation,230,normal_20260823_112734.csv,230,29440,29568,58.88006169400069,59.13405317300021,0,0.0,0.11974652838049415
validation,231,normal_20260823_112734.csv,231,29568,29696,59.136066959000345,59.39005880700006,0,0.0,0.15692357475311702
validation,232,normal_20260823_112734.csv,232,29696,29824,59.392054500000086,59.646016458000304,0,0.0,0.1809578357675452
validation,233,normal_20260823_112734.csv,233,29824,29952,59.64806652100015,59.90205520100062,0,0.0,0.1878316005629387
test,0,normal_20260823_112843.csv,0,0,128,4.080002327100374e-07,0.2540539550000176,0,0.0,0.1413732700205299
test,1,normal_20260823_112843.csv,1,128,256,0.2560555740001291,0.5100550999995903,0,0.0,0.1430043569160503
test,2,normal_20260823_112843.csv,2,256,384,0.5120563669997864,0.7660594680000941,0,0.0,0.09173214809467067
test,3,normal_20260823_112843.csv,3,384,512,0.7680563459998666,1.0220543159994122,0,0.0,0.12149393773309569
test,4,normal_20260823_112843.csv,4,512,640,1.024055249999947,1.2780692019996422,0,0.0,0.19572556545507838
test,5,normal_20260823_112843.csv,5,640,768,1.280056173000048,1.534056048999446,0,0.0,0.12627364615020062
test,6,normal_20260823_112843.csv,6,768,896,1.5360818899998776,1.790052801999991,0,0.0,0.11561662120623362
test,7,normal_20260823_112843.csv,7,896,1024,1.7920533099995737,2.0460676669999884,0,0.0,0.18250278692808916
test,8,normal_20260823_112843.csv,8,1024,1152,2.048074507999445,2.3020548469994537,0,0.0,0.17041702659988603
test,9,normal_20260823_112843.csv,9,1152,1280,2.304054705999988,2.558052950000274,0,0.0,0.17939042176143496
test,10,normal_20260823_112843.csv,10,1280,1408,2.5600578280000263,2.81405262699991,0,0.0,0.2087411436218933
test,11,normal_20260823_112843.csv,11,1408,1536,2.81605646800017,3.070052692999525,0,0.0,0.1510522873857069
test,12,normal_20260823_112843.csv,12,1536,1664,3.0720534049996786,3.3260565740001766,0,0.0,0.19757236329827657
test,13,normal_20260823_112843.csv,13,1664,1792,3.328053786000055,3.58205258199996,0,0.0,0.11441024191660372
test,14,normal_20260823_112843.csv,14,1792,1920,3.584053015999416,3.838052960999448,0,0.0,0.1665758596007396
test,15,normal_20260823_112843.csv,15,1920,2048,3.840053191000152,4.094052636000015,0,0.0,0.15646405971799007
test,16,normal_20260823_112843.csv,16,2048,2176,4.096055291999619,4.350054179999461,0,0.0,0.14814373284247928
test,17,normal_20260823_112843.csv,17,2176,2304,4.3520532989996354,4.606055741999626,0,0.0,0.14893478360201437
test,18,normal_20260823_112843.csv,18,2304,2432,4.608053582999673,4.862052839999706,0,0.0,0.1464931646693021
test,19,normal_20260823_112843.csv,19,2432,2560,4.864056569999775,5.118053012999553,0,0.0,0.11832047549014202
test,20,normal_20260823_112843.csv,20,2560,2688,5.120053130999622,5.374052629000289,0,0.0,0.14977371625810795
test,21,normal_20260823_112843.csv,21,2688,2816,5.37605535900002,5.630054131999714,0,0.0,0.1328878232608949
test,22,normal_20260823_112843.csv,22,2816,2944,5.632053344000269,5.886054542999773,0,0.0,0.11794903889588348
test,23,normal_20260823_112843.csv,23,2944,3072,5.888052514000265,6.1420525650000855,0,0.0,0.1373855277315942
test,24,normal_20260823_112843.csv,24,3072,3200,6.144052886999816,6.398054141000102,0,0.0,0.0910355706973333
test,25,normal_20260823_112843.csv,25,3200,3328,6.400054908000129,6.65405403099976,0,0.0,0.1218008641443357
test,26,normal_20260823_112843.csv,26,3328,3456,6.656064501999936,6.9100551060000726,0,0.0,0.13962973945084423
test,27,normal_20260823_112843.csv,27,3456,3584,6.912055576999592,7.1660544959995605,0,0.0,0.15652241555877935
test,28,normal_20260823_112843.csv,28,3584,3712,7.168055355999968,7.4220543479996195,0,0.0,0.16769799069012237
test,29,normal_20260823_112843.csv,29,3712,3840,7.424055299999964,7.67805721700006,0,0.0,0.12958075053064277
test,30,normal_20260823_112843.csv,30,3840,3968,7.680055853999875,7.934053938000034,0,0.0,0.21982626993477913
test,31,normal_20260823_112843.csv,31,3968,4096,7.936058297000272,8.190054380999754,0,0.0,0.18078242307956172
test,32,normal_20260823_112843.csv,32,4096,4224,8.192054962999464,8.44605534099992,0,0.0,0.12759201008041843
test,33,normal_20260823_112843.csv,33,4224,4352,8.448055441000179,8.702054262999809,0,0.0,0.19415717483398878
test,34,normal_20260823_112843.csv,34,4352,4480,8.704054585999984,8.958054314999572,0,0.0,0.13880052737806886
test,35,normal_20260823_112843.csv,35,4480,4608,8.960054877999937,9.2140542369998,0,0.0,0.10769527787396882
test,36,normal_20260823_112843.csv,36,4608,4736,9.216055985999446,9.47005413900024,0,0.0,0.13191250160577775
test,37,normal_20260823_112843.csv,37,4736,4864,9.472054924999613,9.726057947999834,0,0.0,0.2006256029220627
test,38,normal_20260823_112843.csv,38,4864,4992,9.72805634499946,9.982053941999766,0,0.0,0.19139344355732626
test,39,normal_20260823_112843.csv,39,4992,5120,9.984053875999962,10.23805473199991,0,0.0,0.1423939998748701
test,40,normal_20260823_112843.csv,40,5120,5248,10.240055109999956,10.49405553899942,0,0.0,0.16763622865405145
test,41,normal_20260823_112843.csv,41,5248,5376,10.496059121000144,10.750053844999456,0,0.0,0.1327644877847097
test,42,normal_20260823_112843.csv,42,5376,5504,10.752054648999549,11.006058207000024,0,0.0,0.1858625549096291
test,43,normal_20260823_112843.csv,43,5504,5632,11.008055418999902,11.262053901999934,0,0.0,0.13867090692299294
test,44,normal_20260823_112843.csv,44,5632,5760,11.26405442899977,11.518054613999992,0,0.0,0.16061539792110996
test,45,normal_20260823_112843.csv,45,5760,5888,11.520055436999428,11.774053844000264,0,0.0,0.13045411322476527
test,46,normal_20260823_112843.csv,46,5888,6016,11.776055870000164,12.03005381499952,0,0.0,0.18352583319578178
test,47,normal_20260823_112843.csv,47,6016,6144,12.032054710999546,12.286058636999767,0,0.0,0.14870519127015136
test,48,normal_20260823_112843.csv,48,6144,6272,12.288055514999542,12.542054308999468,0,0.0,0.14143286972838276
test,49,normal_20260823_112843.csv,49,6272,6400,12.544055131999812,12.79805688899978,0,0.0,0.15212142788718275
test,50,normal_20260823_112843.csv,50,6400,6528,12.800054137000188,13.054054356999586,0,0.0,0.17247365976696416
test,51,normal_20260823_112843.csv,51,6528,6656,13.056058938000206,13.310054305999984,0,0.0,0.1328795609886496
test,52,normal_20260823_112843.csv,52,6656,6784,13.312055110000074,13.566058771999453,0,0.0,0.17390842829987005
test,53,normal_20260823_112843.csv,53,6784,6912,13.568056131999583,13.822053904999848,0,0.0,0.19475940114177837
test,54,normal_20260823_112843.csv,54,6912,7040,13.824054468000211,14.078054222999526,0,0.0,0.26444291994437874
test,55,normal_20260823_112843.csv,55,7040,7168,14.080054989999551,14.33405383599984,0,0.0,0.21782606969621168
test,56,normal_20260823_112843.csv,56,7168,7296,14.336056010999528,14.590054170000258,0,0.0,0.1534872515110249
test,57,normal_20260823_112843.csv,57,7296,7424,14.592054732999712,14.846061041000212,0,0.0,0.21794421529671482
test,58,normal_20260823_112843.csv,58,7424,7552,14.848055770999965,15.102054041999509,0,0.0,0.18765433019729982
test,59,normal_20260823_112843.csv,59,7552,7680,15.104054790000191,15.358054115999948,0,0.0,0.13941729639501588
test,60,normal_20260823_112843.csv,60,7680,7808,15.360054957000102,15.614054910999585,0,0.0,0.1519198602524011
test,61,normal_20260823_112843.csv,61,7808,7936,15.616058362999864,15.870053982999709,0,0.0,0.18038762065080371
test,62,normal_20260823_112843.csv,62,7936,8064,15.872054397999818,16.12605838899981,0,0.0,0.12556711734525314
test,63,normal_20260823_112843.csv,63,8064,8192,16.12805630299954,16.38205425599972,0,0.0,0.15876888195481617
test,64,normal_20260823_112843.csv,64,8192,8320,16.38405493099981,16.638057881999885,0,0.0,0.1861293752002706
test,65,normal_20260823_112843.csv,65,8320,8448,16.640060018999975,16.89405391499986,0,0.0,0.12649330921725888
test,66,normal_20260823_112843.csv,66,8448,8576,16.89605929299978,17.150054243999875,0,0.0,0.16664952721106557
test,67,normal_20260823_112843.csv,67,8576,8704,17.152054880999458,17.40605803499966,0,0.0,0.12306055998775312
test,68,normal_20260823_112843.csv,68,8704,8832,17.408055171999877,17.662058529000205,0,0.0,0.13830847108835842
test,69,normal_20260823_112843.csv,69,8832,8960,17.664055313999597,17.918054208000285,0,0.0,0.19225354192964042
test,70,normal_20260823_112843.csv,70,8960,9088,17.92005465999955,18.17405562699969,0,0.0,0.13104852961704758
test,71,normal_20260823_112843.csv,71,9088,9216,18.17605846799961,18.43006011899979,0,0.0,0.20193292932769447
test,72,normal_20260823_112843.csv,72,9216,9344,18.43205718199988,18.686061018000142,0,0.0,0.1685405244847935
test,73,normal_20260823_112843.csv,73,9344,9472,18.68805628500013,18.942053861000204,0,0.0,0.19092990593469494
test,74,normal_20260823_112843.csv,74,9472,9600,18.944054960999893,19.198054186000263,0,0.0,0.18284623568638692
test,75,normal_20260823_112843.csv,75,9600,9728,19.200055026999507,19.454056341999603,0,0.0,0.18741470655038098
test,76,normal_20260823_112843.csv,76,9728,9856,19.45606318299997,19.71005399800015,0,0.0,0.15074585476841884
test,77,normal_20260823_112843.csv,77,9856,9984,19.712055504999626,19.966067876000125,0,0.0,0.20145937865314423
test,78,normal_20260823_112843.csv,78,9984,10112,19.96805729100015,20.22205393900004,0,0.0,0.12890032577345018
test,79,normal_20260823_112843.csv,79,10112,10240,20.22406029800004,20.478056926000136,0,0.0,0.15243869574795058
test,80,normal_20260823_112843.csv,80,10240,10368,20.48005535900029,20.73405407900009,0,0.0,0.14039215565121843
test,81,normal_20260823_112843.csv,81,10368,10496,20.736057956999502,20.990054509999936,0,0.0,0.17145951055778322
test,82,normal_20260823_112843.csv,82,10496,10624,20.992054831999667,21.24605842300025,0,0.0,0.15407541191940485
test,83,normal_20260823_112843.csv,83,10624,10752,21.24805609699979,21.502053852000245,0,0.0,0.14270386973512453
test,84,normal_20260823_112843.csv,84,10752,10880,21.50405409999985,21.75806265099982,0,0.0,0.13701563914566725
test,85,normal_20260823_112843.csv,85,10880,11008,21.760055251000267,22.014059838999856,0,0.0,0.2132583874284314
test,86,normal_20260823_112843.csv,86,11008,11136,22.01606540200009,22.27005336000002,0,0.0,0.1029602140946424
test,87,normal_20260823_112843.csv,87,11136,11264,22.2720532379999,22.52605684199989,0,0.0,0.16108778997651582
test,88,normal_20260823_112843.csv,88,11264,11392,22.52805379399979,22.782052675999694,0,0.0,0.17463102774471093
test,89,normal_20260823_112843.csv,89,11392,11520,22.784053184000182,23.038053528999622,0,0.0,0.20547982063351547
test,90,normal_20260823_112843.csv,90,11520,11648,23.040053202999843,23.294053048000023,0,0.0,0.1197682483417628
test,91,normal_20260823_112843.csv,91,11648,11776,23.2960539249998,23.55005269399953,0,0.0,0.21661230810798968
test,92,normal_20260823_112843.csv,92,11776,11904,23.55205590500009,23.80605482200008,0,0.0,0.18708704540410656
test,93,normal_20260823_112843.csv,93,11904,12032,23.80805362499996,24.06205263499941,0,0.0,0.15393196351855062
test,94,normal_20260823_112843.csv,94,12032,12160,24.064052937999804,24.31805278100001,0,0.0,0.12176730535817286
test,95,normal_20260823_112843.csv,95,12160,12288,24.3200531399998,24.57405270300024,0,0.0,0.14569137272498792
test,96,normal_20260823_112843.csv,96,12288,12416,24.57605380199948,24.830052772000272,0,0.0,0.16959024224690467
test,97,normal_20260823_112843.csv,97,12416,12544,24.83205340899985,25.086057491000247,0,0.0,0.1415552492803774
test,98,normal_20260823_112843.csv,98,12544,12672,25.08805449800002,25.3420568749998,0,0.0,0.18428766261405846
test,99,normal_20260823_112843.csv,99,12672,12800,25.344058548999783,25.598054016999413,0,0.0,0.1513645789467346
test,100,normal_20260823_112843.csv,100,12800,12928,25.600053635000226,25.85405267700025,0,0.0,0.10765047345441185
test,101,normal_20260823_112843.csv,101,12928,13056,25.856057166000028,26.110053022000105,0,0.0,0.15932578358542285
test,102,normal_20260823_112843.csv,102,13056,13184,26.112053437000213,26.36606247799955,0,0.0,0.14732486325323654
test,103,normal_20260823_112843.csv,103,13184,13312,26.36805468900002,26.622052654999607,0,0.0,0.18390232970241696
test,104,normal_20260823_112843.csv,104,13312,13440,26.62405303200012,26.878057034999983,0,0.0,0.13884932713420084
test,105,normal_20260823_112843.csv,105,13440,13568,26.88005287499982,27.134053877999577,0,0.0,0.14903154593496812
test,106,normal_20260823_112843.csv,106,13568,13696,27.13605849600026,27.39005447899945,0,0.0,0.1570030903205518
test,107,normal_20260823_112843.csv,107,13696,13824,27.39205530100025,27.64606102400012,0,0.0,0.1506831480909708
test,108,normal_20260823_112843.csv,108,13824,13952,27.648058975999447,27.9020538650002,0,0.0,0.13441935743009678
test,109,normal_20260823_112843.csv,109,13952,14080,27.90405429800012,28.158054223999898,0,0.0,0.1616275030642685
test,110,normal_20260823_112843.csv,110,14080,14208,28.16005500899973,28.414053952999893,0,0.0,0.14074437889429672
test,111,normal_20260823_112843.csv,111,14208,14336,28.41605520099984,28.670054531999995,0,0.0,0.1226057278300005
test,112,normal_20260823_112843.csv,112,14336,14464,28.672059409999747,28.926056981999864,0,0.0,0.17207182690527154
test,113,normal_20260823_112843.csv,113,14464,14592,28.92805634100023,29.18205426500026,0,0.0,0.12062231915272766
test,114,normal_20260823_112843.csv,114,14592,14720,29.18405519799944,29.438054639000256,0,0.0,0.18108257247106097
test,115,normal_20260823_112843.csv,115,14720,14848,29.44005503500012,29.69405390100019,0,0.0,0.18347287577680374
test,116,normal_20260823_112843.csv,116,14848,14976,29.69605809299992,29.950053847999698,0,0.0,0.13192092725756033
test,117,normal_20260823_112843.csv,117,14976,15104,29.952054336999936,30.206057870000222,0,0.0,0.1616142265220667
test,118,normal_20260823_112843.csv,118,15104,15232,30.20805617299993,30.462054130999604,0,0.0,0.19633793507641192
test,119,normal_20260823_112843.csv,119,15232,15360,30.46405399000014,30.71805413099992,0,0.0,0.09816056168420273
test,120,normal_20260823_112843.csv,120,15360,15488,30.72005474999969,30.9740542239997,0,0.0,0.1303748870335113
test,121,normal_20260823_112843.csv,121,15488,15616,30.97605554599977,31.23005409500001,0,0.0,0.14532512698458433
test,122,normal_20260823_112843.csv,122,15616,15744,31.232054954999512,31.48605779799982,0,0.0,0.1643725659003373
test,123,normal_20260823_112843.csv,123,15744,15872,31.488055841999994,31.742055888999857,0,0.0,0.12295256176039733
test,124,normal_20260823_112843.csv,124,15872,16000,31.744055062999905,31.99805540600028,0,0.0,0.15095126910434553
test,125,normal_20260823_112843.csv,125,16000,16128,32.0000549690003,32.25405388600029,0,0.0,0.13095307970252587
test,126,normal_20260823_112843.csv,126,16128,16256,32.256058299999495,32.51005402999999,0,0.0,0.15105042395734034
test,127,normal_20260823_112843.csv,127,16256,16384,32.512054666999575,32.766062785999566,0,0.0,0.10507542223496813
test,128,normal_20260823_112843.csv,128,16384,16512,32.768058034000205,33.0220539109996,0,0.0,0.11200621434773457
test,129,normal_20260823_112843.csv,129,16512,16640,33.02405449300022,33.27805416699994,0,0.0,0.1756960664112981
test,130,normal_20260823_112843.csv,130,16640,16768,33.2800548590003,33.534053976,0,0.0,0.23464098342191786
test,131,normal_20260823_112843.csv,131,16768,16896,33.53605729799983,33.79005445100029,0,0.0,0.21477517636461604
test,132,normal_20260823_112843.csv,132,16896,17024,33.792055068999616,34.04605451899988,0,0.0,0.10931875957785901
test,133,normal_20260823_112843.csv,133,17024,17152,34.048055266999654,34.302053993999834,0,0.0,0.1331788797767028
test,134,normal_20260823_112843.csv,134,17152,17280,34.3040545570002,34.55805444899943,0,0.0,0.1354052233585731
test,135,normal_20260823_112843.csv,135,17280,17408,34.56005501100026,34.81405399599953,0,0.0,0.12046359142847907
test,136,normal_20260823_112843.csv,136,17408,17536,34.81605774399941,35.070054394999715,0,0.0,0.1539763088461615
test,137,normal_20260823_112843.csv,137,17536,17664,35.072054235,35.32605807100026,0,0.0,0.15115260140291356
test,138,normal_20260823_112843.csv,138,17664,17792,35.328056264000224,35.5820542270003,0,0.0,0.1331987518786876
test,139,normal_20260823_112843.csv,139,17792,17920,35.5840550490002,35.8380546239996,0,0.0,0.1895408002216552
test,140,normal_20260823_112843.csv,140,17920,18048,35.840054852999856,36.09405405799953,0,0.0,0.13178852953507136
test,141,normal_20260823_112843.csv,141,18048,18176,36.096059083,36.35005419499976,0,0.0,0.1735941731594132
test,142,normal_20260823_112843.csv,142,18176,18304,36.35205486799987,36.60605794099956,0,0.0,0.12222566401202377
test,143,normal_20260823_112843.csv,143,18304,18432,36.60805583699948,36.86205392800002,0,0.0,0.12147885174979696
test,144,normal_20260823_112843.csv,144,18432,18560,36.86405441700026,37.11805380399983,0,0.0,0.14869425062547234
test,145,normal_20260823_112843.csv,145,18560,18688,37.12005433000013,37.37405386399951,0,0.0,0.1440703258530259
test,146,normal_20260823_112843.csv,146,18688,18816,37.37605537199943,37.63005384899952,0,0.0,0.14494750917265953
test,147,normal_20260823_112843.csv,147,18816,18944,37.6320554670001,37.88605587100028,0,0.0,0.1488812702080414
test,148,normal_20260823_112843.csv,148,18944,19072,37.88805508199948,38.14205383700028,0,0.0,0.18632192015544882
test,149,normal_20260823_112843.csv,149,19072,19200,38.14405419600007,38.39805382099985,0,0.0,0.13725035164760513
test,150,normal_20260823_112843.csv,150,19200,19328,38.40005371699954,38.65405391500008,0,0.0,0.1631698079986421
test,151,normal_20260823_112843.csv,151,19328,19456,38.65605918100027,38.91005382299954,0,0.0,0.16940037040216863
test,152,normal_20260823_112843.csv,152,19456,19584,38.91205433100004,39.1660583060002,0,0.0,0.1632747631730679
test,153,normal_20260823_112843.csv,153,19584,19712,39.16805607199967,39.42205412099975,0,0.0,0.13624809897338727
test,154,normal_20260823_112843.csv,154,19712,19840,39.42406175799988,39.67805530500027,0,0.0,0.11571746536024041
test,155,normal_20260823_112843.csv,155,19840,19968,39.68005508999977,39.93405391499982,0,0.0,0.13994547883534367
test,156,normal_20260823_112843.csv,156,19968,20096,39.93605507000029,40.190054265999606,0,0.0,0.11962492778047078
test,157,normal_20260823_112843.csv,157,20096,20224,40.19205512499957,40.44605826299994,0,0.0,0.13377600478695192
test,158,normal_20260823_112843.csv,158,20224,20352,40.448055474000284,40.70205401899966,0,0.0,0.12768583915926612
test,159,normal_20260823_112843.csv,159,20352,20480,40.7040544700003,40.95805421899968,0,0.0,0.11833245806329869
test,160,normal_20260823_112843.csv,160,20480,20608,40.96005422599956,41.21405391999997,0,0.0,0.2013669290822322
test,161,normal_20260823_112843.csv,161,20608,20736,41.21605818599983,41.47005400699982,0,0.0,0.14909573066693582
test,162,normal_20260823_112843.csv,162,20736,20864,41.4720546439994,41.72605740899962,0,0.0,0.13577040328015264
test,163,normal_20260823_112843.csv,163,20864,20992,41.728055509000114,41.98205395900004,0,0.0,0.14277619302063313
test,164,normal_20260823_112843.csv,164,20992,21120,41.98405448499943,42.23805448999974,0,0.0,0.13858255132996344
test,165,normal_20260823_112843.csv,165,21120,21248,42.24005551600021,42.49405387200022,0,0.0,0.09889184942288531
test,166,normal_20260823_112843.csv,166,21248,21376,42.49605632299972,42.75005456799954,0,0.0,0.11365501197820434
test,167,normal_20260823_112843.csv,167,21376,21504,42.75205451900001,43.006057763999706,0,0.0,0.1324247114146977
test,168,normal_20260823_112843.csv,168,21504,21632,43.00805688199944,43.26205403399945,0,0.0,0.12722639108809805
test,169,normal_20260823_112843.csv,169,21632,21760,43.26405481799975,43.5180545610001,0,0.0,0.16653031793748121
test,170,normal_20260823_112843.csv,170,21760,21888,43.52005643800021,43.774053903000095,0,0.0,0.1528793541821077
test,171,normal_20260823_112843.csv,171,21888,22016,43.77605961300014,44.0300538370002,0,0.0,0.1524602456297149
test,172,normal_20260823_112843.csv,172,22016,22144,44.03205434400024,44.286054641999726,0,0.0,0.18051577373632974
test,173,normal_20260823_112843.csv,173,22144,22272,44.28805487099999,44.54205418499987,0,0.0,0.13872664751720945
test,174,normal_20260823_112843.csv,174,22272,22400,44.54405480300011,44.79805395099993,0,0.0,0.11763931588533127
test,175,normal_20260823_112843.csv,175,22400,22528,44.80005916099981,45.05405384599999,0,0.0,0.13128420567080568
test,176,normal_20260823_112843.csv,176,22528,22656,45.05605672299953,45.31005422199996,0,0.0,0.14487073987163293
test,177,normal_20260823_112843.csv,177,22656,22784,45.31205672899978,45.56605733699962,0,0.0,0.19121882748408295
test,178,normal_20260823_112843.csv,178,22784,22912,45.5680560109995,45.82205434200023,0,0.0,0.13399140418898034
test,179,normal_20260823_112843.csv,179,22912,23040,45.824054755999896,46.07805427099993,0,0.0,0.15605419636407233
test,180,normal_20260823_112843.csv,180,23040,23168,46.08005490799951,46.334054219999416,0,0.0,0.20480178567218696
test,181,normal_20260823_112843.csv,181,23168,23296,46.33605813400027,46.59005427699958,0,0.0,0.12566198467108847
test,182,normal_20260823_112843.csv,182,23296,23424,46.59205459900022,46.84606020499996,0,0.0,0.12368006283312531
test,183,normal_20260823_112843.csv,183,23424,23552,46.848058081999625,47.10205403999953,0,0.0,0.14929504863791054
test,184,normal_20260823_112843.csv,184,23552,23680,47.10405452800023,47.35805457799961,0,0.0,0.14331626283543378
test,185,normal_20260823_112843.csv,185,23680,23808,47.36005695599943,47.61405416999969,0,0.0,0.12219228927236285
test,186,normal_20260823_112843.csv,186,23808,23936,47.616057287999865,47.87005391099956,0,0.0,0.11578338968949471
test,187,normal_20260823_112843.csv,187,23936,24064,47.87205467700005,48.12605444699966,0,0.0,0.1735630783616197
test,188,normal_20260823_112843.csv,188,24064,24192,48.12805489899984,48.382053909000206,0,0.0,0.13546703535966387
test,189,normal_20260823_112843.csv,189,24192,24320,48.38405425000019,48.638055110000096,0,0.0,0.13017058834690012
test,190,normal_20260823_112843.csv,190,24320,24448,48.64005502500004,48.89405388599971,0,0.0,0.13380561163985658
test,191,normal_20260823_112843.csv,191,24448,24576,48.896055799999885,49.15005432699945,0,0.0,0.1383213899936638
test,192,normal_20260823_112843.csv,192,24576,24704,49.15205472300022,49.40607084200019,0,0.0,0.10365789710730174
test,193,normal_20260823_112843.csv,193,24704,24832,49.40805547899981,49.66205559700029,0,0.0,0.19507913636963967
test,194,normal_20260823_112843.csv,194,24832,24960,49.66405410399966,49.918054406999545,0,0.0,0.164581994362042
test,195,normal_20260823_112843.csv,195,24960,25088,49.92005467299987,50.17405397599941,0,0.0,0.14379421510416357
test,196,normal_20260823_112843.csv,196,25088,25216,50.17605787199955,50.43005421099952,0,0.0,0.15021034039279435
test,197,normal_20260823_112843.csv,197,25216,25344,50.43205477299944,50.68605796300017,0,0.0,0.14020724718077796
test,198,normal_20260823_112843.csv,198,25344,25472,50.68805693299964,50.9420540860001,0,0.0,0.1436632889531997
test,199,normal_20260823_112843.csv,199,25472,25600,50.944054870999935,51.19805470899973,0,0.0,0.12778373913565075
test,200,normal_20260823_112843.csv,200,25600,25728,51.20005514100012,51.454053940999984,0,0.0,0.11894233583983649
test,201,normal_20260823_112843.csv,201,25728,25856,51.45605678099946,51.71005430199966,0,0.0,0.16694311103873702
test,202,normal_20260823_112843.csv,202,25856,25984,51.712054550000175,51.96605446000012,0,0.0,0.1781180454029112
test,203,normal_20260823_112843.csv,203,25984,26112,51.96805467000013,52.22205420999944,0,0.0,0.1851660792274655
test,204,normal_20260823_112843.csv,204,26112,26240,52.22405480899943,52.47805451400018,0,0.0,0.14443453338466275
test,205,normal_20260823_112843.csv,205,26240,26368,52.48005546500008,52.734054224999454,0,0.0,0.12570465415604914
test,206,normal_20260823_112843.csv,206,26368,26496,52.73605815799965,52.99005399099951,0,0.0,0.13378450538736075
test,207,normal_20260823_112843.csv,207,26496,26624,52.99205488699954,53.24605772099949,0,0.0,0.13610155849806826
test,208,normal_20260823_112843.csv,208,26624,26752,53.24805624599958,53.50205394800014,0,0.0,0.13172550535787075
test,209,normal_20260823_112843.csv,209,26752,26880,53.50405456599947,53.75805786099954,0,0.0,0.13535085458916404
test,210,normal_20260823_112843.csv,210,26880,27008,53.76005534900014,54.01405403199988,0,0.0,0.18568441640092712
test,211,normal_20260823_112843.csv,211,27008,27136,54.01605750199997,54.27005414899941,0,0.0,0.11237312395444254
test,212,normal_20260823_112843.csv,212,27136,27264,54.27205487799984,54.52605729999959,0,0.0,0.13807891379737805
test,213,normal_20260823_112843.csv,213,27264,27392,54.52805580699987,54.782054153999525,0,0.0,0.13676955521357867
test,214,normal_20260823_112843.csv,214,27392,27520,54.78405455000029,55.03805386099975,0,0.0,0.13312607376597776
test,215,normal_20260823_112843.csv,215,27520,27648,55.04005495999991,55.29405399299958,0,0.0,0.16308558447304597
test,216,normal_20260823_112843.csv,216,27648,27776,55.29605507399992,55.55005380900002,0,0.0,0.09946972191718136
test,217,normal_20260823_112843.csv,217,27776,27904,55.55205479699998,55.80605743900014,0,0.0,0.173520801784107
test,218,normal_20260823_112843.csv,218,27904,28032,55.808057205000296,56.06205384700024,0,0.0,0.16178022039697973
test,219,normal_20260823_112843.csv,219,28032,28160,56.06405452099989,56.31805392200022,0,0.0,0.13739816385923323
test,220,normal_20260823_112843.csv,220,28160,28288,56.32005457699961,56.574053956999705,0,0.0,0.13280002858936898
test,221,normal_20260823_112843.csv,221,28288,28416,56.57605563099969,56.83005393700023,0,0.0,0.13887395846264106
test,222,normal_20260823_112843.csv,222,28416,28544,56.83205457399981,57.086057657999845,0,0.0,0.17668425181240402
test,223,normal_20260823_112843.csv,223,28544,28672,57.08805553499951,57.34205393399952,0,0.0,0.15188979332264788
test,224,normal_20260823_112843.csv,224,28672,28800,57.34405458899983,57.59805515199969,0,0.0,0.11468323178958932
test,225,normal_20260823_112843.csv,225,28800,28928,57.60005523299969,57.85405392699977,0,0.0,0.12965467824487156
test,226,normal_20260823_112843.csv,226,28928,29056,57.85605639599999,58.110054349000166,0,0.0,0.1514631270530058
test,227,normal_20260823_112843.csv,227,29056,29184,58.11205500399956,58.36605508499997,0,0.0,0.16586083586662959
test,228,normal_20260823_112843.csv,228,29184,29312,58.36805572199955,58.622054134999416,0,0.0,0.1709823741150193
test,229,normal_20260823_112843.csv,229,29312,29440,58.624054881999655,58.878054165999856,0,0.0,0.18538837634945615
test,230,normal_20260823_112843.csv,230,29440,29568,58.88005504299963,59.13405421599964,0,0.0,0.17208208023849134
test,231,normal_20260823_112843.csv,231,29568,29696,59.13605840800028,59.39005417199951,0,0.0,0.1303030000309778
test,232,normal_20260823_112843.csv,232,29696,29824,59.392054863999874,59.646056257000055,0,0.0,0.13412081789200614
test,233,normal_20260823_112843.csv,233,29824,29952,59.64805624499968,59.90205387900005,0,0.0,0.18454161891049617
test,234,anomaly_20260823_113819.csv,0,0,128,5.370002327254042e-07,0.2540562909998698,1,1.0,4.7692196320233124
test,235,anomaly_20260823_113819.csv,1,128,256,0.2560631440001089,0.5100547140000344,1,1.0,1.5545356936304087
test,236,anomaly_20260823_113819.csv,2,256,384,0.5120540120005899,0.7660575070003688,1,1.0,1.5028553804653484
test,237,anomaly_20260823_113819.csv,3,384,512,0.7680706190003548,1.022057744000449,1,1.0,0.9923533207123304
test,238,anomaly_20260823_113819.csv,4,512,640,1.024054301000433,1.2780567950003388,1,1.0,0.4998176714932523
test,239,anomaly_20260823_113819.csv,5,640,768,1.280054093000217,1.5340550139999325,1,1.0,1.1189937152668665
test,240,anomaly_20260823_113819.csv,6,768,896,1.5360544960003608,1.7900549539999702,1,1.0,0.9585097107748197
test,241,anomaly_20260823_113819.csv,7,896,1024,1.7920541960002083,2.046058875000199,1,1.0,0.4011410490979011
test,242,anomaly_20260823_113819.csv,8,1024,1152,2.048054580000098,2.302054685000257,1,1.0,0.5187078489360909
test,243,anomaly_20260823_113819.csv,9,1152,1280,2.30405394599984,2.558056495000528,1,1.0,0.1712489090942313
test,244,anomaly_20260823_113819.csv,10,1280,1408,2.560054219000449,2.814055157000439,1,1.0,0.15903083370220225
test,245,anomaly_20260823_113819.csv,11,1408,1536,2.8160582509999585,3.070055447999948,1,1.0,0.46585878969654154
test,246,anomaly_20260823_113819.csv,12,1536,1664,3.072054615000525,3.3260571090004305,1,1.0,3.728751083457771
test,247,anomaly_20260823_113819.csv,13,1664,1792,3.3280581650005843,3.5820551960005105,1,1.0,11.132624561897282
test,248,anomaly_20260823_113819.csv,14,1792,1920,3.584054140999797,3.8380559120005273,1,1.0,14.781348757574733
test,249,anomaly_20260823_113819.csv,15,1920,2048,3.8400542099998334,4.0940546649999305,1,1.0,17.525047326848256
test,250,anomaly_20260823_113819.csv,16,2048,2176,4.096057665999979,4.350054844000624,1,1.0,8.844228570729115
test,251,anomaly_20260823_113819.csv,17,2176,2304,4.352053845000228,4.606058152000514,1,1.0,2.392098650636115
test,252,anomaly_20260823_113819.csv,18,2304,2432,4.608054467999864,4.862055145999875,1,1.0,0.28848108333259
test,253,anomaly_20260823_113819.csv,19,2432,2560,4.864054202000261,5.118056027000421,1,1.0,0.31164745732527876
test,254,anomaly_20260823_113819.csv,20,2560,2688,5.12005404699994,5.3740548719997605,1,1.0,1.1221100593413855
test,255,anomaly_20260823_113819.csv,21,2688,2816,5.376056836000316,5.630055198000264,1,1.0,3.9945709260646254
test,256,anomaly_20260823_113819.csv,22,2816,2944,5.632054181000058,5.8860584869999,1,1.0,9.918211048294324
test,257,anomaly_20260823_113819.csv,23,2944,3072,5.888054451000244,6.142054368000572,1,1.0,14.469698284054175
test,258,anomaly_20260823_113819.csv,24,3072,3200,6.144054184000197,6.398055063999891,1,1.0,16.26884812983432
test,259,anomaly_20260823_113819.csv,25,3200,3328,6.400054010000531,6.654055445000267,1,1.0,15.410457709261513
test,260,anomaly_20260823_113819.csv,26,3328,3456,6.656055835000188,6.910054769999988,1,1.0,18.047002286579907
test,261,anomaly_20260823_113819.csv,27,3456,3584,6.912053918999845,7.166065020000133,1,1.0,21.819085320622737
test,262,anomaly_20260823_113819.csv,28,3584,3712,7.168056002999947,7.422053086000233,1,1.0,23.861257436719217
test,263,anomaly_20260823_113819.csv,29,3712,3840,7.424052920000577,7.678053614000419,1,1.0,27.74619711819105
test,264,anomaly_20260823_113819.csv,30,3840,3968,7.680052634000276,7.93405317900033,1,1.0,29.10668783726093
test,265,anomaly_20260823_113819.csv,31,3968,4096,7.93605284700061,8.190052984000431,1,1.0,31.7740376565683
test,266,anomaly_20260823_113819.csv,32,4096,4224,8.192052651999802,8.446053605000088,1,1.0,34.49319117503668
test,267,anomaly_20260823_113819.csv,33,4224,4352,8.448052550000284,8.702053095000338,1,1.0,40.178335884644184
test,268,anomaly_20260823_113819.csv,34,4352,4480,8.70405259600011,8.958053418000418,1,1.0,43.2655816268707
test,269,anomaly_20260823_113819.csv,35,4480,4608,8.960052604999873,9.214053186000456,1,1.0,29.5853970622605
test,270,anomaly_20260823_113819.csv,36,4608,4736,9.216052816999763,9.470053064999776,1,1.0,9.539021075214501
test,271,anomaly_20260823_113819.csv,37,4736,4864,9.47205260300052,9.726054536000447,1,1.0,0.3002659833475123
test,272,anomaly_20260823_113819.csv,38,4864,4992,9.728052573999776,9.982053266000548,1,1.0,0.9419492079649668
test,273,anomaly_20260823_113819.csv,39,4992,5120,9.984052599999814,10.238054403000206,1,1.0,1.627591449551095
test,274,anomaly_20260823_113819.csv,40,5120,5248,10.240052699999978,10.494052596000074,1,1.0,4.909189090011531
test,275,anomaly_20260823_113819.csv,41,5248,5376,10.496052782000334,10.750053177000154,1,1.0,1.6587802395036189
test,276,anomaly_20260823_113819.csv,42,5376,5504,10.752052771000308,11.006053906000488,1,1.0,8.88469224109655
test,277,anomaly_20260823_113819.csv,43,5504,5632,11.008052592999777,11.262053024000124,1,1.0,9.422794307866903
test,278,anomaly_20260823_113819.csv,44,5632,5760,11.264052581000216,11.51806410500012,1,1.0,6.157191957167321
test,279,anomaly_20260823_113819.csv,45,5760,5888,11.520054458000232,11.774053019000348,1,1.0,6.712117420685369
test,280,anomaly_20260823_113819.csv,46,5888,6016,11.77605289100029,12.030053247000067,1,1.0,10.520135599148242
test,281,anomaly_20260823_113819.csv,47,6016,6144,12.032052618999842,12.28605551200053,1,1.0,8.117067678802414
test,282,anomaly_20260823_113819.csv,48,6144,6272,12.288054143000409,12.542054593000104,1,1.0,7.130290813933395
test,283,anomaly_20260823_113819.csv,49,6272,6400,12.544054038000468,12.79805500600014,1,1.0,7.681233850445412
test,284,anomaly_20260823_113819.csv,50,6400,6528,12.800053803000084,13.054054344000178,1,1.0,5.294791332328789
test,285,anomaly_20260823_113819.csv,51,6528,6656,13.056054957000017,13.310055257000386,1,1.0,5.226745092886953
test,286,anomaly_20260823_113819.csv,52,6656,6784,13.312053925000328,13.56605613300053,1,1.0,1.2570872859475088
test,287,anomaly_20260823_113819.csv,53,6784,6912,13.568053949000388,13.822054600999763,1,1.0,5.641815815477457
test,288,anomaly_20260823_113819.csv,54,6912,7040,13.824053880000063,14.078054735000478,1,1.0,2.5723901356200827
test,289,anomaly_20260823_113819.csv,55,7040,7168,14.080055272999743,14.334054257999924,1,1.0,1.9655446266085999
test,290,anomaly_20260823_113819.csv,56,7168,7296,14.336055796000435,14.590054688000237,1,1.0,5.668734685536247
test,291,anomaly_20260823_113819.csv,57,7296,7424,14.592053930000477,14.846061637000275,1,1.0,1.7367926047947815
test,292,anomaly_20260823_113819.csv,58,7424,7552,14.84805587899973,15.102054752000186,1,1.0,2.379212013453166
test,293,anomaly_20260823_113819.csv,59,7552,7680,15.10405388199979,15.358059236999908,1,1.0,2.0247933365969892
test,294,anomaly_20260823_113819.csv,60,7680,7808,15.360054997000589,15.614054796000346,1,1.0,1.2243032128599036
test,295,anomaly_20260823_113819.csv,61,7808,7936,15.616054482000436,15.870054799000172,1,1.0,1.0077937826076402
test,296,anomaly_20260823_113819.csv,62,7936,8064,15.87205391200041,16.12606130200038,1,1.0,3.402643078372023
test,297,anomaly_20260823_113819.csv,63,8064,8192,16.128058154999962,16.382054675999825,1,1.0,2.5833362423892083
test,298,anomaly_20260823_113819.csv,64,8192,8320,16.384053935999873,16.63805579000018,1,1.0,3.833758054746871
test,299,anomaly_20260823_113819.csv,65,8320,8448,16.640054309000334,16.894054811000387,1,1.0,5.139073660986128
test,300,anomaly_20260823_113819.csv,66,8448,8576,16.89605773800031,17.15005701700011,1,1.0,4.452101415189209
test,301,anomaly_20260823_113819.csv,67,8576,8704,17.15205427700039,17.406060000000252,1,1.0,6.439285062631522
test,302,anomaly_20260823_113819.csv,68,8704,8832,17.40805426099996,17.66205478000029,1,1.0,5.863363522034054
test,303,anomaly_20260823_113819.csv,69,8832,8960,17.664053911000337,17.918055430000095,1,1.0,4.266609408049723
test,304,anomaly_20260823_113819.csv,70,8960,9088,17.920053968000502,18.174055616999794,1,1.0,5.601997965675726
test,305,anomaly_20260823_113819.csv,71,9088,9216,18.17605658100001,18.43005478499981,1,1.0,7.283297259810354
test,306,anomaly_20260823_113819.csv,72,9216,9344,18.43205393400057,18.686058194,1,1.0,10.152614269516208
test,307,anomaly_20260823_113819.csv,73,9344,9472,18.68805439800053,18.94205482400048,1,1.0,4.358554604065662
test,308,anomaly_20260823_113819.csv,74,9472,9600,18.944053844000337,19.19805569500022,1,1.0,3.014515347356943
test,309,anomaly_20260823_113819.csv,75,9600,9728,19.20005393700012,19.45405491800011,1,1.0,4.921303604660845
test,310,anomaly_20260823_113819.csv,76,9728,9856,19.45605753000018,19.710054936999768,1,1.0,9.184201218146086
test,311,anomaly_20260823_113819.csv,77,9856,9984,19.71205419800026,19.96605823400023,1,1.0,5.331710128203326
test,312,anomaly_20260823_113819.csv,78,9984,10112,19.968054087000382,20.22205773299993,1,1.0,2.1988585454339877
test,313,anomaly_20260823_113819.csv,79,10112,10240,20.224053826999807,20.47805515900017,1,1.0,0.4208020691737013
test,314,anomaly_20260823_113819.csv,80,10240,10368,20.4800539200005,20.73405465900032,1,1.0,0.29770136232844874
test,315,anomaly_20260823_113819.csv,81,10368,10496,20.736058344999947,20.990055066000423,1,1.0,0.30543685996031983
test,316,anomaly_20260823_113819.csv,82,10496,10624,20.99205414100016,21.24605754599997,1,1.0,0.6723447912578132
test,317,anomaly_20260823_113819.csv,83,10624,10752,21.248053991999768,21.502056009000626,1,1.0,6.698434779166997
test,318,anomaly_20260823_113819.csv,84,10752,10880,21.50405404699996,21.758055952000177,1,1.0,1.008607875249852
test,319,anomaly_20260823_113819.csv,85,10880,11008,21.7600542500004,22.014054469000257,1,1.0,0.6000259164544014
test,320,anomaly_20260823_113819.csv,86,11008,11136,22.01605800700053,22.27005617099985,1,1.0,0.7557384002477868
test,321,anomaly_20260823_113819.csv,87,11136,11264,22.2720539689999,22.52605568800027,1,1.0,0.8417612907825666
test,322,anomaly_20260823_113819.csv,88,11264,11392,22.528053910999915,22.782054760999927,1,1.0,3.5387647864182132
test,323,anomaly_20260823_113819.csv,89,11392,11520,22.784055076000183,23.03805546200056,1,1.0,5.637676579687436
test,324,anomaly_20260823_113819.csv,90,11520,11648,23.04005400000005,23.294054460000552,1,1.0,1.1969381243803074
test,325,anomaly_20260823_113819.csv,91,11648,11776,23.29605457199977,23.55005534600059,1,1.0,1.2972966578051341
test,326,anomaly_20260823_113819.csv,92,11776,11904,23.5520543470002,23.806059547000583,1,1.0,4.913887919828487
test,327,anomaly_20260823_113819.csv,93,11904,12032,23.80805445599981,24.062055043999862,1,1.0,9.107614266364891
test,328,anomaly_20260823_113819.csv,94,12032,12160,24.064054211999974,24.31805518900001,1,1.0,14.932096765955636
test,329,anomaly_20260823_113819.csv,95,12160,12288,24.32005396800014,24.57405494500017,1,1.0,10.278022727639913
test,330,anomaly_20260823_113819.csv,96,12288,12416,24.57605816900013,24.83005516400044,1,1.0,6.901717559045291
test,331,anomaly_20260823_113819.csv,97,12416,12544,24.83205420200011,25.08607430899974,1,1.0,3.7614992956418547
test,332,anomaly_20260823_113819.csv,98,12544,12672,25.088054236000065,25.342054675000327,1,1.0,4.8174735226122465
test,333,anomaly_20260823_113819.csv,99,12672,12800,25.34405401000004,25.59805591199984,1,1.0,2.1496754124613098
test,334,anomaly_20260823_113819.csv,100,12800,12928,25.600054227999863,25.85405616699973,1,1.0,1.4969122752813604
test,335,anomaly_20260823_113819.csv,101,12928,13056,25.8560579089999,26.110054663000483,1,1.0,5.234574964135542
test,336,anomaly_20260823_113819.csv,102,13056,13184,26.112053996999748,26.36607182500029,1,1.0,5.606955629497658
test,337,anomaly_20260823_113819.csv,103,13184,13312,26.368058085000484,26.622054709000626,1,1.0,8.023523151286346
test,338,anomaly_20260823_113819.csv,104,13312,13440,26.624053876999824,26.878056223000385,1,1.0,5.013081473086193
test,339,anomaly_20260823_113819.csv,105,13440,13568,26.880054371999904,27.13405549500021,1,1.0,7.4274938948435745
test,340,anomaly_20260823_113819.csv,106,13568,13696,27.13606240399986,27.39005478600029,1,1.0,6.476321625050407
test,341,anomaly_20260823_113819.csv,107,13696,13824,27.39205388000028,27.646055447000435,1,1.0,4.994228173397384
test,342,anomaly_20260823_113819.csv,108,13824,13952,27.648054226000568,27.90205523799977,1,1.0,5.401179013938266
test,343,anomaly_20260823_113819.csv,109,13952,14080,27.904054220000035,28.158056880000004,1,1.0,8.065349954310951
test,344,anomaly_20260823_113819.csv,110,14080,14208,28.160054159000538,28.41405461500017,1,1.0,9.914149047202343
test,345,anomaly_20260823_113819.csv,111,14208,14336,28.41605735600024,28.670055034000143,1,1.0,16.783006301946184
test,346,anomaly_20260823_113819.csv,112,14336,14464,28.672054480000043,28.92605565699978,1,1.0,18.6846431789394
test,347,anomaly_20260823_113819.csv,113,14464,14592,28.928053899000588,29.182055150999982,1,1.0,16.519533122576274
test,348,anomaly_20260823_113819.csv,114,14592,14720,29.18406205900009,29.438055661999897,1,1.0,2.291219919661963
test,349,anomaly_20260823_113819.csv,115,14720,14848,29.44005394099986,29.69405534100042,1,1.0,1.712170891447555
test,350,anomaly_20260823_113819.csv,116,14848,14976,29.69606189700061,29.9500551480005,1,1.0,1.958146592962488
test,351,anomaly_20260823_113819.csv,117,14976,15104,29.952053926999724,30.20605777000037,1,1.0,2.187511051163483
test,352,anomaly_20260823_113819.csv,118,15104,15232,30.2080543080001,30.46205563300009,1,1.0,3.0900132263582223
test,353,anomaly_20260823_113819.csv,119,15232,15360,30.46405398600018,30.71805519999998,1,1.0,1.4993865056220532
test,354,anomaly_20260823_113819.csv,120,15360,15488,30.72005407100005,30.97405450600036,1,1.0,2.0456495732863154
test,355,anomaly_20260823_113819.csv,121,15488,15616,30.976057562999813,31.230055516,1,1.0,1.6547611423555668
test,356,anomaly_20260823_113819.csv,122,15616,15744,31.232053906000147,31.48605747100009,1,1.0,4.992133883033337
test,357,anomaly_20260823_113819.csv,123,15744,15872,31.488054417000058,31.7420544810002,1,1.0,3.6212789712690117
test,358,anomaly_20260823_113819.csv,124,15872,16000,31.74405396400016,31.998055435000424,1,1.0,7.671581114617947
test,359,anomaly_20260823_113819.csv,125,16000,16128,32.000053898999795,32.25405472300008,1,1.0,10.833238756772005
test,360,anomaly_20260823_113819.csv,126,16128,16256,32.25606014999994,32.51005447300031,1,1.0,5.629329855447797
test,361,anomaly_20260823_113819.csv,127,16256,16384,32.51205388100061,32.76605774100062,1,1.0,5.635042062982079
test,362,anomaly_20260823_113819.csv,128,16384,16512,32.76805439100008,33.02205526899979,1,1.0,8.034597251063493
test,363,anomaly_20260823_113819.csv,129,16512,16640,33.0240539360002,33.27805648100002,1,1.0,9.300527255096831
test,364,anomaly_20260823_113819.csv,130,16640,16768,33.28005400100028,33.53405458199995,1,1.0,4.419197605410517
test,365,anomaly_20260823_113819.csv,131,16768,16896,33.53605782399973,33.79005460999997,1,1.0,1.5996446254090817
test,366,anomaly_20260823_113819.csv,132,16896,17024,33.792053944000145,34.04605367299973,1,1.0,3.9858116277532645
test,367,anomaly_20260823_113819.csv,133,17024,17152,34.04805291499997,34.30205307000051,1,1.0,5.046435163233639
test,368,anomaly_20260823_113819.csv,134,17152,17280,34.30405260800035,34.55805383700044,1,1.0,2.966047178193861
test,369,anomaly_20260823_113819.csv,135,17280,17408,34.56005274600011,34.81405302999974,1,1.0,3.0801627054027514
test,370,anomaly_20260823_113819.csv,136,17408,17536,34.81605506899996,35.07005335299982,1,1.0,3.1169932746468447
test,371,anomaly_20260823_113819.csv,137,17536,17664,35.07205263100059,35.32605685999988,1,1.0,6.654448213903038
test,372,anomaly_20260823_113819.csv,138,17664,17792,35.32805358299993,35.58205284900032,1,1.0,4.691055228556363
test,373,anomaly_20260823_113819.csv,139,17792,17920,35.584052905000135,35.83805381900038,1,1.0,3.7946293198727603
test,374,anomaly_20260823_113819.csv,140,17920,18048,35.84005267199973,36.09405336200052,1,1.0,4.769169251607688
test,375,anomaly_20260823_113819.csv,141,18048,18176,36.096055066999725,36.350053443000434,1,1.0,6.385702436364075
test,376,anomaly_20260823_113819.csv,142,18176,18304,36.35205268499976,36.60605406000013,1,1.0,4.703595667459884
test,377,anomaly_20260823_113819.csv,143,18304,18432,36.60805263600014,36.86205291900024,1,1.0,6.335252232280051
test,378,anomaly_20260823_113819.csv,144,18432,18560,36.86405262300013,37.11805694299983,1,1.0,3.3771352734714397
test,379,anomaly_20260823_113819.csv,145,18560,18688,37.12005362899981,37.37405524499991,1,1.0,0.9682390109962572
test,380,anomaly_20260823_113819.csv,146,18688,18816,37.37605504200019,37.63005341700045,1,1.0,0.5949558990207967
test,381,anomaly_20260823_113819.csv,147,18816,18944,37.632052695999846,37.88605499700043,1,1.0,0.35259935664767283
test,382,anomaly_20260823_113819.csv,148,18944,19072,37.88805279400003,38.14205261300049,1,1.0,0.3310044174270814
test,383,anomaly_20260823_113819.csv,149,19072,19200,38.14405281800009,38.39805387800061,1,1.0,0.38538210556415997
test,384,anomaly_20260823_113819.csv,150,19200,19328,38.40005274899977,38.65405342000031,1,1.0,1.9507094632723845
test,385,anomaly_20260823_113819.csv,151,19328,19456,38.65605280999989,38.91005312800007,1,1.0,2.1155491893493448
test,386,anomaly_20260823_113819.csv,152,19456,19584,38.91205266599991,39.1660635950002,1,1.0,0.6637134634949788
test,387,anomaly_20260823_113819.csv,153,19584,19712,39.16805637400012,39.42205428499983,1,1.0,0.607458556323877
test,388,anomaly_20260823_113819.csv,154,19712,19840,39.42405415600024,39.67805582599976,1,1.0,2.5774682548763423
test,389,anomaly_20260823_113819.csv,155,19840,19968,39.68005440100024,39.93405455199991,1,1.0,1.553056137363798
test,390,anomaly_20260823_113819.csv,156,19968,20096,39.93605875699996,40.190055351999945,1,1.0,0.32001275920128336
test,391,anomaly_20260823_113819.csv,157,20096,20224,40.192054298000585,40.44605526299984,1,1.0,0.3070294626867405
test,392,anomaly_20260823_113819.csv,158,20224,20352,40.44805393099978,40.702069674000086,1,1.0,0.5041344232964975
test,393,anomaly_20260823_113819.csv,159,20352,20480,40.704054324000026,40.95805597399976,1,1.0,0.7038616987346149
test,394,anomaly_20260823_113819.csv,160,20480,20608,40.960054271000445,41.21405458800018,1,1.0,1.16589497935171
test,395,anomaly_20260823_113819.csv,161,20608,20736,41.21605770000042,41.47005475700007,1,1.0,2.0738079652758628
test,396,anomaly_20260823_113819.csv,162,20736,20864,41.47205409199978,41.72605800099973,1,1.0,1.955923191254423
test,397,anomaly_20260823_113819.csv,163,20864,20992,41.7280543349998,41.98205476299973,1,1.0,1.7257302517214637
test,398,anomaly_20260823_113819.csv,164,20992,21120,41.98405420800009,42.23805654300031,1,1.0,2.0095888106623696
test,399,anomaly_20260823_113819.csv,165,21120,21248,42.24005426599979,42.49405471099999,1,1.0,1.0452944442248793
test,400,anomaly_20260823_113819.csv,166,21248,21376,42.4960576200001,42.750055121000514,1,1.0,1.0334756375776724
test,401,anomaly_20260823_113819.csv,167,21376,21504,42.75205436299984,43.00605641899983,1,1.0,1.0092825839815254
test,402,anomaly_20260823_113819.csv,168,21504,21632,43.008054198000536,43.26205503100027,1,1.0,1.427535216082828
test,403,anomaly_20260823_113819.csv,169,21632,21760,43.264053977,43.51805732899993,1,1.0,2.422696610592311
test,404,anomaly_20260823_113819.csv,170,21760,21888,43.52005558900055,43.77405505299976,1,1.0,6.305549290089402
test,405,anomaly_20260823_113819.csv,171,21888,22016,43.77605840599972,44.03005518300051,1,1.0,8.921699070798544
test,406,anomaly_20260823_113819.csv,172,22016,22144,44.03205414700005,44.28605586899994,1,1.0,19.26463838645668
test,407,anomaly_20260823_113819.csv,173,22144,22272,44.288053889000366,44.54205868500048,1,1.0,11.66297054135066
test,408,anomaly_20260823_113819.csv,174,22272,22400,44.54405572300038,44.798055222000585,1,1.0,0.8634222652423619
test,409,anomaly_20260823_113819.csv,175,22400,22528,44.800054112,45.05405494499973,1,1.0,0.23283894179058665
test,410,anomaly_20260823_113819.csv,176,22528,22656,45.05605461200048,45.31005481500051,1,1.0,0.651511946068581
test,411,anomaly_20260823_113819.csv,177,22656,22784,45.312053983000624,45.56605746300011,1,1.0,1.851494133306583
test,412,anomaly_20260823_113819.csv,178,22784,22912,45.56805422300022,45.82205501800036,1,1.0,4.197556197112438
test,413,anomaly_20260823_113819.csv,179,22912,23040,45.82405422300053,46.07805412900052,1,1.0,0.7988144313435702
test,414,anomaly_20260823_113819.csv,180,23040,23168,46.08006179699987,46.334054701999776,1,1.0,0.2035065414948618
test,415,anomaly_20260823_113819.csv,181,23168,23296,46.33605611100029,46.590055516000575,1,1.0,0.4825444431518302
test,416,anomaly_20260823_113819.csv,182,23296,23424,46.592054239999925,46.84605790400019,1,1.0,1.4883600495904996
test,417,anomaly_20260823_113819.csv,183,23424,23552,46.84805410900026,47.10205501400014,1,1.0,2.7411117681675328
test,418,anomaly_20260823_113819.csv,184,23552,23680,47.10405395900034,47.358061124000415,1,1.0,1.7312983145041023
test,419,anomaly_20260823_113819.csv,185,23680,23808,47.360055365000335,47.61405477000062,1,1.0,0.2442635610743055
test,420,anomaly_20260823_113819.csv,186,23808,23936,47.6160574380001,47.87005506500009,1,1.0,0.1848124160273984
test,421,anomaly_20260823_113819.csv,187,23936,24064,47.87205399200048,48.12605626700042,1,1.0,1.0216086807090694
test,422,anomaly_20260823_113819.csv,188,24064,24192,48.1280721940002,48.38205463499981,1,1.0,7.413422629279931
test,423,anomaly_20260823_113819.csv,189,24192,24320,48.38405398800023,48.63805557700016,1,1.0,10.734955149998314
test,424,anomaly_20260823_113819.csv,190,24320,24448,48.640054282000165,48.89405520400032,1,1.0,11.238288918020165
test,425,anomaly_20260823_113819.csv,191,24448,24576,48.89605826099978,49.15005566400032,1,1.0,9.477375107413287
test,426,anomaly_20260823_113819.csv,192,24576,24704,49.15205396200054,49.406055901999935,1,1.0,9.780972571917422
test,427,anomaly_20260823_113819.csv,193,24704,24832,49.408053959000426,49.66205499199987,1,1.0,11.653495025435404
test,428,anomaly_20260823_113819.csv,194,24832,24960,49.66405417799979,49.91805558099986,1,1.0,8.010203002168168
test,429,anomaly_20260823_113819.csv,195,24960,25088,49.92005443400012,50.17405494800005,1,1.0,0.7472692335977248
test,430,anomaly_20260823_113819.csv,196,25088,25216,50.17605678300061,50.43005477800034,1,1.0,0.9935139692122945
test,431,anomaly_20260823_113819.csv,197,25216,25344,50.4320539270002,50.686058496999976,1,1.0,0.779849189921824
test,432,anomaly_20260823_113819.csv,198,25344,25472,50.68805447900013,50.942054900000585,1,1.0,0.23171148143512563
test,433,anomaly_20260823_113819.csv,199,25472,25600,50.94408919699981,51.19805650699982,1,1.0,0.2187841460116989
test,434,anomaly_20260823_113819.csv,200,25600,25728,51.200054452000586,51.45405463200041,1,1.0,0.2308790683006651
test,435,anomaly_20260823_113819.csv,201,25728,25856,51.456057725999926,51.71005510899977,1,1.0,0.5198093811895378
test,436,anomaly_20260823_113819.csv,202,25856,25984,51.71205437000026,51.96605775300032,1,1.0,0.354706974111636
test,437,anomaly_20260823_113819.csv,203,25984,26112,51.96805419800057,52.222054822000246,1,1.0,0.3344848991341494
test,438,anomaly_20260823_113819.csv,204,26112,26240,52.2240539710001,52.47805566900024,1,1.0,0.3582011965792186
test,439,anomaly_20260823_113819.csv,205,26240,26368,52.48005387300054,52.73405468200053,1,1.0,0.4619625996191606
test,440,anomaly_20260823_113819.csv,206,26368,26496,52.736058090999904,52.99005556600059,1,1.0,0.4204303426755847
test,441,anomaly_20260823_113819.csv,207,26496,26624,52.99205436300053,53.246061689999806,1,1.0,0.8704632394114734
test,442,anomaly_20260823_113819.csv,208,26624,26752,53.24805533900053,53.50205472100061,1,1.0,2.249064902343927
test,443,anomaly_20260823_113819.csv,209,26752,26880,53.50405387000046,53.75806914100031,1,1.0,10.847298193868482
test,444,anomaly_20260823_113819.csv,210,26880,27008,53.76005428999997,54.014054893999855,1,1.0,20.275523884039405
test,445,anomaly_20260823_113819.csv,211,27008,27136,54.01605739499973,54.27005536900015,1,1.0,20.97501175381088
test,446,anomaly_20260823_113819.csv,212,27136,27264,54.27205398099977,54.52605523300008,1,1.0,20.88157143417872
test,447,anomaly_20260823_113819.csv,213,27264,27392,54.52805399299996,54.78205455999978,1,1.0,20.735005924404202
test,448,anomaly_20260823_113819.csv,214,27392,27520,54.78405395000027,55.03805605300022,1,1.0,20.015005848690635
test,449,anomaly_20260823_113819.csv,215,27520,27648,55.04005453500031,55.29405543499979,1,1.0,20.076287160537806
test,450,anomaly_20260823_113819.csv,216,27648,27776,55.29605758399976,55.55005455700029,1,1.0,18.348662869340234
test,451,anomaly_20260823_113819.csv,217,27776,27904,55.55205390999981,55.80605767999987,1,1.0,10.320567404226798
test,452,anomaly_20260823_113819.csv,218,27904,28032,55.80805410700032,56.06205491299988,1,1.0,4.176600220986681
test,453,anomaly_20260823_113819.csv,219,28032,28160,56.06405415400059,56.31805560900011,1,1.0,1.5199084552758109
test,454,anomaly_20260823_113819.csv,220,28160,28288,56.32005405400014,56.57405387900053,1,1.0,0.22804378046584248
test,455,anomaly_20260823_113819.csv,221,28288,28416,56.576057676000346,56.83005525899989,1,1.0,0.7470527318687505
test,456,anomaly_20260823_113819.csv,222,28416,28544,56.8320542420006,57.0860595840004,1,1.0,1.3080300515917938
test,457,anomaly_20260823_113819.csv,223,28544,28672,57.0880545480004,57.34205459399982,1,1.0,1.83706459012564
test,458,anomaly_20260823_113819.csv,224,28672,28800,57.34405385500031,57.59805567800049,1,1.0,0.3072028672506389
test,459,anomaly_20260823_113819.csv,225,28800,28928,57.60005425300005,57.85405472500042,1,1.0,0.2901664568948335
test,460,anomaly_20260823_113819.csv,226,28928,29056,57.8560570970003,58.11005492000004,1,1.0,1.38327242609959
test,461,anomaly_20260823_113819.csv,227,29056,29184,58.11205386500024,58.36605637299999,1,1.0,1.4241100146180468
test,462,anomaly_20260823_113819.csv,228,29184,29312,58.36805409699991,58.62205471600009,1,1.0,1.6063863477847196
test,463,anomaly_20260823_113819.csv,229,29312,29440,58.62405414299974,58.8780557250002,1,1.0,1.7783486642703454
test,464,anomaly_20260823_113819.csv,230,29440,29568,58.88005435600007,59.13405575199977,1,1.0,1.011207518231951
test,465,anomaly_20260823_113819.csv,231,29568,29696,59.13606297499973,59.39005702000031,1,1.0,1.216040744042137
test,466,anomaly_20260823_113819.csv,232,29696,29824,59.392053872999895,59.64605821399982,1,1.0,1.2809656549596475
test,467,anomaly_20260823_113819.csv,233,29824,29952,59.64805441899989,59.902055204000135,1,1.0,0.6875377274584148
test,468,anomaly_20260823_114124.csv,0,0,128,3.8899997889529924e-07,0.254055022999637,1,1.0,2.4948959123130408
test,469,anomaly_20260823_114124.csv,1,128,256,0.2560530229993674,0.5100526009991881,1,1.0,1.6250173457635053
test,470,anomaly_20260823_114124.csv,2,256,384,0.5120526389991937,0.7660538469999665,1,1.0,1.7157429138001135
test,471,anomaly_20260823_114124.csv,3,384,512,0.7680529579993163,1.0220526469993274,1,1.0,2.129715565441983
test,472,anomaly_20260823_114124.csv,4,512,640,1.0240568139997777,1.2780530029995134,1,1.0,1.6328871556762767
test,473,anomaly_20260823_114124.csv,5,640,768,1.2800546519993077,1.5340541929999745,1,1.0,1.33549806218683
test,474,anomaly_20260823_114124.csv,6,768,896,1.536052767000001,1.7900538819994836,1,1.0,1.0826448013372765
test,475,anomaly_20260823_114124.csv,7,896,1024,1.7920540669992988,2.0460559779994583,1,1.0,1.3688476630334492
test,476,anomaly_20260823_114124.csv,8,1024,1152,2.0480547189999925,2.3020540369998344,1,1.0,1.712363606932006
test,477,anomaly_20260823_114124.csv,9,1152,1280,2.3040606119993754,2.5580540409991954,1,1.0,2.657214802927077
test,478,anomaly_20260823_114124.csv,10,1280,1408,2.560054133999984,2.8140598779991706,1,1.0,1.993449353982361
test,479,anomaly_20260823_114124.csv,11,1408,1536,2.8160562109997045,3.07005412199942,1,1.0,3.3176409520129178
test,480,anomaly_20260823_114124.csv,12,1536,1664,3.072054584999933,3.3260542169991822,1,1.0,4.588156077095239
test,481,anomaly_20260823_114124.csv,13,1664,1792,3.3280543099999704,3.58205442399958,1,1.0,3.472376587558889
test,482,anomaly_20260823_114124.csv,14,1792,1920,3.584059145999163,3.838054055999237,1,1.0,0.20609007163551563
test,483,anomaly_20260823_114124.csv,15,1920,2048,3.840054037999834,4.094059317999381,1,1.0,0.25292365349322665
test,484,anomaly_20260823_114124.csv,16,2048,2176,4.09605517,4.350053820999165,1,1.0,1.0653682466616867
test,485,anomaly_20260823_114124.csv,17,2176,2304,4.352053894999699,4.606067267999606,1,1.0,0.3405446876849396
test,486,anomaly_20260823_114124.csv,18,2304,2432,4.608053971999652,4.862053844000002,1,1.0,0.31543240553870006
test,487,anomaly_20260823_114124.csv,19,2432,2560,4.864059788999839,5.118054234999363,1,1.0,1.5059935474256392
test,488,anomaly_20260823_114124.csv,20,2560,2688,5.120054345999961,5.374070514999403,1,1.0,4.245573134583187
test,489,anomaly_20260823_114124.csv,21,2688,2816,5.37605562599947,5.630054108999502,1,1.0,8.403128621032616
test,490,anomaly_20260823_114124.csv,22,2816,2944,5.632058127999699,5.886054665999836,1,1.0,7.171256541526721
test,491,anomaly_20260823_114124.csv,23,2944,3072,5.888054332999673,6.142054222999832,1,1.0,4.84878965987203
test,492,anomaly_20260823_114124.csv,24,3072,3200,6.144067352999628,6.398057298999447,1,1.0,3.5518356675920586
test,493,anomaly_20260823_114124.csv,25,3200,3328,6.400054243999875,6.654061447999993,1,1.0,5.815940087006311
test,494,anomaly_20260823_114124.csv,26,3328,3456,6.656055244999152,6.910054708999269,1,1.0,7.290012944221114
test,495,anomaly_20260823_114124.csv,27,3456,3584,6.912054004999845,7.166053801999624,1,1.0,5.862554782277546
test,496,anomaly_20260823_114124.csv,28,3584,3712,7.168053913999756,7.422054024999852,1,1.0,5.342692999367955
test,497,anomaly_20260823_114124.csv,29,3712,3840,7.424061247999816,7.678054266999425,1,1.0,3.455153133248359
test,498,anomaly_20260823_114124.csv,30,3840,3968,7.680054359999303,7.934059896999315,1,1.0,4.574512935220828
test,499,anomaly_20260823_114124.csv,31,3968,4096,7.93605558299987,8.190058952999607,1,1.0,4.671812029204207
test,500,anomaly_20260823_114124.csv,32,4096,4224,8.192055230999358,8.446054397999433,1,1.0,4.351641978605055
test,501,anomaly_20260823_114124.csv,33,4224,4352,8.448054360999777,8.702054064999174,1,1.0,4.64946067422026
test,502,anomaly_20260823_114124.csv,34,4352,4480,8.704056027999286,8.95805437999934,1,1.0,4.261360191533412
test,503,anomaly_20260823_114124.csv,35,4480,4608,8.960054360999493,9.214064767999844,1,1.0,4.429052019213782
test,504,anomaly_20260823_114124.csv,36,4608,4736,9.216059768999912,9.470053878999352,1,1.0,3.8959081616261053
test,505,anomaly_20260823_114124.csv,37,4736,4864,9.47205395399942,9.726061711999137,1,1.0,3.7248487933763195
test,506,anomaly_20260823_114124.csv,38,4864,4992,9.72805565699946,9.982060081999409,1,1.0,3.668772447490634
test,507,anomaly_20260823_114124.csv,39,4992,5120,9.984057600999222,10.238054691999425,1,1.0,3.5487373418745087
test,508,anomaly_20260823_114124.csv,40,5120,5248,10.240054470999894,10.49405930299963,1,1.0,3.0254112277297245
test,509,anomaly_20260823_114124.csv,41,5248,5376,10.496055433000038,10.75005454299935,1,1.0,3.2652058806867594
test,510,anomaly_20260823_114124.csv,42,5376,5504,10.752054320999378,11.006054115999175,1,1.0,4.1792115782712855
test,511,anomaly_20260823_114124.csv,43,5504,5632,11.008054393999371,11.262054076999448,1,1.0,8.874009178759783
test,512,anomaly_20260823_114124.csv,44,5632,5760,11.264055577999898,11.518054075999316,1,1.0,27.23935852370668
test,513,anomaly_20260823_114124.csv,45,5760,5888,11.52005403899966,11.77405938999982,1,1.0,7.567274128135447
test,514,anomaly_20260823_114124.csv,46,5888,6016,11.776055500999972,12.03005390599992,1,1.0,0.24484258036036735
test,515,anomaly_20260823_114124.csv,47,6016,6144,12.032054128999334,12.2860539229996,1,1.0,0.8180098856770964
test,516,anomaly_20260823_114124.csv,48,6144,6272,12.288054200999795,12.542054161999658,1,1.0,10.35613715588142
test,517,anomaly_20260823_114124.csv,49,6272,6400,12.544056698999157,12.79805493799995,1,1.0,20.369999418869458
test,518,anomaly_20260823_114124.csv,50,6400,6528,12.800054382999406,13.05405724999946,1,1.0,11.385576009954093
test,519,anomaly_20260823_114124.csv,51,6528,6656,13.056054472999676,13.310053988999243,1,1.0,6.634922200962744
test,520,anomaly_20260823_114124.csv,52,6656,6784,13.312054155999247,13.56605443099943,1,1.0,3.9111777286603266
test,521,anomaly_20260823_114124.csv,53,6784,6912,13.568054226999266,13.822054188000038,1,1.0,2.308502059522207
test,522,anomaly_20260823_114124.csv,54,6912,7040,13.824061243999497,14.078055647999465,1,1.0,2.56352630566217
test,523,anomaly_20260823_114124.csv,55,7040,7168,14.080057814999236,14.33406118199946,1,1.0,4.19042184125404
test,524,anomaly_20260823_114124.csv,56,7168,7296,14.336057681999591,14.590054326999962,1,1.0,3.4648642544307435
test,525,anomaly_20260823_114124.csv,57,7296,7424,14.59205453100003,14.846057194999958,1,1.0,3.0254498044484137
test,526,anomaly_20260823_114124.csv,58,7424,7552,14.848054675999265,15.102062431999911,1,1.0,7.379618610924865
test,527,anomaly_20260823_114124.csv,59,7552,7680,15.104061672999704,15.358053872999337,1,1.0,5.079733579045221
test,528,anomaly_20260823_114124.csv,60,7680,7808,15.36005383599968,15.614060480999797,1,1.0,6.28157076618205
test,529,anomaly_20260823_114124.csv,61,7808,7936,15.61605742499978,15.87005386599958,1,1.0,10.756199249251912
test,530,anomaly_20260823_114124.csv,62,7936,8064,15.872054032999586,16.126056972999322,1,1.0,3.976537156215457
test,531,anomaly_20260823_114124.csv,63,8064,8192,16.128054973999497,16.38205385799938,1,1.0,9.50846380007558
test,532,anomaly_20260823_114124.csv,64,8192,8320,16.384054857999217,16.638053816999673,1,1.0,5.390864560015849
test,533,anomaly_20260823_114124.csv,65,8320,8448,16.640054039999995,16.894060349999563,1,1.0,10.904465526501554
test,534,anomaly_20260823_114124.csv,66,8448,8576,16.896057164999547,17.150053937999473,1,1.0,5.637802224090024
test,535,anomaly_20260823_114124.csv,67,8576,8704,17.15205410499948,17.406058340999152,1,1.0,9.471189986409627
test,536,anomaly_20260823_114124.csv,68,8704,8832,17.40805447099956,17.66205381799955,1,1.0,8.270104475635586
test,537,anomaly_20260823_114124.csv,69,8832,8960,17.664055873999132,17.918054035999376,1,1.0,6.951096907909853
test,538,anomaly_20260823_114124.csv,70,8960,9088,17.92005422099919,18.17405501199937,1,1.0,10.65143272135632
test,539,anomaly_20260823_114124.csv,71,9088,9216,18.17605441999968,18.43005387699941,1,1.0,4.376830869311182
test,540,anomaly_20260823_114124.csv,72,9216,9344,18.43205411799954,18.68605622399992,1,1.0,9.102347549286728
test,541,anomaly_20260823_114124.csv,73,9344,9472,18.688057724999453,18.942054182,1,1.0,4.143536434866121
test,542,anomaly_20260823_114124.csv,74,9472,9600,18.944059607999407,19.198054305999904,1,1.0,10.37951409276576
test,543,anomaly_20260823_114124.csv,75,9600,9728,19.200054398999782,19.454059392999625,1,1.0,2.5237113295345055
test,544,anomaly_20260823_114124.csv,76,9728,9856,19.45605548599997,19.71005392499956,1,1.0,9.003435213243847
test,545,anomaly_20260823_114124.csv,77,9856,9984,19.712054035999245,19.966057196999827,1,1.0,3.057256150508929
test,546,anomaly_20260823_114124.csv,78,9984,10112,19.968054252,20.22205393099921,1,1.0,5.2620486487520095
test,547,anomaly_20260823_114124.csv,79,10112,10240,20.22406233899983,20.4780542769995,1,1.0,3.978077587811678
test,548,anomaly_20260823_114124.csv,80,10240,10368,20.4800539809994,20.73406999299914,1,1.0,8.897934520784693
test,549,anomaly_20260823_114124.csv,81,10368,10496,20.73606330799976,20.9900538389993,1,1.0,4.894935380519333
test,550,anomaly_20260823_114124.csv,82,10496,10624,20.99205380199965,21.24606338800004,1,1.0,4.2230723979561775
test,551,anomaly_20260823_114124.csv,83,10624,10752,21.248055683999155,21.50205367699982,1,1.0,4.543523481334712
test,552,anomaly_20260823_114124.csv,84,10752,10880,21.50405936299921,21.75806159699914,1,1.0,5.2038816051980135
test,553,anomaly_20260823_114124.csv,85,10880,11008,21.76005513399923,22.01405882999916,1,1.0,5.965568267158285
test,554,anomaly_20260823_114124.csv,86,11008,11136,22.016055552999205,22.270090174999496,1,1.0,5.221665560457168
test,555,anomaly_20260823_114124.csv,87,11136,11264,22.27205471199977,22.526055908999297,1,1.0,4.133062810352082
test,556,anomaly_20260823_114124.csv,88,11264,11392,22.528054390999387,22.78205408699978,1,1.0,3.444053436320118
test,557,anomaly_20260823_114124.csv,89,11392,11520,22.784059345999594,23.038054430999185,1,1.0,9.645153442544464
test,558,anomaly_20260823_114124.csv,90,11520,11648,23.04005457999937,23.294056515999728,1,1.0,12.061723256663148
test,559,anomaly_20260823_114124.csv,91,11648,11776,23.296055089999754,23.550055359999533,1,1.0,5.982608968106281
test,560,anomaly_20260823_114124.csv,92,11776,11904,23.55205424899941,23.80605444499997,1,1.0,2.5308824112635193
test,561,anomaly_20260823_114124.csv,93,11904,12032,23.80805909399988,24.062054029999672,1,1.0,0.38459802603182824
test,562,anomaly_20260823_114124.csv,94,12032,12160,24.06405949299915,24.318053965999752,1,1.0,0.4473096582355958
test,563,anomaly_20260823_114124.csv,95,12160,12288,24.320053984999504,24.57405488399945,1,1.0,1.067617711050094
test,564,anomaly_20260823_114124.csv,96,12288,12416,24.57605403199977,24.83005394999964,1,1.0,0.5565234815176409
test,565,anomaly_20260823_114124.csv,97,12416,12544,24.832053949999136,25.086055404000035,1,1.0,1.6347198479845109
test,566,anomaly_20260823_114124.csv,98,12544,12672,25.08805455199945,25.342054098999142,1,1.0,5.491907419622142
test,567,anomaly_20260823_114124.csv,99,12672,12800,25.34406135899917,25.59805423799935,1,1.0,5.992184373627727
test,568,anomaly_20260823_114124.csv,100,12800,12928,25.600054460999672,25.85405739599992,1,1.0,1.5676414943307577
test,569,anomaly_20260823_114124.csv,101,12928,13056,25.8560543779995,26.110054757999933,1,1.0,0.2975025860044503
test,570,anomaly_20260823_114124.csv,102,13056,13184,26.112054573000023,26.36605380399942,1,1.0,2.453370534940703
test,571,anomaly_20260823_114124.csv,103,13184,13312,26.368053933999363,26.622054127999945,1,1.0,2.788820953973603
test,572,anomaly_20260823_114124.csv,104,13312,13440,26.62405492499965,26.878053914999327,1,1.0,0.5040176035103249
test,573,anomaly_20260823_114124.csv,105,13440,13568,26.88005415599946,27.13405620199956,1,1.0,1.0314938119148565
test,574,anomaly_20260823_114124.csv,106,13568,13696,27.136054386999604,27.390064580999933,1,1.0,1.2370774544511605
test,575,anomaly_20260823_114124.csv,107,13696,13824,27.39205500699973,27.646054255999843,1,1.0,1.2882523262037846
test,576,anomaly_20260823_114124.csv,108,13824,13952,27.64806159,27.902056708999226,1,1.0,0.9762133480054245
test,577,anomaly_20260823_114124.csv,109,13952,14080,27.904062875999443,28.15805392099992,1,1.0,0.2872819450711015
test,578,anomaly_20260823_114124.csv,110,14080,14208,28.160054198999205,28.41405992999989,1,1.0,0.21495043947060996
test,579,anomaly_20260823_114124.csv,111,14208,14336,28.4160574109992,28.670054289999825,1,1.0,0.30059439862499754
test,580,anomaly_20260823_114124.csv,112,14336,14464,28.672054178999133,28.92605520500001,1,1.0,0.4601067367378408
test,581,anomaly_20260823_114124.csv,113,14464,14592,28.92805420499917,29.182053842999267,1,1.0,0.4678444377515613
test,582,anomaly_20260823_114124.csv,114,14592,14720,29.18405465799969,29.43805397999949,1,1.0,0.9792493021156806
test,583,anomaly_20260823_114124.csv,115,14720,14848,29.440054090999183,29.69405850599924,1,1.0,3.3686785841943823
test,584,anomaly_20260823_114124.csv,116,14848,14976,29.69605576599952,29.950053865999507,1,1.0,3.1346830647496993
test,585,anomaly_20260823_114124.csv,117,14976,15104,29.95205401399926,30.206058927999948,1,1.0,1.8497872885656055
test,586,anomaly_20260823_114124.csv,118,15104,15232,30.20805528099936,30.46205749099954,1,1.0,1.7406849623756446
test,587,anomaly_20260823_114124.csv,119,15232,15360,30.464066731999992,30.718056257999702,1,1.0,1.7684372038657632
test,588,anomaly_20260823_114124.csv,120,15360,15488,30.72005379499933,30.97405639399949,1,1.0,1.2831335358827722
test,589,anomaly_20260823_114124.csv,121,15488,15616,30.976054708999985,31.230052585999147,1,1.0,1.282450080178915
test,590,anomaly_20260823_114124.csv,122,15616,15744,31.23205303099985,31.486052833999565,1,1.0,1.6751214191039399
test,591,anomaly_20260823_114124.csv,123,15744,15872,31.488052777999656,31.74205256299956,1,1.0,0.7003149161045371
test,592,anomaly_20260823_114124.csv,124,15872,16000,31.74405365499933,31.998052994999853,1,1.0,3.838194108592347
test,593,anomaly_20260823_114124.csv,125,16000,16128,32.00005275499916,32.25405509399934,1,1.0,23.52705192015397
test,594,anomaly_20260823_114124.csv,126,16128,16256,32.256053019999854,32.51005259999965,1,1.0,27.521236606213886
test,595,anomaly_20260823_114124.csv,127,16256,16384,32.51205276699966,32.76605273599944,1,1.0,7.329043604121655
test,596,anomaly_20260823_114124.csv,128,16384,16512,32.76805269899978,33.02205266799956,1,1.0,0.9081645691944148
test,597,anomaly_20260823_114124.csv,129,16512,16640,33.02405522299978,33.27805272899968,1,1.0,1.1443389940843112
test,598,anomaly_20260823_114124.csv,130,16640,16768,33.28005269200003,33.53405469799964,1,1.0,6.539669819735612
test,599,anomaly_20260823_114124.csv,131,16768,16896,33.53605286399943,33.79005261099974,1,1.0,14.222975349189559
test,600,anomaly_20260823_114124.csv,132,16896,17024,33.79205290699974,34.046052652999606,1,1.0,6.731080027352921
test,601,anomaly_20260823_114124.csv,133,17024,17152,34.04805278299955,34.302052565999475,1,1.0,0.6664904185675292
test,602,anomaly_20260823_114124.csv,134,17152,17280,34.30405517700001,34.558052551999936,1,1.0,1.2341849891793346
test,603,anomaly_20260823_114124.csv,135,17280,17408,34.56005270099922,34.81405711299976,1,1.0,2.561193414409433
test,604,anomaly_20260823_114124.csv,136,17408,17536,34.81605353899977,35.07005302499965,1,1.0,0.5612801880616715
test,605,anomaly_20260823_114124.csv,137,17536,17664,35.07205282199993,35.3260530109992,1,1.0,2.3934603175604017
test,606,anomaly_20260823_114124.csv,138,17664,17792,35.328052807999484,35.582054089999474,1,1.0,9.807174648163672
test,607,anomaly_20260823_114124.csv,139,17792,17920,35.58405575699999,35.83805433499947,1,1.0,1.6900268146690773
test,608,anomaly_20260823_114124.csv,140,17920,18048,35.84005431699916,36.09405541399974,1,1.0,3.7147829455653514
test,609,anomaly_20260823_114124.csv,141,18048,18176,36.09605450699928,36.35005388099944,1,1.0,5.825138680651409
test,610,anomaly_20260823_114124.csv,142,18176,18304,36.352054047999445,36.60605418099931,1,1.0,3.990943632979679
test,611,anomaly_20260823_114124.csv,143,18304,18432,36.60805418199925,36.86205411099945,1,1.0,6.166218925459835
test,612,anomaly_20260823_114124.csv,144,18432,18560,36.864055666999775,37.118054133999976,1,1.0,2.291596376172407
test,613,anomaly_20260823_114124.csv,145,18560,18688,37.12005417099954,37.37405934099934,1,1.0,3.220749950863535
test,614,anomaly_20260823_114124.csv,146,18688,18816,37.37605523000002,37.630054195999946,1,1.0,4.272758605190721
test,615,anomaly_20260823_114124.csv,147,18816,18944,37.63205467799981,37.88605560699944,1,1.0,3.2934129584038323
test,616,anomaly_20260823_114124.csv,148,18944,19072,37.88805482999942,38.14205861099981,1,1.0,3.2191364194170546
test,617,anomaly_20260823_114124.csv,149,19072,19200,38.14406238899937,38.398063279999405,1,1.0,2.526949284135787
test,618,anomaly_20260823_114124.csv,150,19200,19328,38.4000573179992,38.65405574599936,1,1.0,3.1240707493564615
test,619,anomaly_20260823_114124.csv,151,19328,19456,38.65605443200002,38.91005411999959,1,1.0,3.685361643114529
test,620,anomaly_20260823_114124.csv,152,19456,19584,38.912054452999655,39.16605408499981,1,1.0,4.955788930266105
test,621,anomaly_20260823_114124.csv,153,19584,19712,39.16805432599995,39.422070235999854,1,1.0,2.226830560149357
test,622,anomaly_20260823_114124.csv,154,19712,19840,39.4240616069992,39.67805403499915,1,1.0,6.878861275532199
test,623,anomaly_20260823_114124.csv,155,19840,19968,39.68005401699975,39.934055852999336,1,1.0,40.558140420883625
test,624,anomaly_20260823_114124.csv,156,19968,20096,39.93605450099949,40.190054631999374,1,1.0,46.07248993232497
test,625,anomaly_20260823_114124.csv,157,20096,20224,40.19205437299934,40.44605493099971,1,1.0,22.474992292477207
test,626,anomaly_20260823_114124.csv,158,20224,20352,40.44805415299925,40.70205421099945,1,1.0,4.3473104954718425
test,627,anomaly_20260823_114124.csv,159,20352,20480,40.70405572899927,40.958054267999614,1,1.0,0.1771191037404759
test,628,anomaly_20260823_114124.csv,160,20480,20608,40.96005434199924,41.214063159000034,1,1.0,0.48049058036838677
test,629,anomaly_20260823_114124.csv,161,20608,20736,41.21605856599945,41.47005391999937,1,1.0,0.7076057414112608
test,630,anomaly_20260823_114124.csv,162,20736,20864,41.472054068000034,41.72605562499939,1,1.0,0.2812692505086414
test,631,anomaly_20260823_114124.csv,163,20864,20992,41.72805443999914,41.98205412599964,1,1.0,1.5026767453114
test,632,anomaly_20260823_114124.csv,164,20992,21120,41.98406010799954,42.238054608999846,1,1.0,2.9667490524441384
test,633,anomaly_20260823_114124.csv,165,21120,21248,42.24005451699941,42.49405942499925,1,1.0,1.9007991869971879
test,634,anomaly_20260823_114124.csv,166,21248,21376,42.49605573999997,42.75005392599997,1,1.0,2.1298368908511365
test,635,anomaly_20260823_114124.csv,167,21376,21504,42.75205409299997,43.006054370999664,1,1.0,3.3822626854494047
test,636,anomaly_20260823_114124.csv,168,21504,21632,43.0080553709995,43.26205387199934,1,1.0,2.188815117521573
test,637,anomaly_20260823_114124.csv,169,21632,21760,43.26405777899981,43.51805381699978,1,1.0,1.4097489268075327
test,638,anomaly_20260823_114124.csv,170,21760,21888,43.52005403899966,43.77406352099933,1,1.0,2.9223448240034173
test,639,anomaly_20260823_114124.csv,171,21888,22016,43.7760604289997,44.03005778099941,1,1.0,11.044067291914653
test,640,anomaly_20260823_114124.csv,172,22016,22144,44.03205437399993,44.28605370699916,1,1.0,8.72070180133998
test,641,anomaly_20260823_114124.csv,173,22144,22272,44.28805392899994,44.542054002999976,1,1.0,24.91193538659718
test,642,anomaly_20260823_114124.csv,174,22272,22400,44.544083984999816,44.79805898499944,1,1.0,28.96198258631436
test,643,anomaly_20260823_114124.csv,175,22400,22528,44.80005472599987,45.054059595999206,1,1.0,29.673647499410436
test,644,anomaly_20260823_114124.csv,176,22528,22656,45.05605579999974,45.31005311399986,1,1.0,12.133432867686173
test,645,anomaly_20260823_114124.csv,177,22656,22784,45.31205376199978,45.5660582799992,1,1.0,2.466843227795465
test,646,anomaly_20260823_114124.csv,178,22784,22912,45.56805772499956,45.82205676099966,1,1.0,0.8098881921455737
test,647,anomaly_20260823_114124.csv,179,22912,23040,45.82406689099935,46.07805316799932,1,1.0,0.36043789653120584
test,648,anomaly_20260823_114124.csv,180,23040,23168,46.08005335300004,46.334053814999606,1,1.0,0.9937750746003351
test,649,anomaly_20260823_114124.csv,181,23168,23296,46.33606042599968,46.59005422199971,1,1.0,0.23034852296751693
test,650,anomaly_20260823_114124.csv,182,23296,23424,46.59205523999936,46.84606281299966,1,1.0,1.203978898268825
test,651,anomaly_20260823_114124.csv,183,23424,23552,46.84805823899933,47.10206286799985,1,1.0,2.0572775639282477
test,652,anomaly_20260823_114124.csv,184,23552,23680,47.104059737999705,47.35805858799995,1,1.0,3.851801692945363
test,653,anomaly_20260823_114124.csv,185,23680,23808,47.36005379199924,47.61405256799935,1,1.0,4.9267516478158955
test,654,anomaly_20260823_114124.csv,186,23808,23936,47.61605517999942,47.87005451200002,1,1.0,5.008347592314313
test,655,anomaly_20260823_114124.csv,187,23936,24064,47.87205314099992,48.12605521299975,1,1.0,8.865721749320029
test,656,anomaly_20260823_114124.csv,188,24064,24192,48.12805295399994,48.382052637000015,1,1.0,5.772141780886656
test,657,anomaly_20260823_114124.csv,189,24192,24320,48.38405380399945,48.63805559799948,1,1.0,11.190066595706185
test,658,anomaly_20260823_114124.csv,190,24320,24448,48.64005315399936,48.89405255899965,1,1.0,11.537325766489992
test,659,anomaly_20260823_114124.csv,191,24448,24576,48.8960536149998,49.15005261299939,1,1.0,9.30485681350087
test,660,anomaly_20260823_114124.csv,192,24576,24704,49.152052630999606,49.40605879499981,1,1.0,9.532251259878421
test,661,anomaly_20260823_114124.csv,193,24704,24832,49.40805364699918,49.66205297799934,1,1.0,10.8653534713131
test,662,anomaly_20260823_114124.csv,194,24832,24960,49.66405310799928,49.91805254999963,1,1.0,10.271587732065607
test,663,anomaly_20260823_114124.csv,195,24960,25088,49.92005277199951,50.17405458399935,1,1.0,8.744378652042391
test,664,anomaly_20260823_114124.csv,196,25088,25216,50.176054861999546,50.430053988999134,1,1.0,10.982831820621263
test,665,anomaly_20260823_114124.csv,197,25216,25344,50.432054154999605,50.68605798599947,1,1.0,11.285446153231412
test,666,anomaly_20260823_114124.csv,198,25344,25472,50.6880546149996,50.94205418599995,1,1.0,9.932357833128426
test,667,anomaly_20260823_114124.csv,199,25472,25600,50.94405431599989,51.198066293999545,1,1.0,9.910640015260148
test,668,anomaly_20260823_114124.csv,200,25600,25728,51.200058090999846,51.454055753999455,1,1.0,10.426580139485395
test,669,anomaly_20260823_114124.csv,201,25728,25856,51.45606043899989,51.71008299099958,1,1.0,11.09767599741796
test,670,anomaly_20260823_114124.csv,202,25856,25984,51.71207417599999,51.96609111699945,1,1.0,9.08379852558634
test,671,anomaly_20260823_114124.csv,203,25984,26112,51.968063338999855,52.22205298399968,1,1.0,6.605475952563286
test,672,anomaly_20260823_114124.csv,204,26112,26240,52.22405831699962,52.47805309099931,1,1.0,8.282278527739601
test,673,anomaly_20260823_114124.csv,205,26240,26368,52.48005294299946,52.73411290199965,1,1.0,7.416320072122933
test,674,anomaly_20260823_114124.csv,206,26368,26496,52.73725582799944,52.99005267499979,1,1.0,4.614920959088825
test,675,anomaly_20260823_114124.csv,207,26496,26624,52.99205624999922,53.24605830099972,1,1.0,5.103968327739158
test,676,anomaly_20260823_114124.csv,208,26624,26752,53.24805626399939,53.502052629999525,1,1.0,1.744451041233227
test,677,anomaly_20260823_114124.csv,209,26752,26880,53.50405259299987,53.7580626809995,1,1.0,5.385399531381078
test,678,anomaly_20260823_114124.csv,210,26880,27008,53.76005421799982,54.01405371299916,1,1.0,5.081585532537076
test,679,anomaly_20260823_114124.csv,211,27008,27136,54.016054694999184,54.27005268999983,1,1.0,6.063901405095369
test,680,anomaly_20260823_114124.csv,212,27136,27264,54.272052652999264,54.526052925999466,1,1.0,4.034432479789383
test,681,anomaly_20260823_114124.csv,213,27264,27392,54.52805268499924,54.78205258799972,1,1.0,6.019045312262051
test,682,anomaly_20260823_114124.csv,214,27392,27520,54.78405282899985,55.038052693999816,1,1.0,5.749827876038978
test,683,anomaly_20260823_114124.csv,215,27520,27648,55.04005271200003,55.294058687999495,1,1.0,9.744404983885794
test,684,anomaly_20260823_114124.csv,216,27648,27776,55.29606948499986,55.55005305299983,1,1.0,9.873081306663487
test,685,anomaly_20260823_114124.csv,217,27776,27904,55.55205286799992,55.806053510999845,1,1.0,12.502719882693176
test,686,anomaly_20260823_114124.csv,218,27904,28032,55.80805351099934,56.06209904199932,1,1.0,11.759415568653916
test,687,anomaly_20260823_114124.csv,219,28032,28160,56.06406202399921,56.31805440699918,1,1.0,13.340935952115538
test,688,anomaly_20260823_114124.csv,220,28160,28288,56.320052887999736,56.57407612299994,1,1.0,15.709590538698649
test,689,anomaly_20260823_114124.csv,221,28288,28416,56.57606412299992,56.83005426499949,1,1.0,7.669745156672907
test,690,anomaly_20260823_114124.csv,222,28416,28544,56.832055042999855,57.08606005599995,1,1.0,27.190428145363814
test,691,anomaly_20260823_114124.csv,223,28544,28672,57.0880554259993,57.342053585999565,1,1.0,15.155377953842807
test,692,anomaly_20260823_114124.csv,224,28672,28800,57.344053511999846,57.59805557999971,1,1.0,2.591339960551726
test,693,anomaly_20260823_114124.csv,225,28800,28928,57.60005457999978,57.854053887999726,1,1.0,2.093241717083496
test,694,anomaly_20260823_114124.csv,226,28928,29056,57.85605585099984,58.110053807999975,1,1.0,7.304409858317499
test,695,anomaly_20260823_114124.csv,227,29056,29184,58.11205399299979,58.3660558749998,1,1.0,4.670847749263643
test,696,anomaly_20260823_114124.csv,228,29184,29312,58.368054004999976,58.62205420099963,1,1.0,5.253336730578404
test,697,anomaly_20260823_114124.csv,229,29312,29440,58.6240538309994,58.87805528699937,1,1.0,11.042616460140835
test,698,anomaly_20260823_114124.csv,230,29440,29568,58.88005426899963,59.13405403899924,1,1.0,2.476813211806425
test,699,anomaly_20260823_114124.csv,231,29568,29696,59.13606372399954,59.39005434699993,1,1.0,1.1761445544366442
test,700,anomaly_20260823_114124.csv,232,29696,29824,59.39205423599924,59.64605837599993,1,1.0,4.2105524737566595
test,701,anomaly_20260823_114124.csv,233,29824,29952,59.64805791299932,59.90205379500003,1,1.0,0.8382616832148134
